A,B,n,beta_AB,t_AB,p_AB,L_strict,L_loose,S_undir,A_name,B_name
1000,2000,859,-0.03199250957360059,-0.38269477496990706,0.7019460890480764,0,0,0,水泥,造紙
1000,3000,859,-0.05954634096995444,-0.9844106154021527,0.3249136607274712,0,0,0,水泥,汽車
1000,4100,859,-0.09242709031842572,-1.0280593915819884,0.3039218910636132,0,0,0,水泥,太空衛星科技
1000,5100,859,-0.08870033874190021,-1.022352464808867,0.3066141101142391,0,0,0,水泥,區塊鏈
1000,5200,859,-0.06690775386484453,-0.839784021197208,0.40102949414670175,0,0,0,水泥,金融科技
1000,5300,859,-0.0691324089088508,-0.9815675790086511,0.32631292627080544,0,0,0,水泥,人工智慧
1000,5400,859,-0.06439354271159173,-0.9060054787044727,0.3649329525966082,0,0,0,水泥,雲端運算
1000,5500,859,-0.0652726240039594,-0.9364579928288329,0.34903743113934105,0,0,0,水泥,資通訊安全
1000,5600,859,-0.08468647515092871,-1.17930290333523,0.238277582584571,0,0,0,水泥,大數據
1000,5700,859,-0.050576495589045437,-0.6635798570866555,0.5069592528948141,0,0,0,水泥,體驗科技
1000,5800,859,-0.027458762490783963,-0.382947192009092,0.7017589194159317,0,0,0,水泥,運動科技
1000,6000,859,-0.09175280966742157,-1.1301073718212518,0.25843098384190233,0,0,0,水泥,自動化
1000,B000,859,-0.089296342116021,-1.240764610378424,0.21469271827401804,0,0,0,水泥,休閒娛樂
1000,C100,859,0.0954859626440729,1.0437050083809871,0.296621891946102,0,0,0,水泥,製藥
1000,C200,859,-0.00606304325188179,-0.08734793259377044,0.9303949548848081,0,0,0,水泥,醫療器材
1000,C300,859,0.10200197472311513,1.2271021876056039,0.21978418575758185,0,0,0,水泥,食品生技
1000,C400,859,0.07362619478140292,0.7598084291503187,0.4473691036923553,0,0,0,水泥,再生醫療
1000,D000,859,-0.07299991654211044,-0.785275527582145,0.4322920410425686,0,0,0,水泥,半導體
1000,F000,859,-0.05823913878563313,-0.6762500454266428,0.49888190329710547,0,0,0,水泥,電腦週邊
1000,G000,859,-0.04309541985378749,-0.5223428579410664,0.6014316339729603,0,0,0,水泥,平面顯示器
1000,H000,859,-0.04487242005644298,-0.5535712227801122,0.579872324965568,0,0,0,水泥,觸控面板
1000,I000,859,-0.05771541584797225,-0.7027935778215066,0.4821844000724076,0,0,0,水泥,通信網路
1000,J000,859,-0.037372683677757396,-0.41495765718848066,0.6781729005320345,0,0,0,水泥,被動元件
1000,K000,859,-0.09143237495367133,-1.155180796777218,0.24801639684150556,0,0,0,水泥,連接器
1000,L000,859,-0.09839355993105461,-1.2071982687855431,0.22735579702094966,0,0,0,水泥,印刷電路板
1000,M000,859,0.010551256352012485,0.19614472869800076,0.844496887721748,0,0,0,水泥,食品
1000,N000,859,-0.06878532828338002,-1.1054052003143229,0.2689840514343008,0,0,0,水泥,石化及塑橡膠
1000,O000,859,-0.013779619146064948,-0.21228860862706855,0.8318818819058748,0,0,0,水泥,紡織
1000,P000,859,-0.05075542999188782,-0.8899702227357849,0.373481875331272,0,0,0,水泥,電機機械
1000,Q000,859,-0.09887826354056184,-1.3966425258851605,0.16252109541067528,0,0,0,水泥,鋼鐵
1000,R000,859,-0.05428523118917214,-0.8906464782272685,0.37311885635303,0,0,0,水泥,軟體服務
1000,R300,859,-0.08894917910578817,-1.3336083928672764,0.18233223092628992,0,0,0,水泥,電子商務
1000,S000,859,-0.04719290623707417,-0.6453746510154186,0.5186844264457049,1,3,3,水泥,建材營造
1000,T000,859,-0.10593657136943543,-1.125786578248553,0.26025586661795175,0,0,1,水泥,交通運輸及航運
1000,U000,859,-0.09706331044497143,-1.1346144714550925,0.25653688703143074,0,0,1,水泥,金融
1000,V000,859,-0.021655506603710593,-0.35489835467750375,0.7226657411284243,0,0,0,水泥,貿易百貨
1000,W000,859,-0.010062029807645737,-0.27069942412707265,0.7866222197595665,0,0,0,水泥,油電燃氣
1000,X000,859,-0.038595979111612486,-0.6111462473778471,0.5411027652111775,0,0,1,水泥,其他
1000,Y000,859,-0.021497663345254516,-0.3349361079278718,0.7376732834757622,0,0,0,水泥,文化創意
2000,1000,859,0.07224103828720346,1.3295170031963492,0.18367745993107187,0,0,0,造紙,水泥
2000,3000,859,0.02206252881188423,0.45148969576169495,0.6516366499521671,0,0,0,造紙,汽車
2000,4100,859,0.0382961312613835,0.6374555046384954,0.5238281841212549,0,0,0,造紙,太空衛星科技
2000,5100,859,0.018604759821159184,0.2993067130564183,0.7647060329631863,0,0,0,造紙,區塊鏈
2000,5200,859,0.010281543790985054,0.17250282661259975,0.8630422393565519,0,0,0,造紙,金融科技
2000,5300,859,0.020467760473718823,0.4200777431354408,0.6744286612928991,0,0,0,造紙,人工智慧
2000,5400,859,0.009142007924863844,0.18452106044969913,0.8536047069641983,0,0,0,造紙,雲端運算
2000,5500,859,-0.014317505971648731,-0.2973348211058873,0.7662108996627841,0,0,1,造紙,資通訊安全
2000,5600,859,0.02049582122187962,0.39048559690576756,0.696177503702762,0,0,0,造紙,大數據
2000,5700,859,0.04383862662572025,0.8503086568613015,0.3951535048721102,0,0,0,造紙,體驗科技
2000,5800,859,0.031532628225544264,0.6980262711310086,0.4851607647355174,0,0,0,造紙,運動科技
2000,6000,859,0.05842836114421388,1.090843141519933,0.2753419095885633,0,0,0,造紙,自動化
2000,B000,859,0.02887670377931964,0.5359463167920774,0.5919956526121828,0,0,0,造紙,休閒娛樂
2000,C100,859,-0.0019417922558847276,-0.02739164040157434,0.9781473657417521,0,1,1,造紙,製藥
2000,C200,859,0.026340560835842006,0.5071157937298004,0.6120735739012333,0,0,0,造紙,醫療器材
2000,C300,859,0.040807534563299906,0.6687384321494347,0.5036623470087219,0,0,0,造紙,食品生技
2000,C400,859,0.04238158955565674,0.6176505631573205,0.5368057064807954,0,0,0,造紙,再生醫療
2000,D000,859,0.05079579221234583,0.869529572964278,0.3845575399487735,0,0,0,造紙,半導體
2000,F000,859,0.035784767492657465,0.6810595286627997,0.4958338241313538,0,0,1,造紙,電腦週邊
2000,G000,859,0.05762184155700511,1.0638571610048748,0.2873934120657443,0,0,0,造紙,平面顯示器
2000,H000,859,0.04488663270198409,0.8370472618426692,0.4025660026915172,0,0,0,造紙,觸控面板
2000,I000,859,0.030874877714184866,0.5924058602256514,0.5535788430708868,0,0,0,造紙,通信網路
2000,J000,859,0.055081824925883004,0.9304091007434837,0.3521593083372644,0,0,0,造紙,被動元件
2000,K000,859,0.03853649607967791,0.7523373980941674,0.4518481831256068,0,0,0,造紙,連接器
2000,L000,859,0.03370413883229806,0.5984810364891228,0.5495190085757231,0,1,1,造紙,印刷電路板
2000,M000,859,0.0561360058066399,1.4012572773467011,0.16113715182442534,0,0,0,造紙,食品
2000,N000,859,0.021071699822877085,0.4699246782922094,0.63840883216073,0,0,1,造紙,石化及塑橡膠
2000,O000,859,0.033176624944551654,0.7361490516148669,0.4616399940619499,0,0,0,造紙,紡織
2000,P000,859,0.014759989276556827,0.3533690613028625,0.7238117770954532,0,0,0,造紙,電機機械
2000,Q000,859,0.09161564160656041,1.7401238680116708,0.08183727005202308,0,0,0,造紙,鋼鐵
2000,R000,859,0.018296018018014105,0.4186467797539704,0.675474296061067,0,0,1,造紙,軟體服務
2000,R300,859,-0.004871277643510708,-0.09199481516253215,0.9267021590252744,0,0,0,造紙,電子商務
2000,S000,859,0.05041473310691735,1.0680317909006218,0.28550617169638126,0,0,0,造紙,建材營造
2000,T000,859,0.054727382472194205,0.85295562945543,0.39368391041508277,0,0,0,造紙,交通運輸及航運
2000,U000,859,-0.0011159178914733722,-0.021948979989122784,0.9824886537903075,0,0,0,造紙,金融
2000,V000,859,0.03846322019600315,0.9927486270477082,0.320832471089068,0,0,0,造紙,貿易百貨
2000,W000,859,0.008445732949529279,0.33595149175277905,0.7369074465086518,0,0,0,造紙,油電燃氣
2000,X000,859,0.01626197108687509,0.3949992121677623,0.6928434693972851,0,0,2,造紙,其他
2000,Y000,859,0.018050074646978834,0.3385401065443629,0.7349562087123731,0,0,0,造紙,文化創意
3000,1000,859,-0.027962309552093927,-0.2853483514097704,0.7753772728303621,0,0,0,汽車,水泥
3000,2000,859,-0.09524535918843553,-0.715932578383665,0.47403298097096846,0,0,0,汽車,造紙
3000,4100,859,0.14843371290140384,1.044296625051761,0.29634817385679757,0,0,2,汽車,太空衛星科技
3000,5100,859,0.035947166249019766,0.26424249308026154,0.7915930695644054,0,0,0,汽車,區塊鏈
3000,5200,859,0.08524182852653567,0.6494011051996249,0.516079149829477,0,0,0,汽車,金融科技
3000,5300,859,0.032055028018750306,0.2954278432836714,0.7676670661065059,0,0,4,汽車,人工智慧
3000,5400,859,0.039122739997334316,0.38203187183414783,0.7024377240896345,1,1,4,汽車,雲端運算
3000,5500,859,0.08696672898201928,0.8057779536390061,0.42037089212234613,0,0,0,汽車,資通訊安全
3000,5600,859,0.02529261709291071,0.2535320741336794,0.7998570790217245,0,0,1,汽車,大數據
3000,5700,859,-0.015754518309678715,-0.13557180322160337,0.8921597973804659,0,0,5,汽車,體驗科技
3000,5800,859,0.07182079629656872,0.6547133456272438,0.5126523311529472,0,0,4,汽車,運動科技
3000,6000,859,0.056855466303400014,0.44655787029419375,0.6551943200235675,0,0,0,汽車,自動化
3000,B000,859,-0.03732367123473701,-0.3672499315952517,0.7134325973809958,0,0,2,汽車,休閒娛樂
3000,C100,859,-0.010999253211136222,-0.07532322513211379,0.9399575429876724,0,0,0,汽車,製藥
3000,C200,859,0.042934003703959604,0.40729427771281274,0.6837918650906812,0,1,7,汽車,醫療器材
3000,C300,859,-0.009448297653441642,-0.07058313425152322,0.9437295338474146,0,0,0,汽車,食品生技
3000,C400,859,0.11042856599111225,0.6954189091762809,0.48679281373886285,0,0,0,汽車,再生醫療
3000,D000,859,0.07501537754159439,0.5877229832643784,0.5567182462051948,0,0,6,汽車,半導體
3000,F000,859,0.014150064901158183,0.1220533591705279,0.9028567596132806,1,1,17,汽車,電腦週邊
3000,G000,859,0.03872240193607437,0.33471318810459655,0.7378414520749879,0,0,11,汽車,平面顯示器
3000,H000,859,0.06065558078890366,0.48148020161764543,0.6301752475863157,0,0,3,汽車,觸控面板
3000,I000,859,0.020764034163592127,0.18812235386235673,0.8507807380871973,0,0,7,汽車,通信網路
3000,J000,859,0.07746819379341563,0.6327793742134981,0.5268777277774115,0,0,3,汽車,被動元件
3000,K000,859,0.09008198028842579,0.8198726235682886,0.41228872479227563,0,0,3,汽車,連接器
3000,L000,859,0.08670058583637609,0.75686852382136,0.44912863461388264,0,0,1,汽車,印刷電路板
3000,M000,859,-0.04121907702942945,-0.43739611713589294,0.6618240995841407,0,0,0,汽車,食品
3000,N000,859,0.04112278958416969,0.42768765956159344,0.6688785355415099,0,0,6,汽車,石化及塑橡膠
3000,O000,859,0.015873310340546423,0.15561687563396964,0.8763350221699687,0,0,0,汽車,紡織
3000,P000,859,0.01649146310214375,0.1696289915533959,0.8653019209963481,0,0,21,汽車,電機機械
3000,Q000,859,0.06591760805676754,0.5716051670261221,0.5675894941288488,0,0,0,汽車,鋼鐵
3000,R000,859,-0.017234215187332123,-0.17946251692286447,0.8575745466489576,0,0,1,汽車,軟體服務
3000,R300,859,0.03651635610069921,0.3297778854148982,0.7415677983492898,0,0,0,汽車,電子商務
3000,S000,859,-0.014116585185225758,-0.15241657557118177,0.8788583843984059,0,0,3,汽車,建材營造
3000,T000,859,0.03485846879926426,0.3084824080739682,0.7577152843125194,0,0,0,汽車,交通運輸及航運
3000,U000,859,-0.048682721782205125,-0.4624660313306779,0.6437471564705003,0,0,0,汽車,金融
3000,V000,859,0.03937469082700024,0.4312069018420791,0.6663179359455377,0,0,1,汽車,貿易百貨
3000,W000,859,-0.009587489145914093,-0.1688845993345213,0.8658874131403491,0,0,0,汽車,油電燃氣
3000,X000,859,0.04791841199378637,0.5370658851780649,0.5912221046054942,0,0,12,汽車,其他
3000,Y000,859,-0.08981123605635447,-0.7882409473369582,0.43055578197426936,0,0,0,汽車,文化創意
4100,1000,859,0.09070548810176726,1.146881672512816,0.2514305282921081,0,0,0,太空衛星科技,水泥
4100,2000,859,0.039327940810506855,0.4534413909214277,0.6502309374477786,0,0,0,太空衛星科技,造紙
4100,3000,859,0.03585670073249586,0.5014428369207237,0.616059498473239,0,0,2,太空衛星科技,汽車
4100,5100,859,0.15276102510449166,1.788069840169461,0.07376474076634675,0,0,1,太空衛星科技,區塊鏈
4100,5200,859,0.11575660480630318,1.4436692225497032,0.1488320428607364,0,0,1,太空衛星科技,金融科技
4100,5300,859,0.07575411418955763,1.005634828311133,0.3145912637270004,0,0,5,太空衛星科技,人工智慧
4100,5400,859,0.09986570909967413,1.5152656694485274,0.12970513859725963,0,1,5,太空衛星科技,雲端運算
4100,5500,859,0.06023180555333944,0.8826390891600197,0.37743130171183115,0,0,2,太空衛星科技,資通訊安全
4100,5600,859,0.10787825631287125,1.6259758990009463,0.10395478247771163,0,0,3,太空衛星科技,大數據
4100,5700,859,0.07568483099773914,0.9146376452543602,0.360381888993365,0,0,3,太空衛星科技,體驗科技
4100,5800,859,0.0046682427061082955,0.06746425160872288,0.9462121202456717,0,0,2,太空衛星科技,運動科技
4100,6000,859,0.1498713339513042,1.8803522157217831,0.0600600913420373,0,0,0,太空衛星科技,自動化
4100,B000,859,0.042423467412332515,0.561022453158836,0.5747822307520158,0,0,2,太空衛星科技,休閒娛樂
4100,C100,859,3.493792881139994e-05,0.0003351784870463467,0.9997325662650799,0,0,0,太空衛星科技,製藥
4100,C200,859,0.0482607206129957,0.6594071822855668,0.5096343312466542,0,0,3,太空衛星科技,醫療器材
4100,C300,859,-0.0015052981506935405,-0.016536165168856254,0.9868066503950063,0,0,0,太空衛星科技,食品生技
4100,C400,859,0.05267725439892185,0.5033017990849326,0.6147521017543798,0,0,0,太空衛星科技,再生醫療
4100,D000,859,0.09544441503096945,1.154923624686483,0.24812170399150635,0,0,6,太空衛星科技,半導體
4100,F000,859,0.0755694497521005,1.078672889384398,0.2807335753636392,0,0,4,太空衛星科技,電腦週邊
4100,G000,859,0.07213436917297644,0.9291822328680219,0.35279465349442607,0,0,2,太空衛星科技,平面顯示器
4100,H000,859,0.12498195633496856,1.48242215910577,0.13822800145221684,0,0,2,太空衛星科技,觸控面板
4100,I000,859,0.0765584635255394,1.021615002304613,0.3069631542988879,0,0,10,太空衛星科技,通信網路
4100,J000,859,0.07436379351532557,0.9212123842342632,0.3569395538016361,0,0,1,太空衛星科技,被動元件
4100,K000,859,0.08868147642361217,1.2742303739023226,0.20258178366526114,0,0,2,太空衛星科技,連接器
4100,L000,859,0.10798388146474239,1.4198413251084019,0.15565388100266012,0,0,2,太空衛星科技,印刷電路板
4100,M000,859,0.0380311977328598,0.6214366074795749,0.5343123920753448,0,0,0,太空衛星科技,食品
4100,N000,859,0.058609457769680025,0.90960006252546,0.36303346562286276,0,0,0,太空衛星科技,石化及塑橡膠
4100,O000,859,-0.035575630669051984,-0.5854075786811568,0.5582736940770536,0,0,0,太空衛星科技,紡織
4100,P000,859,0.04094894759634488,0.6478425784931665,0.5170867731380029,0,0,3,太空衛星科技,電機機械
4100,Q000,859,0.056613298164519404,0.8245857813701618,0.4096067965036909,0,0,0,太空衛星科技,鋼鐵
4100,R000,859,0.07752799820483534,1.3147806042466181,0.18858364780001935,0,0,3,太空衛星科技,軟體服務
4100,R300,859,0.10640311411280262,1.387245300217382,0.1653669763725647,0,0,1,太空衛星科技,電子商務
4100,S000,859,0.010748122819195977,0.15782540818522975,0.8745943767386615,0,0,1,太空衛星科技,建材營造
4100,T000,859,0.06973759593942379,0.8776885820049918,0.380112742494233,0,0,0,太空衛星科技,交通運輸及航運
4100,U000,859,0.08754949649911646,1.1988274015476932,0.2305950654283363,0,0,0,太空衛星科技,金融
4100,V000,859,0.024508342932416213,0.37050515306156956,0.711006137739211,0,0,0,太空衛星科技,貿易百貨
4100,W000,859,-0.01749519039124388,-0.5386469108242325,0.59013051214774,0,0,0,太空衛星科技,油電燃氣
4100,X000,859,0.05565899441839352,0.9019532037708583,0.36708172699640784,0,0,1,太空衛星科技,其他
4100,Y000,859,0.03878695651939333,0.4560775573881719,0.648334207935048,0,0,0,太空衛星科技,文化創意
5100,1000,859,0.0874776149992532,2.0568859966577544,0.03969719328953792,0,0,0,區塊鏈,水泥
5100,2000,859,0.12781732507215815,2.3182117438841114,0.020437816093193374,0,0,0,區塊鏈,造紙
5100,3000,859,0.08170151387811483,1.9673764590085239,0.04913982624053737,0,0,0,區塊鏈,汽車
5100,4100,859,0.07118962557537471,1.230285079491872,0.2185903696114153,0,0,1,區塊鏈,太空衛星科技
5100,5200,859,0.08996965260668,1.8014773970757394,0.07162766675418417,0,0,4,區塊鏈,金融科技
5100,5300,859,0.10076246492541087,2.170357724150418,0.029979756813675765,0,0,6,區塊鏈,人工智慧
5100,5400,859,0.08253780408542866,1.9376143536030856,0.05267028997059286,0,0,5,區塊鏈,雲端運算
5100,5500,859,0.04248632022146351,0.9713703057433236,0.3313639099170267,0,0,4,區塊鏈,資通訊安全
5100,5600,859,0.07382251376859211,1.6654834810209456,0.09581633659009141,0,0,4,區塊鏈,大數據
5100,5700,859,0.08430464208957093,1.646546159836034,0.09965136476075655,0,0,2,區塊鏈,體驗科技
5100,5800,859,0.05843398120181869,1.36820494457739,0.17124793432087615,0,0,2,區塊鏈,運動科技
5100,6000,859,0.07922897589587505,1.5344432965034882,0.12492063298595601,0,0,0,區塊鏈,自動化
5100,B000,859,0.05535299631938245,1.2461541542253796,0.21270780654821275,0,0,0,區塊鏈,休閒娛樂
5100,C100,859,0.048803263572422984,0.9254316655173261,0.3547414137787662,0,0,0,區塊鏈,製藥
5100,C200,859,0.04595150294493558,1.1167061764669257,0.2641199761095889,0,0,0,區塊鏈,醫療器材
5100,C300,859,0.03516877509789859,0.7022907810247605,0.48249784133769047,0,0,0,區塊鏈,食品生技
5100,C400,859,-0.025830272043305316,-0.43156441209028434,0.6660580284247319,0,0,0,區塊鏈,再生醫療
5100,D000,859,0.0763914364962359,1.4781623047944927,0.13936434076047424,0,0,1,區塊鏈,半導體
5100,F000,859,0.05887645167416154,1.316272799981177,0.1880824968141448,0,0,5,區塊鏈,電腦週邊
5100,G000,859,0.04969545693907051,1.1017721976767352,0.2705607201889937,0,0,1,區塊鏈,平面顯示器
5100,H000,859,0.05226647635067118,1.1339320805105726,0.2568230391197034,0,0,0,區塊鏈,觸控面板
5100,I000,859,0.06069664238936483,1.3444822782225063,0.17879248332779163,0,0,2,區塊鏈,通信網路
5100,J000,859,0.07271302403151034,1.3461412220444458,0.178256976674257,0,0,0,區塊鏈,被動元件
5100,K000,859,0.04940018910301905,1.1083205096769808,0.26772342095121693,0,0,0,區塊鏈,連接器
5100,L000,859,0.07527001462952765,1.584887947788834,0.11299179531967035,0,0,0,區塊鏈,印刷電路板
5100,M000,859,0.05071593434688892,1.4643129192513313,0.14310846883178707,0,0,0,區塊鏈,食品
5100,N000,859,0.07410438002846256,2.129696683748326,0.033196662962650336,0,0,0,區塊鏈,石化及塑橡膠
5100,O000,859,0.05029767792794286,1.3060899373147046,0.1915219745551371,0,0,0,區塊鏈,紡織
5100,P000,859,0.060517925710155684,1.6619361160920685,0.09652558424036502,0,0,0,區塊鏈,電機機械
5100,Q000,859,0.10138061902211629,2.25132179479022,0.024365163368728328,0,0,0,區塊鏈,鋼鐵
5100,R000,859,0.06988738252773409,1.7633100922476546,0.07784820408393474,0,0,5,區塊鏈,軟體服務
5100,R300,859,0.04564716024826382,1.0254857815813943,0.3051340309185189,0,0,3,區塊鏈,電子商務
5100,S000,859,0.054810230166509745,1.389656502086037,0.16463320938504689,0,0,0,區塊鏈,建材營造
5100,T000,859,0.10905398307929559,2.2507102116206728,0.02440389757692575,0,0,0,區塊鏈,交通運輸及航運
5100,U000,859,0.04855082442622191,1.3117951459723776,0.18958926316321023,0,0,0,區塊鏈,金融
5100,V000,859,0.04236053369345861,1.2151904778524496,0.22429345133671164,0,0,0,區塊鏈,貿易百貨
5100,W000,859,0.0356885840498833,1.7959873878950814,0.07249652288255397,0,0,0,區塊鏈,油電燃氣
5100,X000,859,0.060652960990417684,1.6685448696018512,0.09520761251381415,0,0,1,區塊鏈,其他
5100,Y000,859,0.056826098579144994,1.276099568719595,0.20192032405453386,0,0,2,區塊鏈,文化創意
5200,1000,859,0.07882534366537022,1.9047962291385063,0.056806564258064365,0,0,0,金融科技,水泥
5200,2000,859,0.0669903654297928,1.31780208967866,0.1875699082213953,0,0,0,金融科技,造紙
5200,3000,859,0.03799210372951983,0.9415546369075531,0.3464207039068653,0,0,0,金融科技,汽車
5200,4100,859,0.021926253138279103,0.38632386551021164,0.6992568277431295,0,0,1,金融科技,太空衛星科技
5200,5100,859,0.020020841532668705,0.31716442332593114,0.7511188434331,0,0,4,金融科技,區塊鏈
5200,5300,859,0.012750025935925877,0.20920675823116688,0.8342868368536195,0,0,15,金融科技,人工智慧
5200,5400,859,0.021127826091811373,0.3479544022804095,0.7278744278683107,0,0,15,金融科技,雲端運算
5200,5500,859,0.0067965966738338995,0.10649030171771584,0.9151933497637809,0,0,11,金融科技,資通訊安全
5200,5600,859,0.04945385421774698,0.6935222422017775,0.48798187245738045,0,0,14,金融科技,大數據
5200,5700,859,0.011698660204443545,0.23871620688256295,0.8113256487538474,0,0,1,金融科技,體驗科技
5200,5800,859,-0.01786755139768956,-0.3956117918447509,0.692391436737654,0,0,1,金融科技,運動科技
5200,6000,859,-0.017975311518631347,-0.26414211839495333,0.7916704102303583,0,0,0,金融科技,自動化
5200,B000,859,0.0016585907296756562,0.034592607784539764,0.9724045961070454,0,0,2,金融科技,休閒娛樂
5200,C100,859,-0.06394283086304667,-1.123414486210584,0.2612615002405545,0,0,0,金融科技,製藥
5200,C200,859,-0.020972913473439832,-0.40756010168202417,0.6835966612191824,0,0,1,金融科技,醫療器材
5200,C300,859,-0.06695978855495426,-1.2317249377333606,0.21805185104685887,0,0,0,金融科技,食品生技
5200,C400,859,-0.08839948764439942,-1.2645789547472874,0.20602230113256137,0,0,0,金融科技,再生醫療
5200,D000,859,0.021652515968194428,0.41445877264479913,0.6785381541224489,0,0,0,金融科技,半導體
5200,F000,859,0.005522730894131328,0.11141051554549362,0.9112908217751315,0,0,3,金融科技,電腦週邊
5200,G000,859,0.004310135337412586,0.0856422481500451,0.9317508126487419,0,0,0,金融科技,平面顯示器
5200,H000,859,0.013469874140213342,0.28029116893525186,0.7792541255261596,0,0,0,金融科技,觸控面板
5200,I000,859,0.012105247505296799,0.25679356814301435,0.7973381355009906,0,0,2,金融科技,通信網路
5200,J000,859,0.00976998405824359,0.1623783471877279,0.871007920986387,0,0,0,金融科技,被動元件
5200,K000,859,-0.0009206340320013391,-0.017960538782768366,0.9856703338185661,0,0,0,金融科技,連接器
5200,L000,859,0.02685043056082211,0.5236247293542161,0.6005395779790061,0,0,0,金融科技,印刷電路板
5200,M000,859,0.04294446802286152,1.1522167851563951,0.24923200190377248,0,0,0,金融科技,食品
5200,N000,859,0.017887633726184654,0.4891858498886481,0.6247101264634325,0,0,0,金融科技,石化及塑橡膠
5200,O000,859,-0.011788715318812825,-0.2803315192403535,0.7792231709644305,0,0,0,金融科技,紡織
5200,P000,859,0.0014467752993134661,0.03547655226194791,0.9716997431875322,0,0,0,金融科技,電機機械
5200,Q000,859,0.04366594557923169,0.9762637539891866,0.32893377686519987,0,0,0,金融科技,鋼鐵
5200,R000,859,0.04250800640503684,0.6834806039423491,0.4943032023176901,0,0,18,金融科技,軟體服務
5200,R300,859,0.03570020712965371,0.7110134029904854,0.47707593027699713,0,0,15,金融科技,電子商務
5200,S000,859,0.007766165189301133,0.19653165891827715,0.8441940555796301,0,0,0,金融科技,建材營造
5200,T000,859,0.08581808973253949,1.7226046812615523,0.08496003788173716,0,0,0,金融科技,交通運輸及航運
5200,U000,859,0.05379382144872953,1.131244683037707,0.25795211981120625,0,0,2,金融科技,金融
5200,V000,859,0.02278753559214033,0.5466020955902209,0.5846521290675399,0,0,0,金融科技,貿易百貨
5200,W000,859,-0.0016812193053038847,-0.07493078500357812,0.940269782510408,0,0,0,金融科技,油電燃氣
5200,X000,859,0.0021986790909821812,0.05133271229427416,0.9590604018152992,0,0,2,金融科技,其他
5200,Y000,859,-0.008574553091981721,-0.166666680567461,0.8676323238399436,0,0,1,金融科技,文化創意
5300,1000,859,0.0968080943291704,1.0946453982540434,0.2736720183253837,0,0,0,人工智慧,水泥
5300,2000,859,0.09571857244249939,0.7721355754275848,0.440034133694268,0,0,0,人工智慧,造紙
5300,3000,859,0.05350591078328802,0.5713850777458324,0.5677386420528605,0,0,4,人工智慧,汽車
5300,4100,859,0.04255699588960797,0.35765408555547423,0.7206021975318622,0,0,5,人工智慧,太空衛星科技
5300,5100,859,0.07814255050762199,0.6045767274553066,0.5454602738384142,0,0,6,人工智慧,區塊鏈
5300,5200,859,0.17870064196306543,1.3841198200177556,0.16632176898524875,0,0,15,人工智慧,金融科技
5300,5400,859,0.14969447227160187,1.167114437197838,0.24316415827961912,0,0,49,人工智慧,雲端運算
5300,5500,859,0.11099591769278734,0.9848078044214794,0.32471848637279355,0,0,26,人工智慧,資通訊安全
5300,5600,859,0.2130871600669134,1.6008894527754216,0.10940140607382218,0,0,46,人工智慧,大數據
5300,5700,859,0.12116576979293309,1.0709612927050838,0.2841868342866022,0,0,12,人工智慧,體驗科技
5300,5800,859,0.04036613292460828,0.41452893475757774,0.678486781030567,0,0,5,人工智慧,運動科技
5300,6000,859,0.0332499486290367,0.28599576268044846,0.7748813669657075,0,0,5,人工智慧,自動化
5300,B000,859,0.02171622317993271,0.2050929351278799,0.8374995160658326,0,0,1,人工智慧,休閒娛樂
5300,C100,859,-0.03011028833201336,-0.2301859766652891,0.8179472583062216,0,0,0,人工智慧,製藥
5300,C200,859,0.03971875641986454,0.3991649482759747,0.6897716686700102,0,0,7,人工智慧,醫療器材
5300,C300,859,-0.03908381686479083,-0.34557298630345945,0.7296636503696559,0,0,0,人工智慧,食品生技
5300,C400,859,-0.09039845522520601,-0.6425007224403995,0.5205481203884024,0,0,0,人工智慧,再生醫療
5300,D000,859,0.05792269919033168,0.5146326999033443,0.6068097102073143,0,0,16,人工智慧,半導體
5300,F000,859,0.030475700272370374,0.30040530980289454,0.763868013985039,0,0,27,人工智慧,電腦週邊
5300,G000,859,0.03805275007552465,0.3732343174100536,0.7089740569389873,0,0,9,人工智慧,平面顯示器
5300,H000,859,0.038787783269125235,0.3408312435330135,0.7332306282895227,0,0,3,人工智慧,觸控面板
5300,I000,859,0.0839659807858609,0.8318824824520429,0.4054752805381293,0,0,16,人工智慧,通信網路
5300,J000,859,0.09253018326392205,0.8087180653968656,0.4186773344616156,0,0,1,人工智慧,被動元件
5300,K000,859,0.003179727778044183,0.030461307215508313,0.9756991514197199,0,0,1,人工智慧,連接器
5300,L000,859,0.08180248573410698,0.7669898822451284,0.4430875311488941,0,0,5,人工智慧,印刷電路板
5300,M000,859,0.05279166711497133,0.6391157113872894,0.5227476597387244,0,0,0,人工智慧,食品
5300,N000,859,0.12311832989346039,1.5173814527145975,0.12917040392710671,0,0,0,人工智慧,石化及塑橡膠
5300,O000,859,0.012094354200533963,0.12254783498341014,0.9024651646076224,0,0,0,人工智慧,紡織
5300,P000,859,0.028594015017507787,0.33125156919094634,0.7404544702573698,0,0,6,人工智慧,電機機械
5300,Q000,859,0.030493374689249203,0.33317165464263326,0.7390047133036115,0,0,0,人工智慧,鋼鐵
5300,R000,859,0.16368147654973372,1.6404411374121781,0.1009134778649975,0,0,45,人工智慧,軟體服務
5300,R300,859,0.04790118482620141,0.45454278460733705,0.64943820494361,0,0,13,人工智慧,電子商務
5300,S000,859,0.039608486418582285,0.428522530117589,0.6682707340541529,0,0,3,人工智慧,建材營造
5300,T000,859,0.08714301352382012,0.815262685604015,0.4149219629275147,0,0,0,人工智慧,交通運輸及航運
5300,U000,859,0.09377222008846552,0.928255702571383,0.3532749462988908,0,0,0,人工智慧,金融
5300,V000,859,0.042574026767951155,0.5039409206874409,0.6143028937081212,0,0,0,人工智慧,貿易百貨
5300,W000,859,-0.0017891146238617186,-0.03664349785117323,0.9707692605331772,0,0,0,人工智慧,油電燃氣
5300,X000,859,0.05475403685177661,0.6562365608769136,0.5116719283009792,0,0,13,人工智慧,其他
5300,Y000,859,-0.042398673046207855,-0.3671832011211588,0.7134823690723363,0,0,3,人工智慧,文化創意
5400,1000,859,0.10130885550409224,1.2335786339286137,0.21735995869862068,0,0,0,雲端運算,水泥
5400,2000,859,0.10624160459488069,0.9295737477838832,0.35259182504683395,0,0,0,雲端運算,造紙
5400,3000,859,0.04107364448014321,0.46999760067634144,0.6383567317644266,2,2,4,雲端運算,汽車
5400,4100,859,-0.06961075250963535,-0.5813722303183257,0.5609896091572483,2,2,5,雲端運算,太空衛星科技
5400,5100,859,0.1439329325870335,1.1542723643730946,0.24838852280262436,0,0,5,雲端運算,區塊鏈
5400,5200,859,0.01569358290362483,0.10409788157474426,0.9170916719845572,0,0,15,雲端運算,金融科技
5400,5300,859,-0.01435201242001664,-0.10825612307863612,0.9137925267120195,0,0,49,雲端運算,人工智慧
5400,5500,859,0.04620124136628602,0.37947768037453866,0.7043331755249042,0,0,30,雲端運算,資通訊安全
5400,5600,859,0.2273629398570988,1.487734554733653,0.1368209109635042,0,0,48,雲端運算,大數據
5400,5700,859,-0.0037620829113704088,-0.03491227203023935,0.9721496949145041,0,0,11,雲端運算,體驗科技
5400,5800,859,-0.0476086072169854,-0.5258439128315355,0.5989966609953752,3,3,5,雲端運算,運動科技
5400,6000,859,0.048413354598117846,0.40255211332044527,0.6872777436897136,2,2,3,雲端運算,自動化
5400,B000,859,0.020299798257437655,0.19593427572867245,0.844661609046792,0,0,2,雲端運算,休閒娛樂
5400,C100,859,-0.1642778325227516,-1.398590596466858,0.16193578782969387,0,0,0,雲端運算,製藥
5400,C200,859,-0.04616485625726398,-0.5117533310689816,0.6088236561893627,1,4,7,雲端運算,醫療器材
5400,C300,859,-0.14325647996270108,-1.3916266352678668,0.16403548889510422,0,0,1,雲端運算,食品生技
5400,C400,859,-0.06399421886142573,-0.4368353086948046,0.6622307902863038,0,0,0,雲端運算,再生醫療
5400,D000,859,-0.05426987629144829,-0.4914935064488772,0.623077443727205,2,6,11,雲端運算,半導體
5400,F000,859,-0.02827251073633661,-0.2753634623185936,0.7830370122265745,9,9,29,雲端運算,電腦週邊
5400,G000,859,-0.017336383829546997,-0.16440991772847868,0.8694084565946489,2,5,6,雲端運算,平面顯示器
5400,H000,859,-0.020588134213823224,-0.1804285268702393,0.8568161606071699,0,0,2,雲端運算,觸控面板
5400,I000,859,0.009647856848834142,0.10403276940630994,0.9171433434292582,0,0,17,雲端運算,通信網路
5400,J000,859,-0.040144477844921464,-0.34920925839654976,0.7269322160212688,0,1,2,雲端運算,被動元件
5400,K000,859,-0.04696917888111366,-0.47523875672755866,0.634616805553676,0,1,2,雲端運算,連接器
5400,L000,859,0.012052479594333443,0.11572356680701035,0.9078716281239169,2,2,2,雲端運算,印刷電路板
5400,M000,859,0.08237001528269165,1.0273122122695373,0.3042734737051557,0,1,1,雲端運算,食品
5400,N000,859,0.05726981238014556,0.7442912676025383,0.4567002830318453,0,0,0,雲端運算,石化及塑橡膠
5400,O000,859,-0.04712436642653507,-0.5025127246399338,0.6153069038362826,0,0,0,雲端運算,紡織
5400,P000,859,0.01741115849285964,0.2160720186446057,0.8289316104090984,1,1,7,雲端運算,電機機械
5400,Q000,859,0.0529871336853349,0.606772991105193,0.544001574640703,0,0,0,雲端運算,鋼鐵
5400,R000,859,0.18227998027938225,1.60966159272358,0.10747175395811459,0,0,45,雲端運算,軟體服務
5400,R300,859,-0.004875434996661635,-0.04298268037355019,0.965715340152888,0,0,15,雲端運算,電子商務
5400,S000,859,-0.014937231869565182,-0.16351827150818113,0.8701103881802368,2,2,2,雲端運算,建材營造
5400,T000,859,0.09997470826292623,0.9674983284246045,0.3332949764804456,0,0,0,雲端運算,交通運輸及航運
5400,U000,859,0.05548665400226855,0.6040211006701615,0.5458296135579099,0,0,0,雲端運算,金融
5400,V000,859,0.049327956000022814,0.6003691474818239,0.5482602447027264,0,0,0,雲端運算,貿易百貨
5400,W000,859,0.0057257101118268925,0.1278611758576489,0.8982588359714019,0,0,0,雲端運算,油電燃氣
5400,X000,859,0.018506508528709914,0.23339046149370837,0.815458219309928,0,0,12,雲端運算,其他
5400,Y000,859,-0.1343471888160012,-1.1757629923368615,0.23968959864423445,0,0,0,雲端運算,文化創意
5500,1000,859,0.06285119790381122,0.8767662689120659,0.38061360388981824,0,0,0,資通訊安全,水泥
5500,2000,859,0.01962842699219106,0.2199900727376033,0.8258788861385977,0,0,1,資通訊安全,造紙
5500,3000,859,0.05608048345649292,0.8243877785078939,0.40971925687540667,0,0,0,資通訊安全,汽車
5500,4100,859,0.0003687543364014655,0.0038064494106529573,0.9969629001178836,0,0,2,資通訊安全,太空衛星科技
5500,5100,859,0.09880123378663976,1.0826197838992233,0.2789772222324901,0,0,4,資通訊安全,區塊鏈
5500,5200,859,0.11654464648793604,0.9740274728426606,0.3300428985611551,0,0,11,資通訊安全,金融科技
5500,5300,859,0.037951257044145786,0.42789665440490227,0.668726362978543,0,0,26,資通訊安全,人工智慧
5500,5400,859,0.08220446142564752,0.8807028895117514,0.37847865243348766,0,0,30,資通訊安全,雲端運算
5500,5600,859,0.1473773334163322,1.5205460340693318,0.12837379823325792,0,0,26,資通訊安全,大數據
5500,5700,859,-0.0024298347428436066,-0.03072212476481433,0.9754911464783401,0,0,3,資通訊安全,體驗科技
5500,5800,859,-0.04718631434957366,-0.6648106083739725,0.5061716366099702,0,0,1,資通訊安全,運動科技
5500,6000,859,-0.018753039883708834,-0.20420692672024024,0.8381917986693928,0,0,3,資通訊安全,自動化
5500,B000,859,-0.0063586975596115055,-0.08003484555098901,0.9362095421100409,0,0,0,資通訊安全,休閒娛樂
5500,C100,859,-0.09350398650580004,-1.0857484725906141,0.27759028889850457,0,0,0,資通訊安全,製藥
5500,C200,859,-0.020963098691650604,-0.29556307558539285,0.7675637757604324,0,0,3,資通訊安全,醫療器材
5500,C300,859,-0.06503634913283182,-0.8394168671385884,0.4012354219691652,0,0,0,資通訊安全,食品生技
5500,C400,859,-0.13356308110105003,-1.1710506302988621,0.24157842658630602,0,0,0,資通訊安全,再生醫療
5500,D000,859,-0.007605165267643162,-0.09038454609955217,0.9279816368511759,0,0,6,資通訊安全,半導體
5500,F000,859,-0.00731533360081898,-0.09256686084404575,0.9262476718898673,0,0,11,資通訊安全,電腦週邊
5500,G000,859,-0.014903539511710095,-0.18953505845660706,0.8496734803560796,0,0,2,資通訊安全,平面顯示器
5500,H000,859,-0.004982288709244717,-0.05933595859492338,0.9526845207404739,0,0,1,資通訊安全,觸控面板
5500,I000,859,0.0062451425742903995,0.08058792843686852,0.9357696666904219,0,0,14,資通訊安全,通信網路
5500,J000,859,-0.00760436706165642,-0.08802248108799275,0.9298588081672483,0,0,0,資通訊安全,被動元件
5500,K000,859,-0.027842119003533908,-0.3694389097758429,0.7118006002159983,0,0,1,資通訊安全,連接器
5500,L000,859,-0.006049916834082621,-0.07386833510405037,0.9411151519171891,0,0,0,資通訊安全,印刷電路板
5500,M000,859,0.030844728959761827,0.49030680573735674,0.6239168118260301,0,0,1,資通訊安全,食品
5500,N000,859,0.017916033880709722,0.2812916821323406,0.7784866895624778,0,0,0,資通訊安全,石化及塑橡膠
5500,O000,859,-0.04097655824443089,-0.5477994998042988,0.5838295820979904,0,0,0,資通訊安全,紡織
5500,P000,859,0.005091526150605007,0.0799819304841668,0.936251627308214,0,0,2,資通訊安全,電機機械
5500,Q000,859,0.05478950990262405,0.7669660697179357,0.44310168933293537,0,0,0,資通訊安全,鋼鐵
5500,R000,859,0.12562086774190606,1.3899594995360989,0.1645411761372192,0,0,28,資通訊安全,軟體服務
5500,R300,859,-0.010264317593646915,-0.1189716668304728,0.9052978029175887,0,0,9,資通訊安全,電子商務
5500,S000,859,-0.005507695191722833,-0.07778854797743949,0.9379962562348717,0,0,1,資通訊安全,建材營造
5500,T000,859,0.03348570723059968,0.40958807069126235,0.6821081492882914,0,0,1,資通訊安全,交通運輸及航運
5500,U000,859,0.023619744319824897,0.32326705941138273,0.7464929986171549,0,0,0,資通訊安全,金融
5500,V000,859,0.012879755077914357,0.19286409030618115,0.8470654087768732,0,0,0,資通訊安全,貿易百貨
5500,W000,859,0.0115098724141246,0.3719106822569406,0.7099593514427547,0,0,0,資通訊安全,油電燃氣
5500,X000,859,0.00867856002830737,0.13821125055680025,0.8900734637744707,0,0,6,資通訊安全,其他
5500,Y000,859,-0.11578497909666123,-1.3009399059324038,0.19327902523416585,0,0,0,資通訊安全,文化創意
5600,1000,859,0.035636775580912966,0.46941552654953433,0.6387726523382286,0,0,0,大數據,水泥
5600,2000,859,0.03239156149351172,0.33425929247693986,0.7381839054077952,0,0,0,大數據,造紙
5600,3000,859,0.008110714105583474,0.09875644279032997,0.9213316529847425,0,0,1,大數據,汽車
5600,4100,859,-0.1335894510195312,-1.3031823446760173,0.19251251620078091,0,0,3,大數據,太空衛星科技
5600,5100,859,-0.013563266254122434,-0.11448444031706934,0.9088537801265172,0,0,4,大數據,區塊鏈
5600,5200,859,-0.05989876628129699,-0.4600854226108415,0.6454549070140847,0,0,14,大數據,金融科技
5600,5300,859,-0.09651072833401356,-0.7749472343654746,0.43837083958200185,0,0,46,大數據,人工智慧
5600,5400,859,-0.14265377859133016,-1.0130878282087117,0.3110182116018726,0,0,48,大數據,雲端運算
5600,5500,859,-0.07845511302611967,-0.6812267579221911,0.49572801928367927,0,0,26,大數據,資通訊安全
5600,5700,859,-0.02640828534185586,-0.28055906349833915,0.7790486179287776,0,0,9,大數據,體驗科技
5600,5800,859,-0.04794915435244673,-0.5977316213046661,0.5500190226218586,0,0,2,大數據,運動科技
5600,6000,859,-0.07919446736329201,-0.6671354308961649,0.5046856303005728,0,0,3,大數據,自動化
5600,B000,859,0.0036909079881866065,0.04118155441005069,0.9671511586455042,0,0,2,大數據,休閒娛樂
5600,C100,859,-0.1604807287292369,-1.761007796015663,0.07823708349789162,0,0,0,大數據,製藥
5600,C200,859,-0.08921901447287366,-1.0549831134737624,0.2914330478861289,0,0,4,大數據,醫療器材
5600,C300,859,-0.1262632034785689,-1.492542928297633,0.13555687217899046,0,0,0,大數據,食品生技
5600,C400,859,-0.13444028980719908,-1.151882849236177,0.24936921681299085,0,0,0,大數據,再生醫療
5600,D000,859,-0.07759545437948492,-0.7782506550403738,0.43642125950123,0,0,10,大數據,半導體
5600,F000,859,-0.07199320373084887,-0.7518429982494036,0.4521454806496994,0,0,15,大數據,電腦週邊
5600,G000,859,-0.05975503274049407,-0.6265187301769801,0.5309747554720049,0,0,2,大數據,平面顯示器
5600,H000,859,-0.08228308726966392,-0.8688852852364333,0.38490987877052263,0,0,0,大數據,觸控面板
5600,I000,859,-0.05460777388305847,-0.6199074506050716,0.5353187202388368,0,0,10,大數據,通信網路
5600,J000,859,-0.0632938224171586,-0.587220238465519,0.5570558016834741,0,0,1,大數據,被動元件
5600,K000,859,-0.07927537790500927,-0.86029852793298,0.3896245041370343,0,0,1,大數據,連接器
5600,L000,859,-0.05380135885717334,-0.5530105745562263,0.5802561692211674,0,0,2,大數據,印刷電路板
5600,M000,859,0.05157148337245236,0.7248614429368329,0.4685370370016032,0,0,0,大數據,食品
5600,N000,859,-0.002884341968477788,-0.03994367015961404,0.9681380351134758,0,0,0,大數據,石化及塑橡膠
5600,O000,859,-0.03429621986404825,-0.40998083915212946,0.6818200032951263,0,0,0,大數據,紡織
5600,P000,859,-0.02768713205471289,-0.3570244980917757,0.721073465908528,0,0,3,大數據,電機機械
5600,Q000,859,-0.03441413744663703,-0.40211661864366066,0.687598202817781,0,0,0,大數據,鋼鐵
5600,R000,859,0.06354015494170559,0.5276130338580661,0.5977679447285307,0,0,44,大數據,軟體服務
5600,R300,859,-0.026798430066835965,-0.2885473065691221,0.7729278241481122,0,0,14,大數據,電子商務
5600,S000,859,-0.024081267359366512,-0.2900856201707821,0.7717507364897865,0,0,1,大數據,建材營造
5600,T000,859,0.0431061340312277,0.4689493468446827,0.6391058426232796,0,0,0,大數據,交通運輸及航運
5600,U000,859,-0.0008320478665225619,-0.01038101956524127,0.9917172935288622,0,0,0,大數據,金融
5600,V000,859,0.010007198455632537,0.13088832112945448,0.8958636535871538,0,0,0,大數據,貿易百貨
5600,W000,859,0.002025789281118271,0.05402843900177492,0.9569125062796114,0,0,0,大數據,油電燃氣
5600,X000,859,-0.03532380032210943,-0.45778125174364204,0.6471096065944923,0,0,7,大數據,其他
5600,Y000,859,-0.058047568032434965,-0.6518975384260814,0.5144672730020781,0,0,2,大數據,文化創意
5700,1000,859,0.06919994298638951,0.8690736416656292,0.38480685270073867,0,0,0,體驗科技,水泥
5700,2000,859,0.13467649368815357,1.1938737745067554,0.23252734758191285,0,0,0,體驗科技,造紙
5700,3000,859,0.0688384741535587,0.900984062909408,0.3675967933636305,0,0,5,體驗科技,汽車
5700,4100,859,0.17410888797058727,1.6189103268011356,0.10546655862952986,0,0,3,體驗科技,太空衛星科技
5700,5100,859,0.0857981617107045,0.8225867702092093,0.4107430245620256,0,0,2,體驗科技,區塊鏈
5700,5200,859,0.11251864724913335,1.1244162861961835,0.26083646613790334,0,0,1,體驗科技,金融科技
5700,5300,859,0.12510850663840503,1.297537248824826,0.19444639734956803,0,0,12,體驗科技,人工智慧
5700,5400,859,0.12007015400828197,1.4770365936910368,0.13966582834929525,0,0,11,體驗科技,雲端運算
5700,5500,859,0.09747277127580964,1.1874595175630909,0.23504641558401373,0,0,3,體驗科技,資通訊安全
5700,5600,859,0.10088278695023327,1.1750069256604678,0.23999194502735843,0,0,9,體驗科技,大數據
5700,5800,859,0.0792104984916216,0.9221075546563212,0.35647247676322336,0,0,7,體驗科技,運動科技
5700,6000,859,0.22690137154745613,2.3972468215837246,0.01651879226716926,0,0,1,體驗科技,自動化
5700,B000,859,0.046427918682587686,0.5279066925345559,0.5975640993951186,0,0,3,體驗科技,休閒娛樂
5700,C100,859,0.058152158356673825,0.5007440601736345,0.6165512593680709,0,0,0,體驗科技,製藥
5700,C200,859,0.11334451369684896,1.3927164597641133,0.16370554922015446,0,0,4,體驗科技,醫療器材
5700,C300,859,0.04233164158382685,0.4353054745035314,0.6633407117206849,0,0,0,體驗科技,食品生技
5700,C400,859,0.028163031557229334,0.23309552023863908,0.8156872334385488,0,0,0,體驗科技,再生醫療
5700,D000,859,0.1463728194810561,1.3781739509358228,0.1681495877628033,0,0,9,體驗科技,半導體
5700,F000,859,0.11980534424504106,1.429018662250292,0.15299886960966005,0,0,13,體驗科技,電腦週邊
5700,G000,859,0.08083002657685683,0.9512108389741802,0.34149735727656916,0,0,5,體驗科技,平面顯示器
5700,H000,859,0.13873525642879972,1.5221972891153137,0.1279596541907632,0,0,2,體驗科技,觸控面板
5700,I000,859,0.13526172053731247,1.6804781597321026,0.09286432016035938,0,0,11,體驗科技,通信網路
5700,J000,859,0.12473941926228865,1.342612636632022,0.17939743641188832,0,0,3,體驗科技,被動元件
5700,K000,859,0.1225239665839472,1.512698005768885,0.13035638638125574,0,0,2,體驗科技,連接器
5700,L000,859,0.1523490446737264,1.7215237983883684,0.08515581749047074,0,0,2,體驗科技,印刷電路板
5700,M000,859,0.023693846633863255,0.32862195238691316,0.7424414532241939,0,0,0,體驗科技,食品
5700,N000,859,0.07526263725131072,0.9633170822996275,0.33538842328674745,0,0,0,體驗科技,石化及塑橡膠
5700,O000,859,-0.043099723737041705,-0.5122051207289846,0.6085074596454179,0,0,0,體驗科技,紡織
5700,P000,859,0.07210601173090427,0.9726848844645306,0.3307099400014546,0,0,4,體驗科技,電機機械
5700,Q000,859,0.11088715314483918,1.4112851973479825,0.15816053741732605,0,0,0,體驗科技,鋼鐵
5700,R000,859,0.07966476630674549,1.1133369757593998,0.2655637316636894,0,0,8,體驗科技,軟體服務
5700,R300,859,0.10865411068465909,1.2118983187746686,0.2255513057987878,0,0,2,體驗科技,電子商務
5700,S000,859,0.03316465250018507,0.39879031722175434,0.6900477122503339,0,0,1,體驗科技,建材營造
5700,T000,859,0.11384378751555163,1.259596595456181,0.20781492432301374,0,0,0,體驗科技,交通運輸及航運
5700,U000,859,0.055161328405796246,0.6366040605877697,0.5243827795821377,0,0,0,體驗科技,金融
5700,V000,859,0.052410528626124525,0.7611744976413938,0.4465528484032154,0,0,0,體驗科技,貿易百貨
5700,W000,859,-0.020238336501955577,-0.46310537892141596,0.643288834652622,0,0,0,體驗科技,油電燃氣
5700,X000,859,0.0973503643648639,1.358391616901256,0.1743394529008453,0,0,6,體驗科技,其他
5700,Y000,859,0.04674617148457636,0.46645550163528016,0.64088949194487,0,0,4,體驗科技,文化創意
5800,1000,859,0.11204007743744454,1.120287144929122,0.2625914183111202,0,0,0,運動科技,水泥
5800,2000,859,0.2551060587112544,2.0055560839127193,0.044903631373316634,0,0,0,運動科技,造紙
5800,3000,859,0.23110590928709024,2.4506656829485474,0.014259232220636488,0,1,4,運動科技,汽車
5800,4100,859,0.3054667105340294,2.485716595272388,0.012929088272399707,0,1,2,運動科技,太空衛星科技
5800,5100,859,0.22818631902568853,1.9172497433684645,0.055206211292818115,0,0,2,運動科技,區塊鏈
5800,5200,859,0.2268119858028711,1.919608839650422,0.05490732665000669,0,0,1,運動科技,金融科技
5800,5300,859,0.21315527277827298,2.0605458660385323,0.03934638582140253,0,0,5,運動科技,人工智慧
5800,5400,859,0.20398689572774267,2.1362207766616343,0.03266142273198541,0,2,5,運動科技,雲端運算
5800,5500,859,0.17449411892587652,1.8082700706807084,0.0705644776180764,0,0,1,運動科技,資通訊安全
5800,5600,859,0.17441657614928285,1.7640614536210695,0.07772163330488954,0,0,2,運動科技,大數據
5800,5700,859,0.2110551203266226,1.9152700950481512,0.05545806730314289,0,0,7,運動科技,體驗科技
5800,6000,859,0.30067225611385695,2.585557974829309,0.00972215212682568,0,0,0,運動科技,自動化
5800,B000,859,0.15665526264627724,1.500435805043199,0.13350155058864582,0,0,1,運動科技,休閒娛樂
5800,C100,859,0.14905883561951533,1.092704446117747,0.2745235870304902,0,0,0,運動科技,製藥
5800,C200,859,0.13594210896527198,1.3999719393458647,0.16152172153385236,0,4,6,運動科技,醫療器材
5800,C300,859,0.1059001130792607,0.8997509358852416,0.3682528101231348,0,0,0,運動科技,食品生技
5800,C400,859,0.11649645745026256,0.7540711245666721,0.45080651500970614,0,0,0,運動科技,再生醫療
5800,D000,859,0.1942441867091955,1.8082082163493307,0.07057410033235467,0,0,6,運動科技,半導體
5800,F000,859,0.18601178853460337,1.9597478623453848,0.05002526790457076,0,4,10,運動科技,電腦週邊
5800,G000,859,0.17395163316601012,1.7858079676929655,0.07413035620623297,0,2,6,運動科技,平面顯示器
5800,H000,859,0.20944787308718626,1.979195687811638,0.04779397824797048,0,1,4,運動科技,觸控面板
5800,I000,859,0.22553005966763195,2.333924169232678,0.01959969294111448,0,2,8,運動科技,通信網路
5800,J000,859,0.24290139503762914,2.0887022684252696,0.03673453254030869,0,1,3,運動科技,被動元件
5800,K000,859,0.191992238561659,2.0274415884704173,0.04261727239486188,0,2,3,運動科技,連接器
5800,L000,859,0.23506824688907907,2.260799972566284,0.02377164630795393,0,0,1,運動科技,印刷電路板
5800,M000,859,0.1626992492502142,1.9065462831634759,0.05657936681043254,0,0,0,運動科技,食品
5800,N000,859,0.20699985046029004,2.311712230832626,0.020793546925690753,0,0,1,運動科技,石化及塑橡膠
5800,O000,859,0.07661326616408853,0.831507272291662,0.4056871217000637,0,1,1,運動科技,紡織
5800,P000,859,0.12773665179380833,1.4444004204455696,0.14862637253400632,0,0,2,運動科技,電機機械
5800,Q000,859,0.19611250220312565,2.0710635453823927,0.038352858030519334,0,0,0,運動科技,鋼鐵
5800,R000,859,0.16036299709987942,1.7806287744443547,0.07497311583871806,0,0,3,運動科技,軟體服務
5800,R300,859,0.19410136809995243,1.7966312601502272,0.07239417829418966,0,0,1,運動科技,電子商務
5800,S000,859,0.09635968657018963,0.9932111563671474,0.3206070626451367,0,0,0,運動科技,建材營造
5800,T000,859,0.14110252358394001,1.4213448430227755,0.15521653296390497,0,0,0,運動科技,交通運輸及航運
5800,U000,859,0.12467628105289776,1.1373448886988484,0.2553941363267721,0,0,0,運動科技,金融
5800,V000,859,0.12919057051514168,1.574444627386302,0.11538469343194573,0,0,0,運動科技,貿易百貨
5800,W000,859,0.05919107308353818,1.2422766655156767,0.2141345017214048,0,0,0,運動科技,油電燃氣
5800,X000,859,0.17905847382868312,2.1327858284556416,0.032942299309667716,0,0,7,運動科技,其他
5800,Y000,859,0.09451538186831362,0.8534836002642759,0.3933911783360955,0,0,1,運動科技,文化創意
6000,1000,859,0.010746904571006487,0.20853746268712361,0.8348093345540231,0,0,0,自動化,水泥
6000,2000,859,-0.006465782780439843,-0.10792783333315285,0.9140529382697458,0,0,0,自動化,造紙
6000,3000,859,0.0028565482761006363,0.05707354130293932,0.9544866130395763,0,0,0,自動化,汽車
6000,4100,859,-0.004723534878206082,-0.07587793091839165,0.9395162148084417,0,0,0,自動化,太空衛星科技
6000,5100,859,-0.04477710276792761,-0.7726199713532449,0.43974732152714824,0,0,0,自動化,區塊鏈
6000,5200,859,0.023780281156837994,0.3854321157103307,0.6999172921980903,0,0,0,自動化,金融科技
6000,5300,859,-0.0017874994770330187,-0.034138657924374996,0.972766581873619,0,0,5,自動化,人工智慧
6000,5400,859,0.0063582998712436445,0.13076637034044464,0.8959601270856974,1,3,3,自動化,雲端運算
6000,5500,859,0.029286159692017692,0.5852719681146281,0.5583648603138907,0,0,3,自動化,資通訊安全
6000,5600,859,0.01873386811768748,0.38370989241875614,0.7011934797788293,0,0,3,自動化,大數據
6000,5700,859,-0.0014892374469299445,-0.0277084571221632,0.9778946784865137,0,0,1,自動化,體驗科技
6000,5800,859,0.0045007039217850875,0.09071910293455374,0.9277157912744121,0,0,0,自動化,運動科技
6000,B000,859,0.0035195020107142753,0.06884113001191189,0.9451160787110658,0,0,0,自動化,休閒娛樂
6000,C100,859,0.013508634767733054,0.20193364149893683,0.8399686016837015,0,0,0,自動化,製藥
6000,C200,859,0.014964173233114934,0.3002425330475084,0.7639921640556429,0,0,0,自動化,醫療器材
6000,C300,859,0.022349216244776902,0.40209725232748095,0.6876124548417728,0,0,0,自動化,食品生技
6000,C400,859,-0.006194557767487565,-0.07967947303715135,0.9364921856798613,0,0,0,自動化,再生醫療
6000,D000,859,-0.03922700979969714,-0.6441918837659898,0.5194510132817445,0,3,5,自動化,半導體
6000,F000,859,-0.021837814164085517,-0.4143689710721115,0.6786039095165242,1,1,4,自動化,電腦週邊
6000,G000,859,-0.0226781973286166,-0.4192877424227333,0.6750058536995138,1,5,5,自動化,平面顯示器
6000,H000,859,-0.016805298507164147,-0.29036839172877915,0.7715344222546225,0,1,2,自動化,觸控面板
6000,I000,859,-0.015404145168637279,-0.3004391378684607,0.7638422140314987,0,0,1,自動化,通信網路
6000,J000,859,0.022872235725875257,0.3854389465781321,0.6999122321292104,0,0,0,自動化,被動元件
6000,K000,859,-0.031042791089869026,-0.6071060858302458,0.543780511635588,0,0,0,自動化,連接器
6000,L000,859,-0.002619711151139846,-0.0471368777047819,0.9624041358327751,1,1,1,自動化,印刷電路板
6000,M000,859,0.002710466078076002,0.06572331264242234,0.9475981117334857,0,0,0,自動化,食品
6000,N000,859,0.02222506013720038,0.5138864634144333,0.6073313721354692,0,0,0,自動化,石化及塑橡膠
6000,O000,859,0.0018365720692831826,0.039052233971943434,0.9688487436607519,0,0,0,自動化,紡織
6000,P000,859,0.011819249861497547,0.2719327605929656,0.7856737207667277,2,2,6,自動化,電機機械
6000,Q000,859,0.030681970616493786,0.6515599056438949,0.5146851198629122,0,0,0,自動化,鋼鐵
6000,R000,859,0.014148135446206104,0.31443059689511227,0.7531940207089078,0,0,2,自動化,軟體服務
6000,R300,859,-0.01918779994107692,-0.34991442305296633,0.7264029224570931,0,0,0,自動化,電子商務
6000,S000,859,-0.01957478141358657,-0.4095995429647502,0.6820997322482517,0,0,0,自動化,建材營造
6000,T000,859,0.00680900419560599,0.1262420529781562,0.8995403241648773,0,0,0,自動化,交通運輸及航運
6000,U000,859,0.007679846945312318,0.1427952509668809,0.8864518878251094,0,0,0,自動化,金融
6000,V000,859,0.007386592383592737,0.1849569677412155,0.8532627879273599,0,0,0,自動化,貿易百貨
6000,W000,859,0.00043675484780128255,0.01742037491651958,0.9861012547883893,0,0,0,自動化,油電燃氣
6000,X000,859,-0.007760224545395833,-0.17778723622967252,0.8588900716682224,0,0,3,自動化,其他
6000,Y000,859,0.0002516174987742131,0.004711387185030486,0.9962408708121093,0,0,0,自動化,文化創意
B000,1000,859,0.04803809007887856,0.6054345369957773,0.5448903089187711,0,0,0,休閒娛樂,水泥
B000,2000,859,0.06030692652897888,0.6778679808291773,0.49785540322448185,0,0,0,休閒娛樂,造紙
B000,3000,859,0.09003331273643964,1.2602163516679945,0.20759132567615335,0,0,2,休閒娛樂,汽車
B000,4100,859,0.12617054312105724,1.2184487124027135,0.22305350339516705,0,0,2,休閒娛樂,太空衛星科技
B000,5100,859,0.00879980265354077,0.08618876597349119,0.9313163609303008,0,0,0,休閒娛樂,區塊鏈
B000,5200,859,0.09648329415956393,0.9346735536287859,0.3499565601039779,0,0,2,休閒娛樂,金融科技
B000,5300,859,0.08234778769862519,0.997177271343475,0.3186784712302625,0,0,1,休閒娛樂,人工智慧
B000,5400,859,0.06524788135047409,0.8461876875137183,0.39744804944884105,0,0,2,休閒娛樂,雲端運算
B000,5500,859,0.08601223909710964,1.0843207829228818,0.2782225935936026,0,0,0,休閒娛樂,資通訊安全
B000,5600,859,0.07787209689974567,0.92372632339685,0.35562882323768896,0,0,2,休閒娛樂,大數據
B000,5700,859,0.10709115990377792,1.151732441406623,0.2494310369213869,0,0,3,休閒娛樂,體驗科技
B000,5800,859,0.05145626000589964,0.6232428123870077,0.5331249718041638,0,0,1,休閒娛樂,運動科技
B000,6000,859,0.033060941626400886,0.35862275336863203,0.7198773228490911,0,0,0,休閒娛樂,自動化
B000,C100,859,0.04394603922201097,0.39981895314671495,0.6892898699073193,0,0,0,休閒娛樂,製藥
B000,C200,859,0.04991696138200133,0.6773373314526238,0.4981919501047055,0,0,4,休閒娛樂,醫療器材
B000,C300,859,0.022377024081493842,0.24823084094569003,0.803955805324965,0,0,1,休閒娛樂,食品生技
B000,C400,859,-0.011615509076654804,-0.10672311475430012,0.9150086444118067,0,0,0,休閒娛樂,再生醫療
B000,D000,859,0.15092173645739726,1.6135114586003776,0.10663343582824096,0,0,2,休閒娛樂,半導體
B000,F000,859,0.09372103627574678,1.1142384974294923,0.2651768839253693,0,0,6,休閒娛樂,電腦週邊
B000,G000,859,0.10794120984821551,1.2152795408769417,0.22425949230518405,0,0,1,休閒娛樂,平面顯示器
B000,H000,859,0.11401963768262681,1.216986899874074,0.22360920016381958,0,0,0,休閒娛樂,觸控面板
B000,I000,859,0.06086860490343006,0.7902309296915758,0.42939291594421614,0,0,2,休閒娛樂,通信網路
B000,J000,859,0.0818835745629436,0.8899146685629857,0.3735117069392023,0,0,1,休閒娛樂,被動元件
B000,K000,859,0.06238279070557051,0.7935350949375425,0.4274661305923394,0,0,1,休閒娛樂,連接器
B000,L000,859,0.0677496390028937,0.7524393445624435,0.4517868933907645,0,0,2,休閒娛樂,印刷電路板
B000,M000,859,0.0593129854747003,0.8769507042458006,0.3805134140132128,0,0,2,休閒娛樂,食品
B000,N000,859,0.007332795663271854,0.11051413626156532,0.9120016394248588,0,0,0,休閒娛樂,石化及塑橡膠
B000,O000,859,0.05204232202769204,0.7484879968144795,0.45416586244991486,0,0,1,休閒娛樂,紡織
B000,P000,859,0.056367793480206894,0.8690780557569812,0.38480443850975266,0,0,5,休閒娛樂,電機機械
B000,Q000,859,0.03217602463211807,0.41325434840052766,0.6794202730602907,0,0,1,休閒娛樂,鋼鐵
B000,R000,859,0.06475423707235177,0.9023925015598903,0.36684840295201193,0,0,5,休閒娛樂,軟體服務
B000,R300,859,0.0917291556810807,1.0241862356897524,0.30574731876565053,0,0,3,休閒娛樂,電子商務
B000,S000,859,0.1114811143585833,1.664511806695713,0.09601019360136587,0,0,7,休閒娛樂,建材營造
B000,T000,859,0.06351266214458329,0.6618972005742954,0.5080371060077193,0,0,0,休閒娛樂,交通運輸及航運
B000,U000,859,0.16017071999069582,1.9368502068044469,0.05276365661695482,0,0,0,休閒娛樂,金融
B000,V000,859,0.0908543993340817,1.406036292563032,0.159713348162282,0,0,5,休閒娛樂,貿易百貨
B000,W000,859,0.026696713113992614,0.6294750191902171,0.5290381180926422,0,0,0,休閒娛樂,油電燃氣
B000,X000,859,0.04932915504813895,0.7764200723725049,0.4375009968027139,0,0,6,休閒娛樂,其他
B000,Y000,859,0.090552881812703,0.9990610934447031,0.3177650969699727,0,0,15,休閒娛樂,文化創意
C100,1000,859,0.05120582383471235,1.0491261772651537,0.29412004954547766,0,0,0,製藥,水泥
C100,2000,859,0.08402109101495353,1.3882045871800537,0.16507475586375098,0,1,1,製藥,造紙
C100,3000,859,0.0493704546922098,1.2204008280757532,0.22231296360719333,0,0,0,製藥,汽車
C100,4100,859,0.05724402204883891,1.0603155964081166,0.2890010461452034,0,0,0,製藥,太空衛星科技
C100,5100,859,0.08311099333028234,1.54216105318266,0.123034461729623,0,0,0,製藥,區塊鏈
C100,5200,859,0.06471949170176439,1.1814211119889084,0.2374354752161082,0,0,0,製藥,金融科技
C100,5300,859,0.03217994653130034,0.7047642174467778,0.48095698011561594,0,0,0,製藥,人工智慧
C100,5400,859,0.045532005944951146,1.1006936891876569,0.27102999380287474,0,0,0,製藥,雲端運算
C100,5500,859,0.04416123893275538,0.9968396212046222,0.3188423629548097,0,0,0,製藥,資通訊安全
C100,5600,859,0.05070314920341183,1.1566007518494477,0.2474355149534877,0,0,0,製藥,大數據
C100,5700,859,0.03772688977539332,0.7655246270584836,0.44395920751513507,0,0,0,製藥,體驗科技
C100,5800,859,0.03045939106277724,0.6613951749116608,0.5083589194615532,0,0,0,製藥,運動科技
C100,6000,859,0.050209132360490176,0.9865207810526172,0.32387762277943444,0,0,0,製藥,自動化
C100,B000,859,0.045793780245841735,0.9648174314618058,0.33463626338426256,0,0,0,製藥,休閒娛樂
C100,C200,859,0.03289620958575395,0.45727501095446393,0.6474733886964745,2,13,26,製藥,醫療器材
C100,C300,859,0.06965517020599062,0.4767734243311969,0.6335234718362028,9,18,33,製藥,食品生技
C100,C400,859,0.10328619880466351,1.6731007043969888,0.09430747290968891,4,5,10,製藥,再生醫療
C100,D000,859,0.03438258724975356,0.5982844632395952,0.5496501416735868,1,2,3,製藥,半導體
C100,F000,859,0.06423714008155247,1.323640015686942,0.18562262875502444,0,1,1,製藥,電腦週邊
C100,G000,859,0.055649762410081224,1.0804595511588724,0.27993758961289195,0,1,1,製藥,平面顯示器
C100,H000,859,0.03589810815987258,0.660058195693163,0.5092164842769515,0,0,1,製藥,觸控面板
C100,I000,859,0.05570187114280839,1.2136882264307385,0.22486680195656594,0,0,0,製藥,通信網路
C100,J000,859,-0.011860194346806576,-0.2298758215436824,0.8181882648536543,0,0,0,製藥,被動元件
C100,K000,859,0.0342097493467312,0.7597999425185747,0.4473741772873404,0,1,1,製藥,連接器
C100,L000,859,0.019651729254579208,0.3826484187443146,0.7019804645951848,0,1,2,製藥,印刷電路板
C100,M000,859,0.06672914434747326,1.392723579692719,0.16370339533810419,0,1,1,製藥,食品
C100,N000,859,0.025135473587380334,0.559225280730493,0.57600798177789,0,1,5,製藥,石化及塑橡膠
C100,O000,859,0.042465795295499376,0.8064016447355938,0.42001129889528255,0,0,1,製藥,紡織
C100,P000,859,0.032735291966531965,0.7927281074930224,0.42793625054416873,0,0,0,製藥,電機機械
C100,Q000,859,-0.0070148678863006676,-0.14735818301938136,0.8828493102510466,0,0,0,製藥,鋼鐵
C100,R000,859,0.04737172414841667,1.2194857214518564,0.22265989201978975,0,0,0,製藥,軟體服務
C100,R300,859,0.039132608160691355,0.7610486671669693,0.4466279993554022,0,0,0,製藥,電子商務
C100,S000,859,0.019697812307843406,0.4112007636985446,0.6809253283331764,0,0,0,製藥,建材營造
C100,T000,859,0.04346787029122815,0.8842056004768852,0.37658523565331625,0,0,0,製藥,交通運輸及航運
C100,U000,859,0.028985768218745402,0.5197334958110619,0.6032493373920358,0,0,0,製藥,金融
C100,V000,859,0.04483921029698539,1.1193638891653892,0.2629849298372152,0,0,0,製藥,貿易百貨
C100,W000,859,0.028431994952486557,0.9585868667914746,0.337766911284462,0,0,0,製藥,油電燃氣
C100,X000,859,0.025846045426185085,0.6774479515562252,0.49812178296593046,0,0,2,製藥,其他
C100,Y000,859,0.037958081499579306,0.7766012325824613,0.4373940741150878,0,0,0,製藥,文化創意
C200,1000,859,0.08304462281609241,0.7984277901550055,0.42462228171175764,0,0,0,醫療器材,水泥
C200,2000,859,0.09944906089347852,0.9388928450528731,0.3477857631061707,0,0,0,醫療器材,造紙
C200,3000,859,0.14421962323118162,1.5566686262091418,0.11954918116051533,1,2,7,醫療器材,汽車
C200,4100,859,0.06955236012534127,0.5551881391033203,0.5787659808525172,2,3,3,醫療器材,太空衛星科技
C200,5100,859,0.1907193460179138,1.5306635670646387,0.1258525624678241,0,0,0,醫療器材,區塊鏈
C200,5200,859,0.05089660055268795,0.43749079722448453,0.6617554487022527,0,0,1,醫療器材,金融科技
C200,5300,859,0.08039704915700618,0.7803144186218344,0.4352058279028128,0,0,7,醫療器材,人工智慧
C200,5400,859,0.09772000526032386,1.0445850721602972,0.2962147818728854,3,4,7,醫療器材,雲端運算
C200,5500,859,0.09306586964024957,0.956200702561761,0.338970845069992,0,0,3,醫療器材,資通訊安全
C200,5600,859,0.11866900833277849,1.2081143430312922,0.22700328342115483,0,0,4,醫療器材,大數據
C200,5700,859,0.06419140775458515,0.5947353017340646,0.5520204206724717,0,0,4,醫療器材,體驗科技
C200,5800,859,0.06529469542443617,0.6729792628896814,0.5009604837847804,0,4,6,醫療器材,運動科技
C200,6000,859,0.015422050653861433,0.135460112349427,0.8922480992557353,0,0,0,醫療器材,自動化
C200,B000,859,0.1040788856526491,1.0415488866991898,0.29762087674026094,0,0,4,醫療器材,休閒娛樂
C200,C100,859,0.09637351719769037,0.42295952920666047,0.6723247888899879,5,11,26,醫療器材,製藥
C200,C300,859,0.05602363275492385,0.3316027616973115,0.7401892339421677,3,8,18,醫療器材,食品生技
C200,C400,859,0.4354686568165998,2.9803345902512586,0.0028793369380094875,2,5,8,醫療器材,再生醫療
C200,D000,859,0.05227751298930101,0.43746030398868574,0.6617775585056005,2,4,10,醫療器材,半導體
C200,F000,859,0.09970365988192306,0.9782817725894962,0.32793498238608954,3,9,22,醫療器材,電腦週邊
C200,G000,859,0.09419014648279198,0.8681911650003349,0.38528969005688896,5,8,14,醫療器材,平面顯示器
C200,H000,859,0.08590228606803331,0.7742322886526672,0.4387934372568649,1,3,5,醫療器材,觸控面板
C200,I000,859,0.10692531434781333,1.058296016909841,0.2899205082879701,1,3,17,醫療器材,通信網路
C200,J000,859,-0.030782648154420007,-0.2594251003118865,0.7953072652137574,0,3,4,醫療器材,被動元件
C200,K000,859,0.058833543127299444,0.5890208307145394,0.5558472999985276,0,4,13,醫療器材,連接器
C200,L000,859,0.06746654936846314,0.5956583150604323,0.5514035109621707,0,1,4,醫療器材,印刷電路板
C200,M000,859,0.09842371586401086,1.2051911791194936,0.22812950683970235,0,1,1,醫療器材,食品
C200,N000,859,0.08749838469101891,1.0310264340443636,0.3025284238808418,0,0,6,醫療器材,石化及塑橡膠
C200,O000,859,0.055063242044288294,0.6068859534517229,0.5439266005805232,0,2,5,醫療器材,紡織
C200,P000,859,0.09081703425700285,1.0353443681807606,0.30050811635176,2,3,14,醫療器材,電機機械
C200,Q000,859,-0.0008694141261071835,-0.010011055256449044,0.9920124669938181,0,0,0,醫療器材,鋼鐵
C200,R000,859,0.10501651629173014,1.2269196722313829,0.2198527838789306,0,0,6,醫療器材,軟體服務
C200,R300,859,0.028057607552154862,0.2636038106657342,0.7920852218752426,0,0,3,醫療器材,電子商務
C200,S000,859,0.030851030976669358,0.36295853133632755,0.716635862094659,2,4,5,醫療器材,建材營造
C200,T000,859,0.18944529725906187,1.8730698144298807,0.06105874500806749,0,0,2,醫療器材,交通運輸及航運
C200,U000,859,0.0991674454392293,1.0670934712482207,0.2859296296976479,0,0,0,醫療器材,金融
C200,V000,859,0.07909689319583228,0.947680729864051,0.3432920139354587,1,4,4,醫療器材,貿易百貨
C200,W000,859,0.027170592123033268,0.5544666000088967,0.5792595576619651,0,0,0,醫療器材,油電燃氣
C200,X000,859,0.0748212910227725,0.8961244367548561,0.3701863070699706,0,0,19,醫療器材,其他
C200,Y000,859,0.05901634021206512,0.5618397291824718,0.5742252208143054,0,0,1,醫療器材,文化創意
C300,1000,859,0.08286826663138838,1.4947002118030583,0.13499269899871327,0,0,0,食品生技,水泥
C300,2000,859,0.10563817407689138,1.5117203263907215,0.13060502541965083,0,0,0,食品生技,造紙
C300,3000,859,0.06466144810413486,1.4965781315643443,0.1345030638612047,0,0,0,食品生技,汽車
C300,4100,859,0.03305844499725135,0.5349615109698421,0.5926764724110052,0,0,0,食品生技,太空衛星科技
C300,5100,859,0.09900288953025141,1.6341718581535019,0.10222276983908896,0,0,0,食品生技,區塊鏈
C300,5200,859,0.09984048229469816,1.5846423391855762,0.11304761952688468,0,0,0,食品生技,金融科技
C300,5300,859,0.036375993851842627,0.7236027085500624,0.46930967807114665,0,0,0,食品生技,人工智慧
C300,5400,859,0.05996453505955228,1.3204889496381245,0.1866718230509231,0,0,1,食品生技,雲端運算
C300,5500,859,0.07417903138921264,1.560668769364978,0.11860192365430704,0,0,0,食品生技,資通訊安全
C300,5600,859,0.06376100334317668,1.321238355950158,0.18642190087346044,0,0,0,食品生技,大數據
C300,5700,859,0.031982058431775866,0.6153889457224027,0.5382978899276936,0,0,0,食品生技,體驗科技
C300,5800,859,0.03842724310221409,0.765457929801182,0.44399890881902637,0,0,0,食品生技,運動科技
C300,6000,859,0.043280486754376624,0.8284781906304596,0.40739974117095923,0,0,0,食品生技,自動化
C300,B000,859,0.048554920030697946,0.9664116876349959,0.3338382180076639,0,0,1,食品生技,休閒娛樂
C300,C100,859,0.06037255611554256,0.42572708415214927,0.6703067241474181,8,11,33,食品生技,製藥
C300,C200,859,0.03507710035615108,0.4973528184425378,0.6189402710585743,2,10,18,食品生技,醫療器材
C300,C400,859,0.10301189820785617,1.208887869881094,0.22670592697393321,3,5,7,食品生技,再生醫療
C300,D000,859,0.03307489272830269,0.5490380728193436,0.582979322066859,0,0,2,食品生技,半導體
C300,F000,859,0.06114958026582907,1.1998803061713015,0.23018582952670108,0,0,0,食品生技,電腦週邊
C300,G000,859,0.06141993648652645,1.1063573578127774,0.2685718746214274,0,0,1,食品生技,平面顯示器
C300,H000,859,0.02701081871284656,0.46698180610002654,0.6405128950530247,0,0,1,食品生技,觸控面板
C300,I000,859,0.056971557733789986,1.1935111167808152,0.23266926102386087,0,0,1,食品生技,通信網路
C300,J000,859,-0.01571758095439565,-0.267750499258563,0.7888913756861843,0,0,0,食品生技,被動元件
C300,K000,859,0.02989695404796984,0.6032765231350038,0.5463247481749691,0,1,1,食品生技,連接器
C300,L000,859,0.03981296074070745,0.6968801946408397,0.4858777732771987,0,0,1,食品生技,印刷電路板
C300,M000,859,0.09806517722006007,1.8240363399409558,0.06814657852275836,0,3,8,食品生技,食品
C300,N000,859,0.048303291560197185,0.9697628589685127,0.3321647099272311,0,0,3,食品生技,石化及塑橡膠
C300,O000,859,0.06497315339747012,1.0618619558001048,0.28829835839023676,0,0,0,食品生技,紡織
C300,P000,859,0.051982752943269095,1.1501835444015995,0.25006828235409173,0,0,0,食品生技,電機機械
C300,Q000,859,0.013139875757706983,0.24398201393203672,0.8072447498556584,0,0,0,食品生技,鋼鐵
C300,R000,859,0.06973758218098573,1.6681802281669027,0.09527995462141199,0,0,0,食品生技,軟體服務
C300,R300,859,0.051422833948478075,0.8609559277657642,0.3892623168531282,0,0,2,食品生技,電子商務
C300,S000,859,0.05882217256834177,1.1159688334599678,0.2644354756212236,0,0,1,食品生技,建材營造
C300,T000,859,0.0831379363743156,1.45940946213659,0.1444524432475209,0,0,0,食品生技,交通運輸及航運
C300,U000,859,0.09252266135171533,1.4414119343193643,0.14946834065921874,0,0,0,食品生技,金融
C300,V000,859,0.059348747234773305,1.357415875788132,0.17464910663511068,1,1,2,食品生技,貿易百貨
C300,W000,859,0.018503482116986693,0.5439848558155067,0.5864518942474987,0,0,0,食品生技,油電燃氣
C300,X000,859,0.03761903262844974,0.8885270037264845,0.37425733688244445,0,0,4,食品生技,其他
C300,Y000,859,0.024317411330924868,0.44147790833301237,0.6588670513455324,0,0,2,食品生技,文化創意
C400,1000,859,0.01679907813461793,0.511627715081254,0.6089115847424456,0,0,0,再生醫療,水泥
C400,2000,859,-0.02030914694334765,-0.5335876157673509,0.5936268782902447,0,0,0,再生醫療,造紙
C400,3000,859,0.01979790110904417,0.6675389580605777,0.5044279336847248,0,0,0,再生醫療,汽車
C400,4100,859,-0.02096238443851172,-0.5799069853500505,0.561977344837927,0,0,0,再生醫療,太空衛星科技
C400,5100,859,-0.009385773664616815,-0.23802574614341263,0.8118611254548365,0,0,0,再生醫療,區塊鏈
C400,5200,859,0.005874774485897034,0.15772154469149247,0.8746762227759838,0,0,0,再生醫療,金融科技
C400,5300,859,-0.005545339129774902,-0.16908405279347738,0.8657305283502115,0,0,0,再生醫療,人工智慧
C400,5400,859,0.008314760708115692,0.27475004464242975,0.7835082800652555,0,0,0,再生醫療,雲端運算
C400,5500,859,0.0019321097177002308,0.06502490820769632,0.9481541683371962,0,0,0,再生醫療,資通訊安全
C400,5600,859,-0.0071012238002097034,-0.22228115175661797,0.8240950238230905,0,0,0,再生醫療,大數據
C400,5700,859,-0.0068074351894628835,-0.20023112293485892,0.8412998274308943,0,0,0,再生醫療,體驗科技
C400,5800,859,-0.0021511005987362203,-0.06980504547322,0.9443488312697582,0,0,0,再生醫療,運動科技
C400,6000,859,0.020873531056052767,0.483664735097317,0.6286238243966844,0,0,0,再生醫療,自動化
C400,B000,859,0.026857456248346314,0.8000436922813406,0.4236854830395662,0,0,0,再生醫療,休閒娛樂
C400,C100,859,-0.07160758122111331,-1.296085050831817,0.19494618468210134,2,4,10,再生醫療,製藥
C400,C200,859,-0.03553112092941077,-0.9636027178534948,0.3352451437007,2,7,8,再生醫療,醫療器材
C400,C300,859,-0.017499781767386993,-0.3978730322163736,0.6907237796550743,3,5,7,再生醫療,食品生技
C400,D000,859,-0.01845129885458825,-0.5059442086895428,0.6128958162090661,0,0,1,再生醫療,半導體
C400,F000,859,0.004882785274529618,0.1511151435331647,0.8798848868710027,0,0,0,再生醫療,電腦週邊
C400,G000,859,-9.232336203487089e-05,-0.002713201418901308,0.9978351811335492,0,0,0,再生醫療,平面顯示器
C400,H000,859,-0.0027750401383167863,-0.07665744645252134,0.938896057692565,0,0,0,再生醫療,觸控面板
C400,I000,859,0.00535875946308117,0.1668079711927837,0.8675211464625734,0,0,0,再生醫療,通信網路
C400,J000,859,-0.025937285871594967,-0.7319243517628975,0.46421474184760525,0,0,0,再生醫療,被動元件
C400,K000,859,-0.00510330565038748,-0.15380143580811273,0.8777663016972753,0,0,0,再生醫療,連接器
C400,L000,859,-0.01355827393350141,-0.3872658678173584,0.6985593914278638,0,0,0,再生醫療,印刷電路板
C400,M000,859,0.0180180158955355,0.7024087024310108,0.482424319724424,0,0,0,再生醫療,食品
C400,N000,859,0.012587547437431266,0.41453837710621044,0.6784798674040862,0,0,0,再生醫療,石化及塑橡膠
C400,O000,859,0.01691250982097861,0.5649934190020648,0.5720782404244062,0,0,0,再生醫療,紡織
C400,P000,859,0.006652135131848017,0.24234744984514633,0.8085109496851602,0,0,0,再生醫療,電機機械
C400,Q000,859,-0.005620746478781127,-0.17938126147292058,0.8576383439212323,0,0,0,再生醫療,鋼鐵
C400,R000,859,0.002415568942257763,0.0855557184426643,0.9318196008919669,0,0,0,再生醫療,軟體服務
C400,R300,859,-0.002490909118212675,-0.07479620158447461,0.940376864050209,0,0,1,再生醫療,電子商務
C400,S000,859,0.010827647078195335,0.34466132019857326,0.7303490002637097,0,0,0,再生醫療,建材營造
C400,T000,859,0.028895375192159258,0.8617549001310327,0.38882240761685205,0,0,0,再生醫療,交通運輸及航運
C400,U000,859,0.03453655109679979,0.9644891849567996,0.33480072801071137,0,0,0,再生醫療,金融
C400,V000,859,0.020524211200779165,0.7341880282177013,0.4628341488694243,0,0,0,再生醫療,貿易百貨
C400,W000,859,0.00364381772623518,0.20906305841528924,0.8343990125604945,0,0,0,再生醫療,油電燃氣
C400,X000,859,0.00417899653250856,0.15371369682120853,0.8778354846373521,0,0,1,再生醫療,其他
C400,Y000,859,-0.01938249652662235,-0.5983501540388402,0.5496063179318162,0,0,0,再生醫療,文化創意
D000,1000,859,-0.0767881282750522,-0.6177950151031312,0.5367104698331469,0,0,0,半導體,水泥
D000,2000,859,-0.0955030249211798,-0.5802844158147445,0.5617228350016311,0,0,0,半導體,造紙
D000,3000,859,-0.023341604253111978,-0.19682729817860378,0.8439626881083822,4,5,6,半導體,汽車
D000,4100,859,0.09854836116340424,0.6250670886225269,0.5319270272858609,2,5,6,半導體,太空衛星科技
D000,5100,859,0.08659140028558508,0.5431533760602769,0.5870242048676495,0,0,1,半導體,區塊鏈
D000,5200,859,0.09677607671136411,0.6566505902455382,0.5114056115297988,0,0,0,半導體,金融科技
D000,5300,859,0.020485418878641384,0.16469363377856094,0.8691851280648795,0,0,16,半導體,人工智慧
D000,5400,859,0.05939135542520946,0.5109529760760071,0.6093839845522987,6,9,11,半導體,雲端運算
D000,5500,859,0.05474661032377413,0.4747675339348302,0.6349526760469524,0,0,6,半導體,資通訊安全
D000,5600,859,0.05595628982030785,0.45926718255034626,0.6460423112557436,0,0,10,半導體,大數據
D000,5700,859,-0.02943746462291929,-0.19408528743756884,0.8461091015085666,0,0,9,半導體,體驗科技
D000,5800,859,0.005377427924029908,0.04467838656154232,0.9643636615168962,4,4,6,半導體,運動科技
D000,6000,859,0.0845421112658158,0.6448748093501373,0.5190083174528073,1,1,5,半導體,自動化
D000,B000,859,0.04076556271614547,0.3070938152059925,0.7587719651637301,0,0,2,半導體,休閒娛樂
D000,C100,859,0.017886837467661818,0.09441654168765777,0.9247782761364558,0,2,3,半導體,製藥
D000,C200,859,0.04111100897304647,0.3128240360696733,0.7544143530892099,5,7,10,半導體,醫療器材
D000,C300,859,-0.06260382981141938,-0.3910460688345068,0.6957631836179077,0,0,2,半導體,食品生技
D000,C400,859,-0.0356976393207202,-0.1871994583794188,0.8515042494831638,0,0,1,半導體,再生醫療
D000,F000,859,-0.02036015197961386,-0.1557331404651564,0.8762433735506762,24,32,40,半導體,電腦週邊
D000,G000,859,-0.052267913063178295,-0.3705338771130861,0.7109847396614113,12,57,58,半導體,平面顯示器
D000,H000,859,0.03699243052556195,0.26165371262914144,0.7935884294573714,4,12,19,半導體,觸控面板
D000,I000,859,0.031016678951183225,0.24683388888982977,0.8050367822532751,11,14,21,半導體,通信網路
D000,J000,859,0.0611769491674822,0.37544576911364724,0.707328971342049,2,11,11,半導體,被動元件
D000,K000,859,0.04202877950097367,0.32256893566027434,0.747021722848167,2,7,7,半導體,連接器
D000,L000,859,0.043947517132977,0.30367361436809764,0.7613765619342996,10,25,25,半導體,印刷電路板
D000,M000,859,-0.059319387930250204,-0.5168023366687988,0.6052941487208936,0,1,1,半導體,食品
D000,N000,859,-0.0016660040409143474,-0.013843562322411084,0.9889547881493936,0,7,11,半導體,石化及塑橡膠
D000,O000,859,-0.21963918526730974,-1.7510641380242036,0.07993486267919227,0,3,4,半導體,紡織
D000,P000,859,0.012406000740654313,0.11081514654389013,0.9117629341248087,4,6,14,半導體,電機機械
D000,Q000,859,0.13388799393351147,0.9065001200641933,0.3646712013659241,0,0,1,半導體,鋼鐵
D000,R000,859,0.03306587674697358,0.29580412421784924,0.7673796732071614,0,0,12,半導體,軟體服務
D000,R300,859,0.0702901322828428,0.5085271577939303,0.6110836983818473,0,0,1,半導體,電子商務
D000,S000,859,-0.1373032422714531,-1.0359462043581158,0.3002272403360877,2,6,6,半導體,建材營造
D000,T000,859,0.04008259242611239,0.22967717547539235,0.8183426321364402,0,0,1,半導體,交通運輸及航運
D000,U000,859,-0.03942973727932375,-0.29134687630030265,0.7707860395020207,0,0,0,半導體,金融
D000,V000,859,-0.11134374305091638,-1.0514046217236754,0.29307279405870623,0,3,4,半導體,貿易百貨
D000,W000,859,-0.0563176674040513,-0.9567037709073606,0.3387167942710916,0,0,1,半導體,油電燃氣
D000,X000,859,-0.00836793768911625,-0.07687201345738996,0.9387253616748874,0,0,34,半導體,其他
D000,Y000,859,-0.029935016785724484,-0.22151616888982287,0.8246905483372812,0,0,0,半導體,文化創意
F000,1000,859,0.11322940968431887,0.5112948236053468,0.6091446291131429,0,0,0,電腦週邊,水泥
F000,2000,859,0.1531028625192072,0.5608328308553526,0.5749115033004125,0,0,1,電腦週邊,造紙
F000,3000,859,0.18299628556324254,0.9195448232727877,0.3578106719184554,7,7,17,電腦週邊,汽車
F000,4100,859,0.21462866833961602,0.8609701407416362,0.3892544886318604,2,2,4,電腦週邊,太空衛星科技
F000,5100,859,0.2408892188500285,0.9558992156772819,0.3391231552956482,0,0,5,電腦週邊,區塊鏈
F000,5200,859,0.09336308636382655,0.38969147253206976,0.6967647029430633,0,0,3,電腦週邊,金融科技
F000,5300,859,0.2423479026682847,1.112939881653838,0.2657342500899015,0,0,27,電腦週邊,人工智慧
F000,5400,859,0.2055351181906001,0.978757622917423,0.32769975289036235,12,17,29,電腦週邊,雲端運算
F000,5500,859,0.20794210922269676,1.0362262715923767,0.30009659307891545,0,0,11,電腦週邊,資通訊安全
F000,5600,859,0.1990060917232279,0.923738137557962,0.3556226706858021,0,0,15,電腦週邊,大數據
F000,5700,859,0.15742551731438714,0.6871089261040563,0.4920140897304718,0,0,13,電腦週邊,體驗科技
F000,5800,859,0.14640052896644415,0.7631231021160242,0.44538998356705095,2,6,10,電腦週邊,運動科技
F000,6000,859,0.2806922239425901,1.3012552092233987,0.1931711132182975,1,1,4,電腦週邊,自動化
F000,B000,859,0.08308184975864236,0.34456380971932987,0.7304223170498507,0,0,6,電腦週邊,休閒娛樂
F000,C100,859,-0.12770700568455315,-0.37936881234004766,0.7044140068116678,0,0,1,電腦週邊,製藥
F000,C200,859,0.034760867126888015,0.15791510857249802,0.8745236925276505,4,11,22,電腦週邊,醫療器材
F000,C300,859,-0.21220041645777774,-0.7321757828198366,0.4640612835550909,0,0,0,電腦週邊,食品生技
F000,C400,859,-0.20469040987213868,-0.6515765121960245,0.5146744038901916,0,0,0,電腦週邊,再生醫療
F000,D000,859,0.12150879216316451,0.46337741034202523,0.6430938677280391,2,5,40,電腦週邊,半導體
F000,G000,859,0.04856150132913473,0.19911653181264927,0.8421715896385602,8,10,44,電腦週邊,平面顯示器
F000,H000,859,0.07411851054405577,0.3003990549182997,0.7638727844825786,1,2,13,電腦週邊,觸控面板
F000,I000,859,0.2308623533745755,0.8873164316996198,0.3749085613730446,4,4,69,電腦週邊,通信網路
F000,J000,859,0.07255632496048153,0.27985261398811884,0.7795905836243175,2,6,13,電腦週邊,被動元件
F000,K000,859,0.18106499847865404,0.7568058682312836,0.449166176612938,0,3,22,電腦週邊,連接器
F000,L000,859,0.23131604815791934,0.9197035812296689,0.357727680677704,0,0,8,電腦週邊,印刷電路板
F000,M000,859,0.04099075452097519,0.20418706738451103,0.8382073171971759,0,0,0,電腦週邊,食品
F000,N000,859,0.29797564458715864,1.376196262362955,0.16876087896123282,0,0,4,電腦週邊,石化及塑橡膠
F000,O000,859,-0.03575545140014296,-0.1588259242233112,0.8738060234838101,0,0,0,電腦週邊,紡織
F000,P000,859,0.15137621337597165,0.8003233744571965,0.4235234637053885,3,3,16,電腦週邊,電機機械
F000,Q000,859,0.2063760449044644,0.8554442151537215,0.392305274724119,0,0,0,電腦週邊,鋼鐵
F000,R000,859,0.16059766086452765,0.8440435030952038,0.39864509641636603,0,0,23,電腦週邊,軟體服務
F000,R300,859,0.10274984462642986,0.43624317502355964,0.6626603057677738,0,0,7,電腦週邊,電子商務
F000,S000,859,0.002696146537007829,0.01114743334095152,0.9911058192513527,4,6,9,電腦週邊,建材營造
F000,T000,859,0.31800280514505885,1.3381804143406084,0.18083763207406134,0,0,0,電腦週邊,交通運輸及航運
F000,U000,859,0.25293542584762213,1.0714298252303796,0.2839762082527648,0,0,0,電腦週邊,金融
F000,V000,859,-0.028632680712361427,-0.14012746584539207,0.888559280078823,3,4,8,電腦週邊,貿易百貨
F000,W000,859,0.011352024410281186,0.1037574624895625,0.9173618242170417,0,0,0,電腦週邊,油電燃氣
F000,X000,859,0.13449089654063817,0.7102182753518166,0.4775687896335058,0,0,33,電腦週邊,其他
F000,Y000,859,-0.145109137609806,-0.6216194759063216,0.5341921115160655,0,0,2,電腦週邊,文化創意
G000,1000,859,-0.03179792370464734,-0.19361193068500554,0.846479755627845,0,0,0,平面顯示器,水泥
G000,2000,859,0.08738397698057634,0.42932634421677396,0.6676857476761406,0,0,0,平面顯示器,造紙
G000,3000,859,0.13573906418660767,0.8517382078049932,0.3943594092925904,2,3,11,平面顯示器,汽車
G000,4100,859,0.32780203342977315,1.5414316876858245,0.1232117568388035,1,1,2,平面顯示器,太空衛星科技
G000,5100,859,0.3189496283965162,1.554428947042542,0.12008213287904812,0,0,1,平面顯示器,區塊鏈
G000,5200,859,0.2582081902772382,1.188414458532249,0.23467016286397968,0,0,0,平面顯示器,金融科技
G000,5300,859,0.2899890183388861,1.607780137400023,0.1078833401003536,0,0,9,平面顯示器,人工智慧
G000,5400,859,0.23976635440855393,1.40235079028128,0.16081052049906197,1,4,6,平面顯示器,雲端運算
G000,5500,859,0.2913834558241935,1.7431736172016272,0.0813032924483126,0,0,2,平面顯示器,資通訊安全
G000,5600,859,0.2820165867819472,1.5767133092534706,0.11486150656986288,0,0,2,平面顯示器,大數據
G000,5700,859,0.22404886987506356,1.1835720949990023,0.23658249202120396,0,0,5,平面顯示器,體驗科技
G000,5800,859,0.24562878275118288,1.4830447175814487,0.13806253027847185,1,4,6,平面顯示器,運動科技
G000,6000,859,0.3473120057023968,1.9266735331016847,0.05402032827344068,0,0,5,平面顯示器,自動化
G000,B000,859,0.15896596025795381,0.8868137166401503,0.3751792014881079,0,0,1,平面顯示器,休閒娛樂
G000,C100,859,0.04772147122205374,0.18231216127534813,0.8553377553049446,0,0,1,平面顯示器,製藥
G000,C200,859,0.14546561573666328,0.7957377125166186,0.4261845021017583,1,4,14,平面顯示器,醫療器材
G000,C300,859,-0.03452930355612709,-0.14228453542041475,0.8868552611916194,0,0,1,平面顯示器,食品生技
G000,C400,859,0.17787607066869798,0.7119492343340739,0.476496212689006,0,0,0,平面顯示器,再生醫療
G000,D000,859,0.2177930668026897,0.9905921041839129,0.3218847947468009,0,25,58,平面顯示器,半導體
G000,F000,859,0.23292179690955472,1.239510643605853,0.2151564495506878,6,14,44,平面顯示器,電腦週邊
G000,H000,859,0.25411909736480576,1.1478138029943314,0.25104543791608447,0,6,27,平面顯示器,觸控面板
G000,I000,859,0.25716854807313355,1.36976751167295,0.170759486616765,0,1,26,平面顯示器,通信網路
G000,J000,859,0.197380183667509,0.94407990619801,0.34512881667360396,0,3,9,平面顯示器,被動元件
G000,K000,859,0.22314208304084537,1.2120913735739858,0.22547740549214335,0,2,12,平面顯示器,連接器
G000,L000,859,0.2941572145065381,1.4522581412061704,0.14642984174154627,0,11,18,平面顯示器,印刷電路板
G000,M000,859,-0.04544175296280526,-0.3045731360772401,0.7606912827724028,0,0,2,平面顯示器,食品
G000,N000,859,0.1604894542514366,1.0332065364134826,0.30150725465080486,0,1,9,平面顯示器,石化及塑橡膠
G000,O000,859,0.07930254240528556,0.49584948126778494,0.6200006110947244,0,0,0,平面顯示器,紡織
G000,P000,859,0.15471162612379036,0.9933446669356774,0.3205420170308405,1,2,16,平面顯示器,電機機械
G000,Q000,859,0.22379764966539614,1.2361602427823122,0.21639900560434022,0,0,1,平面顯示器,鋼鐵
G000,R000,859,0.18498511482215704,1.1614708949861459,0.24545045266172616,0,0,6,平面顯示器,軟體服務
G000,R300,859,0.19290105053301662,1.0418973138104761,0.29745928965943846,0,0,2,平面顯示器,電子商務
G000,S000,859,0.07721331710454281,0.45484081953529526,0.6492237612904703,1,2,5,平面顯示器,建材營造
G000,T000,859,0.11658520769297857,0.6587061603238231,0.5100844763593709,0,0,0,平面顯示器,交通運輸及航運
G000,U000,859,0.17268727674219997,0.9615339927584078,0.336283742229993,0,0,0,平面顯示器,金融
G000,V000,859,0.01661909265868266,0.10814784371061424,0.9138784168866083,2,2,3,平面顯示器,貿易百貨
G000,W000,859,0.01327355508859918,0.17003892071983284,0.8649795280169896,0,0,0,平面顯示器,油電燃氣
G000,X000,859,0.15760807331704793,1.0432840395358163,0.2968167608541792,0,0,27,平面顯示器,其他
G000,Y000,859,0.036260121614544435,0.19735816887584218,0.8435472621719133,0,0,0,平面顯示器,文化創意
H000,1000,859,0.04725549637188457,0.41102572194245307,0.681053673871996,0,0,0,觸控面板,水泥
H000,2000,859,0.09060861201425452,0.6651604712397725,0.5059478602799858,0,0,0,觸控面板,造紙
H000,3000,859,-0.023372969866524977,-0.23309262773645867,0.8156894794684236,0,1,3,觸控面板,汽車
H000,4100,859,0.12304911569988743,0.9246270987912552,0.3551599120958334,0,0,2,觸控面板,太空衛星科技
H000,5100,859,-0.07177085949439051,-0.515256966898463,0.6063734657804456,0,0,0,觸控面板,區塊鏈
H000,5200,859,0.10530561195704331,0.7374414827947149,0.46085391659828745,0,0,0,觸控面板,金融科技
H000,5300,859,0.06656385919523355,0.6007481078425808,0.548007771548926,0,0,3,觸控面板,人工智慧
H000,5400,859,0.07475501380971832,0.6984323038186269,0.48490688003153726,0,2,2,觸控面板,雲端運算
H000,5500,859,0.10165928971543695,0.9177726543571973,0.35873790144760676,0,0,1,觸控面板,資通訊安全
H000,5600,859,0.11430269055241538,1.0092714876525282,0.3128444503165909,0,0,0,觸控面板,大數據
H000,5700,859,0.05875915259082817,0.5068547778913504,0.6122567178949652,0,0,2,觸控面板,體驗科技
H000,5800,859,0.0016383224043150634,0.016088359663280358,0.9871638999577501,1,3,4,觸控面板,運動科技
H000,6000,859,0.06392914364173441,0.5165083664346528,0.6054993970867102,0,1,2,觸控面板,自動化
H000,B000,859,0.04245629055939977,0.3699375736311567,0.7114290046136523,0,0,0,觸控面板,休閒娛樂
H000,C100,859,-0.07675351509392014,-0.48798918083765386,0.6255575044897382,0,0,1,觸控面板,製藥
H000,C200,859,0.013880431011941965,0.1214299760159335,0.9033504751228468,0,3,5,觸控面板,醫療器材
H000,C300,859,-0.1168175438623763,-0.7919291585954504,0.4284019839089662,0,0,1,觸控面板,食品生技
H000,C400,859,0.10265313196047489,0.5338948820310995,0.5934142631954138,0,0,0,觸控面板,再生醫療
H000,D000,859,-0.016524565698374148,-0.1337505589165977,0.8935998240679119,0,5,19,觸控面板,半導體
H000,F000,859,-0.013816375779815461,-0.12678857777366234,0.8991077363912215,1,3,13,觸控面板,電腦週邊
H000,G000,859,-0.0711463095977691,-0.5528049603169342,0.5803969715431478,0,11,27,觸控面板,平面顯示器
H000,I000,859,0.048379020670843965,0.429232009554627,0.6677543905303376,0,1,5,觸控面板,通信網路
H000,J000,859,0.02467645161704416,0.1981400703832244,0.8429354746421194,0,1,4,觸控面板,被動元件
H000,K000,859,0.037540367475612776,0.34711382428993964,0.7285058081717839,0,1,3,觸控面板,連接器
H000,L000,859,0.10271486411092719,0.863044603247857,0.38811294394515317,3,3,10,觸控面板,印刷電路板
H000,M000,859,0.022071733556986307,0.23730720797945978,0.8124184706400891,0,0,1,觸控面板,食品
H000,N000,859,0.07240332933359499,0.7334507801139836,0.4632835373171962,0,0,5,觸控面板,石化及塑橡膠
H000,O000,859,0.07482225488988214,0.768259704472641,0.44233290919585944,0,0,2,觸控面板,紡織
H000,P000,859,0.02660748787550489,0.2736154170977543,0.7843801848571871,0,1,3,觸控面板,電機機械
H000,Q000,859,0.09781017337816732,0.8788231016857376,0.37949719837411944,0,0,0,觸控面板,鋼鐵
H000,R000,859,0.03655056527634977,0.35525026556316563,0.7224021108297707,0,0,2,觸控面板,軟體服務
H000,R300,859,0.07923227066827813,0.6618985972810401,0.508036210826075,0,0,0,觸控面板,電子商務
H000,S000,859,0.013857961346090244,0.1260907093330587,0.8996601216526173,0,0,2,觸控面板,建材營造
H000,T000,859,0.12553413618547973,1.1913939624891787,0.23349896198426912,0,0,0,觸控面板,交通運輸及航運
H000,U000,859,0.15891154438731206,1.3570721570938877,0.17475828430617413,0,0,0,觸控面板,金融
H000,V000,859,0.009485865261804519,0.09928075545804675,0.9209153578384341,0,0,0,觸控面板,貿易百貨
H000,W000,859,-0.010140175715336932,-0.19612979129806973,0.8445085789853881,0,0,0,觸控面板,油電燃氣
H000,X000,859,0.036269968092494984,0.37594015018377014,0.7069613907269288,0,0,9,觸控面板,其他
H000,Y000,859,-0.030425718852965584,-0.23016627572909992,0.8179625664395878,0,0,0,觸控面板,文化創意
I000,1000,859,-0.0620810348281595,-0.4228875701514586,0.6723772920711985,0,0,0,通信網路,水泥
I000,2000,859,-0.0968644277507297,-0.5047838286214701,0.6137106752034378,0,0,0,通信網路,造紙
I000,3000,859,0.029224722033804655,0.21808863584738317,0.827360051586872,4,4,7,通信網路,汽車
I000,4100,859,0.01764024194733274,0.09332143373749327,0.9256482047252342,8,8,10,通信網路,太空衛星科技
I000,5100,859,0.13993342700432745,0.7357898238099657,0.4618586151149767,0,0,2,通信網路,區塊鏈
I000,5200,859,-0.022476216306903406,-0.13009548699119344,0.8964908806366901,0,0,2,通信網路,金融科技
I000,5300,859,0.0659894965039558,0.43425697906809185,0.6641018406386695,0,0,16,通信網路,人工智慧
I000,5400,859,0.06435817562315828,0.4680299385444333,0.6397631801714105,7,13,17,通信網路,雲端運算
I000,5500,859,0.11648666895952843,0.8170715277964804,0.41388755294730406,0,0,14,通信網路,資通訊安全
I000,5600,859,0.09086477170683965,0.6388792346150325,0.5229014976846658,0,0,10,通信網路,大數據
I000,5700,859,0.05163062388541809,0.3175492608000993,0.7508268673010579,0,0,11,通信網路,體驗科技
I000,5800,859,0.02371196825093068,0.180002734026456,0.8571504218158074,1,5,8,通信網路,運動科技
I000,6000,859,0.15442432796009792,0.9661532037487918,0.3339675252273574,0,0,1,通信網路,自動化
I000,B000,859,-0.10208783986171778,-0.6738715387992438,0.5003929881005877,0,0,2,通信網路,休閒娛樂
I000,C100,859,-0.15161432300167724,-0.6099048299515043,0.5419248528302574,0,0,0,通信網路,製藥
I000,C200,859,0.0098155898204913,0.06518219631755667,0.9480289362606446,2,6,17,通信網路,醫療器材
I000,C300,859,-0.1212362803104657,-0.5668250459381923,0.5708330524142753,0,0,1,通信網路,食品生技
I000,C400,859,-0.13270798143469612,-0.5929230213377529,0.553232670460287,0,0,0,通信網路,再生醫療
I000,D000,859,0.03432409635467258,0.20441854762613965,0.8380264372841401,1,4,21,通信網路,半導體
I000,F000,859,-0.016755296848058154,-0.09675666732218376,0.9229196368758282,17,17,69,通信網路,電腦週邊
I000,G000,859,-0.018855392328562995,-0.11770344033299038,0.9063026407410723,8,10,26,通信網路,平面顯示器
I000,H000,859,0.09473758225291003,0.5584939139892473,0.5765071592256142,0,0,5,通信網路,觸控面板
I000,J000,859,0.01709209463751879,0.09518168514020439,0.9241705170748671,0,3,9,通信網路,被動元件
I000,K000,859,0.01478508543812928,0.09971603899005013,0.9205697667362915,0,5,18,通信網路,連接器
I000,L000,859,0.059108864631315435,0.36873248762829525,0.7123271308448824,0,1,6,通信網路,印刷電路板
I000,M000,859,-0.037342189509811136,-0.3105102160830741,0.756172991852386,0,0,1,通信網路,食品
I000,N000,859,0.10772982563440794,0.745985314958902,0.4556762860196908,0,0,1,通信網路,石化及塑橡膠
I000,O000,859,-0.13012614717597262,-0.8650488069704282,0.3870120009436365,0,0,0,通信網路,紡織
I000,P000,859,0.007346869256772045,0.05897727174758186,0.9529702111115492,3,3,12,通信網路,電機機械
I000,Q000,859,0.10652980499723978,0.7337854872165391,0.4630794869848024,0,0,0,通信網路,鋼鐵
I000,R000,859,0.032152985277049434,0.25359427135979,0.7998090227857293,0,0,14,通信網路,軟體服務
I000,R300,859,-0.03891301157325502,-0.24032232758262553,0.8100803872205575,0,0,5,通信網路,電子商務
I000,S000,859,-0.17132443960447005,-1.2074163113507985,0.2272718569167611,2,3,5,通信網路,建材營造
I000,T000,859,0.065935214247489,0.40605205993550747,0.684704349182554,0,0,1,通信網路,交通運輸及航運
I000,U000,859,0.10670659206984562,0.6238924049836605,0.532698248524006,0,0,0,通信網路,金融
I000,V000,859,-0.053667896762007096,-0.4285057246561197,0.6682829666036396,2,2,2,通信網路,貿易百貨
I000,W000,859,-0.05770285422537509,-0.7073725874625129,0.47933496751873883,0,0,0,通信網路,油電燃氣
I000,X000,859,0.02637616284781332,0.22301191712049606,0.8235262315378731,0,0,22,通信網路,其他
I000,Y000,859,-0.2925461376551416,-1.7473468140944457,0.08057719721334884,0,0,2,通信網路,文化創意
J000,1000,859,-0.030128250297213714,-0.48033889642489264,0.6309864352302387,0,0,0,被動元件,水泥
J000,2000,859,-0.061621434386588854,-0.8186257841646868,0.4129999514371846,0,0,0,被動元件,造紙
J000,3000,859,0.014778072472620928,0.2371156352498464,0.8125670830353289,0,2,3,被動元件,汽車
J000,4100,859,0.022812322026102533,0.2709777953815341,0.7864081102655246,0,1,1,被動元件,太空衛星科技
J000,5100,859,-0.036044946570572424,-0.42680334901787553,0.6695225669880855,0,0,0,被動元件,區塊鏈
J000,5200,859,0.027245782355507987,0.3743198662108544,0.7081663535540939,0,0,0,被動元件,金融科技
J000,5300,859,0.0049504731148323515,0.07499199916583303,0.9402210777091258,0,0,1,被動元件,人工智慧
J000,5400,859,-0.03463247389089592,-0.5903125152409279,0.5549811503574785,0,2,2,被動元件,雲端運算
J000,5500,859,-0.02315275613463022,-0.37642599705323676,0.7066002219853484,0,0,0,被動元件,資通訊安全
J000,5600,859,-0.040712037396835314,-0.6887755584527538,0.4909645188925703,0,0,1,被動元件,大數據
J000,5700,859,-0.0687446402182642,-0.894914324560197,0.3708328887368991,0,0,3,被動元件,體驗科技
J000,5800,859,-0.011202057812434283,-0.17209281190570982,0.8633645637272191,0,3,3,被動元件,運動科技
J000,6000,859,0.024545891035798253,0.31858682596432636,0.7500398446528116,0,0,0,被動元件,自動化
J000,B000,859,-0.03831755340599211,-0.5870602177160842,0.5571632645450029,0,0,1,被動元件,休閒娛樂
J000,C100,859,-0.08708672287870262,-1.0580063704398595,0.29005253810500675,0,0,0,被動元件,製藥
J000,C200,859,-0.003693493818095801,-0.06059673907342329,0.9516803705959336,0,3,4,被動元件,醫療器材
J000,C300,859,-0.043935000608836115,-0.5785997340366186,0.562859284241735,0,0,0,被動元件,食品生技
J000,C400,859,-0.11245735562010566,-1.291773181801085,0.19643570532287613,0,0,0,被動元件,再生醫療
J000,D000,859,0.01221935026418014,0.14864512593665902,0.8818336631886204,0,5,11,被動元件,半導體
J000,F000,859,-0.02184800218018874,-0.33237555708013833,0.7396056930485944,0,7,13,被動元件,電腦週邊
J000,G000,859,-0.025925981888275086,-0.3849513068659755,0.7002734920980719,0,8,9,被動元件,平面顯示器
J000,H000,859,-0.005137624877472901,-0.07123059221543365,0.9432142341803602,0,2,4,被動元件,觸控面板
J000,I000,859,0.003473998040560351,0.053058991486934715,0.9576849054530917,0,6,9,被動元件,通信網路
J000,K000,859,0.029838013235710628,0.46433430151740906,0.6424082521008134,0,1,2,被動元件,連接器
J000,L000,859,0.00843266155244218,0.11189505202604552,0.9109066198775438,0,3,4,被動元件,印刷電路板
J000,M000,859,-0.045850009333249016,-0.8396830546977376,0.40108611748361933,0,0,0,被動元件,食品
J000,N000,859,-0.006804277548031064,-0.1160398837001272,0.9076209326644624,0,0,1,被動元件,石化及塑橡膠
J000,O000,859,-0.0297538251280079,-0.4800300103538616,0.6312060538721642,0,0,1,被動元件,紡織
J000,P000,859,0.013527163809441849,0.2343050665059782,0.8147481528880941,0,3,3,被動元件,電機機械
J000,Q000,859,0.06222407369995996,0.971410584786375,0.33134385969436664,0,0,0,被動元件,鋼鐵
J000,R000,859,-0.0231645162349154,-0.406340841030525,0.6844921808861563,0,0,2,被動元件,軟體服務
J000,R300,859,0.05872013720358944,0.9379897560159136,0.3482496745851047,0,0,0,被動元件,電子商務
J000,S000,859,-0.04281396565442269,-0.768689942376549,0.4420773969882811,0,2,2,被動元件,建材營造
J000,T000,859,0.0013255602672439621,0.0189235160877674,0.9849021197733054,0,0,0,被動元件,交通運輸及航運
J000,U000,859,0.019237054609492998,0.3100119763212863,0.756551848946896,0,0,0,被動元件,金融
J000,V000,859,0.005212225645056215,0.1010778370566214,0.9194886713944487,0,2,2,被動元件,貿易百貨
J000,W000,859,-0.021092617610979955,-0.5887844681563519,0.5560058662300078,0,0,0,被動元件,油電燃氣
J000,X000,859,0.01735401301314103,0.320859888710334,0.7483165721675242,0,0,5,被動元件,其他
J000,Y000,859,-0.09265754359409437,-1.3541500216855897,0.17568852016418157,0,0,0,被動元件,文化創意
K000,1000,859,-0.01853565270467259,-0.1627076681358964,0.8707486091523552,0,0,0,連接器,水泥
K000,2000,859,-0.05625525320416943,-0.43683012923433057,0.6622345468255879,0,0,0,連接器,造紙
K000,3000,859,0.04908898798901068,0.5029926194550843,0.6149694612232672,0,2,3,連接器,汽車
K000,4100,859,0.10238939373292566,0.7520606249619177,0.4520146015295611,0,2,2,連接器,太空衛星科技
K000,5100,859,0.09974156634970535,0.7707815008978712,0.44083645405021965,0,0,0,連接器,區塊鏈
K000,5200,859,0.06808161734959611,0.5469354683643516,0.584423067253063,0,0,0,連接器,金融科技
K000,5300,859,0.05968113151653927,0.5510721857128674,0.5815841915047635,0,0,1,連接器,人工智慧
K000,5400,859,0.04928717604979225,0.4902962720734475,0.6239242646056268,0,2,2,連接器,雲端運算
K000,5500,859,0.0855726419524659,0.8293571187245523,0.4069023586010828,0,0,1,連接器,資通訊安全
K000,5600,859,0.07163278921120535,0.6872394345465419,0.4919318579058508,0,0,1,連接器,大數據
K000,5700,859,0.010684538496061362,0.08955376060241865,0.9286418303881632,0,0,2,連接器,體驗科技
K000,5800,859,0.05811716726542751,0.580732875581649,0.5614205009704925,0,3,3,連接器,運動科技
K000,6000,859,0.10983357947311494,0.881356261904798,0.3781250230824019,0,0,0,連接器,自動化
K000,B000,859,0.0872259448505835,0.7932002822865382,0.4276611430858136,0,0,1,連接器,休閒娛樂
K000,C100,859,-0.06918140769317235,-0.43651732362516804,0.6624614330352993,0,0,1,連接器,製藥
K000,C200,859,0.03493435317962514,0.33997407075442404,0.7338760546630901,0,8,13,連接器,醫療器材
K000,C300,859,-0.07643195471311956,-0.5628078607880861,0.5735657269756298,0,0,1,連接器,食品生技
K000,C400,859,0.03276204612016598,0.20801473672691378,0.835217460786426,0,0,0,連接器,再生醫療
K000,D000,859,0.05238720228737952,0.43744240903334475,0.6617905337809619,0,1,7,連接器,半導體
K000,F000,859,0.050099742279018596,0.4380710202044183,0.6613348012607126,0,18,22,連接器,電腦週邊
K000,G000,859,0.05057671180836636,0.4581754042024161,0.6468264289687792,0,8,12,連接器,平面顯示器
K000,H000,859,0.05801372685554124,0.5100384718605739,0.6100245092988325,0,1,3,連接器,觸控面板
K000,I000,859,0.06998566428380489,0.6503405736003841,0.5154722542455674,0,11,18,連接器,通信網路
K000,J000,859,0.03078697687853867,0.24581106299381403,0.805828492747328,0,1,2,連接器,被動元件
K000,L000,859,0.12057724743469915,1.065274290449407,0.2867518235525941,0,4,6,連接器,印刷電路板
K000,M000,859,-0.010296223345217652,-0.11940436891416555,0.9049550001669786,0,0,1,連接器,食品
K000,N000,859,0.08044271008098067,0.8514640172040571,0.39451164345955114,0,0,0,連接器,石化及塑橡膠
K000,O000,859,-0.052027084996870525,-0.5230530023597509,0.6009373696578446,0,0,0,連接器,紡織
K000,P000,859,0.08789182491768668,0.9727277451219074,0.3306886319673922,0,2,4,連接器,電機機械
K000,Q000,859,0.028143100158206393,0.3024977222698534,0.7622726695431432,0,0,0,連接器,鋼鐵
K000,R000,859,0.06265565195475273,0.6325492816607798,0.5270280164909749,0,0,2,連接器,軟體服務
K000,R300,859,0.047390272601485546,0.4331423397904223,0.6649113651253453,0,0,1,連接器,電子商務
K000,S000,859,-0.02234330257378691,-0.21989701969727873,0.8259513574458799,0,0,1,連接器,建材營造
K000,T000,859,-0.03171214246552285,-0.2683736284277939,0.7884117366424284,0,0,0,連接器,交通運輸及航運
K000,U000,859,-0.0176142211389023,-0.14303373685982945,0.8862635369598035,0,0,0,連接器,金融
K000,V000,859,-0.02007759998185516,-0.22536318549537224,0.821696748715765,0,0,0,連接器,貿易百貨
K000,W000,859,-0.02794966814618595,-0.4532653957149919,0.6503576474153927,0,0,0,連接器,油電燃氣
K000,X000,859,0.05251502853545551,0.5985104698934217,0.5494993750167613,0,0,5,連接器,其他
K000,Y000,859,0.03952359409973212,0.3091833815974892,0.7571820345739435,0,0,0,連接器,文化創意
L000,1000,859,-0.13287788355330404,-1.1339662081739108,0.2568087228502669,0,0,0,印刷電路板,水泥
L000,2000,859,-0.12984278915659522,-0.8847965183247056,0.3762663876264335,0,1,1,印刷電路板,造紙
L000,3000,859,-0.06337871477057093,-0.5463844201241815,0.5848017173102928,0,0,1,印刷電路板,汽車
L000,4100,859,-0.012475116237612816,-0.08240107831926731,0.9343277785929667,0,2,2,印刷電路板,太空衛星科技
L000,5100,859,-0.14406511868585967,-0.8547063213631074,0.39271375012043475,0,0,0,印刷電路板,區塊鏈
L000,5200,859,-0.15644002762428816,-1.0714189766528468,0.2839810839713337,0,0,0,印刷電路板,金融科技
L000,5300,859,-0.07737717002594105,-0.6149067215167191,0.5386163236549419,0,0,5,印刷電路板,人工智慧
L000,5400,859,-0.09193541306541847,-0.7392166349043391,0.45977546122997315,0,0,2,印刷電路板,雲端運算
L000,5500,859,-0.07892618511434585,-0.6358139924045078,0.5248976663039584,0,0,0,印刷電路板,資通訊安全
L000,5600,859,-0.09152575476169758,-0.6914884301374528,0.48925864907415617,0,0,2,印刷電路板,大數據
L000,5700,859,-0.15569323996860376,-1.150829765000595,0.24980227690291035,0,0,2,印刷電路板,體驗科技
L000,5800,859,-0.06574212729305579,-0.5501835500914667,0.5821934851799704,0,0,1,印刷電路板,運動科技
L000,6000,859,-0.04592076882700857,-0.3026327803008289,0.7621697301574923,0,0,1,印刷電路板,自動化
L000,B000,859,-0.03507518018245145,-0.2822008838534674,0.77778948063617,0,0,2,印刷電路板,休閒娛樂
L000,C100,859,-0.1566835818769811,-0.8125869917168387,0.41645489221043164,0,1,2,印刷電路板,製藥
L000,C200,859,-0.00724881212675636,-0.05459581492097829,0.9564604729969681,0,4,4,印刷電路板,醫療器材
L000,C300,859,-0.0993156083136218,-0.6163515569816205,0.5376625182202954,0,0,1,印刷電路板,食品生技
L000,C400,859,0.14566112105117898,0.7326182313063963,0.46379130838322624,0,0,0,印刷電路板,再生醫療
L000,D000,859,-0.04239483222064852,-0.2896059651407569,0.7721177029683758,0,4,25,印刷電路板,半導體
L000,F000,859,-0.10197874167202167,-0.7997917761924984,0.4238314485708745,0,6,8,印刷電路板,電腦週邊
L000,G000,859,-0.10169030813217134,-0.7258278246678506,0.4679443270654564,0,4,18,印刷電路板,平面顯示器
L000,H000,859,-0.042916756256719486,-0.3013786914816825,0.7631257411418467,0,3,10,印刷電路板,觸控面板
L000,I000,859,-0.04224459298102698,-0.32611865034009496,0.744334586806533,0,4,6,印刷電路板,通信網路
L000,J000,859,-0.03593557123009514,-0.2218266513496744,0.8244488315002205,0,3,4,印刷電路板,被動元件
L000,K000,859,0.011746992293715014,0.08467987400453664,0.9325158967052526,0,5,6,印刷電路板,連接器
L000,M000,859,-0.19559573025717814,-1.8990746631224722,0.057554659892079724,0,0,1,印刷電路板,食品
L000,N000,859,-0.027363792427190777,-0.24333158750986217,0.8077485363189838,0,2,4,印刷電路板,石化及塑橡膠
L000,O000,859,-0.09834489918431574,-0.854755895722239,0.39268629919830544,0,1,2,印刷電路板,紡織
L000,P000,859,0.007598158615612747,0.06862155578988392,0.9452908602706565,0,2,6,印刷電路板,電機機械
L000,Q000,859,0.05748899066868776,0.48282552439344784,0.6292196258675509,0,0,0,印刷電路板,鋼鐵
L000,R000,859,-0.07241612752522539,-0.6213271458456567,0.534384396317882,0,0,1,印刷電路板,軟體服務
L000,R300,859,-0.11181995717479484,-0.8079428223976209,0.4191234982454918,0,0,1,印刷電路板,電子商務
L000,S000,859,-0.07726570486550634,-0.6887315240328103,0.4909922343289105,0,0,3,印刷電路板,建材營造
L000,T000,859,0.02430820542859051,0.17237849423480425,0.8631399782139644,0,0,0,印刷電路板,交通運輸及航運
L000,U000,859,-0.023050918592235452,-0.18211813351502087,0.8554900182166841,0,0,0,印刷電路板,金融
L000,V000,859,-0.050084494336621335,-0.4966477932999001,0.6194374437558832,0,1,2,印刷電路板,貿易百貨
L000,W000,859,-0.06650593581349237,-0.8932454281909665,0.37172575520831264,0,0,0,印刷電路板,油電燃氣
L000,X000,859,-0.014879205099972573,-0.13776543300203825,0.8904258042775375,0,0,8,印刷電路板,其他
L000,Y000,859,-0.13439401899579725,-1.094117524097003,0.2739034376156846,0,0,0,印刷電路板,文化創意
M000,1000,859,-0.0026115321385203312,-0.022276232533314108,0.9822276078682477,0,0,0,食品,水泥
M000,2000,859,-0.08765220547413466,-0.6843290693615431,0.49376739476816,0,0,0,食品,造紙
M000,3000,859,-0.0359680860233405,-0.40907859750913816,0.6824819822102068,0,0,0,食品,汽車
M000,4100,859,-0.09866074873852994,-0.8044583180683585,0.4211323325279932,0,0,0,食品,太空衛星科技
M000,5100,859,-0.02158246434040303,-0.162702530539405,0.8707526544597205,0,0,0,食品,區塊鏈
M000,5200,859,-0.0878044374759555,-0.7297385253474492,0.46555002749630936,0,0,0,食品,金融科技
M000,5300,859,-0.06602788452258639,-0.6175444960676989,0.5368756415415272,0,0,0,食品,人工智慧
M000,5400,859,-0.06587556821290572,-0.6583086067040863,0.5103398486577305,0,0,1,食品,雲端運算
M000,5500,859,-0.07794960206025738,-0.7556827257707551,0.4498394434299816,0,0,1,食品,資通訊安全
M000,5600,859,-0.07110042586545036,-0.6882389471109058,0.49130232145728503,0,0,0,食品,大數據
M000,5700,859,-0.007588531606032871,-0.0691385945630554,0.9448793004951446,0,0,0,食品,體驗科技
M000,5800,859,-0.03787884225863029,-0.3975323196871466,0.6909749582031097,0,0,0,食品,運動科技
M000,6000,859,-0.16019428647327105,-1.5104475075332293,0.13092927409068497,0,0,0,食品,自動化
M000,B000,859,-0.07305451747285542,-0.6890925734753156,0.4907650132071899,0,0,2,食品,休閒娛樂
M000,C100,859,0.19060804725893749,1.2326601876422796,0.21770257129362036,1,1,1,食品,製藥
M000,C200,859,0.0016823483338607498,0.017143693976180232,0.9863219812737414,0,0,1,食品,醫療器材
M000,C300,859,0.17784405620814817,1.2760377888832208,0.20194216114780228,3,5,8,食品,食品生技
M000,C400,859,0.05821268028836592,0.40145456980072247,0.6880854795178046,0,0,0,食品,再生醫療
M000,D000,859,-0.02082964213544355,-0.16181173348677313,0.8714541128296509,0,0,1,食品,半導體
M000,F000,859,-0.005485610723860843,-0.04581377747906978,0.9634586775013823,0,0,0,食品,電腦週邊
M000,G000,859,0.0014941060913549816,0.012624576318631594,0.9899273130334164,0,0,2,食品,平面顯示器
M000,H000,859,-0.015404244981118115,-0.13234729036033066,0.8947096040231152,0,0,1,食品,觸控面板
M000,I000,859,-0.06408735892273316,-0.6095661112341978,0.5421492662540759,0,0,1,食品,通信網路
M000,J000,859,-0.023128019992901563,-0.19603599009829104,0.8445819964646049,0,0,0,食品,被動元件
M000,K000,859,-0.05367161672102357,-0.5404269756841618,0.5889026085796881,0,0,1,食品,連接器
M000,L000,859,-0.056414601455723794,-0.49151885731975603,0.6230595180786473,0,0,1,食品,印刷電路板
M000,N000,859,-0.05086031267531084,-0.4874292947947232,0.6259541376227863,0,0,1,食品,石化及塑橡膠
M000,O000,859,0.00036564501797642585,0.0034327364992153436,0.9972610779250695,0,0,0,食品,紡織
M000,P000,859,-0.033531682496313,-0.3736097797581812,0.7086946568336054,0,0,0,食品,電機機械
M000,Q000,859,-0.1127507209753587,-1.1055536807168593,0.26891974760192616,0,0,0,食品,鋼鐵
M000,R000,859,-0.057306476486361946,-0.6025968492154024,0.546776916931133,0,0,0,食品,軟體服務
M000,R300,859,-0.09986296640735497,-0.8896635724260857,0.3736465595201325,0,0,1,食品,電子商務
M000,S000,859,-0.01600516078507298,-0.1591507398209875,0.8735501130212316,0,3,4,食品,建材營造
M000,T000,859,-0.08454501199781224,-0.6497505230853977,0.5158533829722508,0,0,1,食品,交通運輸及航運
M000,U000,859,-0.031098643408769003,-0.245467018752106,0.8060948423208695,0,0,0,食品,金融
M000,V000,859,-0.006986053309503535,-0.07258660746306375,0.9421350843016918,2,5,7,食品,貿易百貨
M000,W000,859,0.05895557930694649,1.0396807436339863,0.2984882498811655,0,0,0,食品,油電燃氣
M000,X000,859,-0.027996735439808317,-0.3044209676304036,0.7608071954964821,0,0,7,食品,其他
M000,Y000,859,-0.05267051469262349,-0.4822384300857378,0.6296365797196417,0,0,1,食品,文化創意
N000,1000,859,0.2957245792780281,2.247203181078366,0.024627044984787745,0,0,0,石化及塑橡膠,水泥
N000,2000,859,0.21440307939370587,1.1018784222458804,0.27051453059333397,0,1,1,石化及塑橡膠,造紙
N000,3000,859,0.13077654358979887,0.9281590618520593,0.3533250665105263,6,6,6,石化及塑橡膠,汽車
N000,4100,859,0.17357938565729486,0.9961570789026697,0.3191738300924518,0,0,0,石化及塑橡膠,太空衛星科技
N000,5100,859,0.2428020194291779,1.3455879029099993,0.1784354551266688,0,0,0,石化及塑橡膠,區塊鏈
N000,5200,859,0.06939289351043486,0.4658613551383435,0.6413147442757496,0,0,0,石化及塑橡膠,金融科技
N000,5300,859,0.09805005474616285,0.6969516185608953,0.4858330722900681,0,0,0,石化及塑橡膠,人工智慧
N000,5400,859,0.06976143542451832,0.5301423644553751,0.5960132281911565,0,0,0,石化及塑橡膠,雲端運算
N000,5500,859,0.07813530148250539,0.5907590459735872,0.5546818790287192,0,0,0,石化及塑橡膠,資通訊安全
N000,5600,859,0.06779796957855957,0.5252779982457558,0.5993899499664401,0,0,0,石化及塑橡膠,大數據
N000,5700,859,0.09336542303028518,0.5984134157476999,0.5495641163165066,0,0,0,石化及塑橡膠,體驗科技
N000,5800,859,0.1097944500383958,0.7742072697754823,0.43880822991730295,0,1,1,石化及塑橡膠,運動科技
N000,6000,859,0.15289934316867013,0.8731739329646326,0.3825682806802252,0,0,0,石化及塑橡膠,自動化
N000,B000,859,0.11183503081777912,0.7896239042946852,0.42974744368980233,0,0,0,石化及塑橡膠,休閒娛樂
N000,C100,859,0.17636629288499464,1.001814458948102,0.3164332126007581,1,3,5,石化及塑橡膠,製藥
N000,C200,859,0.10981736257499873,0.8285718004048682,0.4073467504607765,1,5,6,石化及塑橡膠,醫療器材
N000,C300,859,0.16121147772525826,1.0248983302507921,0.3054111625711101,1,2,3,石化及塑橡膠,食品生技
N000,C400,859,0.28561488468361107,1.515093390532066,0.12974875524540494,0,0,0,石化及塑橡膠,再生醫療
N000,D000,859,0.15308355367262208,0.882910392846214,0.37728468792458547,0,7,11,石化及塑橡膠,半導體
N000,F000,859,0.18767477024190818,1.0950679178951161,0.2734868826324691,3,3,4,石化及塑橡膠,電腦週邊
N000,G000,859,0.17723925072436747,1.1132330134048314,0.2656083674430929,7,8,9,石化及塑橡膠,平面顯示器
N000,H000,859,0.14408614594211777,0.8241458309782926,0.4098567015743483,4,5,5,石化及塑橡膠,觸控面板
N000,I000,859,0.14815961635788197,0.9029007154707526,0.36657859089303724,0,0,1,石化及塑橡膠,通信網路
N000,J000,859,0.1750300662506097,0.993957114662117,0.3202437464109197,1,1,1,石化及塑橡膠,被動元件
N000,K000,859,0.1475385452609059,0.9348808350357484,0.3498497148279458,0,0,0,石化及塑橡膠,連接器
N000,L000,859,0.126347741963303,0.7790555492852852,0.43594699309324003,2,4,4,石化及塑橡膠,印刷電路板
N000,M000,859,0.18057541921902845,1.6799556214778342,0.09296595053601299,1,1,1,石化及塑橡膠,食品
N000,O000,859,0.229789618205085,1.494128789362991,0.13514196053964592,4,13,18,石化及塑橡膠,紡織
N000,P000,859,0.09310008078620613,0.7791335495268319,0.43590104894857706,1,1,4,石化及塑橡膠,電機機械
N000,Q000,859,0.09991863600346385,0.6528485113251102,0.5138539455893567,0,0,1,石化及塑橡膠,鋼鐵
N000,R000,859,0.08033237542258913,0.6342766968221618,0.5259002617172536,0,0,0,石化及塑橡膠,軟體服務
N000,R300,859,0.14757875064622986,1.0176856099578706,0.30882738801813836,0,0,0,石化及塑橡膠,電子商務
N000,S000,859,0.18618184151823866,1.240101181634449,0.2149379719841601,1,3,3,石化及塑橡膠,建材營造
N000,T000,859,0.08712417522228125,0.4909712122334897,0.6234468086416514,0,0,0,石化及塑橡膠,交通運輸及航運
N000,U000,859,0.21451035733611717,1.2415461144873707,0.21440407379573245,0,0,0,石化及塑橡膠,金融
N000,V000,859,0.17045232291599283,1.4921537417632704,0.13565884594967176,0,1,1,石化及塑橡膠,貿易百貨
N000,W000,859,0.15280572643423498,2.0848255999764795,0.037085134059630334,0,0,2,石化及塑橡膠,油電燃氣
N000,X000,859,0.13097301461187844,1.040162158535196,0.29826456913057076,0,0,13,石化及塑橡膠,其他
N000,Y000,859,0.18228094038280113,1.3052818870139755,0.19179687942935175,0,0,0,石化及塑橡膠,文化創意
O000,1000,859,-0.04385046330634766,-0.4313399603171712,0.6662211986554649,0,0,0,紡織,水泥
O000,2000,859,0.009072256310524442,0.07259396614216859,0.9421292283740539,0,0,0,紡織,造紙
O000,3000,859,-0.002274461036250658,-0.02436430215086046,0.9805620226242753,0,0,0,紡織,汽車
O000,4100,859,0.053325345497843124,0.43672619373387994,0.6623099305642834,0,0,0,紡織,太空衛星科技
O000,5100,859,-0.0698723578329441,-0.5734922667954329,0.566311433662747,0,0,0,紡織,區塊鏈
O000,5200,859,-0.08687078975704574,-0.6967452491505495,0.4859622356027551,0,0,0,紡織,金融科技
O000,5300,859,0.015132520500119586,0.1400352708934173,0.8886321228013064,0,0,0,紡織,人工智慧
O000,5400,859,-0.013260433658004103,-0.13233012200669744,0.8947231829577068,0,0,0,紡織,雲端運算
O000,5500,859,0.009465167136839932,0.09477728967323562,0.9244917258709929,0,0,0,紡織,資通訊安全
O000,5600,859,-0.021645228331360056,-0.20727608492770058,0.8357942500366411,0,0,0,紡織,大數據
O000,5700,859,0.05449051391384366,0.49374512859443426,0.6214861895413777,0,0,0,紡織,體驗科技
O000,5800,859,-0.031661470435550926,-0.3501707808571261,0.7262105337436633,0,1,1,紡織,運動科技
O000,6000,859,-0.011408827926332653,-0.09547877504346514,0.9239345482932706,0,0,0,紡織,自動化
O000,B000,859,-0.006054354560053753,-0.06048806632953372,0.9517669201363959,0,0,1,紡織,休閒娛樂
O000,C100,859,0.1024561839690163,0.7461406465695483,0.45558245777597395,0,1,1,紡織,製藥
O000,C200,859,0.045703655082146626,0.47247602689636153,0.6365870492662146,0,4,5,紡織,醫療器材
O000,C300,859,0.14882393295694415,1.192283619750606,0.23315005509340625,0,0,0,紡織,食品生技
O000,C400,859,0.0977717355799259,0.7016761794150818,0.4828811315761201,0,0,0,紡織,再生醫療
O000,D000,859,0.0581170935513962,0.4989606223397612,0.6178071251933934,0,2,4,紡織,半導體
O000,F000,859,0.0548563828563556,0.4744398820977356,0.6351862586737047,0,0,0,紡織,電腦週邊
O000,G000,859,0.07359456554579195,0.672764143719828,0.5010973525617817,0,0,0,紡織,平面顯示器
O000,H000,859,0.01191126100078795,0.1041062542076531,0.9170850276906511,0,2,2,紡織,觸控面板
O000,I000,859,-0.008875513015732663,-0.0843033886622852,0.932815218232769,0,0,0,紡織,通信網路
O000,J000,859,0.021697959585973117,0.18129781470701037,0.856133821218348,0,1,1,紡織,被動元件
O000,K000,859,-0.0052147485938717104,-0.05276534568132192,0.9579188731581401,0,0,0,紡織,連接器
O000,L000,859,0.015811709275144192,0.14554434972229838,0.8842811024936069,1,2,2,紡織,印刷電路板
O000,M000,859,-0.012932531582653636,-0.1522765034586549,0.8789688563096745,0,0,0,紡織,食品
O000,N000,859,-0.09030644537841567,-0.9180638432964269,0.3585854427043812,1,7,18,紡織,石化及塑橡膠
O000,P000,859,-0.04290217854041642,-0.4952636526666978,0.6204140243613436,1,1,3,紡織,電機機械
O000,Q000,859,-0.10634954058973366,-0.993470942297166,0.32048050430699127,0,0,0,紡織,鋼鐵
O000,R000,859,-0.042481179361668085,-0.4091106493545489,0.6824584614321605,0,0,0,紡織,軟體服務
O000,R300,859,0.027910772839580825,0.2862052101535644,0.7747209534612197,0,0,0,紡織,電子商務
O000,S000,859,0.029192890714424154,0.30819722313022346,0.7579322653182631,0,3,3,紡織,建材營造
O000,T000,859,-0.07351913695218748,-0.6094828817533978,0.5422044158937913,0,0,0,紡織,交通運輸及航運
O000,U000,859,-0.029423484126947043,-0.29852093523322104,0.7653056001092139,0,0,0,紡織,金融
O000,V000,859,0.03994739912531921,0.46094934034406804,0.6448349513030773,3,4,4,紡織,貿易百貨
O000,W000,859,-0.03391909892449874,-0.7527354750003639,0.451608887834104,0,0,1,紡織,油電燃氣
O000,X000,859,-0.03424541291151566,-0.3924865025898454,0.6946987823513179,0,0,8,紡織,其他
O000,Y000,859,0.04441507525362831,0.4222345590449657,0.672853818813392,0,0,0,紡織,文化創意
P000,1000,859,0.13619624880328957,0.9663588397357347,0.3338646526767307,0,0,0,電機機械,水泥
P000,2000,859,0.08267602921221871,0.5461230775905362,0.584981337399094,0,0,0,電機機械,造紙
P000,3000,859,0.03085673162844998,0.22363677450404726,0.8230399463843115,16,16,21,電機機械,汽車
P000,4100,859,-0.010440505514578011,-0.060042277320518735,0.9521219629769334,3,3,3,電機機械,太空衛星科技
P000,5100,859,0.17247627947360047,0.9315579475650039,0.35156502426970604,0,0,0,電機機械,區塊鏈
P000,5200,859,0.07390786505893761,0.3858724604531977,0.6995911274149311,0,0,0,電機機械,金融科技
P000,5300,859,0.036019152274474414,0.2485748349023416,0.8036896764331467,0,0,6,電機機械,人工智慧
P000,5400,859,0.060710560839651706,0.42432272225054046,0.6713304702333576,5,7,7,電機機械,雲端運算
P000,5500,859,0.16478283853843786,1.229816502162237,0.21876582719487736,0,0,2,電機機械,資通訊安全
P000,5600,859,0.04032331268432642,0.2778261738500961,0.7811457980225696,0,0,3,電機機械,大數據
P000,5700,859,-0.022078810500982433,-0.1411739180104244,0.8877325501077873,0,0,4,電機機械,體驗科技
P000,5800,859,0.11085913878538876,0.7627165443129126,0.44563246167555803,2,2,2,電機機械,運動科技
P000,6000,859,0.08188527699824376,0.468488837039254,0.6394350520143557,0,0,6,電機機械,自動化
P000,B000,859,-0.021909647637197993,-0.1679059022676572,0.8666573067159472,0,0,5,電機機械,休閒娛樂
P000,C100,859,0.07083101006005767,0.41118578988318044,0.6809363071944902,0,0,0,電機機械,製藥
P000,C200,859,0.05614320931140169,0.4085933957213416,0.6828380781060213,6,8,14,電機機械,醫療器材
P000,C300,859,0.1383409048104663,0.8650043548424502,0.38703639857345107,0,0,0,電機機械,食品生技
P000,C400,859,-0.0038828533196456384,-0.019513758464831835,0.9844312614655529,0,0,0,電機機械,再生醫療
P000,D000,859,0.031955732067194945,0.20077113009578113,0.8408775381050997,1,9,14,電機機械,半導體
P000,F000,859,0.05260104074175178,0.3472326324854865,0.7284165570122798,9,9,16,電機機械,電腦週邊
P000,G000,859,0.05845269965604847,0.38243431774731446,0.7021392395067652,8,14,16,電機機械,平面顯示器
P000,H000,859,0.01612808356377242,0.10429017628490277,0.9169390735909555,2,2,3,電機機械,觸控面板
P000,I000,859,0.017589167269042763,0.1184930804166367,0.9056769774995495,4,4,12,電機機械,通信網路
P000,J000,859,0.05804928773344137,0.34100616956201935,0.7330989371857664,1,3,3,電機機械,被動元件
P000,K000,859,0.06361599889667355,0.4030062946329497,0.6869435938274886,1,3,4,電機機械,連接器
P000,L000,859,0.0757441027980422,0.4701988158800215,0.6382129800675871,3,4,6,電機機械,印刷電路板
P000,M000,859,0.07093633772047642,0.6380196117275729,0.523460913798693,0,0,0,電機機械,食品
P000,N000,859,0.046475832452399356,0.380497395148124,0.7035762297802879,0,0,4,電機機械,石化及塑橡膠
P000,O000,859,0.09330926971607395,0.7675926053222174,0.4427292569671716,0,1,3,電機機械,紡織
P000,Q000,859,0.06149049787758552,0.44058277842791,0.6595150726620556,0,0,5,電機機械,鋼鐵
P000,R000,859,0.074207514428487,0.5526163818142117,0.5805261220551109,0,0,4,電機機械,軟體服務
P000,R300,859,-0.02912297640435913,-0.17940441506531163,0.8576201649100019,0,0,1,電機機械,電子商務
P000,S000,859,0.09976115362279071,0.7467966227522465,0.45518633452226265,9,10,11,電機機械,建材營造
P000,T000,859,-0.07700309620858048,-0.455543095285013,0.6487185711345473,0,0,1,電機機械,交通運輸及航運
P000,U000,859,0.10873135457467233,0.783114209492118,0.4335600476145347,0,0,0,電機機械,金融
P000,V000,859,0.11415958534847327,0.9132360759431862,0.36111839409715496,2,4,5,電機機械,貿易百貨
P000,W000,859,0.04934524498028264,0.7472183034877743,0.4549317973091134,0,0,0,電機機械,油電燃氣
P000,X000,859,0.09280307738276242,0.7786178000748699,0.43620489041517996,0,0,13,電機機械,其他
P000,Y000,859,-0.044558158951905735,-0.2893557101488788,0.7723091841303411,0,0,0,電機機械,文化創意
Q000,1000,859,0.06443015230103362,0.8629679073964799,0.3881551121444957,0,0,0,鋼鐵,水泥
Q000,2000,859,0.024653789592213992,0.24648014765904067,0.8053105703560018,0,0,0,鋼鐵,造紙
Q000,3000,859,-0.06237849879069753,-1.0227587785109729,0.30642191248251793,0,0,0,鋼鐵,汽車
Q000,4100,859,-0.07568453312177555,-0.983020011247434,0.3255975898644138,0,0,0,鋼鐵,太空衛星科技
Q000,5100,859,-0.016838885249403624,-0.2083738685481915,0.8349370583849278,0,0,0,鋼鐵,區塊鏈
Q000,5200,859,-0.01976000734715228,-0.25192580095963923,0.8010984163459621,0,0,0,鋼鐵,金融科技
Q000,5300,859,-0.001103354416014416,-0.01678048652484018,0.9866117372037411,0,0,0,鋼鐵,人工智慧
Q000,5400,859,-0.012584590443141822,-0.2026711810730836,0.8393920498541734,0,0,0,鋼鐵,雲端運算
Q000,5500,859,-0.03179524199029176,-0.49304568767469187,0.6219803056105315,0,0,0,鋼鐵,資通訊安全
Q000,5600,859,-0.02060195069341872,-0.32364957210158424,0.7462033530971217,0,0,0,鋼鐵,大數據
Q000,5700,859,-0.005976908608777444,-0.08998873831644814,0.9282961640398487,0,0,0,鋼鐵,體驗科技
Q000,5800,859,0.00866546939688928,0.1458434092343036,0.8840450066402538,0,0,0,鋼鐵,運動科技
Q000,6000,859,-0.040672305856250104,-0.5324650877759725,0.5944039157965559,0,0,0,鋼鐵,自動化
Q000,B000,859,-0.03988342489364134,-0.5860009176715116,0.5578748981626018,0,0,1,鋼鐵,休閒娛樂
Q000,C100,859,0.03716655274447376,0.44196411769705063,0.6585151716883645,0,0,0,鋼鐵,製藥
Q000,C200,859,0.004081615601769074,0.06600194653689886,0.9473762757235115,0,0,0,鋼鐵,醫療器材
Q000,C300,859,0.024096221365375488,0.3376881759910372,0.7355981860783849,0,0,0,鋼鐵,食品生技
Q000,C400,859,0.020417071124680157,0.22023085611314083,0.825691366794358,0,0,0,鋼鐵,再生醫療
Q000,D000,859,0.04561478184016975,0.5675440592794307,0.5703446013029992,0,0,1,鋼鐵,半導體
Q000,F000,859,-0.0009113567142565785,-0.013024874714112065,0.9896079473907664,0,0,0,鋼鐵,電腦週邊
Q000,G000,859,0.01443738969525481,0.20212503287738967,0.8398189783312403,0,0,1,鋼鐵,平面顯示器
Q000,H000,859,0.0037346255875474895,0.0542534034421445,0.9567332735059616,0,0,0,鋼鐵,觸控面板
Q000,I000,859,-0.02645857337533208,-0.3955317143171193,0.6924505210473633,0,0,0,鋼鐵,通信網路
Q000,J000,859,0.06295818908472525,0.7232809701693922,0.4695072817357572,0,0,0,鋼鐵,被動元件
Q000,K000,859,0.0054641955177235964,0.08049985742797636,0.9358397096243606,0,0,0,鋼鐵,連接器
Q000,L000,859,0.0007359225594906695,0.01055986563784541,0.9915746028307783,0,0,0,鋼鐵,印刷電路板
Q000,M000,859,-0.005251814806793316,-0.09989827875115544,0.9204250828742622,0,0,0,鋼鐵,食品
Q000,N000,859,-0.04537884400012585,-0.7229085863618563,0.46973604797171553,0,0,1,鋼鐵,石化及塑橡膠
Q000,O000,859,0.04664347909389378,0.7687459767269191,0.4420441251980157,0,0,0,鋼鐵,紡織
Q000,P000,859,-0.02820975736796238,-0.5547245897571064,0.5790830542235986,0,0,5,鋼鐵,電機機械
Q000,R000,859,-0.0224006160830554,-0.38261937766902254,0.7020020003703731,0,0,0,鋼鐵,軟體服務
Q000,R300,859,-0.07451535249927618,-1.0723985832456622,0.28354104403278957,0,0,0,鋼鐵,電子商務
Q000,S000,859,0.017841402646596657,0.2996850957700323,0.7644173682372346,0,1,7,鋼鐵,建材營造
Q000,T000,859,0.03620404597836205,0.2583318067995054,0.7961508408474581,0,0,0,鋼鐵,交通運輸及航運
Q000,U000,859,-0.03545626057704564,-0.4586958225478875,0.6464526143393561,0,0,0,鋼鐵,金融
Q000,V000,859,0.012724637845040392,0.22369925431419932,0.8229913262163309,0,0,1,鋼鐵,貿易百貨
Q000,W000,859,-0.004035477105722883,-0.10427756039194752,0.9169490850310597,0,0,0,鋼鐵,油電燃氣
Q000,X000,859,-0.012094628085404503,-0.22777792937495386,0.8198188855140452,0,0,4,鋼鐵,其他
Q000,Y000,859,0.002803991200369089,0.041050036572667634,0.9672560060371712,0,0,0,鋼鐵,文化創意
R000,1000,859,0.02323591120767454,0.2548738250392488,0.7988205533561137,0,0,0,軟體服務,水泥
R000,2000,859,-0.036944260887815994,-0.3253972356257398,0.7448804474298283,0,0,1,軟體服務,造紙
R000,3000,859,0.00033886250104997505,0.0032749932736736436,0.9973869381013045,0,0,1,軟體服務,汽車
R000,4100,859,-0.0829502284821396,-0.6403411646122527,0.5219508241201374,0,0,3,軟體服務,太空衛星科技
R000,5100,859,0.005093747013745886,0.03541257384276948,0.9717507585246246,0,0,5,軟體服務,區塊鏈
R000,5200,859,-0.04923467929300362,-0.28388155498502665,0.7765011522287858,0,0,18,軟體服務,金融科技
R000,5300,859,-0.09562861784314482,-0.7300750313114983,0.46534432260703684,0,0,45,軟體服務,人工智慧
R000,5400,859,-0.1131753005270525,-0.7675229805948969,0.4427706352405868,0,0,45,軟體服務,雲端運算
R000,5500,859,-0.142059487175612,-0.9982035178778926,0.31818068094757546,0,0,28,軟體服務,資通訊安全
R000,5600,859,-0.03984642617035658,-0.2304527557156361,0.8177399709700187,0,0,44,軟體服務,大數據
R000,5700,859,-0.06133521558697982,-0.5150095337459704,0.6065463579265702,0,0,8,軟體服務,體驗科技
R000,5800,859,-0.08602103649119863,-0.845193519280213,0.39800280012386746,0,0,3,軟體服務,運動科技
R000,6000,859,-0.14428589230798833,-0.984648864203852,0.3247965787026593,0,0,2,軟體服務,自動化
R000,B000,859,-0.01660392375959107,-0.1770732461951385,0.8594508562749343,0,0,5,軟體服務,休閒娛樂
R000,C100,859,-0.1851182405428709,-1.638563981975368,0.10130409872343,0,0,0,軟體服務,製藥
R000,C200,859,-0.09210568468729277,-0.8522137359886748,0.39409547418500457,0,0,6,軟體服務,醫療器材
R000,C300,859,-0.15602772461104297,-1.4750018565757628,0.14021204428382245,0,0,0,軟體服務,食品生技
R000,C400,859,-0.1734351136919268,-1.3360852093450342,0.1815214238093643,0,0,0,軟體服務,再生醫療
R000,D000,859,-0.10403324060113982,-0.7905641812669517,0.42919835563577136,0,0,12,軟體服務,半導體
R000,F000,859,-0.08136400934879769,-0.7161491972324264,0.4738992285185114,0,0,23,軟體服務,電腦週邊
R000,G000,859,-0.09205952678550379,-0.7914315202148583,0.42869222253513084,0,0,6,軟體服務,平面顯示器
R000,H000,859,-0.08276705852958098,-0.6923116164163494,0.48874165659469504,0,0,2,軟體服務,觸控面板
R000,I000,859,-0.09015241000721745,-0.7886955943805012,0.4302899434889107,0,0,14,軟體服務,通信網路
R000,J000,859,-0.15133597086275988,-1.0846153789557573,0.27809204073696014,0,0,2,軟體服務,被動元件
R000,K000,859,-0.14185731794962556,-1.1506706290782482,0.2498677640787177,0,0,2,軟體服務,連接器
R000,L000,859,-0.08807587912544365,-0.7031453864815458,0.4819651499813208,0,0,1,軟體服務,印刷電路板
R000,M000,859,0.030821131826839432,0.35676050949848587,0.7212711021961304,0,0,0,軟體服務,食品
R000,N000,859,-0.0009594434843766933,-0.010850352515701246,0.9913428411168886,0,0,0,軟體服務,石化及塑橡膠
R000,O000,859,-0.0968244993964336,-0.9423245256016191,0.34602651529367134,0,0,0,軟體服務,紡織
R000,P000,859,-0.06088239477112788,-0.608595898486456,0.5427923237654254,0,0,4,軟體服務,電機機械
R000,Q000,859,-0.048340581677878164,-0.44740272712580786,0.6545843071184958,0,0,0,軟體服務,鋼鐵
R000,R300,859,-0.07573662436650756,-0.6280709797187372,0.5299574429528542,0,0,22,軟體服務,電子商務
R000,S000,859,-0.016272519185554953,-0.1730148260962921,0.8626397738290058,0,0,5,軟體服務,建材營造
R000,T000,859,-0.004922890268349545,-0.041717245406961895,0.9667241060818376,0,0,0,軟體服務,交通運輸及航運
R000,U000,859,0.014836946278587795,0.15547594225780315,0.8764461186011038,0,0,0,軟體服務,金融
R000,V000,859,-0.0033973438589969215,-0.03789022779296221,0.9697752045471444,0,0,4,軟體服務,貿易百貨
R000,W000,859,-0.025092706426679136,-0.5457689688191442,0.5852247564003128,0,0,0,軟體服務,油電燃氣
R000,X000,859,-0.06784112362296607,-0.683758121034859,0.49412791552372426,0,0,15,軟體服務,其他
R000,Y000,859,-0.09640283795093638,-0.9162774375762902,0.359521398770032,0,0,4,軟體服務,文化創意
R300,1000,859,0.11895056756379639,1.7983819474091813,0.07211650155007293,0,0,0,電子商務,水泥
R300,2000,859,0.07675594012171556,0.9704705141976371,0.33181201534936455,0,0,0,電子商務,造紙
R300,3000,859,0.021229901416702647,0.37548664787044317,0.7072985747121157,0,0,0,電子商務,汽車
R300,4100,859,0.0394974159783165,0.5417114185255401,0.5880173223841333,0,0,1,電子商務,太空衛星科技
R300,5100,859,0.09407338131578351,1.2125282518661913,0.22531023473985434,0,0,3,電子商務,區塊鏈
R300,5200,859,0.03779350887943512,0.49654743475834817,0.6195082291896048,0,0,15,電子商務,金融科技
R300,5300,859,0.005927698984716038,0.09252494428134451,0.9262809735521874,0,0,13,電子商務,人工智慧
R300,5400,859,0.01833616966034595,0.3159811220726723,0.7520168370122997,0,0,15,電子商務,雲端運算
R300,5500,859,0.045641210782697623,0.7255020102081894,0.4681441120950126,0,0,9,電子商務,資通訊安全
R300,5600,859,0.012251564159774558,0.20098144056706327,0.8407130862458942,0,0,14,電子商務,大數據
R300,5700,859,-0.004644906545366469,-0.06899979315647392,0.944989784145749,0,0,2,電子商務,體驗科技
R300,5800,859,0.01700335550939515,0.29431188900984095,0.7685195886474756,0,0,1,電子商務,運動科技
R300,6000,859,-0.008262006417905837,-0.10962467709927334,0.9127070391109835,0,0,0,電子商務,自動化
R300,B000,859,0.007480932748407713,0.12388772447328264,0.9014041725186722,0,0,3,電子商務,休閒娛樂
R300,C100,859,-0.050872470133463216,-0.619223835808101,0.5357689114647167,0,0,0,電子商務,製藥
R300,C200,859,0.0021711375672046713,0.03774853900806081,0.9698881750209062,0,0,3,電子商務,醫療器材
R300,C300,859,-0.03659483855750869,-0.5146488204264513,0.6067984432503597,0,0,2,電子商務,食品生技
R300,C400,859,0.11948571022616206,1.221452798837961,0.22191462670768258,0,0,1,電子商務,再生醫療
R300,D000,859,0.00892867068387751,0.13388202126420212,0.8934958672367993,0,0,1,電子商務,半導體
R300,F000,859,0.012838310163157963,0.2103338254676156,0.8334071368177657,0,0,7,電子商務,電腦週邊
R300,G000,859,0.0174936598231715,0.27794377332784104,0.7810555209782784,0,0,2,電子商務,平面顯示器
R300,H000,859,0.0018561726201389368,0.029540054700312145,0.9764338738377193,0,0,0,電子商務,觸控面板
R300,I000,859,0.004232627352014348,0.07236718700401111,0.9423096972828364,0,0,5,電子商務,通信網路
R300,J000,859,-0.011457582702867921,-0.16070152483413538,0.8723284884012131,0,0,0,電子商務,被動元件
R300,K000,859,-0.003682778775262653,-0.06301136138082065,0.9497574572273394,0,0,1,電子商務,連接器
R300,L000,859,0.023695174096223442,0.3627766049024959,0.7167717696080507,0,0,1,電子商務,印刷電路板
R300,M000,859,0.03503193541940782,0.7039208957710346,0.4814820376698138,0,0,1,電子商務,食品
R300,N000,859,0.011397624412747028,0.21074893338342587,0.8330831887141971,0,0,0,電子商務,石化及塑橡膠
R300,O000,859,-0.027202635161257944,-0.5166971413824493,0.6053675918970257,0,0,0,電子商務,紡織
R300,P000,859,0.004775681758329522,0.09097575028330353,0.9275118596066241,0,0,1,電子商務,電機機械
R300,Q000,859,0.055894404233448644,0.914686383240333,0.36035629483663545,0,0,0,電子商務,鋼鐵
R300,R000,859,0.02316974971196068,0.4484325313401905,0.6538410682456839,0,0,22,電子商務,軟體服務
R300,S000,859,0.01581015501840632,0.2887811674930991,0.772748844568119,0,0,2,電子商務,建材營造
R300,T000,859,0.12226912532751871,1.6912755296846052,0.09078419137110606,0,0,0,電子商務,交通運輸及航運
R300,U000,859,0.06111775351644131,0.9730528332733948,0.3305270443899918,0,0,0,電子商務,金融
R300,V000,859,0.055893836463801395,1.059389625220456,0.2894223726136911,0,0,4,電子商務,貿易百貨
R300,W000,859,0.001105545528533956,0.038954075586528344,0.9689270031723246,0,0,0,電子商務,油電燃氣
R300,X000,859,0.00544436440857385,0.10460638877343804,0.9166881450149094,0,0,3,電子商務,其他
R300,Y000,859,-0.05231893702566143,-0.8226491693274628,0.41070752893061935,0,0,7,電子商務,文化創意
S000,1000,859,-0.06761890079414064,-0.5219492605385981,0.6017056588665577,0,1,3,建材營造,水泥
S000,2000,859,-0.11460628213162392,-0.8546874388907086,0.3927242062605256,0,0,0,建材營造,造紙
S000,3000,859,-0.1616647767681947,-1.484055448671099,0.137794211036489,0,1,3,建材營造,汽車
S000,4100,859,-0.20394870523568967,-1.2803269578473842,0.2004301705748981,0,0,1,建材營造,太空衛星科技
S000,5100,859,-0.2724293410134294,-2.159489490915612,0.03081221176709387,0,0,0,建材營造,區塊鏈
S000,5200,859,-0.18381018985859127,-1.232602729338533,0.21772401814881637,0,0,0,建材營造,金融科技
S000,5300,859,-0.1827224043269812,-1.5251001262163506,0.12723412575403617,0,0,3,建材營造,人工智慧
S000,5400,859,-0.18751961714078358,-1.734729182491296,0.08278878482719906,0,1,2,建材營造,雲端運算
S000,5500,859,-0.20303833303580157,-1.9193991890367452,0.05493383350086391,0,0,1,建材營造,資通訊安全
S000,5600,859,-0.1883988672391567,-1.6173658237407549,0.10579933838850818,0,0,1,建材營造,大數據
S000,5700,859,-0.1275171202069358,-0.9618920423075432,0.3361038363068354,0,0,1,建材營造,體驗科技
S000,5800,859,-0.16548652534110248,-1.500671378790761,0.133440579357845,0,0,0,建材營造,運動科技
S000,6000,859,-0.25008086014708797,-2.027208249489949,0.04264111985548743,0,0,0,建材營造,自動化
S000,B000,859,-0.11380662921162457,-0.8903616257498219,0.37327174063933766,0,0,7,建材營造,休閒娛樂
S000,C100,859,-0.06353065608749275,-0.37038496716781,0.7110956730905532,0,0,0,建材營造,製藥
S000,C200,859,-0.0954685966249206,-0.7663848052751218,0.4434473711792666,0,2,5,建材營造,醫療器材
S000,C300,859,-0.029756437954033602,-0.1978832012171931,0.8431364477714975,0,0,1,建材營造,食品生技
S000,C400,859,-0.11872787747279168,-0.6295772158940561,0.5289712343113298,0,0,0,建材營造,再生醫療
S000,D000,859,-0.22495026040240867,-1.5530767422306972,0.12040480172002982,0,3,6,建材營造,半導體
S000,F000,859,-0.18489178552190685,-1.4275519948938782,0.15342084932804562,1,3,9,建材營造,電腦週邊
S000,G000,859,-0.1438562455933003,-1.1266590374988896,0.25988666765346347,1,3,5,建材營造,平面顯示器
S000,H000,859,-0.18895200321834385,-1.3248668490321458,0.18521531787348777,0,0,2,建材營造,觸控面板
S000,I000,859,-0.1603495371033823,-1.3023419082373242,0.1927995314695381,0,0,5,建材營造,通信網路
S000,J000,859,-0.14504975019695548,-1.0225579212347669,0.3065169135553366,0,1,2,建材營造,被動元件
S000,K000,859,-0.1608000970768545,-1.2076546296882047,0.22718013649794444,0,1,1,建材營造,連接器
S000,L000,859,-0.23774695506387658,-1.8333653043957818,0.06674826369518563,0,1,3,建材營造,印刷電路板
S000,M000,859,-0.11242879045240177,-1.1277176195442717,0.25943919407449045,0,2,4,建材營造,食品
S000,N000,859,-0.15275607326966073,-1.4994684597195964,0.13375214507394892,0,1,3,建材營造,石化及塑橡膠
S000,O000,859,-0.0584602791813413,-0.5998492444196631,0.5486067109806527,0,3,3,建材營造,紡織
S000,P000,859,-0.12845721397070417,-1.3026310002482313,0.19270076894936405,1,2,11,建材營造,電機機械
S000,Q000,859,-0.16397164638087508,-1.4892037532881859,0.13643372276512017,0,0,7,建材營造,鋼鐵
S000,R000,859,-0.12961885907724768,-1.359221156486159,0.17407651914980626,0,0,5,建材營造,軟體服務
S000,R300,859,-0.14737269560062133,-1.1556241680463595,0.24783491806730806,0,0,2,建材營造,電子商務
S000,T000,859,-0.12953892909957068,-1.046374902848867,0.29538797531071426,0,0,2,建材營造,交通運輸及航運
S000,U000,859,-0.19949621541392334,-1.5702798962475182,0.11635000910504094,0,0,1,建材營造,金融
S000,V000,859,-0.08522980032924808,-0.8355204362362887,0.4034247454166813,1,2,6,建材營造,貿易百貨
S000,W000,859,-0.04826549828943287,-0.8867016552488652,0.37523954695964423,0,0,0,建材營造,油電燃氣
S000,X000,859,-0.11403435882875206,-1.1308533988653722,0.2581168002336419,0,0,17,建材營造,其他
S000,Y000,859,-0.06144263529046874,-0.44961318065747496,0.652989382450869,0,0,2,建材營造,文化創意
T000,1000,859,0.03703606847742215,0.6927565381378916,0.48846235134211224,0,0,1,交通運輸及航運,水泥
T000,2000,859,0.09073550847209602,1.0590619128972223,0.2895715841779508,0,0,0,交通運輸及航運,造紙
T000,3000,859,-0.03292999872361977,-0.5202344490984525,0.6029001775449503,0,0,0,交通運輸及航運,汽車
T000,4100,859,-0.02072708010654046,-0.24785097936020498,0.8042497093982638,0,0,0,交通運輸及航運,太空衛星科技
T000,5100,859,-0.06281752525620794,-0.7856409930734901,0.4320778414693277,0,0,0,交通運輸及航運,區塊鏈
T000,5200,859,0.026249301245287533,0.3906130569561612,0.696083272888476,0,0,0,交通運輸及航運,金融科技
T000,5300,859,-0.0184822990498069,-0.2666075038368858,0.7897713774797624,0,0,0,交通運輸及航運,人工智慧
T000,5400,859,-0.02423859987854747,-0.4031323645300713,0.6868508526387569,0,0,0,交通運輸及航運,雲端運算
T000,5500,859,-0.01704519045202509,-0.2599151056044554,0.794929259032111,0,0,1,交通運輸及航運,資通訊安全
T000,5600,859,-0.016224070775973435,-0.25969737076125093,0.7950972209058662,0,0,0,交通運輸及航運,大數據
T000,5700,859,-0.03855750357580025,-0.5319044013077829,0.5947922087952304,0,0,0,交通運輸及航運,體驗科技
T000,5800,859,-0.018425197092575757,-0.30961050239221166,0.756857168742272,0,0,0,交通運輸及航運,運動科技
T000,6000,859,-0.03147132711642057,-0.47176030936012725,0.6370978841606294,0,0,0,交通運輸及航運,自動化
T000,B000,859,-0.004587247409203187,-0.07467833666891467,0.9404706443680048,0,0,0,交通運輸及航運,休閒娛樂
T000,C100,859,0.03098547397161214,0.47284208692028135,0.6363258450155903,0,0,0,交通運輸及航運,製藥
T000,C200,859,-0.0007559602022926646,-0.013666013084198795,0.9890964385448101,0,0,2,交通運輸及航運,醫療器材
T000,C300,859,0.024246492690438173,0.43203273715901525,0.6657176199538395,0,0,0,交通運輸及航運,食品生技
T000,C400,859,0.029997712088834436,0.4492088129123499,0.6532810306399728,0,0,0,交通運輸及航運,再生醫療
T000,D000,859,-0.012311798751608077,-0.14094443905947873,0.887913835239948,0,0,1,交通運輸及航運,半導體
T000,F000,859,-0.018713771629723545,-0.2682859137891322,0.7884792480791838,0,0,0,交通運輸及航運,電腦週邊
T000,G000,859,-0.021602778764274824,-0.2843400719064873,0.7761497799237995,0,0,0,交通運輸及航運,平面顯示器
T000,H000,859,-0.02263674572388784,-0.3233634849009382,0.7464199801162898,0,0,0,交通運輸及航運,觸控面板
T000,I000,859,-0.021740877925533048,-0.3157852257231281,0.7521655329072205,0,0,1,交通運輸及航運,通信網路
T000,J000,859,-0.01714904864231725,-0.22504229852667057,0.8219463686366313,0,0,0,交通運輸及航運,被動元件
T000,K000,859,-0.022824155421667224,-0.3249813452515754,0.7451951903897577,0,0,0,交通運輸及航運,連接器
T000,L000,859,-0.0200498519031973,-0.24643590511854843,0.8053448148108272,0,0,0,交通運輸及航運,印刷電路板
T000,M000,859,0.027346202915654087,0.6340531884237673,0.5260461111852853,0,0,1,交通運輸及航運,食品
T000,N000,859,-0.006726745668280482,-0.12175832642257928,0.9030904190103015,0,0,0,交通運輸及航運,石化及塑橡膠
T000,O000,859,0.021708492934654825,0.4068112722243381,0.6841466070589802,0,0,0,交通運輸及航運,紡織
T000,P000,859,-0.020097790967129027,-0.4029941994289811,0.6869524917075729,0,0,1,交通運輸及航運,電機機械
T000,Q000,859,0.0990485553908989,1.211227940065954,0.22580805733636755,0,0,0,交通運輸及航運,鋼鐵
T000,R000,859,-0.02637365405717946,-0.4936540667714324,0.6215505099932492,0,0,0,交通運輸及航運,軟體服務
T000,R300,859,-0.019862536953993006,-0.2976874123571952,0.765941751594454,0,0,0,交通運輸及航運,電子商務
T000,S000,859,-0.01093632417344778,-0.19639266500330627,0.8443028369521194,0,0,2,交通運輸及航運,建材營造
T000,U000,859,-0.038836133972506,-0.6681759172308454,0.5040213062322423,0,0,1,交通運輸及航運,金融
T000,V000,859,0.016337321632844796,0.31054485409019444,0.7561466555969607,0,0,2,交通運輸及航運,貿易百貨
T000,W000,859,0.010926359591782633,0.37113747253206375,0.7105351419434909,0,0,1,交通運輸及航運,油電燃氣
T000,X000,859,-0.012045078321278435,-0.2289230612423441,0.8189287161880163,0,0,4,交通運輸及航運,其他
T000,Y000,859,-0.0077140485255340376,-0.14777598096620345,0.8825195656055993,0,0,0,交通運輸及航運,文化創意
U000,1000,859,0.1372269345111235,1.2808272020838167,0.20025436718334355,0,0,1,金融,水泥
U000,2000,859,0.10091746568450603,0.9540166861416435,0.34007519614179105,0,0,0,金融,造紙
U000,3000,859,0.028316454432731588,0.35093239792571085,0.725639065272896,0,0,0,金融,汽車
U000,4100,859,0.003304587314996739,0.03203791477031942,0.974441814791969,0,0,0,金融,太空衛星科技
U000,5100,859,-0.020337993698952252,-0.2254348810718156,0.8216409787578713,0,0,0,金融,區塊鏈
U000,5200,859,-0.022719594113873715,-0.26733046182286596,0.7892147348041978,0,0,2,金融,金融科技
U000,5300,859,0.02383250747877425,0.268353678105804,0.7884270916923521,0,0,0,金融,人工智慧
U000,5400,859,0.021064596510525557,0.2553830836241404,0.7984272350253159,0,0,0,金融,雲端運算
U000,5500,859,0.011843674865795187,0.14223841216759814,0.8868916917051081,0,0,0,金融,資通訊安全
U000,5600,859,0.014555751050016231,0.1680306857568394,0.8665591385367789,0,0,0,金融,大數據
U000,5700,859,0.02108537748786833,0.23929359479567344,0.8108779317716355,0,0,0,金融,體驗科技
U000,5800,859,-0.00715659375319578,-0.09412581449466455,0.925009214410456,0,0,0,金融,運動科技
U000,6000,859,-0.006906250450056075,-0.0713150956144168,0.943146981256425,0,0,0,金融,自動化
U000,B000,859,0.02131472205451807,0.23825890487216445,0.8116802927678404,0,0,0,金融,休閒娛樂
U000,C100,859,0.15491091518437874,1.2989632011926726,0.19395655819567992,0,0,0,金融,製藥
U000,C200,859,0.09343387376861188,1.0640212901550556,0.2873190549831425,0,0,0,金融,醫療器材
U000,C300,859,0.1435621108183838,1.375695867004458,0.1689158120553974,0,0,0,金融,食品生技
U000,C400,859,0.13343412224191686,0.9830441951285104,0.3255856877159212,0,0,0,金融,再生醫療
U000,D000,859,0.03861454901787314,0.3875325169524841,0.6983620168623468,0,0,0,金融,半導體
U000,F000,859,0.046798182821222896,0.5223645125453267,0.6014165595410021,0,0,0,金融,電腦週邊
U000,G000,859,0.06384626703753063,0.6795539519892543,0.4967869350079943,0,0,0,金融,平面顯示器
U000,H000,859,0.0853747432524957,0.901064101193924,0.36755423861177616,0,0,0,金融,觸控面板
U000,I000,859,0.026719264890516906,0.288558710861764,0.7729190958791857,0,0,0,金融,通信網路
U000,J000,859,0.04316914319903021,0.4373602020128923,0.6618501417576086,0,0,0,金融,被動元件
U000,K000,859,0.014149281754587614,0.15923000167975293,0.8734876674761034,0,0,0,金融,連接器
U000,L000,859,0.024335787047405293,0.2635223622512785,0.7921479898988272,0,0,0,金融,印刷電路板
U000,M000,859,0.05405728296194941,0.6283056712603818,0.5298037171640608,0,0,0,金融,食品
U000,N000,859,0.05229404526781921,0.6402654625913452,0.5220000303056238,0,0,0,金融,石化及塑橡膠
U000,O000,859,0.06414715964657088,0.8573925269706519,0.3912279879276034,0,0,0,金融,紡織
U000,P000,859,0.024073103826284862,0.31923216443928804,0.7495504682441467,0,0,0,金融,電機機械
U000,Q000,859,0.058490509923715156,0.6956680977381595,0.4866367088493606,0,0,0,金融,鋼鐵
U000,R000,859,0.022888630675608933,0.2973260179132633,0.7662176198795582,0,0,0,金融,軟體服務
U000,R300,859,0.015349083793160655,0.1771238066339999,0.859411142578242,0,0,0,金融,電子商務
U000,S000,859,0.10180199364048272,1.2118341067270022,0.22557588964674224,0,0,1,金融,建材營造
U000,T000,859,0.061475131832550295,0.5490565894620285,0.5829666150786641,0,0,1,金融,交通運輸及航運
U000,V000,859,0.07145668301458627,0.8717987592982805,0.3833181715742956,0,0,0,金融,貿易百貨
U000,W000,859,0.017520588568218004,0.3447748149421135,0.7302636682324299,0,0,0,金融,油電燃氣
U000,X000,859,0.048951777511636825,0.6233425964865866,0.5330594114866369,0,0,1,金融,其他
U000,Y000,859,0.07948710409255755,0.9008773846756701,0.3676535168136186,0,0,0,金融,文化創意
V000,1000,859,-0.014798897060277554,-0.09453202326268269,0.9246865454516061,0,0,0,貿易百貨,水泥
V000,2000,859,-0.07588856892410185,-0.4183145407167511,0.6757171597447739,0,0,0,貿易百貨,造紙
V000,3000,859,0.017917756288664252,0.13752003973209342,0.890619753811405,0,0,1,貿易百貨,汽車
V000,4100,859,-0.1925359588843057,-1.1087779612211852,0.2675259801279447,0,0,0,貿易百貨,太空衛星科技
V000,5100,859,-0.11547704332468453,-0.6763523746743069,0.4988169471412647,0,0,0,貿易百貨,區塊鏈
V000,5200,859,-0.03813209804558682,-0.24818796047409963,0.8039889811420216,0,0,0,貿易百貨,金融科技
V000,5300,859,-0.08164964085938144,-0.5918124179840358,0.5539762067432175,0,0,0,貿易百貨,人工智慧
V000,5400,859,-0.08742331026400371,-0.6707638777194537,0.5023709624304646,0,0,0,貿易百貨,雲端運算
V000,5500,859,-0.1044868074991057,-0.7543926478576385,0.4506134849817345,0,0,0,貿易百貨,資通訊安全
V000,5600,859,-0.09001622259803906,-0.6624022758292409,0.5077134455677794,0,0,0,貿易百貨,大數據
V000,5700,859,-0.07532797438125954,-0.5199914348018597,0.6030695449220712,0,0,0,貿易百貨,體驗科技
V000,5800,859,-0.03856308226750907,-0.3042512471581654,0.7609364846267064,0,0,0,貿易百貨,運動科技
V000,6000,859,-0.2313265312518286,-1.6374771385244116,0.10153081195225301,0,0,0,貿易百貨,自動化
V000,B000,859,-0.12508305168216283,-0.8774092071743105,0.3802644139907154,0,0,5,貿易百貨,休閒娛樂
V000,C100,859,0.2538878573797133,1.1587443301943048,0.24656041536813778,0,0,0,貿易百貨,製藥
V000,C200,859,0.05025579737200264,0.35249177066506404,0.7244694890112306,0,2,4,貿易百貨,醫療器材
V000,C300,859,0.2545411082462174,1.2958537639392835,0.19502587110314207,2,2,2,貿易百貨,食品生技
V000,C400,859,-0.0033930576012435164,-0.01640168117277765,0.9869139385484472,0,0,0,貿易百貨,再生醫療
V000,D000,859,-0.11668919010755559,-0.7483491388261077,0.45424959227231865,0,3,4,貿易百貨,半導體
V000,F000,859,-0.08219958429579984,-0.5234272196528423,0.60067698625725,4,4,8,貿易百貨,電腦週邊
V000,G000,859,-0.06636579902314903,-0.42551636161614054,0.670460296835546,1,2,3,貿易百貨,平面顯示器
V000,H000,859,-0.1101983503084418,-0.705630426328304,0.4804179976266354,0,0,0,貿易百貨,觸控面板
V000,I000,859,-0.14251444940055302,-1.0148983031464265,0.3101543071548617,0,0,2,貿易百貨,通信網路
V000,J000,859,-0.03744470248360929,-0.2353957232692024,0.8139016051663253,0,2,2,貿易百貨,被動元件
V000,K000,859,-0.10028771872841546,-0.7439922901242009,0.45688113944147046,0,0,0,貿易百貨,連接器
V000,L000,859,-0.11188403026328321,-0.7690898458333223,0.44183997574294176,0,2,2,貿易百貨,印刷電路板
V000,M000,859,0.03194508875506572,0.221187798661409,0.82494620925075,5,7,7,貿易百貨,食品
V000,N000,859,-0.0299733886401116,-0.21796555763618713,0.827455947249805,0,0,1,貿易百貨,石化及塑橡膠
V000,O000,859,0.11594960834602791,0.7966017602877239,0.42568235476844274,0,1,4,貿易百貨,紡織
V000,P000,859,-0.008659186193896454,-0.06837565710997481,0.9454865992818019,2,2,5,貿易百貨,電機機械
V000,Q000,859,-0.13700509916461973,-0.9655583091420208,0.3342652454614019,0,0,1,貿易百貨,鋼鐵
V000,R000,859,-0.03473807481728346,-0.2784942961848336,0.7806329429146234,0,0,4,貿易百貨,軟體服務
V000,R300,859,-0.05745467333692653,-0.37594714896624787,0.7069561875049984,0,0,4,貿易百貨,電子商務
V000,S000,859,0.012601542479129044,0.09005420540502317,0.9282441400858498,2,6,6,貿易百貨,建材營造
V000,T000,859,-0.08285988927597805,-0.5237847870917625,0.6004282356033486,0,0,2,貿易百貨,交通運輸及航運
V000,U000,859,-0.0584157829708355,-0.3609840627357662,0.7181113610323028,0,0,0,貿易百貨,金融
V000,W000,859,0.001996061826280389,0.024975979421964965,0.9800741232753012,0,0,0,貿易百貨,油電燃氣
V000,X000,859,-0.0382475140822593,-0.3038599182861325,0.7612346153485634,0,0,9,貿易百貨,其他
V000,Y000,859,-0.031126341615351903,-0.20431864661187035,0.838104499427846,0,0,5,貿易百貨,文化創意
W000,1000,859,-0.020438495765389843,-0.16410334584701383,0.8696497879178537,0,0,0,油電燃氣,水泥
W000,2000,859,0.058592599768179446,0.3823243726672189,0.7022207786046908,0,0,0,油電燃氣,造紙
W000,3000,859,0.13216552152266678,1.2053849013863231,0.22805474747108279,0,0,0,油電燃氣,汽車
W000,4100,859,0.07383715094314912,0.5336795751963039,0.5935632426477386,0,0,0,油電燃氣,太空衛星科技
W000,5100,859,0.06322540814353135,0.4270793748033116,0.6693215150107477,0,0,0,油電燃氣,區塊鏈
W000,5200,859,0.055263506205907954,0.41217786209492113,0.6802090621021561,0,0,0,油電燃氣,金融科技
W000,5300,859,0.009049917463322977,0.07387780360752261,0.941107617730424,0,0,0,油電燃氣,人工智慧
W000,5400,859,0.03459354304687895,0.3089620107227867,0.7573504249819826,0,0,0,油電燃氣,雲端運算
W000,5500,859,0.03132220168170553,0.28451726762730406,0.7760140029418598,0,0,0,油電燃氣,資通訊安全
W000,5600,859,0.03541107198882891,0.3059909114662503,0.7596115657072545,0,0,0,油電燃氣,大數據
W000,5700,859,0.10223657303130428,0.8342585713586672,0.40413529188865294,0,0,0,油電燃氣,體驗科技
W000,5800,859,0.02957705736439994,0.2812475255042161,0.7785205550150113,0,0,0,油電燃氣,運動科技
W000,6000,859,0.07476533395504104,0.5199166431986484,0.6031216747953545,0,0,0,油電燃氣,自動化
W000,B000,859,0.026884045835565674,0.25277710190379965,0.8004404632187604,0,0,0,油電燃氣,休閒娛樂
W000,C100,859,0.13293756257095016,0.8074581203519169,0.41940259345647846,0,0,0,油電燃氣,製藥
W000,C200,859,0.10542242103714186,0.9303156837640008,0.35220765971317214,0,0,0,油電燃氣,醫療器材
W000,C300,859,0.13768445008261554,0.9925204444007428,0.3209437114615715,0,0,0,油電燃氣,食品生技
W000,C400,859,0.16721196002904426,0.9168551555762339,0.3592185457463808,0,0,0,油電燃氣,再生醫療
W000,D000,859,0.13141386185251405,0.9457471769555066,0.3442775536761685,0,0,1,油電燃氣,半導體
W000,F000,859,0.13492108693578905,0.9538637425412616,0.3401526186010244,0,0,0,油電燃氣,電腦週邊
W000,G000,859,0.15337052436833723,1.1972016491453963,0.2312279672425075,0,0,0,油電燃氣,平面顯示器
W000,H000,859,0.13271400655680143,0.9821703040024158,0.32601595471368205,0,0,0,油電燃氣,觸控面板
W000,I000,859,0.09491452887514475,0.7892535845264546,0.4299638091126029,0,0,0,油電燃氣,通信網路
W000,J000,859,0.11103459309282276,0.797250723538079,0.42530543248801,0,0,0,油電燃氣,被動元件
W000,K000,859,0.11338495956721392,0.9669225529441807,0.33358275133573945,0,0,0,油電燃氣,連接器
W000,L000,859,0.09181999067901063,0.7154126295249172,0.4743541107899931,0,0,0,油電燃氣,印刷電路板
W000,M000,859,0.040476271059671685,0.3564185897506138,0.7215271096712745,0,0,0,油電燃氣,食品
W000,N000,859,0.004015856378087123,0.035009994490890345,0.972071771308758,0,0,2,油電燃氣,石化及塑橡膠
W000,O000,859,0.09101196819498673,0.7977735064750889,0.42500193837905886,0,0,1,油電燃氣,紡織
W000,P000,859,0.07778235636027363,0.7812840518020192,0.43463544793757447,0,0,0,油電燃氣,電機機械
W000,Q000,859,0.057977741582551125,0.5217460914423839,0.6018471284542783,0,0,0,油電燃氣,鋼鐵
W000,R000,859,0.06436084736380435,0.5723176196053018,0.5671068150162126,0,0,0,油電燃氣,軟體服務
W000,R300,859,0.05789660224643862,0.4458258148242871,0.6557230729891117,0,0,0,油電燃氣,電子商務
W000,S000,859,0.05788460859929244,0.4893184617192366,0.6246162526843035,0,0,0,油電燃氣,建材營造
W000,T000,859,0.07567373475406479,0.5861818102324295,0.5577533439482464,0,0,1,油電燃氣,交通運輸及航運
W000,U000,859,-0.0007876244920437233,-0.00606957140730723,0.9951572124179086,0,0,0,油電燃氣,金融
W000,V000,859,0.06223798633567606,0.6203278959686372,0.535041932696322,0,0,0,油電燃氣,貿易百貨
W000,X000,859,0.048545309331733934,0.469578809444971,0.6386559672091654,0,0,0,油電燃氣,其他
W000,Y000,859,0.08602580799616742,0.7892091347536193,0.42998978387602893,0,0,0,油電燃氣,文化創意
X000,1000,859,0.15876560337969414,0.6459164041568615,0.5183334953113939,0,0,1,其他,水泥
X000,2000,859,-0.018861342047877316,-0.06504084490376655,0.9481414795540188,0,0,2,其他,造紙
X000,3000,859,-0.21557250395715297,-0.9873882370088023,0.3234523487294285,0,0,12,其他,汽車
X000,4100,859,-0.4077465419769019,-1.3595354752974356,0.17397696897949277,0,0,1,其他,太空衛星科技
X000,5100,859,0.05942768669643465,0.21512771027050664,0.8296677499846389,0,0,1,其他,區塊鏈
X000,5200,859,-0.21895020254346817,-0.6870658216623451,0.4920412509489698,0,0,2,其他,金融科技
X000,5300,859,-0.21825763665427148,-0.8904717454697101,0.3732126332559623,0,0,13,其他,人工智慧
X000,5400,859,-0.24508293020048327,-1.0111240689636518,0.3119570518388851,0,0,12,其他,雲端運算
X000,5500,859,-0.33084762262355333,-1.395713306307473,0.16280084569537534,0,0,6,其他,資通訊安全
X000,5600,859,-0.2248396443125923,-0.8453854585301284,0.39789566076545135,0,0,7,其他,大數據
X000,5700,859,-0.14573854075893947,-0.5409419019697634,0.5885476281841879,0,0,6,其他,體驗科技
X000,5800,859,-0.07621590284733396,-0.31697061331657267,0.7512659005536333,0,0,7,其他,運動科技
X000,6000,859,-0.026175879498163947,-0.0924892860510728,0.9263093032273478,0,0,3,其他,自動化
X000,B000,859,-0.2580083190466954,-0.9861975757058608,0.32403616870499896,0,0,6,其他,休閒娛樂
X000,C100,859,0.4033392973067873,1.2076153817840134,0.2271952398323388,0,0,2,其他,製藥
X000,C200,859,0.04683772640655379,0.19978031839618507,0.8416523946671571,0,0,19,其他,醫療器材
X000,C300,859,0.16597456269240474,0.5914691466816031,0.5542061218960674,0,0,4,其他,食品生技
X000,C400,859,0.47876669930026844,1.2711976355464016,0.20365834754382828,0,0,1,其他,再生醫療
X000,D000,859,-0.07508141486806878,-0.27847802366297114,0.7806454326768479,0,0,34,其他,半導體
X000,F000,859,-0.14184222510379157,-0.5537572227597373,0.5797450075663929,0,0,33,其他,電腦週邊
X000,G000,859,-0.08073053947695094,-0.3216980405081723,0.7476814624537037,0,0,27,其他,平面顯示器
X000,H000,859,-0.08237038629042029,-0.323367389510169,0.746417023386805,0,0,9,其他,觸控面板
X000,I000,859,-0.2557313296793041,-1.114116360943064,0.265229270593621,0,0,22,其他,通信網路
X000,J000,859,-0.08843646554590637,-0.3132981281467403,0.7540541721274934,0,0,5,其他,被動元件
X000,K000,859,-0.30660952385416185,-1.268912678701644,0.20447220981078962,0,0,5,其他,連接器
X000,L000,859,-0.12597954036384532,-0.4999584279175082,0.6171043499338074,0,0,8,其他,印刷電路板
X000,M000,859,0.13443915224487726,0.6684403918433778,0.503852519493882,0,0,7,其他,食品
X000,N000,859,0.017466043608752837,0.08511986326881386,0.9321660990103711,0,0,13,其他,石化及塑橡膠
X000,O000,859,0.24009899530606285,1.0566438785348224,0.2906741469524581,0,0,8,其他,紡織
X000,P000,859,-0.04689958216894605,-0.22353202617505993,0.8231214603416418,0,0,13,其他,電機機械
X000,Q000,859,-0.2720577189509341,-1.2210420878653063,0.22207008472800926,0,0,4,其他,鋼鐵
X000,R000,859,-0.20101808575208358,-0.8676298909965758,0.3855969774698951,0,0,15,其他,軟體服務
X000,R300,859,-0.029254599465213457,-0.12081480292371638,0.9038377249551264,0,0,3,其他,電子商務
X000,S000,859,0.1369998041668862,0.6031373012529175,0.546417353652437,0,0,17,其他,建材營造
X000,T000,859,-0.19131394700739676,-0.7227579631278823,0.4698285977140443,0,0,4,其他,交通運輸及航運
X000,U000,859,-0.08357830485465163,-0.35687543322326637,0.7211850617267241,0,0,1,其他,金融
X000,V000,859,0.0665104459917926,0.3360642048813856,0.7368224505325229,0,0,9,其他,貿易百貨
X000,W000,859,0.2417707686176728,2.0730450890768704,0.03816808354154594,0,0,0,其他,油電燃氣
X000,Y000,859,-0.09650288687384635,-0.3865847366811212,0.6990636594355379,0,0,12,其他,文化創意
Y000,1000,859,0.007059733835513863,0.12419199239456921,0.9011632622985163,0,0,0,文化創意,水泥
Y000,2000,859,0.042199743714127234,0.5226383825393148,0.6012259249836498,0,0,0,文化創意,造紙
Y000,3000,859,0.036929102367841235,0.6264558031415773,0.5310160174475378,0,0,0,文化創意,汽車
Y000,4100,859,0.08110526245656273,1.0228413016263376,0.30638288652013723,0,0,0,文化創意,太空衛星科技
Y000,5100,859,-0.012118650192244729,-0.16294582332095223,0.8705610911469309,0,0,2,文化創意,區塊鏈
Y000,5200,859,-0.015016010160452523,-0.18211294283837542,0.8554940916641179,0,0,1,文化創意,金融科技
Y000,5300,859,0.02838717919991518,0.437336802176867,0.6618671092755343,0,0,3,文化創意,人工智慧
Y000,5400,859,0.01946583874704899,0.32149776035462596,0.7478332092313655,0,0,0,文化創意,雲端運算
Y000,5500,859,0.007620890779345644,0.1273561320872549,0.8986585349667435,0,0,0,文化創意,資通訊安全
Y000,5600,859,0.018534340512557472,0.30263819939651365,0.7621655998845969,0,0,2,文化創意,大數據
Y000,5700,859,0.0044193007475349455,0.06182909985849858,0.9506989294781872,0,0,4,文化創意,體驗科技
Y000,5800,859,0.02802175040583218,0.43590442827410897,0.6629060721059351,0,0,1,文化創意,運動科技
Y000,6000,859,-0.00897908181761982,-0.1230744429028852,0.9020481490064921,0,0,0,文化創意,自動化
Y000,B000,859,-0.015913873073588068,-0.2207702502727944,0.8252713288831424,0,0,15,文化創意,休閒娛樂
Y000,C100,859,-0.003719520226406744,-0.044882576909587885,0.9642009044605198,0,0,0,文化創意,製藥
Y000,C200,859,0.013825222775812641,0.2211407579980129,0.8249828354655198,0,0,1,文化創意,醫療器材
Y000,C300,859,-0.036236569657399145,-0.5163585147167177,0.6056040347080347,0,0,2,文化創意,食品生技
Y000,C400,859,-0.08640470781697307,-0.8808791281769355,0.37838324548844005,0,0,0,文化創意,再生醫療
Y000,D000,859,0.04888392614482816,0.6613444117591737,0.5083914661098415,0,0,0,文化創意,半導體
Y000,F000,859,0.030607345483624246,0.43991915688530997,0.6599956605861799,0,0,2,文化創意,電腦週邊
Y000,G000,859,0.032412073092583656,0.4462993519318271,0.6553810243303928,0,0,0,文化創意,平面顯示器
Y000,H000,859,0.035638110783530456,0.48432941901797144,0.6281521005855902,0,0,0,文化創意,觸控面板
Y000,I000,859,0.030909180939638486,0.4605231115441675,0.6451407863815741,0,0,2,文化創意,通信網路
Y000,J000,859,0.007648520791104595,0.10117019133600211,0.9194153591487138,0,0,0,文化創意,被動元件
Y000,K000,859,0.01454436926458288,0.21585151958096635,0.829103487967045,0,0,0,文化創意,連接器
Y000,L000,859,0.026283568291764613,0.35776155181562197,0.7205217658505796,0,0,0,文化創意,印刷電路板
Y000,M000,859,0.026114092373898515,0.5400649641946016,0.5891522315697588,0,0,1,文化創意,食品
Y000,N000,859,0.011681552778087934,0.21367476787583956,0.8308006892277231,0,0,0,文化創意,石化及塑橡膠
Y000,O000,859,0.0006827408015482035,0.013491750179512199,0.9892354674077236,0,0,0,文化創意,紡織
Y000,P000,859,0.01078219864486238,0.19694393041432698,0.8438714153494666,0,0,0,文化創意,電機機械
Y000,Q000,859,0.017099080043889135,0.3085373630474644,0.7576734743913995,0,0,0,文化創意,鋼鐵
Y000,R000,859,-0.006560239549521454,-0.11354456738652995,0.9095988318499021,0,0,4,文化創意,軟體服務
Y000,R300,859,0.03380991481632307,0.5176937601783346,0.6046719525158492,0,0,7,文化創意,電子商務
Y000,S000,859,0.03302683271090906,0.5547825509796396,0.5790434035833572,0,0,2,文化創意,建材營造
Y000,T000,859,0.08026971092855102,1.3511911943257593,0.1766341946076655,0,0,0,文化創意,交通運輸及航運
Y000,U000,859,0.12059600711746876,1.8535521566199227,0.06380325775043173,0,0,0,文化創意,金融
Y000,V000,859,0.02807475341838256,0.51273195187238,0.60813883580381,0,0,5,文化創意,貿易百貨
Y000,W000,859,0.004671524132328429,0.1492971323685456,0.8813191779530998,0,0,0,文化創意,油電燃氣
Y000,X000,859,0.019424649919753373,0.35268911324558877,0.7243215219274797,0,0,12,文化創意,其他
