A,B,n,beta_AB,t_AB,p_AB,L_strict,L_loose,S_undir,A_name,B_name
1000,2000,206,0.22198727770109092,1.3582631444849689,0.17438020047196212,0,0,0,水泥,造紙
1000,3000,206,-0.030541877148877374,-0.21484711445340982,0.829886518488568,0,0,0,水泥,汽車
1000,4100,206,0.04999231421546574,0.30311887057044656,0.76179927363035,0,0,0,水泥,太空衛星科技
1000,5100,206,0.03532346988612603,0.20298646707540613,0.8391456097329065,0,0,0,水泥,區塊鏈
1000,5200,206,0.016152841007813112,0.10112691653687654,0.9194497112638069,0,0,0,水泥,金融科技
1000,5300,206,0.07707048478177322,0.49319911160452495,0.6218719055476416,0,0,0,水泥,人工智慧
1000,5400,206,0.05234072027668124,0.38184487065207123,0.7025764340482603,0,0,0,水泥,雲端運算
1000,5500,206,0.0613293122128643,0.40921001394256995,0.6823855461425266,0,0,0,水泥,資通訊安全
1000,5600,206,0.05850650159720128,0.4199195200300355,0.6745442473479328,0,0,0,水泥,大數據
1000,5700,206,0.09216279632414831,0.5820010522645327,0.5605659720945948,0,0,0,水泥,體驗科技
1000,5800,206,0.1385231118575336,0.9549506037620006,0.3396026774226786,0,0,0,水泥,運動科技
1000,6000,206,0.08243216240238709,0.501626430637247,0.615930323817934,0,0,0,水泥,自動化
1000,B000,206,0.17536342393792284,0.997364589509084,0.318587572813429,0,0,0,水泥,休閒娛樂
1000,C100,206,0.17852734671836687,0.8296938865055694,0.4067118788335279,0,0,0,水泥,製藥
1000,C200,206,0.012704228272923593,0.08792366790404166,0.9299373451830627,0,0,0,水泥,醫療器材
1000,C300,206,0.008940870821386804,0.04613760741039387,0.9632005715317741,0,0,0,水泥,食品生技
1000,C400,206,0.049037116082389316,0.2382829004502174,0.811661682904982,0,0,0,水泥,再生醫療
1000,D000,206,0.09965310984332627,0.49649508863554426,0.6195451516421927,0,0,0,水泥,半導體
1000,F000,206,0.08540596788510561,0.5166154894369247,0.605424600798381,0,0,0,水泥,電腦週邊
1000,G000,206,0.10593746035753869,0.5996319420946599,0.548751554479785,0,0,0,水泥,平面顯示器
1000,H000,206,0.05672174237458818,0.3094712777769159,0.7569630575364199,0,0,0,水泥,觸控面板
1000,I000,206,0.06209003160140967,0.3597716696848643,0.7190178908331835,0,0,0,水泥,通信網路
1000,J000,206,-0.040995868008967665,-0.2095279994651549,0.8340360800292702,0,0,0,水泥,被動元件
1000,K000,206,-0.03158934326835423,-0.20518111990387847,0.8374306197719064,0,0,0,水泥,連接器
1000,L000,206,-0.008169324033944863,-0.049975192372898485,0.960142157231597,0,0,0,水泥,印刷電路板
1000,M000,206,0.13036485689936642,0.952867107146154,0.34065740775641784,0,0,0,水泥,食品
1000,N000,206,0.1318437915367549,0.8425343326487766,0.3994889305288265,0,0,0,水泥,石化及塑橡膠
1000,O000,206,0.17735306663268952,1.5497176258386236,0.12120930571909347,0,0,0,水泥,紡織
1000,P000,206,-0.030732630503869943,-0.23404926330699488,0.8149467339854018,0,0,0,水泥,電機機械
1000,Q000,206,0.16057611585003168,1.2720272677467042,0.20336343111565658,0,0,0,水泥,鋼鐵
1000,R000,206,0.08245528792958119,0.6021152119443306,0.547097449384089,0,0,0,水泥,軟體服務
1000,R300,206,0.05779386606996074,0.3999679794611922,0.689180101347024,0,0,0,水泥,電子商務
1000,S000,206,0.06514411935662097,0.5034539010889647,0.614645183411593,1,3,3,水泥,建材營造
1000,T000,206,0.30370309623170477,1.7204896889025114,0.08534346637180949,0,0,1,水泥,交通運輸及航運
1000,U000,206,0.5017871693768151,3.3430478306874747,0.0008286361583890995,0,0,1,水泥,金融
1000,V000,206,0.11233101399339687,0.807460862943313,0.41940101394363816,0,0,0,水泥,貿易百貨
1000,W000,206,0.13267807615568206,1.6453557048926162,0.0998964784966211,0,0,0,水泥,油電燃氣
1000,X000,206,0.057676156109760075,0.48092112467047593,0.6305725583336523,0,0,1,水泥,其他
1000,Y000,206,0.139006085708779,0.6454329333013697,0.5186466670693937,0,0,0,水泥,文化創意
2000,1000,206,-0.09737827035059383,-0.8802342457146641,0.3787324251834654,0,0,0,造紙,水泥
2000,3000,206,-0.11138571133698184,-1.0822989846928464,0.27911969699671524,0,0,0,造紙,汽車
2000,4100,206,-0.09589301740400175,-0.7304584150114891,0.4651100231058978,0,0,0,造紙,太空衛星科技
2000,5100,206,-0.07809090207625562,-0.5810801319167569,0.5611864484150386,0,0,0,造紙,區塊鏈
2000,5200,206,-0.12680662574126386,-1.017606422473882,0.3088650339612623,0,0,0,造紙,金融科技
2000,5300,206,-0.06501143101427781,-0.663753939795848,0.5068478100009475,0,0,0,造紙,人工智慧
2000,5400,206,-0.08484681897653548,-0.8758743444886641,0.3810983481249317,0,0,0,造紙,雲端運算
2000,5500,206,-0.07876187474982663,-0.8594784350972462,0.3900766125884856,0,0,1,造紙,資通訊安全
2000,5600,206,-0.11952377313654461,-1.1833221002246224,0.2366815172988339,0,0,0,造紙,大數據
2000,5700,206,0.00720958157425769,0.06196914084063986,0.9505874067951698,0,0,0,造紙,體驗科技
2000,5800,206,-0.0407732083978727,-0.3909408134564707,0.6958409850843938,0,0,0,造紙,運動科技
2000,6000,206,-0.12329259424535445,-0.9301161285154058,0.3523109609102496,0,0,0,造紙,自動化
2000,B000,206,-0.0838017520426052,-0.7065082008706547,0.47987215458295307,0,0,0,造紙,休閒娛樂
2000,C100,206,-0.19985869999897804,-1.1545814266032592,0.24826187619775408,0,1,1,造紙,製藥
2000,C200,206,-0.12155238275977703,-1.1124892378072164,0.26592785492207593,0,0,0,造紙,醫療器材
2000,C300,206,-0.20467485426909177,-1.3519764666908405,0.17638284373484958,0,0,0,造紙,食品生技
2000,C400,206,-0.22420624709064826,-1.333273213772521,0.18244216066945063,0,0,0,造紙,再生醫療
2000,D000,206,-0.01908695508415019,-0.14193925677828728,0.8871279857920473,0,0,0,造紙,半導體
2000,F000,206,-0.09464424676797668,-0.8555198695558343,0.39226340933233195,0,0,1,造紙,電腦週邊
2000,G000,206,-0.08839217745872507,-0.7506366762167934,0.4528713422340196,0,0,0,造紙,平面顯示器
2000,H000,206,-0.12520508304080682,-0.9784798372207891,0.3278370587897236,0,0,0,造紙,觸控面板
2000,I000,206,-0.12915791959257494,-1.0473180984738995,0.2949528915509575,0,0,0,造紙,通信網路
2000,J000,206,-0.12827256736631357,-0.9580831448734196,0.3380208340176519,0,0,0,造紙,被動元件
2000,K000,206,-0.04074454206679716,-0.36580390742453045,0.7145114039697449,0,0,0,造紙,連接器
2000,L000,206,-0.09260067064874489,-0.7467168412357665,0.45523450169345525,0,1,1,造紙,印刷電路板
2000,M000,206,-0.07974478887905499,-0.7720456363700415,0.4400873986699183,0,0,0,造紙,食品
2000,N000,206,-0.13313957849909142,-1.15437467185903,0.24834659454097852,0,0,1,造紙,石化及塑橡膠
2000,O000,206,-0.06159335524949289,-0.6571714990976001,0.511070649340057,0,0,0,造紙,紡織
2000,P000,206,-0.13907177569588872,-1.374551341973401,0.16927058260524896,0,0,0,造紙,電機機械
2000,Q000,206,0.01167054537132646,0.09295860079738653,0.9259364505339942,0,0,0,造紙,鋼鐵
2000,R000,206,-0.09568223899833064,-0.9764884043058618,0.3288224914100283,0,0,1,造紙,軟體服務
2000,R300,206,-0.07208898069387519,-0.6597699113666523,0.5094014947814124,0,0,0,造紙,電子商務
2000,S000,206,-0.1374081860200229,-1.3183554865629477,0.187384674525651,0,0,0,造紙,建材營造
2000,T000,206,0.02956474262461799,0.2067094018102817,0.8362368144002431,0,0,0,造紙,交通運輸及航運
2000,U000,206,0.022732877446524115,0.22946322564305602,0.8185088998075473,0,0,0,造紙,金融
2000,V000,206,-0.10426609573758808,-0.9772740945359977,0.3284334745191524,0,0,0,造紙,貿易百貨
2000,W000,206,-0.01792443334452256,-0.3956439168402437,0.6923677341944479,0,0,0,造紙,油電燃氣
2000,X000,206,-0.11752456690027735,-1.1752277111129212,0.239903626516755,0,0,2,造紙,其他
2000,Y000,206,-0.15995829582574683,-1.4341998100548126,0.15151525126083515,0,0,0,造紙,文化創意
3000,1000,206,-0.027691032876793073,-0.14082609778198824,0.8880073254709553,0,0,0,汽車,水泥
3000,2000,206,0.28818086442000024,1.1605498796893439,0.24582499795723145,0,0,0,汽車,造紙
3000,4100,206,0.27446801154246314,1.002271362189532,0.31621254990037295,0,0,2,汽車,太空衛星科技
3000,5100,206,0.5687905906083406,1.9129519075995796,0.05575420948060729,0,0,0,汽車,區塊鏈
3000,5200,206,0.4718335204485842,1.246387384768412,0.21262221036850149,0,0,0,汽車,金融科技
3000,5300,206,0.26962988443045843,1.0096429699415719,0.3126663747684645,0,0,4,汽車,人工智慧
3000,5400,206,0.3957440815065711,1.5157935742780355,0.12957155737953074,1,1,4,汽車,雲端運算
3000,5500,206,0.267843574492862,0.9542077918852367,0.3399784712800553,0,0,0,汽車,資通訊安全
3000,5600,206,0.3014225862250777,1.130884843253091,0.258103563488578,0,0,1,汽車,大數據
3000,5700,206,0.24749238541592908,0.9312780790400148,0.3517097381897657,0,0,5,汽車,體驗科技
3000,5800,206,0.28463719173439855,1.2441297118326615,0.21345182743244828,0,0,4,汽車,運動科技
3000,6000,206,0.36681280333253485,1.0221440518389395,0.30671272620497025,0,0,0,汽車,自動化
3000,B000,206,0.2605618703332164,1.2694877246445924,0.20426716592808714,0,0,2,汽車,休閒娛樂
3000,C100,206,0.7072265425841769,2.601337432424842,0.009286106548254475,0,0,0,汽車,製藥
3000,C200,206,0.3274881348270016,1.3670968586797474,0.1715949477871076,0,1,7,汽車,醫療器材
3000,C300,206,0.6094286586503552,2.269172530088249,0.02325783606180076,0,0,0,汽車,食品生技
3000,C400,206,0.32799526601642565,0.9610967545301391,0.33650352138785644,0,0,0,汽車,再生醫療
3000,D000,206,0.22166080642025118,0.7107996562679118,0.47720839367611456,0,0,6,汽車,半導體
3000,F000,206,0.3296403637545566,1.192058107683156,0.23323846169414097,1,1,17,汽車,電腦週邊
3000,G000,206,0.25995667826498015,0.9372580393789185,0.3486258413952369,0,0,11,汽車,平面顯示器
3000,H000,206,0.1791471281577036,0.683439586679346,0.49432911267599544,0,0,3,汽車,觸控面板
3000,I000,206,0.33035583278447606,1.2470654498997589,0.21237350010330003,0,0,7,汽車,通信網路
3000,J000,206,0.2677546058289454,0.7215661786966844,0.4705612392721934,0,0,3,汽車,被動元件
3000,K000,206,0.22893613129569218,0.8444997921720481,0.3983901794458108,0,0,3,汽車,連接器
3000,L000,206,0.16911713110766424,0.5844726538761816,0.558902358281001,0,0,1,汽車,印刷電路板
3000,M000,206,0.2996349317225875,1.5625052829222321,0.11816900230215316,0,0,0,汽車,食品
3000,N000,206,0.17670433814348602,0.8687209763066609,0.38499976525413515,0,0,6,汽車,石化及塑橡膠
3000,O000,206,0.19185053490197873,1.0683739016557132,0.28535188469434236,0,0,0,汽車,紡織
3000,P000,206,0.27262982748083303,1.1065731462553163,0.2684785228854878,0,0,21,汽車,電機機械
3000,Q000,206,0.15715861576255294,0.6359965511581221,0.5247786699387695,0,0,0,汽車,鋼鐵
3000,R000,206,0.3332198834150252,1.1479047532014168,0.25100788577605004,0,0,1,汽車,軟體服務
3000,R300,206,0.08780218082329945,0.40737965511923313,0.6837291671596638,0,0,0,汽車,電子商務
3000,S000,206,0.11167039319104838,0.5446189129878621,0.5860156442392287,0,0,3,汽車,建材營造
3000,T000,206,-0.187329299651082,-0.5857058733835968,0.5580731864597804,0,0,0,汽車,交通運輸及航運
3000,U000,206,0.16271296755556053,0.7471459540741505,0.4549754635563319,0,0,0,汽車,金融
3000,V000,206,0.23835049109037165,1.2154499689021665,0.2241945196837557,0,0,1,汽車,貿易百貨
3000,W000,206,0.05710591218835161,0.5782855453091712,0.5630713517266532,0,0,0,汽車,油電燃氣
3000,X000,206,0.21975085823778343,0.9558403085049847,0.3391529201406829,0,0,12,汽車,其他
3000,Y000,206,0.20722977516681362,1.1059800388692067,0.26873515925367175,0,0,0,汽車,文化創意
4100,1000,206,0.00913586032116039,0.054810052790613205,0.9562897914745451,0,0,0,太空衛星科技,水泥
4100,2000,206,-0.1128849027888098,-0.5715175166419691,0.5676488899253305,0,0,0,太空衛星科技,造紙
4100,3000,206,-0.034163034410428374,-0.20711878586160937,0.835917091195655,0,0,2,太空衛星科技,汽車
4100,5100,206,-0.17668555546486547,-0.8139978169435006,0.4156462015823925,0,0,1,太空衛星科技,區塊鏈
4100,5200,206,-0.0033810573141046466,-0.015290986313683473,0.9878000335237438,0,0,1,太空衛星科技,金融科技
4100,5300,206,-0.08990542149024552,-0.47690721211128156,0.6334281961055084,0,0,5,太空衛星科技,人工智慧
4100,5400,206,-0.08194545190232728,-0.4599241690875756,0.6455706514064319,0,1,5,太空衛星科技,雲端運算
4100,5500,206,-0.07808472484356294,-0.42353543751685935,0.6719046489340187,0,0,2,太空衛星科技,資通訊安全
4100,5600,206,-0.06673708515664518,-0.3766401044361095,0.7064410798469847,0,0,3,太空衛星科技,大數據
4100,5700,206,-0.19739516953619132,-1.1359818210071055,0.2559641725869083,0,0,3,太空衛星科技,體驗科技
4100,5800,206,-0.09858566218229907,-0.5539446104128456,0.5796167535616223,0,0,2,太空衛星科技,運動科技
4100,6000,206,0.05570755314343866,0.2749777183434637,0.7833333568624016,0,0,0,太空衛星科技,自動化
4100,B000,206,-0.12597410047302615,-0.6705627213787154,0.5024991374200072,0,0,2,太空衛星科技,休閒娛樂
4100,C100,206,-0.0015743885562442663,-0.005812935158101505,0.995361974904395,0,0,0,太空衛星科技,製藥
4100,C200,206,0.02505399028818072,0.14107074959756274,0.887814050971643,0,0,3,太空衛星科技,醫療器材
4100,C300,206,-0.01830520133692759,-0.07569266466090703,0.9396636120049977,0,0,0,太空衛星科技,食品生技
4100,C400,206,0.053306012013353214,0.20618262516392113,0.8366482593763656,0,0,0,太空衛星科技,再生醫療
4100,D000,206,-0.2613895061168162,-1.4494354170447246,0.1472160239148916,0,0,6,太空衛星科技,半導體
4100,F000,206,-0.15914206084946783,-0.786243498179526,0.43172484707563374,0,0,4,太空衛星科技,電腦週邊
4100,G000,206,-0.17021313993806889,-0.8897144629404773,0.37361922605114084,0,0,2,太空衛星科技,平面顯示器
4100,H000,206,-0.07644499744862884,-0.40442903470342156,0.6858972529076319,0,0,2,太空衛星科技,觸控面板
4100,I000,206,-0.09112930837091149,-0.4385527481072209,0.660985641556303,0,0,10,太空衛星科技,通信網路
4100,J000,206,-0.17575947658549182,-0.843710255450704,0.39883133535080817,0,0,1,太空衛星科技,被動元件
4100,K000,206,-0.20089185801054585,-0.9784886350346857,0.32783270957103583,0,0,2,太空衛星科技,連接器
4100,L000,206,-0.1678391844061376,-0.8421494230969858,0.3997043198317909,0,0,2,太空衛星科技,印刷電路板
4100,M000,206,0.003223134854187373,0.020775420941027262,0.9834248047546389,0,0,0,太空衛星科技,食品
4100,N000,206,-0.07911789351530675,-0.49432604096345983,0.621075936979408,0,0,0,太空衛星科技,石化及塑橡膠
4100,O000,206,-0.16694042628518366,-1.0703097268601494,0.2844799175988273,0,0,0,太空衛星科技,紡織
4100,P000,206,-0.025182103508576817,-0.1643038966641661,0.8694919142886446,0,0,3,太空衛星科技,電機機械
4100,Q000,206,-0.13785609454052508,-0.8846621844617949,0.37633885698630853,0,0,0,太空衛星科技,鋼鐵
4100,R000,206,0.023876947017011135,0.14160661996322613,0.8873907376574175,0,0,3,太空衛星科技,軟體服務
4100,R300,206,-0.22623191946752436,-1.2258771423580026,0.22024491165743865,0,0,1,太空衛星科技,電子商務
4100,S000,206,-0.06460179283933935,-0.3853625012859949,0.6999688608979493,0,0,1,太空衛星科技,建材營造
4100,T000,206,-0.13231239411884108,-0.730294559941414,0.46521015277711586,0,0,0,太空衛星科技,交通運輸及航運
4100,U000,206,-0.10190383489246393,-0.6903006439865357,0.49000514298651376,0,0,0,太空衛星科技,金融
4100,V000,206,-0.07255547849306045,-0.4192101141018961,0.6750625810312092,0,0,0,太空衛星科技,貿易百貨
4100,W000,206,-0.056597077690532446,-0.7524758184571133,0.45176496659956666,0,0,0,太空衛星科技,油電燃氣
4100,X000,206,-0.03660653542669485,-0.2393467523569568,0.810836715548995,0,0,1,太空衛星科技,其他
4100,Y000,206,-0.17396589890214914,-0.8696875124313416,0.3844711983956778,0,0,0,太空衛星科技,文化創意
5100,1000,206,0.00034541206642062184,0.005006378094018891,0.9960055048994664,0,0,0,區塊鏈,水泥
5100,2000,206,0.0955739517756916,0.8513337461910161,0.3945839840664075,0,0,0,區塊鏈,造紙
5100,3000,206,-0.03142758988294442,-0.416787980265532,0.6768334949402337,0,0,0,區塊鏈,汽車
5100,4100,206,0.011478253938392587,0.09822148047338958,0.9217564259838797,0,0,1,區塊鏈,太空衛星科技
5100,5200,206,0.05976482147143217,0.5549765426977379,0.578910705239825,0,0,4,區塊鏈,金融科技
5100,5300,206,0.01226732368263288,0.1254856537506909,0.9001390819102553,0,0,6,區塊鏈,人工智慧
5100,5400,206,-0.04562652387734571,-0.5736781719728529,0.5661856019514799,0,0,5,區塊鏈,雲端運算
5100,5500,206,-0.023749004053547643,-0.28077494912718415,0.7788830187251854,0,0,4,區塊鏈,資通訊安全
5100,5600,206,-0.029198467690990743,-0.3539192821902361,0.7233993760252413,0,0,4,區塊鏈,大數據
5100,5700,206,0.0007489947779881381,0.0072878576483921525,0.9941851823746722,0,0,2,區塊鏈,體驗科技
5100,5800,206,-0.005159690276510823,-0.06360869625397614,0.9492818071580317,0,0,2,區塊鏈,運動科技
5100,6000,206,0.09980056648486972,0.9069968940786354,0.36440843969125924,0,0,0,區塊鏈,自動化
5100,B000,206,-0.02125917176098413,-0.2612473486460109,0.7939017665922488,0,0,0,區塊鏈,休閒娛樂
5100,C100,206,0.04325167192187353,0.3728959424709569,0.7092258920156586,0,0,0,區塊鏈,製藥
5100,C200,206,0.042828560702638026,0.5117327747868442,0.6088380447683437,0,0,0,區塊鏈,醫療器材
5100,C300,206,0.08515328183744884,0.9030954553660075,0.3664752357887152,0,0,0,區塊鏈,食品生技
5100,C400,206,0.06426732640120075,0.5723153494645837,0.5671083527002121,0,0,0,區塊鏈,再生醫療
5100,D000,206,0.023794072011798464,0.21212491968454425,0.8320095789640551,0,0,1,區塊鏈,半導體
5100,F000,206,0.0004636873407101853,0.004925780548486914,0.996069811643698,0,0,5,區塊鏈,電腦週邊
5100,G000,206,0.0028388044318637005,0.028288360109684326,0.9774321641730201,0,0,1,區塊鏈,平面顯示器
5100,H000,206,0.022412946272730952,0.23562612007751982,0.8137228031706647,0,0,0,區塊鏈,觸控面板
5100,I000,206,0.0035540816963446444,0.037624259026095605,0.9699872657071777,0,0,2,區塊鏈,通信網路
5100,J000,206,0.040604042414369435,0.3280864263034422,0.7428463167338843,0,0,0,區塊鏈,被動元件
5100,K000,206,-0.021869903884266566,-0.23369376361183794,0.8152227296318106,0,0,0,區塊鏈,連接器
5100,L000,206,0.024585334052758014,0.24533836867303263,0.8061944454478052,0,0,0,區塊鏈,印刷電路板
5100,M000,206,0.015381568215709025,0.22240229700416855,0.8240007238462302,0,0,0,區塊鏈,食品
5100,N000,206,0.013887592767509099,0.18793551779484807,0.8509271996162482,0,0,0,區塊鏈,石化及塑橡膠
5100,O000,206,-0.028159852853140994,-0.3855504084195821,0.6998296669628428,0,0,0,區塊鏈,紡織
5100,P000,206,-0.011856243777899022,-0.16502910714409508,0.8689210719668948,0,0,0,區塊鏈,電機機械
5100,Q000,206,0.13097486282312581,1.1559759459793513,0.24769099601242084,0,0,0,區塊鏈,鋼鐵
5100,R000,206,0.038597010253634816,0.4236437414441591,0.6718256498708872,0,0,5,區塊鏈,軟體服務
5100,R300,206,-0.04137478621940609,-0.5100579954659183,0.6100108317145241,0,0,3,區塊鏈,電子商務
5100,S000,206,-0.0030272945017558155,-0.04770186442759672,0.9619538481979205,0,0,0,區塊鏈,建材營造
5100,T000,206,0.1352224088270229,1.1335874310755532,0.25696764772614056,0,0,0,區塊鏈,交通運輸及航運
5100,U000,206,0.025857684053593483,0.3665148496036,0.7139809339798465,0,0,0,區塊鏈,金融
5100,V000,206,0.003975751663077891,0.059746066643291004,0.952357881366037,0,0,0,區塊鏈,貿易百貨
5100,W000,206,0.0021354059246392293,0.05251619914711693,0.9581173880925206,0,0,0,區塊鏈,油電燃氣
5100,X000,206,0.010354260736574717,0.14207328417736054,0.8870221202300688,0,0,1,區塊鏈,其他
5100,Y000,206,0.02938810438752585,0.3186276375549068,0.750008893213974,0,0,2,區塊鏈,文化創意
5200,1000,206,0.051341212345685124,0.6551010736369675,0.5124026808862824,0,0,0,金融科技,水泥
5200,2000,206,0.11044657073810862,0.859730448940445,0.38993764610644877,0,0,0,金融科技,造紙
5200,3000,206,0.011464334931432283,0.1403953513311007,0.8883476305776495,0,0,0,金融科技,汽車
5200,4100,206,0.08721830937830428,0.8173108408915758,0.41375081303835715,0,0,1,金融科技,太空衛星科技
5200,5100,206,0.0693491522997455,0.6493874686239411,0.5160879617706111,0,0,4,金融科技,區塊鏈
5200,5300,206,0.16198158561690323,1.5196885784891743,0.12858926350643693,0,0,15,金融科技,人工智慧
5200,5400,206,0.12951994851005547,1.6028908699155497,0.10895874976474962,0,0,15,金融科技,雲端運算
5200,5500,206,0.06932704937863174,0.7530582700234391,0.45141489924981715,0,0,11,金融科技,資通訊安全
5200,5600,206,0.1422292872800553,1.4492896440661585,0.1472567119164119,0,0,14,金融科技,大數據
5200,5700,206,0.06318533196593407,0.667271725947902,0.5045985831116311,0,0,1,金融科技,體驗科技
5200,5800,206,-0.024214537954934126,-0.29298719782623883,0.7695319371854275,0,0,1,金融科技,運動科技
5200,6000,206,0.13484876713769742,1.0213483303971194,0.30708943602620264,0,0,0,金融科技,自動化
5200,B000,206,0.1472851288844222,1.689674911158055,0.09109016564398349,0,0,2,金融科技,休閒娛樂
5200,C100,206,0.16607006740070657,0.9303850098031589,0.35217177708280956,0,0,0,金融科技,製藥
5200,C200,206,0.039051675541491165,0.43268178313148803,0.6652459658986496,0,0,1,金融科技,醫療器材
5200,C300,206,0.17670336182797344,1.0932631288870946,0.27427828660510944,0,0,0,金融科技,食品生技
5200,C400,206,0.1356852303335735,1.1672966310015418,0.24309059873239847,0,0,0,金融科技,再生醫療
5200,D000,206,0.10202502229654406,0.9013874620657676,0.3673823453622831,0,0,0,金融科技,半導體
5200,F000,206,0.11141906220825971,1.0952910832475036,0.27338913269435594,0,0,3,金融科技,電腦週邊
5200,G000,206,0.06960810064881036,0.6226628725604648,0.5335060855467808,0,0,0,金融科技,平面顯示器
5200,H000,206,0.059978867557693286,0.5057708366961491,0.613017533645866,0,0,0,金融科技,觸控面板
5200,I000,206,0.09157467154984071,0.9629332257780315,0.3355810342570674,0,0,2,金融科技,通信網路
5200,J000,206,0.1350136388637661,1.0353923871664956,0.30048569953831616,0,0,0,金融科技,被動元件
5200,K000,206,0.03323051416121167,0.3272761556023535,0.7434590253605737,0,0,0,金融科技,連接器
5200,L000,206,0.09681457944758824,0.8387043960081368,0.4016352108708545,0,0,0,金融科技,印刷電路板
5200,M000,206,0.14069022328094863,1.7169107027807433,0.08599548904860038,0,0,0,金融科技,食品
5200,N000,206,0.06662751072502507,0.7676731062618566,0.4426814176707087,0,0,0,金融科技,石化及塑橡膠
5200,O000,206,0.09650991372755402,1.1093918772191533,0.2672611649662421,0,0,0,金融科技,紡織
5200,P000,206,0.0584011470325024,0.7422925588883597,0.45791009925677395,0,0,0,金融科技,電機機械
5200,Q000,206,0.142673518136721,1.3308580930211664,0.18323570860505245,0,0,0,金融科技,鋼鐵
5200,R000,206,0.2414355262253481,1.9309810287864655,0.05348539855159046,0,0,18,金融科技,軟體服務
5200,R300,206,0.0522999949364026,0.5478215771302176,0.5838144213220905,0,0,15,金融科技,電子商務
5200,S000,206,0.12873710782788067,1.5095715702506187,0.13115278020654095,0,0,0,金融科技,建材營造
5200,T000,206,0.16044009995525232,1.577740819200292,0.11462516461119875,0,0,0,金融科技,交通運輸及航運
5200,U000,206,0.09963921052054331,1.0781627200613702,0.28096114558245544,0,0,2,金融科技,金融
5200,V000,206,0.13041390969166003,1.6427148556013391,0.1004419436845803,0,0,0,金融科技,貿易百貨
5200,W000,206,0.055318389735140146,1.189360573686558,0.234297808426702,0,0,0,金融科技,油電燃氣
5200,X000,206,0.08288669007009415,1.0677948098727634,0.28561307976846795,0,0,2,金融科技,其他
5200,Y000,206,0.13511984271334612,1.3160906816726252,0.18814360818698972,0,0,1,金融科技,文化創意
5300,1000,206,-0.07804196677246356,-0.4623885048510921,0.6438027412107752,0,0,0,人工智慧,水泥
5300,2000,206,-0.19392271511827772,-0.7565552192999154,0.449316378334917,0,0,0,人工智慧,造紙
5300,3000,206,-0.09516642731557531,-0.5280745321662921,0.5974476064687084,0,0,4,人工智慧,汽車
5300,4100,206,-0.1192957356361736,-0.4997242331682267,0.6172692667164226,0,0,5,人工智慧,太空衛星科技
5300,5100,206,-0.15102813112110697,-0.6057443867727549,0.5446845043678896,0,0,6,人工智慧,區塊鏈
5300,5200,206,-0.07833564746952425,-0.26080559237543405,0.7942424315741465,0,0,15,人工智慧,金融科技
5300,5400,206,-0.15453771617769269,-0.5360660972426942,0.591912870019266,0,0,49,人工智慧,雲端運算
5300,5500,206,-0.2686708802535175,-1.1338945765780017,0.25683877234481,0,0,26,人工智慧,資通訊安全
5300,5600,206,-0.08545119324800282,-0.36269485541079766,0.7168328432043802,0,0,46,人工智慧,大數據
5300,5700,206,-0.11489893540051795,-0.5536924837208524,0.5797893200947091,0,0,12,人工智慧,體驗科技
5300,5800,206,-0.16693216469028596,-1.049343494410354,0.29402005460770875,0,0,5,人工智慧,運動科技
5300,6000,206,0.18544000933117022,0.8377369866090211,0.4021784357891178,0,0,5,人工智慧,自動化
5300,B000,206,-0.051713120628655546,-0.22908464349972474,0.8188031288281771,0,0,1,人工智慧,休閒娛樂
5300,C100,206,0.07475201750502902,0.18100626408892181,0.8563626592003348,0,0,0,人工智慧,製藥
5300,C200,206,0.051197440273262784,0.2282941784515766,0.8194175499997263,0,0,7,人工智慧,醫療器材
5300,C300,206,0.1187970936079348,0.3690551508072126,0.7120866173239427,0,0,0,人工智慧,食品生技
5300,C400,206,0.15411180658096488,0.5075706238209632,0.61175449640812,0,0,0,人工智慧,再生醫療
5300,D000,206,-0.12426398323115762,-0.522280970741716,0.6014747164841534,0,0,16,人工智慧,半導體
5300,F000,206,-0.07648580207721103,-0.3309662203898603,0.7406700011795505,0,0,27,人工智慧,電腦週邊
5300,G000,206,-0.09815740644215087,-0.45387528793725557,0.6499185910216849,0,0,9,人工智慧,平面顯示器
5300,H000,206,-0.08545741999897932,-0.35480972214443257,0.7227321444403352,0,0,3,人工智慧,觸控面板
5300,I000,206,-0.05058151939041457,-0.25593573672845815,0.7980004594563906,0,0,16,人工智慧,通信網路
5300,J000,206,-0.12263727405318492,-0.5262594828234698,0.5987079302721614,0,0,1,人工智慧,被動元件
5300,K000,206,-0.17417836023776928,-0.8470190724095346,0.39698449082527143,0,0,1,人工智慧,連接器
5300,L000,206,-0.08753617632995284,-0.42946164576384516,0.6675873000182708,0,0,5,人工智慧,印刷電路板
5300,M000,206,-0.0262895893213925,-0.12579770892131056,0.8998920553830623,0,0,0,人工智慧,食品
5300,N000,206,-0.08552985626484645,-0.4429347733267002,0.6578129145647659,0,0,0,人工智慧,石化及塑橡膠
5300,O000,206,-0.14696753054728537,-0.8201958049840906,0.4121044930536871,0,0,0,人工智慧,紡織
5300,P000,206,0.009034190810220864,0.05234718025896503,0.9582520604137873,0,0,6,人工智慧,電機機械
5300,Q000,206,-0.027069442610394533,-0.14270659286120305,0.8865219096653713,0,0,0,人工智慧,鋼鐵
5300,R000,206,0.14597896714568404,0.5220034310118862,0.6016679417134259,0,0,45,人工智慧,軟體服務
5300,R300,206,-0.18970072105821717,-0.991556536491746,0.3214139002179698,0,0,13,人工智慧,電子商務
5300,S000,206,0.08123465776124787,0.483201243397436,0.6289528525733015,0,0,3,人工智慧,建材營造
5300,T000,206,-0.1307820361947201,-0.6120688212577863,0.5404922249760995,0,0,0,人工智慧,交通運輸及航運
5300,U000,206,-0.11964555049663025,-0.5850045244906352,0.5585446745064983,0,0,0,人工智慧,金融
5300,V000,206,0.04869273183301236,0.23976620540939997,0.8105115070234394,0,0,0,人工智慧,貿易百貨
5300,W000,206,0.0040335647988909585,0.03716106251308236,0.9703565847669557,0,0,0,人工智慧,油電燃氣
5300,X000,206,0.019468777147624086,0.11596287656831539,0.9076819634565733,0,0,13,人工智慧,其他
5300,Y000,206,-0.15611884854452068,-0.662177990906886,0.5078571576334954,0,0,3,人工智慧,文化創意
5400,1000,206,-0.08816482000346113,-0.6366269590482302,0.5243678605358175,0,0,0,雲端運算,水泥
5400,2000,206,-0.12305851954982687,-0.503138220126453,0.6148670968243632,0,0,0,雲端運算,造紙
5400,3000,206,0.06611633716335863,0.3619177637074155,0.7174134850141412,2,2,4,雲端運算,汽車
5400,4100,206,0.0019584998913585554,0.008377411723658438,0.993315870709472,2,2,5,雲端運算,太空衛星科技
5400,5100,206,-0.00950900563029485,-0.03730506199241808,0.9702417694176301,0,0,5,雲端運算,區塊鏈
5400,5200,206,-0.06775341113408019,-0.20682775514908977,0.8361443793192389,0,0,15,雲端運算,金融科技
5400,5300,206,0.21372172495389902,0.6510951170686944,0.5149850883733231,0,0,49,雲端運算,人工智慧
5400,5500,206,-0.18471689308767697,-0.6438254537727579,0.519688626103598,0,0,30,雲端運算,資通訊安全
5400,5600,206,0.07893673804193808,0.21353641469380874,0.8309085892067739,0,0,48,雲端運算,大數據
5400,5700,206,0.030307373091723037,0.13461766705053194,0.8929141724730785,0,0,11,雲端運算,體驗科技
5400,5800,206,-0.0343604626561683,-0.1887892285572478,0.8502580144001549,3,3,5,雲端運算,運動科技
5400,6000,206,0.3124677222509634,1.27946724876171,0.20073256567143916,2,2,3,雲端運算,自動化
5400,B000,206,-0.014107319051482622,-0.060820737157234225,0.9515019750296381,0,0,2,雲端運算,休閒娛樂
5400,C100,206,0.0406687202297876,0.1331899743359605,0.8940431395260315,0,0,0,雲端運算,製藥
5400,C200,206,0.04090468351957876,0.19651107931065662,0.8442101616942066,1,4,7,雲端運算,醫療器材
5400,C300,206,0.06380882593599063,0.25259456090244226,0.8005815335253107,0,0,1,雲端運算,食品生技
5400,C400,206,0.15769545675760197,0.511095626469109,0.6092840982500278,0,0,0,雲端運算,再生醫療
5400,D000,206,-0.01622791088642092,-0.06377671506138442,0.9491480191941237,2,6,11,雲端運算,半導體
5400,F000,206,0.0685374907117528,0.29041840324096546,0.7714961663580459,9,9,29,雲端運算,電腦週邊
5400,G000,206,0.011034145428683405,0.04857216445011753,0.9612602533236085,2,5,6,雲端運算,平面顯示器
5400,H000,206,0.008097003794769126,0.033805200567756544,0.9730324888640779,0,0,2,雲端運算,觸控面板
5400,I000,206,0.0749453972551864,0.33922532252869675,0.7344399944186959,0,0,17,雲端運算,通信網路
5400,J000,206,-0.01916087000800277,-0.07246102278042124,0.9422350232105549,0,1,2,雲端運算,被動元件
5400,K000,206,-0.02440582864644667,-0.12445941731048081,0.9009515307815363,0,1,2,雲端運算,連接器
5400,L000,206,0.05810403615964378,0.26557664922587193,0.790565271174247,2,2,2,雲端運算,印刷電路板
5400,M000,206,-0.034990338949169725,-0.1969772201893423,0.8438453641918249,0,1,1,雲端運算,食品
5400,N000,206,-0.03871947843740071,-0.21694692846005978,0.8282497047940696,0,0,0,雲端運算,石化及塑橡膠
5400,O000,206,-0.04138731726394395,-0.24792847219192568,0.8041897498926938,0,0,0,雲端運算,紡織
5400,P000,206,0.11725805278760397,0.6741279622173988,0.5002299635397649,1,1,7,雲端運算,電機機械
5400,Q000,206,-0.06959315825273696,-0.36259419533826837,0.7169080470481028,0,0,0,雲端運算,鋼鐵
5400,R000,206,0.4129943113029234,1.12427595756254,0.26089597460470737,0,0,45,雲端運算,軟體服務
5400,R300,206,-0.0708907489118644,-0.31913135343058624,0.7496269091303186,0,0,15,雲端運算,電子商務
5400,S000,206,0.14053642278752707,0.7936141167079808,0.42742011171407146,2,2,2,雲端運算,建材營造
5400,T000,206,-0.15361794021533834,-0.8421488211089418,0.39970465674948175,0,0,0,雲端運算,交通運輸及航運
5400,U000,206,-0.07806494990499435,-0.46584117803373126,0.6413291878333248,0,0,0,雲端運算,金融
5400,V000,206,0.08474070954550358,0.4449194839687485,0.656377941614503,0,0,0,雲端運算,貿易百貨
5400,W000,206,0.020818676762596213,0.22713253004012732,0.820320689681604,0,0,0,雲端運算,油電燃氣
5400,X000,206,0.07209055553977772,0.39761420467375314,0.6909145882172816,0,0,12,雲端運算,其他
5400,Y000,206,-0.30881119690141257,-1.250307433592183,0.2111872639827972,0,0,0,雲端運算,文化創意
5500,1000,206,-0.0031289797908704634,-0.03186149926186501,0.97458250217824,0,0,0,資通訊安全,水泥
5500,2000,206,-0.07753073307593221,-0.4970125094084831,0.619180229913671,0,0,1,資通訊安全,造紙
5500,3000,206,0.13039839986787038,1.0665520821252226,0.2861741483312549,0,0,0,資通訊安全,汽車
5500,4100,206,0.16582841741132898,1.0726422656800791,0.28343165348381794,0,0,2,資通訊安全,太空衛星科技
5500,5100,206,0.22612993081794866,1.3741888495916945,0.16938306149194549,0,0,4,資通訊安全,區塊鏈
5500,5200,206,0.1817781140400758,0.886838285570934,0.3751659718299728,0,0,11,資通訊安全,金融科技
5500,5300,206,0.3398857046862371,1.9172615674298494,0.05520470987394105,0,0,26,資通訊安全,人工智慧
5500,5400,206,0.34971619655096053,1.920068071185426,0.05484930168553066,0,0,30,資通訊安全,雲端運算
5500,5600,206,0.33305899481362705,1.714215839055878,0.08648909300267027,0,0,26,資通訊安全,大數據
5500,5700,206,0.12852417739007077,0.9419281421011613,0.3462294308289884,0,0,3,資通訊安全,體驗科技
5500,5800,206,0.021876843450550607,0.1735565583171868,0.8622139752173515,0,0,1,資通訊安全,運動科技
5500,6000,206,0.27660046756537787,1.618333583404228,0.10559072689200658,0,0,3,資通訊安全,自動化
5500,B000,206,0.08688099478728295,0.6536059080836617,0.5133657368906792,0,0,0,資通訊安全,休閒娛樂
5500,C100,206,0.12988493455751388,0.618862630915133,0.5360068581767282,0,0,0,資通訊安全,製藥
5500,C200,206,0.10782490143912236,0.8743938996015785,0.38190377843491197,0,0,3,資通訊安全,醫療器材
5500,C300,206,0.19980701700738754,1.1177647096066425,0.26366749747772367,0,0,0,資通訊安全,食品生技
5500,C400,206,0.2168823014624019,1.204179363565145,0.22852026034493944,0,0,0,資通訊安全,再生醫療
5500,D000,206,0.1549372178183754,0.9661551828965196,0.33396653503098905,0,0,6,資通訊安全,半導體
5500,F000,206,0.20749977783970652,1.5231499951920666,0.12772118321116005,0,0,11,資通訊安全,電腦週邊
5500,G000,206,0.15476891084865013,1.1069066612307825,0.26833428559277117,0,0,2,資通訊安全,平面顯示器
5500,H000,206,0.09587881988775453,0.6636045132008905,0.5069434679556972,0,0,1,資通訊安全,觸控面板
5500,I000,206,0.22953396752420804,1.7076359866961783,0.08770390665405595,0,0,14,資通訊安全,通信網路
5500,J000,206,0.20212579266590544,1.0971565669647534,0.2725729558899961,0,0,0,資通訊安全,被動元件
5500,K000,206,0.11266775319512437,0.8639053208395767,0.38763990364560064,0,0,1,資通訊安全,連接器
5500,L000,206,0.1574507928100894,1.0819880883165856,0.27925782088071494,0,0,0,資通訊安全,印刷電路板
5500,M000,206,0.06949539219237523,0.598175421684567,0.5497228894370914,0,0,1,資通訊安全,食品
5500,N000,206,0.0750892994955073,0.6337166016614184,0.5262657884669534,0,0,0,資通訊安全,石化及塑橡膠
5500,O000,206,0.0774278804922149,0.6631107744316801,0.5072596106038448,0,0,0,資通訊安全,紡織
5500,P000,206,0.20724960392896746,1.7314873254815404,0.0833648835331434,0,0,2,資通訊安全,電機機械
5500,Q000,206,0.05213143168148135,0.40811509319303324,0.6831891796503231,0,0,0,資通訊安全,鋼鐵
5500,R000,206,0.48574981568566206,1.9966002253826742,0.045868628359888274,0,0,28,資通訊安全,軟體服務
5500,R300,206,0.07184866180129876,0.48734787859223644,0.6260118233125008,0,0,9,資通訊安全,電子商務
5500,S000,206,0.17852808479179014,1.6894969180057602,0.09112424198895511,0,0,1,資通訊安全,建材營造
5500,T000,206,-0.10628961394528108,-0.8133695879423355,0.4160061903426744,0,0,1,資通訊安全,交通運輸及航運
5500,U000,206,-0.027285336061616063,-0.2215546860519982,0.8246605610484202,0,0,0,資通訊安全,金融
5500,V000,206,0.10174942380323973,0.8383731791186738,0.40182114796497215,0,0,0,資通訊安全,貿易百貨
5500,W000,206,0.04990579964897362,0.7813130654122996,0.4346183875379164,0,0,0,資通訊安全,油電燃氣
5500,X000,206,0.1585887775066793,1.452419065895239,0.14638511813715646,0,0,6,資通訊安全,其他
5500,Y000,206,0.016844471784208583,0.12120207271224696,0.9035309824352168,0,0,0,資通訊安全,文化創意
5600,1000,206,-0.0022866455715502216,-0.01732645762189753,0.9861761786395372,0,0,0,大數據,水泥
5600,2000,206,0.01922878921996033,0.081847078916434,0.9347683180705664,0,0,0,大數據,造紙
5600,3000,206,0.08857538196431726,0.575400018111499,0.5650207918969894,0,0,1,大數據,汽車
5600,4100,206,-0.037433207847776755,-0.19242040894618778,0.8474129070753096,0,0,3,大數據,太空衛星科技
5600,5100,206,0.011920632826813386,0.0526243016335863,0.9580312538914788,0,0,4,大數據,區塊鏈
5600,5200,206,-0.01713262114795571,-0.06966266240203324,0.9444621606390075,0,0,14,大數據,金融科技
5600,5300,206,0.16890295903905092,0.8443433400421362,0.3984775741633203,0,0,46,大數據,人工智慧
5600,5400,206,0.10210321623622737,0.4143015759324322,0.6786532598583048,0,0,48,大數據,雲端運算
5600,5500,206,-0.036523545266434906,-0.18001879705400559,0.8571378113521899,0,0,26,大數據,資通訊安全
5600,5700,206,-0.006456231283166003,-0.03457222188974334,0.9724208519743058,0,0,9,大數據,體驗科技
5600,5800,206,-0.09512742584850432,-0.5813939059202003,0.5609750037356545,0,0,2,大數據,運動科技
5600,6000,206,0.03841184209314209,0.1987062443844607,0.8424925391189899,0,0,3,大數據,自動化
5600,B000,206,0.08694904249534799,0.44111324876464736,0.6591310125073552,0,0,2,大數據,休閒娛樂
5600,C100,206,-0.01207176949102871,-0.04726455902138503,0.9623023743024389,0,0,0,大數據,製藥
5600,C200,206,-0.04454796517322975,-0.2856980805380105,0.7751093749606319,0,0,4,大數據,醫療器材
5600,C300,206,0.04956456225533401,0.227672622992037,0.8199007572052202,0,0,0,大數據,食品生技
5600,C400,206,0.03380964362178186,0.140606979818614,0.8881804339256099,0,0,0,大數據,再生醫療
5600,D000,206,-0.010639914717016133,-0.05216903334887334,0.9583940071284971,0,0,10,大數據,半導體
5600,F000,206,0.02814949527827136,0.16097730296621768,0.8721112770911299,0,0,15,大數據,電腦週邊
5600,G000,206,0.0008501945130991468,0.004426779837123421,0.996467952249781,0,0,2,大數據,平面顯示器
5600,H000,206,0.014261253737735154,0.07141772891148825,0.9430653000064166,0,0,0,大數據,觸控面板
5600,I000,206,0.021555602884945426,0.1284453408163501,0.8977965515136495,0,0,10,大數據,通信網路
5600,J000,206,-0.015558336642444855,-0.07663048261775594,0.9389175086228353,0,0,1,大數據,被動元件
5600,K000,206,-0.055818697825967566,-0.337798091427709,0.7355153482561523,0,0,1,大數據,連接器
5600,L000,206,0.009551475702927484,0.051910516805133686,0.9585999943769947,0,0,2,大數據,印刷電路板
5600,M000,206,0.015445343043072237,0.10749897887417675,0.9143931353698231,0,0,0,大數據,食品
5600,N000,206,-0.009401673514009761,-0.06125715560114178,0.9511544115652044,0,0,0,大數據,石化及塑橡膠
5600,O000,206,0.03965509267251243,0.2716237506244679,0.7859113354705736,0,0,0,大數據,紡織
5600,P000,206,0.09811632694062478,0.6994273972711604,0.4842849710107858,0,0,3,大數據,電機機械
5600,Q000,206,0.04508431677599445,0.22420119629854365,0.8226007526546766,0,0,0,大數據,鋼鐵
5600,R000,206,0.3436663184919325,1.1739047973761652,0.2404331606845994,0,0,44,大數據,軟體服務
5600,R300,206,-0.04741436431556047,-0.2751505613380008,0.7832005677641636,0,0,14,大數據,電子商務
5600,S000,206,0.13439679593142703,0.9386738745296879,0.34789821085649975,0,0,1,大數據,建材營造
5600,T000,206,0.11935507296403232,0.4325890671408127,0.6653133334116268,0,0,0,大數據,交通運輸及航運
5600,U000,206,0.0026124698486482637,0.017481928789651286,0.9860521493812836,0,0,0,大數據,金融
5600,V000,206,0.09626590480175246,0.6383832089149213,0.5232242584753385,0,0,0,大數據,貿易百貨
5600,W000,206,0.04806203953031747,0.6246911664674537,0.5321737718798761,0,0,0,大數據,油電燃氣
5600,X000,206,0.03917960532958481,0.2765155285624531,0.7821521343555485,0,0,7,大數據,其他
5600,Y000,206,-0.20593660863146185,-1.095941890909225,0.27310420511069544,0,0,2,大數據,文化創意
5700,1000,206,-0.08024863618497195,-0.4451651611884438,0.6562004016261229,0,0,0,體驗科技,水泥
5700,2000,206,0.0035137404505487767,0.015287541103230287,0.9878027820827007,0,0,0,體驗科技,造紙
5700,3000,206,-0.07517581120754306,-0.4588377483206391,0.646350685047193,0,0,5,體驗科技,汽車
5700,4100,206,0.06492897766260844,0.32288370243756664,0.7467833193806099,0,0,3,體驗科技,太空衛星科技
5700,5100,206,-0.20986001085551195,-0.940650897833174,0.3468837895995167,0,0,2,體驗科技,區塊鏈
5700,5200,206,-0.06305185224473119,-0.27894569622278625,0.7802864992678447,0,0,1,體驗科技,金融科技
5700,5300,206,-0.10844675996760962,-0.57995919001192,0.5619421387418038,0,0,12,體驗科技,人工智慧
5700,5400,206,-0.0943597983259193,-0.5135596634480992,0.6075598869886265,0,0,11,體驗科技,雲端運算
5700,5500,206,-0.14626819404280514,-0.8318550843885515,0.4054907470652218,0,0,3,體驗科技,資通訊安全
5700,5600,206,-0.10658321984683765,-0.5662256906531711,0.5712403677610627,0,0,9,體驗科技,大數據
5700,5800,206,-0.009494113204822269,-0.060474601064098105,0.9517776442315201,0,0,7,體驗科技,運動科技
5700,6000,206,0.08759882689018643,0.43217417071283687,0.6656148305808878,0,0,1,體驗科技,自動化
5700,B000,206,-0.046115299516001164,-0.2671314314587397,0.7893679678370242,0,0,3,體驗科技,休閒娛樂
5700,C100,206,-0.052021334655209334,-0.2019420184294982,0.8399620527596467,0,0,0,體驗科技,製藥
5700,C200,206,0.09242763352725428,0.4790662019572772,0.6318915329247116,0,0,4,體驗科技,醫療器材
5700,C300,206,-0.12160130139320786,-0.5707362440164745,0.5681784464099618,0,0,0,體驗科技,食品生技
5700,C400,206,0.15228336443880394,0.4990997894411657,0.6177090858900263,0,0,0,體驗科技,再生醫療
5700,D000,206,-0.2273795129222089,-0.9671199876975088,0.3334840546126191,0,0,9,體驗科技,半導體
5700,F000,206,-0.0770437305399884,-0.38263670242616193,0.7019891529496934,0,0,13,體驗科技,電腦週邊
5700,G000,206,-0.013214390286553829,-0.06767515945155402,0.9460442238516031,0,0,5,體驗科技,平面顯示器
5700,H000,206,0.038518767145060646,0.20309859588092447,0.8390579691845328,0,0,2,體驗科技,觸控面板
5700,I000,206,-0.005336763420720017,-0.02892705769321632,0.9769227657295066,0,0,11,體驗科技,通信網路
5700,J000,206,-0.12027942965851693,-0.5936938578927526,0.552716891893511,0,0,3,體驗科技,被動元件
5700,K000,206,-0.04183752503061055,-0.213830882112707,0.830678941446451,0,0,2,體驗科技,連接器
5700,L000,206,-0.04218274908141573,-0.22973652724166985,0.8182965093131637,0,0,2,體驗科技,印刷電路板
5700,M000,206,-0.14553833491299442,-0.9583166425905734,0.3379031141935198,0,0,0,體驗科技,食品
5700,N000,206,-0.11277716413538123,-0.661096021378704,0.5085507366364825,0,0,0,體驗科技,石化及塑橡膠
5700,O000,206,-0.24923420468809895,-1.484723682865074,0.1376170354632479,0,0,0,體驗科技,紡織
5700,P000,206,-0.01916044186956961,-0.1263951867980527,0.8994191119770157,0,0,4,體驗科技,電機機械
5700,Q000,206,0.06439626103258851,0.3548429526455835,0.7227072479723358,0,0,0,體驗科技,鋼鐵
5700,R000,206,-0.042886627380850445,-0.2554888186933804,0.7983455785188851,0,0,8,體驗科技,軟體服務
5700,R300,206,-0.22530138572949096,-1.149786670172498,0.2502317467497728,0,0,2,體驗科技,電子商務
5700,S000,206,0.026898315842345134,0.16011087633525323,0.8727937336310301,0,0,1,體驗科技,建材營造
5700,T000,206,0.029271054228139443,0.11223813424636325,0.9106345934260559,0,0,0,體驗科技,交通運輸及航運
5700,U000,206,-0.07120226009481491,-0.4203155030934678,0.674254985964168,0,0,0,體驗科技,金融
5700,V000,206,-0.04240177128394407,-0.2362175556113269,0.8132638575329763,0,0,0,體驗科技,貿易百貨
5700,W000,206,-0.10820088678409542,-1.3136266660464722,0.18897187043761043,0,0,0,體驗科技,油電燃氣
5700,X000,206,-0.0165301423839532,-0.1030035399685711,0.9179601614114778,0,0,6,體驗科技,其他
5700,Y000,206,-0.04612012580266149,-0.21192787341828198,0.8321633046270479,0,0,4,體驗科技,文化創意
5800,1000,206,-0.20280430247216286,-0.8840978364564285,0.37664340103477023,0,0,0,運動科技,水泥
5800,2000,206,0.025952588581018433,0.09485699380107415,0.9244284164038069,0,0,0,運動科技,造紙
5800,3000,206,-0.18301983830501564,-1.0191563548308482,0.3081287433500498,0,1,4,運動科技,汽車
5800,4100,206,-0.09906811249693612,-0.4286158269971709,0.6682028256676871,0,1,2,運動科技,太空衛星科技
5800,5100,206,-0.18974806664056562,-0.819180148662672,0.41268363913678896,0,0,2,運動科技,區塊鏈
5800,5200,206,-0.06444573983438427,-0.22571212314761452,0.8214253284854647,0,0,1,運動科技,金融科技
5800,5300,206,-0.17768343223028132,-0.926028224109176,0.3544313127503028,0,0,5,運動科技,人工智慧
5800,5400,206,-0.12886147343412918,-0.6704009237305597,0.502602245955758,0,2,5,運動科技,雲端運算
5800,5500,206,-0.1678936891052796,-0.8405015980035138,0.40062720598185286,0,0,1,運動科技,資通訊安全
5800,5600,206,-0.1295721676917684,-0.5523536673209398,0.5807060680288189,0,0,2,運動科技,大數據
5800,5700,206,-0.1376990340887721,-0.7327743110906227,0.463696091806889,0,0,7,運動科技,體驗科技
5800,6000,206,0.09913827166705083,0.3897561836551967,0.6967168468033493,0,0,0,運動科技,自動化
5800,B000,206,-0.1573396848454039,-0.7471037405639931,0.45500094246997946,0,0,1,運動科技,休閒娛樂
5800,C100,206,-0.06760862496022274,-0.20020141893908366,0.8413230574865909,0,0,0,運動科技,製藥
5800,C200,206,-0.04119147199649359,-0.18463916239393047,0.8535120668799092,0,4,6,運動科技,醫療器材
5800,C300,206,-0.25570692190859845,-0.9452245425046141,0.34454425227133134,0,0,0,運動科技,食品生技
5800,C400,206,0.07519083723051,0.19431910146764717,0.8459260298862366,0,0,0,運動科技,再生醫療
5800,D000,206,-0.1595748084327302,-0.7109739049405933,0.47710040654414454,0,0,6,運動科技,半導體
5800,F000,206,-0.1439529741006606,-0.7475991774677065,0.4547019610149259,0,4,10,運動科技,電腦週邊
5800,G000,206,-0.12320688226385042,-0.592154165338372,0.553747358687897,0,2,6,運動科技,平面顯示器
5800,H000,206,-0.09070573964796975,-0.401215267266947,0.6882616412260542,0,1,4,運動科技,觸控面板
5800,I000,206,-0.11273580542810628,-0.6268180930948536,0.5307784820680186,0,2,8,運動科技,通信網路
5800,J000,206,-0.16777806847173524,-0.7372016115897582,0.4609997535527711,0,1,3,運動科技,被動元件
5800,K000,206,-0.11397647974857476,-0.6040955667234221,0.5457801068203535,0,2,3,運動科技,連接器
5800,L000,206,-0.050812686730385644,-0.2528927696905598,0.8003510768612938,0,0,1,運動科技,印刷電路板
5800,M000,206,-0.13069255488032464,-0.6954352371976302,0.48678258417471953,0,0,0,運動科技,食品
5800,N000,206,-0.08656615424550354,-0.44131574916919086,0.6589844260490854,0,0,1,運動科技,石化及塑橡膠
5800,O000,206,-0.1387401009113284,-0.799771335347872,0.42384329372045393,0,1,1,運動科技,紡織
5800,P000,206,-0.1604560917859005,-0.9166540634914281,0.3593239446334089,0,0,2,運動科技,電機機械
5800,Q000,206,0.11895691450254431,0.540378749860293,0.5889358596069838,0,0,0,運動科技,鋼鐵
5800,R000,206,-0.1174638828280395,-0.5740161944195608,0.5659568425842428,0,0,3,運動科技,軟體服務
5800,R300,206,-0.2663749850886743,-1.3538604862833563,0.17578089190655444,0,0,1,運動科技,電子商務
5800,S000,206,-0.07088101521803758,-0.3587317452243408,0.7197957776771613,0,0,0,運動科技,建材營造
5800,T000,206,-0.03874366220573136,-0.15256982904602936,0.8787375193274947,0,0,0,運動科技,交通運輸及航運
5800,U000,206,-0.2636105974088343,-1.1852726572581223,0.2359096606540506,0,0,0,運動科技,金融
5800,V000,206,-0.06616345703284564,-0.34059258753243893,0.7334103104522608,0,0,0,運動科技,貿易百貨
5800,W000,206,0.002592708468414125,0.025465782063171405,0.9796834415886166,0,0,0,運動科技,油電燃氣
5800,X000,206,-0.08688784947010365,-0.4765841047844403,0.6336583043857598,0,0,7,運動科技,其他
5800,Y000,206,-0.36071222407268383,-1.569330443610615,0.11657096215016684,0,0,1,運動科技,文化創意
6000,1000,206,-0.13472844489239602,-1.3956233287295678,0.16282795356631563,0,0,0,自動化,水泥
6000,2000,206,-0.31331306204042103,-2.5182809864909053,0.01179291997475035,0,0,0,自動化,造紙
6000,3000,206,-0.14016183651471723,-1.5001190227593872,0.13358357420657485,0,0,0,自動化,汽車
6000,4100,206,-0.22491547164429546,-2.0581525564819847,0.039575491247278966,0,0,0,自動化,太空衛星科技
6000,5100,206,-0.12750488656370235,-0.8685574288271005,0.3850892479225926,0,0,0,自動化,區塊鏈
6000,5200,206,-0.2045210928773782,-1.4577812943924318,0.14490083581318014,0,0,0,自動化,金融科技
6000,5300,206,-0.18375864505890055,-1.7445241355412893,0.0810677365833857,0,0,5,自動化,人工智慧
6000,5400,206,-0.1900130035566182,-1.6100077863318285,0.10739615647643802,1,3,3,自動化,雲端運算
6000,5500,206,-0.22516199381914187,-1.7483056129799455,0.08041112182534413,0,0,3,自動化,資通訊安全
6000,5600,206,-0.18617360370649164,-1.626946822355497,0.1037483923990982,0,0,3,自動化,大數據
6000,5700,206,-0.1294758622586436,-1.2280485138495778,0.2194287567891431,0,0,1,自動化,體驗科技
6000,5800,206,-0.09909634023263365,-1.009506301687454,0.31273188095972193,0,0,0,自動化,運動科技
6000,B000,206,-0.17779275277109366,-1.9067238315655752,0.05655635924049591,0,0,0,自動化,休閒娛樂
6000,C100,206,-0.30736564500545627,-2.363775954941772,0.018089748722758838,0,0,0,自動化,製藥
6000,C200,206,-0.1457034839624153,-1.4761555554244596,0.13990213770176627,0,0,0,自動化,醫療器材
6000,C300,206,-0.3307320612967443,-2.7938351117822573,0.005208702984322068,0,0,0,自動化,食品生技
6000,C400,206,-0.16539175963825054,-1.2380262565156293,0.21570632527240585,0,0,0,自動化,再生醫療
6000,D000,206,-0.2537964095425563,-2.344188555944815,0.019068528569885473,0,3,5,自動化,半導體
6000,F000,206,-0.21492388475694868,-2.0180509749376223,0.04358595271974853,1,1,4,自動化,電腦週邊
6000,G000,206,-0.2219445702238881,-2.2436806765275095,0.02485295427432617,1,5,5,自動化,平面顯示器
6000,H000,206,-0.18332519036681189,-1.9151570439496721,0.05547247881116779,0,1,2,自動化,觸控面板
6000,I000,206,-0.21830416075565542,-2.1133619887489568,0.034569796770910606,0,0,1,自動化,通信網路
6000,J000,206,-0.2801955881534594,-2.4119739856807616,0.015866413560555823,0,0,0,自動化,被動元件
6000,K000,206,-0.2640819920796746,-2.325666899410588,0.020036327629783725,0,0,0,自動化,連接器
6000,L000,206,-0.2327561885604825,-2.1618092948331995,0.030632878749070155,1,1,1,自動化,印刷電路板
6000,M000,206,-0.1575609563360091,-1.7978636317332395,0.07219862062759737,0,0,0,自動化,食品
6000,N000,206,-0.2068945160639129,-2.159157499029716,0.03083795006863375,0,0,0,自動化,石化及塑橡膠
6000,O000,206,-0.23947675166479515,-2.5104848550833108,0.012056549368560892,0,0,0,自動化,紡織
6000,P000,206,-0.14366919811566917,-1.4979803657374327,0.13413835176806682,2,2,6,自動化,電機機械
6000,Q000,206,-0.18873810020269374,-1.969157511752397,0.048935006257472644,0,0,0,自動化,鋼鐵
6000,R000,206,-0.14857471387647578,-1.4862310976434194,0.13721800465867762,0,0,2,自動化,軟體服務
6000,R300,206,-0.2918616727219735,-2.671306158382417,0.007555669782292585,0,0,0,自動化,電子商務
6000,S000,206,-0.13253746640446382,-1.4027398419849053,0.16069443183778187,0,0,0,自動化,建材營造
6000,T000,206,-0.288624629407251,-2.6562161697175752,0.00790229409156586,0,0,0,自動化,交通運輸及航運
6000,U000,206,-0.1947432570291543,-2.0378260588933435,0.041567331313918834,0,0,0,自動化,金融
6000,V000,206,-0.15771334062393227,-1.8655127182859172,0.062109571165919454,0,0,0,自動化,貿易百貨
6000,W000,206,-0.04692766165249035,-0.8937686400523486,0.37144569133230076,0,0,0,自動化,油電燃氣
6000,X000,206,-0.14120621539328881,-1.554490594313202,0.120067438500406,0,0,3,自動化,其他
6000,Y000,206,-0.1694653075190744,-1.6956688818674355,0.08994860484601634,0,0,0,自動化,文化創意
B000,1000,206,0.03295876834790479,0.2334982019482536,0.8153745656102065,0,0,0,休閒娛樂,水泥
B000,2000,206,0.09666267306454024,0.4707524091429553,0.637817553452173,0,0,0,休閒娛樂,造紙
B000,3000,206,0.0022889986945176647,0.0160288129665593,0.9872114052220229,0,0,2,休閒娛樂,汽車
B000,4100,206,0.11230939473865487,0.6620042085167531,0.5079685245405914,0,0,2,休閒娛樂,太空衛星科技
B000,5100,206,0.11772415561107255,0.6383440284029074,0.5232497573436996,0,0,0,休閒娛樂,區塊鏈
B000,5200,206,0.03876444589047462,0.20707515175282382,0.8359511675330759,0,0,2,休閒娛樂,金融科技
B000,5300,206,0.03709853032589089,0.23944956259791886,0.810757002135109,0,0,1,休閒娛樂,人工智慧
B000,5400,206,0.05422255631322068,0.3514592371475659,0.7252438483420307,0,0,2,休閒娛樂,雲端運算
B000,5500,206,0.0031059388848229466,0.02070859587481524,0.9834781119747937,0,0,0,休閒娛樂,資通訊安全
B000,5600,206,0.06485401663758672,0.3933898246503407,0.6940315838769908,0,0,2,休閒娛樂,大數據
B000,5700,206,0.1461379936779892,1.0116863284292965,0.3116880544061893,0,0,3,休閒娛樂,體驗科技
B000,5800,206,0.03935834624271999,0.27177244766629804,0.7857969916730675,0,0,1,休閒娛樂,運動科技
B000,6000,206,-0.03956874248517478,-0.22844139028999752,0.8193031151856904,0,0,0,休閒娛樂,自動化
B000,C100,206,0.024275858835951784,0.12266097883165618,0.9023755648397735,0,0,0,休閒娛樂,製藥
B000,C200,206,0.01854542660906302,0.1236822791796237,0.9015668430816899,0,0,4,休閒娛樂,醫療器材
B000,C300,206,-0.05563001713688201,-0.32268691955974627,0.7469323593387307,0,0,1,休閒娛樂,食品生技
B000,C400,206,-0.0903798902142882,-0.512295512308093,0.6084442055696011,0,0,0,休閒娛樂,再生醫療
B000,D000,206,0.08136050438053834,0.4971881175473321,0.619056399956113,0,0,2,休閒娛樂,半導體
B000,F000,206,0.1193627938837576,0.6953849957793601,0.4868140609752659,0,0,6,休閒娛樂,電腦週邊
B000,G000,206,0.017650064534200167,0.10685702004491933,0.9149024109278079,0,0,1,休閒娛樂,平面顯示器
B000,H000,206,-0.01750591960307521,-0.10464115699326319,0.9166605554028697,0,0,0,休閒娛樂,觸控面板
B000,I000,206,0.06869094244014302,0.42877013598438596,0.6680905141056541,0,0,2,休閒娛樂,通信網路
B000,J000,206,0.01717827409991262,0.08806676821570572,0.9298236088465764,0,0,1,休閒娛樂,被動元件
B000,K000,206,0.07263257528610141,0.4262784037400462,0.669904992579772,0,0,1,休閒娛樂,連接器
B000,L000,206,-0.0032318767510445784,-0.019166963588493815,0.9847079119964185,0,0,2,休閒娛樂,印刷電路板
B000,M000,206,0.09202262055411356,0.6626360960667342,0.5075636464151346,0,0,2,休閒娛樂,食品
B000,N000,206,-0.01900013961480025,-0.1394919153514851,0.8890614440985927,0,0,0,休閒娛樂,石化及塑橡膠
B000,O000,206,0.0197850183690635,0.1549046916559916,0.8768964548901026,0,0,1,休閒娛樂,紡織
B000,P000,206,0.016414065931757905,0.12914846424272206,0.8972401741623744,0,0,5,休閒娛樂,電機機械
B000,Q000,206,0.1062493736136486,0.9829630433030934,0.32562562787766747,0,0,1,休閒娛樂,鋼鐵
B000,R000,206,-0.0004461633571295545,-0.003136951298295099,0.9974970790960841,0,0,5,休閒娛樂,軟體服務
B000,R300,206,-0.023235295083972183,-0.16282126835026894,0.8706591620062849,0,0,3,休閒娛樂,電子商務
B000,S000,206,-0.014107674130251664,-0.09909352480270933,0.921064013243426,0,0,7,休閒娛樂,建材營造
B000,T000,206,0.03750366532899554,0.24939630259847878,0.803054244912646,0,0,0,休閒娛樂,交通運輸及航運
B000,U000,206,0.05961377037954805,0.37811615913523555,0.7053443046589719,0,0,0,休閒娛樂,金融
B000,V000,206,-0.025626388742979688,-0.19132902299010582,0.8482678240282084,0,0,5,休閒娛樂,貿易百貨
B000,W000,206,-0.02941915149791519,-0.5190666181914321,0.6037142860444076,0,0,0,休閒娛樂,油電燃氣
B000,X000,206,-0.016896832215685862,-0.13515043344280508,0.8924929358095399,0,0,6,休閒娛樂,其他
B000,Y000,206,0.16500065220642968,0.788927386295843,0.43015444819405146,0,0,15,休閒娛樂,文化創意
C100,1000,206,0.15578474356943794,2.0643272137238298,0.03898670245709058,0,0,0,製藥,水泥
C100,2000,206,0.04941405216965451,0.5635596613118398,0.5730538462271859,0,1,1,製藥,造紙
C100,3000,206,0.08072859008139585,1.0269492988103461,0.304444338787779,0,0,0,製藥,汽車
C100,4100,206,0.08828911174806517,0.8747178017580427,0.3817274715462238,0,0,0,製藥,太空衛星科技
C100,5100,206,0.06971386869000033,0.7474594544112853,0.4547862685211571,0,0,0,製藥,區塊鏈
C100,5200,206,0.12353365686212403,1.1060427637487453,0.2687080103623768,0,0,0,製藥,金融科技
C100,5300,206,0.0899197456363627,1.0332503295374493,0.30148676530635643,0,0,0,製藥,人工智慧
C100,5400,206,0.053447366037134944,0.6927661375160307,0.48845632615924117,0,0,0,製藥,雲端運算
C100,5500,206,0.10009146248547007,1.377985540854194,0.16820775240386443,0,0,0,製藥,資通訊安全
C100,5600,206,0.01366071578328109,0.15072074067371227,0.8801960114480424,0,0,0,製藥,大數據
C100,5700,206,0.06930911686632615,0.7537955502348388,0.45097199632775853,0,0,0,製藥,體驗科技
C100,5800,206,0.05144487465303188,0.692555658935095,0.48858844515256694,0,0,0,製藥,運動科技
C100,6000,206,-0.0001365721474298155,-0.0013599946456052503,0.9989148816040002,0,0,0,製藥,自動化
C100,B000,206,0.051267686241551265,0.7214309303801074,0.4706444221088023,0,0,0,製藥,休閒娛樂
C100,C200,206,-0.15572293452587943,-1.1229838906120133,0.26144433628224795,2,13,26,製藥,醫療器材
C100,C300,206,0.4095757226722149,1.779329839513083,0.07518570161439657,9,18,33,製藥,食品生技
C100,C400,206,-0.2394912555861731,-1.6118957714046622,0.10698462253140323,4,5,10,製藥,再生醫療
C100,D000,206,0.0524197261399434,0.5226013969035259,0.6012516682344549,1,2,3,製藥,半導體
C100,F000,206,0.058485071417631325,0.6362993226615906,0.5245813463520601,0,1,1,製藥,電腦週邊
C100,G000,206,0.04621308167685795,0.4711869299047836,0.6375072514098332,0,1,1,製藥,平面顯示器
C100,H000,206,0.030115651074847982,0.32801822295360483,0.7428978843130785,0,0,1,製藥,觸控面板
C100,I000,206,0.043500195213634706,0.5102917520795056,0.6098470802356204,0,0,0,製藥,通信網路
C100,J000,206,0.06681959254588092,0.6903577924090971,0.4899692126049515,0,0,0,製藥,被動元件
C100,K000,206,0.05418189822622573,0.6206371701097128,0.5348383774539104,0,1,1,製藥,連接器
C100,L000,206,0.051980834475958325,0.52777868648235,0.5976529518550084,0,1,2,製藥,印刷電路板
C100,M000,206,0.08148671404313859,1.109876099175997,0.2670524210445112,0,1,1,製藥,食品
C100,N000,206,0.07522655975264775,1.0695888856483242,0.28480440015260156,0,1,5,製藥,石化及塑橡膠
C100,O000,206,0.06340131341911728,1.0082642594601094,0.3133276160895302,0,0,1,製藥,紡織
C100,P000,206,0.03272323645294726,0.48710802312599727,0.6261817810197832,0,0,0,製藥,電機機械
C100,Q000,206,-0.02725703263559512,-0.38646142024907143,0.699154969614619,0,0,0,製藥,鋼鐵
C100,R000,206,0.02235734361993409,0.2992298776925424,0.764764653957205,0,0,0,製藥,軟體服務
C100,R300,206,0.06044860952303405,0.7447604127724405,0.456416570495047,0,0,0,製藥,電子商務
C100,S000,206,0.062374187507378366,0.8637678692449774,0.3877154218414267,0,0,0,製藥,建材營造
C100,T000,206,0.18000923922457965,2.045966252975099,0.04075969104830351,0,0,0,製藥,交通運輸及航運
C100,U000,206,0.08833356195404767,1.3042962180079107,0.19213260431928358,0,0,0,製藥,金融
C100,V000,206,0.06849987365118573,0.9727470508047966,0.33067903450117964,0,0,0,製藥,貿易百貨
C100,W000,206,0.028028154657991026,0.689009687221727,0.4908171714457068,0,0,0,製藥,油電燃氣
C100,X000,206,0.035374965300831854,0.5769992829505011,0.56393993991153,0,0,2,製藥,其他
C100,Y000,206,0.07539319915633741,0.9884854040956002,0.3229149792902648,0,0,0,製藥,文化創意
C200,1000,206,0.39388998224729727,2.696119167035404,0.007015256460498602,0,0,0,醫療器材,水泥
C200,2000,206,0.4174112835771536,2.1978498735359326,0.02795980600168371,0,0,0,醫療器材,造紙
C200,3000,206,0.3534597977058584,2.0717393089494567,0.03828975933880918,1,2,7,醫療器材,汽車
C200,4100,206,0.4421671301103691,2.195007132291192,0.028163086124563013,2,3,3,醫療器材,太空衛星科技
C200,5100,206,0.24030652588200452,1.0286800829527454,0.3036300321651897,0,0,0,醫療器材,區塊鏈
C200,5200,206,0.48574841564437105,2.162934984699661,0.030546180512221334,0,0,1,醫療器材,金融科技
C200,5300,206,0.35544344262912536,1.9909882661497365,0.04648217726830049,0,0,7,醫療器材,人工智慧
C200,5400,206,0.3163132394815278,2.166249906043191,0.030292095404057626,3,4,7,醫療器材,雲端運算
C200,5500,206,0.3826025564765001,2.505088893555381,0.012242062125068268,0,0,3,醫療器材,資通訊安全
C200,5600,206,0.29521698342739144,1.9078125024429122,0.05641545426933499,0,0,4,醫療器材,大數據
C200,5700,206,0.24883792600695517,1.3746914972105841,0.16922710842215527,0,0,4,醫療器材,體驗科技
C200,5800,206,0.2796575754698055,1.7609583165913052,0.07824545836239516,0,4,6,醫療器材,運動科技
C200,6000,206,0.04991255224162466,0.24718379424699685,0.8047659865515294,0,0,0,醫療器材,自動化
C200,B000,206,0.35283714509572855,2.0423234580655247,0.04111945668415718,0,0,4,醫療器材,休閒娛樂
C200,C100,206,0.8775287993157366,1.5555150544309049,0.11982345201017934,5,11,26,醫療器材,製藥
C200,C300,206,0.8243660181815793,1.8838753675862296,0.05958183585383258,3,8,18,醫療器材,食品生技
C200,C400,206,-0.037609655184533394,-0.13846499482338598,0.8898729331727785,2,5,8,醫療器材,再生醫療
C200,D000,206,0.317796445784684,1.3818488193972545,0.16701812555675755,2,4,10,醫療器材,半導體
C200,F000,206,0.279061297446229,1.514166514021813,0.1299836123091727,3,9,22,醫療器材,電腦週邊
C200,G000,206,0.3077597097989471,1.4684664928328335,0.1419775514372476,5,8,14,醫療器材,平面顯示器
C200,H000,206,0.3081243801046674,1.652345762428141,0.09846408536689051,1,3,5,醫療器材,觸控面板
C200,I000,206,0.2994034293879432,1.800346827008204,0.07180589122329116,1,3,17,醫療器材,通信網路
C200,J000,206,0.3421912448800998,1.6135249566747933,0.10663050573225098,0,3,4,醫療器材,被動元件
C200,K000,206,0.27342155838664306,1.5742268406059252,0.11543501625239609,0,4,13,醫療器材,連接器
C200,L000,206,0.3519554759172052,1.770008222278172,0.07672577101621834,0,1,4,醫療器材,印刷電路板
C200,M000,206,0.4020523272629914,2.408171336309765,0.01603265475867791,0,1,1,醫療器材,食品
C200,N000,206,0.3398023845736062,2.191485533265666,0.02841667549632338,0,0,6,醫療器材,石化及塑橡膠
C200,O000,206,0.29660547298473844,1.8053856806034292,0.071014350334878,0,2,5,醫療器材,紡織
C200,P000,206,0.31302393130942535,1.9521563920534004,0.05091963976212853,2,3,14,醫療器材,電機機械
C200,Q000,206,0.048993182641543245,0.3173901952553607,0.7509475459815917,0,0,0,醫療器材,鋼鐵
C200,R000,206,0.3127298778317147,2.0145079362247236,0.043956232491799405,0,0,6,醫療器材,軟體服務
C200,R300,206,0.29682086001648633,1.7304249514384462,0.08355437907732437,0,0,3,醫療器材,電子商務
C200,S000,206,0.381817345406481,2.658776455749413,0.007842497943847558,2,4,5,醫療器材,建材營造
C200,T000,206,0.3444501419741817,1.4192259196954076,0.1558331615835391,0,0,2,醫療器材,交通運輸及航運
C200,U000,206,0.27334057820361535,1.732123901550042,0.08325150441158835,0,0,0,醫療器材,金融
C200,V000,206,0.3773921433919838,2.3505953107030297,0.018743406711640515,1,4,4,醫療器材,貿易百貨
C200,W000,206,0.16691486522968016,2.142638733235101,0.032142118446231355,0,0,0,醫療器材,油電燃氣
C200,X000,206,0.24961292141739777,1.6948941909705773,0.09009549470647711,0,0,19,醫療器材,其他
C200,Y000,206,0.2948060606612976,1.60199918826076,0.10915578899422419,0,0,1,醫療器材,文化創意
C300,1000,206,0.15637277628504517,1.6757466722722285,0.09378782367607826,0,0,0,食品生技,水泥
C300,2000,206,0.014299175140128493,0.13723122376361974,0.8908480313834699,0,0,0,食品生技,造紙
C300,3000,206,0.05571852999675491,0.5955706197163315,0.5514621088797234,0,0,0,食品生技,汽車
C300,4100,206,0.022675239538825213,0.18915208079759438,0.8499736235889757,0,0,0,食品生技,太空衛星科技
C300,5100,206,0.008695188770085575,0.07938294493643738,0.9367280337968616,0,0,0,食品生技,區塊鏈
C300,5200,206,0.030951856938929562,0.24031363262189986,0.8100871273283146,0,0,0,食品生技,金融科技
C300,5300,206,0.02987190347744005,0.3009610452301298,0.7634441995188466,0,0,0,食品生技,人工智慧
C300,5400,206,0.011527392078902111,0.13329661156658182,0.8939588072666436,0,0,1,食品生技,雲端運算
C300,5500,206,0.053710545476445985,0.6453038956449505,0.5187302686748343,0,0,0,食品生技,資通訊安全
C300,5600,206,-0.056957479302321624,-0.57179841896002,0.567458548541796,0,0,0,食品生技,大數據
C300,5700,206,0.020567388618694213,0.18903181175292086,0.8500678840711464,0,0,0,食品生技,體驗科技
C300,5800,206,-0.009972584060434025,-0.11535783988591002,0.9081614947051766,0,0,0,食品生技,運動科技
C300,6000,206,-0.06957467708703695,-0.5715621882276173,0.5676186181013726,0,0,0,食品生技,自動化
C300,B000,206,0.049033110252936205,0.552029585160597,0.5809280836873301,0,0,1,食品生技,休閒娛樂
C300,C100,206,-0.6486456117948111,-2.3022217692027156,0.021322668927309683,8,11,33,食品生技,製藥
C300,C200,206,-0.2463852545846854,-1.7659404056645238,0.07740584745475565,2,10,18,食品生技,醫療器材
C300,C400,206,-0.3376637670695559,-1.8891233226778303,0.05887530599269393,3,5,7,食品生技,再生醫療
C300,D000,206,0.010501779604729759,0.09178709175695615,0.9268672000513345,0,0,2,食品生技,半導體
C300,F000,206,0.016242954885680158,0.15586702517672746,0.876137837682068,0,0,0,食品生技,電腦週邊
C300,G000,206,-0.007991749865516911,-0.07216733666238306,0.9424687389398515,0,0,1,食品生技,平面顯示器
C300,H000,206,-0.033388635129399435,-0.3160224742744365,0.7519854496371697,0,0,1,食品生技,觸控面板
C300,I000,206,0.0035956700892344445,0.0361773761583406,0.9711409253885599,0,0,1,食品生技,通信網路
C300,J000,206,0.011854024116853934,0.10832190501329832,0.9137403471626642,0,0,0,食品生技,被動元件
C300,K000,206,0.027044726226844954,0.2675876216230341,0.7890167601214719,0,1,1,食品生技,連接器
C300,L000,206,0.0030216972112834537,0.027433311290004144,0.978114129673107,0,0,1,食品生技,印刷電路板
C300,M000,206,0.07548745414941699,0.9556742555277614,0.33923683305556984,0,3,8,食品生技,食品
C300,N000,206,0.0501099812868248,0.6309534034792734,0.5280709921861139,0,0,3,食品生技,石化及塑橡膠
C300,O000,206,0.04431031057423741,0.6578693426397636,0.5106220917810689,0,0,0,食品生技,紡織
C300,P000,206,0.01530638246329459,0.20182343967956146,0.8400547563891415,0,0,0,食品生技,電機機械
C300,Q000,206,-0.0385547136767649,-0.44684687433372033,0.6549856241993233,0,0,0,食品生技,鋼鐵
C300,R000,206,-0.019324974590009685,-0.21796868773776557,0.8274535084177195,0,0,0,食品生技,軟體服務
C300,R300,206,0.019674487551796765,0.21669833325937224,0.828443447010043,0,0,2,食品生技,電子商務
C300,S000,206,0.049129442972986916,0.5548337574455795,0.5790083748591951,0,0,1,食品生技,建材營造
C300,T000,206,0.19776757919601584,1.6940522917552083,0.09025534684122928,0,0,0,食品生技,交通運輸及航運
C300,U000,206,0.056573807269872656,0.69367427494956,0.48788650233772024,0,0,0,食品生技,金融
C300,V000,206,0.031112546085159263,0.37327096097059276,0.7089467869282023,1,1,2,食品生技,貿易百貨
C300,W000,206,-0.004208152335441313,-0.09054856253137784,0.9278513050957702,0,0,0,食品生技,油電燃氣
C300,X000,206,0.0015428197562376731,0.02237701548333087,0.9821472147480749,0,0,4,食品生技,其他
C300,Y000,206,0.05508924990290049,0.5728777819145253,0.5667274491237857,0,0,2,食品生技,文化創意
C400,1000,206,0.05324571661221016,0.7146908804946046,0.47480007406500035,0,0,0,再生醫療,水泥
C400,2000,206,0.04833733356988781,0.5839427472957377,0.5592588318328118,0,0,0,再生醫療,造紙
C400,3000,206,0.1247440498990299,1.9142008204868268,0.05559450097215432,0,0,0,再生醫療,汽車
C400,4100,206,0.1055945439231656,1.3187610986505574,0.18724899333864842,0,0,0,再生醫療,太空衛星科技
C400,5100,206,0.1256280420069357,1.493635974595357,0.135270791318681,0,0,0,再生醫療,區塊鏈
C400,5200,206,0.11962017451933626,1.4526848988315502,0.14631126170724434,0,0,0,再生醫療,金融科技
C400,5300,206,0.11337345951901485,1.4527749389091726,0.14628625231567072,0,0,0,再生醫療,人工智慧
C400,5400,206,0.12878609244572034,1.9406502102644876,0.05230071943076291,0,0,0,再生醫療,雲端運算
C400,5500,206,0.12831725797962867,1.8898692800897132,0.058775445006536815,0,0,0,再生醫療,資通訊安全
C400,5600,206,0.1162261938418123,1.6234665156407553,0.10448971569174977,0,0,0,再生醫療,大數據
C400,5700,206,0.08226622706351881,1.0145328215561473,0.310328576266076,0,0,0,再生醫療,體驗科技
C400,5800,206,0.06909338280108686,1.0400277700362406,0.2983269990557894,0,0,0,再生醫療,運動科技
C400,6000,206,0.07426733748336438,0.8534890736830012,0.3933881443035725,0,0,0,再生醫療,自動化
C400,B000,206,0.12992213904421845,1.777750788402934,0.07544479418941036,0,0,0,再生醫療,休閒娛樂
C400,C100,206,0.06973951270065849,0.5540282901978602,0.5795594847838448,2,4,10,再生醫療,製藥
C400,C200,206,0.05706667180326215,0.6958593613816355,0.48651690954589955,2,7,8,再生醫療,醫療器材
C400,C300,206,0.10311022607803179,0.9080980271991775,0.3638264326884597,3,5,7,再生醫療,食品生技
C400,D000,206,0.08827080953258,0.987505269046393,0.32339500113913267,0,0,1,再生醫療,半導體
C400,F000,206,0.10597915440059585,1.3595116909238858,0.1739845004119146,0,0,0,再生醫療,電腦週邊
C400,G000,206,0.07926238934104947,1.003114572788485,0.31580558424314276,0,0,0,再生醫療,平面顯示器
C400,H000,206,0.06675726922302587,0.8367736007841962,0.4027198390513833,0,0,0,再生醫療,觸控面板
C400,I000,206,0.09655840174023471,1.3045460293167717,0.19204747621053764,0,0,0,再生醫療,通信網路
C400,J000,206,0.08983990681710793,1.0381012711679487,0.29922290971500765,0,0,0,再生醫療,被動元件
C400,K000,206,0.11734935098862335,1.5087816700501042,0.131354586491955,0,0,0,再生醫療,連接器
C400,L000,206,0.10439709704136883,1.3300713778201991,0.18349475489326783,0,0,0,再生醫療,印刷電路板
C400,M000,206,0.053608188963790326,0.8095861323214225,0.418178081007599,0,0,0,再生醫療,食品
C400,N000,206,0.06855328781156585,0.9818686081270581,0.32616458278444005,0,0,0,再生醫療,石化及塑橡膠
C400,O000,206,0.09130793245019451,1.3921210003265974,0.16388575996537458,0,0,0,再生醫療,紡織
C400,P000,206,0.09146719530755468,1.4731364846806938,0.14071423731862032,0,0,0,再生醫療,電機機械
C400,Q000,206,0.05298646121278406,0.7468373073243003,0.455161772785564,0,0,0,再生醫療,鋼鐵
C400,R000,206,0.09410710164352527,1.5912172386477084,0.11156069461816821,0,0,0,再生醫療,軟體服務
C400,R300,206,0.11918152112901975,1.533286905894526,0.125205179444049,0,0,1,再生醫療,電子商務
C400,S000,206,0.06438752487010427,0.9293263663320481,0.35271997504359076,0,0,0,再生醫療,建材營造
C400,T000,206,0.11876051324099132,1.2321828586340717,0.21788078496737606,0,0,0,再生醫療,交通運輸及航運
C400,U000,206,0.08845505446131964,1.1912275337729021,0.2335642732853811,0,0,0,再生醫療,金融
C400,V000,206,0.07949559916662088,1.1996880820989002,0.2302605033291476,0,0,0,再生醫療,貿易百貨
C400,W000,206,0.027293372849419656,0.8516544979613754,0.39440588231054063,0,0,0,再生醫療,油電燃氣
C400,X000,206,0.06440025282243123,1.100787246496398,0.27098926367607223,0,0,1,再生醫療,其他
C400,Y000,206,0.1125126762125172,1.3781140671728627,0.1681680730215862,0,0,0,再生醫療,文化創意
D000,1000,206,0.11744802051061512,0.4910132283842192,0.6234170914401691,0,0,0,半導體,水泥
D000,2000,206,0.12734901298463344,0.42275270844153284,0.6724756949533834,0,0,0,半導體,造紙
D000,3000,206,-0.03814096287544613,-0.16556101903328646,0.8685024261483076,4,5,6,半導體,汽車
D000,4100,206,0.13928538991840494,0.5553803551926978,0.5786345266457575,2,5,6,半導體,太空衛星科技
D000,5100,206,0.13500559387631408,0.45278505133352853,0.6507035288428697,0,0,1,半導體,區塊鏈
D000,5200,206,0.3543649560354985,1.2187121460809198,0.22295346629106594,0,0,0,半導體,金融科技
D000,5300,206,0.15505938437221403,0.6691072166698147,0.5034270867725099,0,0,16,半導體,人工智慧
D000,5400,206,0.1982280834886867,0.9137695165271398,0.3608379673162393,6,9,11,半導體,雲端運算
D000,5500,206,0.2561016013638417,1.2535641209293031,0.2100004791524578,0,0,6,半導體,資通訊安全
D000,5600,206,0.262348119550908,1.136558520234584,0.25572288861122927,0,0,10,半導體,大數據
D000,5700,206,0.067159834994702,0.22940954532058333,0.8185506178880366,0,0,9,半導體,體驗科技
D000,5800,206,0.07291653930791606,0.34153855020472196,0.7326981887242743,4,4,6,半導體,運動科技
D000,6000,206,0.249534255621434,1.027623518470218,0.30412695684088453,1,1,5,半導體,自動化
D000,B000,206,0.018024411716634218,0.07374773182655954,0.9412111176611758,0,0,2,半導體,休閒娛樂
D000,C100,206,0.3375085234254052,0.9903898295264605,0.32198361464011604,0,2,3,半導體,製藥
D000,C200,206,0.3346020982930787,1.3403356502582038,0.180136246175022,5,7,10,半導體,醫療器材
D000,C300,206,0.32326055053460073,1.109033953704296,0.2674155348122432,0,0,2,半導體,食品生技
D000,C400,206,0.5532744126741743,1.551904822721295,0.1206849987973097,0,0,1,半導體,再生醫療
D000,F000,206,0.12215862250270075,0.4437277375425465,0.6572394389470053,24,32,40,半導體,電腦週邊
D000,G000,206,0.1193842835809415,0.4585643069352314,0.6465470731100776,12,57,58,半導體,平面顯示器
D000,H000,206,0.2312264880786785,0.9755809652805899,0.3292721610442032,4,12,19,半導體,觸控面板
D000,I000,206,0.14653746369222015,0.6295785441812394,0.5289703650271831,11,14,21,半導體,通信網路
D000,J000,206,0.26874978043638764,0.8089520265294636,0.4185427413038164,2,11,11,半導體,被動元件
D000,K000,206,0.0362442744533635,0.13419363269667114,0.8932494607452856,2,7,7,半導體,連接器
D000,L000,206,0.1061587434393535,0.3865926270087418,0.6990578171568886,10,25,25,半導體,印刷電路板
D000,M000,206,0.09171727151114739,0.4317823423728735,0.6658996142598022,0,1,1,半導體,食品
D000,N000,206,0.06770475343951184,0.3192393901381538,0.7495449893851625,0,7,11,半導體,石化及塑橡膠
D000,O000,206,-0.2511068193015979,-1.4052103767317923,0.15995872939786593,0,3,4,半導體,紡織
D000,P000,206,0.17491103971182695,0.914009887761717,0.36071165014297535,4,6,14,半導體,電機機械
D000,Q000,206,0.10662070511144711,0.5228507504176522,0.6010781194051911,0,0,1,半導體,鋼鐵
D000,R000,206,0.2776774863685286,1.4027022217453404,0.16070565452857732,0,0,12,半導體,軟體服務
D000,R300,206,-0.031055043680179792,-0.14274711025780643,0.8864899090671239,0,0,1,半導體,電子商務
D000,S000,206,0.19112423218058047,0.804247344404823,0.42125414103738257,2,6,6,半導體,建材營造
D000,T000,206,0.18870735476193462,0.6999391177180644,0.4839653267203392,0,0,1,半導體,交通運輸及航運
D000,U000,206,-0.027105686788868617,-0.12270036073164622,0.9023443782030302,0,0,0,半導體,金融
D000,V000,206,0.11012317204068736,0.46893628552878097,0.6391151789215406,0,3,4,半導體,貿易百貨
D000,W000,206,-0.00264770864658951,-0.02846621935344072,0.9772903101555506,0,0,1,半導體,油電燃氣
D000,X000,206,0.13923015220682783,0.6642157136423547,0.5065522576508523,0,0,34,半導體,其他
D000,Y000,206,0.09307464234365269,0.3414995060702033,0.7327275766436592,0,0,0,半導體,文化創意
F000,1000,206,0.027564343028632747,0.07112423235556747,0.9432988823752291,0,0,0,電腦週邊,水泥
F000,2000,206,-0.2980126075436802,-0.580334174922733,0.5616892854757995,0,0,1,電腦週邊,造紙
F000,3000,206,0.031550061478991635,0.0846267412196051,0.932558138904873,7,7,17,電腦週邊,汽車
F000,4100,206,0.12703243735808398,0.2879106556251273,0.7734151301156342,2,2,4,電腦週邊,太空衛星科技
F000,5100,206,-0.2560700812077497,-0.5622721292631204,0.5739306243564104,0,0,5,電腦週邊,區塊鏈
F000,5200,206,-0.0910797374835724,-0.18142361400868773,0.8560350851231685,0,0,3,電腦週邊,金融科技
F000,5300,206,-0.07964187121222832,-0.17858657744847903,0.8582623346947857,0,0,27,電腦週邊,人工智慧
F000,5400,206,-0.05294691885133497,-0.11906575102066747,0.9052232644047814,12,17,29,電腦週邊,雲端運算
F000,5500,206,-0.13046444305378108,-0.3092849469397854,0.7571047806182691,0,0,11,電腦週邊,資通訊安全
F000,5600,206,0.027199661167520137,0.06447782763345954,0.9485897613535852,0,0,15,電腦週邊,大數據
F000,5700,206,0.16159591478697544,0.3459655006068697,0.7293686420862724,0,0,13,電腦週邊,體驗科技
F000,5800,206,0.014867488002108702,0.0378640703468292,0.9697960602036161,2,6,10,電腦週邊,運動科技
F000,6000,206,0.44120824035725004,0.9985293556479435,0.3180227369545069,1,1,4,電腦週邊,自動化
F000,B000,206,-0.17933870301603105,-0.41844785458904266,0.6756197044728309,0,0,6,電腦週邊,休閒娛樂
F000,C100,206,0.1238131505562271,0.18749091025529557,0.8512757498886614,0,0,1,電腦週邊,製藥
F000,C200,206,0.3049199350186912,0.7005814148323117,0.48356428020868447,4,11,22,電腦週邊,醫療器材
F000,C300,206,0.09604998183425739,0.1810252984311751,0.8563477187828195,0,0,0,電腦週邊,食品生技
F000,C400,206,0.560817606595638,0.8058134169863475,0.42035044064753146,0,0,0,電腦週邊,再生醫療
F000,D000,206,-0.27623337173663276,-0.5399290277842551,0.5892459783644571,2,5,40,電腦週邊,半導體
F000,G000,206,-0.02913143907001107,-0.05906518481419952,0.9529001887010221,8,10,44,電腦週邊,平面顯示器
F000,H000,206,0.1640691776677245,0.3451794245921043,0.729959486048877,1,2,13,電腦週邊,觸控面板
F000,I000,206,0.20378657832553748,0.413418483309072,0.6793000349712037,4,4,69,電腦週邊,通信網路
F000,J000,206,-0.06520240507956301,-0.14997698489532882,0.8807827732570394,2,6,13,電腦週邊,被動元件
F000,K000,206,-0.03675228799517943,-0.08988609482027757,0.9283777311451719,0,3,22,電腦週邊,連接器
F000,L000,206,0.020263553763393456,0.04833098207314722,0.9614524632738944,0,0,8,電腦週邊,印刷電路板
F000,M000,206,-0.20270601786520312,-0.5156139996827913,0.6061240305247882,0,0,0,電腦週邊,食品
F000,N000,206,-0.1629831373667792,-0.41229301391090883,0.6801246685488975,0,0,4,電腦週邊,石化及塑橡膠
F000,O000,206,-0.5747436771851956,-1.537382816013947,0.12419959191927196,0,0,0,電腦週邊,紡織
F000,P000,206,0.15449120463769855,0.41958245960572693,0.6747905042754307,3,3,16,電腦週邊,電機機械
F000,Q000,206,-0.385478127804748,-0.9259851971232637,0.35445367315911913,0,0,0,電腦週邊,鋼鐵
F000,R000,206,0.07029527603562817,0.17318542849951668,0.8625056769466992,0,0,23,電腦週邊,軟體服務
F000,R300,206,-0.3925977521406442,-1.0217247980180648,0.3069111708465514,0,0,7,電腦週邊,電子商務
F000,S000,206,0.09052366013807897,0.24782250041937393,0.8042717450575638,4,6,9,電腦週邊,建材營造
F000,T000,206,-0.7306144836941468,-1.6186559202287067,0.10552131605132369,0,0,0,電腦週邊,交通運輸及航運
F000,U000,206,-0.5591091549497961,-1.3990888223442712,0.16178634918066093,0,0,0,電腦週邊,金融
F000,V000,206,-0.02969106276127008,-0.058157515772062,0.953623160914436,3,4,8,電腦週邊,貿易百貨
F000,W000,206,-0.17747697236802618,-0.9365296774377597,0.34900053989061774,0,0,0,電腦週邊,油電燃氣
F000,X000,206,0.08948616736275017,0.23764997904012017,0.8121525831195516,0,0,33,電腦週邊,其他
F000,Y000,206,-0.1903648478262921,-0.4440038173358969,0.6570398240169633,0,0,2,電腦週邊,文化創意
G000,1000,206,-0.433563948698975,-1.2276268380768838,0.21958708223198486,0,0,0,平面顯示器,水泥
G000,2000,206,-0.16870400897379462,-0.3653585055965652,0.7148438111585871,0,0,0,平面顯示器,造紙
G000,3000,206,-0.024697753497749036,-0.08486612853712147,0.9323678201199718,2,3,11,平面顯示器,汽車
G000,4100,206,0.1849685420766913,0.5504196595541315,0.5820315674704998,1,1,2,平面顯示器,太空衛星科技
G000,5100,206,-0.06758616885915675,-0.19195292363734145,0.8477790811025079,0,0,1,平面顯示器,區塊鏈
G000,5200,206,-0.008707030375634339,-0.022693764447921313,0.9818945498059423,0,0,0,平面顯示器,金融科技
G000,5300,206,-0.02637091060368669,-0.08974001565281373,0.9284938163181721,0,0,9,平面顯示器,人工智慧
G000,5400,206,0.018540319497663747,0.06360818380010066,0.949282215210734,1,4,6,平面顯示器,雲端運算
G000,5500,206,0.12179756238249398,0.4072013239652428,0.6838601292785208,0,0,2,平面顯示器,資通訊安全
G000,5600,206,0.08259224717866705,0.2522889724896662,0.8008177111954107,0,0,2,平面顯示器,大數據
G000,5700,206,0.08567589888456219,0.2684238430147941,0.7883730886330941,0,0,5,平面顯示器,體驗科技
G000,5800,206,-0.04518157999414078,-0.17287520035254084,0.8627495253863655,1,4,6,平面顯示器,運動科技
G000,6000,206,0.3113430322041315,0.9081037938302116,0.3638233862504291,0,0,5,平面顯示器,自動化
G000,B000,206,-0.15726306893614284,-0.4419622136438239,0.6585165495431944,0,0,1,平面顯示器,休閒娛樂
G000,C100,206,0.09396231309276667,0.16257839753236872,0.8708503969445714,0,0,1,平面顯示器,製藥
G000,C200,206,0.33829034036439654,0.9124617843642244,0.36152567803500535,1,4,14,平面顯示器,醫療器材
G000,C300,206,0.10170868932875,0.21488835224272793,0.8298543663287351,0,0,1,平面顯示器,食品生技
G000,C400,206,0.5029088846833136,0.8182205295847828,0.41323127463912257,0,0,0,平面顯示器,再生醫療
G000,D000,206,-0.20285474607303522,-0.5313512360479256,0.5951754066196617,0,25,58,平面顯示器,半導體
G000,F000,206,0.06669221466061787,0.21307495478516103,0.8312684992641629,6,14,44,平面顯示器,電腦週邊
G000,H000,206,0.273523512260157,0.6465553715360852,0.5179197495718664,0,6,27,平面顯示器,觸控面板
G000,I000,206,0.21552571449395796,0.7200276458571006,0.4715079741040009,0,1,26,平面顯示器,通信網路
G000,J000,206,0.14431825057253156,0.3927175554177399,0.6945281029679623,0,3,9,平面顯示器,被動元件
G000,K000,206,-0.03934670173308713,-0.1231460762705272,0.901991425337109,0,2,12,平面顯示器,連接器
G000,L000,206,0.05818431552282479,0.18574386169945453,0.8526456301353493,0,11,18,平面顯示器,印刷電路板
G000,M000,206,-0.30463666093586156,-1.0039496894616902,0.3154028641664033,0,0,2,平面顯示器,食品
G000,N000,206,-0.12891023389154924,-0.45541869199986645,0.6488080503002283,0,1,9,平面顯示器,石化及塑橡膠
G000,O000,206,-0.2924137875539316,-1.1253751530295681,0.2604300954884219,0,0,0,平面顯示器,紡織
G000,P000,206,0.09437575191067415,0.3449206705489802,0.7301540103014723,1,2,16,平面顯示器,電機機械
G000,Q000,206,-0.2068746240746634,-0.5774406830952385,0.5636417981720487,0,0,1,平面顯示器,鋼鐵
G000,R000,206,0.09908881009467582,0.3362336009669379,0.7366947164940194,0,0,6,平面顯示器,軟體服務
G000,R300,206,-0.4137502784510471,-1.298965197275404,0.19395587314244078,0,0,2,平面顯示器,電子商務
G000,S000,206,0.08078826123537541,0.28117121898898084,0.7785790784701235,1,2,5,平面顯示器,建材營造
G000,T000,206,-0.6804670254257591,-1.589850819039009,0.11186843567090066,0,0,0,平面顯示器,交通運輸及航運
G000,U000,206,-0.3839113765539363,-1.1276721810208956,0.2594583904412736,0,0,0,平面顯示器,金融
G000,V000,206,-0.20136840062590752,-0.5469301488995456,0.5844267219515507,2,2,3,平面顯示器,貿易百貨
G000,W000,206,0.01957013387212713,0.13469434280286494,0.892853546218131,0,0,0,平面顯示器,油電燃氣
G000,X000,206,0.06399866546403024,0.21947907199764435,0.826276880578112,0,0,27,平面顯示器,其他
G000,Y000,206,-0.09147150795709194,-0.2231438672269963,0.8234235378509749,0,0,0,平面顯示器,文化創意
H000,1000,206,-0.1284947865663979,-0.5108258099724113,0.6094730346222383,0,0,0,觸控面板,水泥
H000,2000,206,-0.11859636007511425,-0.3712404834551787,0.7104584226631232,0,0,0,觸控面板,造紙
H000,3000,206,0.0266861981017511,0.12349244720438274,0.9017171547711273,0,1,3,觸控面板,汽車
H000,4100,206,0.025234159083522927,0.09532112235749472,0.9240597658270001,0,0,2,觸控面板,太空衛星科技
H000,5100,206,-0.1973616783866873,-0.7423440690316897,0.45787889766369216,0,0,0,觸控面板,區塊鏈
H000,5200,206,-0.3178076748520743,-1.3341999367844892,0.18213834025966436,0,0,0,觸控面板,金融科技
H000,5300,206,-0.08529172312552469,-0.39465020406774315,0.6931010571628451,0,0,3,觸控面板,人工智慧
H000,5400,206,-0.031244289257884084,-0.15890854907637664,0.8737409250970811,0,2,2,觸控面板,雲端運算
H000,5500,206,-0.09503502855665585,-0.4886744097781347,0.6250722237038433,0,0,1,觸控面板,資通訊安全
H000,5600,206,-0.0027374058013437223,-0.01318832585273901,0.9894775434520245,0,0,0,觸控面板,大數據
H000,5700,206,-0.08179639669460625,-0.3870308926531635,0.6987333377112748,0,0,2,觸控面板,體驗科技
H000,5800,206,0.0012956065501432859,0.0063791002073810416,0.9949102489522113,1,3,4,觸控面板,運動科技
H000,6000,206,-0.03408673698938308,-0.13806771085213637,0.8901869043428231,0,1,2,觸控面板,自動化
H000,B000,206,-0.11436352563283887,-0.5346571284540911,0.592886971921212,0,0,0,觸控面板,休閒娛樂
H000,C100,206,-0.11801817744070921,-0.33769576942986396,0.7355924631806432,0,0,1,觸控面板,製藥
H000,C200,206,-0.012971526101422628,-0.05937997280579805,0.9526494642939778,0,3,5,觸控面板,醫療器材
H000,C300,206,-0.07039887645370164,-0.2074915658256093,0.8356259788498922,0,0,1,觸控面板,食品生技
H000,C400,206,0.22855056806820231,0.6444710814890601,0.5192700041771973,0,0,0,觸控面板,再生醫療
H000,D000,206,-0.2845860973403878,-1.172855302644965,0.2408538364622843,0,5,19,觸控面板,半導體
H000,F000,206,-0.14666297914241497,-0.616742840973208,0.5374043588685573,1,3,13,觸控面板,電腦週邊
H000,G000,206,-0.14239008422495758,-0.5085349634593749,0.6110782257669989,0,11,27,觸控面板,平面顯示器
H000,I000,206,-0.021944230201489924,-0.09214869065043514,0.9265799034420561,0,1,5,觸控面板,通信網路
H000,J000,206,-0.07042039792800192,-0.2628583408544093,0.792659766612003,0,1,4,觸控面板,被動元件
H000,K000,206,-0.10633160803692007,-0.4240980807608889,0.6714942851388428,0,1,3,觸控面板,連接器
H000,L000,206,-0.09282201125498366,-0.3506108597101621,0.7258803082619313,3,3,10,觸控面板,印刷電路板
H000,M000,206,-0.11910815162520129,-0.6386488760594774,0.5230513778263268,0,0,1,觸控面板,食品
H000,N000,206,-0.024988201600730564,-0.11196011411386386,0.910855031997272,0,0,5,觸控面板,石化及塑橡膠
H000,O000,206,-0.09715057288138348,-0.4634976343878934,0.6430077100977185,0,0,2,觸控面板,紡織
H000,P000,206,0.009111220628527681,0.04517109046100472,0.9639709371908887,0,1,3,觸控面板,電機機械
H000,Q000,206,-0.15366122847099029,-0.6423511254871078,0.5206452258686145,0,0,0,觸控面板,鋼鐵
H000,R000,206,0.005336097357993293,0.029977079909217087,0.9760853325370629,0,0,2,觸控面板,軟體服務
H000,R300,206,-0.15908872210196645,-0.6261688421355283,0.5312042016759996,0,0,0,觸控面板,電子商務
H000,S000,206,-0.018801117133498003,-0.07500371817193376,0.9402117535546851,0,0,2,觸控面板,建材營造
H000,T000,206,-0.4152913459501163,-1.5429554150106892,0.12284159396607901,0,0,0,觸控面板,交通運輸及航運
H000,U000,206,-0.2137998500250755,-0.9707592153840544,0.3316681965405084,0,0,0,觸控面板,金融
H000,V000,206,-0.03708946321025646,-0.17028324003922723,0.8647873912773716,0,0,0,觸控面板,貿易百貨
H000,W000,206,0.031742313122996836,0.24136637933595714,0.8092711679311426,0,0,0,觸控面板,油電燃氣
H000,X000,206,-0.010409873635687145,-0.05250805293411875,0.9581238788746868,0,0,9,觸控面板,其他
H000,Y000,206,-0.05666108844590774,-0.22974540337850252,0.8182896116366843,0,0,0,觸控面板,文化創意
I000,1000,206,-0.06413874425544068,-0.22106136718467667,0.8250446506147544,0,0,0,通信網路,水泥
I000,2000,206,-0.704381529179402,-1.4396868046948599,0.14995602824558474,0,0,0,通信網路,造紙
I000,3000,206,0.07954194713537127,0.2640449879904236,0.7917452530665037,4,4,7,通信網路,汽車
I000,4100,206,-0.02353214185575222,-0.06017729056604154,0.9520144324324279,8,8,10,通信網路,太空衛星科技
I000,5100,206,-0.10005389086481778,-0.2896336782598372,0.7720964992886021,0,0,2,通信網路,區塊鏈
I000,5200,206,0.011159245778485608,0.02931468061357445,0.976613618497962,0,0,2,通信網路,金融科技
I000,5300,206,-0.10226213412490585,-0.33295483449196595,0.7391683766078098,0,0,16,通信網路,人工智慧
I000,5400,206,-0.007774979764533639,-0.02702277219403576,0.9784415710775842,7,13,17,通信網路,雲端運算
I000,5500,206,-0.09248942449954117,-0.3079792822470451,0.7580980969998787,0,0,14,通信網路,資通訊安全
I000,5600,206,0.06011420445026271,0.190916807860648,0.8485907716111322,0,0,10,通信網路,大數據
I000,5700,206,-0.007747950974332826,-0.022410853445086757,0.9821202227297614,0,0,11,通信網路,體驗科技
I000,5800,206,-0.15825557429985615,-0.552472581213342,0.5806246148668768,1,5,8,通信網路,運動科技
I000,6000,206,0.37186623384505885,1.0229858012572348,0.3063145592105817,0,0,1,通信網路,自動化
I000,B000,206,-0.21978045070109525,-0.608394172522568,0.542926075546766,0,0,2,通信網路,休閒娛樂
I000,C100,206,-0.1050276585117472,-0.21992922907633297,0.8259262720599855,0,0,0,通信網路,製藥
I000,C200,206,0.04716977987927375,0.14124560642257034,0.8876759184775406,2,6,17,通信網路,醫療器材
I000,C300,206,-0.06497944524296534,-0.17694941302702766,0.859548124987643,0,0,1,通信網路,食品生技
I000,C400,206,0.3100526196109929,0.5990198990149109,0.5491596150131993,0,0,0,通信網路,再生醫療
I000,D000,206,-0.29929725332000695,-0.7875297184442389,0.43097183857029775,1,4,21,通信網路,半導體
I000,F000,206,-0.16784144564268014,-0.43376728105188755,0.6644574434048014,17,17,69,通信網路,電腦週邊
I000,G000,206,-0.08546835407528593,-0.24090674773908005,0.8096273922031981,8,10,26,通信網路,平面顯示器
I000,H000,206,-0.029978178698536702,-0.08166297892646908,0.9349147185296451,0,0,5,通信網路,觸控面板
I000,J000,206,-0.21447408382773223,-0.5922553195739844,0.5536796305407841,0,3,9,通信網路,被動元件
I000,K000,206,-0.13292059225722982,-0.3706323276602993,0.7109114003266145,0,5,18,通信網路,連接器
I000,L000,206,-0.14878848181033555,-0.44873903252075953,0.6536199238970595,0,1,6,通信網路,印刷電路板
I000,M000,206,-0.20299304909741633,-0.7121546192566893,0.4763690349582286,0,0,1,通信網路,食品
I000,N000,206,-0.20512957251122774,-0.6848147160054766,0.4934608479197353,0,0,1,通信網路,石化及塑橡膠
I000,O000,206,-0.45186378558813317,-1.5583244539934564,0.11915635490798819,0,0,0,通信網路,紡織
I000,P000,206,0.14530788226575744,0.5526640470192474,0.5804934766301717,3,3,12,通信網路,電機機械
I000,Q000,206,-0.5211162240279896,-1.4037918055316885,0.16038085483672226,0,0,0,通信網路,鋼鐵
I000,R000,206,0.028418073224720876,0.09012697867857901,0.9281863105725513,0,0,14,通信網路,軟體服務
I000,R300,206,-0.2622634309581306,-0.8755339713667672,0.3812834344231848,0,0,5,通信網路,電子商務
I000,S000,206,-0.09181026866823976,-0.2967667168161136,0.7666446174514441,2,3,5,通信網路,建材營造
I000,T000,206,-1.032011010018279,-2.2221213515799616,0.02627510568548183,0,0,1,通信網路,交通運輸及航運
I000,U000,206,-0.5191671981129847,-1.6792078683464915,0.0931115390370204,0,0,0,通信網路,金融
I000,V000,206,-0.20121588944172225,-0.5712259380670308,0.5678464979396614,2,2,2,通信網路,貿易百貨
I000,W000,206,-0.08646031824359188,-0.5796056203978718,0.56218060199389,0,0,0,通信網路,油電燃氣
I000,X000,206,-0.00017318450281642722,-0.0006367376137212,0.9994919569230591,0,0,22,通信網路,其他
I000,Y000,206,-0.23879249497362015,-0.630740990557075,0.5282098925236363,0,0,2,通信網路,文化創意
J000,1000,206,-0.005845220723483737,-0.03744386654160171,0.970131096734556,0,0,0,被動元件,水泥
J000,2000,206,-0.2266380926730549,-1.0989601131181512,0.2717854642874544,0,0,0,被動元件,造紙
J000,3000,206,-0.08876954927458992,-0.5530615484043087,0.5802212653786777,0,2,3,被動元件,汽車
J000,4100,206,-0.1325248205920669,-0.7558266363874697,0.4497531443905384,0,1,1,被動元件,太空衛星科技
J000,5100,206,-0.08710947175687161,-0.4306909535719968,0.66669309746727,0,0,0,被動元件,區塊鏈
J000,5200,206,-0.029240268103332925,-0.15070866493713092,0.8802055376812642,0,0,0,被動元件,金融科技
J000,5300,206,-0.10047512691508582,-0.6096794598469396,0.5420741635311944,0,0,1,被動元件,人工智慧
J000,5400,206,-0.07268844870201102,-0.4711920089792974,0.6375036246923957,0,2,2,被動元件,雲端運算
J000,5500,206,-0.05866410977599454,-0.3700990403998246,0.7113086970821071,0,0,0,被動元件,資通訊安全
J000,5600,206,-0.060984303391382576,-0.38971306335436545,0.6967487356403764,0,0,1,被動元件,大數據
J000,5700,206,-0.13449229250849412,-0.7453467819340978,0.4560621068565608,0,0,3,被動元件,體驗科技
J000,5800,206,-0.1287068999092008,-0.77671414342632,0.4373274405400729,0,3,3,被動元件,運動科技
J000,6000,206,-0.10773103185933777,-0.5475934629942826,0.5839710789925793,0,0,0,被動元件,自動化
J000,B000,206,-0.1053129578094215,-0.5921237162002164,0.5537677468017118,0,0,1,被動元件,休閒娛樂
J000,C100,206,0.12091919954061922,0.6449887156477506,0.5189344984405163,0,0,0,被動元件,製藥
J000,C200,206,0.050858205489192176,0.30396281237078593,0.7611562228890705,0,3,4,被動元件,醫療器材
J000,C300,206,0.03067249127193268,0.19030275799888435,0.8490718925739673,0,0,0,被動元件,食品生技
J000,C400,206,0.1442367338629044,0.6067579397179972,0.5440115647610744,0,0,0,被動元件,再生醫療
J000,D000,206,-0.08705850471113165,-0.3989254543106246,0.6899481329239614,0,5,11,被動元件,半導體
J000,F000,206,-0.10550788035240263,-0.657525422253309,0.5108431300650025,0,7,13,被動元件,電腦週邊
J000,G000,206,-0.09774595782913471,-0.5593477816941347,0.5759243915325001,0,8,9,被動元件,平面顯示器
J000,H000,206,-0.08819794035314035,-0.4958751756569066,0.619982481574363,0,2,4,被動元件,觸控面板
J000,I000,206,-0.04664615681014372,-0.28425342642218443,0.7762161748889035,0,6,9,被動元件,通信網路
J000,K000,206,-0.03628616464717999,-0.22527573152943733,0.8217647778983777,0,1,2,被動元件,連接器
J000,L000,206,-0.09451692309894107,-0.4706590546668573,0.63788422848234,0,3,4,被動元件,印刷電路板
J000,M000,206,-0.0684318982754493,-0.49605006140954,0.6198590913233102,0,0,0,被動元件,食品
J000,N000,206,-0.07378693532312128,-0.5314489534486795,0.5951077060046774,0,0,1,被動元件,石化及塑橡膠
J000,O000,206,-0.19601684649330786,-1.493667308348342,0.13526259727982573,0,0,1,被動元件,紡織
J000,P000,206,-0.0083544896342773,-0.05849443282215279,0.95335479686802,0,3,3,被動元件,電機機械
J000,Q000,206,-0.129132460467269,-0.8204167728509618,0.41197855694114494,0,0,0,被動元件,鋼鐵
J000,R000,206,-0.03778471589906565,-0.2509126609515554,0.8018816354619623,0,0,2,被動元件,軟體服務
J000,R300,206,-0.053054373466112054,-0.3428605419681496,0.7317033773870035,0,0,0,被動元件,電子商務
J000,S000,206,-0.11251536837073098,-0.7363292272527886,0.4615303634378022,0,2,2,被動元件,建材營造
J000,T000,206,-0.18070201681664189,-1.0285137626649732,0.3037082203233882,0,0,0,被動元件,交通運輸及航運
J000,U000,206,-0.2323818203660782,-1.2590487302110915,0.20801273120746722,0,0,0,被動元件,金融
J000,V000,206,-0.05524371202940947,-0.40234425175916905,0.6874306917920378,0,2,2,被動元件,貿易百貨
J000,W000,206,-0.02781102798871572,-0.40319040105285797,0.6868081606360467,0,0,0,被動元件,油電燃氣
J000,X000,206,-0.10234406679341257,-0.6947882009028563,0.4871880436282692,0,0,5,被動元件,其他
J000,Y000,206,-0.13290656230235043,-0.6931274045787955,0.48822960100680934,0,0,0,被動元件,文化創意
K000,1000,206,0.08415459082546481,0.47343682548054034,0.6359015622733608,0,0,0,連接器,水泥
K000,2000,206,0.029500505391860166,0.11141480913056992,0.9112874171858071,0,0,0,連接器,造紙
K000,3000,206,0.10641857662772972,0.5051755621311349,0.6134355329683259,0,2,3,連接器,汽車
K000,4100,206,0.3339705072484046,1.2923980873227967,0.19621931875206933,0,2,2,連接器,太空衛星科技
K000,5100,206,0.05115265681368487,0.21398709438410748,0.8305571212795853,0,0,0,連接器,區塊鏈
K000,5200,206,0.33838718674943946,1.403744778258832,0.16039486318763796,0,0,0,連接器,金融科技
K000,5300,206,0.09693965536171611,0.43765136545480066,0.6616390299779445,0,0,1,連接器,人工智慧
K000,5400,206,0.14531518196665272,0.6750354313506678,0.4996532544579073,0,2,2,連接器,雲端運算
K000,5500,206,0.17645392888231434,0.8139529507832086,0.4156719047574362,0,0,1,連接器,資通訊安全
K000,5600,206,0.24657883806978698,0.9889791502678544,0.3226733428090792,0,0,1,連接器,大數據
K000,5700,206,0.16924904868698257,0.7191195987247222,0.47206723261396555,0,0,2,連接器,體驗科技
K000,5800,206,0.08737255716842268,0.40670656227934515,0.6842235201685525,0,3,3,連接器,運動科技
K000,6000,206,0.21042488301353568,0.8324433351683773,0.405158750095168,0,0,0,連接器,自動化
K000,B000,206,0.043517695041975814,0.1773993079297049,0.8591947508880242,0,0,1,連接器,休閒娛樂
K000,C100,206,0.14948213255591233,0.45881042142460376,0.6463703103618468,0,0,1,連接器,製藥
K000,C200,206,0.25707057609106515,1.1735867397868422,0.24056059506252903,0,8,13,連接器,醫療器材
K000,C300,206,0.10309494265151986,0.4063594192423836,0.6844785322729228,0,0,1,連接器,食品生技
K000,C400,206,0.18313129633354186,0.4863139274136115,0.6267446060727576,0,0,0,連接器,再生醫療
K000,D000,206,0.07397998032513357,0.266572451207068,0.7897983690385704,0,1,7,連接器,半導體
K000,F000,206,0.17584616648952583,0.7863204931752057,0.4316797494595136,0,18,22,連接器,電腦週邊
K000,G000,206,0.14601985672260537,0.6058093360229516,0.5446413694838991,0,8,12,連接器,平面顯示器
K000,H000,206,0.29469801802376455,1.090999662725624,0.2752730309981746,0,1,3,連接器,觸控面板
K000,I000,206,0.29838599673448984,1.2495403205425197,0.21146751564537536,0,11,18,連接器,通信網路
K000,J000,206,0.2319554959842664,0.7844872916459004,0.43275423595031615,0,1,2,連接器,被動元件
K000,L000,206,0.1855705489180465,0.6558647899458103,0.5119111247765475,0,4,6,連接器,印刷電路板
K000,M000,206,0.008276950279055128,0.044331060130626716,0.964640513600121,0,0,1,連接器,食品
K000,N000,206,0.08014013456159912,0.38555964165384715,0.699822827619642,0,0,0,連接器,石化及塑橡膠
K000,O000,206,-0.12411036142382198,-0.6485192079455397,0.5166491915450928,0,0,0,連接器,紡織
K000,P000,206,0.1360797755896657,0.6712293948180638,0.5020744054944006,0,2,4,連接器,電機機械
K000,Q000,206,-0.17196836981393868,-0.7375332701459593,0.4607981185253236,0,0,0,連接器,鋼鐵
K000,R000,206,0.20473138562075816,0.9493042268526366,0.34246590439339963,0,0,2,連接器,軟體服務
K000,R300,206,-0.03818617454404871,-0.17719440411431683,0.8593556909860639,0,0,1,連接器,電子商務
K000,S000,206,0.21163669736898072,1.1427434777337961,0.2531451124915556,0,0,1,連接器,建材營造
K000,T000,206,-0.31142510862251604,-1.1507168639847964,0.24984873638153715,0,0,0,連接器,交通運輸及航運
K000,U000,206,-0.08503628471210167,-0.41492911878001115,0.6781937926192529,0,0,0,連接器,金融
K000,V000,206,0.0627865443009901,0.2915636880160584,0.7706202423836523,0,0,0,連接器,貿易百貨
K000,W000,206,0.011245098310620098,0.10503177368076762,0.9163505964002526,0,0,0,連接器,油電燃氣
K000,X000,206,0.14267817490535156,0.7309838573882411,0.46478901303931186,0,0,5,連接器,其他
K000,Y000,206,0.15223220718407104,0.615771112316947,0.5380455957237716,0,0,0,連接器,文化創意
L000,1000,206,-0.025477681111802774,-0.11827345625398848,0.9058509885977809,0,0,0,印刷電路板,水泥
L000,2000,206,-0.10736821936415324,-0.30207775922836566,0.7625927864978637,0,1,1,印刷電路板,造紙
L000,3000,206,-0.10163993952989367,-0.44183980955026947,0.6586051288442942,0,0,1,印刷電路板,汽車
L000,4100,206,-0.12764574226985018,-0.5128232955976894,0.6080749327089289,0,2,2,印刷電路板,太空衛星科技
L000,5100,206,-0.41917361116882557,-1.3398615814874124,0.18029035036037,0,0,0,印刷電路板,區塊鏈
L000,5200,206,0.054517346521406454,0.18264751031562265,0.855074603492764,0,0,0,印刷電路板,金融科技
L000,5300,206,-0.09829790410291146,-0.40130258162546656,0.6881973631115761,0,0,5,印刷電路板,人工智慧
L000,5400,206,-0.043444607901720084,-0.16768971810077443,0.8668273854143609,0,0,2,印刷電路板,雲端運算
L000,5500,206,0.06911794062352117,0.28048104042316446,0.7791084694899165,0,0,0,印刷電路板,資通訊安全
L000,5600,206,0.09607659460385945,0.3601779468746598,0.7187140653797408,0,0,2,印刷電路板,大數據
L000,5700,206,-0.26827028554948107,-1.1488541627407822,0.2506161211469714,0,0,2,印刷電路板,體驗科技
L000,5800,206,-0.129079595647738,-0.5880986215070009,0.5564660983487699,0,0,1,印刷電路板,運動科技
L000,6000,206,-0.03780027757297696,-0.14535540666945732,0.8844302709838855,0,0,1,印刷電路板,自動化
L000,B000,206,-0.17216824991092278,-0.5463797829695543,0.5848049041919385,0,0,2,印刷電路板,休閒娛樂
L000,C100,206,-0.018910776901819203,-0.04292468414208245,0.9657615717817635,0,1,2,印刷電路板,製藥
L000,C200,206,0.11565848919035454,0.44793595739578745,0.6541994169276666,0,4,4,印刷電路板,醫療器材
L000,C300,206,-0.13483550735126237,-0.3179363514880642,0.7505332176488128,0,0,1,印刷電路板,食品生技
L000,C400,206,0.21463603429138872,0.45083840922389073,0.652106016412078,0,0,0,印刷電路板,再生醫療
L000,D000,206,-0.2703738836145727,-0.8662825709182896,0.38633522180459123,0,4,25,印刷電路板,半導體
L000,F000,206,-0.21011791851978512,-0.8521078413800444,0.39415424021599044,0,6,8,印刷電路板,電腦週邊
L000,G000,206,-0.20354497898907592,-0.7866005048766513,0.43151576363617694,0,4,18,印刷電路板,平面顯示器
L000,H000,206,0.04994284981883165,0.17960450614792042,0.8574630668186434,0,3,10,印刷電路板,觸控面板
L000,I000,206,-0.019005817752423625,-0.07491756927733792,0.9402802975790117,0,4,6,印刷電路板,通信網路
L000,J000,206,-0.029129023639097664,-0.0896708660472173,0.9285487681748402,0,3,4,印刷電路板,被動元件
L000,K000,206,-0.12394454728360058,-0.43384561109758074,0.6644005575970544,0,5,6,印刷電路板,連接器
L000,M000,206,-0.08474220114797001,-0.3587670747604813,0.7197693456239711,0,0,1,印刷電路板,食品
L000,N000,206,0.0007090108707720789,0.002929185193999422,0.9976628517001471,0,2,4,印刷電路板,石化及塑橡膠
L000,O000,206,-0.17581940124626658,-0.7848091063948401,0.432565500120079,0,1,2,印刷電路板,紡織
L000,P000,206,0.036190307527733945,0.1578781117073391,0.8745528460622549,0,2,6,印刷電路板,電機機械
L000,Q000,206,-0.18572648617468304,-0.7425640717153891,0.4577456473565493,0,0,0,印刷電路板,鋼鐵
L000,R000,206,0.07628737481414735,0.31781433388923375,0.7506257771382723,0,0,1,印刷電路板,軟體服務
L000,R300,206,0.0271485240652538,0.0998917067178023,0.9204303004997852,0,0,1,印刷電路板,電子商務
L000,S000,206,0.07402449732685458,0.3312408379221024,0.7404625754783971,0,0,3,印刷電路板,建材營造
L000,T000,206,-0.3350056981204071,-1.0267076779667978,0.30455813281216326,0,0,0,印刷電路板,交通運輸及航運
L000,U000,206,-0.10400595047577497,-0.4465977639590849,0.6551655103761576,0,0,0,印刷電路板,金融
L000,V000,206,-0.011570244582948041,-0.042262797555199814,0.9662892020232183,0,1,2,印刷電路板,貿易百貨
L000,W000,206,0.07260750769957244,0.579583542319461,0.5621954940644944,0,0,0,印刷電路板,油電燃氣
L000,X000,206,-0.004353776193633932,-0.018960051462867736,0.9848729739906852,0,0,8,印刷電路板,其他
L000,Y000,206,-0.23839546386001773,-0.6875368311821837,0.49174449935894315,0,0,0,印刷電路板,文化創意
M000,1000,206,0.026473227079671507,0.13313096311462735,0.894089808072281,0,0,0,食品,水泥
M000,2000,206,0.07638841256328381,0.3023176655539769,0.7624099128521675,0,0,0,食品,造紙
M000,3000,206,-0.09278099380193752,-0.5048497043317937,0.6136644022119787,0,0,0,食品,汽車
M000,4100,206,-0.10312786080019554,-0.5046887259532513,0.6137774807639584,0,0,0,食品,太空衛星科技
M000,5100,206,0.05446736946309592,0.26495140118799826,0.7910469003929815,0,0,0,食品,區塊鏈
M000,5200,206,-0.26159862998651257,-1.0751953034957764,0.2822872976805406,0,0,0,食品,金融科技
M000,5300,206,-0.07560028719570919,-0.40905841827417355,0.682496790604899,0,0,0,食品,人工智慧
M000,5400,206,-0.16517057236515903,-0.9374147167873537,0.3485452736913873,0,0,1,食品,雲端運算
M000,5500,206,-0.17280139638094955,-0.9199893542636116,0.3575783224261566,0,0,1,食品,資通訊安全
M000,5600,206,-0.22327500638030598,-1.1178965737895659,0.26361116853680167,0,0,0,食品,大數據
M000,5700,206,-0.03016328050159432,-0.15803929646906512,0.8744258336945057,0,0,0,食品,體驗科技
M000,5800,206,-0.0009075837341768205,-0.00528502917363315,0.9957831764493658,0,0,0,食品,運動科技
M000,6000,206,-0.25527266092412404,-1.2162905429343893,0.2238742627947239,0,0,0,食品,自動化
M000,B000,206,-0.01650568007968553,-0.06937764942167418,0.9446890192223092,0,0,2,食品,休閒娛樂
M000,C100,206,-0.2672306646690567,-0.9415446969768332,0.3464257950928713,1,1,1,食品,製藥
M000,C200,206,-0.278646400751523,-1.3607712543391965,0.1735859887609419,0,0,1,食品,醫療器材
M000,C300,206,-0.2270375142157349,-0.9404330423079373,0.3469954800447874,3,5,8,食品,食品生技
M000,C400,206,-0.5923822786368896,-1.7279936507747569,0.08398936269927985,0,0,0,食品,再生醫療
M000,D000,206,-0.0952487469056431,-0.41760620321193914,0.6762350606263567,0,0,1,食品,半導體
M000,F000,206,-0.1521948755226544,-0.7224412710830037,0.4700232205238094,0,0,0,食品,電腦週邊
M000,G000,206,-0.09373518912069483,-0.4843586997719478,0.6281313236292831,0,0,2,食品,平面顯示器
M000,H000,206,-0.1307381714293945,-0.6151456083864774,0.5384585644035412,0,0,1,食品,觸控面板
M000,I000,206,-0.19066779568321326,-0.9611789997094866,0.33646217353822316,0,0,1,食品,通信網路
M000,J000,206,-0.21165022668298955,-0.8724181356178358,0.38298031039228553,0,0,0,食品,被動元件
M000,K000,206,-0.20008270468268446,-0.9436456821859938,0.34535073972734576,0,0,1,食品,連接器
M000,L000,206,-0.17861719835101836,-0.8742009289242025,0.38200884025181825,0,0,1,食品,印刷電路板
M000,N000,206,0.030835568939688508,0.17973952325183157,0.8573570636383702,0,0,1,食品,石化及塑橡膠
M000,O000,206,0.21312297224363538,1.3639901930352458,0.17257065223870827,0,0,0,食品,紡織
M000,P000,206,-0.164714241638804,-0.9879371170716358,0.32318344597189275,0,0,0,食品,電機機械
M000,Q000,206,0.13222665728047034,0.6343622691171483,0.5258444273479009,0,0,0,食品,鋼鐵
M000,R000,206,-0.09513689152240941,-0.5200490566813578,0.6030293837577415,0,0,0,食品,軟體服務
M000,R300,206,-0.05117229744612095,-0.294582152535875,0.7683130976891899,0,0,1,食品,電子商務
M000,S000,206,-0.017558309940966174,-0.09711293953194954,0.922636705172676,0,3,4,食品,建材營造
M000,T000,206,0.2831706724691743,1.1969401439327672,0.23132988574510727,0,0,1,食品,交通運輸及航運
M000,U000,206,0.37393221531160337,1.9119306445208026,0.05588509046555163,0,0,0,食品,金融
M000,V000,206,0.04883600160010225,0.2636979076412634,0.7920127079464784,2,5,7,食品,貿易百貨
M000,W000,206,0.0885662424430168,1.0013135621498406,0.3166752381999014,0,0,0,食品,油電燃氣
M000,X000,206,-0.10066706271528889,-0.5890509420194237,0.5558271011078002,0,0,7,食品,其他
M000,Y000,206,-0.053133724317467525,-0.1968226541733633,0.8439663224057792,0,0,1,食品,文化創意
N000,1000,206,-0.15797097651703024,-0.5691078269426358,0.5692829670513213,0,0,0,石化及塑橡膠,水泥
N000,2000,206,0.14756096182904097,0.40871489829680174,0.682748899158208,0,1,1,石化及塑橡膠,造紙
N000,3000,206,-0.273228150053113,-1.1356091339806762,0.25612018443628026,6,6,6,石化及塑橡膠,汽車
N000,4100,206,-0.29280020003994106,-0.9879903635210531,0.3231573676707151,0,0,0,石化及塑橡膠,太空衛星科技
N000,5100,206,-0.06704529649009192,-0.21004757328448306,0.8336305430448835,0,0,0,石化及塑橡膠,區塊鏈
N000,5200,206,-0.004563029164320822,-0.013491917915958994,0.9892353335855828,0,0,0,石化及塑橡膠,金融科技
N000,5300,206,-0.2291560510787496,-0.8388908837588903,0.4015305439146094,0,0,0,石化及塑橡膠,人工智慧
N000,5400,206,-0.21771949131051835,-0.758975628185785,0.44786713611668516,0,0,0,石化及塑橡膠,雲端運算
N000,5500,206,-0.17787256226559128,-0.5827731604721447,0.5600460151727116,0,0,0,石化及塑橡膠,資通訊安全
N000,5600,206,-0.2561487542243814,-0.8950880701177395,0.3707400107194839,0,0,0,石化及塑橡膠,大數據
N000,5700,206,-0.24612131929340472,-0.9124910070672921,0.3615103014181349,0,0,0,石化及塑橡膠,體驗科技
N000,5800,206,-0.16209378913605385,-0.7583877001599403,0.4482189190233299,0,1,1,石化及塑橡膠,運動科技
N000,6000,206,-0.5034589262230116,-1.7393953762470802,0.08196524099648188,0,0,0,石化及塑橡膠,自動化
N000,B000,206,0.015227975943630396,0.057769733668976066,0.9539320469346113,0,0,0,石化及塑橡膠,休閒娛樂
N000,C100,206,-0.09597199844314663,-0.27931364705874073,0.780004134062737,1,3,5,石化及塑橡膠,製藥
N000,C200,206,-0.2726684229120533,-1.168132094856872,0.24275348602181424,1,5,6,石化及塑橡膠,醫療器材
N000,C300,206,-0.1801845262565039,-0.6115620344314049,0.5408275633308123,1,2,3,石化及塑橡膠,食品生技
N000,C400,206,-0.5823759069578128,-1.4040576717691562,0.16030167674586537,0,0,0,石化及塑橡膠,再生醫療
N000,D000,206,-0.2878770659675264,-1.0105800477844336,0.3122174692794508,0,7,11,石化及塑橡膠,半導體
N000,F000,206,-0.44412782012385815,-1.586601292224889,0.11260297459217733,3,3,4,石化及塑橡膠,電腦週邊
N000,G000,206,-0.33729377946226724,-1.2801194599622143,0.20050312566617523,7,8,9,石化及塑橡膠,平面顯示器
N000,H000,206,-0.3312927513603175,-1.2258777617409102,0.22024467853948715,4,5,5,石化及塑橡膠,觸控面板
N000,I000,206,-0.36991070091372547,-1.3577362576397707,0.1745473874597805,0,0,1,石化及塑橡膠,通信網路
N000,J000,206,-0.5298212528892148,-1.9141298963748508,0.055603560387605326,1,1,1,石化及塑橡膠,被動元件
N000,K000,206,-0.4028784993170976,-1.6146450069392553,0.10638759296186677,0,0,0,石化及塑橡膠,連接器
N000,L000,206,-0.3923861374698697,-1.5126060198276001,0.13037976416935765,2,4,4,石化及塑橡膠,印刷電路板
N000,M000,206,-0.03977027399211454,-0.19667775045429256,0.8440797225701671,1,1,1,石化及塑橡膠,食品
N000,O000,206,0.13921275892182813,0.7046565278794098,0.48102401096851244,4,13,18,石化及塑橡膠,紡織
N000,P000,206,-0.39666699037571235,-1.9476578216539087,0.05145592012198499,1,1,4,石化及塑橡膠,電機機械
N000,Q000,206,-0.03935939872326612,-0.2018329854030273,0.8400472935600043,0,0,1,石化及塑橡膠,鋼鐵
N000,R000,206,-0.2803547746177671,-1.1404394773340503,0.25410325388456956,0,0,0,石化及塑橡膠,軟體服務
N000,R300,206,0.07395880987042874,0.30450895421055557,0.7607401719836631,0,0,0,石化及塑橡膠,電子商務
N000,S000,206,-0.23434129554504335,-0.932415708770985,0.35112172962310617,1,3,3,石化及塑橡膠,建材營造
N000,T000,206,0.07238789443435942,0.26405251958069564,0.791739449608275,0,0,0,石化及塑橡膠,交通運輸及航運
N000,U000,206,0.2781586630626789,1.0679555824288296,0.2855405482937874,0,0,0,石化及塑橡膠,金融
N000,V000,206,-0.15387289396703124,-0.7231575322234383,0.46958310644145873,0,1,1,石化及塑橡膠,貿易百貨
N000,W000,206,0.038336014454675334,0.31441788236593926,0.7532036761607643,0,0,2,石化及塑橡膠,油電燃氣
N000,X000,206,-0.23412469136493877,-1.0241371539834179,0.3057704976439162,0,0,13,石化及塑橡膠,其他
N000,Y000,206,-0.11831443204277713,-0.4075557119959329,0.6835998845480737,0,0,0,石化及塑橡膠,文化創意
O000,1000,206,-0.2330563436303617,-1.1413759098345135,0.25371352516016876,0,0,0,紡織,水泥
O000,2000,206,-0.25682278901516925,-0.9203528060009973,0.35738842240023194,0,0,0,紡織,造紙
O000,3000,206,-0.2490120846049566,-1.2454433473217095,0.21296882789802662,0,0,0,紡織,汽車
O000,4100,206,-0.3263111954662117,-1.3555993988032249,0.1752266632427023,0,0,0,紡織,太空衛星科技
O000,5100,206,-0.3162640505121264,-1.1911803904165084,0.23358277601564914,0,0,0,紡織,區塊鏈
O000,5200,206,-0.2994476710387758,-1.1883473738076658,0.23469658072705568,0,0,0,紡織,金融科技
O000,5300,206,-0.37334177933865886,-1.8824707644941339,0.05977212571666432,0,0,0,紡織,人工智慧
O000,5400,206,-0.3814061801839558,-1.941409059930973,0.052208680248411736,0,0,0,紡織,雲端運算
O000,5500,206,-0.39455617631801587,-2.0302030054804248,0.04233590847568858,0,0,0,紡織,資通訊安全
O000,5600,206,-0.4116227327601701,-2.1149806301198177,0.034431598240193526,0,0,0,紡織,大數據
O000,5700,206,-0.33585456151560045,-1.5725024635233722,0.1158340682860955,0,0,0,紡織,體驗科技
O000,5800,206,-0.1893332893466876,-0.9666650942913815,0.3337114820368523,0,1,1,紡織,運動科技
O000,6000,206,-0.6152813759325049,-2.7577133015019673,0.005820722406152624,0,0,0,紡織,自動化
O000,B000,206,-0.2796403431328584,-1.3848627199332388,0.16609444824734831,0,0,1,紡織,休閒娛樂
O000,C100,206,-0.32800485313459965,-1.054478038775105,0.29166411002895687,0,1,1,紡織,製藥
O000,C200,206,-0.33036536251153925,-1.623899110996383,0.10439734234347176,0,4,5,紡織,醫療器材
O000,C300,206,-0.2914611056647088,-1.0854351306685401,0.2777289799579101,0,0,0,紡織,食品生技
O000,C400,206,-0.5232938847706453,-1.4550066033004,0.1456674334280749,0,0,0,紡織,再生醫療
O000,D000,206,-0.43686593152521713,-1.8611073439994112,0.06272901932363166,0,2,4,紡織,半導體
O000,F000,206,-0.5349414902859199,-2.2356338953371515,0.025375762409037984,0,0,0,紡織,電腦週邊
O000,G000,206,-0.4415552984791783,-2.0344883649341443,0.0419023805277321,0,0,0,紡織,平面顯示器
O000,H000,206,-0.45368359892407284,-1.8729655492505048,0.061073142420321545,0,2,2,紡織,觸控面板
O000,I000,206,-0.44186959753603644,-2.0775606849415724,0.037749840437498454,0,0,0,紡織,通信網路
O000,J000,206,-0.5505910061054784,-2.331553012970699,0.019724218129288037,0,1,1,紡織,被動元件
O000,K000,206,-0.35092633535546397,-1.522789534652176,0.12781136907489193,0,0,0,紡織,連接器
O000,L000,206,-0.4144179558742257,-1.8952436128460017,0.05806013465269002,1,2,2,紡織,印刷電路板
O000,M000,206,-0.25088188173579834,-1.507340655854646,0.13172336159045617,0,0,0,紡織,食品
O000,N000,206,-0.341916268455766,-1.6404183971010264,0.10091820274851368,1,7,18,紡織,石化及塑橡膠
O000,P000,206,-0.39171702916841716,-2.1908246815630426,0.028464481815244625,1,1,3,紡織,電機機械
O000,Q000,206,-0.23834802520270842,-1.139464889046625,0.2545093046873347,0,0,0,紡織,鋼鐵
O000,R000,206,-0.48493637080282476,-2.6807644250238347,0.0073454205628517245,0,0,0,紡織,軟體服務
O000,R300,206,-0.12925664578377585,-0.5749403423078753,0.5653316447751406,0,0,0,紡織,電子商務
O000,S000,206,-0.46888490446850695,-2.1771865871045595,0.029466648657336853,0,3,3,紡織,建材營造
O000,T000,206,-0.05283856291677095,-0.19717070187234237,0.8436939570640046,0,0,0,紡織,交通運輸及航運
O000,U000,206,-0.11853541193379359,-0.6549992719746982,0.5124682227916986,0,0,0,紡織,金融
O000,V000,206,-0.4237963401911017,-2.0656524558517493,0.038861307572188704,3,4,4,紡織,貿易百貨
O000,W000,206,-0.1714430983086548,-1.880750694937059,0.060005840033342535,0,0,1,紡織,油電燃氣
O000,X000,206,-0.33928330893279035,-1.838976692458074,0.06591861430891129,0,0,8,紡織,其他
O000,Y000,206,-0.28825396847872525,-1.2459341162935966,0.21278858381737087,0,0,0,紡織,文化創意
P000,1000,206,-0.029614102787904235,-0.14417892786697936,0.8853591802029869,0,0,0,電機機械,水泥
P000,2000,206,-0.024472743048991035,-0.07558350869563334,0.9397504570831454,0,0,0,電機機械,造紙
P000,3000,206,-0.16431941190612148,-0.6631090774056032,0.5072606973940793,16,16,21,電機機械,汽車
P000,4100,206,-0.029149284422594006,-0.10028581278438255,0.9201174204659397,3,3,3,電機機械,太空衛星科技
P000,5100,206,0.14199928220233457,0.400917523233015,0.6884808480505897,0,0,0,電機機械,區塊鏈
P000,5200,206,-0.11369419176920002,-0.3680463482138504,0.7128386750907905,0,0,0,電機機械,金融科技
P000,5300,206,-0.010402449854506078,-0.04019358205760331,0.9679387942733064,0,0,6,電機機械,人工智慧
P000,5400,206,0.05039937484753654,0.19881351096627842,0.8424086267475417,5,7,7,電機機械,雲端運算
P000,5500,206,-0.11049920126555562,-0.4328246294251175,0.6651421789569466,0,0,2,電機機械,資通訊安全
P000,5600,206,0.002246682670362349,0.008898518214679288,0.992900103401868,0,0,3,電機機械,大數據
P000,5700,206,0.09747340862139636,0.3608205976267826,0.7182335639554274,0,0,4,電機機械,體驗科技
P000,5800,206,0.04688996837989911,0.204160043753441,0.8382284341661692,2,2,2,電機機械,運動科技
P000,6000,206,0.31309979329578586,0.9426089025588479,0.34588098452021765,0,0,6,電機機械,自動化
P000,B000,206,-0.0005269420281758218,-0.002217759672881408,0.9982304852479842,0,0,5,電機機械,休閒娛樂
P000,C100,206,0.26176663604510836,0.8172494686155966,0.413785877685659,0,0,0,電機機械,製藥
P000,C200,206,0.03043272609603482,0.12098369824504003,0.9037039472568368,6,8,14,電機機械,醫療器材
P000,C300,206,0.27779177654253073,0.9376883205734287,0.3484046076970825,0,0,0,電機機械,食品生技
P000,C400,206,0.06964200931955716,0.18330128190120923,0.85456162862756,0,0,0,電機機械,再生醫療
P000,D000,206,-0.17201052276573034,-0.6135261753903183,0.5395284806498148,1,9,14,電機機械,半導體
P000,F000,206,-0.06314284507751897,-0.23996431254432074,0.8103579228244283,9,9,16,電機機械,電腦週邊
P000,G000,206,-0.07620013437315636,-0.2975519312639996,0.766045166800235,8,14,16,電機機械,平面顯示器
P000,H000,206,-0.12194050632917543,-0.4668130596677319,0.6406336314012037,2,2,3,電機機械,觸控面板
P000,I000,206,-0.0255524553712894,-0.10038419036136913,0.9200393206271553,4,4,12,電機機械,通信網路
P000,J000,206,-0.26645386745559385,-0.8867517756800755,0.3752125561817843,1,3,3,電機機械,被動元件
P000,K000,206,-0.19730883678713476,-0.777763923289769,0.43670819978501485,1,3,4,電機機械,連接器
P000,L000,206,-0.15103835122217357,-0.5613285886284985,0.5745735558856475,3,4,6,電機機械,印刷電路板
P000,M000,206,0.03255463215959682,0.18682951671461615,0.8517943033818033,0,0,0,電機機械,食品
P000,N000,206,-0.1907310157515901,-0.9419889225666235,0.3461983113438547,0,0,4,電機機械,石化及塑橡膠
P000,O000,206,0.008672775317834888,0.047534225768539974,0.9620874529368038,0,1,3,電機機械,紡織
P000,Q000,206,-0.38170865321382114,-1.6213205420409955,0.10494891172215189,0,0,5,電機機械,鋼鐵
P000,R000,206,-0.003731882987880474,-0.017389512879539392,0.9861258754017406,0,0,4,電機機械,軟體服務
P000,R300,206,-0.09601982426411582,-0.4182415621251433,0.6757705109471772,0,0,1,電機機械,電子商務
P000,S000,206,0.013934124919782112,0.056233408071107965,0.9551558674674333,9,10,11,電機機械,建材營造
P000,T000,206,-0.616371388740244,-1.7191687729178964,0.08558364506484317,0,0,1,電機機械,交通運輸及航運
P000,U000,206,-0.07589716192209045,-0.3503497160022984,0.7260762586077375,0,0,0,電機機械,金融
P000,V000,206,-0.07854838475372625,-0.4096863091217495,0.6820360744628728,2,4,5,電機機械,貿易百貨
P000,W000,206,-0.10643673085523771,-0.9749104379740156,0.3296046880192446,0,0,0,電機機械,油電燃氣
P000,X000,206,-0.009194929193206542,-0.04216765131378764,0.9663650501247051,0,0,13,電機機械,其他
P000,Y000,206,-0.010217047746570583,-0.037858639839715304,0.969800390016932,0,0,0,電機機械,文化創意
Q000,1000,206,-0.2987525233268321,-3.146801781247453,0.0016506682286654773,0,0,0,鋼鐵,水泥
Q000,2000,206,-0.36592048274351124,-2.003598535587264,0.0451130828607101,0,0,0,鋼鐵,造紙
Q000,3000,206,-0.2755317852211385,-2.554546604413581,0.01063261948547405,0,0,0,鋼鐵,汽車
Q000,4100,206,-0.30863575638255025,-2.143608615940686,0.032064259844131415,0,0,0,鋼鐵,太空衛星科技
Q000,5100,206,-0.3038138121252506,-2.069088154856833,0.03853781506667744,0,0,0,鋼鐵,區塊鏈
Q000,5200,206,-0.19979991883954307,-1.4798342342025896,0.1389174901125602,0,0,0,鋼鐵,金融科技
Q000,5300,206,-0.21083053948953054,-1.8524614194823839,0.06395959268299421,0,0,0,鋼鐵,人工智慧
Q000,5400,206,-0.2007345239257232,-1.8247980299103679,0.06803151328182985,0,0,0,鋼鐵,雲端運算
Q000,5500,206,-0.16878283641439368,-1.613283589277787,0.10668291021932222,0,0,0,鋼鐵,資通訊安全
Q000,5600,206,-0.14385475381515073,-1.1988473549367766,0.2305873052747549,0,0,0,鋼鐵,大數據
Q000,5700,206,-0.18262350908262887,-1.3339638071799167,0.18221571824049998,0,0,0,鋼鐵,體驗科技
Q000,5800,206,-0.20156386847118585,-1.8175865943797445,0.06912734209361153,0,0,0,鋼鐵,運動科技
Q000,6000,206,-0.18931568438725194,-1.2906696879745982,0.19681823984971947,0,0,0,鋼鐵,自動化
Q000,B000,206,-0.26766575322922476,-1.9671293922172879,0.049168295512472995,0,0,1,鋼鐵,休閒娛樂
Q000,C100,206,-0.25825055638662453,-1.442786169445725,0.14908071639541215,0,0,0,鋼鐵,製藥
Q000,C200,206,-0.17652140608215092,-1.6045736157012778,0.10858767171617353,0,0,0,鋼鐵,醫療器材
Q000,C300,206,-0.2914282589524799,-1.5755504176711657,0.11512945052371122,0,0,0,鋼鐵,食品生技
Q000,C400,206,-0.31209223293326194,-1.6294856375048892,0.10321025289941735,0,0,0,鋼鐵,再生醫療
Q000,D000,206,-0.08340375337813152,-0.5523064870089754,0.5807383868925563,0,0,1,鋼鐵,半導體
Q000,F000,206,-0.2662578094310577,-2.211024609469682,0.027034132933283557,0,0,0,鋼鐵,電腦週邊
Q000,G000,206,-0.23142143033208198,-1.7819640600809368,0.07475509277509051,0,0,1,鋼鐵,平面顯示器
Q000,H000,206,-0.27667603559056325,-1.9703554621467962,0.048797646166150385,0,0,0,鋼鐵,觸控面板
Q000,I000,206,-0.29407395820884924,-2.4374269389438585,0.014792203075781349,0,0,0,鋼鐵,通信網路
Q000,J000,206,-0.24420417804443872,-1.731626373023447,0.08334010742046304,0,0,0,鋼鐵,被動元件
Q000,K000,206,-0.22239261120777937,-1.8473935120571896,0.06469012882081152,0,0,0,鋼鐵,連接器
Q000,L000,206,-0.20429400466525657,-1.5888316508815807,0.11209840546595427,0,0,0,鋼鐵,印刷電路板
Q000,M000,206,-0.24788228638858342,-2.21091087851058,0.027042009208613632,0,0,0,鋼鐵,食品
Q000,N000,206,-0.313129005947278,-2.668254622553842,0.007624645025866214,0,0,1,鋼鐵,石化及塑橡膠
Q000,O000,206,-0.2637279839695568,-2.6644064094831186,0.007712432373751641,0,0,0,鋼鐵,紡織
Q000,P000,206,-0.26101961672407387,-2.5289722226024174,0.011439708051383383,0,0,5,鋼鐵,電機機械
Q000,R000,206,-0.19602887077307335,-1.8499022534296454,0.06432763905369224,0,0,0,鋼鐵,軟體服務
Q000,R300,206,-0.19002617763388918,-1.2595341336268648,0.2078374692896704,0,0,0,鋼鐵,電子商務
Q000,S000,206,-0.3375141139143281,-2.852124859363114,0.004342803865726406,0,1,7,鋼鐵,建材營造
Q000,T000,206,-0.2706689620054327,-1.1281109870038173,0.2592730496399025,0,0,0,鋼鐵,交通運輸及航運
Q000,U000,206,-0.17281136354514492,-1.5724661855502289,0.11584247529649039,0,0,0,鋼鐵,金融
Q000,V000,206,-0.27034268106231063,-2.207980076239669,0.027245662063986823,0,0,1,鋼鐵,貿易百貨
Q000,W000,206,-0.07400225887071651,-1.3131624734384044,0.18912820613094783,0,0,0,鋼鐵,油電燃氣
Q000,X000,206,-0.24484925322838605,-2.545654684032147,0.0109073026899071,0,0,4,鋼鐵,其他
Q000,Y000,206,-0.19271594150632188,-1.3373487577387733,0.1811088224975227,0,0,0,鋼鐵,文化創意
R000,1000,206,-0.0863961602806616,-0.5027125425956126,0.6151663900444009,0,0,0,軟體服務,水泥
R000,2000,206,-0.26784653437700884,-1.001784024036766,0.3164479148153646,0,0,1,軟體服務,造紙
R000,3000,206,-0.055209831000850036,-0.3045501190214094,0.7607088154293613,0,0,1,軟體服務,汽車
R000,4100,206,-0.2544692895250258,-1.062883774960257,0.2878346618136751,0,0,3,軟體服務,太空衛星科技
R000,5100,206,-0.20795982561585005,-0.8152212716332614,0.41494566392623156,0,0,5,軟體服務,區塊鏈
R000,5200,206,-0.7095958010436461,-2.2750000054572412,0.02290592950485922,0,0,18,軟體服務,金融科技
R000,5300,206,-0.10804516846515214,-0.428653421713032,0.6681754622135736,0,0,45,軟體服務,人工智慧
R000,5400,206,-0.2575045324597472,-0.8060144804149652,0.420234499765452,0,0,45,軟體服務,雲端運算
R000,5500,206,-0.35698131632716235,-1.1860146710462098,0.2356165057849633,0,0,28,軟體服務,資通訊安全
R000,5600,206,-0.3430321482876881,-1.058610440698087,0.2897772300085565,0,0,44,軟體服務,大數據
R000,5700,206,-0.1663044216812299,-0.7857086049234733,0.43203822085820753,0,0,8,軟體服務,體驗科技
R000,5800,206,-0.23341980357789066,-1.249734645500201,0.21139649692382456,0,0,3,軟體服務,運動科技
R000,6000,206,-0.10103689782590701,-0.4671966747276377,0.6403591725154089,0,0,2,軟體服務,自動化
R000,B000,206,-0.12053542102361638,-0.5315534039736488,0.5950353444308997,0,0,5,軟體服務,休閒娛樂
R000,C100,206,-0.33062366675167204,-1.3845716073929226,0.16618349822580492,0,0,0,軟體服務,製藥
R000,C200,206,-0.23984506369133735,-1.26937639270781,0.2043068518269504,0,0,6,軟體服務,醫療器材
R000,C300,206,-0.24076225841634724,-1.0137779895561239,0.31068870021065265,0,0,0,軟體服務,食品生技
R000,C400,206,-0.16747971969352793,-0.6474000227946722,0.5173730811787997,0,0,0,軟體服務,再生醫療
R000,D000,206,-0.19327308680890798,-0.9179000097181712,0.3586712165717816,0,0,12,軟體服務,半導體
R000,F000,206,-0.08984444689746285,-0.41833780201864007,0.6757001548476075,0,0,23,軟體服務,電腦週邊
R000,G000,206,-0.13760859528819314,-0.6721275424431136,0.5015025038111146,0,0,6,軟體服務,平面顯示器
R000,H000,206,-0.20475201884510058,-0.9089524118537987,0.36337524603826254,0,0,2,軟體服務,觸控面板
R000,I000,206,-0.09238389413090357,-0.4374244368522469,0.6618035651534094,0,0,14,軟體服務,通信網路
R000,J000,206,-0.15939804499953478,-0.7533655290637435,0.45123029105116585,0,0,2,軟體服務,被動元件
R000,K000,206,-0.12142222218379133,-0.6539261755286937,0.5131593690855252,0,0,2,軟體服務,連接器
R000,L000,206,-0.11536051995144334,-0.577934869669122,0.5633080922330909,0,0,1,軟體服務,印刷電路板
R000,M000,206,-0.1448423744143709,-0.9709699459775432,0.3315632448514795,0,0,0,軟體服務,食品
R000,N000,206,-0.1184554578088805,-0.6557610383496222,0.5119778887023554,0,0,0,軟體服務,石化及塑橡膠
R000,O000,206,-0.0023739983648069394,-0.013850350784453068,0.9889493722595801,0,0,0,軟體服務,紡織
R000,P000,206,0.010264269181182898,0.05903614259582566,0.9529233206731227,0,0,4,軟體服務,電機機械
R000,Q000,206,-0.019107312610890007,-0.10207280348078573,0.9186988879193663,0,0,0,軟體服務,鋼鐵
R000,R300,206,-0.15432341230489582,-0.7184385885034952,0.4724869007558098,0,0,22,軟體服務,電子商務
R000,S000,206,0.05294527415718432,0.2869614088573281,0.7741418693098575,0,0,5,軟體服務,建材營造
R000,T000,206,-0.17396506872555126,-0.7994313944364662,0.4240403125462865,0,0,0,軟體服務,交通運輸及航運
R000,U000,206,-0.23065914273292681,-1.2465090873218991,0.21257755511202114,0,0,0,軟體服務,金融
R000,V000,206,-0.022594297953581532,-0.14768069210810672,0.8825947700030596,0,0,4,軟體服務,貿易百貨
R000,W000,206,-0.016962721960197456,-0.21980445504279733,0.8260234498611486,0,0,0,軟體服務,油電燃氣
R000,X000,206,-0.049877332302750134,-0.30540537227545245,0.76005743064404,0,0,15,軟體服務,其他
R000,Y000,206,-0.33779335808146893,-1.5036976001746039,0.13265924743339833,0,0,4,軟體服務,文化創意
R300,1000,206,-0.07328773862383685,-0.718147244080269,0.4726665026030473,0,0,0,電子商務,水泥
R300,2000,206,-0.01549422753462505,-0.1061907501844597,0.9154310097343386,0,0,0,電子商務,造紙
R300,3000,206,-0.005601287841675337,-0.04829122405485288,0.961484148585107,0,0,0,電子商務,汽車
R300,4100,206,0.04060984885957849,0.2676229316104349,0.7889895777621545,0,0,1,電子商務,太空衛星科技
R300,5100,206,0.010122095135907536,0.04757193685609693,0.9620573978432153,0,0,3,電子商務,區塊鏈
R300,5200,206,0.19420136383901151,0.8669652407271371,0.3859610550949757,0,0,15,電子商務,金融科技
R300,5300,206,0.07899787166439755,0.5329985022609102,0.594034617088536,0,0,13,電子商務,人工智慧
R300,5400,206,0.09577845979593952,0.623375060811941,0.5330380825999218,0,0,15,電子商務,雲端運算
R300,5500,206,0.15847728049117032,0.9532535069993064,0.34046164188832806,0,0,9,電子商務,資通訊安全
R300,5600,206,0.05110951881063207,0.33848169651356474,0.7350002180340306,0,0,14,電子商務,大數據
R300,5700,206,0.003178774194362929,0.019623914294964136,0.9843433866564247,0,0,2,電子商務,體驗科技
R300,5800,206,-0.06970016682562831,-0.5235279530428877,0.600606903865177,0,0,1,電子商務,運動科技
R300,6000,206,-0.11058899983675455,-0.6440278615018351,0.5195573671653655,0,0,0,電子商務,自動化
R300,B000,206,-0.09159502190857363,-0.7442525231835764,0.45672371790078437,0,0,3,電子商務,休閒娛樂
R300,C100,206,-0.10269542033531612,-0.5289949835261237,0.5968089298290731,0,0,0,電子商務,製藥
R300,C200,206,-0.04245978971940306,-0.3111941447029446,0.7556530340567809,0,0,3,電子商務,醫療器材
R300,C300,206,-0.012433162280412854,-0.06931988501100358,0.94473499785929,0,0,2,電子商務,食品生技
R300,C400,206,0.18154196544471046,0.9404864330489866,0.346968105495309,0,0,1,電子商務,再生醫療
R300,D000,206,-0.013410591363563103,-0.07703777939095555,0.9385934906484191,0,0,1,電子商務,半導體
R300,F000,206,-0.04493032257371819,-0.2888214473239945,0.7727180186319409,0,0,7,電子商務,電腦週邊
R300,G000,206,-0.10582459023941372,-0.6636859616996742,0.5068913261494405,0,0,2,電子商務,平面顯示器
R300,H000,206,-0.1342901385990527,-0.9177544486390018,0.3587474348284284,0,0,0,電子商務,觸控面板
R300,I000,206,-0.00910403322062403,-0.06124611167636154,0.9511632068279237,0,0,5,電子商務,通信網路
R300,J000,206,-0.012986982394670478,-0.06909458679747464,0.9449143298424482,0,0,0,電子商務,被動元件
R300,K000,206,-0.09718246808618877,-0.6315217068852564,0.5276994606848717,0,0,1,電子商務,連接器
R300,L000,206,-0.08176773407936756,-0.5314816014596825,0.595085087578043,0,0,1,電子商務,印刷電路板
R300,M000,206,0.005984542938211143,0.049146348128060076,0.9608026675448312,0,0,1,電子商務,食品
R300,N000,206,-0.021694611344071704,-0.18670852109992916,0.8518891747178511,0,0,0,電子商務,石化及塑橡膠
R300,O000,206,0.028978556285254618,0.28161194608239265,0.7782410791524953,0,0,0,電子商務,紡織
R300,P000,206,-0.051800810734942526,-0.45435991710164997,0.6495697971123522,0,0,1,電子商務,電機機械
R300,Q000,206,-0.0020576195063671857,-0.014731174199580668,0.9882466486394139,0,0,0,電子商務,鋼鐵
R300,R000,206,0.07256777797761636,0.489721708205391,0.6243308384186496,0,0,22,電子商務,軟體服務
R300,S000,206,-0.10180570834810021,-0.9608182066305275,0.33664358252810944,0,0,2,電子商務,建材營造
R300,T000,206,-0.052575212130139666,-0.3330360543123961,0.7391070677105406,0,0,0,電子商務,交通運輸及航運
R300,U000,206,0.009359708761270314,0.09894597284130185,0.9211811669244125,0,0,0,電子商務,金融
R300,V000,206,-0.011247493328806688,-0.09865796465897894,0.9214098453176207,0,0,4,電子商務,貿易百貨
R300,W000,206,0.027363784969891725,0.47894220843757807,0.6319797424925755,0,0,0,電子商務,油電燃氣
R300,X000,206,-0.06709644578340782,-0.5553544136057299,0.5786522669572758,0,0,3,電子商務,其他
R300,Y000,206,-0.11363909051389261,-0.8743882343924122,0.38190686257412376,0,0,7,電子商務,文化創意
S000,1000,206,0.21079717976986917,1.0248406387272486,0.3054383876937723,0,1,3,建材營造,水泥
S000,2000,206,0.2277480984573898,0.803922268535852,0.4214418684646616,0,0,0,建材營造,造紙
S000,3000,206,0.05343743155153805,0.29569201519183136,0.7674652956157018,0,1,3,建材營造,汽車
S000,4100,206,-0.0839245179898058,-0.39965011836837583,0.6894142367231035,0,0,1,建材營造,太空衛星科技
S000,5100,206,0.11587896736347289,0.4826731473593959,0.6293278325497842,0,0,0,建材營造,區塊鏈
S000,5200,206,0.01807022393446001,0.07735432391144183,0.9383416760931691,0,0,0,建材營造,金融科技
S000,5300,206,0.030456480235108243,0.14342478522874952,0.8859547095462976,0,0,3,建材營造,人工智慧
S000,5400,206,0.015797157650942487,0.07757200668021237,0.9381685106964364,0,1,2,建材營造,雲端運算
S000,5500,206,-0.040837468182162634,-0.21469499066715947,0.8300051283837794,0,0,1,建材營造,資通訊安全
S000,5600,206,-0.004221733359540139,-0.01992180529004048,0.9841057504898992,0,0,1,建材營造,大數據
S000,5700,206,-0.023636306501006794,-0.12306219765358992,0.9020578455917743,0,0,1,建材營造,體驗科技
S000,5800,206,0.10730466262587193,0.5982299611251275,0.5496865025109852,0,0,0,建材營造,運動科技
S000,6000,206,-0.10943108309110601,-0.45059197790868755,0.6522836494552218,0,0,0,建材營造,自動化
S000,B000,206,0.11044990083540446,0.5053299379084238,0.6133271188613867,0,0,7,建材營造,休閒娛樂
S000,C100,206,-0.17542629022402503,-0.4735289746998257,0.635835834285435,0,0,0,建材營造,製藥
S000,C200,206,-0.06338835298983443,-0.30109885138867837,0.7633391168690691,0,2,5,建材營造,醫療器材
S000,C300,206,-0.26850324288414384,-0.8080327543707154,0.41907172673309934,0,0,1,建材營造,食品生技
S000,C400,206,-0.08038436673493268,-0.20976889621318195,0.8338480501618502,0,0,0,建材營造,再生醫療
S000,D000,206,0.10619836206068224,0.3705416463037498,0.7109789520160925,0,3,6,建材營造,半導體
S000,F000,206,0.11784963709931268,0.5168576532000699,0.6052555305147402,1,3,9,建材營造,電腦週邊
S000,G000,206,0.13606970620070083,0.6009418447351464,0.5478787212402254,1,3,5,建材營造,平面顯示器
S000,H000,206,0.016937213866979394,0.06871953712581459,0.9452128665876879,0,0,2,建材營造,觸控面板
S000,I000,206,0.028034427546770192,0.12241010453213776,0.9025742364338014,0,0,5,建材營造,通信網路
S000,J000,206,0.075204674178192,0.28882391246612826,0.7727161320836774,0,1,2,建材營造,被動元件
S000,K000,206,0.08971690719079027,0.45611050351074645,0.6483105175009289,0,1,1,建材營造,連接器
S000,L000,206,0.015026733097981783,0.06763763372263806,0.9460740966034502,0,1,3,建材營造,印刷電路板
S000,M000,206,0.13590881084236311,0.6310548161212625,0.5280046833401459,0,2,4,建材營造,食品
S000,N000,206,0.1408628885957152,0.6590001023363931,0.5098957029445033,0,1,3,建材營造,石化及塑橡膠
S000,O000,206,0.26866467487600526,1.474336499639479,0.14039101240921342,0,3,3,建材營造,紡織
S000,P000,206,0.0028412874755351994,0.014195136780723268,0.9886742998838176,1,2,11,建材營造,電機機械
S000,Q000,206,0.25741611428401434,1.2423850253200177,0.2140945379673589,0,0,7,建材營造,鋼鐵
S000,R000,206,-0.015472856964685793,-0.07631217533995602,0.9391707395706861,0,0,5,建材營造,軟體服務
S000,R300,206,0.11770385217301953,0.5075695383019947,0.6117552578458662,0,0,2,建材營造,電子商務
S000,T000,206,0.33420443524780724,1.3582854302640686,0.17437313158600665,0,0,2,建材營造,交通運輸及航運
S000,U000,206,0.4370760975504017,1.9642594596319112,0.049500010510721476,0,0,1,建材營造,金融
S000,V000,206,0.05175016524246877,0.22711805086932357,0.8203319482201084,1,2,6,建材營造,貿易百貨
S000,W000,206,0.05278171753038312,0.488469008092494,0.6252176726286482,0,0,0,建材營造,油電燃氣
S000,X000,206,0.06029194721079113,0.31331432066099824,0.7540418711675339,0,0,17,建材營造,其他
S000,Y000,206,-0.04696259406735798,-0.17654880479992674,0.859862810094196,0,0,2,建材營造,文化創意
T000,1000,206,-0.09792646759936625,-1.600653271799711,0.10945373621567978,0,0,1,交通運輸及航運,水泥
T000,2000,206,-0.07016859978362722,-0.7185979936882679,0.4723886499284031,0,0,0,交通運輸及航運,造紙
T000,3000,206,-0.08550154923823024,-1.674912845406057,0.09395133292965888,0,0,0,交通運輸及航運,汽車
T000,4100,206,-0.04304344652890871,-0.6647293630067865,0.5062236095334469,0,0,0,交通運輸及航運,太空衛星科技
T000,5100,206,-0.14661898954811606,-1.7341471416091143,0.08289197890815019,0,0,0,交通運輸及航運,區塊鏈
T000,5200,206,-0.05488489411467256,-0.8569190464362617,0.39148962581151303,0,0,0,交通運輸及航運,金融科技
T000,5300,206,-0.05486257924492231,-0.9129302267155143,0.36127923898749825,0,0,0,交通運輸及航運,人工智慧
T000,5400,206,-0.05775054475835578,-1.0663872281168651,0.28624863276565027,0,0,0,交通運輸及航運,雲端運算
T000,5500,206,-0.05999870414171834,-1.0687163544709022,0.2851974998946688,0,0,1,交通運輸及航運,資通訊安全
T000,5600,206,-0.03243123621064124,-0.6109637630455589,0.5412235703537609,0,0,0,交通運輸及航運,大數據
T000,5700,206,-0.009483872962594148,-0.1326491687164744,0.8944708449705334,0,0,0,交通運輸及航運,體驗科技
T000,5800,206,-0.05120083334945631,-1.1311783310931744,0.2579800403333209,0,0,0,交通運輸及航運,運動科技
T000,6000,206,-0.040328793321288414,-0.6247566122530569,0.5321308109636469,0,0,0,交通運輸及航運,自動化
T000,B000,206,-0.019953096373317727,-0.3004608043369255,0.7638256896098231,0,0,0,交通運輸及航運,休閒娛樂
T000,C100,206,-0.10450732273970612,-1.4717078899492941,0.14109977607858293,0,0,0,交通運輸及航運,製藥
T000,C200,206,-0.08005482594487959,-1.5531886166061646,0.12037808005442283,0,0,2,交通運輸及航運,醫療器材
T000,C300,206,-0.13041893988567346,-1.6158922454713687,0.1061176124990583,0,0,0,交通運輸及航運,食品生技
T000,C400,206,-0.15199697457053368,-2.2321059062438664,0.025607964175219513,0,0,0,交通運輸及航運,再生醫療
T000,D000,206,0.046092514963413524,0.5737440977265691,0.5661409826926024,0,0,1,交通運輸及航運,半導體
T000,F000,206,-0.08141342382145397,-1.294874352390261,0.19536357740353605,0,0,0,交通運輸及航運,電腦週邊
T000,G000,206,-0.03622106948352205,-0.5957266278767258,0.5513578665459231,0,0,0,交通運輸及航運,平面顯示器
T000,H000,206,-0.06946435834136025,-1.0118104237912866,0.31162870503194984,0,0,0,交通運輸及航運,觸控面板
T000,I000,206,-0.09279708455433876,-1.5167028523065802,0.12934172384606293,0,0,1,交通運輸及航運,通信網路
T000,J000,206,-0.07080972604051128,-0.8230961832509959,0.410453299109128,0,0,0,交通運輸及航運,被動元件
T000,K000,206,-0.04613835267907725,-0.7320632911541336,0.46412993816460835,0,0,0,交通運輸及航運,連接器
T000,L000,206,-0.03952130419812229,-0.5793823794924523,0.5623311908746513,0,0,0,交通運輸及航運,印刷電路板
T000,M000,206,-0.06090696877741006,-1.2125698725600178,0.2252943132696671,0,0,1,交通運輸及航運,食品
T000,N000,206,-0.07532841385138357,-1.4989866122517157,0.1338771051961966,0,0,0,交通運輸及航運,石化及塑橡膠
T000,O000,206,-0.07054869835972488,-1.6853599275660287,0.0919191500641594,0,0,0,交通運輸及航運,紡織
T000,P000,206,-0.07182496172165292,-1.4821634560764014,0.13829680762530736,0,0,1,交通運輸及航運,電機機械
T000,Q000,206,0.11642638433156806,0.9754322353002096,0.3293459002434347,0,0,0,交通運輸及航運,鋼鐵
T000,R000,206,-0.06787979607956429,-1.3934192729888386,0.16349304097254713,0,0,0,交通運輸及航運,軟體服務
T000,R300,206,0.029960796098218785,0.47602326434516534,0.634057803872462,0,0,0,交通運輸及航運,電子商務
T000,S000,206,-0.09934866075794868,-2.014259054170899,0.04398234246424025,0,0,2,交通運輸及航運,建材營造
T000,U000,206,0.033244680834390944,0.6122050898159074,0.5404020744801183,0,0,1,交通運輸及航運,金融
T000,V000,206,-0.045387194861644435,-0.8614026087745003,0.38901633974086325,0,0,2,交通運輸及航運,貿易百貨
T000,W000,206,-0.01496550173258698,-0.6281614485348054,0.5298981821034583,0,0,1,交通運輸及航運,油電燃氣
T000,X000,206,-0.06390168678784766,-1.378233384431651,0.16813124300339377,0,0,4,交通運輸及航運,其他
T000,Y000,206,-0.034337386390074456,-0.44501298789648797,0.6563103682009656,0,0,0,交通運輸及航運,文化創意
U000,1000,206,-0.36459547749216314,-2.3257941439159695,0.02002953520563446,0,0,1,金融,水泥
U000,2000,206,-0.036764930479204545,-0.2034445267558008,0.838787600114877,0,0,0,金融,造紙
U000,3000,206,-0.21705715029661862,-1.463341229809862,0.14337403129756154,0,0,0,金融,汽車
U000,4100,206,-0.19688212130956595,-1.0061205676167186,0.31435757599452196,0,0,0,金融,太空衛星科技
U000,5100,206,-0.32396674315091223,-1.6210847646270687,0.10499946095797885,0,0,0,金融,區塊鏈
U000,5200,206,-0.5074807341625095,-2.6239655449467194,0.008691257683891458,0,0,2,金融,金融科技
U000,5300,206,-0.29604211101916006,-1.5957650831238166,0.110541251706447,0,0,0,金融,人工智慧
U000,5400,206,-0.3016049558185059,-1.7273835939419109,0.08409879507790019,0,0,0,金融,雲端運算
U000,5500,206,-0.39758812478944433,-2.1654892812374533,0.030350235375058317,0,0,0,金融,資通訊安全
U000,5600,206,-0.34519450531941676,-1.8082745010052776,0.07056378843121283,0,0,0,金融,大數據
U000,5700,206,-0.2786985808353987,-1.5577860388467408,0.11928397661829573,0,0,0,金融,體驗科技
U000,5800,206,-0.11769602635503894,-0.7068562308485988,0.47965582623404046,0,0,0,金融,運動科技
U000,6000,206,-0.22228729615200954,-1.2151256004174837,0.22431819090684324,0,0,0,金融,自動化
U000,B000,206,-0.07304426404430284,-0.39545663910237117,0.6925059161560813,0,0,0,金融,休閒娛樂
U000,C100,206,-0.2260344426172197,-0.8513191330538264,0.3945920993668679,0,0,0,金融,製藥
U000,C200,206,-0.24148213023920018,-1.340947596489181,0.17993746728543036,0,0,0,金融,醫療器材
U000,C300,206,-0.31602016750471895,-1.366582310032392,0.17175626513595366,0,0,0,金融,食品生技
U000,C400,206,-0.3025794403637738,-1.1215035999720517,0.2620735600121964,0,0,0,金融,再生醫療
U000,D000,206,-0.23854616931778064,-1.0694014591902548,0.28488881009794575,0,0,0,金融,半導體
U000,F000,206,-0.2574355825042963,-1.3785857505722108,0.1680225124329785,0,0,0,金融,電腦週邊
U000,G000,206,-0.18213052856252834,-0.9007430454185305,0.3677249560677174,0,0,0,金融,平面顯示器
U000,H000,206,-0.21333449868974852,-1.0520560820112648,0.29277382002612384,0,0,0,金融,觸控面板
U000,I000,206,-0.28628228157421454,-1.4651625410851297,0.1428765768374098,0,0,0,金融,通信網路
U000,J000,206,-0.34968611303296365,-1.5953078976885167,0.11064340038550882,0,0,0,金融,被動元件
U000,K000,206,-0.22234751848667733,-1.20324502355172,0.22888151659962153,0,0,0,金融,連接器
U000,L000,206,-0.2719834486913057,-1.3189987025457457,0.1871695462272983,0,0,0,金融,印刷電路板
U000,M000,206,-0.135116128184929,-0.9620705207119594,0.33601418101155056,0,0,0,金融,食品
U000,N000,206,-0.11922609292597329,-0.7487380912915469,0.45401508021303083,0,0,0,金融,石化及塑橡膠
U000,O000,206,0.023497913069041833,0.18705752627482583,0.8516155294129681,0,0,0,金融,紡織
U000,P000,206,-0.220321115066447,-1.5072210652324063,0.13175400247706917,0,0,0,金融,電機機械
U000,Q000,206,0.06122497732372174,0.39689662728581615,0.6914436914163267,0,0,0,金融,鋼鐵
U000,R000,206,-0.27079204636758536,-1.570291045343331,0.11634741648537365,0,0,0,金融,軟體服務
U000,R300,206,-0.17579795101764212,-1.002638534832084,0.31603529605875846,0,0,0,金融,電子商務
U000,S000,206,-0.18607177027984492,-1.31460428085617,0.18864293066407056,0,0,1,金融,建材營造
U000,T000,206,0.06264690026151358,0.3288923195653919,0.7422370797710625,0,0,1,金融,交通運輸及航運
U000,V000,206,-0.18039616769089103,-1.195483134162825,0.23189832192960502,0,0,0,金融,貿易百貨
U000,W000,206,-0.020651140567006687,-0.29600863402372085,0.7672234877267505,0,0,0,金融,油電燃氣
U000,X000,206,-0.18145113780544506,-1.2052685733036368,0.22809963755282547,0,0,1,金融,其他
U000,Y000,206,-0.12856337653247235,-0.6714630290853675,0.5019256040677029,0,0,0,金融,文化創意
V000,1000,206,-0.07180572031727259,-0.3190389269338091,0.7496969945432448,0,0,0,貿易百貨,水泥
V000,2000,206,-0.06387337209228962,-0.22919622131438247,0.8187164093764985,0,0,0,貿易百貨,造紙
V000,3000,206,-0.11817455327371983,-0.5778485730962704,0.5633663582551596,0,0,1,貿易百貨,汽車
V000,4100,206,-0.1858286943825859,-0.61232333611094,0.5403238529751777,0,0,0,貿易百貨,太空衛星科技
V000,5100,206,-0.241781390041111,-0.9356461268119719,0.34945541684597703,0,0,0,貿易百貨,區塊鏈
V000,5200,206,-0.23854587643173675,-0.8677223516559276,0.38554634662511256,0,0,0,貿易百貨,金融科技
V000,5300,206,-0.1743998152338529,-0.7304709311404234,0.46510237515729513,0,0,0,貿易百貨,人工智慧
V000,5400,206,-0.2262695535625628,-1.0358939161093375,0.30025163623690365,0,0,0,貿易百貨,雲端運算
V000,5500,206,-0.2321595042473766,-1.0637406494169137,0.2874462043647338,0,0,0,貿易百貨,資通訊安全
V000,5600,206,-0.2632253023622071,-1.144388750009459,0.25246245168023307,0,0,0,貿易百貨,大數據
V000,5700,206,-0.16533069474842532,-0.6687304623937859,0.5036674318285679,0,0,0,貿易百貨,體驗科技
V000,5800,206,-0.08783039310831031,-0.40221821146778386,0.6875234406307587,0,0,0,貿易百貨,運動科技
V000,6000,206,-0.408076284644211,-1.673817407527234,0.0941664901247249,0,0,0,貿易百貨,自動化
V000,B000,206,-0.07524395867259313,-0.3309035448687066,0.7407173442593089,0,0,5,貿易百貨,休閒娛樂
V000,C100,206,0.07648737837534855,0.2104354723059038,0.8333278095256432,0,0,0,貿易百貨,製藥
V000,C200,206,-0.23860223952177978,-0.9894250131594702,0.3224552414826799,0,2,4,貿易百貨,醫療器材
V000,C300,206,-0.005007423384981216,-0.016839400592768207,0.9865647372194947,2,2,2,貿易百貨,食品生技
V000,C400,206,-0.38748254168237867,-0.9623522547900452,0.33587268848351504,0,0,0,貿易百貨,再生醫療
V000,D000,206,0.008428366016121918,0.03298499290412184,0.9736865550575817,0,3,4,貿易百貨,半導體
V000,F000,206,-0.25020571242217376,-0.7864435373254525,0.4316076855363953,4,4,8,貿易百貨,電腦週邊
V000,G000,206,-0.11474882609814678,-0.4413403870346261,0.6589665920281728,1,2,3,貿易百貨,平面顯示器
V000,H000,206,-0.1745997555585226,-0.6148830308701082,0.5386319700588043,0,0,0,貿易百貨,觸控面板
V000,I000,206,-0.2338343069613844,-0.8814551182064119,0.3780715361190323,0,0,2,貿易百貨,通信網路
V000,J000,206,-0.1079637032787611,-0.39729468601284557,0.6911501655660531,0,2,2,貿易百貨,被動元件
V000,K000,206,-0.0946829452760982,-0.38420263644769115,0.7008282643993375,0,0,0,貿易百貨,連接器
V000,L000,206,-0.1393857933600672,-0.5961595954841824,0.5510686147827365,0,2,2,貿易百貨,印刷電路板
V000,M000,206,-0.041155791179558886,-0.1992128299855139,0.8420962636877897,5,7,7,貿易百貨,食品
V000,N000,206,-0.01286122448034006,-0.059360401930157014,0.9526650520971766,0,0,1,貿易百貨,石化及塑橡膠
V000,O000,206,0.3647180115366457,1.6139039159674162,0.10654826914462723,0,1,4,貿易百貨,紡織
V000,P000,206,-0.19422745646197495,-1.0830854651113975,0.2787704898638349,2,2,5,貿易百貨,電機機械
V000,Q000,206,-0.009746122069625794,-0.05509466511945298,0.9560630463090933,0,0,1,貿易百貨,鋼鐵
V000,R000,206,-0.23868639531295255,-1.2337049326684653,0.2173128751960941,0,0,4,貿易百貨,軟體服務
V000,R300,206,-0.0973894136931214,-0.4511074836584462,0.6519120842543538,0,0,4,貿易百貨,電子商務
V000,S000,206,-0.1172902662944762,-0.5089069531564199,0.6108174459875797,2,6,6,貿易百貨,建材營造
V000,T000,206,-0.03103868669987798,-0.1490380918941692,0.881523575626888,0,0,2,貿易百貨,交通運輸及航運
V000,U000,206,0.23070960357464101,1.0981001508498918,0.27216075949727403,0,0,0,貿易百貨,金融
V000,W000,206,0.018465877698414727,0.18666016974033614,0.8519270870886892,0,0,0,貿易百貨,油電燃氣
V000,X000,206,-0.1620307463229981,-0.8442874186710334,0.398508814841519,0,0,9,貿易百貨,其他
V000,Y000,206,-0.10550348549975251,-0.392272022210182,0.6948572334732904,0,0,5,貿易百貨,文化創意
W000,1000,206,-0.2516408553816583,-1.0223734986165662,0.3066041585808592,0,0,0,油電燃氣,水泥
W000,2000,206,-0.05935321253566857,-0.18718155460269684,0.851518286532077,0,0,0,油電燃氣,造紙
W000,3000,206,-0.30805920764939376,-1.385924276418604,0.1657700270671023,0,0,0,油電燃氣,汽車
W000,4100,206,-0.4793979826529397,-1.9248572653337614,0.05424721748211603,0,0,0,油電燃氣,太空衛星科技
W000,5100,206,-0.11371177169662147,-0.4006129601695639,0.688705102294411,0,0,0,油電燃氣,區塊鏈
W000,5200,206,-0.3613363389829654,-1.1698792809366747,0.2420495528936899,0,0,0,油電燃氣,金融科技
W000,5300,206,-0.2957679429567098,-1.2488550608171047,0.2117180908643277,0,0,0,油電燃氣,人工智慧
W000,5400,206,-0.36246345410283165,-1.598947945877361,0.10983216933975364,0,0,0,油電燃氣,雲端運算
W000,5500,206,-0.31177520528888614,-1.3957310821675015,0.16279549070029986,0,0,0,油電燃氣,資通訊安全
W000,5600,206,-0.47760895728272307,-1.9957281033003158,0.04596352634495885,0,0,0,油電燃氣,大數據
W000,5700,206,-0.3949381157998303,-1.6989409843944372,0.08933030378023364,0,0,0,油電燃氣,體驗科技
W000,5800,206,-0.22154283684976656,-0.9683135692961866,0.3328877899850182,0,0,0,油電燃氣,運動科技
W000,6000,206,-0.3722687035645024,-1.275982323352031,0.20196176781328268,0,0,0,油電燃氣,自動化
W000,B000,206,-0.3834760443020428,-1.6546432002369507,0.0979968949994759,0,0,0,油電燃氣,休閒娛樂
W000,C100,206,-0.6569399952999463,-1.8332634068223634,0.06676340847660306,0,0,0,油電燃氣,製藥
W000,C200,206,-0.4671900290613637,-1.9119867539124722,0.055877893072949075,0,0,0,油電燃氣,醫療器材
W000,C300,206,-0.46297033037638674,-1.6011909843188163,0.10933462508812235,0,0,0,油電燃氣,食品生技
W000,C400,206,-0.6887645802924168,-1.7384070597018868,0.08213911363055407,0,0,0,油電燃氣,再生醫療
W000,D000,206,-0.38203444842393125,-1.3960576193009582,0.16269714470683472,0,0,1,油電燃氣,半導體
W000,F000,206,-0.38857793757864056,-1.5049232154474501,0.13234381891654817,0,0,0,油電燃氣,電腦週邊
W000,G000,206,-0.3718413999266744,-1.5361536892548417,0.12450069107941883,0,0,0,油電燃氣,平面顯示器
W000,H000,206,-0.4784456804780467,-1.8777258970225612,0.06041867209876291,0,0,0,油電燃氣,觸控面板
W000,I000,206,-0.452328074763634,-1.791265708860823,0.07325066614429593,0,0,0,油電燃氣,通信網路
W000,J000,206,-0.4208635096095577,-1.514823199678052,0.12981718364309286,0,0,0,油電燃氣,被動元件
W000,K000,206,-0.30261816528494995,-1.1009678065563164,0.2709106688046836,0,0,0,油電燃氣,連接器
W000,L000,206,-0.34983068829214087,-1.3568674560354075,0.17482332907502718,0,0,0,油電燃氣,印刷電路板
W000,M000,206,-0.4131046180455749,-1.757316900185825,0.07886380873903787,0,0,0,油電燃氣,食品
W000,N000,206,-0.1269050221341681,-0.5187288742365699,0.6039498233442806,0,0,2,油電燃氣,石化及塑橡膠
W000,O000,206,0.08615122807085936,0.36739269367957306,0.71332612073529,0,0,1,油電燃氣,紡織
W000,P000,206,-0.2724208750851511,-1.2371546646846767,0.21602966864145767,0,0,0,油電燃氣,電機機械
W000,Q000,206,0.09130888261522822,0.2895939267133955,0.7721269137839231,0,0,0,油電燃氣,鋼鐵
W000,R000,206,-0.37475818753603296,-1.6233929025714027,0.10450544096564439,0,0,0,油電燃氣,軟體服務
W000,R300,206,-0.05788329095336901,-0.2459722374004993,0.805703723707791,0,0,0,油電燃氣,電子商務
W000,S000,206,-0.3792403271848987,-1.5883430260922335,0.11220879316318558,0,0,0,油電燃氣,建材營造
W000,T000,206,0.19145128779770576,0.708709008323463,0.478505073466552,0,0,1,油電燃氣,交通運輸及航運
W000,U000,206,0.12980697067286762,0.6127012134337165,0.5400739200455726,0,0,0,油電燃氣,金融
W000,V000,206,-0.22777371502453167,-1.0258669291725504,0.3049543128506861,0,0,0,油電燃氣,貿易百貨
W000,X000,206,-0.29533906797759285,-1.372489257968641,0.16991118065990563,0,0,0,油電燃氣,其他
W000,Y000,206,-0.48943669420074604,-2.0381601120755115,0.04153392312784025,0,0,0,油電燃氣,文化創意
X000,1000,206,-0.069245837378068,-0.11774783748656167,0.9062674615641492,0,0,1,其他,水泥
X000,2000,206,0.2744231838677424,0.3144540293639642,0.7531762261224126,0,0,2,其他,造紙
X000,3000,206,-0.3398629816013149,-0.5299049932392594,0.5961778040026309,0,0,12,其他,汽車
X000,4100,206,-0.5971762586632584,-0.7306481770144339,0.4649940770255564,0,0,1,其他,太空衛星科技
X000,5100,206,-0.04241554984291471,-0.05668511261411382,0.9547960333591123,0,0,1,其他,區塊鏈
X000,5200,206,0.00037056858442168807,0.00048649407782213716,0.9996118339016953,0,0,2,其他,金融科技
X000,5300,206,-0.1254242568142817,-0.19432067982338322,0.8459247940941018,0,0,13,其他,人工智慧
X000,5400,206,-0.15095737762637393,-0.250023815991974,0.8025689309194511,0,0,12,其他,雲端運算
X000,5500,206,0.17367980869699093,0.3155494368545197,0.7523445215746376,0,0,6,其他,資通訊安全
X000,5600,206,0.05842222378809918,0.09268541346430823,0.9261534854933045,0,0,7,其他,大數據
X000,5700,206,-0.3406831703787068,-0.47946843250520765,0.6316054203108661,0,0,6,其他,體驗科技
X000,5800,206,-0.28995533980010585,-0.4332033901572868,0.6648670161993657,0,0,7,其他,運動科技
X000,6000,206,-0.4863389901558808,-0.6082207923514998,0.5430410461364845,0,0,3,其他,自動化
X000,B000,206,-0.06136632516384373,-0.09658394382609505,0.9230568078452136,0,0,6,其他,休閒娛樂
X000,C100,206,1.3883176106385278,1.3950926516423388,0.16298790183022238,0,0,2,其他,製藥
X000,C200,206,0.10130704990990794,0.1583896757334673,0.874149748660928,0,0,19,其他,醫療器材
X000,C300,206,0.7310196787023818,0.8768236356789306,0.3805824390941338,0,0,4,其他,食品生技
X000,C400,206,0.6238046759654596,0.7213030201508082,0.47072309921195843,0,0,1,其他,再生醫療
X000,D000,206,-0.22573737249851916,-0.2619470226092972,0.7933622861435377,0,0,34,其他,半導體
X000,F000,206,-0.241386720415519,-0.341897291523777,0.7324281879996133,0,0,33,其他,電腦週邊
X000,G000,206,-0.09281123130084906,-0.125747495553764,0.8999318042187802,0,0,27,其他,平面顯示器
X000,H000,206,-0.07480203714733821,-0.09291654532820531,0.9259698613404009,0,0,9,其他,觸控面板
X000,I000,206,-0.24593902284558816,-0.3571757949818967,0.7209602051842616,0,0,22,其他,通信網路
X000,J000,206,-0.6379009388469553,-0.7570346452518972,0.44902910653278927,0,0,5,其他,被動元件
X000,K000,206,-0.3431456023691692,-0.5457056892767836,0.5852682605410331,0,0,5,其他,連接器
X000,L000,206,-0.27216266131907163,-0.3766920103580752,0.7064025010480605,0,0,8,其他,印刷電路板
X000,M000,206,0.27084527213518755,0.398407754248698,0.6903296429575744,0,0,7,其他,食品
X000,N000,206,0.0789102923833785,0.11477450318489171,0.9086238589886981,0,0,13,其他,石化及塑橡膠
X000,O000,206,0.30678247867844516,0.5373328789338792,0.5910376981481095,0,0,8,其他,紡織
X000,P000,206,-0.19526913194532183,-0.33153465078686306,0.7402406719399697,0,0,13,其他,電機機械
X000,Q000,206,0.02194542623657305,0.03597684911402521,0.9713008187318745,0,0,4,其他,鋼鐵
X000,R000,206,0.03697356630454943,0.06176930187101482,0.9507465503468701,0,0,15,其他,軟體服務
X000,R300,206,-0.19400905979276023,-0.30159615466300177,0.762959939711876,0,0,3,其他,電子商務
X000,S000,206,0.057652936318275116,0.09036096994156705,0.9280003712431207,0,0,17,其他,建材營造
X000,T000,206,0.2287951966196346,0.32377953750861505,0.7461049491018577,0,0,4,其他,交通運輸及航運
X000,U000,206,0.3093834509371834,0.44410085756176726,0.6569696664969341,0,0,1,其他,金融
X000,V000,206,0.3989716035088106,0.6754298569575486,0.49940270166993517,0,0,9,其他,貿易百貨
X000,W000,206,0.34539255798445534,0.8853729140695001,0.3759555360199771,0,0,0,其他,油電燃氣
X000,Y000,206,-0.36680123153379973,-0.4690413535955134,0.6390400773274123,0,0,12,其他,文化創意
Y000,1000,206,-0.1093177779183955,-1.0756000689581628,0.28210615656872773,0,0,0,文化創意,水泥
Y000,2000,206,-0.12059020187998791,-0.8093429551608812,0.4183179047233744,0,0,0,文化創意,造紙
Y000,3000,206,-0.13594052556462236,-1.3381892569115643,0.18083475026862117,0,0,0,文化創意,汽車
Y000,4100,206,-0.06069423738207102,-0.4825953611804705,0.6293830734984593,0,0,0,文化創意,太空衛星科技
Y000,5100,206,-0.12355862724264849,-0.974048724325104,0.33003234714383967,0,0,2,文化創意,區塊鏈
Y000,5200,206,-0.16200019174106545,-1.1434400307251,0.2528559400635595,0,0,1,文化創意,金融科技
Y000,5300,206,-0.15875874353348546,-1.5707302129174379,0.11624532820844671,0,0,3,文化創意,人工智慧
Y000,5400,206,-0.11470144509887396,-1.1749105443826426,0.24003050661346337,0,0,0,文化創意,雲端運算
Y000,5500,206,-0.14497008861607774,-1.540980882312005,0.12332143891396995,0,0,0,文化創意,資通訊安全
Y000,5600,206,-0.13165427352284606,-1.3030964609509947,0.19254183171416095,0,0,2,文化創意,大數據
Y000,5700,206,-0.08742899537288812,-0.8657520351871585,0.38662615770497233,0,0,4,文化創意,體驗科技
Y000,5800,206,-0.12848065299192982,-1.3110973816861675,0.18982486526138242,0,0,1,文化創意,運動科技
Y000,6000,206,-0.1506895627536197,-1.2078572229624507,0.22710218616604005,0,0,0,文化創意,自動化
Y000,B000,206,-0.08204397453896951,-0.618215426290434,0.5364333426166361,0,0,15,文化創意,休閒娛樂
Y000,C100,206,-0.298806786923061,-1.9559033172230709,0.05047654449919506,0,0,0,文化創意,製藥
Y000,C200,206,-0.17586058814902397,-1.6664010000717193,0.09563357175382957,0,0,1,文化創意,醫療器材
Y000,C300,206,-0.25780667929523327,-2.1142604697412337,0.03449302666191396,0,0,2,文化創意,食品生技
Y000,C400,206,-0.14311256544400333,-1.1351553363251354,0.25631023946326403,0,0,0,文化創意,再生醫療
Y000,D000,206,-0.13139202844772746,-1.234555393383687,0.216996018929291,0,0,0,文化創意,半導體
Y000,F000,206,-0.1423603469630705,-1.3118378215209034,0.18957486063838824,0,0,2,文化創意,電腦週邊
Y000,G000,206,-0.1834527197457177,-1.6819951197452314,0.0925697862556203,0,0,0,文化創意,平面顯示器
Y000,H000,206,-0.1893624716386778,-1.641797805761078,0.10063191395742316,0,0,0,文化創意,觸控面板
Y000,I000,206,-0.16518786094116766,-1.6694867757591896,0.09502094902809276,0,0,2,文化創意,通信網路
Y000,J000,206,-0.129995064349273,-1.0279116591226873,0.303991384649416,0,0,0,文化創意,被動元件
Y000,K000,206,-0.16606471963603756,-1.507511882730476,0.13167950034641027,0,0,0,文化創意,連接器
Y000,L000,206,-0.16578059839344145,-1.3490961836885658,0.17730607391158082,0,0,0,文化創意,印刷電路板
Y000,M000,206,-0.06259023384806905,-0.6584221442251356,0.5102669099456872,0,0,1,文化創意,食品
Y000,N000,206,-0.1677962784188583,-1.6850582341963805,0.09197733665908539,0,0,0,文化創意,石化及塑橡膠
Y000,O000,206,-0.19848438890584766,-1.9621653331885716,0.04974323856189132,0,0,0,文化創意,紡織
Y000,P000,206,-0.15762604699544622,-1.8525101916238855,0.06395259544081734,0,0,0,文化創意,電機機械
Y000,Q000,206,-0.11880358414831815,-1.3934882085875526,0.16347220825519648,0,0,0,文化創意,鋼鐵
Y000,R000,206,-0.17688071825967883,-1.9446247667413508,0.05182015624971697,0,0,4,文化創意,軟體服務
Y000,R300,206,-0.1678939670413889,-1.624666667077646,0.1042336034931427,0,0,7,文化創意,電子商務
Y000,S000,206,-0.12553324771522428,-1.2743224422394195,0.2025491661454566,0,0,2,文化創意,建材營造
Y000,T000,206,-0.14908974876120487,-1.3115408432404274,0.18967510423641654,0,0,0,文化創意,交通運輸及航運
Y000,U000,206,-0.07786066324950378,-0.7512597405709542,0.4524963531766798,0,0,0,文化創意,金融
Y000,V000,206,-0.18605355901607273,-1.9299492626161434,0.05361312466981791,0,0,5,文化創意,貿易百貨
Y000,W000,206,-0.10232312788647631,-2.21546574871059,0.026728112783697636,0,0,0,文化創意,油電燃氣
Y000,X000,206,-0.16484560920199268,-1.9049805452158641,0.05678260006254998,0,0,12,文化創意,其他
