date,ret
2007-04-24,
2007-04-25,-0.0047976675983513895
2007-04-26,-0.0026444779080819405
2007-04-27,0.00036426686956748293
2007-04-30,0.000265574376028737
2007-05-02,-0.004506702056706033
2007-05-03,-0.006082683847484022
2007-05-04,-0.008610275244599579
2007-05-07,-0.0007989850591151419
2007-05-08,-0.005768976884904185
2007-05-09,0.00598157092700485
2007-05-10,0.011919732349845056
2007-05-11,0.007982288155750927
2007-05-14,0.01966505707906585
2007-05-15,0.0003729230569127426
2007-05-16,-0.006427344088054618
2007-05-17,0.0001878343787854299
2007-05-18,-0.00033999138789468815
2007-05-21,-0.004365166830819063
2007-05-22,0.00876176299649124
2007-05-23,-0.0030723096391260044
2007-05-24,-0.005207046138975027
2007-05-25,-0.0022023344404188626
2007-05-28,0.0005332852593693271
2007-05-29,0.0023395633188322724
2007-05-30,-6.946589124192867e-08
2007-05-31,0.002941664978883765
2007-06-01,0.00933666366781724
2007-06-04,0.01884705677624053
2007-06-05,0.02121577739958561
2007-06-06,-0.013851219557647376
2007-06-07,-0.0055496988140486415
2007-06-08,0.004812549811429663
2007-06-11,-0.009516732195047695
2007-06-12,0.02237824511999715
2007-06-13,-0.009118726393079816
2007-06-14,0.0015521652492525885
2007-06-15,-0.01416901881244782
2007-06-20,0.01023501779274644
2007-06-21,0.0025726450534347576
2007-06-22,0.005236610679501466
2007-06-23,0.02134775817133705
2007-06-25,0.0017717145026486872
2007-06-26,0.015461830366159182
2007-06-27,0.022814285316930204
2007-06-28,0.015557390676645187
2007-06-29,0.0007952980581426882
2007-07-02,0.009037370762978131
2007-07-03,-0.001975272010287738
2007-07-04,4.2106966221481384e-05
2007-07-05,-0.015155588316304293
2007-07-06,-0.0034605318895455407
2007-07-09,0.00027927612270523504
2007-07-10,0.00029099425894660996
2007-07-11,-0.01799934142628588
2007-07-12,-0.003545665744790573
2007-07-13,0.014100357114901582
2007-07-16,-0.0006376414825496769
2007-07-17,-0.001724571206060746
2007-07-18,0.042210736581136964
2007-07-19,-0.020295889298178344
2007-07-20,0.018334568092258887
2007-07-23,0.010577116291919353
2007-07-24,0.014899945795362711
2007-07-25,0.010581000689705338
2007-07-26,-0.011683688962027379
2007-07-27,-0.00041566905145291183
2007-07-30,-0.012393816725167723
2007-07-31,0.02222469588182629
2007-08-01,0.01988956471027551
2007-08-02,-0.004822528026655604
2007-08-03,0.02531840274011063
2007-08-06,0.003250067626295039
2007-08-07,0.010869777134133105
2007-08-08,-0.011873962062659775
2007-08-09,-0.00893703855896551
2007-08-10,0.006766746512409158
2007-08-13,-0.014634219508988112
2007-08-14,0.0006746615924484532
2007-08-15,0.010920738480616199
2007-08-16,0.0005344022196587667
2007-08-17,0.0013007474295946078
2007-08-20,-0.00027227871821006167
2007-08-21,0.012002877344460185
2007-08-22,0.014464505071096612
2007-08-23,-0.002742776788868681
2007-08-24,0.008489377063447432
2007-08-27,-0.008019661928009987
2007-08-28,0.022082001751861403
2007-08-29,0.00662441412302734
2007-08-30,-0.011132300182531644
2007-08-31,-0.015043794405204593
2007-09-03,0.012076220085516703
2007-09-04,-0.0008163554645003266
2007-09-05,-0.01657716893500867
2007-09-06,-0.010066493072521082
2007-09-07,0.00022246622059885618
2007-09-10,-0.0029213336064470964
2007-09-11,0.0009404978823423869
2007-09-12,-0.01515490518918068
2007-09-13,-0.022173391335129064
2007-09-14,0.005256798415815878
2007-09-17,0.014975110868720044
2007-09-19,0.019057051102945092
2007-09-20,0.010348608264102995
2007-09-21,-0.001221665010770704
2007-09-26,0.015346583084685842
2007-09-27,-0.016535265489925833
2007-09-28,0.011535491590268097
2007-09-29,-0.00789988256354484
2007-10-01,-0.018415908776250326
2007-10-02,-0.0013520589617997067
2007-10-03,-0.0034977959588265717
2007-10-04,-8.982623992794328e-05
2007-10-05,-0.012977465352575138
2007-10-08,0.020925669426292037
2007-10-09,0.0032333467342771424
2007-10-11,0.013105574286825718
2007-10-12,-0.012593988618629157
2007-10-15,-0.002114160932054596
2007-10-16,0.0024497664756795816
2007-10-17,-0.009093262589210064
2007-10-18,-0.0025850770647218736
2007-10-19,0.009975270485986766
2007-10-22,0.0015931133422419919
2007-10-23,0.00556656085941501
2007-10-24,-0.013241917441084354
2007-10-25,0.004798984573991999
2007-10-26,-0.01267611197738226
2007-10-29,-0.0015320334965061421
2007-10-30,-0.011361838872166012
2007-10-31,0.01468570892167032
2007-11-01,0.00463408486560472
2007-11-02,0.006632038218117385
2007-11-05,0.0043119227129332135
2007-11-06,0.004336787503343666
2007-11-07,-0.0037174182464863544
2007-11-08,0.008832361382166497
2007-11-09,0.03945298749186896
2007-11-12,0.012145654101992469
2007-11-13,0.019057476364173945
2007-11-14,-0.006087897206867705
2007-11-15,-0.012046066603094601
2007-11-16,-0.010475871374370716
2007-11-19,0.03117142265421785
2007-11-20,0.008496669000699193
2007-11-21,-0.0027725296717669747
2007-11-22,-0.0037502350809307146
2007-11-23,-0.0012504260862967152
2007-11-26,0.00794334223394063
2007-11-27,0.006705393329154364
2007-11-28,0.017231376363470885
2007-11-29,0.009187723530458292
2007-11-30,-0.0026945513327377366
2007-12-03,-0.0013372080745114425
2007-12-04,-0.0017620338701938255
2007-12-05,0.004831775170120023
2007-12-06,-0.01184405465831814
2007-12-07,0.0015753758142986285
2007-12-10,0.002243906297855938
2007-12-11,-0.004070247202658318
2007-12-12,0.006886437010402498
2007-12-13,-0.0047559527883530885
2007-12-14,0.006181193586148416
2007-12-17,0.00914007711532433
2007-12-18,0.01616223841925772
2007-12-19,-0.00037354452674960223
2007-12-20,-0.009221810402846677
2007-12-21,-0.0016303336758950928
2007-12-24,0.006442803355548938
2007-12-25,0.008154216090822784
2007-12-26,0.0026309801696897117
2007-12-27,-0.002108622396760629
2007-12-28,-0.0008145547630668722
2007-12-31,0.002098957420217557
2008-01-02,-0.0176969798916222
2008-01-03,-0.007371844282008155
2008-01-04,0.007252177556351956
2008-01-07,0.02451556614337074
2008-01-08,0.006386589976858157
2008-01-09,0.00031093258443146143
2008-01-10,-0.0009895793728778085
2008-01-11,-0.0028742224206024674
2008-01-14,-0.02376862605364583
2008-01-15,0.014398937419567466
2008-01-16,-0.005264027732800398
2008-01-17,-0.023007862730187456
2008-01-18,-0.0026490123511412112
2008-01-21,-0.003063516826598404
2008-01-22,-0.009553924762367341
2008-01-23,0.014359212794138904
2008-01-24,0.008019754591457994
2008-01-25,-0.01700852446041936
2008-01-28,-0.005108044634240028
2008-01-29,-0.0033370166785593757
2008-01-30,0.013447166162477403
2008-01-31,0.010330600497970552
2008-02-01,0.0066910014632008755
2008-02-12,0.018321321049655632
2008-02-13,-0.002549283545766217
2008-02-14,0.0020986273546666247
2008-02-15,0.00929189474635677
2008-02-18,-0.0001557043913868704
2008-02-19,0.006673568506842288
2008-02-20,-0.01688665574564626
2008-02-21,-0.003200726601343358
2008-02-22,0.004832601588963877
2008-02-25,-0.007903903330471177
2008-02-26,-0.007380557360936695
2008-02-27,-0.003860037365209224
2008-02-29,0.00032399802955372474
2008-03-03,-0.003612926389931835
2008-03-04,-0.003450875534393112
2008-03-05,0.01455440138243541
2008-03-06,-0.04143204730667586
2008-03-07,0.02289346344684143
2008-03-10,-0.0001742199418340619
2008-03-11,-0.009799623968571758
2008-03-12,-0.0003535144218098985
2008-03-13,-0.0023894112692331784
2008-03-14,-0.0034506222545599378
2008-03-17,0.02123836220137007
2008-03-18,0.00046276850130952656
2008-03-19,-0.013459384531451722
2008-03-20,-0.002208961354867713
2008-03-21,-0.002846048977550886
2008-03-24,-0.015531317954276758
2008-03-25,-0.005627492897536516
2008-03-26,0.0022571332153542636
2008-03-27,-0.008400463984464205
2008-03-28,0.0013515125011448366
2008-03-31,0.0055216682629640875
2008-04-01,0.0005900907214596469
2008-04-02,0.012009568536334607
2008-04-03,0.009920473962693745
2008-04-07,-0.01762971246296842
2008-04-08,-0.014663908353938555
2008-04-09,-0.0005825051492277461
2008-04-10,0.002154875432196536
2008-04-11,-0.0031421170928250365
2008-04-14,-0.01554825246330475
2008-04-15,0.011113989862377027
2008-04-16,0.005389174902311951
2008-04-17,0.0013048409386669652
2008-04-18,0.006760760040370406
2008-04-21,-0.026074304228353704
2008-04-22,-0.007326849426846223
2008-04-23,0.002558599730982487
2008-04-24,-0.007920831916112911
2008-04-25,-0.0005332996303824469
2008-04-28,-0.024924082530924447
2008-04-29,-0.01850186301684584
2008-04-30,0.015250567410888472
2008-05-02,-0.007886124631061541
2008-05-05,0.01484889473810391
2008-05-06,-0.006254275282444683
2008-05-07,0.013057594723998004
2008-05-08,-0.0017052511593745913
2008-05-09,0.0022512931438191854
2008-05-12,0.006757033395083607
2008-05-13,0.0031644301005494934
2008-05-14,-0.002988944875034775
2008-05-15,-0.016635017404156124
2008-05-16,0.0001302332042077102
2008-05-19,-0.013713831914253129
2008-05-20,-0.00027761208744452384
2008-05-21,-0.009271088102341644
2008-05-22,0.005977062364544523
2008-05-23,0.0012297818539708863
2008-05-26,0.01050035193626015
2008-05-27,0.003945626302760786
2008-05-28,-0.004799832705604926
2008-05-29,0.00834643673587094
2008-05-30,-0.00733001635471197
2008-06-02,-0.006364231734590662
2008-06-03,0.014277993453062372
2008-06-04,-0.009034180070038486
2008-06-05,-0.01301549901395707
2008-06-06,0.0037977821009673503
2008-06-09,-0.0023284796736004632
2008-06-10,-0.004221833167100949
2008-06-11,0.02471408357109694
2008-06-12,-0.002315339904851506
2008-06-13,0.001928234720001244
2008-06-16,0.00347298832279342
2008-06-17,0.0012077750146090882
2008-06-18,0.002749832977817633
2008-06-19,-0.0004854031472858039
2008-06-20,-0.011401874242366244
2008-06-23,-0.006255580231376887
2008-06-24,0.011615575838933051
2008-06-25,-0.0027358304166710014
2008-06-26,-0.002999909031083538
2008-06-27,-0.0007587180496472501
2008-06-30,0.004143463746495352
2008-07-01,0.015172867171766215
2008-07-02,0.007846665353502534
2008-07-03,0.009220156947570404
2008-07-04,0.007013326328682422
2008-07-07,-0.00047889663814899494
2008-07-08,0.004097857875015421
2008-07-09,-0.0019149726773396267
2008-07-10,-0.0006945121062913355
2008-07-11,0.011988764502983678
2008-07-14,-0.005003250716469226
2008-07-15,-0.01154725475400081
2008-07-16,-0.008637081758337446
2008-07-17,0.0009586147133826932
2008-07-18,0.014535595061399727
2008-07-21,-0.008320346244673012
2008-07-22,0.0015609383531225312
2008-07-23,-0.00010027583097826226
2008-07-24,-0.007575710431143344
2008-07-25,-0.013486504101964029
2008-07-29,0.012884800980503501
2008-07-30,0.0008763134961530797
2008-07-31,0.0022828769727980605
2008-08-01,0.00402677369325926
2008-08-04,-0.006324790646375296
2008-08-05,0.01669987216170598
2008-08-06,0.003372419655371571
2008-08-07,0.003966733788237346
2008-08-08,0.008647415525924629
2008-08-11,-0.006388633536377551
2008-08-12,0.0028003293988902345
2008-08-13,0.0033567174521021287
2008-08-14,-0.009170357139123774
2008-08-15,0.004199767939989357
2008-08-18,0.0014134922378092017
2008-08-19,0.007817184047953583
2008-08-20,-0.003944335478630214
2008-08-21,-0.0024954976521115065
2008-08-22,0.0010469582565899973
2008-08-25,0.008669360821678728
2008-08-26,-0.0030455421867592947
2008-08-27,0.0012718770776003509
2008-08-28,-0.006405754422403218
2008-08-29,0.005896291010136879
2008-09-01,0.010544632662607783
2008-09-02,0.0038247379439862728
2008-09-03,-0.0022733384273769114
2008-09-04,0.016777752768166253
2008-09-05,0.004243166240312842
2008-09-08,0.008537309161357955
2008-09-09,-0.006120416760495247
2008-09-10,-0.011044762069983758
2008-09-11,-0.0007580006596789451
2008-09-12,0.005447098433904322
2008-09-15,0.0019990593434297613
2008-09-16,0.0014386775112301686
2008-09-17,-0.0023603222368297205
2008-09-18,0.008545868730171366
2008-09-19,0.004499497834293806
2008-09-22,0.0176175962143123
2008-09-23,0.011901799534057924
2008-09-24,-0.00038230332389849186
2008-09-25,-0.0012036067995862985
2008-09-26,0.011022040009539727
2008-09-30,0.014805471592745416
2008-10-01,-0.0035851136363197547
2008-10-02,-0.001130237961448898
2008-10-03,0.005245643363504143
2008-10-06,0.012310229379007252
2008-10-07,0.00577866726136417
2008-10-08,-0.0006324818955003864
2008-10-09,-0.011785229708196588
2008-10-13,-0.0014906913494657607
2008-10-14,-0.0034030674514871143
2008-10-15,-0.007333458881886833
2008-10-16,-0.0021804329077792645
2008-10-17,-0.004532958763080026
2008-10-20,0.009174965471025143
2008-10-21,0.006598228234729863
2008-10-22,0.00977282444819568
2008-10-23,0.005634723904046832
2008-10-24,0.003520938416024147
2008-10-27,0.005340849722026572
2008-10-28,0.009533288591331616
2008-10-29,-0.0011090785358909023
2008-10-30,0.004258890007110841
2008-10-31,-0.004348175914103643
2008-11-03,0.012742829165132814
2008-11-04,-0.01911716353130717
2008-11-05,0.00222859573519041
2008-11-06,-0.01780821428470718
2008-11-07,0.014534631732059971
2008-11-10,-0.016484085049520036
2008-11-11,0.028758525735450447
2008-11-12,-0.0012776460375607413
2008-11-13,0.018153422346943122
2008-11-14,0.01674932149057412
2008-11-17,0.029853905290732445
2008-11-18,0.020916152120238396
2008-11-19,-0.003952848406217558
2008-11-20,-0.01043436169226707
2008-11-21,-0.003044519493824673
2008-11-24,-0.0023297960528776045
2008-11-25,-0.005177585944480455
2008-11-26,0.00327179417347353
2008-11-27,-0.0020363116834457053
2008-11-28,-0.0006644685856396614
2008-12-01,-0.00606580818527307
2008-12-02,-0.002166968872182831
2008-12-03,0.013206555926116657
2008-12-04,-0.01812204356047487
2008-12-05,-0.002168862681891661
2008-12-08,-0.01407097601749796
2008-12-09,0.0017597058949944335
2008-12-10,-0.003294213035362436
2008-12-11,0.008937669293820463
2008-12-12,0.009247960929082845
2008-12-15,0.013731145638025249
2008-12-16,0.015502070540449872
2008-12-17,-0.005486126637039606
2008-12-18,0.029027429506553015
2008-12-19,-0.030070060819154
2008-12-22,0.01045825120732697
2008-12-23,0.009583719082978573
2008-12-24,-0.0028331609162658058
2008-12-25,0.0013580947107228684
2008-12-26,0.000927738200406291
2008-12-29,-0.013162612337124882
2008-12-30,-0.000604680207201988
2008-12-31,-0.013531635572631241
2009-01-05,-0.013498659562801486
2009-01-06,-0.004766277146072253
2009-01-07,0.0027484350344211556
2009-01-08,0.0026508935001855333
2009-01-09,0.0085256426564236
2009-01-10,0.0015048451323073676
2009-01-12,0.00628156730540845
2009-01-13,-0.0008526421549698397
2009-01-14,0.0033180132872772804
2009-01-15,0.01741648624651415
2009-01-16,-0.00019552389382852461
2009-01-17,0.004503172288584815
2009-01-19,0.004567191031183915
2009-01-20,0.0005779282250849872
2009-01-21,-0.0035225947808381684
2009-02-02,0.005589700696471533
2009-02-03,0.0026596623845687173
2009-02-04,-0.0033178939890384424
2009-02-05,-0.0012373236653716434
2009-02-06,-0.007183945337547376
2009-02-09,0.0013932477043207439
2009-02-10,-0.007634588444898708
2009-02-11,0.003996570155450224
2009-02-12,0.00010649222566594396
2009-02-13,-0.0022626711333753515
2009-02-16,0.010752790144935466
2009-02-17,-0.007101442015007181
2009-02-18,-0.005379164433921809
2009-02-19,-0.0011750499808436672
2009-02-20,0.005388137154614982
2009-02-23,-0.011741579918004506
2009-02-24,0.0034030338717853997
2009-02-25,0.0004025786879677711
2009-02-26,0.011476296621496039
2009-02-27,0.01084614748944188
2009-03-02,0.00900763996350255
2009-03-03,0.006053965660420218
2009-03-04,-0.00452786855878887
2009-03-05,-0.0010656225584654497
2009-03-06,0.014395705652099492
2009-03-09,0.01935818249196962
2009-03-10,-0.000732213452907797
2009-03-11,-0.016467782732657393
2009-03-12,-0.016517978342364605
2009-03-13,-0.009401624353033985
2009-03-16,-0.007353253654115724
2009-03-17,-0.0041044999307336405
2009-03-18,0.01795902440031785
2009-03-19,-0.003136740062008994
2009-03-20,0.007956362586652093
2009-03-23,-0.01974407827343949
2009-03-24,0.0008514471538905565
2009-03-25,-0.003519687213968361
2009-03-26,0.004289494142205561
2009-03-27,0.02076851413151787
2009-03-30,0.026239172076477697
2009-03-31,-0.01750240983645282
2009-04-01,0.005385985935034719
2009-04-02,0.02459341155896152
2009-04-03,0.004420891226914166
2009-04-06,0.0021003120630345446
2009-04-07,0.006689554806697272
2009-04-08,0.011721061088942279
2009-04-09,-0.008154766912823398
2009-04-10,-0.010382901293854916
2009-04-13,0.010875097847053733
2009-04-14,0.01318643804540398
2009-04-15,0.0075075038113071434
2009-04-16,-0.006277198727661014
2009-04-17,-0.010287904838346601
2009-04-20,0.01745751701137327
2009-04-21,-0.014588425495785338
2009-04-22,0.008846377630577652
2009-04-23,-0.0035177741848869057
2009-04-24,0.0010668198017596154
2009-04-27,0.01577278338608268
2009-04-28,0.003787565345221164
2009-04-29,0.0015656365421756122
2009-04-30,0.010961159769623953
2009-05-04,0.010739421991183953
2009-05-05,-0.013086503597901183
2009-05-06,-0.011239730267975914
2009-05-07,0.011604744187077902
2009-05-08,0.01376507654614938
2009-05-11,-0.016399429041262265
2009-05-12,0.0012559226326082779
2009-05-13,-0.00018733570869709781
2009-05-14,-0.0013563158266820582
2009-05-15,-0.00047651419387709226
2009-05-18,0.0033292928686946017
2009-05-19,0.017673395366790398
2009-05-20,-0.006830887901473285
2009-05-21,-0.017070264107604552
2009-05-22,0.0019692326978724486
2009-05-25,-0.0015184019729509515
2009-05-26,-0.0007719193278077196
2009-05-27,-0.011497742029542974
2009-06-01,-0.018944606791375287
2009-06-02,-0.0031433050755906525
2009-06-03,-0.000993496347009593
2009-06-04,0.004475042093153379
2009-06-05,-0.001003027490792225
2009-06-06,-0.0024966996338299623
2009-06-08,0.012729485698037585
2009-06-09,0.007105530476234176
2009-06-10,-0.015205326355288049
2009-06-11,0.006250885505050111
2009-06-12,0.01033645656919483
2009-06-15,-0.007495200298224078
2009-06-16,-0.005110211226847746
2009-06-17,0.007680606716693602
2009-06-18,-0.005245043460532351
2009-06-19,0.005496011403893166
2009-06-22,-0.024107159076561874
2009-06-23,0.003527839224264642
2009-06-24,-0.008247538494030975
2009-06-25,0.010986500456651956
2009-06-26,-0.007036934375240396
2009-06-29,-0.0021590780104770793
2009-06-30,0.00018191654912483166
2009-07-01,0.0006799918081925281
2009-07-02,0.005520214920702074
2009-07-03,-0.010319385660204225
2009-07-06,0.011958958029991012
2009-07-07,0.0032277522872469844
2009-07-08,0.006014542630158245
2009-07-09,0.016000165970178223
2009-07-10,-0.001782290757591694
2009-07-13,-0.0183354917845671
2009-07-14,-0.0011353197801921289
2009-07-15,-0.0025318635812906012
2009-07-16,0.00019429512213292414
2009-07-17,-0.01210986130707991
2009-07-20,-0.0007014400629790866
2009-07-21,-0.010094899755245778
2009-07-22,0.01559755336023175
2009-07-23,0.009729458584901603
2009-07-24,-0.010053541297663206
2009-07-27,-0.001998359342622857
2009-07-28,-0.006024119241447025
2009-07-29,-0.001557167073481097
2009-07-30,-0.005495596062045056
2009-07-31,0.006723131996061504
2009-08-03,-0.009217928366378992
2009-08-04,0.028536907979512655
2009-08-05,0.008176698853099774
2009-08-06,-0.010931175588210228
2009-08-10,0.020704883017206764
2009-08-11,0.012200783223110825
2009-08-12,-0.007263093799574006
2009-08-13,-0.005752346682764356
2009-08-14,-0.005322547326360248
2009-08-17,0.011357917118669073
2009-08-18,-0.0019935572070577737
2009-08-19,-0.0028918968867123664
2009-08-20,-0.003336555690312916
2009-08-21,0.00031597584351837475
2009-08-24,0.019006851202719485
2009-08-25,0.004280315191341907
2009-08-26,0.014174116884133166
2009-08-27,-0.014043771369275837
2009-08-28,0.005345279883393675
2009-08-31,-0.0019554734288262394
2009-09-01,-0.0003298460707328657
2009-09-02,-0.0005819260145285292
2009-09-03,-0.0007191204464403623
2009-09-04,0.002148442005994112
2009-09-07,0.0008980335877518293
2009-09-08,-0.007837229967742249
2009-09-09,0.005176232938268014
2009-09-10,0.006624359879359764
2009-09-11,0.0003723255277827903
2009-09-14,-0.004617463726280334
2009-09-15,0.0008590046377373439
2009-09-16,0.0049561685208742035
2009-09-17,0.0008372939928634345
2009-09-18,-0.010425404611973943
2009-09-21,0.0038615432997687518
2009-09-22,0.0043434894235584
2009-09-23,0.0036246652408297546
2009-09-24,0.0042643514558947946
2009-09-25,0.003447275778996335
2009-09-28,0.0017360719101925208
2009-09-29,0.014975480825273679
2009-09-30,-0.0013121414492355613
2009-10-01,-0.0012481484745524183
2009-10-02,-0.003266010004496973
2009-10-05,-0.0006747786838433405
2009-10-06,0.004725887393814919
2009-10-07,-0.004308550038932576
2009-10-08,0.001507679854133854
2009-10-09,-0.016888409568691788
2009-10-12,-0.010194584022003454
2009-10-13,-0.00010358492849492449
2009-10-14,0.009242120734505067
2009-10-15,-0.008445651603266002
2009-10-16,0.013836577676427014
2009-10-19,-0.002954970543797621
2009-10-20,0.004342411655022743
2009-10-21,-0.00716997963000113
2009-10-22,-0.0033580519932277716
2009-10-23,-0.0020787755232958074
2009-10-26,0.016379258879967423
2009-10-27,-0.004078915864462233
2009-10-28,0.0023173618216488535
2009-10-29,-0.0002503044544063804
2009-10-30,-0.01031554044297062
2009-11-02,0.0004964569460788766
2009-11-03,0.00039868747355779454
2009-11-04,0.0006716234805334773
2009-11-05,-0.004795873361935653
2009-11-06,-0.001239888177458621
2009-11-09,0.011602777416932414
2009-11-10,-0.018749862574705203
2009-11-11,0.0025364800446640128
2009-11-12,-0.00844036067672408
2009-11-13,0.0011261636129361115
2009-11-16,-0.0011288268769402733
2009-11-17,0.003221335930876812
2009-11-18,-0.0050520572791159166
2009-11-19,0.009786830052502637
2009-11-20,0.0027623246046302842
2009-11-23,0.011586841358506888
2009-11-24,-0.0009910939708818334
2009-11-25,-0.005864457348432841
2009-11-26,0.004371023742399212
2009-11-27,0.015988035137005818
2009-11-30,0.015294988542265506
2009-12-01,-0.005623638408584736
2009-12-02,-0.0073249348763784194
2009-12-03,0.020111512555198382
2009-12-04,0.013890315254435657
2009-12-07,0.012427120940371756
2009-12-08,-0.00468357424876625
2009-12-09,-0.008857449219872839
2009-12-10,-0.006370989254241493
2009-12-11,-0.006772947292647911
2009-12-14,0.00844787755319262
2009-12-15,-0.013444205703787142
2009-12-16,0.00980756310993722
2009-12-17,-0.007023509894574548
2009-12-18,0.007297978940245285
2009-12-21,-0.007826059203809823
2009-12-22,0.004217150419173775
2009-12-23,0.021810572276985744
2009-12-24,-0.005890433245803638
2009-12-25,0.003390491395189825
2009-12-28,-0.002882941972180667
2009-12-29,0.00910576113554155
2009-12-30,-0.004026797661140941
2009-12-31,-0.0054981649933454725
2010-01-04,-0.0013173071924814043
2010-01-05,0.005123991459165618
2010-01-06,0.012815547446906564
2010-01-07,0.008524167065667483
2010-01-08,0.006551916682555031
2010-01-11,-0.006502729438458193
2010-01-12,0.0005463583452076299
2010-01-13,0.008594297071942305
2010-01-14,0.01860435663984616
2010-01-15,0.003448935753262968
2010-01-18,-0.0019071808144706824
2010-01-19,0.009230552935091122
2010-01-20,0.008951847362181522
2010-01-21,0.007006396004925593
2010-01-22,0.004722955456762644
2010-01-25,0.009148741752018692
2010-01-26,0.005235120435427849
2010-01-27,0.01538050047082324
2010-01-28,0.006675298437637395
2010-01-29,-0.005301161870248249
2010-02-01,0.016653284921054213
2010-02-02,0.0005911043991853222
2010-02-03,-0.01570944704876702
2010-02-04,-0.0044498779982000474
2010-02-05,0.005456490819434029
2010-02-06,0.01400807194664307
2010-02-08,-0.0024625887246367342
2010-02-09,0.006477481147927185
2010-02-10,0.0039388650931023485
2010-02-22,-0.009720635936961562
2010-02-23,0.008845917732060633
2010-02-24,0.0006811189349856771
2010-02-25,-0.007078183999944237
2010-02-26,0.005146322852952477
2010-03-01,0.0077144794952777335
2010-03-02,-0.0035423915642150755
2010-03-03,-0.00873427584684117
2010-03-04,0.0036351822954652753
2010-03-05,0.0008080607984140772
2010-03-08,0.003563006559752148
2010-03-09,0.002539845197952062
2010-03-10,-0.0019790569236566424
2010-03-11,0.009966623816262865
2010-03-12,0.00346226894993045
2010-03-15,-7.836270722012123e-05
2010-03-16,-0.005289024399159305
2010-03-17,0.0017489943500232884
2010-03-18,-0.005912638332235803
2010-03-19,-0.0035496917096863928
2010-03-22,0.002980433643100166
2010-03-23,0.0029417676056975655
2010-03-24,-0.0027823123352024495
2010-03-25,0.0047323024371273385
2010-03-26,0.0036685819452598393
2010-03-29,0.00034930713606253633
2010-03-30,0.001443547422004978
2010-03-31,-0.01583936866558475
2010-04-01,-0.01160880508889257
2010-04-02,0.012511303478266494
2010-04-06,0.003608931951583542
2010-04-07,0.007964896595310814
2010-04-08,0.0023092943707641476
2010-04-09,0.001581765078369858
2010-04-12,-0.002357295429215934
2010-04-13,-0.0015442000985168404
2010-04-14,0.004361020246810326
2010-04-15,-0.00034173852273218855
2010-04-16,0.0008884529654801089
2010-04-19,0.009288752485448415
2010-04-20,-0.00027577884802598793
2010-04-21,0.004007143839361481
2010-04-22,-0.0042027587331735245
2010-04-23,0.013194826375973662
2010-04-26,-0.0024633535663979252
2010-04-27,-0.006448222534177046
2010-04-28,0.01077111069408677
2010-04-29,-0.0024706507080596695
2010-04-30,-0.008314472484828611
2010-05-03,0.00601073714277317
2010-05-04,0.009900339352350377
2010-05-05,-0.0052534177469228185
2010-05-06,0.001132742912562358
2010-05-07,-0.013343931716201095
2010-05-10,0.010767634482129609
2010-05-11,-0.003676841873632009
2010-05-12,0.0032160155431317666
2010-05-13,-0.0015187857468893402
2010-05-14,0.011319144283854866
2010-05-17,-0.006655931692911961
2010-05-18,0.010006262066305106
2010-05-19,0.005038565564702228
2010-05-20,0.009612161043724608
2010-05-21,0.004521314168086717
2010-05-24,0.014257108350900728
2010-05-25,0.0032353158308265975
2010-05-26,-0.0003934389168101446
2010-05-27,-0.0018302300332982378
2010-05-28,0.0003764371713180937
2010-05-31,-0.003131105468485409
2010-06-01,0.00045315380608909
2010-06-02,0.0006986692152798138
2010-06-03,-0.00021065122950963966
2010-06-04,0.012471686529637996
2010-06-07,0.0021013821351663423
2010-06-08,-2.9326854600822058e-05
2010-06-09,0.006155403703325027
2010-06-10,0.009751666171102609
2010-06-11,-0.0002514540506415846
2010-06-14,-0.006640158889130977
2010-06-15,-0.0014285364863758964
2010-06-17,0.0016053767289860707
2010-06-18,-0.007588456862268789
2010-06-21,-0.005761108405588373
2010-06-22,-0.0072442301578150336
2010-06-23,-0.001484755056151542
2010-06-24,-0.002140072472610414
2010-06-25,-0.02640899105935872
2010-06-28,0.0026343153910152735
2010-06-29,-0.004991998212642734
2010-06-30,0.006355145332087596
2010-07-01,-0.0049865028282654435
2010-07-02,-0.0011969183654872637
2010-07-05,-0.003752296816858143
2010-07-06,-0.000631863742875504
2010-07-07,-0.0055775587395321445
2010-07-08,-0.011646542549076825
2010-07-09,-0.007335547066802218
2010-07-12,-0.000668742453093907
2010-07-13,-0.00852823233730228
2010-07-14,0.0008522543583263341
2010-07-15,-0.005234928386145327
2010-07-16,0.009945533257296054
2010-07-19,0.013404564011972346
2010-07-20,0.008583799484841935
2010-07-21,-0.0027759034194941357
2010-07-22,0.006333808391874508
2010-07-23,-0.0049336186347247015
2010-07-26,0.013107635200897602
2010-07-27,-0.01514352239098533
2010-07-28,-0.004261070535396892
2010-07-29,0.0028904617790012285
2010-07-30,0.01055245536879243
2010-08-02,9.775375704707857e-06
2010-08-03,-0.0008436586007298892
2010-08-04,-0.0016193644279648162
2010-08-05,0.0033968474967868804
2010-08-06,0.0014113593684577696
2010-08-09,-0.002019271528456678
2010-08-10,0.0021438659461071926
2010-08-11,0.0019641592301795968
2010-08-12,0.0031547499799534067
2010-08-13,-0.004180593810171071
2010-08-16,0.0073832714280067605
2010-08-17,-0.024704293105292777
2010-08-18,0.012068035051278618
2010-08-19,-0.012188245077499918
2010-08-20,-0.006361232565784736
2010-08-23,0.000224082271435248
2010-08-24,0.008371881606694793
2010-08-25,0.009849585087248099
2010-08-26,-0.011393401875984994
2010-08-27,0.007223588287549694
2010-08-30,0.012947194026877131
2010-08-31,0.004628393646410892
2010-09-01,-0.0016417809812969766
2010-09-02,-0.012175660455671597
2010-09-03,-0.0044754767015587615
2010-09-06,-0.004052662737854675
2010-09-07,0.0028914398779324862
2010-09-08,0.002588943988832912
2010-09-09,-0.005462498798619354
2010-09-10,0.005636237418857264
2010-09-13,0.010168417300104987
2010-09-14,0.0009082374244321883
2010-09-15,-0.0004416280555113725
2010-09-16,0.002668404907825221
2010-09-17,-0.0015576725944562498
2010-09-20,-0.004882305385744388
2010-09-21,0.001870772896656719
2010-09-23,-0.0020776481575805698
2010-09-24,0.0019441848936144219
2010-09-27,0.005478871849169143
2010-09-28,-0.0056431220815481836
2010-09-29,-0.0018959391184155232
2010-09-30,0.011889890279699965
2010-10-01,0.004668314854328925
2010-10-04,-0.00933484719102674
2010-10-05,-0.004927595073946677
2010-10-06,0.014900682758215595
2010-10-07,0.0037273837768987163
2010-10-08,0.005274477696561563
2010-10-11,0.004608965187599271
2010-10-12,0.0013809760514766345
2010-10-13,0.0031480732543191833
2010-10-14,0.010631933322435436
2010-10-15,0.014459187012142506
2010-10-18,0.005552145410056702
2010-10-19,-0.0025760520747715064
2010-10-20,0.0038075850878256773
2010-10-21,-0.015085263167711749
2010-10-22,-0.007800724035855577
2010-10-25,-0.0019091442150904552
2010-10-26,-4.936823760395186e-05
2010-10-27,-0.011124637492329276
2010-10-28,-0.01424723190538325
2010-10-29,-0.001355332753462963
2010-11-01,-0.00580954234550945
2010-11-02,0.006335190722559699
2010-11-03,0.01853471948643983
2010-11-04,0.0055897353161217505
2010-11-05,-0.0007132058011731085
2010-11-08,0.0045770751840007035
2010-11-09,-0.0064363994079606815
2010-11-10,-0.007659550763463449
2010-11-11,0.006404895947764191
2010-11-12,0.006571144302281914
2010-11-15,0.008268204767243645
2010-11-16,-0.0015785430931102044
2010-11-17,-0.010107005025949498
2010-11-18,0.004812620772889844
2010-11-19,0.004265007957333067
2010-11-22,0.005637977216953041
2010-11-23,-0.004729618390473281
2010-11-24,0.012012180826074
2010-11-25,-0.0014488345480804428
2010-11-26,0.008116702566434344
2010-11-29,0.003398991708743866
2010-11-30,-0.007679262861179106
2010-12-01,-0.004215074454785708
2010-12-02,-0.00010204316656570677
2010-12-03,-0.004691271899532749
2010-12-06,-0.007012557409153458
2010-12-07,0.0012597745087458562
2010-12-08,0.0037402318720474964
2010-12-09,0.003913704254501103
2010-12-10,0.0019428010260182367
2010-12-13,-0.00452508511895313
2010-12-14,-0.0022150904894696127
2010-12-15,0.009260590708820281
2010-12-16,0.012192874788035647
2010-12-17,-0.006013165969863291
2010-12-20,-0.004115057490184279
2010-12-21,-0.004697569273926489
2010-12-22,0.010002228326310914
2010-12-23,0.0017167452661918906
2010-12-24,0.0005818575696385367
2010-12-27,-0.0010478581419837655
2010-12-28,0.005429558901531843
2010-12-29,0.001976318811335585
2010-12-30,-0.006084535995718578
2010-12-31,-0.0025944379762576127
2011-01-03,0.003954877619204532
2011-01-04,-0.0002648256342145114
2011-01-05,0.007074204154530937
2011-01-06,-0.011258977927012942
2011-01-07,0.004896136385873726
2011-01-10,0.008419244708704884
2011-01-11,0.001203499868492549
2011-01-12,0.0026801812269109126
2011-01-13,0.0135056843760211
2011-01-14,-0.0056752919767283135
2011-01-17,-0.001007605472995549
2011-01-18,0.0070926519110516536
2011-01-19,-0.009315913338746188
2011-01-20,-0.002019736497111003
2011-01-21,-0.0003251079479841641
2011-01-24,-0.005175697377453532
2011-01-25,0.0026568476933729237
2011-01-26,0.00042992467809158065
2011-01-27,-0.005828459605329875
2011-01-28,0.002417953197387211
2011-02-08,0.0008266336028677373
2011-02-09,-0.0050918319630165075
2011-02-10,-0.006906643265118683
2011-02-11,0.007076727134975357
2011-02-14,0.014836327201648193
2011-02-15,0.002244228216406347
2011-02-16,-0.0028273793011420996
2011-02-17,-0.007315471669067668
2011-02-18,-1.0718372530599957e-05
2011-02-21,-0.011416110527596541
2011-02-22,0.001994362930136717
2011-02-23,-0.004274222731149829
2011-02-24,0.0002615273671329127
2011-02-25,0.011092045285881823
2011-03-01,0.010843756340936915
2011-03-02,0.0024847709459126684
2011-03-03,-0.0008040180474280303
2011-03-04,0.00405526307079369
2011-03-07,-0.0010248383212023747
2011-03-08,0.011749796582958445
2011-03-09,-0.011123250682890794
2011-03-10,-0.0023315142521709055
2011-03-11,0.0002038005323474752
2011-03-14,-0.004404398981269653
2011-03-15,0.0008357349146541557
2011-03-16,0.014456819430248818
2011-03-17,0.015197379378521367
2011-03-18,-0.0009472198086314491
2011-03-21,-0.0007781696597565554
2011-03-22,0.0013882480105148233
2011-03-23,0.009127436906247881
2011-03-24,-0.0012683403048064116
2011-03-25,-0.0035666768058410024
2011-03-28,0.0017253813342542465
2011-03-29,0.004497818105337806
2011-03-30,0.0027530313378581724
2011-03-31,-0.0022085522568505277
2011-04-01,-0.008456434154063917
2011-04-06,0.0028015548119312873
2011-04-07,0.002642498233820628
2011-04-08,-0.001336426873965923
2011-04-11,0.01412042466549885
2011-04-12,-0.002123397272277833
2011-04-13,-0.004743664916369059
2011-04-14,0.007256965473541145
2011-04-15,0.006095691363517054
2011-04-18,-0.0007889444629666099
2011-04-19,0.007192207988101648
2011-04-20,0.004290949058657253
2011-04-21,0.002193427299890619
2011-04-22,-0.002306756263626553
2011-04-25,0.0005166854379005546
2011-04-26,-0.007833144710376366
2011-04-27,-1.4248869302973914e-05
2011-04-28,-0.006831531453729006
2011-04-29,0.0038320648996398587
2011-05-03,-0.0008528583341973189
2011-05-04,-0.011364288424095018
2011-05-05,1.6587186580851662e-06
2011-05-06,0.0019266220298398804
2011-05-09,0.006604921992884323
2011-05-10,0.0012940576007500356
2011-05-11,0.01803885389971841
2011-05-12,0.010170938308595381
2011-05-13,0.009019983684960362
2011-05-16,0.004169520540736993
2011-05-17,0.004349132488907676
2011-05-18,-0.001961125245560414
2011-05-19,0.0017061470130191646
2011-05-20,0.002248198229752675
2011-05-23,-0.0016991668304750188
2011-05-24,-0.012100194987361475
2011-05-25,0.0027797718899334805
2011-05-26,-0.003324792996741684
2011-05-27,0.00839364419538723
2011-05-30,0.006047739723750491
2011-05-31,0.008393873561943292
2011-06-01,-0.00028820156087330275
2011-06-02,0.0014584535333034298
2011-06-03,0.004769905699761978
2011-06-07,0.0006545800238618726
2011-06-08,0.005418172804172821
2011-06-09,-0.003372672127281506
2011-06-10,-0.011548943055562035
2011-06-13,0.006973961445417435
2011-06-14,-0.002221750416826233
2011-06-15,0.004322184647517975
2011-06-16,0.0037511033362228677
2011-06-17,0.009871367061403949
2011-06-20,-0.00869667251297947
2011-06-21,-0.0018680075088421942
2011-06-22,0.013666311286598998
2011-06-23,-0.007088188492813237
2011-06-24,-0.00018508646359792881
2011-06-27,0.0018217873121721706
2011-06-28,-0.00025491514190094865
2011-06-29,-0.007112457309454068
2011-06-30,-0.006244045604818566
2011-07-01,0.0056018080066495436
2011-07-04,0.020062759109991238
2011-07-05,0.000993200085971111
2011-07-06,-0.0074941050947480575
2011-07-07,0.012458046693496096
2011-07-08,-0.0073366789760333775
2011-07-11,0.0016072165287413466
2011-07-12,0.0018630973984458642
2011-07-13,0.005999612252236834
2011-07-14,0.020614854055738912
2011-07-15,-0.007796305939523476
2011-07-18,-0.02524090718209445
2011-07-19,-0.003156940721173648
2011-07-20,0.005746426876257619
2011-07-21,0.0032114627541226662
2011-07-22,-0.01410655924331612
2011-07-25,0.007566868760352037
2011-07-26,-0.008761899743649375
2011-07-27,0.017395935131160778
2011-07-28,-0.004013223242371407
2011-07-29,0.007862473129842748
2011-08-01,-0.009477940854270036
2011-08-02,-0.0008135661047799741
2011-08-03,0.002543176687503066
2011-08-04,-0.0036844476747355734
2011-08-05,-0.0010158503286694584
2011-08-08,0.007975480148906679
2011-08-09,0.015969838127722312
2011-08-10,0.00833847641753491
2011-08-11,-0.011799460231405427
2011-08-12,-0.013079387574120253
2011-08-15,0.005355723187922927
2011-08-16,-0.004699116679263987
2011-08-17,0.00474561910607197
2011-08-18,-0.006479377257013757
2011-08-19,0.007979333958968916
2011-08-22,0.025268511029732994
2011-08-23,-0.0036803079839101624
2011-08-24,0.006255256289065993
2011-08-25,-0.0022420357933653923
2011-08-26,0.00578898368266971
2011-08-29,0.0023798116995872344
2011-08-30,0.015413054104369845
2011-08-31,0.007111554128220077
2011-09-01,-0.020278468074502055
2011-09-02,-0.009167639554853986
2011-09-05,-0.0004971043889976517
2011-09-06,0.003987334918936172
2011-09-07,0.0008906053732060746
2011-09-08,0.0008965506719198963
2011-09-09,-0.014222718535450853
2011-09-13,0.014702806598704946
2011-09-14,0.0013613794740708687
2011-09-15,0.007088231427909923
2011-09-16,0.0028994172488791686
2011-09-19,-0.013136600684658554
2011-09-20,-0.005421925340142597
2011-09-21,-0.004971043807234588
2011-09-22,0.011488571368209983
2011-09-23,0.011454415544143285
2011-09-26,0.004711056738514508
2011-09-27,0.012937212307580988
2011-09-28,-0.0014171823882252752
2011-09-29,-0.00753182687438087
2011-09-30,-0.0024580737614654973
2011-10-03,0.002862706837886461
2011-10-04,0.0010748116754929237
2011-10-05,0.005057397313980464
2011-10-06,-0.009956804725844317
2011-10-07,0.010752786541090749
2011-10-11,0.003249958043726825
2011-10-12,-0.0038661006055357647
2011-10-13,0.0023261262471072726
2011-10-14,0.0045579772062494545
2011-10-17,0.0035335460766701045
2011-10-18,0.000800434231809569
2011-10-19,-0.00039736885261877717
2011-10-20,0.00590992535622965
2011-10-21,0.007728663636857718
2011-10-24,-0.001961637731799911
2011-10-25,-0.004068860351922745
2011-10-26,-0.006501611606263621
2011-10-27,0.0009893373955608166
2011-10-28,0.005407691634986237
2011-10-31,0.0003699832830293655
2011-11-01,-0.008816227953247774
2011-11-02,0.008653917468392214
2011-11-03,0.00631193737431276
2011-11-04,-0.004601625416736395
2011-11-07,0.0075800369579489876
2011-11-08,-0.0006870864699960468
2011-11-09,-0.016206844910765284
2011-11-10,0.01792375073311525
2011-11-11,-0.009388443665525794
2011-11-14,-0.0012037660466783194
2011-11-15,0.013912249902264221
2011-11-16,-0.003917238364786054
2011-11-17,0.0007020159172353938
2011-11-18,0.0035414164558718562
2011-11-21,0.010457330304072296
2011-11-22,0.017057076351219735
2011-11-23,-0.007883713439123054
2011-11-24,-0.0012121291343628483
2011-11-25,-0.009247073598474596
2011-11-28,-0.00039736739634438703
2011-11-29,-0.0050470092703928295
2011-11-30,-0.00414604022740989
2011-12-01,-0.007191825903716011
2011-12-02,-0.006658941042780416
2011-12-05,0.006467275107745268
2011-12-06,0.0052191307442063135
2011-12-07,0.0028877760264601877
2011-12-08,0.0026281387442889624
2011-12-09,-0.003955202061041414
2011-12-12,0.006671478012076402
2011-12-13,-0.003959917103232851
2011-12-14,0.0001134763475546894
2011-12-15,-0.009917933024264464
2011-12-16,-0.0029735242704484162
2011-12-19,0.0044184384478625355
2011-12-20,-0.0018411732146623025
2011-12-21,0.0049135682728427554
2011-12-22,0.011617445346785868
2011-12-23,0.011702563374239524
2011-12-26,-0.00738009384932502
2011-12-27,-0.0036205762099547813
2011-12-28,0.007197295383318476
2011-12-29,0.0008142094132992579
2011-12-30,0.0005743931996419254
2012-01-02,0.0003193536514012954
2012-01-03,-0.0061034716452576295
2012-01-04,-0.0031739748585417264
2012-01-05,0.005171472348682173
2012-01-06,-0.005320180079729189
2012-01-09,0.00046146476857897994
2012-01-10,-0.005553921581366878
2012-01-11,0.006477648840564974
2012-01-12,0.00904392548820723
2012-01-13,0.004981104042318449
2012-01-16,-0.008436619689703877
2012-01-17,0.001482424555036898
2012-01-18,-0.00048376339271095394
2012-01-30,0.0015990223864806412
2012-01-31,0.015951381769018287
2012-02-01,0.00655972292428645
2012-02-02,0.008470375829437708
2012-02-03,-0.010235483006507768
2012-02-04,-0.010610319903828422
2012-02-06,-0.007022070017049445
2012-02-07,0.008614353939337172
2012-02-08,0.015744125466906705
2012-02-09,0.007910235335319007
2012-02-10,0.005265741205202715
2012-02-13,-0.012466417029862146
2012-02-14,0.001994804275323063
2012-02-15,0.007892444189407214
2012-02-16,0.0009598857857649572
2012-02-17,0.013836028219157977
2012-02-20,0.01447911204231812
2012-02-21,0.0008429977062739758
2012-02-22,0.005706409004130791
2012-02-23,-0.0013617800657302513
2012-02-24,-0.0005376833528362235
2012-02-29,-0.0024934047166992185
2012-03-01,-0.0013436618501261343
2012-03-02,0.005947758833565905
2012-03-03,-0.003161517046611886
2012-03-05,-0.007528674280284696
2012-03-06,-0.0014553417350187045
2012-03-07,0.005770192909276103
2012-03-08,0.0024825956324347077
2012-03-09,0.007979242702912727
2012-03-12,-0.0042912145216784485
2012-03-13,-0.0008615490841252767
2012-03-14,-0.0011163246361307428
2012-03-15,-0.0009811637174376143
2012-03-16,0.0007489766691907524
2012-03-19,-0.0030449246589575214
2012-03-20,0.0021632497896608392
2012-03-21,0.002883476701685467
2012-03-22,-0.000712820827972362
2012-03-23,0.003164690978193599
2012-03-26,0.001514302429054697
2012-03-27,-0.0025398246190315435
2012-03-28,-0.009799854033735803
2012-03-29,0.008123336215919215
2012-03-30,-0.0012586526376484122
2012-04-02,-0.008211505724271283
2012-04-03,0.003698839610584287
2012-04-05,0.010872849010323923
2012-04-06,-0.007294831001492235
2012-04-09,-0.003561004272217989
2012-04-10,0.0045401519741842325
2012-04-11,-3.148344592410375e-05
2012-04-12,8.852902480580623e-05
2012-04-13,0.004481129337141659
2012-04-16,-0.0017823511836820693
2012-04-17,0.01577407751792794
2012-04-18,0.00353171227778493
2012-04-19,-0.0011255872478806489
2012-04-20,-0.0008716197234398902
2012-04-23,-0.0014362231789307746
2012-04-24,-0.00038697984371431366
2012-04-25,0.0014511856740676166
2012-04-26,-0.014877402318149532
2012-04-27,0.008496690323011074
2012-04-30,0.004752845151161972
2012-05-02,0.0026019001621177644
2012-05-03,0.0076389587002932205
2012-05-04,5.974045240403868e-05
2012-05-07,-0.002182523678847888
2012-05-08,-0.008303755153663253
2012-05-09,-0.00406198541548896
2012-05-10,-0.0025748274070354848
2012-05-11,-0.01122859051888159
2012-05-14,-0.006172110991731514
2012-05-15,0.0014391823192737622
2012-05-16,-0.0018157143096153659
2012-05-17,-0.009481350153383524
2012-05-18,0.004701386752330051
2012-05-21,0.0033198071867486306
2012-05-22,-0.0050728511091029296
2012-05-23,-0.012363951377560117
2012-05-24,0.013011782455632157
2012-05-25,0.001421123601820679
2012-05-28,0.0038331187545622
2012-05-29,0.003739680933288546
2012-05-30,0.007713460671087221
2012-05-31,0.01271029664621657
2012-06-01,-0.008615561886475203
2012-06-04,0.013417019164185674
2012-06-05,0.00015618809423113833
2012-06-06,-0.0006684828558262516
2012-06-07,-0.0021247385323838273
2012-06-08,-0.001625907590841955
2012-06-11,0.0029522059311883403
2012-06-12,-0.0016584207610679286
2012-06-13,0.0003542030676886845
2012-06-14,-0.007841489235445441
2012-06-15,-0.007968262554202469
2012-06-18,0.0010313814676457707
2012-06-19,0.0004056520747709974
2012-06-20,0.0027910208171904993
2012-06-21,-7.2094724863421e-05
2012-06-22,0.00817077282746012
2012-06-25,-0.004040648095986027
2012-06-26,-0.006436326087132292
2012-06-27,-0.003458481711850497
2012-06-28,-0.005709328909220377
2012-06-29,0.0048278067683401316
2012-07-02,-0.0011130031089287978
2012-07-03,-0.000972959348098346
2012-07-04,-0.0024418300362860834
2012-07-05,-0.005781298516842126
2012-07-06,-0.00832153117179508
2012-07-09,0.013846925422898934
2012-07-10,-0.0009170253969204819
2012-07-11,-0.0011595645286121988
2012-07-12,-0.002637417903696152
2012-07-13,-0.003166986027560017
2012-07-16,0.00399992629776178
2012-07-17,-0.0053938687945864145
2012-07-18,-0.0065003039171674624
2012-07-19,-0.0003260748672352983
2012-07-20,-0.0030252319191012025
2012-07-23,0.003970550987804649
2012-07-24,-0.0028258786512186116
2012-07-25,0.0005188363841397593
2012-07-26,-0.004645823471603059
2012-07-27,-0.001972910143456074
2012-07-30,0.0002481477025467237
2012-07-31,-0.0018403651197858775
2012-08-01,0.0008690975705053783
2012-08-03,-0.007034229950597383
2012-08-06,0.002380486212994559
2012-08-07,0.0031918714461331796
2012-08-08,0.0030482871673343766
2012-08-09,0.0009837476087270966
2012-08-10,0.010454786832887749
2012-08-13,0.0076218628941989875
2012-08-14,0.0003876024708733125
2012-08-15,0.003894559293632688
2012-08-16,0.0077600264537565685
2012-08-17,-0.0017633062290145244
2012-08-20,-0.0037575272551715853
2012-08-21,-0.002569815366769539
2012-08-22,0.009756592721577688
2012-08-23,0.004943441496366526
2012-08-24,0.0011561927621928144
2012-08-27,-0.008415565940640742
2012-08-28,-0.005346471002778743
2012-08-29,-0.006533525243113436
2012-08-30,-0.0016179402035243966
2012-08-31,0.011596072810187878
2012-09-03,-0.001071287509435157
2012-09-04,0.000724881067552129
2012-09-05,-0.008803598300387743
2012-09-06,-0.0043674913036152625
2012-09-07,0.0033079221885472365
2012-09-10,0.001909421322625721
2012-09-11,0.0043900942489417775
2012-09-12,-0.006285336318224876
2012-09-13,0.0013054331546463595
2012-09-14,-0.0002452873445612097
2012-09-17,0.01154086098002113
2012-09-18,-0.0024365662200629967
2012-09-19,-0.0076556127163033795
2012-09-20,0.0008186098233294364
2012-09-21,0.0030514759265356413
2012-09-24,-0.003683452423159805
2012-09-25,0.010957122738543344
2012-09-26,0.011489984168776926
2012-09-27,0.016616225880761497
2012-09-28,0.0019187534826686113
2012-10-01,0.008418420320799435
2012-10-02,-0.008230110724365584
2012-10-03,-0.002556328569790063
2012-10-04,-0.004805285875048129
2012-10-05,0.023120665134084617
2012-10-08,0.014555056206712987
2012-10-09,0.00043287279538982947
2012-10-11,0.0039174492403132866
2012-10-12,0.005111188403217618
2012-10-15,-0.010534030912357127
2012-10-16,-0.0011822622339356945
2012-10-17,0.0034191679626833565
2012-10-18,-0.0009296619863613871
2012-10-19,-4.706777064423292e-05
2012-10-22,0.008353848863408734
2012-10-23,-0.018429954018519795
2012-10-24,-0.005171552356078503
2012-10-25,0.00950076290316616
2012-10-26,0.01007046754096428
2012-10-29,0.03425612927121155
2012-10-30,0.007167786537889843
2012-10-31,-0.00011703309570746875
2012-11-01,0.011322827732646678
2012-11-02,-0.001658554246214731
2012-11-05,-0.01788121036009789
2012-11-06,0.0060779376435079364
2012-11-07,0.003999709181849639
2012-11-08,-0.0020055192579088374
2012-11-09,0.008081913538941748
2012-11-12,-0.004810006170879908
2012-11-13,0.01581782186688483
2012-11-14,-0.004608733603380855
2012-11-15,-0.001400496312582657
2012-11-16,0.0028711984925546366
2012-11-19,0.008896757554944634
2012-11-20,0.00793112985091077
2012-11-21,-0.005518318235015392
2012-11-22,-0.007953722783255079
2012-11-23,0.0034663106617384074
2012-11-26,-0.0007471010443623905
2012-11-27,0.0012652780099866338
2012-11-28,-0.0012826552770076104
2012-11-29,-0.0010684719208480854
2012-11-30,0.0005124361128927887
2012-12-03,0.004571645633752883
2012-12-04,0.004150001093259902
2012-12-05,0.010109619177044574
2012-12-06,0.0034310109729317733
2012-12-07,0.002896003294515404
2012-12-10,0.0021019479105031996
2012-12-11,0.0020349481445788922
2012-12-12,0.0005551973270592672
2012-12-13,-0.00248899070079287
2012-12-14,0.0005524928858065812
2012-12-17,-0.005360623244638752
2012-12-18,0.01570108545381775
2012-12-19,-0.000342997178770825
2012-12-20,-0.010910956516364109
2012-12-21,0.0066405065363203605
2012-12-22,-0.00500791143189324
2012-12-24,0.004524434725677396
2012-12-25,-0.007849319963392245
2012-12-26,-0.0065988495001671555
2012-12-27,-0.0061957461364594915
2012-12-28,0.012437659124657111
2013-01-02,0.0016546333971681768
2013-01-03,-0.008129577667658924
2013-01-04,0.0009412043236921731
2013-01-07,0.008430633426948468
2013-01-08,0.007160422763111126
2013-01-09,-0.0053685336846672135
2013-01-10,0.01708281226030084
2013-01-11,-0.0038458008566776055
2013-01-14,-0.001193111239954317
2013-01-15,0.0006152894049950637
2013-01-16,0.00932650070863373
2013-01-17,0.006677944118866221
2013-01-18,-0.01505507484401739
2013-01-21,-0.012501957619727291
2013-01-22,-0.003721830519404312
2013-01-23,-0.0017376683364281847
2013-01-24,-0.0008768195696507511
2013-01-25,0.0011594811776110534
2013-01-28,-0.006862236260261764
2013-01-29,0.002093469904556715
2013-01-30,-0.0015697954732877993
2013-01-31,0.0018753287396867289
2013-02-01,-0.003419021959009317
2013-02-04,-0.00411717281587108
2013-02-05,-0.0015896630288283432
2013-02-06,-0.002458711212758216
2013-02-18,-0.005637931847051884
2013-02-19,0.0018955370952009384
2013-02-20,-0.0012369281729976214
2013-02-21,0.010740920513465382
2013-02-22,0.013756975091453192
2013-02-23,-0.003376872637319644
2013-02-25,0.00521982853691148
2013-02-26,-0.0016074912555465461
2013-02-27,0.0032927426913922815
2013-03-01,-0.006954446392510624
2013-03-04,0.0223197576389696
2013-03-05,-0.00709788299419072
2013-03-06,-0.009670187709809812
2013-03-07,-0.0004603513737808625
2013-03-08,0.002790569415685786
2013-03-11,1.3806329323188616e-05
2013-03-12,-0.008917125595254474
2013-03-13,-0.005814964677487193
2013-03-14,0.003040885703924313
2013-03-15,-0.009394660110039
2013-03-18,-0.004752625571631863
2013-03-19,-0.008801023314650023
2013-03-20,-0.0033650972920820075
2013-03-21,0.0038554112418525306
2013-03-22,-0.008755200958951482
2013-03-25,-0.001956507646715795
2013-03-26,0.0011978180668552642
2013-03-27,0.01206133180648187
2013-03-28,0.0011856082240068256
2013-03-29,0.004713856073624126
2013-04-01,0.011925515816245987
2013-04-02,-0.014218591063977385
2013-04-03,0.0013217443851449486
2013-04-08,-0.0015760049094977364
2013-04-09,-0.007957143968893871
2013-04-10,-0.005095760638758661
2013-04-11,0.0029972139643112848
2013-04-12,-0.006131792664011845
2013-04-15,0.017458247748552015
2013-04-16,-0.0024019304695488373
2013-04-17,-0.0043489192748290125
2013-04-18,0.010178486828768795
2013-04-19,0.0030833654404775097
2013-04-22,0.0004766936289875307
2013-04-23,0.007267619038954996
2013-04-24,0.004906665601606103
2013-04-25,0.007284035111369403
2013-04-26,-0.010694449530323768
2013-04-29,0.013929043113759712
2013-04-30,-0.0025850225595332598
2013-05-02,-0.0058799634505301715
2013-05-03,-0.004647514714446754
2013-05-06,0.003283434978952832
2013-05-07,-0.003969562846694292
2013-05-08,-0.0030680747636685135
2013-05-09,-0.0026523942035871478
2013-05-10,0.0025543107393361385
2013-05-13,0.009112684248269247
2013-05-14,0.003404996917143727
2013-05-15,0.0025169959716897727
2013-05-16,-0.007496470952240635
2013-05-17,-0.006279568631262241
2013-05-20,0.005895638408187018
2013-05-21,-0.008163883179425945
2013-05-22,-0.004504265167951348
2013-05-23,0.0017818624837855936
2013-05-24,-0.00507637033243185
2013-05-27,-0.005845708759449751
2013-05-28,0.0011533277116724293
2013-05-29,0.011443280092767467
2013-05-30,0.0045544749114127744
2013-05-31,-0.0014020048782974895
2013-06-03,-0.006060709589254026
2013-06-04,-0.0006691959246622275
2013-06-05,-0.0028963050196670016
2013-06-06,-0.0016612231243602659
2013-06-07,-0.005708175187052942
2013-06-10,0.01504575677971773
2013-06-11,0.019829682652461933
2013-06-13,0.00602614578886595
2013-06-14,-0.0067333137549801
2013-06-17,-0.0026298318798419294
2013-06-18,0.00034117572030931825
2013-06-19,-0.0020169025205962763
2013-06-20,0.009729996382406188
2013-06-21,-0.008763504811001632
2013-06-24,-0.005712594848056572
2013-06-25,0.004950350818952818
2013-06-26,0.003888916776389596
2013-06-27,-0.004777642807061609
2013-06-28,-0.006004368113776319
2013-07-01,-0.006364025491259567
2013-07-02,0.00018746143915050664
2013-07-03,-0.012965647791342001
2013-07-04,0.0002477180429385768
2013-07-05,0.0010582505697455764
2013-07-08,-0.01023947751387491
2013-07-09,-0.000439030386535446
2013-07-10,0.002133822732711091
2013-07-11,-0.008684734545764624
2013-07-12,-0.010021914803618403
2013-07-15,0.010023276396934334
2013-07-16,-0.008817366198147592
2013-07-17,0.003985424670438197
2013-07-18,0.004080211465797222
2013-07-19,0.0037468738466790857
2013-07-22,0.003967770314170718
2013-07-23,0.0006157685022356299
2013-07-24,0.0012636264520430379
2013-07-25,0.002359199958725156
2013-07-26,-0.0065080520838746775
2013-07-29,0.0033235697150567436
2013-07-30,0.0013867600386696512
2013-07-31,-0.008454399586701722
2013-08-01,0.0029996193000944036
2013-08-02,0.006270138393111682
2013-08-05,-0.0037358600630311026
2013-08-06,-0.014169936651575392
2013-08-07,0.008051397699990186
2013-08-08,-0.002470082391235298
2013-08-09,0.0041370338720202555
2013-08-12,0.0022461291269932236
2013-08-13,0.002521671569898411
2013-08-14,-0.009774619861586405
2013-08-15,0.009779370690784392
2013-08-16,0.009760250018789898
2013-08-19,0.016483432484201723
2013-08-20,0.0024251013134273993
2013-08-22,-0.011340840247417244
2013-08-23,0.0002920327196486369
2013-08-26,-0.0021079793245068236
2013-08-27,0.0052160611190480224
2013-08-28,0.0006135082704195709
2013-08-29,0.005783084886453212
2013-08-30,0.005990517096204764
2013-09-02,0.002861157294367563
2013-09-03,-0.004161626429966703
2013-09-04,0.0031011033962821156
2013-09-05,0.0031069776282496176
2013-09-06,-0.005886695951763587
2013-09-09,-0.01796716568669157
2013-09-10,0.010825770262354402
2013-09-11,0.015650825912151816
2013-09-12,-0.009146335340753375
2013-09-13,-3.8635677588240696e-05
2013-09-14,0.0005513447389886936
2013-09-16,-0.013564893301494348
2013-09-17,0.001595607913202424
2013-09-18,0.010674158525609424
2013-09-23,0.0075716820023183
2013-09-24,-6.481075184599366e-05
2013-09-25,0.00428255238483531
2013-09-26,-0.0033879946689854344
2013-09-27,-0.0037703645455056394
2013-09-30,0.0030783038908438146
2013-10-01,0.002209544430488224
2013-10-02,0.007135674972953582
2013-10-03,7.616002533531938e-05
2013-10-04,-0.00043501725412844723
2013-10-07,0.009886885863847856
2013-10-08,0.0005481286746065403
2013-10-09,-0.0030770865478746755
2013-10-11,-0.0008682871209068021
2013-10-14,0.018528663992774218
2013-10-15,0.002351643632840357
2013-10-16,-0.005877127674904679
2013-10-17,-0.0028856004982159775
2013-10-18,-0.005119046090438832
2013-10-21,-0.0018113838721732804
2013-10-22,-0.0049491712605761115
2013-10-23,-0.002430678430163764
2013-10-24,-0.003571608638242494
2013-10-25,0.007575410527315894
2013-10-28,0.00663181353508434
2013-10-29,0.002798372561452358
2013-10-30,-0.0067419988748438605
2013-10-31,-0.003466946064661789
2013-11-01,0.0017757054757576857
2013-11-04,0.004088311863006707
2013-11-05,-0.005150021192219653
2013-11-06,-0.0029555848835254666
2013-11-07,0.002797534089159428
2013-11-08,-0.004129389438593544
2013-11-11,-0.001020408105285352
2013-11-12,0.008402182703201243
2013-11-13,-0.0006021972295595203
2013-11-14,0.005311821966708762
2013-11-15,-0.002057426912336153
2013-11-18,0.008179289371801192
2013-11-19,0.009196229336777127
2013-11-20,-0.008465081599266957
2013-11-21,-0.008524207269988008
2013-11-22,-0.0023459993493348394
2013-11-25,-0.0025568361178698942
2013-11-26,-0.008656820127251698
2013-11-27,0.002631167310001796
2013-11-28,0.00973747786810622
2013-11-29,0.0022161311021070434
2013-12-02,-0.004637798677363493
2013-12-03,0.008616986896342277
2013-12-04,0.0014492535922283145
2013-12-05,0.0017200537486040672
2013-12-06,-0.003260864469691976
2013-12-09,0.0011204073650980914
2013-12-10,-0.0022627769867320353
2013-12-11,-0.0014913133150992438
2013-12-12,0.007887467649810359
2013-12-13,-0.0041166288975016336
2013-12-16,0.001482612775115349
2013-12-17,0.003485501817697495
2013-12-18,-0.008978839844460835
2013-12-19,-0.0013069021070436261
2013-12-20,-0.0008928712394466105
2013-12-23,0.004365552453935013
2013-12-24,0.009622460692271104
2013-12-25,0.012197604069520586
2013-12-26,0.001259126583071359
2013-12-27,-0.00042361792812835395
2013-12-30,-0.0019450437009159004
2013-12-31,-0.000968339688258196
2014-01-02,0.011841701479975535
2014-01-03,0.008817864903452538
2014-01-06,0.011298812884032065
2014-01-07,-0.0013815728180908825
2014-01-08,0.009810383547777312
2014-01-09,0.012480583888162138
2014-01-10,0.005717862493929571
2014-01-13,0.003297662795960739
2014-01-14,-0.0065371092162358905
2014-01-15,0.004008727887353268
2014-01-16,0.009942568479984447
2014-01-17,-0.002582879692197641
2014-01-20,-0.0013161447103290495
2014-01-21,-0.0011118573892658322
2014-01-22,0.004994558386450611
2014-01-23,0.0008245104680774775
2014-01-24,-0.012812844273279826
2014-01-27,0.001681370975526085
2014-02-05,0.013434152259974748
2014-02-06,0.006316921268256875
2014-02-07,-0.002316011136765944
2014-02-10,-0.0031056556862406022
2014-02-11,0.012028127773337388
2014-02-12,-0.009764668661125336
2014-02-13,-0.002365540366990592
2014-02-14,-0.0017127947645795016
2014-02-17,0.005190982283235354
2014-02-18,-0.011705414128513723
2014-02-19,-0.010865519077750354
2014-02-20,0.008829646680163512
2014-02-21,0.006033122890882496
2014-02-24,0.0071238580769409365
2014-02-25,0.008311144981649471
2014-02-26,0.007235619828208155
2014-02-27,0.0021102917065497434
2014-03-03,-0.003625467699740567
2014-03-04,-0.005278727429225726
2014-03-05,-0.0023631132106518623
2014-03-06,0.0014701367911402047
2014-03-07,-0.00522758942573048
2014-03-10,-0.005928566533877792
2014-03-11,-0.005168073694927148
2014-03-12,-0.005432410037903379
2014-03-13,9.657535416610226e-05
2014-03-14,0.0026389878671034686
2014-03-17,0.0007644660213857405
2014-03-18,-0.003088256149325981
2014-03-19,-0.0019931283393668977
2014-03-20,0.006996471563220405
2014-03-21,0.021616238328140507
2014-03-24,0.004439657411979979
2014-03-25,0.00012838848182475902
2014-03-26,-0.003212092851811092
2014-03-27,-0.0039059557045349317
2014-03-28,-0.015072568904369912
2014-03-31,0.0018147596112291324
2014-04-01,-0.0006952715372227944
2014-04-02,-0.0012355353654769953
2014-04-03,0.005205806474694033
2014-04-07,-0.005543335997791857
2014-04-08,-0.00183738025886647
2014-04-09,0.0007208612020292381
2014-04-10,-0.013454034265478473
2014-04-11,-0.0027211833863740355
2014-04-14,0.021520730511177165
2014-04-15,-0.012203535693389425
2014-04-16,-0.009598416029728612
2014-04-17,0.002330165444927679
2014-04-18,-0.005521867948499133
2014-04-21,0.0002362740453461503
2014-04-22,-0.007965024167287385
2014-04-23,-0.01134911377169999
2014-04-24,0.006854400270359348
2014-04-25,0.005999474834479265
2014-04-28,0.0023183322750898686
2014-04-29,-0.00869882282053769
2014-04-30,-0.0048442394565778885
2014-05-02,0.00800850742537828
2014-05-05,0.012222282591863514
2014-05-06,0.005916343422786371
2014-05-07,0.005261556616128547
2014-05-08,-0.0031734395804496962
2014-05-09,0.00232716316319007
2014-05-12,0.0017971490201102308
2014-05-13,0.0005157874171423261
2014-05-14,0.0003243791166602796
2014-05-15,0.0046436481099878905
2014-05-16,0.003712750756290675
2014-05-19,-0.013529061616145074
2014-05-20,0.003736547722808738
2014-05-21,-0.0024390578655877357
2014-05-22,-0.002599822106611983
2014-05-23,-0.0043188517400644605
2014-05-26,0.001806159459036413
2014-05-27,-0.004692095537133128
2014-05-28,0.001324232579883209
2014-05-29,0.001809964368361838
2014-05-30,-0.0043265370631200405
2014-06-03,-0.002651487401121073
2014-06-04,0.00015074538490355551
2014-06-05,0.003836341137098174
2014-06-06,0.009742598141585401
2014-06-09,0.0005859287981917552
2014-06-10,0.0016374560784645864
2014-06-11,0.0026467867391916393
2014-06-12,0.003786776647432577
2014-06-13,0.000886691720795323
2014-06-16,0.005064903121501797
2014-06-17,0.010529261260982385
2014-06-18,-0.00504330242431562
2014-06-19,-0.003269603105779285
2014-06-20,-0.00256169521920315
2014-06-23,0.01098924474174637
2014-06-24,-0.004781929548961712
2014-06-25,-0.004267167372271225
2014-06-26,0.003578062969260877
2014-06-27,-0.0007233447026587965
2014-06-30,0.009510276479432847
2014-07-01,-0.0001738054247711234
2014-07-02,0.0017743535195622728
2014-07-03,-0.008893061711276143
2014-07-04,-0.00890349807921219
2014-07-07,0.01677006213103241
2014-07-08,0.00021284862812735966
2014-07-09,0.005857665964217963
2014-07-10,0.008441808141690363
2014-07-11,-0.003071461080674378
2014-07-14,-0.015998942502039412
2014-07-15,0.005005240926672295
2014-07-16,-0.004318819440650123
2014-07-17,-0.014184950214060337
2014-07-18,0.009329534306348093
2014-07-21,0.008608753034865775
2014-07-22,-0.005795841349793211
2014-07-24,-0.005947757701783765
2014-07-25,-0.012020255221539145
2014-07-28,0.025989858814573132
2014-07-29,0.005378280506966582
2014-07-30,-0.005006295202536719
2014-07-31,0.007428028977528037
2014-08-01,0.001205877511276954
2014-08-04,0.009670097220591726
2014-08-05,-0.004925737471592993
2014-08-06,0.01115503839253672
2014-08-07,0.015474511187132002
2014-08-08,-0.01118090067583324
2014-08-11,0.00476781085275218
2014-08-12,-0.0015734023824635398
2014-08-13,-0.007154928638152912
2014-08-14,0.007280646277998652
2014-08-15,0.019771434625069844
2014-08-18,0.02639258281381562
2014-08-19,-0.013886352705754036
2014-08-20,-0.003533494848650112
2014-08-21,-0.003779497782228323
2014-08-22,0.0062035079011667806
2014-08-25,0.0010077510045536022
2014-08-26,0.0010135101960352345
2014-08-27,-0.009848683920424654
2014-08-28,-0.0008771419396641402
2014-08-29,0.0002763489964256803
2014-09-01,-0.007924426084270046
2014-09-02,0.0013298901115406866
2014-09-03,0.0011831839640740096
2014-09-04,-0.002388985628311349
2014-09-05,-0.008198593275510802
2014-09-09,0.004225864317060184
2014-09-10,-9.035127739561452e-06
2014-09-11,-0.004101240468656099
2014-09-12,0.015187901107201925
2014-09-15,0.006055115279639068
2014-09-16,0.0022574518893659396
2014-09-17,0.002858994760944092
2014-09-18,-0.004572999206857879
2014-09-19,-0.01249932883291283
2014-09-22,-0.006913455059226318
2014-09-23,-0.0015119743109633112
2014-09-24,0.0002299537500426691
2014-09-25,-0.009593303443031144
2014-09-26,-0.001885880726800588
2014-09-29,-0.0014687017645800683
2014-09-30,-0.0039821611291703425
2014-10-01,-0.0046389493295896055
2014-10-02,-0.00011041631957402708
2014-10-03,0.009382571125572252
2014-10-06,0.016423450451017646
2014-10-07,-0.005216152659365128
2014-10-08,0.003095945072753346
2014-10-09,0.004123803430075313
2014-10-13,0.018881672485873444
2014-10-14,-0.00946114184786146
2014-10-15,0.01014504349410961
2014-10-16,0.009920891844677943
2014-10-17,0.010746241991493665
2014-10-20,0.0009459313918782249
2014-10-21,-0.011298249879068172
2014-10-22,0.0026699516177876225
2014-10-23,0.0021923675856327287
2014-10-24,0.002093512482493058
2014-10-27,-8.714160684304001e-05
2014-10-28,-0.0013581292110576761
2014-10-29,0.010654125069095313
2014-10-30,-0.004618177914920101
2014-10-31,-0.007076721731910634
2014-11-03,-0.003108371608725722
2014-11-04,0.00783664958887299
2014-11-05,-0.00030484403608104784
2014-11-06,0.003476827357306412
2014-11-07,-0.00364921384801729
2014-11-10,-0.0027143380109962345
2014-11-11,-0.006262929666353237
2014-11-12,0.0037806734462296123
2014-11-13,0.0004897997350231688
2014-11-14,0.003526002483946259
2014-11-17,0.007619653426510413
2014-11-18,-0.0002651601465634146
2014-11-19,-0.0009042889876841138
2014-11-20,-0.0009514162233475974
2014-11-21,-0.002323734572060114
2014-11-24,-0.0094078863391773
2014-11-25,0.00616240315577391
2014-11-26,0.0027776516919270503
2014-11-27,0.0013476774627178582
2014-11-28,0.0007779956678826674
2014-12-01,0.00614112388914496
2014-12-02,-0.002291169412182895
2014-12-03,0.0027575792131364803
2014-12-04,0.008178225621566892
2014-12-05,-0.002179566828306251
2014-12-08,-0.00680983873549691
2014-12-09,-0.00013926951424529654
2014-12-10,-0.005902689816764265
2014-12-11,-0.007036144018457663
2014-12-12,0.00024027532508063242
2014-12-15,-0.005026032416657448
2014-12-16,-0.007977566436629772
2014-12-17,-0.0033720973851483556
2014-12-18,-0.0008196657153431393
2014-12-19,-0.0013707521176856063
2014-12-22,-0.013480476768638129
2014-12-23,0.002077997271417835
2014-12-24,0.013236939488913258
2014-12-25,-0.008365169625839573
2014-12-26,-0.0024614222081783105
2014-12-27,-0.01383085375291632
2014-12-29,-0.0025419173069660024
2014-12-30,0.005415108137159282
2014-12-31,0.003358575724411882
2015-01-05,-0.012659678513114487
2015-01-06,-0.010514386007199415
2015-01-07,0.001173340842402451
2015-01-08,-0.0004904010661956823
2015-01-09,0.007001454124280423
2015-01-12,0.0021859862799335234
2015-01-13,-0.005976136430016684
2015-01-14,0.005203601145193082
2015-01-15,0.006246598989985622
2015-01-16,-0.00815931341206619
2015-01-19,-0.010911880849300205
2015-01-20,-0.0011020767911733651
2015-01-21,0.001139748953651296
2015-01-22,-0.0030656531060978855
2015-01-23,0.0020167114928738364
2015-01-26,-0.003069981506642522
2015-01-27,-0.0016133474366572518
2015-01-28,-0.008574271519947763
2015-01-29,0.0030230081302893854
2015-01-30,0.002691455076653325
2015-02-02,0.008392153390501658
2015-02-03,-0.0003001390012066672
2015-02-04,0.001459761540825632
2015-02-05,0.004475898606588067
2015-02-06,-0.0003803066380162331
2015-02-09,0.004884017851096111
2015-02-10,0.00042091382292914776
2015-02-11,0.0023871073856104
2015-02-12,0.0008259451900385346
2015-02-13,-0.003704724052567187
2015-02-24,-0.0001660263873769544
2015-02-25,-0.0005405328844209605
2015-02-26,-0.003738709778061091
2015-03-02,0.007297657661815796
2015-03-03,-0.007050782701154598
2015-03-04,0.0059686630594576705
2015-03-05,-0.0063833917098559696
2015-03-06,-0.004388086171217778
2015-03-09,-0.0008258909229599744
2015-03-10,-0.0003926463210327698
2015-03-11,-0.0027642819353600216
2015-03-12,0.0043421239157055
2015-03-13,0.008191857520134118
2015-03-16,0.011310838509007791
2015-03-17,0.00561126700890085
2015-03-18,-0.005341171956529548
2015-03-19,-0.005125649907277623
2015-03-20,-0.0051952320673746685
2015-03-23,-0.006222055964733652
2015-03-24,0.0007335244754084402
2015-03-25,-0.0032797668446226114
2015-03-26,0.001487125137111695
2015-03-27,-0.005942678595992564
2015-03-30,-0.0014679874792822983
2015-03-31,0.0024377308871430434
2015-04-01,0.002919613000341631
2015-04-02,-0.0030746983327245695
2015-04-07,-0.0007624815975131125
2015-04-08,0.007140369030673957
2015-04-09,-0.0023144988374128443
2015-04-10,0.000987149468726437
2015-04-13,0.00030824368657691396
2015-04-14,-0.0029128882765692863
2015-04-15,-0.0002585083826707902
2015-04-16,-0.0033808779561582186
2015-04-17,-0.0012964361374060707
2015-04-20,0.004810808677459151
2015-04-21,0.011010344738855812
2015-04-22,-0.0012273510908101777
2015-04-23,0.0019073617496724428
2015-04-24,0.011789054526463897
2015-04-27,-0.0001689343224520164
2015-04-28,-0.005436165543145348
2015-04-29,-0.0025079956682084077
2015-04-30,-0.000188756250747425
2015-05-04,-0.0018474849525189742
2015-05-05,-0.004895509065753409
2015-05-06,-0.0005846091716325565
2015-05-07,0.002676795448273645
2015-05-08,-0.004125093295908982
2015-05-11,0.016752989860036156
2015-05-12,0.01766319285973278
2015-05-13,0.00801287231624222
2015-05-14,-0.004976750226179174
2015-05-15,-0.007959956074139839
2015-05-18,-0.00045430920378145175
2015-05-19,-0.004092967012250666
2015-05-20,-0.00804306150839846
2015-05-21,-0.001915565309962048
2015-05-22,0.0028568586246561565
2015-05-25,0.0035748616165842528
2015-05-26,-0.0017775392985585775
2015-05-27,-0.005893685238209111
2015-05-28,-0.007673155896362291
2015-05-29,-0.008572275675830701
2015-06-01,-0.007716292541337744
2015-06-02,-0.004260620260881519
2015-06-03,-0.0024747262267164147
2015-06-04,-0.0011728493322605595
2015-06-05,-0.0015452333889878754
2015-06-08,-0.011345091304149896
2015-06-09,0.022560848776123243
2015-06-10,-0.01923337933798035
2015-06-11,0.005789965323393712
2015-06-12,0.0067920520765711034
2015-06-15,-0.004951756588762617
2015-06-16,-0.009277785057478352
2015-06-17,0.009450042926711167
2015-06-18,-0.006520218983049421
2015-06-22,0.02387684272880878
2015-06-23,-0.007072432056601536
2015-06-24,0.00873883754812131
2015-06-25,0.014400418248849094
2015-06-26,-0.0002844307988454923
2015-06-29,0.00117423010783008
2015-06-30,0.005717973380030675
2015-07-01,-0.012791296619799533
2015-07-02,-0.002451685347268345
2015-07-03,0.0028150666496023985
2015-07-06,-0.0004832127128010979
2015-07-07,-0.009828255302431886
2015-07-08,0.013019234768551283
2015-07-09,0.0009672899716543547
2015-07-13,-0.00847895113347168
2015-07-14,0.0006491216775044672
2015-07-15,-0.004197163377056146
2015-07-16,-0.00640334020679208
2015-07-17,0.010669509691137249
2015-07-20,0.0004727064832061086
2015-07-21,0.007033095079589302
2015-07-22,-0.0001392365825672627
2015-07-23,-0.00802779878256268
2015-07-24,-0.0012782234868614264
2015-07-27,0.008766096670981861
2015-07-28,-0.0065320674809498285
2015-07-29,-0.0006886315802562886
2015-07-30,-0.0054708990711312445
2015-07-31,0.004787477338808094
2015-08-03,-0.0005703496819602152
2015-08-04,-0.011800697942462284
2015-08-05,-0.011604957709142917
2015-08-06,-0.010841381606137807
2015-08-07,-0.0026586792708231215
2015-08-10,0.008330399665000317
2015-08-11,-0.00120758981958326
2015-08-12,0.01771223352457336
2015-08-13,-0.011331103103743863
2015-08-14,0.004535462599381966
2015-08-17,-0.011819535954379871
2015-08-18,0.0006950738214615681
2015-08-19,-0.008535255187642189
2015-08-20,-0.002132862125730503
2015-08-21,-0.0068802168684996765
2015-08-24,0.030549401595297884
2015-08-25,0.011423602403762813
2015-08-26,-0.004352329940374707
2015-08-27,0.0029112210783755303
2015-08-28,0.005431548040645377
2015-08-31,-0.0038094637717757396
2015-09-01,-0.005162876678864501
2015-09-02,-0.0032945495167629076
2015-09-03,0.001360297406518888
2015-09-04,0.003140777129792433
2015-09-07,0.0015272455298975304
2015-09-08,-0.002011390944534481
2015-09-09,-0.00021591145800730488
2015-09-10,0.0013315411626627568
2015-09-11,0.005214922736689316
2015-09-14,-0.0011070159950256307
2015-09-15,-0.003271179243418801
2015-09-16,-0.016190861080145655
2015-09-17,0.00024304643324065366
2015-09-18,0.0076630537696726325
2015-09-21,0.005127665952033364
2015-09-22,-0.004536801723233007
2015-09-23,-0.005481112586531337
2015-09-24,-0.00964738358786946
2015-09-25,-0.004855001329482028
2015-09-30,-0.009805391214022283
2015-10-01,0.0019825185750984124
2015-10-02,0.0019297018441994658
2015-10-05,0.007517488676599701
2015-10-06,0.0029426581095082422
2015-10-07,-0.011696123647221092
2015-10-08,0.01084958179311538
2015-10-12,-0.008741132698621014
2015-10-13,-0.005539542992980051
2015-10-14,-0.002969208624679177
2015-10-15,0.0006448436727155456
2015-10-16,0.0074527576405316424
2015-10-19,0.0032816295869675504
2015-10-20,0.0011773662246476694
2015-10-21,-0.004831158497494642
2015-10-22,-0.0028245547440178473
2015-10-23,-0.0030794340625381698
2015-10-26,-0.005499340238926927
2015-10-27,0.0011319355184837235
2015-10-28,-0.011230233998058331
2015-10-29,0.024169846094697193
2015-10-30,-0.03323736219779978
2015-11-02,0.010381117383207766
2015-11-03,-0.005292041447143835
2015-11-04,0.0009091399836781153
2015-11-05,-0.00213087881546053
2015-11-06,0.005061666037881312
2015-11-09,0.017375967729081582
2015-11-10,-0.011708373165854597
2015-11-11,-0.008194722828787325
2015-11-12,0.0052127151400277036
2015-11-13,0.0034496300068392032
2015-11-16,-0.004457834321470571
2015-11-17,0.0021337199540902383
2015-11-18,-0.03214958423151897
2015-11-19,-0.012567433346252972
2015-11-20,0.008486675123193186
2015-11-23,-0.01419440918296138
2015-11-24,0.0033407879808411145
2015-11-25,-8.3451177252814e-05
2015-11-26,0.00972550152029401
2015-11-27,-0.0005243371633096355
2015-11-30,0.004314959038433368
2015-12-01,0.008678111838863684
2015-12-02,-0.00029292457783719125
2015-12-03,0.0057780746932803604
2015-12-04,-0.001267514222677115
2015-12-07,0.01640567632446417
2015-12-08,0.0008050995657298467
2015-12-09,-0.0037497285653613835
2015-12-10,-0.008743346615583951
2015-12-11,-0.015382666978243234
2015-12-14,0.0028256573363565594
2015-12-15,0.0051603959190858785
2015-12-16,-0.012298623665999169
2015-12-17,0.0020398662858858232
2015-12-18,0.0016863809855702265
2015-12-21,0.009446619029371519
2015-12-22,-0.0003331478699108285
2015-12-23,-0.010487879562252517
2015-12-24,0.007933664448663133
2015-12-25,-0.005956643942551441
2015-12-28,0.010606807337855158
2015-12-29,-0.012150365944202553
2015-12-30,-0.018197263632754892
2015-12-31,-0.018067912020751333
2016-01-04,0.007086244568934984
2016-01-05,0.02145389326723354
2016-01-06,0.006314404704466084
2016-01-07,0.013792063194756614
2016-01-08,-0.006243510480754927
2016-01-11,-0.03083394168072743
2016-01-12,0.025960115517039438
2016-01-13,-0.024916185948242825
2016-01-14,-0.0011966583653725462
2016-01-15,0.010238571605348735
2016-01-18,0.009776568175966761
2016-01-19,-0.001217177617987824
2016-01-20,-0.0022283782471531448
2016-01-21,0.0022844291820769587
2016-01-22,0.004295895025783231
2016-01-25,0.007166799065675213
2016-01-26,0.0014220989511229453
2016-01-27,0.002158324918580438
2016-01-28,0.0013361667218401122
2016-01-29,0.0036134138638273536
2016-01-30,0.009818794236516692
2016-02-01,-0.003677621175842668
2016-02-02,-0.0009199783942490646
2016-02-03,-0.00550062800167533
2016-02-15,-0.007353412464297476
2016-02-16,-0.00019064732487058741
2016-02-17,-0.003098082073627344
2016-02-18,0.00898415150858259
2016-02-19,-0.001858045657784386
2016-02-22,0.02010059065047547
2016-02-23,-0.0011771989936500199
2016-02-24,-0.0013223071464199994
2016-02-25,-0.003902446711120861
2016-02-26,-0.011243962798122557
2016-03-01,-0.009916939867723774
2016-03-02,-0.009048380780888212
2016-03-03,0.015619338457066752
2016-03-04,0.009198576717848513
2016-03-07,-0.009135456426974185
2016-03-08,0.01131227308768951
2016-03-09,-0.0026943171706142813
2016-03-10,-0.004688227620001638
2016-03-11,0.0050894537682730605
2016-03-14,0.0024612166175035036
2016-03-15,0.005591280250039861
2016-03-16,0.0035153320277496623
2016-03-17,0.016084827372649515
2016-03-18,-0.006404324510800971
2016-03-21,-0.005063285660797519
2016-03-22,-0.006310423057422349
2016-03-23,-0.005156370281988057
2016-03-24,-0.0001678167117560858
2016-03-25,-0.0013097115728213553
2016-03-28,0.0045668176501569265
2016-03-29,0.0061453866588338825
2016-03-30,-0.004039413413543058
2016-03-31,0.015379022120196368
2016-04-01,-0.011356141113904834
2016-04-06,-0.0016249986384606853
2016-04-07,-0.0034268082954673294
2016-04-08,0.015320827309410107
2016-04-11,-0.00819509846127251
2016-04-12,0.004218836653813011
2016-04-13,-0.010771558636726047
2016-04-14,-0.004012941662409784
2016-04-15,-0.0015396017653009908
2016-04-18,-0.00789552066936284
2016-04-19,-0.0022570647144039046
2016-04-20,-0.002642406559155923
2016-04-21,0.009335061633705448
2016-04-22,0.0075582115082968495
2016-04-25,0.007291339838628139
2016-04-26,-0.003489663542869683
2016-04-27,-0.002604652150790426
2016-04-28,-0.0026830712044578105
2016-04-29,-0.0021405805686255455
2016-05-03,-0.0142350411699105
2016-05-04,0.007235232039635218
2016-05-05,0.007346638270295852
2016-05-06,-0.0036148254976463632
2016-05-09,0.00394620999464017
2016-05-10,-0.00397633820020023
2016-05-11,0.016827932477952855
2016-05-12,0.005766757339782862
2016-05-13,0.0016024290700100466
2016-05-16,0.007041603650209111
2016-05-17,0.00602930919357174
2016-05-18,0.005220424572848108
2016-05-19,0.00034378775548397564
2016-05-20,0.0022753203496397416
2016-05-23,-0.0013348098265234254
2016-05-24,-0.001158869630265508
2016-05-25,-0.009944267687541947
2016-05-26,-0.014110917109125841
2016-05-27,0.0019697811407103707
2016-05-30,0.0037110591003429744
2016-05-31,-0.006534115743427342
2016-06-01,-0.010684799414276698
2016-06-02,0.01098902361401025
2016-06-03,0.0005385596863897455
2016-06-04,-0.008788904132871436
2016-06-06,0.002246709372964017
2016-06-07,0.0012743131336523036
2016-06-08,-0.006790474058403822
2016-06-13,-0.0022876445395002753
2016-06-14,0.006457545431366719
2016-06-15,-0.00014166720916382498
2016-06-16,-0.010602222946517748
2016-06-17,-0.0016100419344843727
2016-06-20,-0.009659337655579425
2016-06-21,0.005371451053440372
2016-06-22,-0.009480192075950748
2016-06-23,0.0004331245279975655
2016-06-24,0.0057735727900601885
2016-06-27,-0.010276459329295991
2016-06-28,0.0005554475623002872
2016-06-29,-0.0008497592046255269
2016-06-30,0.0026148785946430424
2016-07-01,-0.000526186879507614
2016-07-04,0.0017247510267724498
2016-07-05,-0.0019770191924451995
2016-07-06,0.005586156772088199
2016-07-07,0.003240384264396947
2016-07-11,0.009579156715648457
2016-07-12,0.003975977833771141
2016-07-13,0.005758045784102568
2016-07-14,0.01222344947693679
2016-07-15,0.009101475395819042
2016-07-18,0.0018746560686939834
2016-07-19,-0.00739591726533704
2016-07-20,0.00712074056568504
2016-07-21,-0.017269422505985843
2016-07-22,0.012931788558164351
2016-07-25,-0.010543367594657765
2016-07-26,-0.007272875451949313
2016-07-27,0.0033394883141896576
2016-07-28,0.000908425472137075
2016-07-29,-0.0006246764681716346
2016-08-01,0.004989147909629447
2016-08-02,-0.0008730851790779174
2016-08-03,-0.002490791105152115
2016-08-04,0.015324625599220106
2016-08-05,0.0006574021783819859
2016-08-08,-0.007513663804036876
2016-08-09,0.014342311972589191
2016-08-10,0.006768534670357855
2016-08-11,-0.0019814399139488226
2016-08-12,-0.0015752863988178845
2016-08-15,0.016367688582603172
2016-08-16,0.009320024175402859
2016-08-17,-0.007556268656106825
2016-08-18,-0.004906141669461265
2016-08-19,-0.012191518400446312
2016-08-22,0.011857808527580966
2016-08-23,-0.01933304475797313
2016-08-24,-0.010317713491242053
2016-08-25,0.00354285581420242
2016-08-26,0.0021542803083756685
2016-08-29,2.6301792107345052e-05
2016-08-30,0.0022704387742584547
2016-08-31,0.0027758920145479226
2016-09-01,-0.0036939537322102766
2016-09-02,-0.006148628253959431
2016-09-05,-0.0001974505708061767
2016-09-06,-0.0018150695289846346
2016-09-07,0.002243874845593712
2016-09-08,0.0022218217815344926
2016-09-09,-0.0047194131957673975
2016-09-10,-0.0037307461281929893
2016-09-12,-0.005123752920866347
2016-09-13,-0.003859575359926457
2016-09-14,-0.0032808073826635785
2016-09-19,0.0024659230607278508
2016-09-20,0.001408473925439752
2016-09-21,-0.006797691860694155
2016-09-22,0.0021637794037847524
2016-09-23,-0.002824569358512048
2016-09-26,0.006814869614693107
2016-09-29,-0.0016745278993961247
2016-09-30,0.004698656549051104
2016-10-03,0.004509856875670746
2016-10-04,0.0023545745433136223
2016-10-05,-0.0017689371565127333
2016-10-06,-0.016912617289778994
2016-10-07,-0.012149545071435949
2016-10-11,-0.0011577975157260525
2016-10-12,0.0014239331018344196
2016-10-13,0.0018249454796167436
2016-10-14,-0.00401518552194908
2016-10-17,-0.002213512960467059
2016-10-18,-0.0031024700772979714
2016-10-19,-0.006431038484658544
2016-10-20,0.00709102776277208
2016-10-21,0.012900976658975924
2016-10-24,-0.0048112342383910605
2016-10-25,-0.0023226412510643116
2016-10-26,-0.0028501402236711824
2016-10-27,-0.002672254130759773
2016-10-28,-0.00872082893300479
2016-10-31,-0.0015841628193236086
2016-11-01,0.008674693351327156
2016-11-02,-0.015708107780513986
2016-11-03,0.020979649699646385
2016-11-04,0.006129468620319967
2016-11-07,0.0030872245506192164
2016-11-08,0.00179473909383269
2016-11-09,-0.0053825657583436715
2016-11-10,-0.0017985465361211907
2016-11-11,0.004591217670509241
2016-11-14,0.01122937859421987
2016-11-15,-0.010961284061845893
2016-11-16,0.006847672720817438
2016-11-17,2.5842486494320402e-05
2016-11-18,-0.00333341290738492
2016-11-21,0.0035406258160500777
2016-11-22,-0.007811422419945076
2016-11-23,-0.006076187448797983
2016-11-24,2.0627995641729602e-05
2016-11-25,0.0026772543973054247
2016-11-28,-0.011920675689871839
2016-11-29,-0.011795289102592631
2016-11-30,-0.0025542711919171977
2016-12-01,0.005001048354259262
2016-12-02,0.005809026100610628
2016-12-05,-0.0054438868226650535
2016-12-06,0.0042683095832922995
2016-12-07,0.0004036301278108889
2016-12-08,0.011718639715498913
2016-12-09,-0.013030657344129332
2016-12-12,-0.007115496866543537
2016-12-13,-0.011985477286507477
2016-12-14,0.005225929193078942
2016-12-15,-0.003824960287882733
2016-12-16,-0.0005275347454935448
2016-12-19,0.0008308385484170179
2016-12-20,0.0015347982486788865
2016-12-21,-0.0035384943133673183
2016-12-22,0.004654896239997958
2016-12-23,0.005206920695405214
2016-12-26,0.0023820500885882293
2016-12-27,-0.0013387058053800811
2016-12-28,-0.0023585765173949674
2016-12-29,-0.002317933258576695
2016-12-30,0.003604218061361725
2017-01-03,0.00044320391567243293
2017-01-04,-0.0016550644515555145
2017-01-05,0.017401445353555665
2017-01-06,0.014438822588729564
2017-01-09,0.0007995489010793081
2017-01-10,0.005144608693461901
2017-01-11,0.00013303849625385695
2017-01-12,0.0032267336026556735
2017-01-13,0.0060059162568803
2017-01-16,0.0075145866815745435
2017-01-17,0.009048046210279163
2017-01-18,-0.0027562293178702802
2017-01-19,0.0034500204461378795
2017-01-20,-0.01340545537756033
2017-01-23,0.008723006412420358
2017-01-24,0.00010480177173427833
2017-02-02,0.002466570299799404
2017-02-03,0.004597672925135727
2017-02-06,-0.007056644062751383
2017-02-07,-0.0005077460857137669
2017-02-08,6.940309114891307e-05
2017-02-09,-0.0046417352136523815
2017-02-10,0.010792609366987947
2017-02-13,-0.00567131508058286
2017-02-14,0.004408011133905025
2017-02-15,-0.007297953349811213
2017-02-16,0.00432177690112688
2017-02-17,-0.011969714342811487
2017-02-18,0.018125286063431143
2017-02-20,0.008610541592640642
2017-02-21,0.014535298712391485
2017-02-22,0.004945661406328039
2017-02-23,-0.004091535155560079
2017-02-24,-0.004536377318776069
2017-03-01,0.011582296146215313
2017-03-02,0.002655583387680075
2017-03-03,0.01260440763990649
2017-03-06,0.0006238565085682876
2017-03-07,-0.0008583817933208258
2017-03-08,-0.020243052959758215
2017-03-09,0.011049083577740444
2017-03-10,0.0025529781790566922
2017-03-13,0.006906083327729784
2017-03-14,0.000348291717696322
2017-03-15,0.003020469810164775
2017-03-16,0.0017695680491507204
2017-03-17,-0.004120395584112488
2017-03-20,-0.00879068896811348
2017-03-21,0.013796438460543715
2017-03-22,-0.0007020449998398303
2017-03-23,-0.0028322868734734106
2017-03-24,-0.01248925734161
2017-03-27,-0.01019739331006819
2017-03-28,-0.003607040836259968
2017-03-29,0.0009013442307446422
2017-03-30,0.006783276521883091
2017-03-31,-0.004108676015183391
2017-04-05,0.00034014513431618494
2017-04-06,-0.00037828866584818546
2017-04-07,-0.001000870742741441
2017-04-10,-0.013851515490010433
2017-04-11,-0.002266914194789603
2017-04-12,0.004211068770625495
2017-04-13,-0.008047814904391347
2017-04-14,0.0005532697376806339
2017-04-17,0.003489261767266179
2017-04-18,-0.007493868100962026
2017-04-19,0.00046961986462343633
2017-04-20,-0.00016515388361386938
2017-04-21,-0.004494169731728291
2017-04-24,0.009993755641426679
2017-04-25,-0.008936936639539872
2017-04-26,0.000134538973529286
2017-04-27,-0.00908410852269664
2017-04-28,-0.009021290967065724
2017-05-02,-0.00033241580198419603
2017-05-03,0.0006900089304174898
2017-05-04,-0.003839724593969928
2017-05-05,0.0026156067480751456
2017-05-08,-0.004247259033369005
2017-05-09,-0.0022450639987493595
2017-05-10,0.000926097173146137
2017-05-11,-0.006733250490054046
2017-05-12,-0.008018742029854389
2017-05-15,-0.006019548207387638
2017-05-16,-0.003427811388356848
2017-05-17,0.0019182123692398217
2017-05-18,0.0062229090789709465
2017-05-19,-0.0014248353197269742
2017-05-22,0.00972683060062821
2017-05-23,0.0025384433121151155
2017-05-24,0.0016701432099395968
2017-05-25,-0.0005341310169541848
2017-05-26,0.0019641315905259728
2017-05-31,0.0026098833061702145
2017-06-01,0.0014363004069732738
2017-06-02,-0.0022110740725018218
2017-06-03,0.00687749040138824
2017-06-05,0.015772455341698004
2017-06-06,0.0033978569467400096
2017-06-07,-0.0011999575566697483
2017-06-08,-0.0006297544314922959
2017-06-09,0.0035816013515367145
2017-06-12,-0.005886531203389953
2017-06-13,0.00022031465505608586
2017-06-14,0.00733228452161799
2017-06-15,0.006105456157983731
2017-06-16,0.004110188949462244
2017-06-19,-0.009558799735373897
2017-06-20,-0.000641173242524393
2017-06-21,-0.0024998787047469666
2017-06-22,0.007897923831878269
2017-06-23,0.011451525086616569
2017-06-26,-0.0065465457651998965
2017-06-27,0.0027345941973265014
2017-06-28,0.004233970681642549
2017-06-29,0.006777999776031643
2017-06-30,-0.008043877663817693
2017-07-03,0.010058120608575818
2017-07-04,0.0036296553335223303
2017-07-05,-0.0007122607842809652
2017-07-06,0.0031067839003669777
2017-07-07,-0.0032980767239921467
2017-07-10,0.0014282254951447377
2017-07-11,0.004057172307867791
2017-07-12,-0.016088255628227157
2017-07-13,-0.008259159151739397
2017-07-14,0.008870054643851145
2017-07-17,-0.005205295213500839
2017-07-18,-0.0038728010658085534
2017-07-19,0.004613217888769431
2017-07-20,0.005667836319424548
2017-07-21,0.007874929928325662
2017-07-24,-0.002411504714945915
2017-07-25,-0.005025153361286557
2017-07-26,6.921265490483558e-05
2017-07-27,0.0004153026057779289
2017-07-28,0.008552508037727176
2017-07-31,0.0021536023679036907
2017-08-01,0.01029597155810719
2017-08-02,0.0038912747860246413
2017-08-03,-0.0023720675758328123
2017-08-04,-0.01449323339439245
2017-08-07,-0.004111676218342576
2017-08-08,0.0003781444481304404
2017-08-09,-0.012886866683174953
2017-08-10,0.013106703438516507
2017-08-11,-0.006025591989159019
2017-08-14,0.009151632491119376
2017-08-15,-0.00467001994738897
2017-08-16,-0.0010857884730936709
2017-08-17,0.004530659902213725
2017-08-18,-0.006408648085071094
2017-08-21,0.0005389034046120286
2017-08-22,0.003973729097131472
2017-08-23,-0.012936398214012913
2017-08-24,0.0037871175345204648
2017-08-25,-0.0001117326522144333
2017-08-28,0.0010964785739666968
2017-08-29,0.003246285993129548
2017-08-30,-0.0051661981908531045
2017-08-31,-0.017737692516365394
2017-09-01,-0.005754481789999925
2017-09-04,0.001162803881528689
2017-09-05,-0.015974067156740896
2017-09-06,-0.003426996739043955
2017-09-07,-0.0024316233781868086
2017-09-08,-0.010943465991610012
2017-09-11,0.0027332025133008442
2017-09-12,0.01206447113291442
2017-09-13,0.00847990104852605
2017-09-14,-0.006212496547497023
2017-09-15,0.0038988961161437507
2017-09-18,-0.0014495658284118364
2017-09-19,-0.0010657969599410337
2017-09-20,0.0032709699669125915
2017-09-21,-0.004814217721300816
2017-09-22,-0.005712273632838583
2017-09-25,-0.0028526731969051268
2017-09-26,0.0027914251782160445
2017-09-27,-0.005105257671463146
2017-09-28,0.001037022432075705
2017-09-29,0.005520564529376437
2017-09-30,-0.0006166133086368299
2017-10-02,0.004261685198969642
2017-10-03,0.004419752792772664
2017-10-05,-0.002245144241534734
2017-10-06,-0.001419219087550895
2017-10-11,0.0006638928122881237
2017-10-12,0.0019196493747664649
2017-10-13,0.00019803023423570947
2017-10-16,-0.003829613458189312
2017-10-17,1.417611771290829e-05
2017-10-18,-0.0006110120443552013
2017-10-19,0.0007500101245741769
2017-10-20,-0.006116994335653091
2017-10-23,0.008231980142265111
2017-10-24,-0.01714789296120196
2017-10-25,0.0029786940017139246
2017-10-26,0.00040497602761329667
2017-10-27,0.005315603201949036
2017-10-30,0.00010236599864980487
2017-10-31,0.011625268893865582
2017-11-01,0.007161842262406445
2017-11-02,-0.0019028483612847707
2017-11-03,-0.0012406203444884553
2017-11-06,-0.001579974172582122
2017-11-07,-0.010456501333612282
2017-11-08,-0.004766418877260684
2017-11-09,-0.005653486988214071
2017-11-10,0.0007471063182192578
2017-11-13,0.0023687145619259897
2017-11-14,0.003368271289498006
2017-11-15,0.011160170427447236
2017-11-16,0.01089072373491224
2017-11-17,-0.010811008184828028
2017-11-20,0.0020749844822452092
2017-11-21,-0.018606974796317212
2017-11-22,0.0017537604158388898
2017-11-23,0.0010165350922296769
2017-11-24,0.0028179350683354178
2017-11-27,0.013761373115442378
2017-11-28,0.00327276539454003
2017-11-29,0.0005218583416009891
2017-11-30,-0.012592325398931795
2017-12-01,-0.002329324919353139
2017-12-04,0.011661462536931452
2017-12-05,0.001115015055329825
2017-12-06,0.001887095263820907
2017-12-07,-0.005091571482874155
2017-12-08,-0.0076489252399486365
2017-12-11,0.013045954440405818
2017-12-12,-0.009617144895999769
2017-12-13,-0.0038426970206280843
2017-12-14,-0.002964078264982075
2017-12-15,-0.0024410708537901046
2017-12-18,-0.006002024822069598
2017-12-19,-0.008097217842649492
2017-12-20,-0.00011847774736714828
2017-12-21,-0.0018333854780340246
2017-12-22,0.0006865574313140556
2017-12-25,0.0044464657200370735
2017-12-26,0.0006257522137607715
2017-12-27,0.013008364157913475
2017-12-28,0.005941586191683105
2017-12-29,0.006679490682213199
2018-01-02,-0.00041017229421699787
2018-01-03,0.0018551961338663897
2018-01-04,-0.0007647795872275931
2018-01-05,0.005659080325005216
2018-01-08,-0.017661482530345413
2018-01-09,-0.0005640875123152965
2018-01-10,-0.001549347774551284
2018-01-11,0.009992453740618303
2018-01-12,-0.0042150354294298725
2018-01-15,-0.0038700092914821073
2018-01-16,-0.0062642966485223885
2018-01-17,-0.011282300770511603
2018-01-18,-0.007183185961436406
2018-01-19,0.0038404785630632536
2018-01-22,-0.0029048991254781494
2018-01-23,0.0020390191033565087
2018-01-24,-0.0019651331006782973
2018-01-25,0.005420494789571832
2018-01-26,-0.0038065454628476696
2018-01-29,-0.007047508631465231
2018-01-30,0.004858514616882056
2018-01-31,-0.005216359389440337
2018-02-01,-0.0013902535626921864
2018-02-02,-0.006382217539430771
2018-02-05,0.0028901595263440896
2018-02-06,0.00873208189885736
2018-02-07,-0.005698294952533184
2018-02-08,-0.001543924240253589
2018-02-09,-0.002779898141849629
2018-02-12,-0.003696982329795582
2018-02-21,0.0016967395940913378
2018-02-22,-0.0036844551889785243
2018-02-23,0.0011387735574201578
2018-02-26,0.02010122007136464
2018-02-27,-0.005045192052751991
2018-03-01,-0.0018937814970902186
2018-03-02,-0.002178051395498754
2018-03-05,0.0026315531810878765
2018-03-06,0.0037005562484779203
2018-03-07,0.00412093404405021
2018-03-08,-0.0024362763277249984
2018-03-09,-0.0022094143970664516
2018-03-12,0.005586194176581689
2018-03-13,-0.0024951453608208427
2018-03-14,-0.004307044196366105
2018-03-15,0.006761562973325167
2018-03-16,0.007774038286112294
2018-03-19,0.000828645685257558
2018-03-20,-0.009779625534542145
2018-03-21,0.007687707331974935
2018-03-22,-0.002327123228385384
2018-03-23,-0.0003192897879905907
2018-03-26,-0.0130289750816396
2018-03-27,-0.006919420177593518
2018-03-28,-0.005596543331924355
2018-03-29,-0.0015673605969632812
2018-03-30,-0.0007434550385589009
2018-03-31,-0.00037691625485031244
2018-04-02,0.0033607287275395294
2018-04-03,0.011000130254833002
2018-04-09,0.02733491513322633
2018-04-10,-0.01292309061534426
2018-04-11,-0.013515298482583354
2018-04-12,-0.0016128902929159262
2018-04-13,0.007422898750625235
2018-04-16,0.0033838435323035798
2018-04-17,0.010292996298913918
2018-04-18,0.0059556138211135125
2018-04-19,0.006028830535890635
2018-04-20,0.006273063396918957
2018-04-23,0.02050125862662998
2018-04-24,-0.008666541149369161
2018-04-25,-0.008450263644222777
2018-04-26,-0.0008327508566952956
2018-04-27,-0.005097503304183576
2018-04-30,0.00784335846648062
2018-05-02,-0.003964544809977528
2018-05-03,-0.0014985027749178474
2018-05-04,0.003982469476790366
2018-05-07,0.000581194828882277
2018-05-08,0.0009068386062552505
2018-05-09,-0.00244961456995312
2018-05-10,-0.0041549142639642905
2018-05-11,-0.009653430847359796
2018-05-14,-0.00585715076165539
2018-05-15,0.0022445701616912945
2018-05-16,0.0029866052674550276
2018-05-17,0.007159890242802921
2018-05-18,-0.0011082173476171138
2018-05-21,-0.006200857367442288
2018-05-22,0.0033772827010870483
2018-05-23,0.0023036570759779984
2018-05-24,-0.0014781598659711886
2018-05-25,0.0037513589951244683
2018-05-28,0.019250641869399253
2018-05-29,0.014156737730069802
2018-05-30,-0.00882429979512271
2018-05-31,0.0013824629364077648
2018-06-01,0.003275816035460245
2018-06-04,-0.007173814636676761
2018-06-05,-0.0001716751808597764
2018-06-06,0.008687002096612684
2018-06-07,-0.007700995831827503
2018-06-08,-0.00013952985475506555
2018-06-11,-0.006263299242395244
2018-06-12,0.0011195069606749577
2018-06-13,-0.000452345560195627
2018-06-14,-0.0032907301482546563
2018-06-15,-0.0005723872683034972
2018-06-19,0.005415864949865633
2018-06-20,0.005130887229839963
2018-06-21,-0.00026396626782530623
2018-06-22,0.007891644004501777
2018-06-25,0.004958715229206927
2018-06-26,0.0018453607422736374
2018-06-27,0.012886357522318212
2018-06-28,0.0007190439758305699
2018-06-29,-0.00860010162913323
2018-07-02,-0.0001458055495651301
2018-07-03,-0.009654763044093857
2018-07-04,0.005777860380390206
2018-07-05,0.01507379886585766
2018-07-06,-0.008985483832390239
2018-07-09,0.004440179208467297
2018-07-10,-0.01824802952729944
2018-07-11,-0.003917049395549951
2018-07-12,-0.009259049459466918
2018-07-13,-0.0016128622481163674
2018-07-16,-0.009511942328970704
2018-07-17,0.009489108796128999
2018-07-18,0.007881442178580042
2018-07-19,0.0015329198104867322
2018-07-20,-8.895146968493015e-06
2018-07-23,0.013987848645382522
2018-07-24,0.0026103330632674584
2018-07-25,-0.000508581502274493
2018-07-26,-0.012738943263044294
2018-07-27,0.004782394067575775
2018-07-30,0.006637730804570384
2018-07-31,-0.007953217358676398
2018-08-01,0.0001148352143405416
2018-08-02,-0.002332407227786817
2018-08-03,-0.00023555537419262668
2018-08-06,0.0015314208255222204
2018-08-07,-0.007379104583604236
2018-08-08,0.00623142999033286
2018-08-09,-0.012658158923790418
2018-08-10,-0.004040395609694882
2018-08-13,0.016567437534157715
2018-08-14,-0.003374301563869027
2018-08-15,-0.005062554939172284
2018-08-16,0.0036068909700382014
2018-08-17,-0.006231801775656582
2018-08-20,0.017638427280763664
2018-08-21,-0.0055291485592557765
2018-08-22,0.009153646969102633
2018-08-23,0.011871223085314842
2018-08-24,-0.009095414751944985
2018-08-27,-0.00279766227508603
2018-08-28,0.004411796607823853
2018-08-29,0.0019222144076492032
2018-08-30,0.0023240176324535178
2018-08-31,0.0056606532760684935
2018-09-03,-0.002500876875129521
2018-09-04,6.110008089357495e-05
2018-09-05,-0.00011115249290415217
2018-09-06,0.002009419846338701
2018-09-07,0.007203345166985823
2018-09-10,0.020981882449533546
2018-09-11,-0.001155412544072729
2018-09-12,-0.010676753141364455
2018-09-13,-0.005608948629670502
2018-09-14,0.0003667674498143451
2018-09-17,-0.0008406477713951387
2018-09-18,-0.0007184260305685549
2018-09-19,-0.00466369612280152
2018-09-20,-0.005197182985327162
2018-09-21,0.003996023749807325
2018-09-25,-0.0022952370147534882
2018-09-26,-0.0004588893156364914
2018-09-27,0.006478477705329738
2018-09-28,-0.005208054813273494
2018-10-01,0.010331790027378385
2018-10-02,-0.003110156866951177
2018-10-03,-0.002476330820569251
2018-10-04,0.006719223345305758
2018-10-05,-0.003452595066042969
2018-10-08,0.005514472619633175
2018-10-09,0.005914169738565416
2018-10-11,0.000430962031463214
2018-10-12,0.007944204515333465
2018-10-15,0.004460645482090216
2018-10-16,-0.005248223816931989
2018-10-17,0.0006185700252524728
2018-10-18,-0.005239567723055375
2018-10-19,-0.01561613042295971
2018-10-22,-0.0011024872253116774
2018-10-23,-0.0006337016429948071
2018-10-24,0.008734810142652535
2018-10-25,-0.0024851528731949027
2018-10-26,0.005795794400154474
2018-10-29,-0.004914474983838504
2018-10-30,0.0022154459746382324
2018-10-31,0.003994525226977184
2018-11-01,0.00794787887236138
2018-11-02,0.0020999114705793007
2018-11-05,-0.004989195387103492
2018-11-06,-0.002786170402277504
2018-11-07,0.00038450358073908834
2018-11-08,0.0005940672920310072
2018-11-09,-0.002675567536373076
2018-11-12,-0.0009482032550185565
2018-11-13,0.0040462599176724345
2018-11-14,0.001610064394793249
2018-11-15,-0.003074026907795398
2018-11-16,-0.0013874688872782888
2018-11-19,0.011589345777596695
2018-11-20,0.0016489472280884722
2018-11-21,-0.0006346311202229671
2018-11-22,0.006380424554555737
2018-11-23,-0.007746248703365122
2018-11-26,0.0035871163662223628
2018-11-27,-0.0032625675616949927
2018-11-28,0.010572988162539347
2018-11-29,-0.009963748105643409
2018-11-30,0.0027139985908142894
2018-12-03,-0.002871396574304498
2018-12-04,0.0015606451218059224
2018-12-05,0.0026450509011098364
2018-12-06,0.002157028425472503
2018-12-07,-0.0011919760003274698
2018-12-10,-0.0022057342667580956
2018-12-11,-0.001078433426732966
2018-12-12,0.008610252918387972
2018-12-13,0.00142083404387263
2018-12-14,0.0015330972480641423
2018-12-17,-0.001992326077248562
2018-12-18,0.00054829932495549
2018-12-19,0.004774078870644338
2018-12-20,-0.0005746501322612101
2018-12-21,-0.0019512553312357568
2018-12-22,0.0008184436547798201
2018-12-24,-0.003914094656546665
2018-12-25,-0.009032879781042363
2018-12-26,-0.0013853659050396105
2018-12-27,6.032523401952421e-06
2018-12-28,-0.0007519616595705525
2019-01-02,-0.00010738610262796527
2019-01-03,-0.005336050268660451
2019-01-04,0.012553197357195433
2019-01-07,-0.005037150910423732
2019-01-08,-0.007174530608422249
2019-01-09,-0.004670110342982563
2019-01-10,0.002133385643597589
2019-01-11,-0.0011205991246067241
2019-01-14,-0.0038266856065014097
2019-01-15,0.0015496391061800476
2019-01-16,0.009119029522370457
2019-01-17,0.0014033824326562363
2019-01-18,-0.007280945563386643
2019-01-21,0.010860692191788519
2019-01-22,-0.0024351867474836928
2019-01-23,0.0033178957625943743
2019-01-24,-0.0023075979318068754
2019-01-25,-0.004303816014899079
2019-01-28,0.007673642183185732
2019-01-29,-0.0027440048123340824
2019-01-30,-0.005125921583684252
2019-02-11,-0.0027904983146797473
2019-02-12,0.004100962575644251
2019-02-13,9.408595023339787e-05
2019-02-14,0.015523700189450767
2019-02-15,0.01369389494017721
2019-02-18,0.008395664090871445
2019-02-19,-0.007390450627454788
2019-02-20,0.0018230542500312077
2019-02-21,0.0022198574735547635
2019-02-22,0.0038328086485154194
2019-02-25,0.005520909076098697
2019-02-26,0.01039816040928358
2019-02-27,0.0027769693685910724
2019-03-04,0.0017769546918024516
2019-03-05,-0.004555148058418683
2019-03-06,-0.005394875500037101
2019-03-07,0.00018925420927306397
2019-03-08,0.0007378460161693618
2019-03-11,0.010901845077694766
2019-03-12,-0.000115914773290269
2019-03-13,0.0017249844116685932
2019-03-14,0.0008529956940056731
2019-03-15,0.0009166019315492795
2019-03-18,0.011378554768208801
2019-03-19,0.00017484204313357324
2019-03-20,0.0018200852398758283
2019-03-21,0.003814358093619794
2019-03-22,-0.00166567905528424
2019-03-25,-0.0032869271580559453
2019-03-26,-0.0066098502678851034
2019-03-27,0.009286661391825681
2019-03-28,0.004683723942904845
2019-03-29,-0.005904541229128235
2019-04-01,0.0053314675904129
2019-04-02,0.011052129788631107
2019-04-03,-0.01081033032263219
2019-04-08,-0.01280522049013569
2019-04-09,-0.003164010137284966
2019-04-10,-0.0020307996511697646
2019-04-11,0.0005307859786657463
2019-04-12,0.004729660026571537
2019-04-15,-0.0028946205451069826
2019-04-16,0.001017633105976446
2019-04-17,-0.008305643092383581
2019-04-18,-0.0016857847309810024
2019-04-19,-0.001342688303314605
2019-04-22,0.0044667621271119486
2019-04-23,-0.006430776311175124
2019-04-24,-0.00375637265158711
2019-04-25,0.0009308243676185181
2019-04-26,-0.004057976308374053
2019-04-29,-0.00379083295932783
2019-04-30,0.0031405979083497463
2019-05-02,0.0008965868390599105
2019-05-03,0.0030681458102225353
2019-05-06,0.0017956477473331858
2019-05-07,-0.0024922943338972848
2019-05-08,-0.0041268814035338355
2019-05-09,0.008445283371497423
2019-05-10,0.004408983789357495
2019-05-13,0.009251039841256938
2019-05-14,0.0013492159450583664
2019-05-15,0.007380515411150332
2019-05-16,-0.0014406244585019688
2019-05-17,0.007776162685968227
2019-05-20,-0.004284954952541332
2019-05-21,-0.0036049993849063804
2019-05-22,0.003674744207521839
2019-05-23,0.0011399542042258752
2019-05-24,-0.001508368803814412
2019-05-27,-0.006180288006308162
2019-05-28,-0.001557785819265074
2019-05-29,-0.0019379565570416942
2019-05-30,0.0019575860915465163
2019-05-31,0.0008971481347427115
2019-06-03,-0.008066098280868409
2019-06-04,-0.0023820708368768027
2019-06-05,0.006632898269382528
2019-06-06,-0.0028264424136912897
2019-06-10,-0.0013982663837255518
2019-06-11,0.0020738966387272777
2019-06-12,-0.001137695586719553
2019-06-13,0.0013568091024946192
2019-06-14,0.001256886961440913
2019-06-17,-0.005674426840302685
2019-06-18,-0.0004368235719957687
2019-06-19,-0.00540578431237306
2019-06-20,0.0012623455773836858
2019-06-21,-0.0030231937089478782
2019-06-24,0.004436353413963112
2019-06-25,-0.0004887202825537302
2019-06-26,-0.0014376520195154019
2019-06-27,0.001586474556954509
2019-06-28,-0.0003640334370072951
2019-07-01,-6.80127172822979e-05
2019-07-02,-0.008114913260965844
2019-07-03,-0.003667317024365801
2019-07-04,-0.0028741807535596813
2019-07-05,0.0006870686179867207
2019-07-08,0.0031347124598150467
2019-07-09,-0.0027553802759101775
2019-07-10,-0.014250730827894954
2019-07-11,0.003650905812332652
2019-07-12,0.005717710851809957
2019-07-15,0.0002895727832577461
2019-07-16,0.0020476005109097174
2019-07-17,0.007459317781723502
2019-07-18,-0.002847789576015943
2019-07-19,-0.0034425367477437813
2019-07-22,0.014853656053379901
2019-07-23,0.00392062278940825
2019-07-24,0.004440546555774886
2019-07-25,0.0026165500124236247
2019-07-26,0.002122499845440045
2019-07-29,0.00511473713321998
2019-07-30,0.00926617760607339
2019-07-31,0.002406992577544573
2019-08-01,0.010391385146490371
2019-08-02,-0.007501726534637716
2019-08-05,0.009496079105669228
2019-08-06,-0.004291189955555011
2019-08-07,-0.005505673985213923
2019-08-08,-0.0016666607221288501
2019-08-12,0.010260162633999707
2019-08-13,-0.0022375797685638982
2019-08-14,0.015880150718512988
2019-08-15,-0.004626436645597613
2019-08-16,-0.0014578450650657559
2019-08-19,0.0013457097068860979
2019-08-20,-0.003420641060744937
2019-08-21,0.0004159423722424649
2019-08-22,0.004018449150496213
2019-08-23,-0.0008071362783347808
2019-08-26,0.00582726140898039
2019-08-27,-0.0059213926203011335
2019-08-28,0.0006227242330986033
2019-08-29,0.002515255978383452
2019-08-30,-0.00658723575281621
2019-09-02,-0.0008601437336690993
2019-09-03,0.005370054473400836
2019-09-04,0.0007805711306806693
2019-09-05,-0.002666624835956779
2019-09-06,-0.0011570647708883035
2019-09-09,-0.0007972592998717249
2019-09-10,0.002895897417268754
2019-09-11,-0.0031296474620892707
2019-09-12,-0.00062893931442687
2019-09-16,-0.0013958320407691498
2019-09-17,-0.0017633018468165174
2019-09-18,0.001562043286392944
2019-09-19,0.0016671875531758505
2019-09-20,0.0033207279301248832
2019-09-23,-0.00024916405226697814
2019-09-24,0.005611580399018809
2019-09-25,0.006589326583673274
2019-09-26,-0.0021039928362739874
2019-09-27,0.0006503212413226361
2019-10-01,-0.0010951231989379771
2019-10-02,0.0020641800923762964
2019-10-03,0.0026179273911230757
2019-10-04,-0.002696723731765432
2019-10-07,0.002712015098274101
2019-10-08,0.00026397812267485313
2019-10-09,0.0064956410328051726
2019-10-14,0.003336651673966443
2019-10-15,-0.0008769255019471106
2019-10-16,0.002191986256454706
2019-10-17,-0.0073542293455926295
2019-10-18,0.006547008824670884
2019-10-21,-0.006109202804517501
2019-10-22,0.00421854951897622
2019-10-23,0.005902779780240382
2019-10-24,0.0006994600002640022
2019-10-25,5.6880386160622614e-05
2019-10-28,0.004489490980659945
2019-10-29,0.007613219593354778
2019-10-30,-0.0022214592547414288
2019-10-31,0.003084453619705037
2019-11-01,0.0039040040454708636
2019-11-04,0.0012964998219984246
2019-11-05,0.0034899169835775875
2019-11-06,0.004531916125072956
2019-11-07,-0.0003504145427735805
2019-11-08,0.002621601995080384
2019-11-11,-0.00010243064121398873
2019-11-12,-0.0015649562505514031
2019-11-13,0.0016585739453832842
2019-11-14,0.003344461221775912
2019-11-15,0.006332504725961667
2019-11-18,-0.00222940594600275
2019-11-19,0.0019693744292579077
2019-11-20,-0.004167288061383371
2019-11-21,0.001511109556170927
2019-11-22,0.00026094128688357765
2019-11-25,-0.018026360684568157
2019-11-26,0.002692497942498581
2019-11-27,-0.011817714686009445
2019-11-28,0.002373762775332866
2019-11-29,-0.00041487287707967294
2019-12-02,0.003426633480617607
2019-12-03,-0.0037518238062345683
2019-12-04,0.00010343281400291112
2019-12-05,0.002371555857340297
2019-12-06,-0.002580281118601587
2019-12-09,0.004922316972315776
2019-12-10,0.006286825015997725
2019-12-11,0.001411418834838144
2019-12-12,0.005681415146008228
2019-12-13,-0.004917730216504501
2019-12-16,-0.003623855376910649
2019-12-17,-0.005407597941473195
2019-12-18,0.0011345120866119748
2019-12-19,0.0061955285080261295
2019-12-20,0.00461712177557343
2019-12-23,-0.004940994416491346
2019-12-24,-0.007930008334861748
2019-12-25,0.007044456588345533
2019-12-26,0.0023927267117230234
2019-12-27,0.0010685276546336018
2019-12-30,-0.00602647419976329
2019-12-31,-0.004325437547686544
2020-01-02,0.0036662670766924015
2020-01-03,-0.0002717169095788497
2020-01-06,-0.00354239145937737
2020-01-07,-0.002262724352924006
2020-01-08,0.0013130250299661804
2020-01-09,-0.0007940627123057074
2020-01-10,4.920171459903968e-05
2020-01-13,-0.013989335884176501
2020-01-14,0.0018298047502184793
2020-01-15,-0.0032831852034197672
2020-01-16,-0.002452746688754119
2020-01-17,0.0026523475656965063
2020-01-20,-0.0009333595483010555
2020-01-30,0.0038589492622885004
2020-01-31,-0.012821684219332392
2020-02-03,0.007089779457985137
2020-02-04,-0.0045100882069178845
2020-02-05,0.008465911101053521
2020-02-06,-0.007739803828528206
2020-02-07,-0.0061862165454746095
2020-02-10,-0.006379229783399664
2020-02-11,0.008556534860185299
2020-02-12,0.0060209734459404085
2020-02-13,-0.00018696976630098137
2020-02-14,-0.003932768293402243
2020-02-17,-0.003974759694178275
2020-02-18,-0.00011560738414235616
2020-02-19,0.004403124608676576
2020-02-20,-0.00844039152491514
2020-02-21,0.00022403880504945264
2020-02-24,0.011534536933580551
2020-02-25,-0.004038605329865542
2020-02-26,0.00892702044221301
2020-02-27,0.0005531611147997946
2020-03-02,0.002558335041799545
2020-03-03,-0.000114664828633022
2020-03-04,-0.010663980413585702
2020-03-05,0.0011004572716320372
2020-03-06,-0.0021091288233235188
2020-03-09,-0.0007665232423259664
2020-03-10,-0.013918415919765241
2020-03-11,-0.009878945061338223
2020-03-12,0.009714308466992637
2020-03-13,0.01550457027030841
2020-03-16,0.008054857138819354
2020-03-17,0.026452071462736277
2020-03-18,0.0069515785304898325
2020-03-19,0.012864820892197537
2020-03-20,-0.012678527299933316
2020-03-23,-0.00285504697487211
2020-03-24,-0.007726860255653022
2020-03-25,0.00825496246055744
2020-03-26,0.0032217722993995845
2020-03-27,0.00962791218726133
2020-03-30,-0.019060988061243834
2020-03-31,0.008460329537203205
2020-04-01,0.0021977130877677614
2020-04-06,-0.0011644664380730911
2020-04-07,0.0011023246320691253
2020-04-08,0.004922703774025268
2020-04-09,-0.0032498065734448446
2020-04-10,-0.0036964273543995205
2020-04-13,0.021580302511301386
2020-04-14,-0.0034231676981903505
2020-04-15,0.0081784226243583
2020-04-16,0.0008170977579657701
2020-04-17,-0.0018475755820028695
2020-04-20,-0.005730583442688616
2020-04-21,0.002306847414690571
2020-04-22,0.00450805975245777
2020-04-23,-0.005097022770803801
2020-04-24,0.013051478084647138
2020-04-27,-0.002090297787357899
2020-04-28,-0.008837698006811666
2020-04-29,-0.002952693781874626
2020-04-30,-0.012613349035109201
2020-05-04,-0.021714382898732218
2020-05-05,0.012974947551073568
2020-05-06,0.0024103611139871944
2020-05-07,0.0005197517877881044
2020-05-08,-0.003835137216267827
2020-05-11,-0.00881819689100236
2020-05-12,-0.004516625988669818
2020-05-13,-0.0015407061666646849
2020-05-14,-0.00636436571669843
2020-05-15,0.0018426037667255402
2020-05-18,0.02682651868749121
2020-05-19,0.005408521404475813
2020-05-20,0.002435368214050334
2020-05-21,0.004688711116439081
2020-05-22,0.004543162080306756
2020-05-25,0.03166012953723511
2020-05-26,-0.02459452123376963
2020-05-27,0.014023784184354895
2020-05-28,0.0072793553273648726
2020-05-29,-0.013313757336621549
2020-06-01,-0.0011885613820249823
2020-06-02,0.010708821566779991
2020-06-03,0.003329135018153226
2020-06-04,-0.003544815216991579
2020-06-05,0.003615206718699816
2020-06-08,-0.0010408063346311006
2020-06-09,0.00119944040562554
2020-06-10,0.013259708793841989
2020-06-11,-0.009867419389040004
2020-06-12,-0.010196811954794414
2020-06-15,0.026639971025192995
2020-06-16,0.006144942290058655
2020-06-17,-0.018744541366118115
2020-06-18,0.026915927981879945
2020-06-19,-0.010638004588824343
2020-06-22,-0.007390468825901685
2020-06-23,-0.00767958261780813
2020-06-24,0.021458456012025846
2020-06-29,-0.023412323009606818
2020-06-30,-0.015292820530592603
2020-07-01,-0.0050325747263409515
2020-07-02,0.004608351028388235
2020-07-03,0.0006042027859581439
2020-07-06,-0.005312113593809162
2020-07-07,-0.003511762448544614
2020-07-08,-0.0057065346595792064
2020-07-09,0.03248130067683321
2020-07-10,0.010018904799015876
2020-07-13,-0.013513205779059324
2020-07-14,0.01561031912744069
2020-07-15,0.016893255194913755
2020-07-16,0.011344069959478564
2020-07-17,-0.00736335166504503
2020-07-20,0.0013588315653706492
2020-07-21,0.006639467958772341
2020-07-22,-0.006937776939628075
2020-07-23,0.0008105920544885896
2020-07-24,0.00169749148060995
2020-07-27,0.009017124998383017
2020-07-28,0.009140153482834796
2020-07-29,-0.0002256604805724316
2020-07-30,0.005194012127500244
2020-07-31,-0.002833570993073708
2020-08-03,-0.0032947474681372644
2020-08-04,-0.007489129412880314
2020-08-05,-0.014131802688332785
2020-08-06,-0.0019282111474207674
2020-08-07,-0.0007762865662651513
2020-08-10,0.016096208601094467
2020-08-11,0.007853294868367512
2020-08-12,-0.008040288795592264
2020-08-13,0.0033041116219943672
2020-08-14,0.0020006571300565153
2020-08-17,0.00814635047429595
2020-08-18,-0.01997980683553855
2020-08-19,0.010650279845984701
2020-08-20,0.00039107440713544855
2020-08-21,-0.006086558012288176
2020-08-24,-0.0035978312955562957
2020-08-25,0.01436035829263069
2020-08-26,-0.004000131652276648
2020-08-27,-0.01134342261644015
2020-08-28,-0.011128501986162723
2020-08-31,0.0012033878028539467
2020-09-01,0.0022227241592626943
2020-09-02,0.010322074908710947
2020-09-03,-0.001968389650986483
2020-09-04,-0.001527628483370692
2020-09-07,0.008092938737414459
2020-09-08,-0.006089110886466064
2020-09-09,-0.006297412199137929
2020-09-10,-0.010121962990799864
2020-09-11,0.007895616101706396
2020-09-14,1.1931483801514223e-05
2020-09-15,-0.004802054912197917
2020-09-16,0.0008196976646713987
2020-09-17,-0.0015400994264520903
2020-09-18,-0.006662895396080507
2020-09-21,-0.0010802387137768068
2020-09-22,0.001095181809058628
2020-09-23,0.011881937443375148
2020-09-24,-0.004014386944011905
2020-09-25,-0.01231023061115638
2020-09-28,0.001920066851993394
2020-09-29,0.005904426135480995
2020-09-30,-0.007635669067736175
2020-10-05,-0.00999313139501519
2020-10-06,-0.000761894700573711
2020-10-07,0.006085045492707664
2020-10-08,0.005142804929070852
2020-10-12,-0.0019787851933815376
2020-10-13,-0.0006681733667221589
2020-10-14,-0.0057661619828992434
2020-10-15,-0.0031560856922211167
2020-10-16,-0.0021828877004489468
2020-10-19,0.0023918829162762464
2020-10-20,-0.006181654541632108
2020-10-21,0.007341388674234969
2020-10-22,-0.004032410664014774
2020-10-23,-0.018652038332161277
2020-10-26,0.010246485175214313
2020-10-27,0.0021561971447779564
2020-10-28,0.0004464130166788394
2020-10-29,0.0059532541289136435
2020-10-30,0.000984023807730999
2020-11-02,0.0029458562377873807
2020-11-03,-0.0008183214590648576
2020-11-04,0.000274968819215215
2020-11-05,0.0033908305359400827
2020-11-06,-0.0032664590173301145
2020-11-09,0.0012246588114318245
2020-11-10,0.005362576326410671
2020-11-11,0.0020130642123070415
2020-11-12,0.00042554818474605134
2020-11-13,-0.0013857819139976267
2020-11-16,-0.0033571577676104344
2020-11-17,-0.007730764978840883
2020-11-18,0.003932769760138895
2020-11-19,0.004459950125054126
2020-11-20,0.005818220464260881
2020-11-23,-0.005442903713030285
2020-11-24,0.0019151595980071532
2020-11-25,0.0019959918172864667
2020-11-26,-0.007426150255235018
2020-11-27,0.005348472623217629
2020-11-30,0.025109351314408182
2020-12-01,0.0014400771556544777
2020-12-02,0.008652091310361583
2020-12-03,-0.011476296533328297
2020-12-04,-0.0025646671736926697
2020-12-07,-0.006639406858653862
2020-12-08,0.0009692044146551665
2020-12-09,0.00712130640084813
2020-12-10,-0.0014311777899976529
2020-12-11,-0.00428140561607333
2020-12-14,-0.001800047984116572
2020-12-15,-0.0008131080492128177
2020-12-16,0.004916343697413117
2020-12-17,-0.005511354579819897
2020-12-18,0.0010009876622868164
2020-12-21,-0.0026378016166877004
2020-12-22,0.004117738445979686
2020-12-23,-0.017925968281657892
2020-12-24,0.005146277727402222
2020-12-25,-0.004514280626349752
2020-12-28,-0.014113353676147638
2020-12-29,0.002145394155705807
2020-12-30,0.004246673262451631
2020-12-31,0.007914562674958353
2021-01-04,0.0059650734862467854
2021-01-05,0.013695773070102005
2021-01-06,0.007671562021757505
2021-01-07,0.006558333925018118
2021-01-08,0.002267744582767824
2021-01-11,0.00380008570524008
2021-01-12,-0.003108176012077791
2021-01-13,-0.004145128254011652
2021-01-14,0.0020956232660471253
2021-01-15,0.012485721242838862
2021-01-18,-0.002422814674658458
2021-01-19,0.01694400391555582
2021-01-20,0.006007275543045067
2021-01-21,-0.007207765135897246
2021-01-22,0.0030770631592617593
2021-01-25,0.0009217837117462251
2021-01-26,-0.004259119268794352
2021-01-27,0.0026112392319326194
2021-01-28,-0.001334827969357126
2021-01-29,0.0013238543885656599
2021-02-01,0.004567419517277075
2021-02-02,-0.0023722864429281815
2021-02-03,-0.008100488066996859
2021-02-04,-0.0022605618034465336
2021-02-05,0.0096179024955485
2021-02-17,0.009345147912392871
2021-02-18,-0.005030623951137941
2021-02-19,-0.0005290082914930685
2021-02-22,0.009639756405930745
2021-02-23,-0.0143810611412085
2021-02-24,-0.007000204714344709
2021-02-25,-0.010629719685766042
2021-02-26,-0.00478941480912662
2021-03-02,-0.004540105767995949
2021-03-03,0.01100243669185308
2021-03-04,0.011242311784962964
2021-03-05,-0.0007139817033126373
2021-03-08,-0.00034613942507780377
2021-03-09,0.002314252326530609
2021-03-10,-0.005546708346409377
2021-03-11,0.010317521312495042
2021-03-12,0.0006522049030541439
2021-03-15,0.009097055357964144
2021-03-16,0.005131162153028385
2021-03-17,0.007032297945141475
2021-03-18,-0.0003699540755489174
2021-03-19,-0.007810437908253137
2021-03-22,0.00021381052294393126
2021-03-23,-0.0003008556959429509
2021-03-24,0.00017407384068659614
2021-03-25,0.00048603271756730696
2021-03-26,0.002230696395858252
2021-03-29,-0.0053458698905717635
2021-03-30,0.0001277596741710513
2021-03-31,0.006291107185390391
2021-04-01,-0.007476794317081653
2021-04-06,0.034415893976083495
2021-04-07,-0.015910314980410855
2021-04-08,-0.009022153293625311
2021-04-09,-0.013183038525871006
2021-04-12,-0.012201331892993002
2021-04-13,0.009095807476473577
2021-04-14,0.0034969964254404845
2021-04-15,0.0007514142579108322
2021-04-16,0.005694884375133254
2021-04-19,0.017262608635302476
2021-04-20,-0.00957360317306807
2021-04-21,-0.005460087573071994
2021-04-22,0.00450343304740379
2021-04-23,-0.018441376002283752
2021-04-26,0.004648665687014447
2021-04-27,0.009350143388045361
2021-04-28,0.003132491241597618
2021-04-29,-0.002400192490195193
2021-05-03,0.00046369942925103547
2021-05-04,-0.01021390046140249
2021-05-05,-0.0063631532005691115
2021-05-06,0.020149136116314553
2021-05-07,-0.014014663946918486
2021-05-10,-0.019643454318163067
2021-05-11,0.016268306593365547
2021-05-12,0.01836547335846264
2021-05-13,0.039336534066466936
2021-05-14,0.017028898365399697
2021-05-17,0.02331659738180064
2021-05-18,-0.03243047922149481
2021-05-19,0.016860878959421104
2021-05-20,-0.0036774180927572073
2021-05-21,-0.018328828286496294
2021-05-24,0.010095670072480713
2021-05-25,0.0073502898009363314
2021-05-26,-0.001325344961494974
2021-05-27,-0.002845898793113586
2021-05-28,-0.0017718203069096005
2021-05-31,0.013266553944167859
2021-06-01,0.0032328373733875315
2021-06-02,0.00032438349455054735
2021-06-03,0.02451192037102782
2021-06-04,-0.012684195695168647
2021-06-07,-0.021812844585126903
2021-06-08,-0.01197240911978096
2021-06-09,0.014198142957216126
2021-06-10,0.006846113170933738
2021-06-11,-0.003976555632581765
2021-06-15,0.004926003010435376
2021-06-16,0.001075334534514027
2021-06-17,-0.0016063551672441554
2021-06-18,-0.0017778014530880552
2021-06-21,0.00739698265688659
2021-06-22,0.01004064729903365
2021-06-23,-0.0015202844740945663
2021-06-24,0.004265000230253639
2021-06-25,0.004416167251763251
2021-06-28,0.004712543898934491
2021-06-29,-0.0029289385719120636
2021-06-30,0.00048146313020894227
2021-07-01,-0.005457713246228266
2021-07-02,-0.0032715923856183275
2021-07-05,-0.0016548433409219396
2021-07-06,-0.0025644440861800483
2021-07-07,0.008324762597749882
2021-07-08,-0.007036528878215964
2021-07-09,0.0009071708766871089
2021-07-12,0.017624098758047345
2021-07-13,0.008037401096653414
2021-07-14,0.004789711108806828
2021-07-15,0.008695939851119964
2021-07-16,-0.0077985307606639265
2021-07-19,0.0018192185772711107
2021-07-20,-0.0016988047962575772
2021-07-21,0.004927563105728733
2021-07-22,0.011697252206562328
2021-07-23,-0.007445688570850744
2021-07-26,-0.015239736522532236
2021-07-27,0.005037527811909378
2021-07-28,0.00014240981845189613
2021-07-29,0.01017169820346028
2021-07-30,-0.005184747398132772
2021-08-02,0.0019255686622988975
2021-08-03,-0.008957010942116057
2021-08-04,0.002623768597992007
2021-08-05,0.0038716933356108896
2021-08-06,-0.0019517176320895517
2021-08-09,0.004239698404735381
2021-08-10,-0.005630010007441017
2021-08-11,-0.007042582267748404
2021-08-12,-0.011932039598948424
2021-08-13,0.007383550309068371
2021-08-16,-0.0010549108598175844
2021-08-17,-0.004996429989778294
2021-08-18,-0.018497436648565353
2021-08-19,-0.008949265807861546
2021-08-20,0.0026711673080786393
2021-08-23,0.004072096690056832
2021-08-24,-0.0068516236549193464
2021-08-25,-0.0012176641625135983
2021-08-26,-0.007450954061165642
2021-08-27,-0.0018701027330282997
2021-08-30,0.002057282260098158
2021-08-31,0.004245376067234299
2021-09-01,0.005241517487776859
2021-09-02,0.0014811042860992663
2021-09-03,-0.00042281889172881854
2021-09-06,0.003105556822114504
2021-09-07,0.0067960730125193065
2021-09-08,0.002121255076152297
2021-09-09,-0.019189693754934702
2021-09-10,-0.006022032503141001
2021-09-13,0.0014463237348281838
2021-09-14,-0.00513095221148533
2021-09-15,-0.003222630337497945
2021-09-16,-0.0035611824231248207
2021-09-17,0.003921711998290497
2021-09-22,-0.002495032409209034
2021-09-23,0.0002449138556931494
2021-09-24,0.0034450627470251124
2021-09-27,0.02128820123326948
2021-09-28,0.0012686687426843404
2021-09-29,0.004240603299690424
2021-09-30,0.0017304284591235604
2021-10-01,0.011545459212693933
2021-10-04,0.012045985771014003
2021-10-05,0.0029562071649652483
2021-10-06,0.0004546136267602882
2021-10-07,-0.001442649591107648
2021-10-08,0.003448124085466517
2021-10-12,0.004984796294648463
2021-10-13,0.00034632971751084873
2021-10-14,0.003001028340324995
2021-10-15,0.0007686281360371298
2021-10-18,0.007513947122485309
2021-10-19,-0.002978932623358844
2021-10-20,0.0012888530025175235
2021-10-21,-0.009713782824426979
2021-10-22,-0.004872289144070337
2021-10-25,-0.00043275142541624
2021-10-26,-0.001401385081297135
2021-10-27,0.003037389550947639
2021-10-28,0.006408568281915907
2021-10-29,-0.0040505592354015615
2021-11-01,0.002890203288118823
2021-11-02,-0.002514343833720889
2021-11-03,-0.006073031079398855
2021-11-04,0.003297096556210361
2021-11-05,0.0022973509152051028
2021-11-08,-0.0020729404986949557
2021-11-09,-0.004759025916154521
2021-11-10,-0.0007072001785261892
2021-11-11,0.004377698238002504
2021-11-12,-0.002154721065344118
2021-11-15,-0.0023477437679458105
2021-11-16,0.0012496050636417412
2021-11-17,0.0037483563715177484
2021-11-18,-0.002173469992465438
2021-11-19,-0.003635195622796602
2021-11-22,0.004323114377704887
2021-11-23,0.0011742901860927182
2021-11-24,-0.006696750749449158
2021-11-25,0.010119191937506853
2021-11-26,0.0010357669544539243
2021-11-29,0.0026282785139737086
2021-11-30,0.005684883401904628
2021-12-01,0.00015222051353290262
2021-12-02,-0.0007725758633545781
2021-12-03,-0.00045657273776271174
2021-12-06,0.00139389016285915
2021-12-07,-0.005531856157804469
2021-12-08,0.0016830654142659784
2021-12-09,-0.00036368904691982083
2021-12-10,-0.0008410136020894584
2021-12-13,0.013050162898183563
2021-12-14,0.009707153589911942
2021-12-15,-0.0009483384644867533
2021-12-16,0.002553991537515268
2021-12-17,-0.013306729585055627
2021-12-20,-0.00028524753958121
2021-12-21,-0.001978634162731437
2021-12-22,0.00489960373100877
2021-12-23,0.002839355294020968
2021-12-24,0.009497066803379767
2021-12-27,0.0008304810910016308
2021-12-28,-0.00955679872336986
2021-12-29,0.001251035802775953
2021-12-30,0.0054028539805219735
2022-01-03,0.008594655806041653
2022-01-04,0.007067079564118143
2022-01-05,0.00020650470373842229
2022-01-06,-0.00329621466212329
2022-01-07,0.0029938532984328265
2022-01-10,-0.005151245334501739
2022-01-11,-0.00022909583199422646
2022-01-12,-0.0031835237259713175
2022-01-13,-0.0020941934311886345
2022-01-14,0.004214902149440959
2022-01-17,-0.01639266537697898
2022-01-18,0.006385169918098196
2022-01-19,-0.0003263360452438781
2022-01-20,0.00440678903251736
2022-01-21,0.0006906560297297477
2022-01-24,0.0002400374775748922
2022-01-25,0.0004348980799113479
2022-01-26,0.004673879415307433
2022-02-07,-0.016999745013793977
2022-02-08,0.005047609160390326
2022-02-09,0.0023043327177550733
2022-02-10,-0.0065523373499647
2022-02-11,0.007888789948562371
2022-02-14,0.0008116755277317832
2022-02-15,0.0023531971526538752
2022-02-16,-0.0033681884062180343
2022-02-17,-0.0038428512960363963
2022-02-18,0.0026247032167394852
2022-02-21,-0.01422966791745265
2022-02-22,-0.00010266756482269282
2022-02-23,-0.003687118353275348
2022-02-24,-0.00037836461657261844
2022-02-25,-0.0034803044089100578
2022-03-01,-0.0009272655205187167
2022-03-02,0.0041392397353874925
2022-03-03,-0.00043624528693707743
2022-03-04,0.0034686879645767013
2022-03-07,0.0023876559258063264
2022-03-08,0.0012016482992774948
2022-03-09,-0.0021673978558419717
2022-03-10,0.0037798567932859177
2022-03-11,-0.0011207657553144222
2022-03-14,0.005808173774111903
2022-03-15,0.003798569949153046
2022-03-16,-0.008264544550179673
2022-03-17,0.004515895849290113
2022-03-18,-0.002595932983175407
2022-03-21,-0.003342602480262047
2022-03-22,-0.0005007924646819716
2022-03-23,-0.0008284142144070143
2022-03-24,-0.0008918041431629177
2022-03-25,0.005080581248118706
2022-03-28,-0.014082436361034917
2022-03-29,-0.00039026177538091684
2022-03-30,-0.0008497833285098498
2022-03-31,0.00017431770042138387
2022-04-01,-0.00017857255393064126
2022-04-06,-0.0001872713109267889
2022-04-07,0.009872080114431548
2022-04-08,-0.005741088376373363
2022-04-11,0.0014150425926413319
2022-04-12,0.0072172400503212105
2022-04-13,0.0020742514937947456
2022-04-14,0.007298365197460756
2022-04-15,0.019706301835666948
2022-04-18,0.020773222807102677
2022-04-19,-0.013932557953273347
2022-04-20,0.0034675609908987794
2022-04-21,0.005298637961876894
2022-04-22,0.01016400156820262
2022-04-25,-0.0009620089890910247
2022-04-26,-0.000496493132479155
2022-04-27,-0.015247342991550106
2022-04-28,-0.009286762451008991
2022-04-29,-0.013580603363100328
2022-05-03,0.0007105335153450021
2022-05-04,0.002754167642824032
2022-05-05,0.012224222182621284
2022-05-06,0.00040013642063676386
2022-05-09,-0.006652519008669512
2022-05-10,-0.007100954993056994
2022-05-11,-0.0011851882647286212
2022-05-12,0.012778258473153576
2022-05-13,0.005050722208546308
2022-05-16,-0.005355873434546272
2022-05-17,-0.0018399677094023585
2022-05-18,-0.0071254492917669845
2022-05-19,-0.0037796503160718213
2022-05-20,-0.0047450249946498005
2022-05-23,-0.0018894468315598205
2022-05-24,0.009425983511570006
2022-05-25,-0.005183329938357873
2022-05-26,0.00010582942865129045
2022-05-27,-0.0004500875861881545
2022-05-30,0.01204434857427837
2022-05-31,0.004928610437786451
2022-06-01,0.006309308329123964
2022-06-02,-0.0005948694498750517
2022-06-06,-0.017932645602483324
2022-06-07,0.0026697937148807676
2022-06-08,-0.0006800062374485525
2022-06-09,-0.0009652966240962998
2022-06-10,0.01728624830600368
2022-06-13,-0.0017361889421010149
2022-06-14,-0.005592226842388278
2022-06-15,-0.0007740195202837526
2022-06-16,0.017801141967162475
2022-06-17,0.011731026758462342
2022-06-20,0.005142820271438402
2022-06-21,-0.003651753536886876
2022-06-22,0.005402447146131287
2022-06-23,0.010080116465701705
2022-06-24,0.00010091851028012563
2022-06-27,0.0009200348150072996
2022-06-28,0.0012079621206629526
2022-06-29,-0.008116922778561464
2022-06-30,0.0011421641731504568
2022-07-01,0.013050808835751576
2022-07-04,0.00988229408977519
2022-07-05,-0.007586071698762279
2022-07-06,0.001441032118424477
2022-07-07,0.0008789132493693969
2022-07-08,0.008080917722771554
2022-07-11,-0.0017520608224674012
2022-07-12,-0.0008178511291914749
2022-07-13,-0.002003545604009449
2022-07-14,0.00587532141377455
2022-07-15,0.005336098774068667
2022-07-18,-0.002691669996228706
2022-07-19,-0.0023297227132831463
2022-07-20,-0.008469192548945341
2022-07-21,0.00036787893297902333
2022-07-22,-0.0010615591564296784
2022-07-25,0.012073513810021681
2022-07-26,0.0002265947878344705
2022-07-27,-0.005796050538722012
2022-07-28,0.0039004928447490712
2022-07-29,-0.005381273030105119
2022-08-01,-0.002797860529861963
2022-08-02,0.003768893114172971
2022-08-03,0.0001821461219991237
2022-08-04,-0.003454405004194831
2022-08-05,0.003959720129172312
2022-08-08,0.011137003280236292
2022-08-09,-0.0017140045656679464
2022-08-10,-0.006991454844250362
2022-08-11,0.003726442491051595
2022-08-12,-0.00010825649668638445
2022-08-15,-0.003357826350040562
2022-08-16,-0.005845115556423243
2022-08-17,0.0007684700886218265
2022-08-18,0.00333397256328363
2022-08-19,0.010467685476356684
2022-08-22,0.009772897259673403
2022-08-23,-0.0033085060866042486
2022-08-24,-0.0017957907969383072
2022-08-25,-0.0012628584707604787
2022-08-26,-0.00584408439898411
2022-08-29,0.00014638947725372897
2022-08-30,0.003961672759629069
2022-08-31,0.005334732447464602
2022-09-01,0.0042395077032521085
2022-09-02,0.0016528594225192815
2022-09-05,0.015418951580497886
2022-09-06,-0.010377956971098968
2022-09-07,0.004339605905663287
2022-09-08,-0.00033659916566806253
2022-09-12,-0.004044348269700689
2022-09-13,0.017626945331677968
2022-09-14,-0.005612031607295849
2022-09-15,0.00660320253890521
2022-09-16,-0.0020236234119749407
2022-09-19,0.0029561421945406095
2022-09-20,-0.005348416698047819
2022-09-21,0.0066951226895890885
2022-09-22,0.00849520376700216
2022-09-23,-0.016062038268255075
2022-09-26,-0.003581355344404895
2022-09-27,0.003335087128826363
2022-09-28,-0.01862983579762981
2022-09-29,0.011337570479409082
2022-09-30,0.004988473438389662
2022-10-03,0.007330069018169404
2022-10-04,-0.0055337967838843
2022-10-05,0.013549299604786449
2022-10-06,-0.003916179309536713
2022-10-07,-0.00026776547985857865
2022-10-11,0.01100378953596726
2022-10-12,0.012013570757556734
2022-10-13,0.005803114159573186
2022-10-14,-0.007198158794759123
2022-10-17,-0.001431899298060777
2022-10-18,0.0022648286991677914
2022-10-19,-0.003677957138016981
2022-10-20,-0.009743151084677595
2022-10-21,-0.009381487991739178
2022-10-24,0.00831310244697087
2022-10-25,0.007155871683197859
2022-10-26,-0.00014016671996762713
2022-10-27,-0.0039837000613645035
2022-10-28,0.003432924953350125
2022-10-31,-0.014267254602667458
2022-11-01,0.00571256096044033
2022-11-02,0.004696273443895078
2022-11-03,0.00019186273888672925
2022-11-04,-0.00741993324037177
2022-11-07,0.001985799326348364
2022-11-08,0.0036609540941862266
2022-11-09,-0.0020420752597876107
2022-11-10,-0.001960637982316351
2022-11-11,0.0066779068593763305
2022-11-14,-0.005137097247922081
2022-11-15,0.00371334415324327
2022-11-16,-0.004431208045948697
2022-11-17,0.002888358261538094
2022-11-18,0.001833768892668155
2022-11-21,0.008841312344631392
2022-11-22,-0.010646930714580071
2022-11-23,-0.016400592023060212
2022-11-24,-0.007463618959248609
2022-11-25,0.008486520544050373
2022-11-28,0.0011166814420378235
2022-11-29,0.005491942255396747
2022-11-30,-0.0013597300903435364
2022-12-01,-0.0016303549336769071
2022-12-02,0.0011187288688256376
2022-12-05,0.0011354714749875821
2022-12-06,0.00530043944240592
2022-12-07,0.018262027362911194
2022-12-08,-0.014121077470099363
2022-12-09,3.856294277666036e-06
2022-12-12,-0.0032847001788236362
2022-12-13,-0.007633327551660355
2022-12-14,-0.01161065768640104
2022-12-15,0.011163401144918265
2022-12-16,-0.011933637584566413
2022-12-19,0.006332499772167965
2022-12-20,-0.01571884448363207
2022-12-21,0.0036840433657959987
2022-12-22,0.004489263143459787
2022-12-23,0.011414156980425957
2022-12-26,0.0062090772179469265
2022-12-27,-0.008736372796246209
2022-12-28,-0.002554565951187665
2022-12-29,-0.002386045478172096
2022-12-30,-0.0011147175992106172
2023-01-03,0.0034615032868905785
2023-01-04,0.0026619353504691895
2023-01-05,0.001588650590233221
2023-01-06,0.0033586384076285183
2023-01-09,-0.012496441636251476
2023-01-10,-0.01212608471375633
2023-01-11,0.0007006875944480901
2023-01-12,0.004525778725510484
2023-01-13,-0.001137803313205702
2023-01-16,0.0013076002940960465
2023-01-17,-0.0033374782116556575
2023-01-30,0.003675911662333055
2023-01-31,-0.009250920713378116
2023-02-01,0.0009007378093078677
2023-02-02,0.0017378481835783784
2023-02-03,0.0009335863857499425
2023-02-06,-0.005007236806217138
2023-02-07,0.00021572427056806842
2023-02-08,-0.013321260398342505
2023-02-09,0.0039140809051807085
2023-02-10,-0.005133621651140102
2023-02-13,-0.012630657688854595
2023-02-14,0.00395715503270461
2023-02-15,-0.019682248053035416
2023-02-16,-0.0009984679123092792
2023-02-17,0.006350341129539301
2023-02-20,0.004845637160491243
2023-02-21,0.0005913872424000346
2023-02-22,-0.00933691212038051
2023-02-23,0.0034785148760014123
2023-02-24,0.00970596879206859
2023-03-01,-0.008630282929456922
2023-03-02,0.0032285449677220933
2023-03-03,0.005540045838604511
2023-03-06,0.001769877752999107
2023-03-07,0.006744315021327578
2023-03-08,0.0065195429183880224
2023-03-09,0.015915999775993204
2023-03-10,-0.0014161577521142645
2023-03-13,-0.002396052565031788
2023-03-14,-0.0035474498717754984
2023-03-15,-0.0059183143422469366
2023-03-16,0.00028726221631978494
2023-03-17,-0.005983079002263209
2023-03-20,-0.0007360075883841126
2023-03-21,0.0030508489107788726
2023-03-22,0.00014498126647813532
2023-03-23,0.0032101735347778645
2023-03-24,0.001630907989547588
2023-03-27,3.7764215218814585e-05
2023-03-28,-0.0027893570483891773
2023-03-29,-0.002055679392234353
2023-03-30,-0.006735772190794535
2023-03-31,0.000809245263757836
2023-04-06,0.008131290726360478
2023-04-07,0.0032703028556866783
2023-04-10,-0.015960326979793597
2023-04-11,-0.0008413252635183334
2023-04-12,0.002448930641334909
2023-04-13,0.004123204088826956
2023-04-14,-0.012659366162070942
2023-04-17,0.031664997598822395
2023-04-18,0.0012972983729717716
2023-04-19,0.007343956625859755
2023-04-20,-0.021759907550981828
2023-04-21,0.025525000124527207
2023-04-24,0.005058218196521313
2023-04-25,0.0053374261367369535
2023-04-26,-0.011248449800553372
2023-04-27,-0.008980681506610279
2023-04-28,0.015933582347808728
2023-05-02,-0.0024062371530401763
2023-05-03,-0.0020389184626643094
2023-05-04,0.0070610525123865845
2023-05-05,-0.003919845437324843
2023-05-08,0.009128388862064867
2023-05-09,0.00032133974568626135
2023-05-10,-0.010355692690763758
2023-05-11,-0.007529384788066213
2023-05-12,-0.0029603996013865177
2023-05-15,-0.0019528961397104055
2023-05-16,-0.002924466100017547
2023-05-17,0.00834161708219415
2023-05-18,0.004700048718818449
2023-05-19,0.001224179812122592
2023-05-22,0.0012438803388682869
2023-05-23,0.005679762031535459
2023-05-24,-0.0006326643288926556
2023-05-25,-0.005961837908583704
2023-05-26,0.011494155146788154
2023-05-29,0.003502450783485895
2023-05-30,-0.0023175583599928315
2023-05-31,-0.005618697277925441
2023-06-01,-0.001943352866641141
2023-06-02,0.002013361539172757
2023-06-05,-0.010043046938718325
2023-06-06,0.0025494640386712272
2023-06-07,-0.0018031450046174747
2023-06-08,-0.007112556175559829
2023-06-09,-0.009668853714200072
2023-06-12,0.004572955654508735
2023-06-13,0.012787969546020725
2023-06-14,0.006276242516363172
2023-06-15,0.0054347692794497
2023-06-16,0.0012734758509825878
2023-06-19,-0.0017782877566147025
2023-06-20,-0.004918759715941615
2023-06-21,-0.00033415059432885183
2023-06-26,0.011258103984886263
2023-06-27,0.002904966916886423
2023-06-28,0.0027663356013248016
2023-06-29,0.006293932295285108
2023-06-30,-0.007658267652695796
2023-07-03,0.010289937023096024
2023-07-04,0.0030079887592612134
2023-07-05,-0.0004914478224311491
2023-07-06,0.017557914654356993
2023-07-07,0.012678674655585781
2023-07-10,-0.00017413273542376054
2023-07-11,0.00813908839252076
2023-07-12,0.023838283277191875
2023-07-13,0.011635826375847359
2023-07-14,-0.009465818163118003
2023-07-17,0.00464001901952861
2023-07-18,-0.014277959846199282
2023-07-19,-0.006351891767574254
2023-07-20,-0.008723405913974977
2023-07-21,-0.004809879917024629
2023-07-24,-0.0022228522751639355
2023-07-25,-0.008434783306348323
2023-07-26,-0.02833330843760351
2023-07-27,0.015530691640230396
2023-07-28,-0.005062742043484678
2023-07-31,-0.008677551486244396
2023-08-01,0.007888989701918146
2023-08-02,0.013786664488525523
2023-08-04,0.002769284969161151
2023-08-07,0.009376728062126433
2023-08-08,-0.015344914862264702
2023-08-09,-0.00018716574340862414
2023-08-10,0.011781180423729375
2023-08-11,0.007104705723170466
2023-08-14,-0.009009057263661087
2023-08-15,0.015460714729993077
2023-08-16,-0.005667709893195138
2023-08-17,0.012470007887416625
2023-08-18,-0.008977347123323678
2023-08-21,-0.009332236210535031
2023-08-22,-0.003908680949436866
2023-08-23,0.015278593524126166
2023-08-24,0.010783667992240502
2023-08-25,-0.006204537906225346
2023-08-28,0.003961798673334247
2023-08-29,0.0022714727496678314
2023-08-30,0.0020943819997316436
2023-08-31,0.0015790327033748611
2023-09-01,0.0003342593641828878
2023-09-04,0.0035615177103210534
2023-09-05,0.009185606178569138
2023-09-06,0.010061351323684352
2023-09-07,0.002275560106730414
2023-09-08,-0.0027295496779477374
2023-09-11,0.014122980695633034
2023-09-12,-0.0032278193213665686
2023-09-13,-0.010808916434802193
2023-09-14,-0.011322619288495884
2023-09-15,-0.0022340318877321305
2023-09-18,0.005362234885449117
2023-09-19,-0.004488543566256589
2023-09-20,0.006392649787693496
2023-09-21,0.0008778164617516022
2023-09-22,0.0006502606626632439
2023-09-25,-0.00628218571151991
2023-09-26,0.004107346637299831
2023-09-27,-0.00046442655226786977
2023-09-28,-0.00028216029158763777
2023-10-02,0.006957357766346548
2023-10-03,-0.008833941613173989
2023-10-04,-0.003837368634452291
2023-10-05,0.0006538658318492215
2023-10-06,0.023981826532477407
2023-10-11,0.00848296802270685
2023-10-12,0.0019353031917158391
2023-10-13,-0.006645399148161504
2023-10-16,0.009525273943729734
2023-10-17,0.015773514575024905
2023-10-18,0.009176046455928667
2023-10-19,-0.00641250284685123
2023-10-20,0.0016438712644267382
2023-10-23,0.0041691810210783015
2023-10-24,9.442903322232424e-05
2023-10-25,0.01575772529685286
2023-10-26,0.0025937729784524643
2023-10-27,0.0038799656278681914
2023-10-30,0.0014700428712870505
2023-10-31,0.0026648367571152735
2023-11-01,0.0012293884217206511
2023-11-02,0.00164945915925431
2023-11-03,0.010238503161503045
2023-11-06,-0.004633303080126511
2023-11-07,0.0019131084712861739
2023-11-08,0.001274612288108413
2023-11-09,-0.003635259825487089
2023-11-10,0.005050402391011853
2023-11-13,-0.010603187335608515
2023-11-14,-0.006628566509266573
2023-11-15,-0.003443728325496745
2023-11-16,-0.0008651151263871018
2023-11-17,0.002801779156324334
2023-11-20,-0.00040477679945489717
2023-11-21,0.004056572454279272
2023-11-22,0.00394098873439281
2023-11-23,-0.005563052524322926
2023-11-24,0.005453513347498869
2023-11-27,-0.0133879858981046
2023-11-28,-0.007403631119245868
2023-11-29,0.00024648903987145956
2023-11-30,0.0028496250617802282
2023-12-01,0.00111676354983321
2023-12-04,-0.007888972011021395
2023-12-05,0.001700534018420733
2023-12-06,0.0064344304102783864
2023-12-07,0.0026199469728029386
2023-12-08,0.000446052651314285
2023-12-11,-0.007285203381488952
2023-12-12,-0.0010505763128596888
2023-12-13,0.01098984915925178
2023-12-14,0.00111164877432905
2023-12-15,1.1114366341438307e-05
2023-12-18,0.001667386873485009
2023-12-19,0.009640299729294902
2023-12-20,-0.015152699247882696
2023-12-21,-0.0005815445408995327
2023-12-22,0.007752129828190576
2023-12-25,0.0032183021108395547
2023-12-26,0.0011633742043134152
2023-12-27,-0.0006428091516224206
2023-12-28,0.0034939946305767708
2023-12-29,-0.0019527874665934415
2024-01-02,0.0017581956859566974
2024-01-03,0.005483380641163391
2024-01-04,-0.0036500053563125693
2024-01-05,-0.0050499275269071334
2024-01-08,-0.003594925800013345
2024-01-09,0.0029910086604353356
2024-01-10,0.011542176972496024
2024-01-11,0.0027557398347501086
2024-01-12,-0.0075715461832845075
2024-01-15,0.005838712535793508
2024-01-16,0.0025344531351048005
2024-01-17,-0.002621236730443925
2024-01-18,-0.005851216515012006
2024-01-19,0.0051557082819290775
2024-01-22,0.009324351307373895
2024-01-23,-0.004007067167034739
2024-01-24,0.0033715742469472305
2024-01-25,0.006773500156510439
2024-01-26,0.007707758555185931
2024-01-29,-0.003914910651660226
2024-01-30,0.004060069633243981
2024-01-31,0.00149997360442663
2024-02-01,0.008008795003937391
2024-02-02,-0.003233502447228659
2024-02-05,0.0019924607671842126
2024-02-15,-0.0011862680744811928
2024-02-16,-0.0016960319144167686
2024-02-19,-0.0009240739047949136
2024-02-20,-0.012715251489067464
2024-02-21,-0.00404549752364686
2024-02-22,0.010224480821293666
2024-02-23,0.0014223365496243358
2024-02-26,0.006975311718573714
2024-02-27,0.0009342122778163951
2024-02-29,-0.0018473018921661942
2024-03-01,0.00813099880213575
2024-03-04,0.006393517120855856
2024-03-05,-0.00633438568108475
2024-03-06,0.0006790117881534368
2024-03-07,-0.000945836395474485
2024-03-08,0.00673923013247716
2024-03-11,-0.00266199683044269
2024-03-12,-0.005757311282094828
2024-03-13,-0.0005002366437993188
2024-03-14,0.0111286361873769
2024-03-15,-0.0022722543817656022
2024-03-18,-0.0005899721731327566
2024-03-19,0.0032360751317744617
2024-03-20,0.0049082061606478995
2024-03-21,0.006523104715139261
2024-03-22,0.002765018442985809
2024-03-25,0.012594252403886213
2024-03-26,-0.010697074805496847
2024-03-27,0.005203819656826121
2024-03-28,0.00639887956098666
2024-03-29,8.702054183148955e-05
2024-04-01,-0.004995429786526723
2024-04-02,-0.005810956486358657
2024-04-03,-0.0019747345552244356
2024-04-08,0.0010922425135931886
2024-04-09,-0.0004101768194918285
2024-04-10,0.001391855729019188
2024-04-11,0.0004940478253922963
2024-04-12,-0.0019160781225330925
2024-04-15,0.003883153192119749
2024-04-16,0.011846281771370853
2024-04-17,-0.006933078520564538
2024-04-18,-0.006829480460605233
2024-04-19,0.001277877592870038
2024-04-22,0.019093458070299125
2024-04-23,0.0024846044242546363
2024-04-24,-0.007123803846636029
2024-04-25,-0.008574859544001535
2024-04-26,-0.0022495875789912915
2024-04-29,-0.009207538492791526
2024-04-30,-0.002091164950326752
2024-05-02,-0.009105857431020742
2024-05-03,0.0006697701265977124
2024-05-06,0.013497876973389509
2024-05-07,-0.005738115630876684
2024-05-08,-0.0004960772560436004
2024-05-09,0.004923624718974704
2024-05-10,0.004264502152971462
2024-05-13,0.015961975333258594
2024-05-14,-0.0059695724473149865
2024-05-15,0.0010642822395648438
2024-05-16,-0.002623273099713415
2024-05-17,-0.0005758478088065495
2024-05-20,0.00932449232201692
2024-05-21,0.0059674412206923485
2024-05-22,0.02057033925378236
2024-05-23,0.0027491376470923246
2024-05-24,0.0024323970819398297
2024-05-27,0.0015546041841163084
2024-05-28,0.003505099098650365
2024-05-29,-0.01147514024098121
2024-05-30,-0.0031245467795803436
2024-05-31,0.003061774655099726
2024-06-03,-0.006967690780893236
2024-06-04,-0.004170762111041544
2024-06-05,-0.005928308245175526
2024-06-06,-0.0011507274566358722
2024-06-07,3.6189286439380734e-05
2024-06-11,0.003535100146842248
2024-06-12,-0.0027908173908644976
2024-06-13,-0.0022735332477504984
2024-06-14,-0.0030807860716502754
2024-06-17,-0.005860253769260774
2024-06-18,0.006691022089822222
2024-06-19,-0.00038075937060009146
2024-06-20,-0.003362456394894026
2024-06-21,0.0008932159057788982
2024-06-24,-0.006188039234587405
2024-06-25,-0.007245269793315802
2024-06-26,-0.0017428588082911952
2024-06-27,0.004533454171964486
2024-06-28,-0.0013822755310719092
2024-07-01,0.0060553897857173996
2024-07-02,-0.0001514572987935045
2024-07-03,0.004981960731374322
2024-07-04,0.020855418901537574
2024-07-05,0.007428030357711378
2024-07-08,-0.00750509013496479
2024-07-09,-0.0028340663611095326
2024-07-10,0.007974961662307028
2024-07-11,0.01042276679719255
2024-07-12,-0.005317986619956014
2024-07-15,-0.0006412213966040479
2024-07-16,-0.000626036248151207
2024-07-17,-0.007470283629494641
2024-07-18,-0.0036023869879226733
2024-07-19,-0.0005464693457470568
