,t_lag,t_lag,t_lag,t_lag,t_lag,t_lag,t_lag,t_lag,t_lag,t_lag,t_lag,t_lag,t_lag,t_lag,t_lag,t_lag,t_lag,t_lag,t_lag,t_lag,t_lag,t_lag,t_lag,t_lag,t_lag,t_lag,t_lag,t_lag,t_lag,t_lag,t_lag,t_lag,t_lag,t_lag,t_lag,t_lag,t_lag,t_lag,t_lag,t_lag,t_lag,t_lag,t_lag,t_lag,t_lag,t_lag,t_lag,t_lag,t_lag,t_lag,t_lag,t_lag,t_lag,t_lag,t_lag,t_lag,t_lag,t_lag,t_lag,t_lag,t_lag,t_lag,t_lag,t_lag,t_lag,t_lag,t_lag,t_lag,t_lag,t_lag,t_lag,t_lag,t_lag,t_lag,t_lag,t_lag,b_lag,b_lag,b_lag,b_lag,b_lag,b_lag,b_lag,b_lag,b_lag,b_lag,b_lag,b_lag,b_lag,b_lag,b_lag,b_lag,b_lag,b_lag,b_lag,b_lag,b_lag,b_lag,b_lag,b_lag,b_lag,b_lag,b_lag,b_lag,b_lag,b_lag,b_lag,b_lag,b_lag,b_lag,b_lag,b_lag,b_lag,b_lag,b_lag,b_lag,b_lag,b_lag,b_lag,b_lag,b_lag,b_lag,b_lag,b_lag,b_lag,b_lag,b_lag,b_lag,b_lag,b_lag,b_lag,b_lag,b_lag,b_lag,b_lag,b_lag,b_lag,b_lag,b_lag,b_lag,b_lag,b_lag,b_lag,b_lag,b_lag,b_lag,b_lag,b_lag,b_lag,b_lag,b_lag,b_lag,b_now,b_now,b_now,b_now,b_now,b_now,b_now,b_now,b_now,b_now,b_now,b_now,b_now,b_now,b_now,b_now,b_now,b_now,b_now,b_now,b_now,b_now,b_now,b_now,b_now,b_now,b_now,b_now,b_now,b_now,b_now,b_now,b_now,b_now,b_now,b_now,b_now,b_now,b_now,b_now,b_now,b_now,b_now,b_now,b_now,b_now,b_now,b_now,b_now,b_now,b_now,b_now,b_now,b_now,b_now,b_now,b_now,b_now,b_now,b_now,b_now,b_now,b_now,b_now,b_now,b_now,b_now,b_now,b_now,b_now,b_now,b_now,b_now,b_now,b_now,b_now,ratio,ratio,ratio,ratio,ratio,ratio,ratio,ratio,ratio,ratio,ratio,ratio,ratio,ratio,ratio,ratio,ratio,ratio,ratio,ratio,ratio,ratio,ratio,ratio,ratio,ratio,ratio,ratio,ratio,ratio,ratio,ratio,ratio,ratio,ratio,ratio,ratio,ratio,ratio,ratio,ratio,ratio,ratio,ratio,ratio,ratio,ratio,ratio,ratio,ratio,ratio,ratio,ratio,ratio,ratio,ratio,ratio,ratio,ratio,ratio,ratio,ratio,ratio,ratio,ratio,ratio,ratio,ratio,ratio,ratio,ratio,ratio,ratio,ratio,ratio,ratio
,1711,1717,1727,1742,1785,2360,2467,2493,3010,3030,3114,3178,3305,3339,3402,3413,3455,3467,3535,3551,3583,3663,3680,4720,4722,4749,4755,4764,4768,4772,4949,5222,5234,5434,5493,5536,6207,6208,6223,6277,6438,6510,6515,6532,6613,6658,6664,6667,6683,6706,6725,6735,6788,6789,6823,6829,6877,6895,6909,6937,6953,7556,7631,7704,7728,7730,7751,7769,7795,7810,7822,7828,8027,8091,8374,8383,1711,1717,1727,1742,1785,2360,2467,2493,3010,3030,3114,3178,3305,3339,3402,3413,3455,3467,3535,3551,3583,3663,3680,4720,4722,4749,4755,4764,4768,4772,4949,5222,5234,5434,5493,5536,6207,6208,6223,6277,6438,6510,6515,6532,6613,6658,6664,6667,6683,6706,6725,6735,6788,6789,6823,6829,6877,6895,6909,6937,6953,7556,7631,7704,7728,7730,7751,7769,7795,7810,7822,7828,8027,8091,8374,8383,1711,1717,1727,1742,1785,2360,2467,2493,3010,3030,3114,3178,3305,3339,3402,3413,3455,3467,3535,3551,3583,3663,3680,4720,4722,4749,4755,4764,4768,4772,4949,5222,5234,5434,5493,5536,6207,6208,6223,6277,6438,6510,6515,6532,6613,6658,6664,6667,6683,6706,6725,6735,6788,6789,6823,6829,6877,6895,6909,6937,6953,7556,7631,7704,7728,7730,7751,7769,7795,7810,7822,7828,8027,8091,8374,8383,1711,1717,1727,1742,1785,2360,2467,2493,3010,3030,3114,3178,3305,3339,3402,3413,3455,3467,3535,3551,3583,3663,3680,4720,4722,4749,4755,4764,4768,4772,4949,5222,5234,5434,5493,5536,6207,6208,6223,6277,6438,6510,6515,6532,6613,6658,6664,6667,6683,6706,6725,6735,6788,6789,6823,6829,6877,6895,6909,6937,6953,7556,7631,7704,7728,7730,7751,7769,7795,7810,7822,7828,8027,8091,8374,8383
2012-04-30,1.5097245426872072,-1.8311543476887204,-0.58435613770727,-0.2665395102066915,1.1279244222361653,-0.4386204282026955,-0.053693282486298115,-0.45644113882055615,0.18069354778879068,-0.8097273077934168,-0.6358581042195564,,0.14111716871728605,-0.3200265050801512,1.312272968813793,,-1.3047479417000163,,0.2419100138409407,0.39917545036168495,,,,1.0868676300856335,-0.8466721737216695,,,,,,,,,0.5927242689122179,-0.5598305674560353,,-0.2244705364670179,1.4438536840360254,0.28734815079143033,0.8328622094997964,,,,,,,,,,,,,,,,,,,,,,,,,,,,,,,,,,-0.4240280226051833,-0.4737490054542145,0.14609313009492117,0.10060393368352454,-0.09608802870711694,-0.046344790248373555,-0.010654905244074182,0.08204382299139444,-0.02660217499893362,-0.0022146107824219064,-0.026636251462027243,0.008193710221447261,-0.04953338493906096,-0.0313492577514213,,0.007858730342739989,-0.01975644929912493,0.07478085727267804,,-0.1092005067193235,,0.019199284834627368,0.02223807198379442,,,,0.073450842217216,-0.04542736893471617,,,,,,,,,0.027624977697703598,-0.03556847056470048,,-0.011822555671638441,0.07476001715821468,0.0187407656337417,0.045164189810348254,,,,,,,,,,,,,,,,,,,,,,,,,,,,,,,,,,-0.021860757747019684,-0.023751323318089126,0.009894994060330809,0.7167960189967466,0.5064020367165736,0.6558923116454399,0.3129495225025648,0.829712457918852,0.5586724940514077,0.5133781885223232,0.5997572179561208,0.5554794269842366,0.7089362529059504,0.42743298671600416,,0.7911936859134814,0.8451142473776466,0.5683381056492394,,0.6348636624397801,,0.7525238889685535,0.5661441736513184,,,,0.49197472481500537,0.3496449261253348,,,,,,,,,0.7000729592322383,0.4655654240586034,,0.5386068945111839,0.46496190422273026,0.8250732846921308,0.5330485639449403,,,,,,,,,,,,,,,,,,,,,,,,,,,,,,,,,,0.43687500065453444,0.5607912134196753,0.5348488169881281,0.14035224947863606,-0.1897465289242036,-0.07065914545042946,-0.03404672152515222,0.09888223589794351,-0.04761676166660489,-0.004313799908009938,-0.044411723051536484,0.014750699708055584,-0.06987001262246383,-0.0733430940655276,,0.009932751591244822,-0.023377252673740086,0.13157811614136333,,-0.1720062324872495,,0.025513189835000265,0.03927987431252907,,,,0.1492979994954727,-0.12992429044553655,,,,,,,,,0.03946014102301506,-0.07639843666788981,,-0.021950249415889998,0.16078740318132054,0.02271406186752812,0.08472809583446014,,,,,,,,,,,,,,,,,,,,,,,,,,,,,,,,,,-0.05003893039031183,-0.04235323726499709,0.018500543978113435
2012-05-31,1.5093731814533606,-1.7776469209886998,-0.5759059605569592,-0.5234201305491625,0.9811407295490306,-0.4199455341040679,-0.030400112191880675,-0.5875753930970746,0.13839216344058583,-0.8326652833506204,-0.5807681806129136,,0.17156158028332794,-0.24617453065961165,1.0601987116775886,,-1.3586289880400342,,0.2078346989382014,0.4084572589306193,,,,1.063804369917754,-0.6567105481845732,,,,,,,,,0.5101125003384603,-0.5738283525488835,,-0.28863194501653594,1.3003663788104085,0.2742613311197656,0.8451128546396262,,,,,,,,,,,,,,,,,,,,,,,,,,,,,,,,,,-0.5930847980349734,-0.4562280883522959,0.03916811579355974,0.10102061827311759,-0.09400183095169044,-0.04590750075069073,-0.020676385702437072,0.07177163775825897,-0.025616793383816172,-0.0012631581773558608,-0.034242644299875516,0.006314995358539652,-0.05129892707256611,-0.02860649006411428,,0.009572867493041058,-0.015306344789769789,0.06020723330422084,,-0.1136204437669732,,0.016382918098276977,0.02259123014852101,,,,0.07245146967016491,-0.0351886256489482,,,,,,,,,0.023900860752422367,-0.036546254771789986,,-0.015275558346749324,0.0674069287914975,0.017979465038091842,0.046066232317641106,,,,,,,,,,,,,,,,,,,,,,,,,,,,,,,,,,-0.03037790915354013,-0.023107119490687136,0.0026716968014308686,0.7170457452763398,0.5119256683150797,0.6620094385598159,0.3171533162059494,0.8356661868839498,0.5597705002833974,0.5136444265651127,0.6011083887079357,0.5570497887800615,0.7101019900019896,0.4272401369500485,,0.7892199852099155,0.8528991174696966,0.5677729483050005,,0.6490306071737455,,0.7625548878864976,0.5646565857603615,,,,0.49192622748883097,0.35174395016402427,,,,,,,,,0.6996155295366495,0.4651983812691941,,0.5419913639875619,0.47094881436342106,0.8291664449344283,0.5338456597111915,,,,,,,,,,,,,,,,,,,,,,,,,,,,,,,,,,0.44635085863504015,0.5667542351863237,0.5299586846751976,0.14088448183202817,-0.18362398443719813,-0.06934568916503862,-0.06519366074990204,0.08588553525886049,-0.04576302854624717,-0.002459207405019385,-0.05696584001011705,0.011336500768395381,-0.07224163260325799,-0.06695646684398207,,0.012129530007396963,-0.01794625469326227,0.10604103891169939,,-0.17506176520972147,,0.0214842477027247,0.04000879599783621,,,,0.14728116864191776,-0.10004045736263308,,,,,,,,,0.03416285051341233,-0.07856058026702793,,-0.0281841360614371,0.14313005306661844,0.021683782728947366,0.08629129314746657,,,,,,,,,,,,,,,,,,,,,,,,,,,,,,,,,,-0.0680583638764291,-0.04077096924223343,0.005041330350248539
2012-06-29,1.4695979441250908,-1.6703493863284455,-0.44301268190301374,-0.6218092663011809,0.7777913531080728,-0.5851013787137482,-0.11182922431749164,-0.6584089729292337,0.34282784632530083,-0.8282018220570881,-0.631989302995023,,0.17599367263427812,-0.32452046769116527,1.0022900036230702,,-1.3804119412106644,,0.18922171525820622,0.4215023323562568,,,,1.1720922370503568,-0.6857239811777441,,,,,,,,,0.6245628244752881,-0.5974841606052638,,-0.1433133560959394,1.43838688886063,0.504820627814949,0.8316168289526467,,,,,,,,,,,,,,,,,,,,,,,,,,,,,,,,,,-0.5127012002638589,-0.4791317945336928,0.32254938322081445,0.09944165540222485,-0.08944989540218794,-0.03557842067870839,-0.024547200603649167,0.05716593937169987,-0.035889765993926744,-0.004695863576674015,-0.038773231661966806,0.01574411877399511,-0.051577342899303116,-0.03150972287267274,,0.009928537606189548,-0.020297836248998377,0.0574107800530893,,-0.11508691688134243,,0.01488453278767407,0.02323800428559785,,,,0.08004886456129173,-0.0371277816946942,,,,,,,,,0.02936004058012236,-0.03813722424364203,,-0.007642544095352909,0.07487542785825681,0.03320177660117223,0.04566075090762257,,,,,,,,,,,,,,,,,,,,,,,,,,,,,,,,,,-0.026506906720656823,-0.02455409264090207,0.021993496288962827,0.7194590327487841,0.5142414667655282,0.66626340879246,0.3219398905974262,0.8370738058629105,0.5602740529415916,0.5160312142411411,0.6050006643945435,0.559531654116942,0.7193838881725289,0.4299504085001265,,0.7947435821155444,0.8602822435727011,0.5713790810512218,,0.6568442546731087,,0.7752230745627066,0.5653166150103156,,,,0.4993142987200209,0.3585091428911818,,,,,,,,,0.7045506883252668,0.46237867968551166,,0.5422228431056021,0.4760997071249194,0.8396783540428646,0.5350381520078606,,,,,,,,,,,,,,,,,,,,,,,,,,,,,,,,,,0.44907897079275905,0.5671777572890688,0.5389202794045366,0.13821725890673087,-0.17394531787724,-0.05339993193261347,-0.07624777581335679,0.06829259137164073,-0.0640575193612763,-0.00909996032619771,-0.06408791583852103,0.02813803054421045,-0.07169654998852767,-0.07328687739265972,,0.012492755939922872,-0.023594391725095556,0.10047756727016517,,-0.17521188023273138,,0.019200322173163184,0.04110617602345513,,,,0.16031758907464674,-0.10356160346505747,,,,,,,,,0.04167200609783216,-0.08248049903507917,,-0.014094839773957042,0.1572683762197966,0.03954106526780529,0.08534111209877185,,,,,,,,,,,,,,,,,,,,,,,,,,,,,,,,,,-0.059025045581324334,-0.04329170586354251,0.04081029630813646
2012-07-31,1.3426551731641145,-2.180230906162719,-0.44520728126070325,-0.6085415180917643,0.31079026616742783,-0.5529948745816119,-0.07775592458984594,-0.37021467151226184,0.4276632303665161,-0.9211314164968714,-0.6693973596695597,,0.5359163449084394,-0.2778980982610703,0.8505821800038378,,-1.3614875942766762,,0.162914562512187,0.46268202823109195,,,,1.6654679456100991,-0.4379032795652921,,,,,,,,,0.36420503194028025,-0.4397004724475056,,-0.036215646943481054,1.3095685492966977,0.6830711750138297,0.8195174521346725,,,,,,,,,,,,,,,,,,,,,,,,,,,,,,,,,,-0.12989860801776254,-0.481919504998049,0.558594556432204,0.09098618182381467,-0.11408377066448332,-0.03551299483519351,-0.024519890248592784,0.021077369318748165,-0.03418826050388374,-0.0033288854155802783,-0.021614456009093928,0.02004860480198196,-0.05779245369111702,-0.034188910594268644,,0.030117323856601378,-0.01732619676641152,0.04886747459327715,,-0.1132189802361461,,0.012759559424754992,0.0254251649938059,,,,0.10763732304312279,-0.023840319707125687,,,,,,,,,0.01701315764099154,-0.027988780174878575,,-0.001960939704369801,0.06933748104137138,0.04485342466626995,0.04555376489280935,,,,,,,,,,,,,,,,,,,,,,,,,,,,,,,,,,-0.00670035418491886,-0.02519240826330899,0.038012396498318606,0.7085518439761928,0.5190832623367365,0.6601472882397306,0.3240435919569078,0.8504513562820585,0.5595900244686525,0.5221770330244345,0.6113401257764989,0.5624428061816537,0.7158664739659645,0.4330397651566063,,0.7875243952360896,0.8577427930442726,0.5747196751449829,,0.6570423565696449,,0.7780034406239283,0.5634184922341635,,,,0.5014923239682322,0.3590049902367483,,,,,,,,,0.7054522188146742,0.4587210564095516,,0.538683071307706,0.4774233380513394,0.8417469596503783,0.5326732964248455,,,,,,,,,,,,,,,,,,,,,,,,,,,,,,,,,,0.44290642953917725,0.5711360166098064,0.5335638560039051,0.12841146713164406,-0.21977932817736587,-0.05379556269917914,-0.07566849293490582,0.0247837447292608,-0.06109519292511784,-0.006375013079950048,-0.03535586017953613,0.03564558846096577,-0.08073077283664598,-0.07895097250919768,,0.03824303607454928,-0.020199757907516717,0.08502836549131451,,-0.1723161058097556,,0.016400389456532896,0.04512660720983026,,,,0.21463403904451636,-0.06640665270809752,,,,,,,,,0.024116668978060127,-0.061014814523556254,,-0.0036402475013915464,0.1452327012843164,0.05328611425564274,0.08551914503421423,,,,,,,,,,,,,,,,,,,,,,,,,,,,,,,,,,-0.015128148380889966,-0.04410929713879374,0.07124245030952846
2012-08-31,0.843686329448882,-2.7065996170166158,-0.7199367485191245,-0.23872113816295606,0.2635119521632798,-0.6328554942030589,-0.11320950519125825,-0.6576237532435322,0.32418899491988223,-0.8971619483650849,-0.6928509159486429,,0.24803634840393182,-0.2396778821985677,0.3968520221215927,,-1.3422168584453966,,0.17854631432408505,0.44015733221222186,,,,2.1772604049093176,-0.4253268052440035,,,,,,,,,0.14308150967838026,-0.41117963600958746,,0.12102297129546663,1.0555979037530638,0.6409781179056536,0.47567962959566146,,,,,,,,,,,,,,,,,,,,,,,,,,,,,,,,,,-0.44491453056731506,-0.3242795327543269,0.754781758997982,0.056345886183545135,-0.13842697950968438,-0.05834767590524578,-0.009597369332925694,0.017698273618554416,-0.039644367139690974,-0.00501325306602823,-0.03939814010352753,0.015617270548079525,-0.058409647597711514,-0.036500024512054315,,0.014114769549522212,-0.015318667305315671,0.021939672267583487,,-0.11143950264891701,,0.013957098033318745,0.024127693509186983,,,,0.13187493340223297,-0.023993603504038497,,,,,,,,,0.006877391704723336,-0.02685003825367654,,0.006789541845864294,0.05668816803909122,0.04264139296184391,0.02703291512593216,,,,,,,,,,,,,,,,,,,,,,,,,,,,,,,,,,-0.023464438469515417,-0.017701456526492822,0.05200149299859538,0.6955128996542537,0.5151154533974819,0.6468892829216601,0.3280639222289384,0.851995111947922,0.5674233606846492,0.5241934444783001,0.6076727929909068,0.5676223882098844,0.7230869154566762,0.42122114007459127,,0.7822991643414307,0.8610778046324739,0.5750690224678962,,0.658733801707014,,0.7800160357185714,0.5626650936166013,,,,0.48754398147697137,0.35318728947977757,,,,,,,,,0.7044888297061634,0.44613570741424,,0.5447394220370271,0.47264473154083575,0.8397669618831306,0.5273148125242602,,,,,,,,,,,,,,,,,,,,,,,,,,,,,,,,,,0.4335733960891722,0.5877757923096635,0.5329776319560522,0.08101343082429562,-0.26873000721814705,-0.09019731420146564,-0.029254571083949302,0.020772740794358244,-0.06986735105839906,-0.009563746206360203,-0.06483446446501857,0.027513485853388985,-0.08077818357537564,-0.08665287906867819,,0.018042674967452592,-0.01779010819104088,0.03815137211430701,,-0.16917228531485337,,0.017893347564913967,0.04288109175940375,,,,0.27048828087822874,-0.06793450449301149,,,,,,,,,0.009762243792555008,-0.06018356703456175,,0.012463834213567886,0.11993822051985245,0.05077765010690938,0.05126522996106516,,,,,,,,,,,,,,,,,,,,,,,,,,,,,,,,,,-0.054118722876367466,-0.03011600130201857,0.09756787129648863
2012-09-28,0.9215397031699347,-2.9965996711020013,-0.6850147009380266,0.1278811686352293,0.3400054947038297,-0.5582704270567478,0.12293971875847984,-0.5910360011988373,0.6193881008672505,-0.7220607715563934,-0.3514940364681201,,0.16517635069833494,0.1599108596184531,0.4214771502828469,,-1.303359009610111,,0.20468853184274152,0.44824177133750864,,,,2.287937730597701,-0.45429827194899486,,,,,,,,,0.12909035888036835,-0.31469963944936613,,0.3625758726234586,1.1396134833435465,0.8243954664235492,0.7702730230563751,,,,,,,,,,,,,,,,,,,,,,,,,,,,,,,,,,-0.009669223441745768,-0.28536616297027656,0.7399544461024182,0.06252636899272994,-0.15072205527578675,-0.05327751461039673,0.005243492278935696,0.02305381516996123,-0.03579916551305728,0.005541673729087645,-0.03615465449990686,0.029953097465621924,-0.047278227058155056,-0.01841173184638362,,0.009607946719470682,0.01014940091728689,0.023769674512503676,,-0.10784722821112847,,0.015950830722773736,0.024417375115563508,,,,0.14074663682199995,-0.026265279485609038,,,,,,,,,0.0063435958712149765,-0.020475319833163187,,0.02060859619923604,0.06230926391559456,0.05531687367621295,0.044097414044978474,,,,,,,,,,,,,,,,,,,,,,,,,,,,,,,,,,-0.0005046559049731343,-0.01568612948584003,0.052187176838912115,0.6988415718482436,0.5218458459148887,0.6569064038867026,0.329579958232878,0.8479509805841334,0.5672151276661604,0.5299040995514473,0.6129026308282306,0.5680236381153295,0.7223818134629917,0.4229755312983607,,0.7853549496239249,0.8614367311838415,0.5781860422187801,,0.6575649803180469,,0.7789389682712022,0.5618936999517968,,,,0.48938508951144033,0.35539416286019815,,,,,,,,,0.7093756681674042,0.45084926188923846,,0.5412531088856317,0.476413583923719,0.8455480400579277,0.5203220279153906,,,,,,,,,,,,,,,,,,,,,,,,,,,,,,,,,,0.4349276522659937,0.5917895332902368,0.5361713913810378,0.08947145034226413,-0.28882486361761517,-0.08110366148841132,0.01590962116461795,0.027187674403159487,-0.06311391175400244,0.010457880461348676,-0.05898923039545478,0.05273213200247197,-0.06544769840136232,-0.04352907079486888,,0.012233890833783557,0.011781945846840005,0.04111077192608786,,-0.16400999359632198,,0.020477638650144094,0.04345550611736384,,,,0.2875989478194139,-0.07390464512480202,,,,,,,,,0.008942505580439452,-0.045415001340721774,,0.038075709609624975,0.1307881765301873,0.06542132564392585,0.0847502348144852,,,,,,,,,,,,,,,,,,,,,,,,,,,,,,,,,,-0.0011603214979407565,-0.026506263804005028,0.09733301268553615
2012-10-31,1.0909052490590807,-2.6976336072119893,-0.728996982910561,0.13277378642814472,-0.04148915287727506,-0.28706853501090424,0.007180855161095118,-0.4779353575309103,0.5447517084709653,-0.33897375390939716,-0.5880793206317046,,0.17034315283955379,0.15051815041735167,0.37215288801339746,,-1.290708464076092,,0.20799770122544742,0.39912494090311873,,,,2.2573153052101045,-0.3420138921693015,,,,,,,,,-0.12055262385133565,-0.6635073268602425,,0.37568037837629037,0.9271647929664465,0.6458199131142784,0.5804725885303236,,,,,,,,,,,,,,,,,,,,,,,,,,,,,,,,,,-0.11391067732135562,-0.10150922686851895,0.7750831323240843,0.07255769025035383,-0.13335693095505358,-0.058053726483820116,0.005645233893799942,-0.0028099032260963763,-0.018764777989046834,0.0003280858628661003,-0.029864818743961203,0.02687098269053532,-0.021859459844904755,-0.030858779688397894,,0.010163660368438064,0.009879871454556021,0.021549384050646523,,-0.10620447331134043,,0.01610416782972847,0.021639838154276073,,,,0.1421811446462512,-0.02019461023327385,,,,,,,,,-0.005970364233896364,-0.04286949672789661,,0.021971932222918437,0.05163249921541603,0.044182682567640075,0.0335621911428557,,,,,,,,,,,,,,,,,,,,,,,,,,,,,,,,,,-0.006068919426164724,-0.005712143409603267,0.0559622566782654,0.7089538313464402,0.5219405858277444,0.660286329977404,0.3385829773397305,0.8462861538098739,0.5715389526712927,0.5342966098136521,0.6143543625807334,0.5712181625055909,0.7154435140519165,0.42661089910507344,,0.7922508275701469,0.8698250500287474,0.5870144134052714,,0.6655750815512613,,0.7847387258986211,0.5602279325954181,,,,0.488153583343715,0.3569298198376581,,,,,,,,,0.7164860959263148,0.4644661919635893,,0.5522405922624855,0.4797656417413928,0.862153574922575,0.5268837075241624,,,,,,,,,,,,,,,,,,,,,,,,,,,,,,,,,,0.4361369197346228,0.6078728300724077,0.5354735113551127,0.10234473253717068,-0.25550212912368775,-0.08792204812994811,0.01667311788133866,-0.003320275551533657,-0.032832019412400326,0.0006140519270382935,-0.048611714285721565,0.047041541138447815,-0.030553718659218305,-0.07233471942027772,,0.01282884159251719,0.011358458179871337,0.03671014468901797,,-0.15956798301975006,,0.02052169377940058,0.038626846137469896,,,,0.2912631382778147,-0.05657865807474124,,,,,,,,,-0.008332840327037372,-0.0922984222956259,,0.039786883707518116,0.10762025189633609,0.05124688205533204,0.06369942866627086,,,,,,,,,,,,,,,,,,,,,,,,,,,,,,,,,,-0.013915170102676684,-0.009396938186763269,0.10450985061173759
2012-11-30,1.022017251560964,-2.8256296171944575,-1.0229722177563798,-0.014739463942597689,0.25369912367141234,-0.21463483133701025,-0.4201178229707274,-0.7998131578008445,0.44275669105406157,-0.04414202734152215,-0.6815446949532727,,-0.28474241204953327,0.12141613913676476,0.10622071338958304,,-1.324033488150835,,0.26793771431883556,0.4140489999940388,,,,2.394341842356135,-0.45602775679109836,,,,,,,,,-0.4884752050212794,-0.8574743370404293,,0.3421301601337195,0.7174723973476306,0.4546242045670515,0.32253302463131234,,,,,,,,,,,,,,,,,,,,,,,,,,,,,,,,,,-0.37372510153537003,-0.08706770490038752,0.7596984883342535,0.0691224628842373,-0.14408722860137857,-0.08345649877229648,-0.0006489976024133318,0.017107075717997338,-0.014578461595017411,-0.018786496308587735,-0.05122195122137809,0.02232167633163197,-0.0028793976711872634,-0.03691182119181097,,-0.01672277750205715,0.008290609575926198,0.006134350074545898,,-0.10869999404444798,,0.02071580227108983,0.02240428473604793,,,,0.1502513121112797,-0.027866921298625825,,,,,,,,,-0.024279378037029654,-0.05744564310976359,,0.019986781460216162,0.04093405175984496,0.03167973101222422,0.019067578445154925,,,,,,,,,,,,,,,,,,,,,,,,,,,,,,,,,,-0.020658694516560768,-0.005070920332172007,0.05696801331297426,0.7062998234800116,0.5225217015518364,0.6482557467189733,0.34693439481818034,0.8519626250165324,0.58000027003747,0.5343273382342645,0.6128063772227393,0.5752033323030974,0.7046039535889401,0.4260495256741677,,0.7991191618633365,0.8815302627253091,0.583451727107896,,0.6649000286710716,,0.7900606509791228,0.5593188595858709,,,,0.48568348980560627,0.3578714233889507,,,,,,,,,0.7184054921055536,0.4696892950232274,,0.5506879241155122,0.4927258749431095,0.875359891758281,0.5141471976977303,,,,,,,,,,,,,,,,,,,,,,,,,,,,,,,,,,0.4348336544612018,0.6219279304967622,0.5443694023740764,0.097865609740158,-0.2757535776475008,-0.12874008320743183,-0.001870663768443758,0.020079608207772465,-0.025135266909575047,-0.03515915238525788,-0.08358586516922005,0.038806583825334647,-0.0040865477074332164,-0.0866373953436583,,-0.020926512965931156,0.009404792922588081,0.010513894791182084,,-0.16348321455438267,,0.026220521482011185,0.04005637276854287,,,,0.3093605511923361,-0.07786852896700501,,,,,,,,,-0.03379620326380014,-0.12230562569437047,,0.03629420690914541,0.08307672448614807,0.03619052153348163,0.03708583559443,,,,,,,,,,,,,,,,,,,,,,,,,,,,,,,,,,-0.047509419532300826,-0.008153549766002039,0.10464955058922899
2012-12-28,1.0286722355573243,-2.6781450175848285,-0.8770624505471453,0.13287529385992192,0.13579615004575507,-0.20547032705226895,-0.30229540853000164,-0.7648843059919639,0.6060464879637754,0.13720574229284138,-0.4898380701076823,,-0.3195796314724405,0.04603110703534144,-0.009580313849714852,,-1.300027013069865,,0.27045853723497937,0.36216273507726027,,,,2.4632101783974427,-0.4778341499860397,,,,,,,,,-0.461894311400716,-0.7690890270274927,,0.638208278458662,0.8727071416096474,0.6062015718716297,0.23757332268576584,,,,,,,,,,,,,,,,,,,,,,,,,,,,,,,,,,-0.1604843316315909,-0.10843038840053888,0.9253154567792776,0.07069928613431765,-0.13831382132276804,-0.07265400190822012,0.005969097781961399,0.00924863970044936,-0.013993320012562163,-0.013788850462833766,-0.049917220738686416,0.03107951853276456,0.009036709390383934,-0.02692074266835195,,-0.019123963722517862,0.0031947095393082396,-0.0005613188727599736,,-0.1065093195399116,,0.02085523232729801,0.019634605299875332,,,,0.15650169145824366,-0.029394166169045964,,,,,,,,,-0.023357232028750702,-0.05246791169141675,,0.03748008858222484,0.05046463715376359,0.0428089597144764,0.014321882261575788,,,,,,,,,,,,,,,,,,,,,,,,,,,,,,,,,,-0.008886348254988661,-0.006434442243724298,0.07011233480187941,0.7106109511127965,0.5236623538800704,0.6379907757133542,0.35644010334541376,0.8495747423393073,0.5900581786339325,0.5339008530487428,0.6077445131246895,0.5801665326947482,0.6946689618309473,0.41780837129218773,,0.8015275610600727,0.8898158208806575,0.5911675493161832,,0.6655074481670646,,0.7913138700949858,0.5580227472210788,,,,0.4944520886897176,0.3561825360484533,,,,,,,,,0.7182430001210485,0.47880155979072064,,0.5562303119583839,0.49818381487913665,0.881299484164535,0.5143079635662174,,,,,,,,,,,,,,,,,,,,,,,,,,,,,,,,,,0.43497521794607846,0.6285074619563552,0.5297553285229691,0.09949084801409912,-0.2641278684593867,-0.11387939242065652,0.016746425909816755,0.010886198988194016,-0.023715153046363433,-0.025826612533198002,-0.0821352059305964,0.053569995477689675,0.013008655758227301,-0.06443322948530716,,-0.023859396297271632,0.0035903042678499596,-0.0009495089394018053,,-0.16004226524174708,,0.026355196231799452,0.0351860303144532,,,,0.31651538144568914,-0.08252556819643546,,,,,,,,,-0.03251995776473173,-0.10958174763329916,,0.06738231947529862,0.10129722332711012,0.04857481535355596,0.027846899671293612,,,,,,,,,,,,,,,,,,,,,,,,,,,,,,,,,,-0.02042955066945964,-0.01023765449609112,0.13234852209483625
2013-01-31,1.3074928981989993,-2.412437671931857,-0.803915582528417,0.2509473115318451,-0.25893149006099153,-0.15210365047627192,-0.5698425523856565,-0.7733804828433515,0.4667856416450617,0.5801489343550434,-0.4313803110972394,,-0.3580953186987708,-0.16966062600603168,0.017343922075095383,,-1.3080811886257835,,0.3536987334276347,0.3780473413210192,,,,2.351235791173394,-0.7443793065048827,,,,,,,,,-0.20670861537500576,-1.0892386483691927,,0.4586902753798949,0.5523386812110895,0.5051668121094086,0.36247134160977645,,,,,,,,,,,,,,,,,,,,,,,,,,,,,,,,,,-0.0856980836138476,-0.24110061272411426,1.0207572604546564,0.09322039436218606,-0.1259447741690926,-0.07007318629444412,0.011862640721182326,-0.017615131667150806,-0.010874675305995282,-0.026965569496132342,-0.051634948145701506,0.024964431884757197,0.03937315743263414,-0.02489183017309716,,-0.02170665982990712,-0.01246923892820219,0.0010560694527026147,,-0.11121494211702425,,0.027215858559715263,0.020401745179993044,,,,0.15781540033324068,-0.04767653862040617,,,,,,,,,-0.010455560029078534,-0.07589928582490647,,0.027235660087840948,0.03304446923019386,0.03652486943832584,0.02229184978131256,,,,,,,,,,,,,,,,,,,,,,,,,,,,,,,,,,-0.00493322247187649,-0.0151353100502873,0.07908879531582205,0.7080153288867601,0.5259848942808749,0.6439616883919306,0.36579615906702073,0.8353211544974061,0.5998214309262637,0.550192371957242,0.6055434659922634,0.5865034564246561,0.6838939359699339,0.4202251355049362,,0.7946088082964196,0.9056489739036157,0.5937119506047213,,0.6895307950565427,,0.7887420019677835,0.5588407501654985,,,,0.5021598952337871,0.3635339378123181,,,,,,,,,0.7114474689389295,0.4936841268860981,,0.5503445736646997,0.5040799876178371,0.8845665354632133,0.500194552223404,,,,,,,,,,,,,,,,,,,,,,,,,,,,,,,,,,0.4411234612379306,0.639272091239836,0.5185464566382604,0.13166437301401382,-0.23944561058409092,-0.1088157689464841,0.03242964811724244,-0.021087855338405063,-0.01812985456221905,-0.04901116567684432,-0.0852704240827548,0.0425648504050448,0.0575720230313098,-0.05923451043257446,,-0.027317416574382726,-0.01376829134411324,0.0017787572772065012,,-0.16129075440046797,,0.034505400361355305,0.036507261100682344,,,,0.3142732062658402,-0.13114742163363072,,,,,,,,,-0.014696179950815225,-0.15374058368787258,,0.04948837762945659,0.06555401928641168,0.041291262979103294,0.044566358594318026,,,,,,,,,,,,,,,,,,,,,,,,,,,,,,,,,,-0.011183314662140896,-0.02367584985750454,0.15252017307871538
2013-02-27,1.6298643376330149,-2.236859245442613,-0.5986179518003478,0.40101218840991615,-0.27874096602187864,0.0701665694559768,-0.10189913616309883,-0.40680942758784294,0.984857900590874,0.18464957885294067,-0.1699794350444365,,-0.303001692026182,-0.04262652397202713,0.10799997868102675,,-0.9657726606551396,,0.0032448941448164365,0.34064893692556486,,,,2.525691792509521,-0.7730084773787373,,,,,,,,,0.0377416895892302,-0.9885222832650227,,0.6696734827499912,0.6666086221266164,1.1560803324622064,0.42573111855746376,,,,,,,,,,,,,,,,,,,,,,,,,,,,,,,,,,0.11853329494405848,-0.12820713806718265,1.0378907183187565,0.11408141681183033,-0.11828929036838638,-0.049524351567825295,0.01960324115945996,-0.01956986561602453,0.005118763657416371,-0.004951019264936441,-0.02700306022652579,0.05158181327146321,0.012052959915961645,-0.009990691753387253,,-0.018979592323117123,-0.0032106177944830594,0.006758148084739268,,-0.08320886617755388,,0.00023931567669829975,0.018330040029775018,,,,0.1743613787442203,-0.05148636206602555,,,,,,,,,0.0019194077318769956,-0.07225573092998873,,0.04097179860799114,0.04045965695404783,0.07776056930700097,0.02667893989116108,,,,,,,,,,,,,,,,,,,,,,,,,,,,,,,,,,0.007049162592448226,-0.008296572303930976,0.08273768286970337,0.7125173614752529,0.5307071275548362,0.6485143225324853,0.36991547389081014,0.8260599279622215,0.5922836342033319,0.553252777405537,0.6190863544713429,0.5975515192073008,0.6858346374195115,0.42498182542603413,,0.7982370559660565,0.9108761587021474,0.600323651551406,,0.7032252254684367,,0.7977771256259238,0.5598663961169038,,,,0.5096136821937011,0.367975869350198,,,,,,,,,0.7162081295864102,0.5040883600390998,,0.5533317833155199,0.5006859740198037,0.8980823115798152,0.4997110571168805,,,,,,,,,,,,,,,,,,,,,,,,,,,,,,,,,,0.44475090727038274,0.6524982697847219,0.514512411518654,0.1601103678030063,-0.22288995987935728,-0.07636585630742877,0.05299383925000756,-0.023690612452659153,0.008642419546678022,-0.008948927989397728,-0.04361759879134235,0.0863219515195787,0.017574148720909656,-0.023508515319147643,,-0.023776887055371423,-0.0035247577442993738,0.011257507624885848,,-0.1183246322287803,,0.00029997811294794435,0.03274002540053785,,,,0.3421442257862037,-0.13991776731703737,,,,,,,,,0.0026799580353624283,-0.14333941558258592,,0.07404562659041812,0.08080844891502298,0.08658512510976023,0.05338873237083681,,,,,,,,,,,,,,,,,,,,,,,,,,,,,,,,,,0.01584968681843013,-0.012715087055584462,0.1608079436324806
2013-03-29,1.0717452637981006,-2.4199587252559995,-0.9534124043661049,0.26547487977490686,-0.26871235198500765,-0.3676699928711763,-0.0819452657379088,-0.4054134032196396,0.941631042345011,-0.0058067621489853736,-0.41328235378552164,,-0.3368852076481604,-0.4631151384678629,0.2667985969228241,,-1.0835100266742426,,-0.08123519930036838,0.4249945249325179,,,,2.276451829922914,-0.6304906060679613,,,,,,,,,-0.14508401040094357,-0.9197645527213643,,0.40666165469597243,0.43425750066137275,0.8792330713330181,0.227502773669561,,,,,,,,,,,,,,,,,,,,,,,,,,,,,,,,,,0.07767631907462001,-0.10920091623017227,1.0261988710775174,0.07353991411316169,-0.1317154954797374,-0.08028803590531773,0.013538832801539844,-0.019185125928957835,-0.026142003700442822,-0.004157236223422274,-0.028007303582157167,0.051345705367676214,-0.00039291900211983375,-0.025171537682627646,,-0.021798684979079854,-0.03489421149026164,0.01704635328908641,,-0.09720646621561778,,-0.0061867864478859546,0.022928004748685164,,,,0.16334798118014343,-0.043511419367361234,,,,,,,,,-0.007594300796988601,-0.06723188830325767,,0.025797962195085355,0.02746519233037824,0.06107232061903672,0.014875117577765716,,,,,,,,,,,,,,,,,,,,,,,,,,,,,,,,,,0.004835927133628429,-0.00727933333328933,0.08445389786978509,0.7207571798925602,0.5339414455086254,0.6648947935513118,0.3767974111896625,0.8319776653950248,0.6023541805259603,0.5516655844394439,0.6216493036638797,0.6020240033625898,0.6944421148865995,0.42958834838054033,,0.8009853970261218,0.9205222299684598,0.6133738170632016,,0.7152263647487502,,0.8101620632719317,0.5612652078168707,,,,0.5179315626819683,0.3725860507816425,,,,,,,,,0.7215102875203958,0.5154715775233787,,0.5604496851021379,0.5064613886840442,0.9117412944815432,0.5026576970394592,,,,,,,,,,,,,,,,,,,,,,,,,,,,,,,,,,0.45086532200068963,0.6580391734268137,0.5189714805137627,0.10203146935577379,-0.24668528091927194,-0.12075299232903632,0.03593133179655796,-0.0230596646123291,-0.04339972153528725,-0.007535790414851611,-0.045053221192539884,0.08528846870039414,-0.0005658052610821226,-0.058594554013206276,,-0.027214834452679734,-0.0379069731878797,0.027791132935382483,,-0.13591007128178945,,-0.00763648006782731,0.040850571938829495,,,,0.3153852611999357,-0.11678220179225525,,,,,,,,,-0.010525561351436619,-0.13042792509778764,,0.046030826461047725,0.05422958777122572,0.06698426515140478,0.029592937033247106,,,,,,,,,,,,,,,,,,,,,,,,,,,,,,,,,,0.010725879542408081,-0.01106215804050293,0.16273321567917148
2013-04-30,1.0488618377808359,-2.4525119873266306,-1.0832244374838442,0.22897341668539675,-0.13100906622825206,-0.5180315862958573,-0.0016622367851621437,-0.2060201405723575,0.8902160961611895,0.0776597353454269,-0.3766929147740956,,-0.2532590400265602,-0.58178998809235,0.26610107966272795,,-0.7924586856764214,,0.18138130531957172,0.16935136714270194,,,,2.2995207071729906,-0.5745962673889643,,,,,,,,,-0.33753154757479414,-1.041537384859732,,0.4997258617364734,0.5018970190219108,0.6312190197389014,0.21579808977935447,,,,,,,,,,,,,,,,,,,,,,,,,,,,,,,,,,-0.16625558707537277,-0.026527227951424353,1.6155540901759375,0.07438302742388586,-0.13728879189023852,-0.0916139835536404,0.012238185175974203,-0.009615399057736434,-0.0376756897459746,-8.703194667334692e-05,-0.014541763508247603,0.049670778492513785,0.005446561031999991,-0.02363473618567124,,-0.016869138037988708,-0.044951526161107966,0.01757168896662991,,-0.07288471451168864,,0.014038825597479009,0.009169442121143047,,,,0.16980167279702046,-0.040727455330368915,,,,,,,,,-0.018057270765446477,-0.0765393106568336,,0.0328373734631887,0.032827263510443294,0.044672616855325906,0.014493823801429018,,,,,,,,,,,,,,,,,,,,,,,,,,,,,,,,,,-0.010567366129463468,-0.0018164072474726246,0.12912706502629423,0.729634080178795,0.5366998871636012,0.6701236125274052,0.38656537614553044,0.8381326866592491,0.602406685507694,0.5566149680935338,0.6258465674162259,0.6049445240509049,0.6939385478896404,0.43659837413962344,,0.8047054816433737,0.9275436734086362,0.6189326853098938,,0.7183211228313992,,0.8150429376465608,0.5634868900885912,,,,0.5249726236753104,0.37830880653120025,,,,,,,,,0.7217085479908157,0.5250114324501495,,0.5647500257167086,0.5107604672723272,0.9158127305113345,0.5043950056045461,,,,,,,,,,,,,,,,,,,,,,,,,,,,,,,,,,0.45542873660373795,0.6659729121031635,0.5275395331141821,0.10194565939910384,-0.25580179011364135,-0.13671206601437846,0.03165877217975903,-0.011472406709327716,-0.06254195156254354,-0.00015635933573874362,-0.023235349150004123,0.08210798927462327,0.007848765641516398,-0.054133816307142014,,-0.020963120573676802,-0.04846297532914576,0.028390307029643992,,-0.10146536443812162,,0.017224645413180518,0.016272680487209614,,,,0.3234486240601393,-0.107656640890304,,,,,,,,,-0.025020170283027145,-0.14578598850626193,,0.05814497028400432,0.06427134755701533,0.04877920492586232,0.028735066050182924,,,,,,,,,,,,,,,,,,,,,,,,,,,,,,,,,,-0.023203116712105898,-0.0027274491416420426,0.24477230031279118
2013-05-31,0.9453805416324468,-2.363567121388928,-0.9264879673719246,0.2409549587996134,-0.616272460356022,-0.7210895390783245,0.01714322802469811,-0.15375657307310417,0.8044601655753679,-0.026183032219851583,-0.40893084784434375,,-0.27562666157179777,-0.5024338609124729,0.16402118940463262,,-0.8052020685496398,,-0.09408800408323552,0.03545710351522871,,,,1.9741427984373012,-0.7073437617497016,,,,,,,,,-0.8286612943958772,-1.1728368391357156,,0.3981975365411217,0.3217799052223051,0.26013143408029465,-0.09163162030480927,,,,,,,,,,,,,,,,,,,,,,,,,,,,,,,,,,-0.030277277551500045,-0.3548636314771139,1.8923995256710215,0.06891606586849354,-0.13560693905130353,-0.07916132894337975,0.01332645170589248,-0.044014877109053864,-0.05352564645062302,0.0009273322964967563,-0.011141464337636206,0.0464713341098818,-0.0018801060126093852,-0.026605569360686712,,-0.01875263724112107,-0.03943677646919548,0.011164716101637929,,-0.07518283879415597,,-0.007241447982996734,0.0019446338437563262,,,,0.15044938752306294,-0.05032916559295068,,,,,,,,,-0.04293162004564493,-0.08900197804370029,,0.026911059503118968,0.021763852856143535,0.01850371236212617,-0.006269341910015494,,,,,,,,,,,,,,,,,,,,,,,,,,,,,,,,,,-0.001969376674831609,-0.02419228585321294,0.15219166829367858,0.7301572265472797,0.5427858590798545,0.6675620723789861,0.3939495193651218,0.8437724338846911,0.6124068534081577,0.5626478379211124,0.6317567301145264,0.6106052379192743,0.6963008160663389,0.4413322623224449,,0.8162535655893636,0.9384811911606296,0.6255646558395687,,0.7291167875033684,,0.8310228469420853,0.5673154979386315,,,,0.528977982367496,0.3752940604439961,,,,,,,,,0.73007025968429,0.5272542226206309,,0.5710039206987055,0.5179138800097113,0.9260635139087493,0.511880213695721,,,,,,,,,,,,,,,,,,,,,,,,,,,,,,,,,,0.4641731738615388,0.6747472977976877,0.5362431153202429,0.09438524109989212,-0.24983506254416452,-0.1185827239424689,0.0338278156231007,-0.05216439331445246,-0.08740210229970953,0.0016481575756570764,-0.0176356876097172,0.07610700207590684,-0.0027001347251476744,-0.060284669017123045,,-0.02297403408900396,-0.042021914600572446,0.017847421521367434,,-0.10311494685453067,,-0.0087138975897511,0.0034277819851956243,,,,0.2844152167727493,-0.13410594756924252,,,,,,,,,-0.05880477868556129,-0.1688027790490335,,0.04712937779864876,0.042022146337795475,0.019981040267989063,-0.012247673854692503,,,,,,,,,,,,,,,,,,,,,,,,,,,,,,,,,,-0.0042427628000300316,-0.03585384622091012,0.28381095056631195
2013-06-28,0.6179866161144597,-2.5173223250383794,-0.9531038428459334,0.1696321590567097,-1.030660364930122,-0.8621567447594453,-0.22206809728950894,-0.1422753296006489,0.6890541504734292,-0.03344906869588405,-0.4705492075156356,,-0.22329885815084377,-0.6335999041674779,0.0874707613905285,,-1.0351707741123921,,-0.23829412962610225,-0.0715457387279935,,,,1.9676257365476255,-0.7029786373286363,,,,,,,,,-0.962526776669079,-1.0852720688313966,,0.07729851822826983,0.12461503956111103,0.22305093350238903,-0.1577427348413352,,,,,,,,,,,,,,,,,,,,,,,,,,,,,,,,,,-0.12036640852892469,-0.406213467717266,1.7547675489028864,0.044605824551853024,-0.14625374019203247,-0.07998180480304652,0.009576033670288493,-0.07116927391321931,-0.06484184250454128,-0.012160855435780814,-0.01051181824731757,0.04050756621110867,-0.0024594660785325476,-0.03134800014070737,,-0.015522156064237647,-0.05079876082175587,0.006101127650185238,,-0.09684378120602974,,-0.01862069458269393,-0.004005229535084295,,,,0.15323720325276802,-0.05128410076979091,,,,,,,,,-0.0505452719490288,-0.0834419811362959,,0.005014017979070513,0.008542945274980628,0.016156833449820367,-0.010982293251667712,,,,,,,,,,,,,,,,,,,,,,,,,,,,,,,,,,-0.007988350153603182,-0.028326135136923267,0.14328063084960901,0.7361156141118792,0.5426082830386155,0.6700684336171681,0.3998097038462171,0.8470803323433508,0.61647699426656,0.566491408490345,0.6284244018268936,0.615665716772583,0.7011168043284304,0.4458850055428573,,0.8217887939299805,0.940867817973537,0.624824130951895,,0.7437782243866726,,0.8409074174309183,0.568865615513586,,,,0.5319557033396073,0.3764172706319994,,,,,,,,,0.7316464322923002,0.5235111749109337,,0.5714701798629491,0.5233071072791732,0.9301379681369664,0.5114593912876833,,,,,,,,,,,,,,,,,,,,,,,,,,,,,,,,,,0.4587132943229058,0.6848453667349782,0.5343656665032628,0.06059622115972881,-0.26953834794597875,-0.11936363629500973,0.023951478861483112,-0.08401714831028795,-0.10518128512108622,-0.021466972408616995,-0.016727259821163288,0.06579474072952403,-0.0035079263017927013,-0.07030512295999217,,-0.018888254718109714,-0.053991389493125,0.009764551892210708,,-0.1302051848666155,,-0.02214357276046224,-0.0070407305800479335,,,,0.2880638412009645,-0.1362426880246106,,,,,,,,,-0.06908428677861092,-0.15938911170423842,,0.008773892594488452,0.016324917349962817,0.017370362250862564,-0.021472463774725066,,,,,,,,,,,,,,,,,,,,,,,,,,,,,,,,,,-0.017414690728322073,-0.04136135909332205,0.26813217957507784
2013-07-31,0.4697956396940515,-2.760317520275776,-1.1472824776138166,0.23463719867121904,-1.1908091272724703,-0.3835949899096613,0.03150980649235493,-0.17105904339095823,1.0591320723007154,-0.255423783978988,-0.4222735044594497,,-0.33926541258841675,-0.2490743226972817,-0.08640539650615466,,-1.1084870467346448,,-0.18992513688592735,-0.2720383731702857,,,,1.7625853541891803,-0.6109564195928362,,,,,,,,,-0.8802753787144463,-0.9825543404029259,,0.19978218031138129,0.10205045074333019,0.0449898210632585,0.003000680365159717,,,,,,,,,,,,,,,,,,,,,,,,,,,,,,,,,,-0.3101345737809433,-0.544805057866529,1.5701522088582578,0.03517289293315688,-0.16113407671715513,-0.09473215460020093,0.013751673331832316,-0.08421657264790805,-0.028989774350008417,0.0017789157499136328,-0.012986456637906976,0.06121493075622527,-0.018655071966621986,-0.02913959175390441,,-0.02442528624791975,-0.019991037145116828,-0.006226129812979378,,-0.10634250191480496,,-0.01491468350545445,-0.015388430896614754,,,,0.14218557186082903,-0.04614471515765235,,,,,,,,,-0.04785891193048191,-0.0758336895250408,,0.013353416899543467,0.007097062502662576,0.003320526743819144,0.00021454912686304873,,,,,,,,,,,,,,,,,,,,,,,,,,,,,,,,,,-0.02106918429248086,-0.039049231396170996,0.13260282150283606,0.7248044788888353,0.5334670734392201,0.6682139942531845,0.4101865523976242,0.8482350562942214,0.6117373584285811,0.5713670978205098,0.6242620405154599,0.6297051425849156,0.6987435735570805,0.4452778355548709,,0.8062729107329661,0.9533042372608217,0.6215781849751738,,0.740769402860535,,0.8576241278636115,0.5780400362181793,,,,0.5354009158224203,0.3893195859526735,,,,,,,,,0.7176011803733476,0.525403889669045,,0.5748828736704629,0.5233000730366746,0.9378917219330819,0.504816968481071,,,,,,,,,,,,,,,,,,,,,,,,,,,,,,,,,,0.45259091926899847,0.6871170568270818,0.5180872300962506,0.048527422163669356,-0.3020506508083741,-0.14176918683972842,0.03352541240430964,-0.09928447547998587,-0.04738924957023514,0.00311343750226315,-0.020802893328551453,0.09721205468473755,-0.02669802295519509,-0.06544137036956466,,-0.030294067830848027,-0.02097025940276748,-0.010016647886746626,,-0.1435568228171353,,-0.017390699516124552,-0.026621738863095705,,,,0.26556841361098565,-0.11852657000221355,,,,,,,,,-0.06669291138231165,-0.1443340847225339,,0.02322806524794471,0.013562127865717288,0.003540415877618826,0.0004250037939663544,,,,,,,,,,,,,,,,,,,,,,,,,,,,,,,,,,-0.04655237963349049,-0.056830537108902,0.2559469019883023
2013-08-30,0.5455454220896265,-2.907207265805862,-1.5444711030620564,0.3755329118294511,-1.2419372348136783,-0.6419368045317494,0.3516115643943363,-0.30743901063644397,1.3452376231041887,-0.15623639675984702,-0.3363023504106201,,-0.5471877725499081,-0.12055042992098991,-0.069393393976467,,-0.9942727061734478,,-0.029016170994603414,-0.24711798703239088,,,,1.6726090081249185,-0.7159780073434854,,,,,,,,,-0.8488237939001644,-1.2983565682641622,,-0.08768530987737364,-0.06895206533583728,0.05734050836413734,-0.09153884355730185,,,,,,,,,,,,,,,,,,,,,,,,,,,,,,,,,,-0.10302619251731651,-0.5606932107063937,1.1482035951587002,0.04134788575117568,-0.17194993392087363,-0.12379088429560209,0.022767952312881617,-0.08923850833500732,-0.04947180564207517,0.020329492397975536,-0.02398988765513518,0.07904113462885709,-0.011757962813055106,-0.023851095376261067,,-0.03772621757277121,-0.009715969498493515,-0.005129398099477347,,-0.09774494168171195,,-0.0023356475093273287,-0.014191249190598769,,,,0.13965751358948597,-0.055222810428904014,,,,,,,,,-0.047629929579953864,-0.10299242974338492,,-0.005904852500407958,-0.004922123195396821,0.00429192422113796,-0.006717448425311405,,,,,,,,,,,,,,,,,,,,,,,,,,,,,,,,,,-0.007204822334164368,-0.04152842951857288,0.0971522442390407,0.7289609194228374,0.5313851753969605,0.6691099212205796,0.4143143364213836,0.8498031908928045,0.6166916454070158,0.5800980144182208,0.6292552534057171,0.6364768986382735,0.7072778239244012,0.44768691823582896,,0.7991423574102462,0.954748787116815,0.6217138543369036,,0.7500728762150046,,0.8665304557432589,0.5828881475113169,,,,0.536549444772077,0.39282804290996426,,,,,,,,,0.7208008008258628,0.5315052090815704,,0.5744910460819092,0.526327781572014,0.9427722162652276,0.5001914348532445,,,,,,,,,,,,,,,,,,,,,,,,,,,,,,,,,,0.45959102739002095,0.6918272869524951,0.5196020519479112,0.0567216769095294,-0.32358812756193644,-0.18500829291214924,0.05495332966157653,-0.10501079460675267,-0.08022130024061512,0.03504492670667722,-0.03812425486365788,0.12418539431354639,-0.01662424922050416,-0.053276283949170423,,-0.04720838186456453,-0.010176466971834709,-0.00825041627059794,,-0.13031392652797893,,-0.002695401522066466,-0.024346436363802102,,,,0.26028824547346546,-0.1405775667638907,,,,,,,,,-0.06607918515820393,-0.1937750147761555,,-0.010278406496810851,-0.009351820990135895,0.004552450896506399,-0.013429755004266108,,,,,,,,,,,,,,,,,,,,,,,,,,,,,,,,,,-0.015676594852340683,-0.060027163284504075,0.18697432751628157
2013-09-30,0.676743161587419,-2.912113994849504,-1.4144266784511392,0.04184467335955724,-1.368215696874215,-0.9194006532882871,0.3042407043906727,-0.32375344163091146,1.1901225222708778,-0.425920606917749,-0.467202780189414,,-0.56085885290033,-0.11659421061428268,-0.06688808025925927,,-0.9792374821029425,,-0.0487483560121028,-0.5241407548495495,,,,1.7670799914425834,-0.6501870278671851,,,,,,,,,-1.0054878090083168,-1.3761373883120684,,-0.06356527172020413,-0.10015091879965149,-0.2659246732922726,-0.10312187481272371,,,,,,,,,,,,,,,,,,,,,,,,,,,,,,,,,,-0.11246166695808153,-0.49579778893931964,1.0793849955447818,0.0513662234715542,-0.1759583103998195,-0.11556167922507998,0.0025319439182789317,-0.09914926256170944,-0.07125746961232521,0.017775165184374983,-0.025762554696662315,0.0709540354432284,-0.03225072927065827,-0.03390416274489958,,-0.03887624777168412,-0.009643565989472178,-0.0049802778205267325,,-0.09856402073609778,,-0.003925606816090114,-0.029854153361119146,,,,0.148134648264743,-0.05108051237358713,,,,,,,,,-0.05784358658159723,-0.1096481843149934,,-0.004396865830825576,-0.007241794546107509,-0.020183774372755054,-0.0076652066674206334,,,,,,,,,,,,,,,,,,,,,,,,,,,,,,,,,,-0.007923498738727682,-0.03758045403889337,0.09270527596709079,0.7173820990661659,0.5109951145145809,0.6328929865602135,0.4100570167875294,0.8284218569183003,0.6241119517899177,0.5605124649081015,0.6095350711832859,0.6167977030768046,0.6907416052471714,0.42788865193737174,,0.7733251943602913,0.9695553709932122,0.6197172503700992,,0.7418697101379821,,0.871546701902431,0.5672153156932382,,,,0.5278373831261168,0.3947228072873917,,,,,,,,,0.7011398811241474,0.5067048690442442,,0.5721040767260803,0.5183510303627681,0.939172331711592,0.480895927302325,,,,,,,,,,,,,,,,,,,,,,,,,,,,,,,,,,0.4373027935269785,0.6801205920107966,0.5108870303885834,0.07160232118757758,-0.3443444083941406,-0.18259276319865717,0.006174614296603673,-0.1196845082414184,-0.1141741788599991,0.03171234592845192,-0.04226591038748543,0.11503615381394035,-0.04669000538793061,-0.07923594746294414,,-0.05027153913411972,-0.00994637983346254,-0.00803637113143531,,-0.1328589365345104,,-0.004504184121770198,-0.052632840713463545,,,,0.28064448066829895,-0.1294085657847386,,,,,,,,,-0.0824993530375933,-0.2163945740679654,,-0.007685429993764519,-0.01397083081138922,-0.02149102320334671,-0.01593942936971838,,,,,,,,,,,,,,,,,,,,,,,,,,,,,,,,,,-0.018119021547569555,-0.055255574497142704,0.1814594429938428
2013-10-31,0.724789044424448,-2.901815910742018,-1.4709879463833972,-0.1689841975302676,-1.0085393092251942,-0.6066499150897776,0.3703297095697479,-0.16938670246590562,1.1619782639301586,-0.1282771110153266,-0.37451476207645373,,-0.3367197795023044,-0.36135663687482994,0.0344649992881483,,-0.7344551962423435,,-0.0964517117785818,-0.703736549733724,,,,1.3514755420164948,-0.6669815585683218,,,,,,,,,-1.1078717532676698,-1.3339736324775269,,-0.4394220671524028,-0.22406825144492964,-0.03881030085574147,-0.31863561939381035,,,,,,,,,,,,,,,,,,,,,,,,,,,,,,,,,,-0.29883604933073593,-0.5966123981961887,1.0145627510406934,0.0554409689596474,-0.1806450849008692,-0.12355800344498992,-0.010454935601722355,-0.07215289097760225,-0.04709469424071014,0.021864028379306573,-0.013679761704787359,0.07170110436781921,-0.009543716857878946,-0.027618956469079456,,-0.023965925632568417,-0.030604989837584536,0.002645913339469232,,-0.0749028127531634,,-0.007931739591584955,-0.042490164853775346,,,,0.11729216659217571,-0.05415433833034362,,,,,,,,,-0.06568769733035826,-0.10744038890138706,,-0.030104573774009068,-0.016410664871598882,-0.0029977760968118387,-0.02436683814253323,,,,,,,,,,,,,,,,,,,,,,,,,,,,,,,,,,-0.02169262991265658,-0.04477124951748228,0.08898930156830724,0.7288886749576687,0.4966051184435982,0.6206006306587742,0.40090621065385335,0.819712158583638,0.6209714816837175,0.5412450838780419,0.6125741349519633,0.6107329156976091,0.6793398900417003,0.4241006291157643,,0.7635936621827685,0.9775368575621428,0.6187553325060949,,0.7822396534914473,,0.8718336431648998,0.561917240982321,,,,0.5384468889922498,0.3950770122479377,,,,,,,,,0.697774306777405,0.4917576063446864,,0.5744083196538795,0.5314272260016145,0.9417809520106867,0.48542648881614087,,,,,,,,,,,,,,,,,,,,,,,,,,,,,,,,,,0.42957215972491464,0.6808505616603463,0.49767113033794586,0.07606232729966235,-0.3637600141275747,-0.19909422798012913,-0.026078258016185376,-0.08802222856163752,-0.07584034956487279,0.04039580040644428,-0.022331601881721785,0.11740173572586747,-0.014048515327567646,-0.06512359231030632,,-0.03138570527688861,-0.03130827201125657,0.004276186725943358,,-0.09575430294135857,,-0.00909776727907796,-0.07561641066484409,,,,0.21783423581794337,-0.13707286592609466,,,,,,,,,-0.0941388880220164,-0.21848241392748105,,-0.05240971055598419,-0.030880361540883916,-0.0031830927249182905,-0.050196762442773005,,,,,,,,,,,,,,,,,,,,,,,,,,,,,,,,,,-0.050498221129013345,-0.06575782122923057,0.1788114603068871
2013-11-29,0.5176374310839904,-2.7408570186297525,-1.3915887690116433,-0.1429823352921536,-1.0801760419601425,-0.9093871084130984,1.106842401007424,-0.6467792252000273,1.3073862562989742,0.4554540068220032,-0.5719213685872327,,-0.08801723114473381,-0.7011549721122496,-0.17696576094845706,,-0.8556486377947792,,0.38294228006223013,-0.8224685595134124,,,,0.3592308380250471,-0.3596441445262372,,,,,,,,,-1.3088351345398808,-1.7621749232090669,,0.013637248566700911,-0.46593747068831354,-0.10570829169201093,-0.03975115123774467,,,,,,,,,,,,,,,,,,,,,,,,,,,,,,,,,,-0.06048134592797198,-0.7498442562732118,0.44676760620552525,0.038181684643512605,-0.15822750777622893,-0.10932901174183395,-0.009698253527435342,-0.07813721691038185,-0.0756503939120795,0.06676729335128039,-0.05750388978210529,0.08324992830502587,0.033333456702638785,-0.0432779129324123,,-0.006572146824629623,-0.055091553566123906,-0.014273728939016043,,-0.08727963406148767,,0.031169256371222757,-0.054149180637651326,,,,0.02631831165782556,-0.03163943705793147,,,,,,,,,-0.07850606201855735,-0.12522812838578387,,0.0009327635184057432,-0.035658371086046484,-0.00890742353049231,-0.0026216507065169228,,,,,,,,,,,,,,,,,,,,,,,,,,,,,,,,,,-0.004803102652561591,-0.06217363939208793,0.03910401445401915,0.7170628838844891,0.5089575696422972,0.6259589369594478,0.4104983764790065,0.7822790756223367,0.6025074366119195,0.5527241892965592,0.6059019390838722,0.600899595386655,0.6653076380086588,0.4469902834289955,,0.7498840818379373,1.0423521754457012,0.6140187725458328,,0.7844486324913327,,0.8678002587932507,0.5726966138080613,,,,0.5396002881816842,0.40541515461723454,,,,,,,,,0.6830462890931916,0.4753624803471604,,0.5774526696326605,0.558965401176449,0.9443562034082966,0.4892800143277649,,,,,,,,,,,,,,,,,,,,,,,,,,,,,,,,,,0.41966063160981043,0.6817563079821009,0.5079490758815968,0.05324733088494823,-0.3108854592484665,-0.17465844049274548,-0.023625558791780812,-0.09988406867232175,-0.12555927000251552,0.12079676381859415,-0.09490626464911395,0.13854216069401384,0.050102320788634865,-0.09682070178442034,,-0.008764217008742928,-0.05285310940380319,-0.023246404796118177,,-0.11126239558133466,,0.03591754675732205,-0.09455124988009686,,,,0.04877371683123369,-0.0780420679828885,,,,,,,,,-0.11493520025235998,-0.2634371317953595,,0.0016153073099464748,-0.06379352104977636,-0.009432270893487364,-0.005358180652685927,,,,,,,,,,,,,,,,,,,,,,,,,,,,,,,,,,-0.011445206652186977,-0.09119628034849113,0.07698412362725573
2013-12-31,0.3239555797128261,-3.0728916096845853,-1.1911350583487752,-0.38940013837886467,-1.0690149732170893,-0.7077022148739605,0.9641566587444901,-1.0981217550058198,1.4444442994152982,0.5980553576221312,-0.3678862806397664,,-0.0400068024198577,-0.5364007020105502,-0.4126533660061537,,-1.102003523899046,,0.5870688196210617,-0.9237365374767053,,,,0.05294339739028923,-0.7916335005245265,,,,,,,,,-1.377790408581731,-1.8353557601296069,,-0.13935350699770607,-0.30996430982299333,-0.3967608426648429,-0.32485311475354145,,,,,,,,,,,,,,,,,,,,,,,,,,,,,,,,,,-0.467141762251977,-0.8744881714473792,-0.3512947946814749,0.0240404911718087,-0.16898184051507914,-0.099858921727277,-0.02863793817369813,-0.07715326743015344,-0.06231549591436353,0.0636035007166276,-0.09663111470315235,0.09608575878820329,0.0450238833383944,-0.029322630267619207,,-0.003140284239392876,-0.04647349206706226,-0.03497642882861248,,-0.11560334906052533,,0.04982564050372521,-0.055682384472780594,,,,0.004138530200136707,-0.07138468767304941,,,,,,,,,-0.08713509463940558,-0.1390788195011904,,-0.010156362910246483,-0.024519186197332645,-0.032854981756344756,-0.023246023922959595,,,,,,,,,,,,,,,,,,,,,,,,,,,,,,,,,,-0.039252807766626596,-0.07726616792911206,-0.0297697032820113,0.7207181322694407,0.5129446031460906,0.6216141077195642,0.4341060649746139,0.7660306632268769,0.5907551646460426,0.5715789955435608,0.6220652708311263,0.5907175732694978,0.6518083077203836,0.4714684362689472,,0.7362430797647629,1.0874665173852405,0.634057768187484,,0.8057780452563348,,0.8627297661231327,0.5681674418196923,,,,0.5522467870455183,0.4336231092433852,,,,,,,,,0.6659256533472738,0.48843578901422124,,0.6018505594256351,0.5822817751480958,0.950670095209183,0.5148620991345882,,,,,,,,,,,,,,,,,,,,,,,,,,,,,,,,,,0.4317907163917055,0.6971312378034892,0.5416805819821539,0.033356301299245175,-0.3294348736269905,-0.16064455501760827,-0.06596991031528861,-0.1007182494564226,-0.10548447079883007,0.11127683349550287,-0.1553391890436929,0.16265938772802843,0.0690753443997357,-0.062194259492044206,,-0.004265281841964788,-0.04273556134749369,-0.05516284254129716,,-0.1434679807188709,,0.0577534732893566,-0.09800347639499445,,,,0.00749398692254518,-0.1646238084441722,,,,,,,,,-0.13084808221671776,-0.28474330225040284,,-0.016875223842840684,-0.0421087989420526,-0.03455981409525186,-0.045150000285577314,,,,,,,,,,,,,,,,,,,,,,,,,,,,,,,,,,-0.09090702110190302,-0.11083446521857371,-0.05495804035115309
2014-01-27,0.26667967449048674,-2.989192722255426,-1.0668005600789443,-0.2583790659273694,-1.3689277720755475,-0.779686895247844,1.0888598753767806,-1.2771441445000324,1.4545481974069818,0.6390718110959807,-0.3464937551131689,,0.3747734014278038,-1.0936324888548172,-0.1274861489782289,,-0.9538695235149193,,0.9226482277589722,-0.9824554014825159,,,,0.34431491613718945,-0.9411471569074118,,,,,,,,,-1.4829953345073885,-1.9910547399511744,,0.19561259759833996,-0.597840633571596,-0.2619212880935167,-0.3661390976681961,,,,,,,,,,,,,,,,,,,,,,,,,,,,,,,,,,-0.4487139185404081,-0.8925983940932521,-0.19441152094237363,0.020164667568165262,-0.16669764652856947,-0.09096220670448596,-0.01949093203156583,-0.09934949468160119,-0.06960183021904363,0.07161255844716669,-0.11274120719897465,0.09872956433866954,0.04884880064113653,-0.027623329062528564,,0.030619778592955883,-0.0919826829466991,-0.010728775769455459,,-0.10099481957073823,,0.08240215813349133,-0.05967540104449654,,,,0.02680990759901321,-0.08624104887863518,,,,,,,,,-0.09605811587547139,-0.15164465207717648,,0.014399913231681678,-0.04702516867058336,-0.022223764453296026,-0.026696047817612503,,,,,,,,,,,,,,,,,,,,,,,,,,,,,,,,,,-0.03823655426204598,-0.07981216363601391,-0.016460185048419666,0.7193807258670001,0.5033342890040824,0.6294259755676488,0.44355025447456803,0.7782156414191685,0.5774642778668689,0.5835512700547508,0.6258176488143624,0.5818116395022314,0.641778962658391,0.4702826818233373,,0.7182039896664603,1.1043111925635452,0.6318786943335047,,0.8003771407879707,,0.8638694934259069,0.5611548198004765,,,,0.5481076328906483,0.4415105132289918,,,,,,,,,0.6637922484667127,0.5042126098595532,,0.6122507991888546,0.5756216974713562,0.9521432793969765,0.5268502210317855,,,,,,,,,,,,,,,,,,,,,,,,,,,,,,,,,,0.423876765071211,0.7086891522628008,0.5504635341719006,0.02803059192872138,-0.33118674839022827,-0.144516130943677,-0.04394300721268865,-0.12766319435629128,-0.12053010530131864,0.12271853755103257,-0.18015025209430824,0.16969334684183626,0.07611468041706128,-0.05873771272084675,,0.04263381857176254,-0.08329416885938713,-0.016979169998399764,,-0.1261840380290083,,0.09538727638905664,-0.10634391604390861,,,,0.048913581913868354,-0.19533181270794744,,,,,,,,,-0.14471111420381166,-0.30075537404631075,,0.023519631580325447,-0.0816945728021717,-0.02334077752181485,-0.050671038469587926,,,,,,,,,,,,,,,,,,,,,,,,,,,,,,,,,,-0.09020677096000358,-0.11261942331299779,-0.029902407746558238
2014-02-27,0.31869221233885353,-2.7765575438979195,-1.8364461186808245,0.04692440816246473,-1.2522025244312645,-0.7990865221360904,1.2124334390313878,-1.169503584631039,1.0409076668635675,0.2644890629670337,-0.2597452231416017,,0.45322087955874496,-1.2172755252839433,-0.16702058350856036,,-0.8451389939103897,,0.7824858243016267,-0.6593712865692634,,,,0.35116086768706417,-0.7534651395826979,,,,,,,,,-1.9665573624493096,-1.985244457070973,0.6979656312430119,0.3018626280106794,-0.5349887841098842,-0.10281216576372221,-0.43950914178360156,,,,,,,,,,,,,,,,,,,,,,,,,,,,,,,,,,-0.1987006117796895,-0.9038255670807346,-0.26267119721972415,0.024951641590086254,-0.15936626391714612,-0.13899246524596826,0.003652380535704632,-0.09357697442618132,-0.07332967512583358,0.08152534667756027,-0.10564013670813754,0.06954885153498976,0.020073555153096886,-0.02167685868754803,,0.03845181503942139,-0.10382620557825045,-0.014519781616081855,,-0.09325543315607528,,0.07258042979700116,-0.04173022118237971,,,,0.028315900261300913,-0.06991188105983692,,,,,,,,,-0.12184696907706676,-0.15494561232849066,0.07946228017248595,0.022747988383751014,-0.04346041296399479,-0.008981540784264023,-0.032842059108123815,,,,,,,,,,,,,,,,,,,,,,,,,,,,,,,,,,-0.017596359761020298,-0.08334460639915932,-0.022879136814164213,0.7385329882368215,0.498625288652378,0.6482731416143971,0.44880750300607647,0.784767465464193,0.5640142210511829,0.6008700537625764,0.6492832843041728,0.5932752756753327,0.6507792546537966,0.4776872739229335,,0.7107509652544575,1.1084218537947101,0.6490803976327638,,0.8079026572650524,,0.8807505280144189,0.5589230753539507,,,,0.5721618264744772,0.44424802987416795,,,,,,,,,0.6663228615788824,0.5178645617468725,0.7353684340182862,0.6324966104117362,0.5981130037874642,0.9468345951942636,0.5525909889647719,,,,,,,,,,,,,,,,,,,,,,,,,,,,,,,,,,0.43313490182224273,0.7250539879755087,0.55000680187385,0.03378541241557262,-0.31961127432557884,-0.2144041705936402,0.008137966747973867,-0.11924165889169498,-0.130013876226676,0.1356788313330949,-0.16270268966087814,0.11722863632876228,0.030845413417143534,-0.045378765294562175,,0.05410026425452011,-0.09367029820171699,-0.02236977371221869,,-0.11542904620683841,,0.08240747804106106,-0.07466183276822684,,,,0.049489320942252724,-0.15737127991234823,,,,,,,,,-0.18286475836705468,-0.29920103396499004,0.10805777960617491,0.03596539176540845,-0.07266254485153809,-0.009485860391931777,-0.05943285316622766,,,,,,,,,,,,,,,,,,,,,,,,,,,,,,,,,,-0.040625587286987536,-0.11494951794124134,-0.04159791612797507
2014-03-31,0.45948757696986664,-2.4338857881178564,-1.8497591907060065,0.139948319098802,-0.5940094733347674,-0.7557911343764917,0.742079557119778,-1.1014981250208538,1.4805833256819738,0.7158165718929552,-0.12149690418860287,,0.5721625590579921,-1.2817871624785893,0.1582433444801196,,-0.806947577606207,,0.7884882450544678,-0.5875400079095104,,,,0.22912990819571935,-0.7904520016143725,,,,,,,,,-2.1415551446123655,-2.108417805077497,0.6431650669259626,0.47509013401091016,-0.7385236560367361,-0.074446596614964,-0.46402535651575194,,,,,,,,,,,,,,,,,,,,,,,,,,,,,,,,,,-0.06731451666618131,-1.1046281786742558,-0.540095012906001,0.03717527070216329,-0.1441472577845422,-0.14287905807467344,0.011250689411413715,-0.04421971497659508,-0.07145862048905922,0.052114591648021256,-0.10310289905394222,0.09976315978262919,0.05343338760406206,-0.01061896997011631,,0.04975825896270012,-0.11274167543240914,0.014364489991884855,,-0.09225827293263385,,0.07546267500989379,-0.037584512830151046,,,,0.019100693120602252,-0.07580116888281063,,,,,,,,,-0.13074947505921913,-0.1686816062771226,0.07214518309618186,0.036396250090525765,-0.0628244348339036,-0.006753642954201575,-0.03632539607438614,,,,,,,,,,,,,,,,,,,,,,,,,,,,,,,,,,-0.006217645327339707,-0.10462730735460225,-0.04852443235528968,0.7508729274519828,0.4889487790506255,0.6537166572904847,0.4511261026788363,0.7787942479283367,0.5608768159547679,0.6163481171693235,0.65337215244952,0.5856932182379122,0.6503522016085785,0.4841077451674878,,0.701653781212167,1.1061647675463673,0.6537449104974292,,0.8145652119090827,,0.8783009025989541,0.5649067409593374,,,,0.5813347089632132,0.45235201551760784,,,,,,,,,0.6704703279177185,0.5331843554719768,0.7295515248296552,0.6368407121963283,0.6269024118038767,0.9451771739640591,0.5591584789688447,,,,,,,,,,,,,,,,,,,,,,,,,,,,,,,,,,0.43586986198939914,0.7278427932164071,0.5590285826079776,0.049509403446351574,-0.294810548590443,-0.21856419976641941,0.02493912310683396,-0.056779714403674054,-0.12740519567994057,0.0845538263138789,-0.15780118370121082,0.17033347267153223,0.08216069303971008,-0.021935137531093295,,0.07091568562024773,-0.10192123157428563,0.0219726222892581,,-0.11326075749835877,,0.08591893141245151,-0.06653224347495691,,,,0.03285661913197573,-0.16757119739164744,,,,,,,,,-0.19501157562824312,-0.3163663834956391,0.09888977082602522,0.05715126152190056,-0.10021405828242037,-0.007145372465859386,-0.0649644017584684,,,,,,,,,,,,,,,,,,,,,,,,,,,,,,,,,,-0.014264912235411513,-0.14374987061731304,-0.08680134409033921
2014-04-30,0.4803860491504382,-2.9014061530716764,-1.7897787980240842,0.4799808415244138,-0.6703814309538525,-0.5283279616172808,0.986051493137877,-1.1332392775547457,1.0386188597662975,0.30783565293406934,0.08620338651944266,,0.23718685530996203,-1.1589900897976735,0.2276417889394899,,-0.6992201892297415,,0.7343120991809112,-0.9449748417306115,,,,-0.07158930537900185,-0.47470739756494884,,,,,,,,,-2.278331943241532,-2.512082492693175,0.5543135338365983,0.6648699307865445,-0.9412603473745117,-0.3162445182863297,-0.29660609554598766,,,,,,,,,,,,,,,,,,,,,,,,,,,,,,,,,,0.023651741840968566,-0.9740401691639966,-0.9337612582646551,0.0400133759302413,-0.1646954465915693,-0.14313805571482346,0.03706950864773048,-0.04746293308944037,-0.05225331391608435,0.07078899877391974,-0.10989453576509027,0.06812288121485822,0.022005134853180088,0.0076783981990973795,,0.020991194776563988,-0.10307515248203604,0.02090648579547096,,-0.08125188002953565,,0.07283448295959744,-0.060298875666503715,,,,-0.0060238571043682776,-0.04621837159989261,,,,,,,,,-0.14286849230947915,-0.20244864496919834,0.061207147771694975,0.05084142815662352,-0.0823331945377236,-0.02932805985867418,-0.02184486117344578,,,,,,,,,,,,,,,,,,,,,,,,,,,,,,,,,,0.002185172864066648,-0.09208690358027254,-0.08398839472032663,0.7673011416380063,0.47172974274933743,0.6579567325550939,0.44617105082139163,0.7680131823029775,0.5559527790550033,0.6150856775052802,0.6350133273438334,0.5721306315261557,0.631792044237131,0.5030031104104276,,0.7063379985530669,1.088982390491429,0.6373199229911107,,0.8442323239558004,,0.8920241460401852,0.5624482371354583,,,,0.5876336474030975,0.46947331468338543,,,,,,,,,0.66450427265242,0.5391469798584222,0.7250618871048402,0.6355168407821026,0.6255265039142176,0.9383176564851178,0.5632361184547838,,,,,,,,,,,,,,,,,,,,,,,,,,,,,,,,,,0.45013308993308687,0.7294114232522265,0.5625778593849831,0.05214820330492694,-0.34913093592888705,-0.21754934425393668,0.08308362584144867,-0.06179963336972577,-0.0939887628674209,0.11508802978640655,-0.17305862890273943,0.11906875363960284,0.03482971185518899,0.015265110772043055,,0.02971834280410291,-0.09465272660242094,0.03280375372128851,,-0.09624350753216313,,0.08165079755174731,-0.10720786676051314,,,,-0.010251041837017388,-0.09844728156926758,,,,,,,,,-0.21500011089350646,-0.3754980599582706,0.0844164461823998,0.08000012728861003,-0.13162223186791533,-0.03125600339711751,-0.03878455315219538,,,,,,,,,,,,,,,,,,,,,,,,,,,,,,,,,,0.004854503952134419,-0.12624823336284574,-0.1492920372162242
2014-05-30,0.5422232965279048,-2.73547117037615,-1.380132400467372,0.47490862203808615,-1.4173287190311186,-0.17586152093838883,1.2001687600765878,-1.0613680248467205,1.6651954840734615,0.5246182614713087,0.3469020316933823,,0.2851560278711796,-1.631819407539934,0.3235214274605069,,-0.3418482444573629,,0.9836463179071961,-0.7363813112026083,,,,-0.44407187161570355,-0.10958964900394685,,,,,,,,,-2.0251828011193425,-2.1756516782744963,0.394729899725481,0.8719725954861015,-0.8895244176685266,-0.30483031410476547,0.30547538508162314,,,,,,,,,,,,,,,,,,,,,,,,,,,,,,,,,,0.09912557115164708,-0.6738558978982945,-1.1325132739425101,0.04402968247374672,-0.1435627853355592,-0.10831381657481097,0.03697883301458775,-0.09640965481972712,-0.01727636547095591,0.08567849779796305,-0.10489753384852143,0.10233970452067216,0.03753050540004541,0.030818646167831573,,0.025528240709729186,-0.14098825423178069,0.029036397498087833,,-0.03959673271042197,,0.0965562722005296,-0.04646321767271335,,,,-0.036988359130083436,-0.010744234455145881,,,,,,,,,-0.12719074402699196,-0.1735778042418975,0.042614948906687,0.06595536276952348,-0.07710149524622543,-0.02902220261626575,0.022569707933368873,,,,,,,,,,,,,,,,,,,,,,,,,,,,,,,,,,0.009228315078750476,-0.06464965312217513,-0.10053484266959527,0.7540048750703987,0.45068306274029035,0.6705138874239928,0.4439639367671657,0.7358151337283876,0.5413424223329604,0.616550748240218,0.6361959025428411,0.5470526841088214,0.618872600968214,0.5112312859489662,,0.6847803538046202,1.098643332827683,0.6083387707751864,,0.849519628719183,,0.9090904223656944,0.5585168800758651,,,,0.5929886753733019,0.47401624326306885,,,,,,,,,0.6481524173783877,0.5211580566218746,0.7127737442819911,0.6165735196698429,0.6362172613868468,0.9277407262947239,0.5539289676968923,,,,,,,,,,,,,,,,,,,,,,,,,,,,,,,,,,0.4404461945351739,0.7266248943505835,0.5566764600293853,0.05839442678621386,-0.31854488709350137,-0.1615385133795444,0.0832924252448484,-0.13102428911895,-0.03191393239883542,0.13896422645258283,-0.16488244175929392,0.18707467761974172,0.060643346209429336,0.06028317713503171,,0.037279458395520555,-0.12832941321266272,0.04773063775154047,,-0.046610733138823156,,0.10621195628622351,-0.08319035526088685,,,,-0.06237616444664528,-0.02266638455506062,,,,,,,,,-0.19623585535859958,-0.33306173057559885,0.05978748410495247,0.10697080018104028,-0.12118736778401316,-0.031282665289661976,0.040744769184410896,,,,,,,,,,,,,,,,,,,,,,,,,,,,,,,,,,0.020952196189342954,-0.08897252712481776,-0.1805983365351722
2014-06-30,0.554718147290674,-2.8797985110241573,-1.086656800821044,0.43145267908869,-1.0331702971767036,-0.21832325052653004,0.8989808215054661,-1.8123730750413212,1.3970868147050628,0.5094434141262193,0.42241105314481114,,-0.024025695027442444,-1.6439533441616778,-0.3909008434357704,,-0.6625669515111482,,0.35247660455127733,-0.7941942137729616,,,,-0.881836599277582,-0.4152839134989646,,,,,,,,,-1.958047181879734,-2.220461837152006,0.44955458441828994,0.4875054560855922,-0.7759500600334933,-0.4285645503436642,0.0843862181680887,,,,,,,,,,,,,,,,,,,,,,,,,,,,,,,,,,-0.49812873586402756,-0.48757997430284944,-1.5635255461735427,0.04654568837292861,-0.15604813423362954,-0.08759271705557188,0.03547394131720838,-0.06700038455904254,-0.020317805396656886,0.06181559323549601,-0.17412736431319378,0.0907844111649532,0.03583119588512221,0.03886133602414961,,-0.002251776189145419,-0.14504429518384632,-0.03312363953072004,,-0.07716643694174026,,0.03440737510128088,-0.05226806451605316,,,,-0.0718652862532255,-0.041451386636945906,,,,,,,,,-0.12632387803524328,-0.1847518244301778,0.04701084280193307,0.038881289018662904,-0.07141688785340389,-0.04181227855673527,0.006435749164416443,,,,,,,,,,,,,,,,,,,,,,,,,,,,,,,,,,-0.04260755885140156,-0.04649210738036732,-0.14624972336978603,0.7397123757680233,0.45797980654744985,0.6748697652402134,0.4686420256548578,0.7226417352340802,0.5399976752280664,0.6289929199383115,0.6608001365247959,0.5363652437961408,0.6338990284536614,0.5286889258365451,,0.6874425338500476,1.084228818774318,0.6085834476369633,,0.8631747736255216,,0.9594993234582153,0.5831159977411714,,,,0.5885449447295271,0.5037313383816171,,,,,,,,,0.6606153404796675,0.5241487904654849,0.7039818099978853,0.6303025295177057,0.6773777273533049,0.9481621740651385,0.5448341511609837,,,,,,,,,,,,,,,,,,,,,,,,,,,,,,,,,,0.4885977536000613,0.7518989602386508,0.5609782944054514,0.06292403628451057,-0.3407314733154329,-0.12979203035476644,0.07569517750278329,-0.09271590788669241,-0.03762572753313377,0.09827708909912464,-0.263509879445462,0.1692585644111163,0.056525084085598185,0.07350510692589081,,-0.0032755846172832256,-0.13377646182455627,-0.054427440738544705,,-0.08939839219075467,,0.03585971793838297,-0.08963579239555261,,,,-0.12210670892135868,-0.08228867945782467,,,,,,,,,-0.19122153285680668,-0.35247973054770154,0.06677849077105315,0.06168670947332871,-0.1054314084586877,-0.04409823519690713,0.011812308664393643,,,,,,,,,,,,,,,,,,,,,,,,,,,,,,,,,,-0.08720375510829244,-0.061832918834747216,-0.2607047809662363
2014-07-31,0.45049510552001915,-2.4093477908505685,-0.9918725503895457,0.4588736784517473,-0.6506675417010934,-0.3463722919129999,0.8073700870973415,-1.4906726531645582,1.54002352064421,0.31943338691250717,0.5156178067569459,,-0.5511855520903747,-1.5823456131977165,-0.5644843063606405,,-0.2673685303296804,,0.4854099018809317,-1.0685325022275745,,,,-0.9936869357231511,-0.10225474286156919,,,,,,,,,-1.955554948043764,-2.242631019644517,0.4904831244110914,0.6105654994482145,-0.9158996946948277,-0.35758822543195323,-0.23316957143343192,,,,,,,,,,,,,,,,,,,,,,,,,,,,,,,,,,-0.02223812140811615,-0.348249162156588,-1.560692365848574,0.038827520463177494,-0.13812846603769238,-0.08305403896733643,0.039564885688376183,-0.04108910408117653,-0.03304030127606145,0.05748723577410122,-0.14726773126411247,0.10266376319652724,0.02341955348866794,0.04657455167160042,,-0.049290309757944246,-0.14380350156614705,-0.04991288642399333,,-0.030712256634497195,,0.04920155979508269,-0.0717541218139363,,,,-0.08353062937041786,-0.010300147771016488,,,,,,,,,-0.1308049288212818,-0.1928476796682413,0.05057922618350578,0.05026387655261636,-0.08723697819503234,-0.03571853473233185,-0.0180959209984922,,,,,,,,,,,,,,,,,,,,,,,,,,,,,,,,,,-0.0016838763159933152,-0.03418269942356749,-0.1521468053258724,0.7331062592272037,0.4488703016599706,0.681053490068101,0.49792488564266635,0.7118649702264439,0.5425149565441979,0.6563600675025838,0.6666175249398233,0.5299432417598864,0.6475066447097703,0.5181193946837767,,0.6932360746044733,1.0895540876002179,0.640284820915199,,0.8808669207337892,,0.97874997699743,0.5973805011360885,,,,0.5853732130362473,0.522309188222715,,,,,,,,,0.667550236760704,0.5346134570490115,0.6997010557928246,0.6456148418535865,0.7083565827705138,0.9600451216057917,0.5563958434511996,,,,,,,,,,,,,,,,,,,,,,,,,,,,,,,,,,0.4998538434373476,0.75994772173076,0.5642200980941928,0.0529630186272139,-0.3077246713067861,-0.12194936253690082,0.07945954666899246,-0.05772036242787183,-0.06090210210337253,0.08758490746220621,-0.22091788132543708,0.1937259598888205,0.0361688234090095,0.08989154266272202,,-0.07110176686357081,-0.13198381172877743,-0.0779541928741177,,-0.03486594389185706,,0.05026979407552199,-0.12011460313397487,,,,-0.14269636449053827,-0.019720403169749445,,,,,,,,,-0.19594769294969377,-0.3607235791121541,0.07228690848007216,0.07785427672063226,-0.12315404461102396,-0.03720505831287208,-0.03252346546344995,,,,,,,,,,,,,,,,,,,,,,,,,,,,,,,,,,-0.003368737358132117,-0.044980330154444484,-0.2696586063484617
2014-08-29,0.04333570849942492,-2.2785917622230882,-1.1492213980753785,0.5322088689917877,-1.0500707692318028,-0.46471058882555377,0.7854779162344554,-0.909231857607015,1.132944081309007,-0.006241967634416252,-0.07096572782822974,,-0.70749613467776,-1.3542097023915627,-0.5509655247786894,,-0.4597288001075705,,0.4048122079266953,-2.0253339847688765,,,,-0.6983362871558393,-0.22577341826575745,,,,,,,,,-1.756315836811518,-1.883009690602285,0.612622988080886,0.3156000972671388,-0.4916191064647247,-0.6226341369300705,-0.3122022387461081,,,,,,,,,,,,,,,,,,,,,,,,,,,,,,,,,,-0.29749153877821943,-0.13313548740443557,-1.2051776455574388,0.0038092730024767846,-0.1357145233298979,-0.09202554748704601,0.04741183037083841,-0.06628687141124247,-0.0455793654402423,0.05489189960452054,-0.07920790513776473,0.0694455057631472,-0.0004569066700365666,-0.006270589817321559,,-0.06254752154672893,-0.12440604590170497,-0.05123519994810801,,-0.055726235655246814,,0.042999067308927656,-0.12906944825709443,,,,-0.061134991376680256,-0.022246217588011933,,,,,,,,,-0.11741955276669194,-0.15493176110458134,0.061623060480392636,0.026623585949286526,-0.042007240319957714,-0.06464879048292123,-0.024930286643282652,,,,,,,,,,,,,,,,,,,,,,,,,,,,,,,,,,-0.02221779647764653,-0.01345321937556123,-0.10767147538204377,0.7367895488121665,0.4421203261971891,0.6852099483010315,0.5123265027836398,0.7077530231512915,0.5370585688381948,0.6666597194621292,0.678203616489746,0.5272667021337145,0.6487177904577336,0.5356513438595437,,0.6853538873496395,1.0928297507026845,0.6342279114592809,,0.8975879504182082,,0.9883073217050057,0.6000266902273694,,,,0.5770882858933931,0.5362734148247044,,,,,,,,,0.6725141098376912,0.5535585461945217,0.6951756866156327,0.650068403913477,0.731853780296504,0.9642998800126107,0.5553555649840913,,,,,,,,,,,,,,,,,,,,,,,,,,,,,,,,,,0.5046827145411958,0.769721312404725,0.5766624353179951,0.005170096411679561,-0.3069628679984466,-0.13430270198969246,0.09254221695195196,-0.09365819606972245,-0.08486851916140727,0.08233870744254373,-0.11679074427194874,0.1317084987201332,-0.000704322706664441,-0.011706476403363244,,-0.09126310173654818,-0.11383845088561366,-0.08078357798890004,,-0.06208442930777157,,0.04350778989954929,-0.21510617837380844,,,,-0.10593698203739639,-0.04148297672985284,,,,,,,,,-0.17459790218383778,-0.2798832430095623,0.08864386610008765,0.04095505302058963,-0.05739840587137345,-0.06704220525473444,-0.044890675839354924,,,,,,,,,,,,,,,,,,,,,,,,,,,,,,,,,,-0.04402329589957247,-0.01747803933547241,-0.18671491116404929
2014-09-30,0.3941273325694442,-2.03684590610695,-0.9740014284068685,0.40236058307876826,-1.0944932297140584,-0.23339716843584352,0.9373106413330712,-0.9977031232189398,0.5702167381573677,0.16264755268821068,-0.05814181586396399,,-1.2915017871757049,-1.4877613551575006,-0.9040156098538754,,-0.3696256327400055,,0.5188324572852764,-1.8982306323640892,,,,-0.9184983741947904,0.15896630827264713,,,,,,,,,-1.8741100601416107,-2.2880362022716834,0.6206862729052778,0.12801919530834857,-0.3048165389772754,-0.5048409944665593,-0.31630011423334736,,,,,,,,,,,,,,,,,,,,,,,,,,,,,,,,,,-0.21668116185573655,-0.00469823757195411,-1.4506678996480031,0.03421278796073021,-0.11894410985426457,-0.07966699351006397,0.036841237724968744,-0.07029866498295313,-0.023476140928657768,0.06646734029106485,-0.08763915695602892,0.03412891035542953,0.01235950271420593,-0.005288713187318673,,-0.11487881878052307,-0.13865916254488528,-0.08257708080048197,,-0.04617237283928263,,0.05630094318960884,-0.12373851416060117,,,,-0.08241188059999914,0.01490557355316462,,,,,,,,,-0.1279769786774741,-0.18679169455103817,0.06187699153052446,0.01107251886085821,-0.02592463188369312,-0.05344898481258367,-0.02588862024726887,,,,,,,,,,,,,,,,,,,,,,,,,,,,,,,,,,-0.01660464222055089,-0.000483859188941138,-0.13049373892428442,0.7629297785863214,0.43535797212449723,0.6904226234229958,0.5245577834335583,0.7029432791792043,0.5275739538008851,0.6669295506427311,0.6891992611802674,0.5249263564740801,0.6475423992818878,0.5341961700647001,,0.6995976100661909,1.0863883263622132,0.6317689497085245,,0.908480859436618,,1.004626722548831,0.5963570178877078,,,,0.5863298158587664,0.5275635356612809,,,,,,,,,0.6870766762906106,0.5656684920817275,0.6931315945848835,0.6465819574434758,0.7438761353069757,0.9746439940841493,0.5640790870845833,,,,,,,,,,,,,,,,,,,,,,,,,,,,,,,,,,0.5063039780669507,0.7796384592416797,0.5763214857121578,0.044843954084640855,-0.273209904194084,-0.11538873554735042,0.07023294456488632,-0.1000061698648542,-0.0444982940486824,0.09966171123623054,-0.12716083996657965,0.06501656839003615,0.01908678524821291,-0.00990032030120718,,-0.16420699145849577,-0.12763314846099963,-0.13070772287650426,,-0.050823715612363915,,0.05604165400534851,-0.20749066490217905,,,,-0.14055550028492889,0.02825360841984852,,,,,,,,,-0.18626302288180727,-0.33021406913371193,0.08927163617116976,0.017124695072899817,-0.03485073744568346,-0.054839495381909645,-0.04589537325532313,,,,,,,,,,,,,,,,,,,,,,,,,,,,,,,,,,-0.032795796477734146,-0.0006206199594255095,-0.22642525423641618
2014-10-31,0.2976919940327349,-2.042599242194748,-0.9557402542665976,0.14603378333885197,-1.1304904062726775,0.04802458596051316,1.1392393576792084,-1.2741960412139617,0.41903843084067677,-0.06598282067049215,-0.24025150873597473,,-1.2753584347343405,-1.5274087870765019,-1.0074781753080206,,-0.2009676688715813,,0.4924906774660384,-1.7302391938329174,,,,-1.3159566426831872,-0.012543870805747627,,,,,,,,,-1.5837677493635374,-2.2050001815904725,0.7095427521406279,0.4640127820008637,-0.26545266280675783,-0.23250219192097785,-0.4707743543360507,,,,,,,,,,,,,,,,,,,,,,,,,,,,,,,,,,-0.628112134714348,0.05247139550037446,-2.0763989989972336,0.0257856588754534,-0.12124030907615725,-0.07859677230282877,0.013634085122362877,-0.07358084903590573,0.004843437580032633,0.08171498103244892,-0.10912855376653409,0.02540462307177971,-0.005127187898090045,-0.022364637405226085,,-0.11198715755424628,-0.1429999860446887,-0.09132633908089535,,-0.025848335046359076,,0.05465224079404531,-0.10543768815435027,,,,-0.1126677890882023,-0.001196495334113631,,,,,,,,,-0.11028231840119458,-0.18214571202736418,0.07048168146908082,0.040874873326671515,-0.022902755024013545,-0.024818562368101066,-0.03886646762836861,,,,,,,,,,,,,,,,,,,,,,,,,,,,,,,,,,-0.04793896920740847,0.0054760666734874714,-0.179201382152796,0.7737958751632956,0.44019998967720064,0.6891391893301186,0.5595848978564184,0.706829039525055,0.5316442208007307,0.6710006530768637,0.6805770397804614,0.5274185677889691,0.6461546030323843,0.5401788860758321,,0.6979667697954257,1.061942755822664,0.6364476801918616,,0.9062775381580381,,1.0194671819379977,0.6010450357550283,,,,0.583589673778829,0.5210069540788083,,,,,,,,,0.6800578522719508,0.5543106788274431,0.6905062778622212,0.6663096982556342,0.7578783593732097,0.9873113742535147,0.5693511464860077,,,,,,,,,,,,,,,,,,,,,,,,,,,,,,,,,,0.5208181192024154,0.7964694543886959,0.5886675340872634,0.033323593085853295,-0.27542097210193706,-0.1140506497377245,0.024364640959022434,-0.10409992363266153,0.009110298561578902,0.12178077719857062,-0.16034709869397956,0.04816785874316168,-0.007934924357155865,-0.041402279840472074,,-0.16044769235513856,-0.13465884602594205,-0.1434938674823426,,-0.028521434061903897,,0.05360863180524547,-0.17542393977499576,,,,-0.19305994288531836,-0.002296505497185067,,,,,,,,,-0.16216608341887565,-0.3285985981952661,0.10207247019866232,0.061345157415057756,-0.030219565898351914,-0.025137522989508613,-0.06826449348218497,,,,,,,,,,,,,,,,,,,,,,,,,,,,,,,,,,-0.09204550963169744,0.006875425847549229,-0.30441866040845966
2014-11-28,0.3925343155858687,-2.2773354570291797,-1.1625609097137795,-0.17078232875768692,-1.31982209192102,-0.3488723186763364,0.664149253599228,-1.3296959788733012,-0.11759247574817247,-0.3277496288360735,-0.15057250795186833,,-1.6919847815384736,-1.5376519655649603,-1.5645390173565734,,-0.32844402441341625,,0.251049655406747,-1.6333230957498093,,,1.884360106493186,-1.346929220641185,-0.08404465699742493,,,,,,,,,-1.6454366666119444,-2.4242929014552286,0.7520567073865695,0.44922526133861546,-0.5632696374028925,-0.2515902449081988,-0.6299677766177315,,,,,,,,,,,,,,,,,,,,,,,,,,,,,,,,,,-0.4566370354240037,0.166032810603015,-1.8465685308166366,0.033863560014801126,-0.13602505464584014,-0.09674349470855877,-0.015895635675676936,-0.08684017000834474,-0.035452050938408565,0.04681528355647203,-0.11593843307492942,-0.006959945263132963,-0.024780295013943854,-0.014390202367632662,,-0.14265294619452562,-0.14508888063113023,-0.1398586522633184,,-0.042927004822802955,,0.027784221157452563,-0.09968094319762541,,,0.30317845147892447,-0.11529733999332209,-0.007995440821236505,,,,,,,,,-0.11705164632878096,-0.2031338478954383,0.07396043158543544,0.04009748419770771,-0.049000561342520774,-0.027578022836399534,-0.052564979855667354,,,,,,,,,,,,,,,,,,,,,,,,,,,,,,,,,,-0.03428189119117986,0.017792790879545068,-0.15987447133074073,0.7845689629503386,0.4393131368185245,0.6903626736549695,0.568055211899019,0.7003569921508082,0.5433943178171351,0.6783242895973648,0.6884511369513352,0.5312686747031318,0.6534462476652908,0.540292007331841,,0.69389180961024,1.05724759961831,0.6406784242994147,,0.9017937382739665,,1.0252919553447342,0.5870938264704924,,,0.6928205800438566,0.5816075794485919,0.5263649142050935,,,,,,,,,0.6755085097080156,0.5527204631318101,0.686948453220913,0.6649553832080579,0.7563981168100765,0.9911906307679814,0.5739404685951384,,,,,,,,,,,,,,,,,,,,,,,,,,,,,,,,,,0.5283277460747268,0.7897109820056921,0.5937157325639437,0.04316199290812962,-0.3096312020872497,-0.1401343067932282,-0.027982554059380136,-0.12399415010001844,-0.06524185067084012,0.06901608017643056,-0.16840473760903207,-0.013100612918731033,-0.037922468913826946,-0.026634120387411853,,-0.2055838449435712,-0.1372326413259397,-0.21829774026845775,,-0.047601799614361104,,0.027098838543125666,-0.1697870744049383,,,0.43760023909759266,-0.19823906026574262,-0.015189919778963747,,,,,,,,,-0.17327930684304158,-0.36751642366278003,0.10766518395762484,0.060301014489511404,-0.06478144280576559,-0.027823127035645896,-0.09158611865152701,,,,,,,,,,,,,,,,,,,,,,,,,,,,,,,,,,-0.06488754650097635,0.022530762880307545,-0.26927780848980976
2014-12-31,0.23451551718542013,-2.2693157781839703,-1.1390151145411718,-0.12912607808589704,-1.5732832226095999,-0.15276862506098512,1.0387066949316663,-1.7680058191851136,0.0936658281949754,-0.3793740711657003,-0.0004884238312662832,,-1.4329120781547,-1.6283774539640685,-1.2719372679085836,,-0.34127320925582894,,0.38396131918054643,-1.6547526962209567,,,1.850448483784593,-1.112519778663497,0.08881725583533426,,,,,,,,,-1.6179272598348333,-2.4040962820961176,0.9249057507336613,0.2272899352403935,-0.3342572021725388,-0.33674926037775266,-0.84754315010768,,,,,,,,,,,,,,,,,,,,,,,,,,,,,,,,,,-0.07036155488335451,0.48392496333342544,-1.9402858691294682,0.0201422969093844,-0.1357189025657048,-0.09455646123539867,-0.012077767454589532,-0.10091859765973953,-0.015619703185812553,0.0715404118090073,-0.13625407451389668,0.005569688292541236,-0.027419607297527526,-4.719381661444805e-05,,-0.11962783955767169,-0.15380083807036413,-0.11165078833453211,,-0.045062321631586764,,0.04260429768034682,-0.10123051415463162,,,0.2911074009619871,-0.09391385324481526,0.008357090754634557,,,,,,,,,-0.11322307746303718,-0.2019148372878154,0.08994692779967699,0.019916143649684373,-0.02903015013301037,-0.036221461105562826,-0.06885145864853816,,,,,,,,,,,,,,,,,,,,,,,,,,,,,,,,,,-0.004965161366038004,0.05219814992982501,-0.16812238216909015,0.7862457437349887,0.4370566046152085,0.6814998938795079,0.5738656078753862,0.6935209630703091,0.5280393818296808,0.6761043330101102,0.6627571566227728,0.5140107599785635,0.644482508541654,0.5471636002781671,,0.6846557337132066,1.055693941020525,0.6291182286938776,,0.9188817445039322,,1.0182662390588357,0.5802923184391894,,,0.696287468656879,0.5641505618675657,0.5245949243391581,,,,,,,,,0.6580916015881444,0.5629346245190149,0.6824829006910557,0.658240946230778,0.7577497764460205,0.9874682732219529,0.5579389853406841,,,,,,,,,,,,,,,,,,,,,,,,,,,,,,,,,,0.5249438127319728,0.7836869081915978,0.5895827655968029,0.025618322350083902,-0.31052934821839345,-0.1387475802778579,-0.021046334348742146,-0.14551629011033718,-0.029580564865615822,0.10581268055257016,-0.2055867268310006,0.010835742607360041,-0.04254515356758569,-8.625174735756482e-05,,-0.1747269958711574,-0.14568695726498812,-0.1774718697411329,,-0.04904039273945324,,0.04184003755218789,-0.17444744818768418,,,0.4180850784569281,-0.16646948455377328,0.0159305596888154,,,,,,,,,-0.17204759518249552,-0.35868256897563616,0.1317936723522307,0.03025661615815345,-0.03831099795128528,-0.03668113911890852,-0.12340320439608042,,,,,,,,,,,,,,,,,,,,,,,,,,,,,,,,,,-0.009458462497534244,0.06660587204432854,-0.2851548450520071
2015-01-30,0.2816778494768013,-2.2254440973221357,-1.4262183142480362,0.05550654984936529,-1.4970100816215164,-0.15036884062314076,0.6967340362622242,-1.904210604286117,0.3064304602685811,-0.5074052210705555,-0.010717976754435669,,-1.421054741648223,-1.392894911574426,-1.478262919380698,,-0.5287483718953413,,0.5779992690500491,-1.5657339617081223,,,1.7911117804256709,-1.0530691764158815,0.04994185811250376,,,,,,,,,-1.5522637799123327,-2.413773358977012,0.9862099600531723,0.49546480386830116,-0.49747201628773385,0.12872854819974544,-0.8704881094561886,,,,,,,,,,,,,,,,,,,,,,,,,,,,,,,,,,0.47752157222322156,0.5014967855218218,-1.9355633356592066,0.024471938073848502,-0.13531740004498571,-0.1155017820226308,0.005299343663110722,-0.09738687372849884,-0.015628902223480016,0.04705010831595915,-0.14725224417671348,0.018117779240813627,-0.036486006746009256,-0.0010545810444173643,,-0.12050982518599866,-0.133296462396733,-0.1299947603368865,,-0.0693049074941189,,0.06260108940222602,-0.09741902090445229,,,0.2796035750691805,-0.09045445561217558,0.004646594545374677,,,,,,,,,-0.10688590961629017,-0.2069961203090144,0.09540163525860751,0.042349225117923495,-0.04344479672651779,0.013718028690605793,-0.07179295785742922,,,,,,,,,,,,,,,,,,,,,,,,,,,,,,,,,,0.032231722637724385,0.05544931196178536,-0.1692420560137126,0.7977566721632681,0.4358013706163149,0.6550425499405895,0.5761504841592976,0.6971375983391487,0.5258683193544509,0.6684574142069181,0.6677738975451324,0.5169410986021472,0.648435207504349,0.5520519199681461,,0.6858909601212428,1.061460605658835,0.6262939117273543,,0.9010148584496627,,1.033030940072716,0.5819084967649706,,,0.6962696453607711,0.5618743287707811,0.5241197297755372,,,,,,,,,0.6619759413330364,0.5623169033157417,0.6795854479627408,0.6622296437090863,0.7579260867413566,0.9996675909841061,0.5597573776378236,,,,,,,,,,,,,,,,,,,,,,,,,,,,,,,,,,0.5333556285149506,0.7871384714314925,0.5967525886979127,0.030675942837918503,-0.31050246550078175,-0.17632714398951102,0.009197846411330148,-0.13969533985903504,-0.02972018212214391,0.07038609687915735,-0.22051212950677102,0.035048053423892285,-0.056267775598481125,-0.0019102932283583303,,-0.1756982263838213,-0.12557834147221847,-0.2075619096764865,,-0.07691871764841798,,0.060599433157170944,-0.16741295486496266,,,0.4015736962427887,-0.16098698762419672,0.008865521142210496,,,,,,,,,-0.16146494599343222,-0.3681129254490609,0.1403821043322841,0.06394945548001965,-0.057320624644687006,0.013722590203310792,-0.12825727846660195,,,,,,,,,,,,,,,,,,,,,,,,,,,,,,,,,,0.060431953680640485,0.07044416449490147,-0.2836050638389205
2015-02-26,0.30372793823458744,-2.1632963006625863,-1.2301904622945072,-0.049405219406778896,-1.1443931538663847,0.14187308732215378,1.0765826579867517,-1.7728739520174182,0.4919714306865289,-0.3965656142772409,0.24005541347089793,,-1.1898193462777882,-1.2953221195963414,-1.3141215071898118,,-0.5195593058573762,,0.7600435850486723,-1.310989155485481,,,1.6532472500157833,-0.7535479623322918,0.2275488439697287,,,,,,,,,-1.2401700972048513,-2.2333258287709894,0.9860296576729823,0.9848878998038999,-0.5737267236064483,0.18238875722532094,-0.6146324708401527,,,,,,,,,,,,,,,,,,,,,,,,,,,,,,,,,,0.5584651056549192,-0.14777005238723745,-1.997999857230405,0.026293867811750672,-0.1339931990326759,-0.09885874791597787,-0.004769558436294968,-0.0732873292586629,0.014669675027603125,0.07180942520010845,-0.13590280989213016,0.029263019016923162,-0.02877010989568556,0.023171047061716937,,-0.10070442992929043,-0.12528717246502163,-0.11714185089291537,,-0.06894469821671351,,0.08197428201254428,-0.08084260634231617,,,0.2584112073684312,-0.0634904206298583,0.020977025797447084,,,,,,,,,-0.08433362282211702,-0.19358059868371705,0.0947622434435082,0.08009494361026237,-0.05064175869807706,0.019397476926215258,-0.05060137073068958,,,,,,,,,,,,,,,,,,,,,,,,,,,,,,,,,,0.03769503191332078,-0.01476698680027228,-0.1766901638678086,0.7967455301343215,0.4307443428194531,0.6303960512768422,0.5838149619229136,0.6866629653399986,0.5157525892800159,0.6453067610909782,0.6556123931661411,0.5026376691549211,0.6549647899524478,0.5570852559839935,,0.6685123072335635,1.0579837330908828,0.606900442473603,,0.914695149178843,,1.0304284805598107,0.5776586108895945,,,0.6998223839112881,0.5419244921846456,0.5095817815695017,,,,,,,,,0.64508307627518,0.5495913930323657,0.6788505661994887,0.6424703438360112,0.7637381903293873,1.0203737880572794,0.5404192780507979,,,,,,,,,,,,,,,,,,,,,,,,,,,,,,,,,,0.5172139110583447,0.781216781611571,0.5874034156844654,0.03300158810720639,-0.3110736130754926,-0.15682006211134,-0.008169640635083169,-0.10672969558271568,0.02844324067879486,0.11127951778888064,-0.20729139855916442,0.058218913568739754,-0.04392619318936877,0.04159335902866311,,-0.1506396050448575,-0.11842069830222922,-0.1930165850851401,,-0.07537450950582586,,0.07955358723005146,-0.1399487600778919,,,0.3692525608057548,-0.11715731904625878,0.04116518006754139,,,,,,,,,-0.1307329643634023,-0.3522264015374,0.13959219916988497,0.12466714515107079,-0.06630774699931678,0.01901016779659413,-0.09363354118898251,,,,,,,,,,,,,,,,,,,,,,,,,,,,,,,,,,0.07288093206191541,-0.018902546831891506,-0.30079866604439526
2015-03-31,0.42424655673264,-2.20822162097147,-0.952121968366495,-0.013991783271662735,-1.0384548149784076,0.25781336457007076,1.1986750564132882,-1.8074028812029106,0.25127495125188404,-0.4171494059321367,0.17269648722452785,,-1.1857316595825238,-1.2795490303211556,-1.0700635047124418,,-0.49375722489307283,,0.4686810201053771,-1.4032677945572651,,,1.7324862073616025,-0.6762676281059492,0.07283397473051324,,,,,,,,,-1.3217993308848117,-2.2324184061765964,1.091325920675828,1.2614637129956765,-0.879952871131972,0.04515769773530252,-0.7723887075579097,,,,,,,,,,,,,,,,,,,,,,,,,,,,,,,,,,0.34408928295532004,-0.04611430894375201,-2.089622241744337,0.03728313112958489,-0.1395094196120845,-0.07146938793474973,-0.0013694700983299748,-0.06708836971760217,0.026506739878281213,0.07869689788068934,-0.13904789320680416,0.015003983767259305,-0.030532073775935552,0.016851453494136262,,-0.10145737084801519,-0.12374336358701807,-0.09514272893112355,,-0.06441973153342426,,0.05049229458879556,-0.08731942782515592,,,0.2684002533673499,-0.05789659971412544,0.0068438634403759895,,,,,,,,,-0.09084035879754425,-0.18898084254981934,0.10423590767336231,0.1022394527904628,-0.0779993990078304,0.004773508680211319,-0.06365325520638211,,,,,,,,,,,,,,,,,,,,,,,,,,,,,,,,,,0.023565158562297385,-0.00465087808031356,-0.18788206702421753,0.7970052305706861,0.4289255286526751,0.6139110026316493,0.5899356731514918,0.6802263244138953,0.5194625058414821,0.6531098002556225,0.6627147758096327,0.5066458029037652,0.653800469023013,0.5486872594161978,,0.6589657658183273,1.0449081225123626,0.6178992059886389,,0.9204529898854039,,1.053828391392649,0.5867197117506471,,,0.6950673786994921,0.5306973827134602,0.5098503103103255,,,,,,,,,0.6457198859737885,0.5346696321195622,0.6730351112635039,0.6449409910775595,0.7779128459548651,1.0318424260482526,0.5413100546468903,,,,,,,,,,,,,,,,,,,,,,,,,,,,,,,,,,0.5213469914039476,0.7873249807202409,0.591945659048295,0.04677902942103498,-0.32525324396126826,-0.11641652882646222,-0.0023213888575582095,-0.09862654135799236,0.0510272436994133,0.1204956622146658,-0.20981559229146596,0.029614345330142282,-0.046699375761476945,0.03071231052834392,,-0.1539645549295293,-0.11842511405643133,-0.15397774913611542,,-0.06998698710451741,,0.047913203896574934,-0.14882647723665748,,,0.38614997853811095,-0.10909531797217396,0.013423279935262575,,,,,,,,,-0.1406807514694254,-0.35345348079832534,0.15487439797557948,0.15852528247528874,-0.10026752921413508,0.004626199272007927,-0.11759111928542446,,,,,,,,,,,,,,,,,,,,,,,,,,,,,,,,,,0.04520052661824751,-0.005907189780843687,-0.3173974910573486
2015-04-30,0.12888501113136036,-2.2642534222278923,-0.8070594236256136,-0.0201840080351782,-1.2340936558043598,0.5828933601649655,1.1979593495843173,-1.8668073489238606,0.2900405068149371,-0.9659491927767317,0.09107398119427541,,-1.0580216480867566,-1.486318478797754,-0.900530796952949,,-0.3592229096970897,,0.3964791840656718,-1.3661684934013896,,,1.827759605924899,-0.4110825218770177,-0.013312073006252917,,,,,,,,,-1.4397593327291094,-2.017850264910985,1.1320027489336413,1.3033416126340076,-0.6398931963965467,-0.5789580739963941,-0.8004865425791593,,,,,,,,,,,,,,,,,,,,,,,,,,,,,,,,,,0.038774321914089874,0.174843667487503,-1.772692855134578,0.01129449911106234,-0.14386893329846379,-0.05978731408451546,-0.0019659180132852935,-0.07951078247835211,0.0590329584754798,0.07852797357994926,-0.14360046310670427,0.01723061353995572,-0.0707971796215516,0.008890890148036646,,-0.09058711883966258,-0.14289053678731972,-0.07943280032659789,,-0.047298132484120785,,0.04250297957289308,-0.08262871738882224,,,0.2773366980916227,-0.034608947646424845,-0.001244839645456911,,,,,,,,,-0.09919334284199666,-0.1686484514531695,0.10667144472414543,0.10484298030159786,-0.056116901876878504,-0.058818577418011594,-0.06647876783716762,,,,,,,,,,,,,,,,,,,,,,,,,,,,,,,,,,0.0026283221624231034,0.01739042937458296,-0.15106825103334812,0.7993289010627117,0.4250424202978111,0.6061233972884374,0.5957349925350198,0.6765834495922088,0.517803858786436,0.648640998671725,0.6623658957209566,0.5078729594317246,0.6539658380606225,0.5507461674581666,,0.6582063585631618,1.0467724934937084,0.6175507935633495,,0.924423435640868,,1.0549970578663146,0.5939018675268682,,,0.6975960174586056,0.5318804826365183,0.5166638974777429,,,,,,,,,0.6448997828996913,0.5293357881132618,0.6739527578981745,0.6470549297249006,0.7725130270398256,1.0349939506802601,0.5413171818646024,,,,,,,,,,,,,,,,,,,,,,,,,,,,,,,,,,0.5203713658742045,0.7873123753688401,0.5939133136444383,0.014129977154643411,-0.33848135251455674,-0.09863884870965363,-0.0032999874741615563,-0.11751807190417522,0.11400640893992925,0.12106538707969028,-0.21679930086134852,0.033927015053598464,-0.10825822313823788,0.016143353641606552,,-0.13762723143150826,-0.13650581924483723,-0.12862553356665635,,-0.051165008004509065,,0.04028729678057444,-0.13912856972971904,,,0.39756060979530966,-0.0650690310628981,-0.0024093799693262617,,,,,,,,,-0.1538120270346336,-0.31860390935268457,0.15827733245994385,0.16203103551992487,-0.0726420136782826,-0.0568298755556518,-0.1228092698040309,,,,,,,,,,,,,,,,,,,,,,,,,,,,,,,,,,0.00505085854985049,0.022088347546214922,-0.25436077549153757
2015-05-29,0.2261592256133561,-2.184029536344818,-0.7654616510326154,-0.21270674977161547,-1.3726142293961405,0.6661047467551418,1.2181246294120303,-1.7065202714277539,0.34382018117386187,-1.04517548265234,-0.2621846530568935,,-1.1441237665634119,-1.4622194723927031,-0.741373538105472,,-0.6797869560610983,,0.520680938195491,-1.4898605037837966,,,1.669073027968342,-0.5505921965388096,-0.13750670646843466,,,,,,,,,-1.582310328164441,-1.718776914226648,1.2875558724185285,1.3473504218556376,-0.5566380195645114,-0.5560614045970051,-0.7491798616666012,,,,,,,,,,,,,,,,,,,,,,,,,,,,,,,,,,0.18811421040298681,-0.13595370987943717,-1.8006318529806897,0.019463891590182844,-0.14032324341533384,-0.05571977177209759,-0.02071587094641807,-0.08828997847646969,0.0676543454338745,0.07986558322103615,-0.12758435559053619,0.020475464233096038,-0.07683117443803333,-0.02460763359915751,,-0.09772489094502225,-0.14093436172450075,-0.0645260978901717,,-0.08642089765516552,,0.05568290301525949,-0.09144158882283068,,,0.25188212553499484,-0.04637218168897368,-0.01281826810489953,,,,,,,,,-0.10921837514874944,-0.1420721226116241,0.12014195217467631,0.10802656976347622,-0.04884900969110191,-0.056520290448883966,-0.06212388108003221,,,,,,,,,,,,,,,,,,,,,,,,,,,,,,,,,,0.012723986795167027,-0.013649239627131824,-0.1537803079426691,0.7853907430371744,0.4076400343905879,0.5813283421042433,0.5953139800080492,0.6677661119195679,0.5086606721926243,0.6410884291681441,0.6409246683330733,0.49910203540797254,0.6544941222847178,0.5588180597946926,,0.6480704133439789,1.0597030720911373,0.5963993577715233,,0.9340398638517642,,1.032550753977165,0.5747781817205128,,,0.6935624161374926,0.5079189425790075,0.5088558143802021,,,,,,,,,0.6296485712853414,0.5314061111993365,0.6687248668483922,0.6383365458150558,0.7598316955255656,1.0415572475892751,0.5338911909528345,,,,,,,,,,,,,,,,,,,,,,,,,,,,,,,,,,0.5226313626945018,0.779346936160355,0.5891853416122916,0.02478243060888938,-0.34423322435715553,-0.09584905420301348,-0.03479822688883935,-0.13221691981743477,0.1330048677485617,0.1245781074611925,-0.199062950599732,0.04102460575292811,-0.11739016718718562,-0.044035143760740754,,-0.1507936312672747,-0.1329941994472014,-0.10819276890450849,,-0.09252377869482545,,0.05392752152935905,-0.1590902225082969,,,0.363171532473959,-0.09129838996260792,-0.025190373663141634,,,,,,,,,-0.17345925986268035,-0.26735131496884734,0.17965826923842196,0.16923137249731363,-0.06428924981513662,-0.05426517897091339,-0.11636056584705928,,,,,,,,,,,,,,,,,,,,,,,,,,,,,,,,,,0.024346006962855552,-0.017513688697331862,-0.26100497938705153
2015-06-30,0.4068440901664881,-2.0721075596093503,-0.5055229731117891,-0.21934353501805104,-1.2859657456056286,0.7591401316124965,1.221099026840795,-1.4689775649606638,0.3946647379532618,-0.9134656784235736,-0.12888230880365056,,-1.1258036382689864,-1.2277185387425518,-0.6404956217144819,,-1.007610137372581,,0.5749103161378634,-1.780181639371787,,,1.7315862277918206,-0.6197748941559968,-0.2761386069501671,,,,,,,,,-1.4785422391861902,-1.7816709499141148,1.224246081081252,1.3568790745821708,-0.5797423167020536,-0.4477850983967984,-0.5355675962914858,,,,,,,,,,,,,,,,,,,,,,,,,,,,,,,,,,0.4652699558738375,-0.17324270724663315,-2.0030201000387184,0.03495704088812218,-0.13275976981349868,-0.03624714145322587,-0.021309700013428492,-0.08236111757894596,0.07723586480439824,0.07993420532110097,-0.10798557094454694,0.023316814307186157,-0.06843960264948484,-0.011896574079303017,,-0.09544328438465707,-0.12015407333292652,-0.05626388521869174,,-0.12545734249965335,,0.06189692228024425,-0.11162832880255527,,,0.2551751923543379,-0.05116937785026593,-0.025433211379054552,,,,,,,,,-0.10152044431027482,-0.14602609778336542,0.11314084654035148,0.11144259952808666,-0.050801558419416595,-0.04508702732840866,-0.0437073774454217,,,,,,,,,,,,,,,,,,,,,,,,,,,,,,,,,,0.030827144538441674,-0.01741987484680967,-0.17312938902045782,0.7674226445806792,0.3971867636384462,0.5432372341966852,0.6104486386225869,0.6599383089583872,0.46154004927152287,0.6362178263278446,0.6142898537139055,0.4766968490528909,0.6514109663205992,0.5369452124741866,,0.6239835699414906,1.0696177560837323,0.5917403831214791,,0.9380407466644456,,1.0407111688565351,0.5899691566695596,,,0.6949029018487177,0.47464778853382594,0.505783911436417,,,,,,,,,0.6044433756146499,0.4926244117260102,0.6757422843743566,0.6234422899914279,0.7706439719724825,1.0314056404512715,0.518608143236092,,,,,,,,,,,,,,,,,,,,,,,,,,,,,,,,,,0.5057856706413352,0.7716059566387621,0.6152276775362795,0.04555122413311476,-0.3342502368340455,-0.06672433178632631,-0.034908260359973256,-0.12480123742011662,0.16734379806542113,0.12563968190339683,-0.17578927975398284,0.04891329647660224,-0.10506363292600991,-0.02215602970829159,,-0.1529580088039923,-0.11233365625198219,-0.09508204412532253,,-0.13374402225677703,,0.059475601043325506,-0.18921044861516048,,,0.36720985288084207,-0.10780494313125684,-0.0502847378178256,,,,,,,,,-0.16795691442071,-0.2964248102763182,0.16743194729201263,0.17875367346289414,-0.06592091843577098,-0.04371415625445069,-0.08427823206301696,,,,,,,,,,,,,,,,,,,,,,,,,,,,,,,,,,0.0609490270836517,-0.022576128005404997,-0.2814070227037998
2015-07-31,0.40922662971397983,-1.9679552786822911,-0.842274316398974,-0.3362705161581675,-1.149494383241457,0.8355146614628604,1.1873913417569606,-1.37798459343198,0.4875108686869738,-0.8171488833071425,-0.4490990955330489,,-1.0917258596040782,-1.2230077701594495,-0.23953254172450913,,-1.0128967953189245,,0.6044103546050043,-1.6315896877512042,,,1.8902059352772065,-0.4511106039227887,-0.45899356543641884,,,,,,,,,-1.2134471252710268,-1.6956379215482418,1.2659436221794451,1.2419542969596464,-0.6269235489475418,-0.4538352432893921,-0.5149700227514137,,,,,,,,,,,,,,,,,,,,,,,,,,,,,,,,,,0.6164293680410282,-0.3409565352611372,-1.8865860428232253,0.0349467732431239,-0.1258165101328675,-0.055712961308263274,-0.03243387229373386,-0.07354591020654255,0.08424688113825775,0.07642673729493449,-0.10131700848072743,0.029279830602236268,-0.062056444447370636,-0.040915362795285445,,-0.09167893938867312,-0.12003632848029512,-0.020195816359455464,,-0.12528000583556315,,0.06416753357525436,-0.1018909719749662,,,0.27281105838974057,-0.03653039886423195,-0.04226803579023283,,,,,,,,,-0.0834078063384056,-0.14076979931710773,0.11475051334997,0.10063249843753294,-0.05441783104629658,-0.044885014578927906,-0.04195014185569981,,,,,,,,,,,,,,,,,,,,,,,,,,,,,,,,,,0.04154737410043854,-0.03411445329689007,-0.1648417081982251,0.7769045151850454,0.3811954055100243,0.5349719205521465,0.6032456833295858,0.6625197536566072,0.4575046462819891,0.6252362672618809,0.609921943755393,0.4698766594590229,0.6500294412561475,0.5652527349606429,,0.6103740027968033,1.0953194626298104,0.5968016738778885,,0.9433747669894624,,1.031267464395284,0.5992731213806171,,,0.6700453456158927,0.4668341794706311,0.5144369799075528,,,,,,,,,0.5946578645837596,0.5096892789356586,0.6644658616660891,0.6185169881829867,0.7826548384991528,1.0342980427318418,0.5242901531521316,,,,,,,,,,,,,,,,,,,,,,,,,,,,,,,,,,0.5187538845670181,0.7867063924902756,0.6331429369536347,0.04498206994562282,-0.3300577822141639,-0.10414184215642892,-0.05376561024807777,-0.11100938470230486,0.1841443181460742,0.12223657087205254,-0.16611471273996375,0.062313864740476024,-0.09546712888488534,-0.07238419252962001,,-0.15020125196779313,-0.10959024519850451,-0.03384007995189994,,-0.13279982698218865,,0.06222200912047682,-0.17002426496324047,,,0.40715312803042897,-0.07825133734992534,-0.08216368076382968,,,,,,,,,-0.14026184013691342,-0.2761874835018415,0.17269587494268446,0.16269965152155377,-0.06952979572789733,-0.04339659626578744,-0.08001321711553731,,,,,,,,,,,,,,,,,,,,,,,,,,,,,,,,,,0.08009072382198423,-0.043363640644767935,-0.2603546507070907
2015-08-31,0.5675036250758181,-1.7805607564360224,-0.9484304887642351,-0.3323669281989519,-1.1219720519226217,1.0708038138616123,1.0645628640580638,-2.001988469907916,0.6234284594946227,-0.7259576297447009,-0.5204513401050063,,-0.6016336631760818,-0.9212833650230878,0.18855375270193153,,-1.0963319349643903,,0.4920223374021143,-1.9870225397170356,,,1.6405914680420772,-0.12225007734010479,-0.31843774627322835,,,,,,,,,-1.114886591566388,-1.5198509862019296,1.1872186773400872,1.2852996955081997,-0.7470586578670889,-0.5456690169158981,-0.5619679802672721,,,,,,,,,,,,,,,,,,,,,,,,,,,,,,,,,,0.5520322777499486,-0.5195398470494313,-2.0467837469364802,0.04851681217109971,-0.11458616114250712,-0.06223545646746281,-0.03366385395178994,-0.07330784026616376,0.10934576773131595,0.07034464019681705,-0.14362834743394726,0.03794796578974612,-0.05639920144326885,-0.04852765110122525,,-0.053306962040847256,-0.09483271782666831,0.016048421999194446,,-0.13774588610372376,,0.05270281402064881,-0.12940625783788998,,,0.23883043436709597,-0.009924098403231286,-0.02962387456324271,,,,,,,,,-0.07840653618803074,-0.1283124946396431,0.10647987715821733,0.1063094108131789,-0.06578571000263943,-0.05495976856086139,-0.04721757886617681,,,,,,,,,,,,,,,,,,,,,,,,,,,,,,,,,,0.039278780964171416,-0.052988913504150165,-0.18481470853422205,0.795179791305229,0.39063052287017436,0.5559791191957462,0.5996012002776508,0.6655567121226407,0.4723398571089852,0.6549598853964109,0.6370113527210751,0.48274110085240274,0.652718143800992,0.5903030645452191,,0.6583171030510092,1.0530175874650078,0.5918256789469872,,0.9382018109973003,,1.0502387332545566,0.6406722208181866,,,0.6767059885226804,0.4584616731568106,0.5232112409675125,,,,,,,,,0.605174765558759,0.5595092353904302,0.6609495514187551,0.6382382301488289,0.7879667624822925,1.0523133175113406,0.5361749784522915,,,,,,,,,,,,,,,,,,,,,,,,,,,,,,,,,,0.5666701346932358,0.7939446300229344,0.6666830158758547,0.0610136383011733,-0.2933364251737945,-0.11193847811674972,-0.05614374009958883,-0.11014514455479713,0.23149807513721224,0.10740297499936402,-0.22547219420881665,0.0786093533837067,-0.08640667028931934,-0.08220802841098562,,-0.08097459688316316,-0.09005805691713543,0.027116805792794914,,-0.14681903668177862,,0.05018174663709981,-0.20198512380110448,,,0.3529308716308063,-0.021646517003040478,-0.05661933888970503,,,,,,,,,-0.129560154603667,-0.2293304319634788,0.1611013683716918,0.16656697419768937,-0.08348792504318073,-0.05222757105349386,-0.08806374926796066,,,,,,,,,,,,,,,,,,,,,,,,,,,,,,,,,,0.06931507160763783,-0.06674132112036515,-0.2772152644258108
2015-09-30,0.886460850891816,-1.8638377847985579,-1.1034743761668966,0.13547051284900585,-1.3606261634567847,0.8924386506059148,0.7977837591712537,-2.394796375442916,-0.10575547613333292,-0.8212391059094754,-0.6789540694873762,,-0.5186670539901028,-0.9615754491359337,0.20614060859051894,,-1.1792423277505626,,0.48759919934444323,-2.1253472666024593,,,1.6257156166886693,0.07616938939891099,-0.4304978578633096,,,,,,,,,-1.1878172673952816,-1.1008724059820603,1.1626300218080239,1.5118332020190681,-0.9382525943947394,-0.3275013711265461,-0.6708501519508242,,,,,,,,,,,,,,,,,,,,,,,,,,,,,,,,,,0.7759135151210013,-0.7008500881136285,-2.361126247624668,0.06862823733900145,-0.12121556975460482,-0.07250182589311624,0.014184364236648726,-0.08853917303044001,0.09061522026063387,0.049969955325421575,-0.1675752185136193,-0.005644429300382224,-0.06436201411824982,-0.06397214954810303,,-0.04647437055453457,-0.10470736658542686,0.01749790286195872,,-0.14812725394598353,,0.05225037915539609,-0.13920489686848203,,,0.23019177744854577,0.00599681709288357,-0.03836205409108317,,,,,,,,,-0.07884290321828662,-0.08777236296632233,0.10234341341947917,0.12449458242729247,-0.08270585297128148,-0.03279540133111104,-0.0570047849252872,,,,,,,,,,,,,,,,,,,,,,,,,,,,,,,,,,0.05360869148648759,-0.07221466120044219,-0.21916003064784154,0.7907104750678009,0.38795831234262995,0.5345707009730486,0.5801826464219694,0.6706626358533122,0.47190944400460194,0.6472546314537279,0.6250322893098262,0.48524425852353203,0.6576891218908347,0.6035703066788449,,0.645840797442588,1.0652998296087322,0.5851132619293005,,0.9404126795412606,,1.058948478851669,0.6423693343064489,,,0.6812784838150956,0.4368440047368819,0.545285999603224,,,,,,,,,0.5932497133930058,0.5490317005023091,0.6566611029589451,0.6344780318928335,0.7915727544752575,1.0613178903676046,0.5400012388807329,,,,,,,,,,,,,,,,,,,,,,,,,,,,,,,,,,0.5745150170145085,0.8058069425645278,0.6636186883309431,0.08679313035927189,-0.3124448320817311,-0.13562626189790292,0.024448101514453736,-0.13201745303402493,0.1920182386935876,0.07720293204111885,-0.26810649846371837,-0.01163214031126655,-0.09786084637254017,-0.1059895572068659,,-0.07195948403780718,-0.09828910479023002,0.029905155122040287,,-0.15751303355271748,,0.049341757600952184,-0.21670538961636188,,,0.3378820598582439,0.013727593895893224,-0.070352171372449,,,,,,,,,-0.1329000274898677,-0.15986756845919717,0.15585423433535966,0.19621574927643867,-0.10448294550777978,-0.03090063931717181,-0.1055641743404917,,,,,,,,,,,,,,,,,,,,,,,,,,,,,,,,,,0.0933112101491575,-0.08961781958668015,-0.330249937956159
2015-10-30,0.8655387125999062,-2.053450656881604,-1.2812577661178906,0.06024875881430657,-1.6796770214227041,0.8732960184175582,0.7253950882344371,-2.251016824245518,-0.12088382387091563,-0.5468259569716223,-0.9223096923304094,,-0.6761845318087512,-0.8053160041314599,0.24060000267121381,,-1.2300689169765746,,0.3498402367688352,-1.9866423748092132,,,1.7407746247477855,-0.36040871575895644,-0.44556921543130795,,,,,,,,1.58585829018278,-1.0254739143377727,-1.2224065302342937,0.9848463559289108,1.6073087734890412,-1.2302391148297425,-0.4443362152373389,-0.5673401683619058,,,,,,,,,,,,,,,,,,,,,,,,,,,,,,,,,,0.542367013312408,-0.693082013075807,-2.235263431589461,0.06942762370532109,-0.13378675138579263,-0.08384640795759478,0.006356947356761739,-0.10830280170610662,0.08978905807221009,0.04552560936271857,-0.1584203655631151,-0.006458492218195298,-0.045925102712427814,-0.08630532598501896,,-0.06108054456588532,-0.08840537529511856,0.020587523126326498,,-0.15495680926514224,,0.0378780651075344,-0.1313928481012875,,,0.24270700365479253,-0.027238547788959466,-0.03837282887984549,,,,,,,,0.23310416984854893,-0.06694214681282074,-0.09753794877546765,0.08618968909037142,0.13284897494040668,-0.10774614792863214,-0.04539763485121839,-0.04927532529635134,,,,,,,,,,,,,,,,,,,,,,,,,,,,,,,,,,0.03818704334505202,-0.0726927546239503,-0.2120298135493851,0.7851331063450459,0.3899655358639766,0.5340883730950232,0.5843988036716555,0.6726400648800916,0.4721082547448164,0.6442234418372912,0.6322763456216096,0.48681714322687747,0.6511715749279609,0.6070094019027393,,0.6426703106769706,1.053367878252207,0.5979719163125427,,0.9393607836701127,,1.0532610527948008,0.6433113996703315,,,0.6812743200943944,0.4431410407138993,0.5478978021277934,,,,,,,,0.7868000487132011,0.5873478582837389,0.5474111361721529,0.6526778387627763,0.6384567963165717,0.7789459480182037,1.0585278103243398,0.5369768649827097,,,,,,,,,,,,,,,,,,,,,,,,,,,,,,,,,,0.5767340470242519,0.8017194518806955,0.6774575096902719,0.08842783872472373,-0.3430732695118438,-0.15698976458092098,0.010877755595703427,-0.1610115236377025,0.19018743512701936,0.07066742127992415,-0.2505555785221845,-0.013266772356012464,-0.07052688489590245,-0.14218120133639642,,-0.09504180222911622,-0.08392640132695574,0.034428913072175105,,-0.1649598449913153,,0.03596265617818673,-0.20424455119032636,,,0.35625444332198536,-0.06146699422170021,-0.07003647163909466,,,,,,,,0.29626862660950143,-0.11397359481045727,-0.17818042478550047,0.13205548583318472,0.20807825323005097,-0.13832300970659153,-0.04288752209288507,-0.09176433569058506,,,,,,,,,,,,,,,,,,,,,,,,,,,,,,,,,,0.06621256980073215,-0.09067106261850783,-0.31297876326785934
2015-11-30,0.7755895861294194,-2.0531349853689282,-1.1680053111182196,0.41252228295726545,-1.42548454600279,0.6676721220649491,0.5757325435551057,-2.305031413425996,-0.4169998995493818,-0.6310224746330872,-0.5403843626726383,,-0.49481175336820316,-0.9623745017418128,0.34271195781939356,,-1.2950460059253472,,0.4368092639670499,-1.9313007636002746,,,1.8053717268350784,-0.8065950211858496,-0.30088775148256186,,,,,,,,1.6082356548222236,-1.0487022348528159,-1.2984978453063354,1.1271164226062977,1.7910910322567697,-1.0180433050526396,-0.22421191001560556,-0.4661551625532043,,,,,,,,,,,,,,,,,,,,,,,,,,,,,,,,,,0.25031876599465674,-0.5167587353291067,-2.206766902267199,0.06283377309281095,-0.13345447395004625,-0.07645002788594193,0.04496027176262795,-0.0934620969399494,0.06972976917650474,0.036458329971246636,-0.16482961791079948,-0.02200538570999761,-0.05388819617423735,-0.051395201818146004,,-0.04557201766682224,-0.10711561571171552,0.029624298978921618,,-0.16785896741149792,,0.047850955577979075,-0.12884612371661544,,,0.2473900013997106,-0.060168970826320584,-0.026202614951622048,,,,,,,,0.23094060969050298,-0.06933479064437831,-0.10557620552603335,0.09863262920434263,0.15089449756583298,-0.08870255104589062,-0.023297439152282523,-0.04114364226772485,,,,,,,,,,,,,,,,,,,,,,,,,,,,,,,,,,0.01782538519719239,-0.05349428629565527,-0.21360662976166714,0.7867327834589057,0.39286190067806015,0.5256327750719864,0.607858504160494,0.6717958011129247,0.46866774452646764,0.63827688857888,0.6202471108102748,0.4892453083510101,0.6498508612659357,0.6076068921809311,,0.6324405841866111,1.0587344676144403,0.5957586501193504,,0.925113725891353,,1.0528785750345906,0.6461446749900909,,,0.6823235093911013,0.42888924966288255,0.5436171540709318,,,,,,,,0.7759977583777318,0.5889943498586832,0.5424257752823218,0.6446466681332205,0.6412925419854304,0.786318154101608,1.0699647206274439,0.5418437306782776,,,,,,,,,,,,,,,,,,,,,,,,,,,,,,,,,,0.5702568158511861,0.819650313998195,0.6815110373184654,0.07986672783172892,-0.33969818330489787,-0.14544379938155866,0.07396502879353811,-0.1391227762738562,0.14878294909533038,0.05711992808077527,-0.26574830424517465,-0.04497822530821246,-0.08292394360955523,-0.08458627194577924,,-0.07205738974742255,-0.10117325825149563,0.049725335877182614,,-0.18144684562945462,,0.04544774365496706,-0.1994075455602747,,,0.36256995104928885,-0.14029022847650033,-0.04820049322469155,,,,,,,,0.2976047381545247,-0.11771724238273888,-0.19463714730569917,0.15300262000882558,0.2352974464643956,-0.11280745660417307,-0.0217740255385435,-0.07593267198315909,,,,,,,,,,,,,,,,,,,,,,,,,,,,,,,,,,0.031258521953105585,-0.06526476642790999,-0.31343091757125896
2015-12-31,0.1503577274251822,-2.185264969517528,-1.2299007166641311,0.19700739350689297,-1.4597688034693181,1.1703004386361513,0.42162521383554646,-2.1850264454946067,-0.49954886297280465,-0.4515279636359595,-0.5507612254096939,,-0.5591389941200767,-1.0483760572845273,0.5454882850347345,,-1.3905319582208622,,0.712776247536647,-1.6413635308944854,,,1.8657799293561572,-0.7596065424733203,-0.10813190903880726,,,,,,,,1.5233348717731685,-1.1538162187225216,-1.071557605526646,1.6027737643608413,1.7754609805933186,-1.0062462451420244,-0.1905282111459541,-0.41461450618262613,,,,,,,,,,,,,,,,,,,,,,,,,,,,,,,,,,0.3983980587058909,-0.7629261335514774,-2.4090179369396423,0.012400120280509833,-0.14644789395515825,-0.08185882830705202,0.022069360100255564,-0.09809609368083401,0.13404353921869064,0.027452350868476864,-0.15923325772128874,-0.025822946001161463,-0.03924992916715808,-0.05264627870018427,,-0.05216037354756713,-0.12024437010665334,0.04792977036311776,,-0.18284291042222003,,0.07874191207983136,-0.11554239177768431,,,0.24897231181339785,-0.05526630756084695,-0.009645584235245107,,,,,,,,0.21265057701888476,-0.07812081019935094,-0.08892574148895806,0.13277131927641506,0.153118597821104,-0.08939171120819626,-0.02010816383162721,-0.0375168090913944,,,,,,,,,,,,,,,,,,,,,,,,,,,,,,,,,,0.028182052164135992,-0.07965523010712416,-0.23182829727410262,0.8007413161003704,0.39159530162388884,0.5251587370573394,0.6114606335828034,0.6707725284169009,0.47625566931854085,0.6373367389748538,0.6219513210327909,0.4864180653961539,0.6496430407315568,0.6003131104052379,,0.6411824171851696,1.073744889876252,0.5959494737718746,,0.9226194477226661,,1.0433670358453042,0.6525299795541684,,,0.682879833639583,0.43521655374653856,0.5409645732652265,,,,,,,,0.7590496875480964,0.588385149489405,0.5404793480246689,0.6303984492953516,0.6374471378549341,0.7830446878521405,1.0713299404446996,0.5388180851909804,,,,,,,,,,,,,,,,,,,,,,,,,,,,,,,,,,0.5725727170917585,0.8241298841753886,0.6877522316945638,0.01548580050908166,-0.37397765843425623,-0.15587444810637183,0.03609285518667319,-0.14624345739434483,0.2814528998898623,0.043073542116265795,-0.2560220588596411,-0.05308796658308827,-0.060417685877092,-0.08769803255612009,,-0.08135028682875366,-0.11198597659497256,0.08042589594007252,,-0.19817803632205844,,0.07546904337076075,-0.17706832697039757,,,0.36459168882823223,-0.12698576624691751,-0.01783034363419585,,,,,,,,0.2801536981140123,-0.1327715532370989,-0.16453124770439748,0.210614920491674,0.24020595391856586,-0.1141591439096459,-0.018769347399439324,-0.06962796929523407,,,,,,,,,,,,,,,,,,,,,,,,,,,,,,,,,,0.04922004022000866,-0.09665373339400977,-0.33708112688038416
2016-01-30,0.22258163551096805,-1.9783170032768629,-1.109819921502765,0.06302778901228459,-1.4545543326262775,1.1946526271610556,0.4636663666302751,-2.1218776188484636,-0.5418735018446854,-0.37563269068139876,-0.5180203895139728,,-0.691343591751123,-0.9777118653421083,0.6308025364843174,,-1.1331704649162702,,0.72881965145432,-1.642664107313326,,,1.9455581057480142,-0.748871637767876,0.14366525370355326,,,,,,,,1.431377579799563,-1.215700758702823,-1.0995646088337245,1.5164500281868345,1.898897405498703,-1.3040629947577238,-0.12311177420795334,-0.4275736623474095,,,,,,,,,,,,,,,,,,,,,,,,,,,,,,,,,,0.34867528540854914,-0.9861251150682937,-2.5411875948261504,0.01850470042203652,-0.13339447617226893,-0.07342302007343089,0.007043017267873898,-0.0988323809004336,0.13821628563680566,0.03042928699249719,-0.1561091033819092,-0.02810008958514072,-0.032940863431808125,-0.049917635461935075,,-0.06547575315373347,-0.11231919039583689,0.05600183441787692,,-0.15051038379052684,,0.0811140032471398,-0.11624324244923102,,,0.25795366771031525,-0.05493280341433309,0.012898768812337673,,,,,,,,0.19735465382557024,-0.08273709890044546,-0.09205019454172879,0.12558171627682627,0.16554185520195305,-0.11447052136518024,-0.01311695801836045,-0.03907698000940256,,,,,,,,,,,,,,,,,,,,,,,,,,,,,,,,,,0.02495549674117105,-0.1016728323826856,-0.25030146236835743,0.8053634700499472,0.3924443132720757,0.5309538267198756,0.6131255476856532,0.666534587358911,0.47628589087620327,0.6289173681863444,0.6206024461822636,0.47954351146338203,0.6610346109007988,0.5928253910057671,,0.63468667594874,1.0631009280676245,0.5877880065398249,,0.9079851663825205,,1.0455538142025644,0.6482274883273884,,,0.6873443184619558,0.4226436160347622,0.5350999225882063,,,,,,,,0.7394379644949959,0.5840904964533012,0.5434244368586699,0.630649503798916,0.6571421136607364,0.7689892719337951,1.088057906390955,0.5388211639654129,,,,,,,,,,,,,,,,,,,,,,,,,,,,,,,,,,0.5893778736965344,0.8291993878675167,0.7207266366541137,0.02297683109576461,-0.33990676297502764,-0.13828513211219012,0.011487071929165187,-0.148277948023746,0.2901960530103777,0.04838360098123602,-0.25154445384841717,-0.05859758064370441,-0.04983228243816048,-0.08420293094606919,,-0.1031623250257448,-0.10565242436576276,0.09527556499076438,,-0.1657630425727892,,0.07757994102771726,-0.17932476567627778,,,0.37529031779520394,-0.12997428881030323,0.024105346063120446,,,,,,,,0.2668981893029457,-0.14165116433641614,-0.16938913360951519,0.19913076204824584,0.2519118037950275,-0.14885841134989905,-0.012055385969179601,-0.07252309787132066,,,,,,,,,,,,,,,,,,,,,,,,,,,,,,,,,,0.04234209978846342,-0.12261566261422534,-0.3472904283520749
2016-02-26,0.33916305265869806,-1.9924111228615573,-0.9638058174232993,0.08488884464180377,-1.300809397935311,1.2155957686239016,0.4468470053596545,-2.1822646585178456,-0.5203212057148672,-0.24806660956686494,-0.4562155763943459,,-1.0108511717888076,-0.9770634265257292,0.7195906987545724,,-1.0174197275879078,,0.7421925805135497,-1.6839455384408488,,,1.5404222361110218,-0.8060344378784104,0.3190100635087954,,,,,,,,1.243244894629723,-1.2209412882673687,-0.8582176078290698,1.4799182522642262,2.0375854333880197,-1.497835051342065,-0.1369754562569449,-0.3479763114151689,,,,,,,,,,,,,,,,,,,,,,,,,,,,,,,,,,0.4684370381268878,-1.0448069024614537,-2.709178490967968,0.02818882278097662,-0.13479136608694145,-0.06393507805549549,0.009505693153308051,-0.08779062540482807,0.1409330679232573,0.029515060565074316,-0.1580570072639857,-0.027015964806329822,-0.021944373226960877,-0.044014184867925014,,-0.09321085911041446,-0.1125271310347482,0.06409013154273077,,-0.1351395631996007,,0.08282014448279006,-0.11953801049375441,,,0.2131449411648693,-0.05899995267279162,0.028665125015013657,,,,,,,,0.17179552612840332,-0.08350641499131185,-0.07062138420977346,0.12206643930090212,0.17868317466671296,-0.1308522617691952,-0.014720960715625297,-0.031876299005477046,,,,,,,,,,,,,,,,,,,,,,,,,,,,,,,,,,0.03361952509961853,-0.10773995864750183,-0.26422904651561985,0.8043245090867143,0.39193688579402697,0.5305716077826759,0.6139523032964217,0.6651801573385555,0.48103120105554736,0.6281267109047672,0.6199557350062496,0.4800621846505076,0.6615868266985133,0.6008398063143416,,0.6362472451834223,1.065302342810396,0.5908923739111331,,0.8977865565860663,,1.051775636591744,0.6521488586899488,,,0.687548180666438,0.42078226164251875,0.532611821061018,,,,,,,,0.7350288157568504,0.5842652987509608,0.5443961251556843,0.6332690478119941,0.6594827178842279,0.7739871153358272,1.0911482509818398,0.5409259654215848,,,,,,,,,,,,,,,,,,,,,,,,,,,,,,,,,,0.591761476677479,0.8308581905221275,0.7253598004157464,0.035046579412312276,-0.3439108973218148,-0.12050226042567197,0.015482787673032994,-0.1319802228558442,0.29298113638783063,0.04698902315833725,-0.25494885898973474,-0.056275969385086735,-0.033169301959153095,-0.07325444220800859,,-0.14650100226924032,-0.10562929087144225,0.108463291070278,,-0.15052526929505824,,0.07874316688981971,-0.18329865781546417,,,0.3100072797200462,-0.1402149236103394,0.0538199189006165,,,,,,,,0.23372624643498843,-0.14292550861711523,-0.12972425949868294,0.1927560485115347,0.2709444384531708,-0.16906258408761674,-0.01349125630030479,-0.05892913456397572,,,,,,,,,,,,,,,,,,,,,,,,,,,,,,,,,,0.05681262877803348,-0.12967310171161212,-0.36427307711865836
2016-03-31,0.25139161218588074,-2.4585345286239795,-1.0264826027165936,0.09434999309565917,-1.296554191712623,1.4214078338439817,0.10899592634300487,-1.5711158187587295,-0.6368703112186327,-0.058856679556966184,-0.32081153790160255,,-1.306129217620225,-0.8673407869225775,0.6919989679521349,,-1.0328093411236374,,0.47857153854989437,-1.8425140828955235,,-0.8916896769132708,1.6717116146926994,-0.6551597046365634,0.5705273399206352,,,,,,,,1.2325844017235426,-1.240601911615977,-1.1252344376503585,1.1836649826741024,1.6970158998417828,-1.2470225137078599,-0.13035240173014143,-0.33467591552887893,,,,,,,,,,,,,,,,,,,,,,,,,,,,,,,,,,0.6467254994735951,-1.3385438826839704,-2.292035621496758,0.02148462285747624,-0.16694993506411537,-0.06919521994110969,0.011050967010227924,-0.09706044292131594,0.1664497097877451,0.00808824057006198,-0.11356597849345766,-0.03379183616232626,-0.0053381174627215545,-0.03161959633828858,,-0.12003819440450288,-0.10341134802499222,0.06487309437744923,,-0.1405914950956297,,0.055829439983909435,-0.13440623437846713,,-0.1303434173597789,0.22783767244196254,-0.048034474790545865,0.052008517506979726,,,,,,,,0.1654876292564769,-0.08063238171264328,-0.08973541188600144,0.09437282313789769,0.14705663642545636,-0.11094689161220844,-0.013959036820518902,-0.0316304810182486,,,,,,,,,,,,,,,,,,,,,,,,,,,,,,,,,,0.04928928833254261,-0.14420714172829516,-0.2257281646928168,0.8021096795392066,0.3902140546709333,0.5312700452875695,0.6223478507838482,0.6711943283691226,0.48373588861469285,0.6211174505786352,0.6258510205546443,0.47803189017390096,0.675505080884435,0.6031577562872931,,0.6388871425810025,1.0766534252078879,0.5961343593292747,,0.9062713201024621,,1.0630529964807318,0.6607417246504098,,0.643251043918585,0.6948707635174733,0.41527042732269925,0.5411974967676982,,,,,,,,0.7276459792769867,0.5939266764502095,0.5523786110795538,0.6259717368035103,0.6583263749795307,0.7682785693018958,1.1167740478915553,0.5426442495085398,,,,,,,,,,,,,,,,,,,,,,,,,,,,,,,,,,0.5958750167365885,0.8340800219408517,0.738252746740517,0.026785143485388005,-0.42784193205163745,-0.1302449113306496,0.0177568975233211,-0.14460855644766063,0.34409212486677054,0.013022079097161007,-0.18145848574763487,-0.07068950180297237,-0.007902409047364067,-0.05242342655580092,,-0.1878863830622223,-0.09604887292772493,0.10882294127525131,,-0.1551317932909259,,0.052518021367452455,-0.2034172042783885,,-0.20263226712505142,0.32788495991489974,-0.11567034787482984,0.09609896168700072,,,,,,,,0.22742876889240962,-0.13576150880200938,-0.1624527273252398,0.1507621152670682,0.22337953029761076,-0.1444097180961607,-0.012499428014890976,-0.058289535081032524,,,,,,,,,,,,,,,,,,,,,,,,,,,,,,,,,,0.08271749435390635,-0.1728936528089166,-0.3057600065688023
2016-04-29,0.31220636139118885,-2.1071386817828452,-0.8072594398669608,0.33523163943987005,-1.4322953412373591,1.512871285401204,0.09169061870300069,-1.5489632232568626,-0.6687322253605061,0.006224298846149297,-0.109666630721307,,-1.145322390157399,-1.4264457662801713,0.5329586354138597,,-1.2480620626428565,,0.7990592892460786,-2.014881845900316,,-1.1501156735599063,1.3747937833321846,-0.23870152318779855,0.6798751937038595,,,,,,,,1.3501425305220027,-1.2765680640752344,-0.9527222772359889,1.2431593601776911,1.7827301465190042,-1.3045374078898868,-0.3978968066024304,-0.431640944079445,,,,,,,,,,,,,,,,,,,,,,,,,,,,,,,,,,0.7624574420205079,-1.4290886151388509,-2.28308808013746,0.026255292439865956,-0.14393202737602814,-0.05443359534185453,0.03974351940459492,-0.10847921396629973,0.17829660735647615,0.006778263021075454,-0.11087224730758478,-0.03533645291982837,0.0005621009762870025,-0.010634659227461242,,-0.10613010949962265,-0.17597718934252624,0.04910431401428593,,-0.1686950383924426,,0.09807542204196217,-0.1444490257944322,,-0.16518816943007947,0.19142246664523116,-0.016673717384527442,0.06106023219737243,,,,,,,,0.17690374630131492,-0.08181086161746336,-0.07541561555686067,0.0980875291297748,0.15189648402853737,-0.11536896307135083,-0.04197724954392698,-0.04051475078885457,,,,,,,,,,,,,,,,,,,,,,,,,,,,,,,,,,0.05851110991666038,-0.15352713575027224,-0.2235923025425274,0.7983718099700522,0.39115256291026806,0.5289727742335035,0.6137575677248981,0.6719780704882643,0.4745306154572864,0.6223882167200758,0.6163559453010585,0.4622378478010715,0.6683563888436619,0.6083833846378088,,0.6305327786743907,1.10281547017124,0.6073214663563905,,0.9189853557771118,,1.044438261592376,0.6539072544420054,,0.6449610287346667,0.7103355340860598,0.41648188012155846,0.5302205704371187,,,,,,,,0.7228984055144662,0.577143096558052,0.5391565505553242,0.6258839985773349,0.6572662259242585,0.7693670865098423,1.1169598004365149,0.5374695459778631,,,,,,,,,,,,,,,,,,,,,,,,,,,,,,,,,,0.5869909017319355,0.8237219677598279,0.7418382197292576,0.03288604646605799,-0.3679690254491486,-0.10290434213883758,0.06475442665728398,-0.16143266980048607,0.37573256929831333,0.010890731602851077,-0.17988347180366587,-0.07644647249879839,0.0008410198296443395,-0.017480193404348827,,-0.1683181479046129,-0.15957083855125945,0.08085390807752275,,-0.18356662305003849,,0.0939025557072507,-0.22090139666319192,,-0.25612116402468244,0.26948175539538705,-0.040034676609846484,0.11516005904303904,,,,,,,,0.2447145338153258,-0.14175143409903787,-0.13987702732941587,0.1567183844813617,0.23110343729428368,-0.14995307843842232,-0.03758170126402222,-0.07538055149737406,,,,,,,,,,,,,,,,,,,,,,,,,,,,,,,,,,0.09967975609847013,-0.18638222817803501,-0.30140305068688694
2016-05-31,0.18922055262578708,-2.145553550839323,-1.006380893717529,0.35878579688187395,-0.7238884217940873,1.2036579673476648,0.18726102711473602,-1.203679059499569,-0.9785914942950904,0.16626939853508726,-0.12475012531984132,,-1.1396502455524804,-1.2703088422783997,0.4335148086588744,,-1.4620573117054316,,0.8186091029634635,-1.4354725313801158,,-1.1127149165906183,1.3791178688765968,-0.6073396864375438,0.08022491760047967,,,,,,,,1.368842268667227,-1.294618673341933,-0.6483703278330728,1.365879308417159,1.5697780942021753,-1.5497212738500232,-0.8946134620262015,-0.10222149923716414,,,,,,,,,,,,,,,,,,,,,,,,,,,,,,,,,,0.9553278875766675,-1.0360969331176342,-2.1256105885640344,0.016147755065264092,-0.14636732803267324,-0.06838360752322799,0.04346567647181824,-0.06277672067698357,0.14354593174393357,0.014113713306615105,-0.08355607472442143,-0.05163286669317559,0.015115462668285888,-0.012335405562120948,,-0.10782809452093682,-0.16308547569483137,0.04072707890941724,,-0.19770348251635167,,0.10206687298314253,-0.1072497945857847,,-0.1573065743897759,0.18988006455298556,-0.04252570912406059,0.006709064586140146,,,,,,,,0.17645341685745286,-0.08322690406999853,-0.051310494122352446,0.10839145376040542,0.13465298690316843,-0.13689551865401128,-0.09094088932165911,-0.00953075737407215,,,,,,,,,,,,,,,,,,,,,,,,,,,,,,,,,,0.07395015929716003,-0.11056079957651421,-0.2083113230881304,0.7983742568017792,0.3869083090626398,0.5313639521572306,0.6169371116376705,0.6920320507498045,0.4722259819876332,0.6295673731084042,0.6163101982356399,0.46468106264481485,0.6740546414657184,0.6099393112773597,,0.6344124777537682,1.0926966116371033,0.6158467066965132,,0.9155778345977932,,1.0397036510958872,0.6520744819399902,,0.6317720638259052,0.715335573392871,0.4016154848176059,0.5323749158666609,,,,,,,,0.7177683104087572,0.5777173768556279,0.542299841295566,0.6302600735462931,0.6626981221699079,0.7788453693136009,1.1081278833820292,0.5288589619485632,,,,,,,,,,,,,,,,,,,,,,,,,,,,,,,,,,0.5894285672678222,0.8518253419333671,0.7551121697015399,0.020225796269973253,-0.3782997795712281,-0.12869448001808234,0.07045398250793801,-0.09071360294507474,0.30397719994088085,0.02241811426302247,-0.13557470728802481,-0.11111463505591977,0.022424684496523333,-0.020223988410072537,,-0.16996528016396878,-0.14925046344794,0.06613184493245554,,-0.21593301524517727,,0.0981691974203997,-0.16447476102224592,,-0.24899260888041455,0.2654419430762758,-0.10588662721352411,0.012602142561916845,,,,,,,,0.24583617624044388,-0.1440616249471011,-0.0946164653114605,0.17197893109509177,0.20318902739948463,-0.17576726272977364,-0.08206714286811884,-0.018021359303350734,,,,,,,,,,,,,,,,,,,,,,,,,,,,,,,,,,0.12546076556815214,-0.12979280391632522,-0.27586805172331685
2016-06-30,0.2788605888796157,-2.009801787840341,-0.8221681978295355,0.4402129861905145,-0.5927213927158113,1.4397044158292893,0.10068532261727257,-0.8274252508938399,-0.8474358496234987,0.5961466245697968,-0.05810385763357923,,-0.8609480980946481,-1.4321739572924126,0.49906970732741407,,-1.050653172366345,,1.07680664115549,-1.3978245720993847,-0.24521955235606385,-1.054190028393058,1.5138936122037152,-0.4353814917399079,0.15737808612180884,,,,,,,,1.4283603001217104,-1.077732208141664,-0.7393263710439542,1.1391105678442828,1.752880206806945,-1.387397029001099,-0.48700102956394936,-0.1895711875959908,,,,,,,,,,,,,,,,,,,,,,,,,,,,,,,,,,0.9458996263175543,-1.2484782775070984,-1.8909400938131355,0.024343098352658337,-0.14051239852971636,-0.056355470643454475,0.05499047019706251,-0.05337344392365211,0.17142342621320428,0.007837439200987936,-0.05634861629903363,-0.046159208303982825,0.05312616890771267,-0.00589523461041697,,-0.0842363720321761,-0.19177210625901234,0.04910234458859398,,-0.14492702219819245,,0.13695275874080146,-0.10754969868888763,-0.030200714378109922,-0.14684790485532512,0.20840453405588405,-0.030625385212929804,0.013453089388870295,,,,,,,,0.18165736129187623,-0.06767951021874724,-0.05863033944514135,0.09239577765189116,0.15463261942231557,-0.12610221953023848,-0.048369255806052246,-0.01806664750365428,,,,,,,,,,,,,,,,,,,,,,,,,,,,,,,,,,0.0749634562762029,-0.13628892183343266,-0.18075024034942547,0.8044911085714874,0.3839954032821903,0.5348349463021654,0.6194686887200843,0.6950422178415708,0.47233298367876136,0.6301253572236619,0.6172999102004995,0.4681902527245234,0.6718569078097886,0.6181135192755252,,0.6343487860004451,1.0990826397822413,0.6282310303188983,,0.9224366144739646,,1.052266052620647,0.6545239609603458,0.45274984314346567,0.6135787972673568,0.717263767708696,0.3995449412875003,0.5353872610358751,,,,,,,,0.717274935940793,0.5811576323470036,0.5361777981434124,0.6269780229535212,0.6671330004462971,0.7712138254820015,1.0973081958807842,0.5364102947439958,,,,,,,,,,,,,,,,,,,,,,,,,,,,,,,,,,0.59696289919215,0.8715581517125276,0.7597580755482803,0.030259002359744786,-0.36592208481843913,-0.1053698361206475,0.08877037887206392,-0.07679165747571631,0.3629291879598888,0.012437904793293457,-0.09128239834140192,-0.09859070759241598,0.0790736364993264,-0.009537462661108952,,-0.1327918865633598,-0.17448379158914537,0.07815969320023716,,-0.15711325843330665,,0.13015031550217115,-0.164317435424497,-0.06670507971559922,-0.2393301488078288,0.29055494427333717,-0.0766506644139757,0.02512777267587776,,,,,,,,0.25326043360710854,-0.1164563733688289,-0.10934868927463386,0.14736685221698848,0.23178679411582068,-0.1635113575037711,-0.044079918465593296,-0.03368065020503879,,,,,,,,,,,,,,,,,,,,,,,,,,,,,,,,,,0.1255747323286731,-0.15637387082621865,-0.2379049939271614
2016-07-29,0.3375556671965109,-1.8984857616881836,-0.668091147180895,0.45150792188172545,-0.5041034070237475,1.4032880123567477,0.09967048969372941,-0.5873461907974981,-0.8013720266531041,0.6591323676517697,0.4500333841449752,,-0.7638301077722869,-1.489070980821339,0.6234326507991564,,-1.0957831152707846,,1.259905759128873,-1.3760742097192653,-0.3509245494519864,-1.1206132841526621,1.5019562011879233,-0.5658890339342965,0.1661019706472855,,,,,,,,1.3244179513723653,-1.008685323675294,-0.8359067419886556,1.1221208614974467,1.8769640684365518,-1.3667623269161548,-0.7479507519185595,-0.13507154693853393,,,,,,,,,,,,,,,,,,,,,,,,,,,,,,,,,,0.9648356972417093,-1.116611463399185,-1.9207156752681191,0.029566015774980293,-0.13315583946913515,-0.045077145597366676,0.05685203944020673,-0.04586433124932498,0.1671145126303089,0.007734155339607657,-0.039408887395897374,-0.043909791384591584,0.05856460121017142,0.042717681256988854,,-0.07472428039088451,-0.20061551494587004,0.06134472162749185,,-0.15211353040777595,,0.1605705652552056,-0.10715446662192937,-0.04289811416060889,-0.1543924917788058,0.20508219006292222,-0.0395552430166023,0.014096465659292604,,,,,,,,0.16798224690880362,-0.06353243757776837,-0.0665836085268483,0.09110817647225328,0.16207963887545837,-0.12391238074415278,-0.07422596468989973,-0.012954253588895072,,,,,,,,,,,,,,,,,,,,,,,,,,,,,,,,,,0.07674567430419313,-0.12149479434908379,-0.18356306558441574,0.8054301308779211,0.3899111813525588,0.5244135299043096,0.6200788445227141,0.6976296018193772,0.4752196618125283,0.6314089028848004,0.6106269799927597,0.4696279475632392,0.6710716744904006,0.6141252419506862,,0.6381056769703817,1.112871314364907,0.6311033020140947,,0.9152569935455607,,1.0552802135901547,0.6623800379835401,0.4494456629643835,0.6140621928343419,0.7201409673708742,0.40759137216076796,0.5290643787802394,,,,,,,,0.7177535784552989,0.5815987057738671,0.5356983003969091,0.6269133257819365,0.6569696913503547,0.7726813552581525,1.0996959929656038,0.5365018702609967,,,,,,,,,,,,,,,,,,,,,,,,,,,,,,,,,,0.5964544243234321,0.8617152184171106,0.7552479643987392,0.036708355748689525,-0.3415030033435621,-0.085957251342451,0.09168517833238896,-0.06574309795586869,0.3516574040579885,0.012249043851411675,-0.06453839854302647,-0.09349910202837486,0.08727026253141186,0.06955858241765456,,-0.11710329979457762,-0.18026838535267417,0.09720234616380094,,-0.16619761605809993,,0.15215917363685863,-0.16177188392955785,-0.09544671958267037,-0.2514281022027632,0.2847806184553648,-0.09704632069836935,0.026644140533127702,,,,,,,,0.23403888458532487,-0.10923758417452632,-0.12429311139780588,0.14532818609114084,0.24670793951287945,-0.16036672801915056,-0.06749680381187072,-0.024145775265598055,,,,,,,,,,,,,,,,,,,,,,,,,,,,,,,,,,0.12866980472354947,-0.1409918169627528,-0.24305006333986243
2016-08-31,0.7250494892016528,-1.151675458125527,-0.2869830250832712,0.44785130381137095,-0.17509212073806046,1.2494923013966281,-0.0039874062534968075,-1.1645646986297362,-0.29191197079642484,1.3004422111664151,0.030818071630673818,,-0.09315579667380428,-1.5306605584650874,0.6719352905533604,,-0.7720855857247262,,1.4425651916870428,-1.1660656871965926,-0.3589769864549746,-1.3056388680802675,1.506153466234645,-0.3945599486846743,-0.25503472054043935,,,,,,,,1.2159225707489902,-0.5149975729520412,-0.6306219953202267,0.9755973498765595,2.040623301826698,-1.4243162136930565,-0.8833268914635233,0.43606233424301205,,,,,,,,,,,,,,,,,,,,,,,,,,,,,,,,,,0.5546036277977364,-0.6526057056795157,-2.120857727222073,0.06391407850810615,-0.07244920450355348,-0.019612972775374667,0.05867077792093414,-0.016551520920562737,0.14706206724684856,-0.00029262724202275286,-0.07847010363023738,-0.015579543685986944,0.1131296909349903,0.0025256297117183107,,-0.008983979171701944,-0.20670818813727398,0.0710620199610538,,-0.11171691082209952,,0.1906372563987594,-0.09148939919791213,-0.04263186934089803,-0.1802172207493527,0.2028613965496012,-0.026361766658102772,-0.020907492891422085,,,,,,,,0.15117523807604988,-0.03448894595672307,-0.05246124444715792,0.0790660811499057,0.1745306124020451,-0.1313342940955764,-0.08939040080239709,0.03275958519894807,,,,,,,,,,,,,,,,,,,,,,,,,,,,,,,,,,0.04395861627394889,-0.06776015378313104,-0.20658465500614936,0.8049659671431549,0.37180381462000117,0.5111741351735531,0.6371346614892872,0.7018111453564086,0.4952809392200235,0.6271651983624935,0.6167050660153706,0.456521505872196,0.6502198226922896,0.6024056902717981,,0.6413831757037273,1.1483351151548935,0.6170068455843992,,0.9148203393094906,,1.0627323333250975,0.6768715740805994,0.44492320676781144,0.615854077942243,0.7148137889274846,0.38211897427537167,0.5270788832635916,,,,,,,,0.7134464868302518,0.5733923880769746,0.5363345073172674,0.6282516563404723,0.6825872506557504,0.7882350517316581,1.1039152925214342,0.5506640720156237,,,,,,,,,,,,,,,,,,,,,,,,,,,,,,,,,,0.6013392036634606,0.8585443148505923,0.7537968700568892,0.07939972758716604,-0.19485869067158323,-0.03836847646588319,0.09208536509973038,-0.02358400978678843,0.29692656349433577,-0.0004665871811554474,-0.12724089350724033,-0.034126636939527805,0.1739868379689923,0.004192572800198447,,-0.014007194937479766,-0.18000685114413845,0.11517217429532288,,-0.12211896262212951,,0.17938407482370453,-0.1351650781349224,-0.09581848888171389,-0.2926297433176275,0.2837961434039723,-0.06898837386469411,-0.03966672457444338,,,,,,,,0.2118942918167576,-0.06014894280754409,-0.09781441196011763,0.12585097126597455,0.255689821681223,-0.16661818553621877,-0.08097577903665235,0.05949105246513812,,,,,,,,,,,,,,,,,,,,,,,,,,,,,,,,,,0.07310119813600299,-0.07892446855806501,-0.2740587858776309
2016-09-30,0.5704624261821276,-1.258107423078776,-0.2941001911045839,0.1680115477468952,0.08379162982336916,1.0721407995959942,0.012662981938170396,-1.252726187156234,-0.32148016167991844,1.3457505989740424,-0.23557021041386003,,0.21002066048020915,-1.3332162481640017,1.264357946497793,,-0.532034920309778,,1.3831053721859723,-1.16175887826608,-0.41232023859830236,-1.2025242068349762,1.472170149206956,-0.5052813750319524,-0.30989076131888305,,,,,,,,1.4546732219569005,-0.5140838939091539,-0.68657166778872,1.0409021210629263,2.003859450346671,-1.4675132376160747,-0.7562854548946196,0.45476615817207544,,,,,,,,,,,,,,,,,,,,,,,,,,,,,,,,,,0.5965820111611724,-0.2650752762829905,-2.183383876459944,0.05050154828487391,-0.07930126902415767,-0.020480719127116312,0.022555835789627547,0.0074510670185585146,0.12742109837160492,0.0009405774724321473,-0.08369587351006531,-0.017432396157377378,0.11895944367439258,-0.01938053753388795,,0.019772883189596413,-0.1843432185048533,0.1245540166636522,,-0.07530113600028635,,0.18621570665232967,-0.09130072615189949,-0.04854465946929784,-0.16586044628467786,0.19791337048640797,-0.034136514769995234,-0.025771461705389485,,,,,,,,0.182806084627554,-0.03487341590529315,-0.054194495294953314,0.08547360522588936,0.17491559711843682,-0.1324550343114098,-0.07734618504201624,0.03371856314938113,,,,,,,,,,,,,,,,,,,,,,,,,,,,,,,,,,0.04745335785475318,-0.02744182014929353,-0.21675805181908475,0.7902876598392042,0.36257267156072986,0.49040519922690595,0.6084628222888121,0.70237861726973,0.5024343454119373,0.6130249253664214,0.5971924727595856,0.44063260162723145,0.630353308154082,0.558260646694845,,0.614391972162305,1.1571365508872629,0.6159405153668097,,0.9007416902632677,,1.0614744221006225,0.6998051053326501,0.4431813845706004,0.6092687549324086,0.7149805943404137,0.3624247262709709,0.5088869053838269,,,,,,,,0.7066456027587795,0.5626022044507712,0.5341539676403295,0.6147834995801897,0.6792900665026774,0.7882161789926596,1.0924078740715326,0.5253194008492841,,,,,,,,,,,,,,,,,,,,,,,,,,,,,,,,,,0.6099805564728761,0.8621181502262857,0.7549919078768359,0.06390274181321419,-0.2187182742780848,-0.04176285071896245,0.03707019552120019,0.01060833407418086,0.25360746042775906,0.0015343217437201904,-0.14014890898291532,-0.03956220237222693,0.18871867908927423,-0.0347159300026421,,0.03218284757205938,-0.15930982247817133,0.2022176063373211,,-0.08359903490009153,,0.17543117646095985,-0.13046593323794056,-0.10953677469177296,-0.27222870850004144,0.27680942958876764,-0.09418925447286587,-0.050642807729453,,,,,,,,0.25869556665161425,-0.06198592118802236,-0.10145856546636187,0.13903041523439674,0.25749765195152813,-0.16804404405995238,-0.07080339393173532,0.06418678444936227,,,,,,,,,,,,,,,,,,,,,,,,,,,,,,,,,,0.07779486960886971,-0.031830695296335774,-0.2870998345249088
2016-10-31,0.676422487029088,-1.014045092619582,-0.13168032377149907,0.8662452306098253,0.23524771780146564,1.0794812781531062,0.07199695282977482,-1.322627583150832,-0.12153409703439154,1.7517894278477288,0.1088714572655793,,1.0814717533015032,-1.1637876571240886,1.199365912094886,,-0.18767868491573006,,1.502234130557619,-0.8457932627114035,-0.4034285950352189,-1.3163014896227403,0.8678800709064204,-0.24201964925143254,-0.5144929337633721,,,,,,,,1.4817515034320277,-0.4987913661277867,-0.38802133754871443,1.5308284396810394,2.0175716946414353,-1.3598265224111603,-0.6234021540219984,0.7584893863281892,,,,,,,,,,,,,,,,,,,,,,,,,,,,,,,,,,1.1383827617678157,-0.34508408892815184,-1.8661339185666974,0.06273425381156669,-0.06552440781285887,-0.009616913714316451,0.11857987418824388,0.02197048440767347,0.13092013685523718,0.0056082365769374734,-0.0926958789707646,-0.006726999759357763,0.15863562340877313,0.009096746826951172,,0.0994047426733657,-0.16780099981112767,0.12328842439918572,,-0.02611702479022823,,0.21223366520081244,-0.06849242625665895,-0.04718159474019362,-0.18035571863946334,0.10905344231135594,-0.016463429052763302,-0.044572447614647695,,,,,,,,0.18476153915835028,-0.0355072916763467,-0.031554521324849635,0.12270832925162592,0.18505157418471155,-0.12246333765797092,-0.06613058147999087,0.058295336310728946,,,,,,,,,,,,,,,,,,,,,,,,,,,,,,,,,,0.08826893248183769,-0.037431067942019294,-0.1927079557095416,0.7827270795056885,0.3389694291344421,0.489139016138431,0.628136825349515,0.7114034233148804,0.49940100830837425,0.5892725148814407,0.5959895419371927,0.419435997518961,0.6166621619083428,0.5407736814482655,,0.6030738076572605,1.1750006387234166,0.6242805212897754,,0.918803956202382,,1.0689440150582639,0.6857638156015425,0.4427866153580527,0.6159767015248185,0.7026139429837197,0.3790834633973738,0.4951964238829281,,,,,,,,0.7035547979852554,0.5546817448066294,0.5219977408080827,0.611638708931661,0.6972826426454397,0.7655563313706942,1.0875686552538266,0.5174307700533782,,,,,,,,,,,,,,,,,,,,,,,,,,,,,,,,,,0.6167198944188971,0.8439181668518877,0.7679457207566541,0.08014831153048253,-0.19330477081716585,-0.019660900883021713,0.1887803252456379,0.030883298684871417,0.2621543302419516,0.009517220700622407,-0.15553272741912172,-0.01603820320418174,0.25724883608531157,0.016821726239688375,,0.16483014419001182,-0.14280928391105865,0.19748882144275381,,-0.02842502430896751,,0.19854516439688794,-0.09987757402536374,-0.10655605455020573,-0.2927963317330056,0.1552110421382327,-0.043429562727998854,-0.09000963146128312,,,,,,,,0.2626114407682888,-0.06401380973647346,-0.06044953619148123,0.20062224228083683,0.2653896180215233,-0.15996646182614127,-0.060805891343527846,0.11266306467378272,,,,,,,,,,,,,,,,,,,,,,,,,,,,,,,,,,0.14312645543080604,-0.04435390706382157,-0.2509395527585819
2016-11-30,1.0137999369211645,-0.8101611971506042,-0.17840814559378576,0.5237592933120019,0.10543093734909287,1.4855324377932966,0.001329120274257546,-1.0567607485107982,0.0007140260512240187,1.9715559163291845,0.28386881192240765,,1.2585587333337382,-1.134602810731266,0.9006668094908662,,-0.46878209955928896,,1.402561876700496,-0.9024028977930871,-0.3671955017265248,-1.2984266617321425,0.8020140964423405,-0.2966538031618808,-0.32742327105008784,,,,,,,,1.53894170132963,0.1536529812628322,-0.34985805137997017,1.9395224362210044,1.893314892146924,-1.7072437057534142,-0.8318893636281216,1.4816025012465641,,,,,,,,,,,,,,,,,,,,,,,,,,,,,,,,,,1.4030523881563521,-0.17759797036446556,-2.1099941147766232,0.09370000816349948,-0.051052530589774915,-0.013423236834325088,0.07384731130838013,0.010387588515673372,0.1809748373074528,0.00010562938413462904,-0.0749911226784681,4.048526368185775e-05,0.18268679599110585,0.02437852842728418,,0.11541505049803859,-0.16960221994026972,0.09592883248768348,,-0.06344544927497255,,0.2012272699446097,-0.0759372627286938,-0.04239228485139046,-0.17674527611783158,0.10430523583878827,-0.02084621357441554,-0.02901092571712007,,,,,,,,0.19145021339573912,0.009007860221034126,-0.02920571180333272,0.1479417852436447,0.17901258934044645,-0.15563113733410222,-0.08928328382692977,0.09908226594739658,,,,,,,,,,,,,,,,,,,,,,,,,,,,,,,,,,0.10997887720334419,-0.020593647749079912,-0.22199632230991342,0.7663092173398864,0.3219871838700369,0.4902536801810362,0.643215064590268,0.7074586366723339,0.515017773156283,0.5870832108053781,0.5890532146676369,0.41523603401482806,0.6025308253023024,0.5281524362000896,,0.6167165811636234,1.1798192940501286,0.632984426804041,,0.913387199509865,,1.081906815701231,0.6967763984875273,0.4417775143698221,0.6176991805646,0.7060235910532457,0.3695720640200932,0.4922043849900827,,,,,,,,0.7136946051548296,0.5578793152864396,0.5157944160755896,0.5962805712549906,0.699326163417857,0.7783752190614783,1.0883339566510304,0.516576790357123,,,,,,,,,,,,,,,,,,,,,,,,,,,,,,,,,,0.6227175309291949,0.8288966424299987,0.7998817780047,0.12227441096006035,-0.15855454237700703,-0.027380185762946815,0.11480967311519875,0.01468296233477814,0.3513953240843509,0.00017992233841898414,-0.12730789139446516,9.749939881280155e-05,0.3031990867843949,0.04615812927548141,,0.18714439342667422,-0.14375270924588185,0.15155006730897203,,-0.06946172369069566,,0.1859931622800486,-0.10898368959328798,-0.09595844847798864,-0.28613487224684325,0.14773619063236365,-0.05640635644279151,-0.05894081117888579,,,,,,,,0.2682522916846285,0.016146610878392392,-0.05662277623232863,0.2481076734267426,0.2559786816291098,-0.19994359214281462,-0.08203666097276616,0.191805493001144,,,,,,,,,,,,,,,,,,,,,,,,,,,,,,,,,,0.17661117881045998,-0.02484465094309882,-0.2775364165235541
2016-12-30,0.6404836735090748,-0.8418970748824931,-0.33326679617142824,0.5445448514495214,0.18034906629614733,1.597735038946366,-0.11553884495280761,-0.7965398751013595,-0.1309810026554865,1.9426683664038766,0.38879003767192033,,1.3030279389175496,-1.064211465294853,0.8704068813767778,,-0.3752203966811656,,1.3735743467966446,-0.9270492244210533,-0.31845550701307834,-1.194174965794492,0.5603202014580498,-0.44537761149275384,-0.5235700481442646,,,,,,,,1.4328502746541758,0.1516648872398427,-0.29625206991527625,1.836468184373381,1.8579949963157913,-1.4814071035495036,-0.8226643612801273,1.4448900339836888,,,,,,,,,,,,,,,,,,,,,,,,,,,,,,,,,,1.5523036490686646,-0.04854321598253064,-2.0378392654926336,0.05748336287089177,-0.05295456286224166,-0.02493590651127295,0.07702074756464926,0.017920909419035503,0.19535472969556628,-0.009243574047725248,-0.05554569508263931,-0.007414634279251469,0.17713163935296575,0.033176572063510504,,0.12086662894216291,-0.16114484336285687,0.09337616831446474,,-0.0516444147719157,,0.19827727448839552,-0.07840703915569203,-0.036445935408289824,-0.16176399283662984,0.07345343406737424,-0.03151049434884845,-0.045942331123124534,,,,,,,,0.17716074778162708,0.009044898105312475,-0.024805915629768246,0.13908585365491308,0.17665726766037204,-0.13530689134463675,-0.0885709875550849,0.0956715138532922,,,,,,,,,,,,,,,,,,,,,,,,,,,,,,,,,,0.12187314618315029,-0.005692833169059283,-0.21524234923622457,0.7622242385631451,0.3098832213937095,0.4730524171897884,0.635472450582527,0.7082777581215571,0.5040288323284712,0.5723504551552248,0.5710068888152491,0.4028502181170144,0.5758745376626097,0.5049908161230029,,0.613898965612098,1.1666999232716833,0.6349560077975617,,0.8912885733411485,,1.073618471306206,0.7035372001106058,0.4423364868694753,0.6183082394274392,0.7329914414907222,0.35134874033656094,0.48638870542514767,,,,,,,,0.7121461802655649,0.553195745268096,0.5137043574955528,0.5609504566242177,0.6921176167713112,0.7566608352686266,1.0907791061200631,0.5030421849094984,,,,,,,,,,,,,,,,,,,,,,,,,,,,,,,,,,0.6206524371371932,0.8210321951074534,0.8170354813084133,0.07541529114746154,-0.17088554399323994,-0.052712776861826446,0.12120233928952487,0.02530209259509156,0.3875864180092287,-0.016150199522805195,-0.09727675124530989,-0.018405436923699937,0.3075872047962341,0.06569737706958523,,0.19688358461664918,-0.1381202142458116,0.14705927208776828,,-0.05794353963084899,,0.18468131816618585,-0.11144689881837855,-0.08239414222016077,-0.2616235439243463,0.10021049347859812,-0.08968438116119098,-0.09445599910254246,,,,,,,,0.248770200123186,0.016350266940193176,-0.048288310713780536,0.24794676965222096,0.2552416863545072,-0.1788210583102278,-0.08119974709649032,0.19018586656008646,,,,,,,,,,,,,,,,,,,,,,,,,,,,,,,,,,0.19636295435380788,-0.006933751444806896,-0.2634430868186191
2017-01-24,0.5932153488368371,-0.9305514650378058,-0.0951991406779089,0.7108694012835841,-0.0771906991648183,1.6664839595359207,-0.12052946521958079,-0.8285930381623156,-0.22469779611401056,2.0149651422875943,0.6794719669594165,,1.11938626135384,-1.3127284030459956,0.8934427331938907,,-0.5819017057966815,,1.4467560549571472,-0.9084000330467418,-0.23987377270755042,-1.192570763975356,0.1774750443931526,-0.914485030731035,-0.6380852878369105,,,,,,,,1.455043599084348,-0.19056983554233012,-0.4280492747134616,1.6956644025673988,2.1644625577928394,-1.5379793056377367,-0.6161094639789819,1.210303325204425,,,,,,,,,,,,,,,,,,,,,,,,,,,,,,,,,,1.5601976627411303,-0.26056346682488724,-1.8478178427944227,0.05385790160825784,-0.05842191604384516,-0.007075630076002521,0.10238284131090557,-0.008013437643379749,0.20594634146254914,-0.009799757573973063,-0.05699317736476751,-0.012817989334037107,0.18539280717618145,0.05792909120016072,,0.10490055234232264,-0.19942372192682922,0.09734642529950119,,-0.07835825926304496,,0.21101421920472976,-0.07755630239182103,-0.02728384286567899,-0.16047058531780956,0.022392390293614773,-0.062491785514692644,-0.05677974213701591,,,,,,,,0.17866602648967342,-0.011337131905076393,-0.03588108402464491,0.1289270294842828,0.2068866172530307,-0.14158159046719182,-0.06891096404120974,0.08067306123669778,,,,,,,,,,,,,,,,,,,,,,,,,,,,,,,,,,0.1242260343147086,-0.031000560958159992,-0.19396150482017693,0.7479458997192626,0.29542639615667354,0.45837902743622877,0.6264048628744676,0.6929081240580853,0.5047181320799111,0.5508056988656342,0.5495835471361633,0.39273911409417767,0.5542968400522292,0.514637268919375,,0.5977466328972719,1.1611161015879599,0.626472701696473,,0.8667029825557836,,1.0716848099491592,0.7007925021793417,0.4410903124215732,0.616972501060112,0.7181605093146316,0.3362641507661407,0.48029205452196416,,,,,,,,0.713730727016767,0.5427699908158021,0.493660805630249,0.5384123499979172,0.7057742581094016,0.7372802803323908,1.070415942124796,0.5032151047571495,,,,,,,,,,,,,,,,,,,,,,,,,,,,,,,,,,0.6188096282019392,0.7981369200666523,0.8290887662882755,0.072007750331238,-0.19775455681645404,-0.01543619941683939,0.16344515724397118,-0.011564935328580439,0.40804228810615034,-0.017791677889599424,-0.10370248101813542,-0.0326374146960147,0.3344648458733999,0.11256295394579383,,0.17549333876440376,-0.1717517495917026,0.15538813588507436,,-0.09040958764440572,,0.19689951490003885,-0.11066942376043484,-0.06185545702849712,-0.26009357798294286,0.031180202758551427,-0.18584135529259369,-0.11821919934430088,,,,,,,,0.25032693665362704,-0.020887543705274292,-0.07268367999933902,0.2394577863690934,0.2931342633652152,-0.19203224912425715,-0.06437774450969046,0.16031526175199057,,,,,,,,,,,,,,,,,,,,,,,,,,,,,,,,,,0.20075000234833015,-0.038841156421596364,-0.23394540211721576
2017-02-24,0.692888712496976,-0.9538412002961529,0.18682045890599558,1.1038903782191534,0.14359654151992612,1.3585522234365006,-0.06563619933483279,-0.5024203270145546,-0.6281250501468927,1.502691326422648,0.4382710814690718,,1.2680056290628867,-1.1834559756151988,0.8583400481191501,,-0.49086584043547865,,2.0432775176891336,-0.8337713164950201,-0.27855610989054436,-1.0928430702104728,0.21763084452586512,-0.8225363129466106,-1.059910621391478,,,,,,,,1.5120009816182198,-0.565066802779109,-0.5512772255573694,1.5148004013477392,1.9933815384241313,-1.4959723287190305,-0.5642844356525735,1.1648457386440199,,,,,,,,,,,,,,,,,,,,,,,,,,,,,,,,,,1.6299843250594872,-0.5753418049860368,-1.6103218192452273,0.0637773820776264,-0.06152688368726018,0.013188367885764905,0.14786843995533094,0.015850918012516993,0.15574513581283486,-0.005617047780144222,-0.03509260105320767,-0.03555284741111241,0.13966625115201134,0.03771524675154874,,0.12080185645998767,-0.18630443231307414,0.09646079723379995,,-0.06714094154362901,,0.2934581322216473,-0.07294712829405053,-0.031174409659089172,-0.14576232759507757,0.028051099558566855,-0.056480826484442005,-0.09052436653897476,,,,,,,,0.18257033736837414,-0.03638807502669633,-0.04715436083587785,0.11697205820426025,0.19580872282807374,-0.14091164916571072,-0.06417630015802916,0.07904149265588387,,,,,,,,,,,,,,,,,,,,,,,,,,,,,,,,,,0.1329010176070302,-0.06890643754734964,-0.17473952848106084,0.752413536549171,0.29367964617301073,0.45545042183735934,0.6039959555665819,0.7048173655457224,0.4902357920017162,0.542689178437765,0.5521922741629188,0.3901171027387769,0.538925521050026,0.5258026823740368,,0.5834184066958847,1.1505160729511572,0.6335107918504967,,0.8769792236139553,,1.0835556549870937,0.7113869865220046,0.43865258613769886,0.6159737431966761,0.7211683617850894,0.33135731832449933,0.4875303505620456,,,,,,,,0.712649009175015,0.5452301292762959,0.4886554765241649,0.5362615416310044,0.7173614484855285,0.7443670112246337,1.0620924977483421,0.5038659653396619,,,,,,,,,,,,,,,,,,,,,,,,,,,,,,,,,,0.6077564757880948,0.7958299367663272,0.8344169824942991,0.08476373560493283,-0.20950339762740602,0.028956758526122194,0.24481693725353193,0.02248939766154034,0.3176943388341781,-0.010350395775928263,-0.06355141622798936,-0.09113378306543678,0.25915686991384246,0.07172889758047961,,0.20705869933746773,-0.16193118609389764,0.1522638579716001,,-0.0765593297261331,,0.2708288502496373,-0.10254211796970246,-0.0710685646095863,-0.23663724177369144,0.038896741794291555,-0.17045293210977203,-0.18567944833509226,,,,,,,,0.2561854924624442,-0.06673892925725798,-0.09649817325550016,0.21812501759588687,0.2729568521440051,-0.1893039952615346,-0.06042439834014856,0.156870076752656,,,,,,,,,,,,,,,,,,,,,,,,,,,,,,,,,,0.2186747865330332,-0.08658437483180788,-0.20941511516066813
2017-03-31,0.8558534152903241,-0.7358623975748557,0.6717248767333459,0.844208305959213,0.29744516718442254,1.3678501371489833,-0.11413115614092803,-0.3446265383719529,-1.1057544552519443,1.489184169592025,0.3445339393543198,,1.3335380268254877,-0.7777703381704715,0.7252601789809289,,-0.5966494046090691,,2.037562617290522,-1.0226486594564848,-0.2141740015381721,-1.1559652819312627,-0.03443356610031336,-1.857972284566944,-1.0497304300992887,,-1.0278170664964636,,,,,,1.5695391738203348,-0.32017394519986264,-0.738845597847841,1.4066314448235036,1.543214600043519,-1.5694997786162885,-0.6273355388498397,0.9884628452016779,,,,,,,,,,,,,,,,,,,,,,,,,,,,,,,,,,1.648707503634095,-0.8306426357011016,-2.032208601365326,0.08055199899720099,-0.048298107881974826,0.04523735917661249,0.11216819380965196,0.03465201301807195,0.15788760963186232,-0.010029602448311033,-0.020954127489156402,-0.059633970239384285,0.14115093850856533,0.030177145687147848,,0.13091700002516907,-0.12881158331663695,0.08279155009527232,,-0.08307378268919617,,0.2866537352233793,-0.0909684240163627,-0.02346338136050437,-0.1510004453542173,-0.004495110565338951,-0.11052197933695133,-0.08950252549183768,,-0.12283445311274309,,,,,,0.1862068246496594,-0.020625680326219253,-0.06411252953023495,0.10780403355422895,0.1460092058900391,-0.14875547074269568,-0.07295464340067279,0.0660741306082821,,,,,,,,,,,,,,,,,,,,,,,,,,,,,,,,,,0.1381354247838712,-0.10041025430687071,-0.2179623543263286,0.7288446444683055,0.2897892406258383,0.44593382584157604,0.5990090617194861,0.7017134110872669,0.4841718338177256,0.5445787118311701,0.5540612867304996,0.3914758161629125,0.5316064622084634,0.5253015016277924,,0.5845734311710921,1.164185871594666,0.6350700478417065,,0.8999131843426518,,1.0963524837356406,0.7177035385708244,0.4362460964797813,0.6071101054759858,0.7243577021247599,0.30553915573042223,0.4857895526740373,,0.4964064195257897,,,,,,0.7079581146851234,0.5367173448876102,0.4943991112621255,0.5195391569581063,0.7265406614846082,0.7438282220235974,1.0733821764784253,0.497904139746505,,,,,,,,,,,,,,,,,,,,,,,,,,,,,,,,,,0.6123192288203535,0.7910416499185422,0.8357455739537497,0.11052012196092066,-0.1666663254221194,0.10144410797104159,0.1872562553355494,0.04938200192637124,0.3260982952827068,-0.01841717685692496,-0.03781915104158627,-0.15233117290332854,0.26551772512730404,0.057447286165441355,,0.22395304515105902,-0.11064520405164753,0.13036601297233344,,-0.092313107680357,,0.26146129048447436,-0.12674930403368181,-0.05378473652793322,-0.24872003281156077,-0.006205650263886798,-0.3617277107175916,-0.1842413551283049,,-0.24744735015732708,,,,,,0.2630195498676897,-0.03842931577055389,-0.12967767957059115,0.20749934265863598,0.2009649474974806,-0.19998632256518026,-0.06796707174701178,0.13270452148062484,,,,,,,,,,,,,,,,,,,,,,,,,,,,,,,,,,0.22559380513003346,-0.12693421935142163,-0.26079989068346615
2017-04-28,0.8997987073323499,-0.5845298367882922,0.6611870286497131,0.891622139625276,0.3469633914060822,1.530501261998244,-0.0036884226727845436,-0.27389459644884206,-1.0342697970790717,1.5393414062068358,0.40057805356809906,,1.248416768945421,-0.6764401694763889,0.7312376546182675,,-0.7970424753393301,,1.8568717695869195,-0.9478452545363819,-0.24432870904375498,-1.1582219722929397,-0.015823397101202438,-1.6273831331691238,-1.8557328381478866,,-1.0306025700725556,,,,,,1.5843789311714693,-0.45149450217055775,-0.7772338350136201,1.2981082975942557,1.8459315214157015,-1.742916444051195,-0.8458207595689798,1.1625260420354084,,,,,,,,,,,,,,,,,,,,,,,,,,,,,,,,,,1.8357962259107161,-0.6962483727984946,-2.042886429418767,0.08419876078981334,-0.03830396479119988,0.04409500375668298,0.11739225875212449,0.04010308302474509,0.1743848305111694,-0.0003219990574145239,-0.016517161604228767,-0.05595158365260432,0.14425243035133498,0.035012071952162896,,0.12240894120768268,-0.11399746816107062,0.08293435591705514,,-0.10997714321383696,,0.2564089532432994,-0.08393007382650826,-0.02638310855839826,-0.14864814402734208,-0.002027763638822036,-0.09277116050104965,-0.1432606762486948,,-0.12061200895743528,,,,,,0.18535965342304012,-0.028830857691384045,-0.06712109810711127,0.09902473220228426,0.1849150504911397,-0.1615296746791491,-0.1004494861766836,0.07619544314480663,,,,,,,,,,,,,,,,,,,,,,,,,,,,,,,,,,0.1530662556899454,-0.08360441041136642,-0.21797076430107806,0.7204768323147721,0.28918016340434405,0.4458386124075292,0.6043379570964479,0.7285135997182681,0.5045888917936668,0.5401392559197778,0.5500661877088651,0.38551848406057515,0.519676820220581,0.5201213503343479,,0.5812562646670111,1.1626034718944136,0.6327629370097377,,0.8999055996791145,,1.0895215223221908,0.716002696615425,0.44010547651469656,0.5973732428950661,0.7380327784391933,0.28541526697012937,0.49386717728028806,,0.4899226353877854,,,,,,0.712461974163274,0.5286678871403944,0.48828778610265694,0.5241171269102335,0.7416220306299848,0.7468336288628766,1.0947564843008204,0.4927565964545377,,,,,,,,,,,,,,,,,,,,,,,,,,,,,,,,,,0.6093019667637385,0.7862999203365789,0.8407905143572212,0.11686532725736196,-0.13245709643521308,0.09890351021543399,0.19424935563560763,0.05504781659567346,0.34559783884913126,-0.0005961408171790935,-0.030027589357975313,-0.1451333359253738,0.27758103640278947,0.06731519851983811,,0.2105937581211414,-0.0980536106393322,0.1310670253681101,,-0.12220964427052378,,0.2353408794502682,-0.1172203320228391,-0.05994723984653084,-0.24883629421857692,-0.0027475251751153816,-0.3250392366388683,-0.29007936311464777,,-0.24618582658865723,,,,,,0.26016778459050993,-0.0545349138706578,-0.13746216886326093,0.1889362646591101,0.24933866963749735,-0.21628602199541147,-0.09175509587489394,0.15463099569451733,,,,,,,,,,,,,,,,,,,,,,,,,,,,,,,,,,0.2512157584242593,-0.10632636256096682,-0.2592450325961578
2017-05-31,0.8610340321204812,-0.1847754070246026,0.680998210394207,0.4818522438863119,0.14779468631044304,1.534229966111524,-0.15253365758283868,-0.43654432684354016,-0.8945163535567072,1.3482642855112463,0.5755344080117532,,1.2293869799148218,-0.7849960983562213,0.8318464185022698,,-1.1754922901627232,,1.6389944144032165,-0.8894847115823467,-0.26851522487737056,-1.2371395981443263,-0.15515382335190234,-2.026330328286476,-2.1830088121450237,,-0.9157039713417401,,,,,,1.6089662459532874,-0.5892302324012193,-0.81730351707371,1.2599923932163353,1.7421343641417466,-1.6641126283043517,-0.808914675147856,1.2586971537949618,,,,,,,,,,,,,,,,,,,,,,,,,,,,,,,,,,1.791394818167288,-0.8196841396339868,-1.9253621168724395,0.08130243039224978,-0.011718049742782531,0.045962345633147494,0.06475493470509779,0.017465717549210644,0.1756948331752998,-0.013471308352426811,-0.026553290222487355,-0.048566234116466975,0.12796269826702575,0.05043717906631836,,0.12211033089077333,-0.13426780698477436,0.09464301612816317,,-0.16311518182375936,,0.2259937677829378,-0.07923830200021417,-0.02847431753396938,-0.15656961758915078,-0.019266920487365877,-0.10840745158421985,-0.1651914179855144,,-0.10535446766528098,,,,,,0.18627540426213016,-0.03781013567967466,-0.07071952805195633,0.09787286710716503,0.17611775246254363,-0.15707344100292472,-0.09679500037464385,0.0831419216398429,,,,,,,,,,,,,,,,,,,,,,,,,,,,,,,,,,0.14972961040128063,-0.10067949788190261,-0.20494344595318112,0.716907943194963,0.2888533391970716,0.4278463207707444,0.6074700653411682,0.7206884163919525,0.5176962849440956,0.5456405579593159,0.5368967176344082,0.37226896339820675,0.5180880407071483,0.5196325949293441,,0.5781527502494469,1.1513864413400894,0.6380178259845346,,0.8752627723409733,,1.0824238388106855,0.7196073527186262,0.43540401882160584,0.5967653397246039,0.7465589491459257,0.26667555978945323,0.4783000873982745,,0.48936133500077506,,,,,,0.7092086925862461,0.5232053562665276,0.47769295837052,0.5023839618734295,0.7348564261082428,0.7445351157364226,1.1144397825746533,0.4890560985429483,,,,,,,,,,,,,,,,,,,,,,,,,,,,,,,,,,0.6057189364641161,0.7836329021699703,0.8542051458456102,0.1134070715270895,-0.04056747197506979,0.10742723123187914,0.1065977377317021,0.024234769356569992,0.33937819969921657,-0.024688979138224657,-0.049456979993251556,-0.13046006756280915,0.24699025689218188,0.0970631549261771,,0.21120773158665807,-0.1166140247652223,0.14833914081024013,,-0.18636138423606471,,0.20878491370926267,-0.11011324675999684,-0.06539746144519605,-0.2623637922091869,-0.02580763449344156,-0.40651438650699806,-0.3453719167898909,,-0.21528972587324274,,,,,,0.2626524550662884,-0.07226633907091287,-0.14804389893707226,0.19481686227042236,0.23966280514855545,-0.21096847909928704,-0.08685529885789035,0.17000487651119942,,,,,,,,,,,,,,,,,,,,,,,,,,,,,,,,,,0.24719321353122478,-0.1284778849932276,-0.23992298214300709
2017-06-30,0.8607788792685576,-0.326785767412597,0.6410374020728108,0.9481199027618709,0.503051655057356,1.465025415500518,0.01487759220648584,-0.4020611957437233,-0.7930147684380697,1.3270304789394798,0.5124786249172973,,1.044552589856038,-0.8057173219394199,0.9524917198734472,,-1.0394893944383121,,1.7978887670085086,-0.7670107160738386,-0.4244182983544161,-1.2786985225374377,0.10419406632723517,-2.31135820805188,-2.2235436540572353,,-0.937366940219492,,,,,,1.4696688231522101,-0.6985743235977419,-0.925901539467041,1.1178692334789924,1.803087995294568,-1.3463511420663903,-0.9678420046011277,1.1612742432023533,,,,,,,,,,,,,,,,,,,,,,,,,,,,,,,,,,2.130243148438666,-0.6386939603525016,-1.8664275141278448,0.08138292568881368,-0.020358731735779147,0.043113442785057285,0.12398946918620049,0.061344602052041966,0.16731984168987488,0.0013102459626979325,-0.024205736851671905,-0.04267457157018468,0.12439808950754004,0.04489667136117421,,0.10255974824560711,-0.1421561661032742,0.10775268374098627,,-0.14409135064958667,,0.24691788699089592,-0.06877025495634956,-0.04612540024920297,-0.15753002763950155,0.012655060897178492,-0.1216919842452214,-0.1668056582891428,,-0.10416562767875119,,,,,,0.1668767530989355,-0.0449285067405957,-0.07989337521420238,0.08695920638550239,0.18159810732723852,-0.12990255349708277,-0.11584159941211754,0.07636674097947731,,,,,,,,,,,,,,,,,,,,,,,,,,,,,,,,,,0.17934421867350658,-0.07763664069825209,-0.19680081931100335,0.7245194565516405,0.2640675371541535,0.40210139394864086,0.6130640008984416,0.7008344689442184,0.5078871815706575,0.54451131343789,0.5114025723315543,0.36591164261616554,0.5095978983344936,0.5249388600254978,,0.5742236031320878,1.174178628440329,0.638878891752826,,0.8433392571800613,,1.0801431801368975,0.7263353832337723,0.4403093220237915,0.593525925053444,0.7258699513226835,0.24581837564575687,0.47995929965842826,,0.4846100025163974,,,,,,0.7024031788297129,0.5134178553381098,0.47903837885327827,0.49120991591200336,0.7569222920287056,0.7483862738159623,1.1183562934624836,0.4953441204731784,,,,,,,,,,,,,,,,,,,,,,,,,,,,,,,,,,0.596865418249815,0.7866297687298409,0.8775385213564472,0.11232676355740223,-0.07709668501923592,0.10722032659892751,0.20224555512066386,0.08753080045343,0.3294429309525648,0.0024062786766089594,-0.04733205924505745,-0.11662534502885305,0.24411028757007686,0.0855274295353052,,0.17860594320086742,-0.12106860290252547,0.1686590136752779,,-0.1708581089079098,,0.22859736702647285,-0.09468113015529044,-0.10475681059214695,-0.2654138951475738,0.017434336376810175,-0.49504836213135217,-0.34754125695210625,,-0.21494733319134618,,,,,,0.23757972362393343,-0.08750865649385756,-0.1667786522771956,0.17703064121588394,0.23991644748699192,-0.17357687873498792,-0.10358201593650133,0.15416906716592868,,,,,,,,,,,,,,,,,,,,,,,,,,,,,,,,,,0.30047681301321927,-0.09869527417403842,-0.22426459297399307
2017-07-31,0.6633014221149683,-0.6577529941290606,0.5136997067825738,0.6581976076042708,0.20171537300848005,1.7324027210861153,-0.2830051375031303,-0.7060710487840673,-1.0528213354482852,1.0558086209419955,0.9226214946459148,,0.8872958319768899,-1.1258687119334407,0.8624281931026637,,-1.260125287682562,,1.476101348659099,-0.8555130935289543,-0.5599573160891421,-1.3017338183171088,-0.19551082457842275,-2.273651352238532,-2.4272851167947715,,-1.2454253168253075,,,,,,1.3834108706399804,-0.7523926331822492,-0.953026309591672,0.9049630301369856,1.5479980659381916,-0.8260140182593592,-1.0255973037737482,1.0910780812950192,,,,,,,,,,,,,,,,,,,,,,,,,,,,,,,,,,1.7365239233543277,-0.8450459639139893,-2.0651110320084944,0.06015667447666788,-0.038449138434235995,0.03366407314622656,0.08250095685527666,0.023740058902566957,0.1897035351940203,-0.024288198456501438,-0.041595507071377984,-0.05498259346029127,0.09528072355322215,0.08246992941468279,,0.08480610667840974,-0.19953076550242735,0.09434656864379427,,-0.16982288015312547,,0.19937244323792436,-0.07399024494439639,-0.058444402713762396,-0.15343970372693908,-0.023317931248032612,-0.11465190415084846,-0.17583122851375285,,-0.13229366257405137,,,,,,0.151264362412429,-0.04748644907771245,-0.07959480157822114,0.06880375516432417,0.1526661239968658,-0.08271108936818178,-0.12091050756719907,0.06993598639642519,,,,,,,,,,,,,,,,,,,,,,,,,,,,,,,,,,0.14861484060659394,-0.09968025358035432,-0.20829055041263123,0.7191346868116567,0.25325719410652614,0.3859913361716246,0.5937062492749335,0.6750260552436579,0.501869064897966,0.5346024313369749,0.4911965439257466,0.3535702273531754,0.482563883020771,0.525239168146939,,0.5590463377411362,1.2254667833006312,0.6293904970607702,,0.8110425118410499,,1.0392082626005492,0.7235290284679561,0.4427569420191167,0.5850386726906751,0.696403893352123,0.23022320095562665,0.4663147488632716,,0.4804103800579511,,,,,,0.693221846147986,0.5008408084189779,0.47199643430293187,0.4864920953415384,0.7531225295651841,0.7437711155612466,1.1040746405885289,0.48832304790067976,,,,,,,,,,,,,,,,,,,,,,,,,,,,,,,,,,0.5906524661623711,0.7709123619565751,0.8671559854231462,0.08365147110811395,-0.1518185438715054,0.08721458227564567,0.13895921923683863,0.035169100093473765,0.37799407945693675,-0.045432263365805574,-0.08468200272529994,-0.1555068532548417,0.19744686021005217,0.15701405077165018,,0.15169781278073377,-0.16282021530197488,0.14990148260005381,,-0.20938838306716007,,0.1918503253034268,-0.10226299434186875,-0.13200109849715008,-0.2622727537330965,-0.03348334417803485,-0.4980032580336963,-0.37706555270313447,,-0.2753763616808051,,,,,,0.2182048405614409,-0.09481345824757095,-0.16863432812955623,0.14142831059982788,0.20271087107831937,-0.11120503020041095,-0.10951298320079837,0.1432166404946127,,,,,,,,,,,,,,,,,,,,,,,,,,,,,,,,,,0.2516113097303813,-0.12930166708880617,-0.2401996341073419
2017-08-31,0.9425118686469754,-0.41415772681489876,0.5322034671510517,0.36997040718578134,0.5302226158176587,1.8359676244856415,-0.5469273950457808,-0.7523210461678231,-0.9598964333121919,1.0827133697405917,0.37317273158181863,,0.8666116692187718,-0.6725337499250191,0.9569514670091482,,-1.3601319499462152,,1.297150552319887,-0.7373993765177576,-0.5684268500186364,-1.2334913163301782,-0.1862757919384734,-1.9915978647944943,-2.5018023179851596,,-0.7777987908131481,,,,,,1.3717200787430186,-0.8604407105047186,-0.9257320024725154,0.5862701127441118,1.2541397711072186,-1.2197959476734102,-1.0444496310850544,1.05879955804763,,,,,,,,,,,,,,,,,,,,,,,,,,,,,,,,,,1.8919208704686996,-0.7218685076889334,-2.1701193946771693,0.08657211086124617,-0.02405626992933916,0.03445879750371408,0.046494993184897616,0.06377178897115926,0.20293446993074596,-0.047779751648547315,-0.04321308800125536,-0.05028980259734738,0.09666142045637817,0.03503597892995837,,0.0841395240086742,-0.1252917636195594,0.1037156582778979,,-0.18065565019057814,,0.17459082562769918,-0.0650102040882926,-0.05764329280260731,-0.14213292009795878,-0.021426330033954066,-0.09933968358917404,-0.17588437408000857,,-0.08551351654080092,,,,,,0.14569400252070167,-0.053861719769465695,-0.07655431369655835,0.04463921527997459,0.12533845959641216,-0.12609201288801875,-0.1212620056702268,0.06691027920267266,,,,,,,,,,,,,,,,,,,,,,,,,,,,,,,,,,0.16691528560206756,-0.08602076877873169,-0.21557918105206897,0.7200765522528015,0.24957231333280308,0.3809892367955358,0.6068487251875789,0.6730711939756506,0.5042624379425792,0.5616914820352045,0.48653363719433834,0.3498561112200752,0.4826970999590447,0.5527248945548167,,0.5546737094468466,1.2176973907421473,0.629720536184639,,0.810543454661027,,1.0163287259716771,0.7424771947710164,0.43414003361269454,0.5778204642365428,0.7034969891117103,0.21977076852119587,0.46842751716029457,,0.4764052162680272,,,,,,0.6845103647722491,0.4901207510964806,0.4694583780467809,0.49136075875439916,0.7634542821295939,0.7758634795858669,1.101250898533722,0.4896487571887081,,,,,,,,,,,,,,,,,,,,,,,,,,,,,,,,,,0.590112866787739,0.7828459223602013,0.871254716792399,0.12022626009748583,-0.0963899785520691,0.0904455931446876,0.07661710613386534,0.09474746437219582,0.40243820411992354,-0.08506404881808886,-0.0888182947646733,-0.1437442450896987,0.20025274745711044,0.0633877346128539,,0.15169192730007539,-0.10289236436911317,0.16470108932176805,,-0.22288212822115647,,0.17178578265686514,-0.08755851970422077,-0.13277580582221105,-0.24598111159969877,-0.03045688946161462,-0.45201499843503157,-0.37547831337120496,,-0.17949743961806397,,,,,,0.21284411459449135,-0.10989479561713758,-0.16306943762526657,0.09084814870673662,0.16417284247432692,-0.16251829890913663,-0.1101129686538127,0.13664954361741755,,,,,,,,,,,,,,,,,,,,,,,,,,,,,,,,,,0.28285315402571326,-0.10988211897353665,-0.24743531013036316
2017-09-30,1.0932061222181095,-0.055086705430404496,0.4821476383396225,0.3523112446624918,0.45885341707146665,1.889580073618968,-1.0010857984492514,-0.7620516034070557,-0.9910243304508148,1.1151271953938346,0.08675972716169048,,0.87042467577053,-0.7806438230254408,0.8806844086988831,,-1.3797347005801015,,1.2602568212552088,-0.7310535811618539,-0.7021667900612323,-1.1872564958528502,-0.681076938316841,-1.9925350217546127,-2.5167159155263024,,-1.1871623507371494,,,,,,1.0452244927878351,-0.8407445548869499,-0.898212907907946,0.5028200687590902,1.2344893042052814,-1.2795520548908437,-1.2125931058335082,1.25659338801145,,,,,,,,,,,,,,,,,,,,,,,,,,,,,,,,,,2.077552412002681,-0.9655275836727375,-1.8606985205697317,0.09988447694786054,-0.0032048291294444085,0.0308288046757493,0.044182420386986346,0.05505474299776588,0.20573241678886284,-0.09067315760087313,-0.04325155438336616,-0.05203624279078774,0.09936973772794878,0.00812408721368834,,0.08409824938796794,-0.14590907898116526,0.09447335705116944,,-0.18103845510074362,,0.1671944718789007,-0.06369134716951953,-0.06999987240441588,-0.13430689796480985,-0.07817917018165665,-0.09828329331685225,-0.1752062267694217,,-0.13096420779575949,,,,,,0.11049326053140694,-0.052500639078235316,-0.07329548787323338,0.037939861611804425,0.12214250614099378,-0.13185636505107157,-0.1389529304328083,0.07896219688111908,,,,,,,,,,,,,,,,,,,,,,,,,,,,,,,,,,0.18183119906340478,-0.11442329471933758,-0.185016829028071,0.7171540307692489,0.2481365270385336,0.376817993299368,0.6012845277640915,0.6670726488574032,0.5041693256898995,0.5767405907813324,0.47974981608978623,0.348744063494193,0.4731293634008862,0.563143179309354,,0.5458860546062717,1.2246457219861557,0.63128269128073,,0.805828594586515,,1.0053043137569693,0.7405111297630088,0.44165639263585077,0.5690932456756636,0.7278199830036085,0.21539865747592146,0.46581758338752094,,0.48898368736378345,,,,,,0.6750979340451709,0.4920013560625602,0.47429700811950143,0.49374381110324483,0.7725664230214143,0.7852617512700206,1.097604200463155,0.4855935761716722,,,,,,,,,,,,,,,,,,,,,,,,,,,,,,,,,,0.5871582424754886,0.7912623656553406,0.8697203397958005,0.1392789730829796,-0.01291558791320846,0.08181351534149527,0.07348005535961656,0.08253185480182182,0.40806214560423915,-0.157216535562435,-0.09015439492168881,-0.14921040452823134,0.2100265707747926,0.014426326220716771,,0.15405824838047022,-0.11914390942755829,0.14965301339009365,,-0.224661244732371,,0.16631229926197225,-0.08600997960679287,-0.15849396402178048,-0.2360015673799681,-0.1074155313227626,-0.4562855426702877,-0.37612626276424804,,-0.26782940040764097,,,,,,0.16366997284280507,-0.1067083219005592,-0.1545349994170029,0.07684118921314635,0.15809968243676595,-0.16791390238709253,-0.12659657313098333,0.1626096405632918,,,,,,,,,,,,,,,,,,,,,,,,,,,,,,,,,,0.3096800588148015,-0.14460853907107,-0.2127314040643348
2017-10-31,1.1237126394833028,-0.18816537888059254,-0.31603042495938444,0.35145766357760927,0.2692734748199131,1.983411363000188,-0.9723092878369127,-0.7805204840103606,-1.0085734069434484,1.1562173676809324,0.04807895191846187,,0.8439888349620281,-1.117538941094885,0.8219820303198264,,-1.5224836019291912,,1.0802702105653197,-0.4720794578664684,-0.6652502154112679,-1.0065046172584715,-0.9118172840382021,-1.8359131795407784,-2.513949581802205,,-0.9152353680262788,,,,,,0.7809327891456505,-0.644968438352294,-0.9156570639515605,0.35896693286456915,1.3001586823909617,-1.2047480781239004,-1.1364956692661194,1.0644319779699098,,,,,,,,,,,,,,,,,,,,,,,,,,,,,,,,,,2.1041668150638317,-0.45596473282090766,-2.0111659573958547,0.10676816508026342,-0.010888301828988851,-0.017871968760094194,0.043911900444801075,0.03257623291821711,0.22062314632597022,-0.08825038383940544,-0.044088257723913046,-0.0528243648245749,0.10472324376552038,0.004513010130906537,,0.08157734018703244,-0.21288946122391472,0.08772912875107831,,-0.19786620330626012,,0.14201145457031641,-0.04223235392313597,-0.06566738965662397,-0.11324472003931259,-0.10460855942507916,-0.0901988399729142,-0.17513698002857325,,-0.0988825563198115,,,,,,0.08144024130781027,-0.04098772943806682,-0.07483115800784218,0.02701702351187473,0.12772350642152389,-0.12407921940553726,-0.13196985262610658,0.06689886640018226,,,,,,,,,,,,,,,,,,,,,,,,,,,,,,,,,,0.18597708664081897,-0.056973357416379045,-0.19887589150129778,0.7027833711188727,0.2487118190978738,0.37637965280515207,0.5862164017801322,0.6644038897850447,0.5263887077276428,0.5848157353341367,0.4783338855595146,0.3482657202086626,0.46747247465087777,0.5616097959725601,,0.5415275451188708,1.2187246419320323,0.630782647621083,,0.8053101580047617,,1.003683228281085,0.742330985436317,0.4419641273986708,0.5679211186488966,0.7296359156384187,0.21546324108368375,0.4708739617826332,,0.4888463338633684,,,,,,0.6630240576455516,0.4915279159265151,0.4752803759488541,0.5000099135246786,0.7739321024095034,0.7955573528347719,1.0855807771420825,0.48639910345581344,,,,,,,,,,,,,,,,,,,,,,,,,,,,,,,,,,0.6012118349194265,0.8129845890429688,0.8719896439451745,0.15192187161497886,-0.04377878730686319,-0.047483886620582894,0.07490732144555515,0.049030767909496335,0.4191259103531571,-0.15090288873465973,-0.09217046722989805,-0.1516783357056368,0.22402012833746154,0.00803584653129348,,0.15064301146329573,-0.1746821668317325,0.1390798067796215,,-0.24570185951272971,,0.1414903134463313,-0.05689154130931665,-0.14858081365818437,-0.19940219921514027,-0.14337090209374972,-0.41862750935730086,-0.37194025204863784,,-0.20227738139782997,,,,,,0.12283150267127668,-0.08338840604974837,-0.15744634492524243,0.05403297570927316,0.16503192725030905,-0.1559651469041316,-0.12156612884536566,0.13753904134459335,,,,,,,,,,,,,,,,,,,,,,,,,,,,,,,,,,0.30933703536581797,-0.070079258800523,-0.2280713915379962
2017-11-30,1.106231487042163,-0.24557703831378555,-0.34159543908248186,0.30406648077177795,0.40625388660545586,1.7876079654996404,-1.0357185396769921,-1.0788983263182375,-1.3834948607132809,1.1949639067443714,-0.18593030012923523,,0.7894884111460412,-1.0621295526957495,1.0692064196933433,,-1.5480758937194488,,1.024636198348666,-0.5465386944758184,-0.8290702768444279,-0.9198297200046817,-0.6585619743667359,-2.0157932189628,-2.597354776662934,,-0.6258702558959434,,,,,,0.5066556933184457,-0.6453167974014969,-0.86051203768459,0.48130869966408546,1.1786425305732295,-1.2014550511885627,-1.045165895397845,1.025553069518147,,,,,,,,,,,,,,,,,,,,,,,,,,,,,,,,,,2.3387040240674084,-0.129676619700174,-1.9739719690494297,0.104444720018209,-0.014186611142788835,-0.019535600762098725,0.037916565753153074,0.04988619707261799,0.20017585176094538,-0.09416946838917949,-0.05830768882099155,-0.0743399996488526,0.10857767568295612,-0.017732884259662678,,0.07680494836533389,-0.2075026550875263,0.11205119307790326,,-0.20277403592443766,,0.13593417506559152,-0.05018761602098295,-0.08185480957858485,-0.10170434275740357,-0.07637354273824203,-0.09883806062469677,-0.1835010849477498,,-0.06922841939063219,,,,,,0.053947543144611816,-0.04237363481687009,-0.07011567603258065,0.03623759024480438,0.11684811337311654,-0.12536990796930833,-0.12136711122341227,0.064541361019627,,,,,,,,,,,,,,,,,,,,,,,,,,,,,,,,,,0.20944029648587692,-0.01754052196960254,-0.19583119811868802,0.7044684676568524,0.25357597663294046,0.36344433212487487,0.5849898427640083,0.65047273036407,0.5216860820138866,0.5936011551906742,0.47941242819985463,0.3486225121948487,0.47500541410628483,0.568165171646135,,0.5365231530336566,1.2045296334589786,0.6226512886296527,,0.7773090945294236,,0.9861363013918805,0.7611090945809336,0.4437311638093948,0.5634051445227971,0.7338616551293492,0.21245703873085342,0.4711609002626397,,0.4790686252956363,,,,,,0.632228783072472,0.4838158110019666,0.4782514927269037,0.5011247666486861,0.7627624958063657,0.7888634251515075,1.0761458670762205,0.4837038878214236,,,,,,,,,,,,,,,,,,,,,,,,,,,,,,,,,,0.6069033087760304,0.790544796312912,0.873622970364259,0.14826031939457104,-0.05594619542104503,-0.05375128743343985,0.06481576769607102,0.07669221897234131,0.38370939663216275,-0.1586409789902291,-0.12162323167117517,-0.2132392402912386,0.22858197498073426,-0.031210790707718854,,0.14315309214720104,-0.17226861782690464,0.17995818064475297,,-0.26086667112417533,,0.13784521964532434,-0.06594010816362171,-0.1844693730227739,-0.18051724189268262,-0.10407076348031913,-0.46521433799097434,-0.38946585942394757,,-0.14450626848692272,,,,,,0.08532914759502154,-0.08758216216438998,-0.14660837885271139,0.07231251108809948,0.1531906904384291,-0.15892473142005542,-0.11277942418080779,0.133431553156039,,,,,,,,,,,,,,,,,,,,,,,,,,,,,,,,,,0.34509664629818004,-0.022187891250959147,-0.22415985472203848
2017-12-29,1.1575059898828883,-0.18556966665914276,-0.521683199540133,0.18711211705321668,0.39111862786704804,2.092360158445653,-1.0967659484233847,-1.0507534055077252,-0.8851708390649209,0.9808800862494457,-0.0758456586088037,,0.7242180172824133,-1.0564262626395005,1.1606455605010804,,-1.4554003076395463,,0.7614549670113684,-0.5046656484832373,-0.4561798255283718,-0.8444673863417298,-0.9122689049597336,-2.0003735415685,-2.6694171124585533,,-0.5206744926951179,,,,,,0.7969084119830628,-0.7107269914566918,-0.7566586581157698,0.5686769059275961,1.3079127351652653,-1.1081915305448027,-0.9817087090691021,1.1829069543373532,,,,,,,,,,,,,,,,,,,,,,,,,,,,,,,,,,2.549397608706804,-0.13388706734676262,-1.7919713944255455,0.10779006486225431,-0.010518462916478042,-0.03139124059220255,0.023019962935727542,0.04870698051840168,0.23512549383877313,-0.0986011258830617,-0.05570381669244624,-0.047537980837121886,0.08744467110799642,-0.007128923747638715,,0.06995129714192222,-0.20362426115082913,0.11993572628068028,,-0.1878904138184677,,0.10112982365385435,-0.04592823911847676,-0.04601845003071641,-0.09196445639689743,-0.10939142499024893,-0.09697280127162224,-0.18780168352046112,,-0.05650846863453338,,,,,,0.08526262028304682,-0.0464293729409132,-0.06076922796991406,0.042776572057112605,0.13392907401797846,-0.11381648562033614,-0.11241967910953302,0.07378248933546785,,,,,,,,,,,,,,,,,,,,,,,,,,,,,,,,,,0.22730280403151995,-0.017926107259762295,-0.17781357861599423,0.6878662855075344,0.2507981901577559,0.36044781047373453,0.5675698287034361,0.6575721837301812,0.5332247061187132,0.596753063246882,0.4687348920718254,0.3593018746683365,0.47294712484956614,0.577508732125803,,0.5252216870724272,1.1929514408773323,0.6177413448397625,,0.776218165460678,,0.9669534740361545,0.7592389345357179,0.4590893981907016,0.5485185342106327,0.7110655717174129,0.20903606098161628,0.47300099539210494,,0.4705679777646742,,,,,,0.617180476977296,0.4852956254358226,0.4727487057579155,0.49188136159590906,0.7697975704846988,0.7870311325805899,1.0673111499100891,0.48430821200701546,,,,,,,,,,,,,,,,,,,,,,,,,,,,,,,,,,0.6188918160461401,0.7816677060632394,0.8820313657734196,0.15670206133554376,-0.041939947452817615,-0.08708955826627222,0.04055882073279802,0.07407092593561927,0.4409501119147816,-0.16522935860032534,-0.118838639142551,-0.13230652047391384,0.18489312338204955,-0.01234427005354054,,0.13318432742529926,-0.1706894800353967,0.1941520140792757,,-0.2420587692726265,,0.10458602856219026,-0.060492470853806164,-0.1002385378797198,-0.1676597063930438,-0.15384154336995878,-0.46390465270081094,-0.39704289282685046,,-0.12008566520604307,,,,,,0.1381486023352993,-0.0956723500221479,-0.1285444618457246,0.08696522250471947,0.17397960081070504,-0.14461497253246414,-0.1053298085745692,0.15234614550454717,,,,,,,,,,,,,,,,,,,,,,,,,,,,,,,,,,0.3672738888093067,-0.022933155765183955,-0.2015955276829371
2018-01-31,0.8738838324072098,-0.5204526813700731,-0.8350231510140033,-0.08288124688786612,-0.1065520256469769,2.007340073783353,-1.1271613592556968,-1.2545315244051498,-0.8324151342639716,1.037730077276954,0.0007629201560322495,,0.5630543463527659,-1.0486622848784133,1.0494587515186213,,-1.451805772062533,,0.5526664649638666,-0.17177528684485735,-0.35385703722654394,-0.8220873578495681,-1.0101380641994104,-2.0377584523374153,-2.8315559129633563,,-0.9185906631000951,,,,,,0.6398178196752576,-0.5220418799608102,-0.7320105604715712,0.3099555340543763,0.866452058740702,-1.1317852686847263,-1.3208135409085648,1.1781257284521123,,,,,,,,,,,,,,,,,,,,,,,,,,,,,,,,,,2.6139304873000144,0.19571932115892268,-2.193489534603516,0.07979992455933405,-0.028046723464960666,-0.04903751791731421,-0.00994427263743462,-0.013825394415756798,0.21988840882156518,-0.09965610599085639,-0.06481228839543794,-0.04370354160776103,0.08993497011335938,6.953601870003483e-05,,0.052754694433125894,-0.19723842463377103,0.10568532221112431,,-0.18276511630908918,,0.07127836721849258,-0.015287280823954492,-0.03521330717864678,-0.08486322295648034,-0.11854518966261092,-0.09556724560017596,-0.19451451535140865,,-0.09677606621926106,,,,,,0.06927337783706368,-0.03516273468318495,-0.05684263227645673,0.02264313712226144,0.08763227335259659,-0.11601067062399871,-0.14525131077257136,0.07144833434306991,,,,,,,,,,,,,,,,,,,,,,,,,,,,,,,,,,0.23320865379345188,0.02632765130600129,-0.21497841955773195,0.682279390077062,0.24922824773515073,0.3471745289948907,0.5485044343859664,0.6627350932089838,0.5314013962509578,0.6027124055691995,0.4659080520530294,0.35767767224948427,0.4776266056302002,0.583031985214029,,0.5156910043675538,1.1824667153668216,0.6109220912457449,,0.7682360500983147,,0.9519474950378433,0.7545743016518137,0.45378956347829613,0.533614882492983,0.7080824944043409,0.20398630854149866,0.46912121849204697,,0.46573215018317526,,,,,,0.6070097813692402,0.4868194028028631,0.46283388338192494,0.4813968178316082,0.7631537619359947,0.7778475286366144,1.053714841160018,0.47611056445268946,,,,,,,,,,,,,,,,,,,,,,,,,,,,,,,,,,0.6258951538975009,0.7814967308971121,0.8780784701786204,0.11696077255143354,-0.11253428822709251,-0.14124745285687673,-0.01812979442648795,-0.02086111714533451,0.4137896708079431,-0.1653460341449941,-0.13910961210015974,-0.12218694371640092,0.18829556195826963,0.00011926621602845408,,0.10229903951461115,-0.16680251720454073,0.17299312584296797,,-0.237902290950418,,0.0748763640747424,-0.02025947715220305,-0.0775983187201064,-0.15903458794104436,-0.16741720152583986,-0.4684983334591493,-0.4146359356258925,,-0.20779339837543628,,,,,,0.11412234195106837,-0.0722295259406989,-0.1228143278126223,0.04703632488526747,0.11482911796213652,-0.149143201402643,-0.1378468871261854,0.15006668550865487,,,,,,,,,,,,,,,,,,,,,,,,,,,,,,,,,,0.3726001908486466,0.03368875423928991,-0.24482825494400362
2018-02-27,0.8541784486765351,-0.5803862775649652,-0.6811338170304906,-0.14246997826952315,-0.11404652648020255,1.7821423526410884,-1.0777903482368902,-1.1935214129859613,-1.1084702139199476,1.4516784818507957,-0.19016993052746706,,0.538576065107603,-1.4277283646982377,0.9561554140790192,,-1.347665826354419,,0.49270455609326286,-0.3330725023785742,-0.12145020524582559,-1.0090478556404614,-0.918990340436045,-1.990878293769723,-2.8720057417012677,,-0.8498907708066901,,,,,,0.9132351405474024,-0.08049276509596631,-0.8232127369293389,0.4014173290482842,0.90081898604885,-1.0914654618923199,-1.0302580274643336,0.952032858518138,,,,,,,,,,,,,,,,,,,,,,,,,,,,,,,,,,2.9234937177454636,0.278155701808108,-2.2392329234570774,0.0766636526352343,-0.03100619761573597,-0.03942613112215965,-0.01706117552202575,-0.014712635395644953,0.1951154597672335,-0.09457457699247922,-0.061181556564246405,-0.058299018796743304,0.14261251672059402,-0.017384580536121748,,0.049672036781367945,-0.29124942854995395,0.09541903728944778,,-0.16967100388959785,,0.0632460199124635,-0.029523306632821395,-0.012198739702626596,-0.10236360113452542,-0.10754931488292595,-0.08459275614381001,-0.19507515965309893,,-0.0880139456112064,,,,,,0.09859583321516516,-0.005568206036858719,-0.06347817645516717,0.029523411408625543,0.09013056778791993,-0.11162256374543028,-0.11291843397102327,0.057260138564926545,,,,,,,,,,,,,,,,,,,,,,,,,,,,,,,,,,0.26680183342776664,0.03702810706481921,-0.2167822689941537,0.6778129385955503,0.25329632118130885,0.356636954256802,0.5510960175014928,0.6944479379587919,0.5491306319159495,0.6118776032252242,0.45835055291931426,0.3704363533710577,0.45510666639427005,0.5886625698251678,,0.5215161778251802,1.1194837444285968,0.5995565735779268,,0.7783510654027544,,0.9942826614966064,0.7452355711234679,0.47218782197850956,0.5297605759180695,0.7208808449985296,0.21275253654911974,0.46429340418724985,,0.4938948685259877,,,,,,0.5941219768198955,0.49037937625375483,0.4528030182248124,0.5126289172010737,0.7574027050878722,0.7945274927984913,1.0404707725144884,0.4776677104554693,,,,,,,,,,,,,,,,,,,,,,,,,,,,,,,,,,0.6595850396410124,0.7960681652361584,0.8730590178070976,0.11310443969110975,-0.12241076961217219,-0.1105497639870776,-0.03095862604737392,-0.021186088389707324,0.35531702008038424,-0.15456453462910547,-0.13348201758363865,-0.15737931298105212,0.31336064103496414,-0.02953233554714537,,0.0952454380006189,-0.2601640532963813,0.15914934719174717,,-0.21798775826407113,,0.06360969808853431,-0.03961607279200858,-0.025834507233822288,-0.1932261587361996,-0.1491915281548996,-0.39761103447187085,-0.4201549233605416,,-0.17820380655883508,,,,,,0.16595217322697,-0.011354894407258596,-0.14018938456733265,0.05759216934117135,0.11899953245805107,-0.1404892401548905,-0.10852629113082646,0.11987441753248808,,,,,,,,,,,,,,,,,,,,,,,,,,,,,,,,,,0.4044995222647514,0.046513739252259385,-0.24830196421160128
2018-03-31,1.0155170077039668,-0.3796751619365399,-0.7520717209859663,-0.18680901225586716,-0.10346344533534184,1.7743779506340671,-1.3728685949140045,-1.431253706734101,-1.2070483047287182,1.369689208904424,-0.46721450885178684,,0.5593006954307279,-1.4431807630341578,0.7883680100292555,,-1.4286563007193493,,0.575717581048363,-0.47219900133825465,-0.23431410512675363,-1.2728048384904045,-0.9228458464001941,-1.8506364071009236,-2.632816923874903,,-0.8227322830253114,,,,,,0.9024623373587262,0.1424335706070343,-0.837990105892507,0.14115668754668215,1.0617821829837617,-1.218436400105535,-0.7555241160891221,1.2294897602594737,,,,,,,,,,,,,,,,,,,,,,,,,,,,,,,,,,2.704777983849161,0.39351227592119714,-2.021535841085583,0.0901340768632956,-0.01974428827538819,-0.04315683112285071,-0.022628357093221235,-0.013231484584036023,0.19315126280456704,-0.11770376607303767,-0.07498177861159214,-0.06226772012297431,0.13461227902165956,-0.04319428366465221,,0.05113218506532807,-0.299610855807788,0.07789966083433952,,-0.17706586924300124,,0.07341329219836364,-0.042074916036540774,-0.023084278640708927,-0.12963395666979977,-0.10672945434770904,-0.07790119494411063,-0.1755177359100883,,-0.08333820741966237,,,,,,0.0968080008459357,0.009750283647283784,-0.06403662852550678,0.009550072023719904,0.1051495528786863,-0.12370440284194902,-0.08198024322333701,0.07441085850351693,,,,,,,,,,,,,,,,,,,,,,,,,,,,,,,,,,0.24844400965970953,0.05125648748970295,-0.19393053974387037,0.6659669696854991,0.2461460198067776,0.3602635058318855,0.5593531072893195,0.7115473437709093,0.559094411738429,0.6161143366934279,0.45798981328206195,0.36910460540791995,0.45514588260921673,0.6074442542080083,,0.5193529152777087,1.1087639999596317,0.5979180371537794,,0.7672920406853161,,0.9931667867865331,0.7302149802340777,0.4703692174542909,0.5406038397043841,0.7130413380073483,0.21108951506395385,0.4579131962432619,,0.4925368389236027,,,,,,0.579173505021221,0.48687315528850256,0.45108157844828967,0.5092896265490691,0.7665093721460144,0.7885464061397024,1.0291980920847228,0.47102685032820163,,,,,,,,,,,,,,,,,,,,,,,,,,,,,,,,,,0.6541898278173475,0.7965337557935046,0.8684753502838031,0.135343164099957,-0.08021372147673676,-0.1197924031278082,-0.040454512182618405,-0.018595367827409174,0.34547163904570094,-0.19104208271589995,-0.16371931522724317,-0.1686993855147336,0.2957563369572129,-0.07110822658281513,,0.09845364021493293,-0.27022058419888845,0.13028484841360355,,-0.2307672435711085,,0.07391839233357565,-0.057619902597798305,-0.04907693314975951,-0.2397947390471494,-0.14968200111086566,-0.36904341231969234,-0.383299143484055,,-0.16920197807293139,,,,,,0.16714853149642722,0.02002633240583194,-0.1419624112024067,0.018751750528340622,0.13717973543401904,-0.1568765032454323,-0.07965448425703889,0.1579758318483734,,,,,,,,,,,,,,,,,,,,,,,,,,,,,,,,,,0.37977357503191894,0.06434942287993983,-0.22329999312069956
2018-04-30,0.9741613513798112,-0.08314954331009898,-0.9317759101981576,-0.9401901582026685,0.09143314419895446,1.9848619951347763,-1.3367158100687009,-1.5836586309934335,-0.9806526378705247,1.531107864314343,-0.1670047211897081,,0.4547342200992677,-1.506235972183234,0.7847228776089676,,-1.5876730239478083,,0.7181036101215428,-0.5146862998287742,-0.31209282444684405,-1.4638190474203974,-0.8960507455006365,-1.640246570304299,-2.7177431536990757,,-0.7328862039533093,,,,,,1.2038476328212413,0.31372520391546493,-1.226020835750258,0.41370097501341735,1.0085609853260364,-1.0117711541158683,-0.4946197668506456,0.91642173506844,,,,,,,,,,,,,,,,,,,,,,,,,,,,,,,,,,2.457233853883294,0.07900437039580785,-1.7910631676297826,0.08531929042264272,-0.0043996416246700875,-0.05421793018388674,-0.12520461109262682,0.011896009622034194,0.21581009951476307,-0.11581184920029242,-0.08143389314228068,-0.050467340735602606,0.14851579541813983,-0.015126498355690358,,0.04105676367024352,-0.309317671867115,0.07759647678741224,,-0.19248235843364297,,0.09084259339240844,-0.04472375832457396,-0.030482069364463682,-0.14999080017573704,-0.10340892951419499,-0.06810468993135715,-0.17909317224797197,,-0.07259408205026083,,,,,,0.12694459754732587,0.021299142489247053,-0.08848486401681772,0.028030437237106944,0.09910864348345828,-0.10228660724855339,-0.0537085973354771,0.05486218200490685,,,,,,,,,,,,,,,,,,,,,,,,,,,,,,,,,,0.22452564986040896,0.010563639900513257,-0.16752044462953358,0.660632171426328,0.24760178161527296,0.3605721664636692,0.5100486901919316,0.712079041004273,0.5690041236719181,0.6144275819793524,0.45240577617642863,0.36625367885956617,0.4571252604468767,0.6020967232246274,,0.5132647366055553,1.098698988180107,0.5949379274644939,,0.7619547978486314,,0.9863012528309691,0.7254190190287784,0.4687319069752232,0.5482115090568788,0.7099818597686357,0.20468567319393413,0.45311258008247873,,0.48956671855518874,,,,,,0.590723718913834,0.4891455571046038,0.4426250950710727,0.5152072624327888,0.7645747156413721,0.7932221256471343,1.0306140641306645,0.4581416748913243,,,,,,,,,,,,,,,,,,,,,,,,,,,,,,,,,,0.655412428850869,0.7967406243003533,0.8637048670259725,0.12914794966529616,-0.017769022484282082,-0.15036637662754723,-0.24547580162496302,0.016706024102684985,0.3792768637986127,-0.1884873866293721,-0.18000188642711581,-0.13779340290245512,0.32489080842514306,-0.02512303716698195,,0.07999139769813508,-0.2815308607678533,0.13042785340331697,,-0.25261650556845916,,0.09210430700727996,-0.061652310115127694,-0.06503092473727191,-0.27360023950204043,-0.14565010090242758,-0.33272817226846063,-0.39525093789135624,,-0.14828230616758584,,,,,,0.2148967334183557,0.043543567308109536,-0.199909279889812,0.05440613764788233,0.1296258448728845,-0.12895077424259305,-0.05211320047410857,0.1197493810575532,,,,,,,,,,,,,,,,,,,,,,,,,,,,,,,,,,0.3425715472836982,0.013258568194372631,-0.1939556566427176
2018-05-31,1.032203926604331,-0.03766805440570293,-0.9542471690165946,-0.7135756358507103,-0.041989497588245564,1.9192049516868581,-1.3416653966244658,-1.6398327017921754,-1.066194543893092,1.601655163250814,0.1480538530361179,,0.4663086095682295,-1.365896381404755,0.9332124478984194,,-1.5036451213522768,,0.7826434552678493,-0.40317687027591653,-0.3120711451493701,-1.752924528487987,-0.8208163140767751,-1.4100951054946083,-2.523427869528577,,-0.6998904812829452,,,,,,1.3855885024365628,0.38216324138414126,-1.2813002903617206,0.2917532075050033,1.224375531793042,-0.599174378622446,-0.5218599186415124,0.8608564774853956,,,,,,,,,,,,,,,,,,,,,,,,,,,,,,,,,,2.6293252521148918,0.179417462385072,-1.7586840611019074,0.0897800886802157,-0.002011265408459936,-0.055191068035879316,-0.09236091147881301,-0.005400621541123184,0.20766419632984612,-0.11632216454282696,-0.08413321798020987,-0.05429496219654451,0.15560108703541314,0.01356682160632177,,0.041841526291126474,-0.28105441849702917,0.0928916140385874,,-0.17934563568225875,,0.09876147415462223,-0.03479245517145384,-0.030267063218277712,-0.18330109111411255,-0.0939279387171496,-0.05778807233423416,-0.1579525042134311,,-0.06865126864053775,,,,,,0.14505373148143616,0.025835514803525625,-0.09181987525794955,0.01966679304110428,0.12843925994790417,-0.062434707496441554,-0.05616313628689137,0.05139362321186141,,,,,,,,,,,,,,,,,,,,,,,,,,,,,,,,,,0.24746856726086924,0.023897002075588362,-0.16318877046927624,0.6550836774348409,0.2463702850047528,0.35616350474064434,0.4996116833744226,0.7091747380277574,0.5803410591686061,0.6127520370149379,0.44548592790105224,0.3656593597064079,0.45902562973360445,0.5981636066943431,,0.5113198658849343,1.094237399618509,0.5935052687213865,,0.7521629280742386,,0.9907490104760978,0.7069860812858237,0.4501285919228583,0.5352449720957058,0.7138717639531325,0.19987511444008363,0.4394008565819195,,0.48906463252349036,,,,,,0.5764421017843288,0.4817316823496851,0.43469908780205724,0.5033424759785803,0.7675201361335118,0.7970093628802475,1.0272420186615407,0.45259966716413935,,,,,,,,,,,,,,,,,,,,,,,,,,,,,,,,,,0.6607947761113093,0.7905995382314649,0.857688730302815,0.13705132912450843,-0.008163587619428763,-0.15495991953490307,-0.1848653955708142,-0.007615360857526486,0.3578313011789048,-0.18983562275777668,-0.18885718428101922,-0.1484850879795298,0.3389812615163041,0.022680787420847403,,0.08183043351682008,-0.2568495818137956,0.15651354576633789,,-0.23843987650579518,,0.09968364652432313,-0.049212362297395465,-0.06724092572965192,-0.34246205134148733,-0.13157536613721035,-0.2891208967965706,-0.35947245401872197,,-0.14037258896908753,,,,,,0.2516362545907635,0.0536305079157568,-0.21122628925267095,0.03907238903863381,0.16734317954827166,-0.07833622841118683,-0.05467371395113871,0.11355205701736198,,,,,,,,,,,,,,,,,,,,,,,,,,,,,,,,,,0.37450139772167895,0.030226430601066206,-0.19026572776776596
2018-06-29,0.8288389305603366,-0.1450965384518349,-1.0107787513936466,-0.6810680502675938,-0.13033282523771444,1.6548474857892532,-1.6131742010067383,-1.6433879664390583,-1.2221274889797853,1.4608847184633826,-0.004803016328328736,,0.5399085810315805,-1.5018451697649067,0.987457500717444,,-1.3901764853597747,,0.7418102948550684,-0.3759939827974442,-0.5339979618303332,-2.0847330558019705,-0.9366512536142586,-1.4362602549534642,-2.753307727779013,,-0.9065510336501632,,,,,,1.1867487024132142,0.15739514299675494,-1.257266466920424,0.08700376783537334,1.4083516250960113,-0.6349238259362872,-0.6798062365410668,0.9995839854573629,,,,,,,,,,,,,,,,,,,,,,,,,,,,,,,,,,2.301430331745552,-0.11591044824119735,-1.9469842366196806,0.07219749083757342,-0.007738677885173245,-0.058423281859848734,-0.08795511216349619,-0.01682171646898146,0.180438997791864,-0.1394294332108887,-0.08392864881126104,-0.062179791617596444,0.14173405710516307,-0.00044652796458442834,,0.04777106689709338,-0.3140177020528028,0.09759402956408621,,-0.16564155347441153,,0.09336502039306205,-0.03235015894898566,-0.05232813311102863,-0.22009403913740092,-0.10715522517856817,-0.05873814508558911,-0.1695247720153281,,-0.08881125381900946,,,,,,0.12420502082555505,0.010594182143043258,-0.08949529777706551,0.005759156270435917,0.15311852745504306,-0.06606563816554085,-0.07323740289802301,0.059981143268071024,,,,,,,,,,,,,,,,,,,,,,,,,,,,,,,,,,0.21824529603329107,-0.015308422936458978,-0.1804130652413168,0.6510759654310928,0.24444725451810592,0.35504527976019357,0.49648432514029345,0.7058120177259714,0.5801131068827121,0.6201717437631288,0.4424908826510278,0.36770382600528956,0.4711407683772142,0.5951902504971962,,0.5066647133932468,1.1252676667035328,0.5896846920112995,,0.7452480212942455,,0.9931631833107313,0.7050537592409344,0.4429039803120986,0.5381680987671051,0.714327224252161,0.19753638708334936,0.42716620243165243,,0.4845296608261863,,,,,,0.5753059934308626,0.4823143715606455,0.4332582075275724,0.5096379309254094,0.7689873565931347,0.7958500913431741,1.0271163379111874,0.44878280869504894,,,,,,,,,,,,,,,,,,,,,,,,,,,,,,,,,,0.6608073307410813,0.8016703903443605,0.853669891379207,0.110889503945626,-0.031657863780998406,-0.16455163662310698,-0.17715586919817133,-0.023833139768827828,0.31104106363234674,-0.2248239050119365,-0.1896731709101715,-0.16910292256981294,0.30083165503454184,-0.0007502272831442017,,0.09428536393853021,-0.2790604505439283,0.16550205709293894,,-0.22226366087728458,,0.09400773403805375,-0.04588325148966521,-0.11814780502571881,-0.408968944167476,-0.15000859765739777,-0.2973535456067893,-0.3968590470180104,,-0.18329374029976758,,,,,,0.21589384126671954,0.021965304721821174,-0.20656342158589128,0.011300485935138974,0.19911709359359064,-0.08301266643576102,-0.0713039021918038,0.13365294326331612,,,,,,,,,,,,,,,,,,,,,,,,,,,,,,,,,,0.3302706944678317,-0.019095657168881078,-0.21133820820345164
2018-07-31,0.9039340543923828,-0.08726793615410586,-0.878963222766245,-0.910167395239176,-0.2715560967574136,1.5701388271801244,-1.6927621166704356,-1.548143382464455,-1.1788725065746297,1.2821007222189402,-0.06188696695969032,,0.7514311033769742,-1.4556004208819708,0.9195321221058566,,-1.3810087279163286,,0.7201185445945556,-0.40569988233688997,-0.44778212507365733,-2.1897064134471553,-0.8316231002323169,-1.44640487668361,-2.8325501847365193,,-0.8533841712058549,,,,,,1.2675152217263035,0.18475123278464983,-1.0586602281961082,0.022274022231823173,1.4085229253390308,-0.49013497713196547,-0.4944601043641523,1.084618439854431,,,,,,,,,,,,,,,,,,,,,,,,,,,,,,,,,,2.396100962457333,0.03833372810786251,-1.7323209509537743,0.07854413425182125,-0.004624352747394757,-0.050198057142895935,-0.12066217016093003,-0.0345908588259019,0.1707866240226622,-0.1456064594503223,-0.07869961413121292,-0.05938037914382896,0.12277491594509589,-0.005816195752779189,,0.0656970822734804,-0.3023878053050936,0.09103871614375637,,-0.1630367955761673,,0.08951125198141711,-0.03453918981804108,-0.043641209380913454,-0.2264588955755215,-0.09421713704208765,-0.05866934844871797,-0.1629489041094152,,-0.08242608776704864,,,,,,0.13217960711900317,0.012338961199043827,-0.07557549492296002,0.001529060344395883,0.15404302361613634,-0.05044458598942168,-0.05276047410275072,0.06444250605967658,,,,,,,,,,,,,,,,,,,,,,,,,,,,,,,,,,0.22614826729032808,0.005048824003920494,-0.15975695182544794,0.6426634866435196,0.24499566509371148,0.34813395945545766,0.5106798562980108,0.7133895102263521,0.5866010138855446,0.6272770010568071,0.43777172538377546,0.3623761891942118,0.48275009939487573,0.602397753784415,,0.5031921821812531,1.1448442289417569,0.5900627310893723,,0.7221258308278229,,0.9694427268543359,0.7016304067472633,0.43448199330978715,0.518618376922183,0.7056368359244669,0.1901942231517892,0.4141472177899047,,0.485606413009285,,,,,,0.543148827328731,0.48661440201745665,0.4402353681839425,0.5166782429008764,0.773793447868963,0.7876733080934184,1.0158461541289538,0.44311577938290414,,,,,,,,,,,,,,,,,,,,,,,,,,,,,,,,,,0.6649050351598548,0.7963612715193279,0.8421889181643335,0.1222165812811909,-0.018875243142061026,-0.1441917853156712,-0.2362775203933573,-0.04848803960535743,0.2911461453013878,-0.23212465817336092,-0.17977317758980524,-0.1638639097007686,0.2543239578800574,-0.009655075431872674,,0.13056061799031662,-0.26413008657484127,0.15428650437840893,,-0.22577338826014146,,0.09233268712207965,-0.04922704245125818,-0.10044423026248897,-0.43665806236847043,-0.13352071808815388,-0.30847071733559145,-0.39345647419531515,,-0.16973846629466285,,,,,,0.24335799042240008,0.025356753001735413,-0.17167065707311024,0.0029594053270194116,0.19907512016336246,-0.06404252304997357,-0.05193746502686782,0.14543040229671145,,,,,,,,,,,,,,,,,,,,,,,,,,,,,,,,,,0.34012115314476166,0.006339866320078773,-0.18969253617544646
2018-08-31,0.9849526418989198,-0.12841556353838463,-0.9248747523248433,-0.8762340469577905,-0.23709569580158837,1.7067448794530091,-1.738952192961561,-1.496863673129508,-1.2838823628248075,1.2874196445019788,-0.05660831129785605,,0.7997713605095164,-1.4933768336453166,0.8871681546290777,,-1.50003376769131,,0.6886166984232887,-0.31684397254443886,-0.2656591140909908,-2.232459807062696,-0.6310127651807503,-1.3916221225628902,-3.2379488056522683,,-0.8613404147156098,,,,,,1.210840366739776,0.2721845178207126,-0.8415981055504551,0.2102517436046787,1.2727085869804264,-0.475539659516522,-0.43292643729493374,1.2061023746890318,,,,,,,,,,,,,,,,,,,,,,,,,,,,,,,,,,2.4578198297976455,0.014124770113331868,-1.6772365099835045,0.0856074735811729,-0.006817449698454272,-0.05309380790127543,-0.11674064931767923,-0.030391875814383875,0.18664013514056488,-0.15000817515443854,-0.07647532510953142,-0.06498390872681076,0.1235117944172995,-0.005373896986644772,,0.0701805396739552,-0.3118058234742101,0.08803480840815359,,-0.17656097174761523,,0.08604400675525256,-0.027328528451100724,-0.02535330808943399,-0.23263623590990096,-0.07132999128143795,-0.05612038413645213,-0.1821746452473025,,-0.08274075373192914,,,,,,0.1268527427445618,0.018216275861353947,-0.05732166402404668,0.014450550552618943,0.14065599734742412,-0.04917160647723638,-0.04641920662311761,0.07197894389533602,,,,,,,,,,,,,,,,,,,,,,,,,,,,,,,,,,0.23182525249683245,0.00186699256911756,-0.15574389580525413,0.6403915946215849,0.24236731870532058,0.3476555118027859,0.5077525054325861,0.7053432551273796,0.5953867457011048,0.6261792479479522,0.4331914593503498,0.3567654353961817,0.49430529522308025,0.6051068029004889,,0.5052376346497174,1.1482335298191244,0.5993023921263232,,0.7382785974554126,,0.9661633585971829,0.6867569733641499,0.4357885469022634,0.5164105892336179,0.7055930732374063,0.18550614112771288,0.4058151781627469,,0.47900662614573997,,,,,,0.5376947900723887,0.4821906394563803,0.4487940499597454,0.5208655922194645,0.789599344427591,0.7928462216786576,1.0234991767432597,0.44058984497148207,,,,,,,,,,,,,,,,,,,,,,,,,,,,,,,,,,0.6716096191622232,0.7948894025857566,0.8354694756679751,0.13367988321545568,-0.028128584888720855,-0.15271959194880788,-0.22991644170858513,-0.043088064702476433,0.3134771415188031,-0.23956107719319877,-0.17653931872114983,-0.18214743436299335,0.2498694543855909,-0.008880906578616867,,0.13890600157411384,-0.2715526200696537,0.1468954730779671,,-0.23915222838120864,,0.08905741041575393,-0.03979359440244066,-0.05817800460717503,-0.4504869589431659,-0.10109224989151505,-0.3025257481789549,-0.44891037854243027,,-0.17273404837359158,,,,,,0.23591960548377988,0.03777816152111725,-0.1277237611086603,0.0277433387201554,0.17813590948380373,-0.0620190966832478,-0.045353438163792156,0.16336950276281328,,,,,,,,,,,,,,,,,,,,,,,,,,,,,,,,,,0.3451785767839583,0.0023487450745276976,-0.1864148246478229
2018-09-28,0.9658981390821695,-0.16142656239246814,-0.9466885166811728,-0.7823361420504624,-0.3991039194896059,1.8082788141198676,-1.7977866724611091,-1.51976858748957,-1.3092059591210612,1.2895625141619047,-0.37286843235948464,,0.8071660775948475,-1.4172124725302184,0.7182894131196835,,-1.661843098458712,,0.47949661981078895,-0.17440063723401356,-0.497625712338324,-2.5109154372178675,-0.7258321898027479,-1.3663938295137361,-3.116937407200237,,-0.8678957582823239,,,,,,1.3086603175991842,0.1304516930126031,-0.3035762075418089,0.18331773109986196,0.9420751840432375,-0.45665872067805624,-0.6452155110190221,1.2293442056747215,,,,,,,,,,,,,,,,,,,,,,,,,,,,,,,,,-0.9539638231305896,2.45889933004387,-0.0901658869600497,-1.5283616178957649,0.08231825095848126,-0.008375482069699527,-0.05292811130524969,-0.10143350110211213,-0.04950197240873999,0.1920271067365992,-0.15166551920185845,-0.07617647577194962,-0.06440526869605684,0.12097642406343001,-0.035829329337642504,,0.07039615676801941,-0.2888231717470318,0.06926141013801669,,-0.18914105096567377,,0.05872242220021779,-0.01497374944680899,-0.04723044301276737,-0.2534028137743803,-0.0793269738628117,-0.05359577332502595,-0.16981155336665377,,-0.08064718732366427,,,,,,0.1342851506819713,0.0085852392479345,-0.020609645474627986,0.012305370060492477,0.10331512124829469,-0.045628636941699476,-0.06692519886301473,0.0710537308810222,,,,,,,,,,,,,,,,,,,,,,,,,,,,,,,,,-0.16147905395130155,0.22818073761676608,-0.01173554082517067,-0.13837883271603782,0.6355895777303509,0.23664296288065778,0.3340544776706097,0.5051568078601102,0.7114861955916971,0.5996501499747622,0.6222129677838916,0.4308846470708189,0.35570216451577713,0.4938644584213718,0.6252568933691021,,0.5007098130070712,1.1242635795481613,0.5981270423868548,,0.7319909728741462,,0.966137631335465,0.6847029553717081,0.48545456812521254,0.5254224152153208,0.7104790386791263,0.18397042215391676,0.4079152742712112,,0.48023528162814033,,,,,,0.5301445653245546,0.4901562976279954,0.4409710019725504,0.5273843217493576,0.8057977113454107,0.7843449483686868,1.0200514267688117,0.4292055894706334,,,,,,,,,,,,,,,,,,,,,,,,,,,,,,,,,0.9297539221188811,0.6780480552968243,0.7862155621925244,0.8199623751577535,0.12951479042880848,-0.035392905699559704,-0.15844155622257158,-0.20079606871338346,-0.0695754502553242,0.32023189979137195,-0.24375178123020935,-0.17679087962358864,-0.18106515821665783,0.24495875740912562,-0.05730337356951251,,0.1405927244470147,-0.25689987383840107,0.11579715550332868,,-0.2583926004210348,,0.06078059718991323,-0.02186897154355076,-0.09729117020191536,-0.4822839803485249,-0.11165279979306772,-0.2913282075321089,-0.41629123515916916,,-0.16793265803013543,,,,,,0.2532991177600056,0.017515309482874945,-0.046736963161833706,0.02333283253410911,0.1282147116995322,-0.058174196234194925,-0.06560963212905041,0.16554707726117288,,,,,,,,,,,,,,,,,,,,,,,,,,,,,,,,,-0.1736793468784683,0.3365259082070179,-0.014926619860390058,-0.1687624175309446
2018-10-31,0.9013656161255743,0.04330433727249582,-1.0859478194055754,-0.6368922071854657,-0.22331861595276714,1.8278253243799443,-1.7956899332156424,-1.3256814300068047,-0.9246806109261193,1.6238552055710245,-0.3698737411819807,,1.0974511702010075,-1.5690806526198833,0.7097840670832436,0.22733870506680656,-1.1460093704828795,,0.35701297098632145,0.03210707128292493,0.2164454361621504,-2.1211719038181194,-0.42652835078592133,-0.9858672987860051,-2.7759702972415896,,-0.354384142205499,,,,,,1.394840456207834,0.47677953746365276,-0.3096981044841697,0.6691410470912443,0.8945269836690141,-0.3932308392961064,-0.4239461857881926,1.3703170048017816,,,,,,,,,,,,,,,,,,,,,,,,,,,,,,,,,-1.2184673147245741,2.776085971826032,0.11288910219404134,-1.7379094442108818,0.07376646266468986,0.0022086998541161027,-0.059576334652719845,-0.08253139909842966,-0.027359969887396963,0.2037226190786612,-0.1490622608574535,-0.06462687976083349,-0.04606711744697595,0.1536885256739915,-0.035409338273055355,,0.09504406631123402,-0.31858762248864503,0.06764572224304763,0.03460080709442642,-0.13195302903973963,,0.04330550143514008,0.0027294892652149835,0.021198261173044495,-0.21515555165105774,-0.04671124000510301,-0.039081468102853914,-0.15059117055176013,,-0.03391628761898601,,,,,,0.14132605617967145,0.03165762954573121,-0.02023133434373504,0.046515623691734134,0.09566471891042069,-0.03881135495785446,-0.04334879218776118,0.07709743681195366,,,,,,,,,,,,,,,,,,,,,,,,,,,,,,,,,-0.2026762649242297,0.2595253341774047,0.014586684660045071,-0.15452668413233672,0.6225487733280329,0.24599222347071925,0.3417884945241257,0.535529026988558,0.7382404655948559,0.5696971093238002,0.6223994420359861,0.41783163837145354,0.35991966361352434,0.5159454324450211,0.6647905101741014,,0.5147762866204212,1.0896385004826006,0.5949900453590825,1.3368247194854617,0.7403543364301309,,0.914101860823673,0.6815741333323826,0.5161191895968552,0.5334311448771589,0.7085083661758094,0.2113204297756073,0.40956039092720414,,0.5150510623923414,,,,,,0.5612438280476952,0.5019888078235228,0.40771065528335093,0.5679812523258084,0.8202586179753367,0.795933039531751,0.9913398812393486,0.4188111272785688,,,,,,,,,,,,,,,,,,,,,,,,,,,,,,,,,0.9112339854930349,0.7230227518405071,0.8207729706324175,0.8029094313017374,0.11849105776941414,0.008978738526581946,-0.17430760721091082,-0.15411190605769537,-0.03706105417203184,0.3575981266966037,-0.239496135102311,-0.1546720588529967,-0.12799277756727967,0.297877480852335,-0.05326390454006637,,0.18463178817969977,-0.2923791902980141,0.11369219161006762,0.025882830104865303,-0.1782295619094984,,0.04737491880403639,0.004004684350137883,0.04107241428012515,-0.40334268765016484,-0.06592898861198779,-0.18493937450511982,-0.3676897812575006,,-0.06585034008365989,,,,,,0.25180865983199974,0.06306441309516335,-0.04962179447989815,0.08189640679381367,0.1166275084637966,-0.04876208554011938,-0.043727477334582356,0.18408640981659719,,,,,,,,,,,,,,,,,,,,,,,,,,,,,,,,,-0.2224195630879253,0.3589449066668567,0.017771887211156356,-0.19245842445991249
2018-11-30,0.7108658565168611,0.07914792748433445,-1.293989743779695,-0.6849779596057861,-0.09457019177831878,2.149564250917042,-1.9890298814680265,-1.5962180840327693,-0.9434708453969526,1.5775376275623614,-0.40612819110309406,,0.8913724265786824,-1.7370337663831066,0.8066995862293843,0.08824103007999468,-1.2861927613946522,,0.16991046364834256,0.18480496103207184,0.45124356208359734,-1.7632300756158354,-0.37282438235517024,-1.0831744016503129,-2.950756177305996,,-0.5957613861090013,,,,,,1.295253731383209,0.3725587719836791,-0.2551384442685787,0.2916467123213638,0.9626359281717642,-0.6852406150330959,-0.3834922082293933,1.3651860778157265,,,,,,,,,,,,,,,,,,,,,,,,,,,,,,,,,-1.3021093443482605,2.7981707131429396,-0.11507257496017545,-1.7781934780313648,0.05688746354969583,0.0039110608715120405,-0.06957522846341857,-0.08795353201749787,-0.01140855862365053,0.2492455314974463,-0.16189122073106582,-0.07644720365869097,-0.04633931555230255,0.14642095971125574,-0.03796637560674557,,0.07670739858473596,-0.3453231427506767,0.07550273928595037,0.013021694461501275,-0.15158373940778552,,0.020788060395124142,0.014922432866115738,0.04302334338474909,-0.17827823705838527,-0.04002379052804774,-0.0421429534863874,-0.15586752004963453,,-0.05498824213450676,,,,,,0.13002281451029482,0.024479945996631988,-0.01629190818616348,0.019953443935664304,0.10114931152919009,-0.06711061163407393,-0.038437607374007074,0.07592792509179834,,,,,,,,,,,,,,,,,,,,,,,,,,,,,,,,,-0.2076601745658852,0.25948341135193503,-0.014907651402481275,-0.15458885990472856,0.6100962262430392,0.24713502675396234,0.3317303605705284,0.5451228696858743,0.7190413941456342,0.586703419575757,0.6178623949826904,0.41241699125672593,0.36064443984888866,0.5209579083949782,0.6684785885543105,,0.5024528307890481,1.0741376480161868,0.586376369638179,1.324505068780641,0.7197857209781374,,0.8759083369301727,0.6790316761871031,0.5203288559981335,0.5338137322249766,0.6903861281942323,0.20703003377261053,0.39394612727402833,,0.501471217658887,,,,,,0.5510291251441856,0.5001109777593663,0.39484479047371024,0.565604438606618,0.8287771117154693,0.7843609306217033,0.9788616752491185,0.3987272783372375,,,,,,,,,,,,,,,,,,,,,,,,,,,,,,,,,0.9166047261995502,0.7220321381778566,0.8539795925526523,0.7854491472056894,0.09324342800808282,0.015825603205189262,-0.2097342804070125,-0.1613462522094897,-0.01586634471469642,0.4248237238461552,-0.2620182455603262,-0.18536385570764047,-0.12849030910255788,0.2810610173139799,-0.05679520070920116,,0.15266587007635174,-0.3214887248281915,0.1287615654303038,0.00983136627290467,-0.21059564671801775,,0.02373314594536319,0.02197604823078084,0.08268490760947424,-0.33397087091654215,-0.057973051446925224,-0.2035596126727908,-0.3956569420498791,,-0.10965383495232045,,,,,,0.23596359716244086,0.04894902748647676,-0.041261550308457816,0.03527808937429869,0.1220464586911952,-0.08556088021987589,-0.03926765992163783,0.19042571004529982,,,,,,,,,,,,,,,,,,,,,,,,,,,,,,,,,-0.22655368080731056,0.3593793096340222,-0.017456683429542423,-0.19681587338237397
2018-12-28,0.6604350104388499,0.1008493188595211,-1.3505386370007195,-0.8950844274270684,0.0012662019397632965,2.18228504962732,-2.0668523763721156,-1.4945231161547188,-0.7722969141857634,1.7819510715791693,0.022616486968628,,0.8574922019536136,-1.8621707586009395,0.8593391122197013,0.09078140413040557,-1.4653825677762127,,-0.039885275154262136,0.013011008482676152,0.37054047862870026,-1.900406634981014,-0.6245465953315443,-1.2154714026574416,-2.9638037917506312,,-0.44310120059581276,,,,,,1.165181350049652,0.29601522467792724,-0.4218470857337068,0.3888459893111735,1.0771230945612522,-0.626967337258248,-0.20908216100138646,1.2074036169666396,,,,,,,,,,,,,,,,,,,,,,,,,,,,,,,,,-0.8995512463952641,3.0848603255936036,-0.10271615348516464,-2.008298646606001,0.052325444916741105,0.0049249720796860534,-0.0721972547562723,-0.11556245489094445,0.00015270624648290208,0.25235533981102987,-0.16760020960258684,-0.07031990635184199,-0.0372334456399314,0.16437831033294878,0.002217442733660875,,0.07336421117547531,-0.3662022822530712,0.07980694872106879,0.013029656670367776,-0.17313824827119473,,-0.0049036155751991505,0.0010377590105395673,0.03492155271337097,-0.18934055225824284,-0.06790569074021409,-0.04742958664441644,-0.15585374844670644,,-0.040378333148790926,,,,,,0.11780852444166588,0.019317879081956715,-0.026776710329040374,0.026440254208089417,0.1127221749068503,-0.06110966663753767,-0.020871928710220207,0.0669285779489422,,,,,,,,,,,,,,,,,,,,,,,,,,,,,,,,,-0.14798011927379265,0.2869113030354086,-0.013158406448222564,-0.1709343745507751,0.6069863767047095,0.24643794213238138,0.32671866424364987,0.5342960730843649,0.7027513148540203,0.5999074975529277,0.6222838699190362,0.40291191757954214,0.356332796680608,0.5267782349333073,0.6903565945258423,,0.5003727815372878,1.0673021948558217,0.5794153758589669,1.332619005611029,0.7304202458575965,,0.8860029219213402,0.6642429642011665,0.535722323796491,0.5255679273185031,0.6759835969431413,0.20725946429468914,0.38363928642349154,,0.5030739300849455,,,,,,0.5577799079672651,0.4972596805795319,0.3843194626325167,0.575340730928354,0.8341006358014554,0.7773363713480497,0.9748377086297666,0.3959943658037486,,,,,,,,,,,,,,,,,,,,,,,,,,,,,,,,,0.8866390007848725,0.7384089307090538,0.8356602239321295,0.7651762610948547,0.08620530365246849,0.019984634009970997,-0.2209768300914432,-0.2162891713274809,0.00021729770297850405,0.4206570860347773,-0.269330795323994,-0.17452922905403898,-0.10449065027630583,0.31204461276529366,0.003212025134899858,,0.1466191085575829,-0.34311021191382474,0.1377370226027524,0.00977748074693971,-0.2370392239989333,,-0.005534536573045857,0.001562318408276405,0.0651859203213583,-0.36025895496377813,-0.10045464275655466,-0.22884159623697234,-0.40625075158403534,,-0.08026321924885459,,,,,,0.21120969536353362,0.038848673713989174,-0.06967305310437545,0.045955818503282654,0.13514217597800998,-0.07861418671502768,-0.021410670233056355,0.16901396516866463,,,,,,,,,,,,,,,,,,,,,,,,,,,,,,,,,-0.1669000789981011,0.3885534032746643,-0.015746120338606978,-0.22339215582327807
2019-01-30,0.6548097393865298,0.027305051141329716,-1.4940630181514407,-1.0001804070015876,-0.05086747907383877,2.255770242419846,-2.004151865426752,-1.5154038810634496,-0.6874010481416946,1.7246613348297422,0.14687667164529394,,0.9216967921543603,-2.0042262966602005,0.8312209489473491,0.19445749454185665,-1.5351344687941373,,-0.28257372466453673,-0.1873138557744609,0.11653782772197095,-1.7387686658524744,-0.4496840634951117,-1.072806316117703,-3.1778194337301917,,-0.49107950711758636,,,,,,1.06412200078435,0.4494920226360114,-0.4362023141711237,0.30293326278130606,0.8680571009180398,-0.5566250381960063,-0.2276618742264997,1.1134911092011428,,,,,,,,,,,,,,,,,,,,,,,,,,,,,,,,,-0.8829448825277617,3.27578435063788,0.0274865678905601,-2.0037784513072507,0.051286301127078104,0.0013173150988900332,-0.07906957342477056,-0.12731059880867476,-0.006049541118191901,0.25803687714606416,-0.16143851920012448,-0.07033216161001316,-0.03284321955077987,0.1573375020016581,0.014378515541059886,,0.07808609595033855,-0.392350678397102,0.07655950635830269,0.0270161995248232,-0.17844060905899492,,-0.03491504605301867,-0.014644648515029073,0.010988118986741539,-0.17181592119785774,-0.04828137516488269,-0.04278730296861397,-0.16480928227034994,,-0.04404069708250081,,,,,,0.1075405151796685,0.0286812102732038,-0.027342553419109666,0.02049350589587591,0.08886039077919028,-0.0532198513092639,-0.022641684785132243,0.06104307609404353,,,,,,,,,,,,,,,,,,,,,,,,,,,,,,,,,-0.14101673635863743,0.3002659183794241,0.0034988157220766647,-0.16928590079234404,0.6030857789598413,0.2463684062020305,0.32740761429363274,0.5366821278070087,0.7011666609564715,0.6125529479961047,0.6217752542307625,0.40175376493927584,0.3532382180828404,0.5254728784587073,0.6862511752949395,,0.4940282891172417,1.0681476681629791,0.5739344932161312,1.324662089419339,0.7352877068564753,,0.8875845252862582,0.6647948453431155,0.5394052988828747,0.5200746435220186,0.6821533336708121,0.2042156488722831,0.3846524281402128,,0.4998756763064442,,,,,,0.5434977091984501,0.4950906380849249,0.3818580367394351,0.5770505724890468,0.8317066278920352,0.7823387469426658,0.972743231144577,0.38835344608898664,,,,,,,,,,,,,,,,,,,,,,,,,,,,,,,,,0.8830751097941557,0.7340121152409839,0.8484498508629525,0.7677015959833815,0.08503981177525527,0.0053469319349729845,-0.2415019381737948,-0.23721788412983214,-0.008627821964523576,0.4212482822753553,-0.25964127408037535,-0.1750628562762659,-0.09297753716750314,0.2994207854516739,0.020952263629829465,,0.15805996877196507,-0.36731876133931396,0.13339415432114837,0.020394785765074364,-0.24268134418004855,,-0.03933715050040793,-0.02202882380574212,0.02037080282581257,-0.33036781034794577,-0.07077789227397065,-0.2095201969334546,-0.42846286728826777,,-0.08810330082054656,,,,,,0.19786746725808496,0.05793123130775903,-0.07160397526939351,0.035514228514633185,0.10684102759215398,-0.06802660806107837,-0.023276116512772786,0.1571843296584427,,,,,,,,,,,,,,,,,,,,,,,,,,,,,,,,,-0.15968826976847797,0.40907488057038904,0.00412377433800954,-0.22051002847727386
2019-02-27,1.0593305975432203,0.271541122550746,-1.4869704423046146,-1.085578952598958,0.07248447475274583,2.296567365087335,-2.0447511470569775,-1.5484705965823968,-0.7511484431865946,1.9078426358932727,0.05490189098969276,,0.4875884097292438,-1.9418717609407976,0.8288216887575582,0.2716813109538154,-1.339174023552727,,-0.45606137120615664,0.0008865945686016038,-0.09975877006215801,-2.1439588726277408,-0.43954205467631957,-0.7404065214598233,-2.9868143210774996,,-0.4683217251012487,,,,,,0.7485490813229291,0.7777828436855367,-0.2740894880009339,0.4644928975645954,0.6046228742579765,-0.46184299426559405,-0.6069020303331167,1.4067401960885892,,,,,,,,,,,,,,,,,,,,,,,,,,,,,,,,,-0.7932920304577417,3.4705584042078113,-0.12552458240244152,-1.9738039410649446,0.08222557940583118,0.013191853637825844,-0.07961021197087317,-0.13822107873475298,0.008603174471855051,0.265774530726789,-0.16603234433434588,-0.07265634496886555,-0.03602454390295442,0.1737698110560703,0.0054317675019404515,,0.03797796195629105,-0.37893379594031223,0.07716213698335408,0.03737563107819189,-0.1601788900502884,,-0.05502681724418469,6.946267338121934e-05,-0.009500590612113046,-0.20830516916111183,-0.04760691631044507,-0.030330534407705983,-0.1550950852401935,,-0.042421211734931664,,,,,,0.07150906384008662,0.04842290513025754,-0.017004166842595328,0.03214319420094308,0.06159000318801584,-0.04457634601800935,-0.059930405665902624,0.07575026310450764,,,,,,,,,,,,,,,,,,,,,,,,,,,,,,,,,-0.12605553728128066,0.3221994351491581,-0.016159292876271256,-0.16783507422878663,0.608379091579397,0.2501002906688293,0.3286485389875602,0.5340610702153509,0.6937574981239133,0.6178811190103368,0.6228565870232112,0.4009756539632024,0.356641431521938,0.5300000218613957,0.6905354027908843,,0.4999890042133778,1.0554924493396105,0.577573164017403,1.3214117634165912,0.7401633807908157,,0.886804056949182,0.6692684977447197,0.551920649803804,0.5075974792039789,0.6826859065444821,0.20228639551717897,0.3827168177504989,,0.5011013728063856,,,,,,0.5696459119504226,0.4952442935663488,0.3749179318937328,0.5759955772382519,0.8246880224856709,0.7894585242062696,0.9685633244605112,0.39618896463332387,,,,,,,,,,,,,,,,,,,,,,,,,,,,,,,,,0.8861689530163173,0.7346938590883159,0.8516534188327411,0.7684517154898646,0.13515516976819095,0.05274625472264588,-0.24223510080440835,-0.2588113727874187,0.01240083818210268,0.4301386181738024,-0.2665659283268663,-0.18119889387482174,-0.10101054089319526,0.3278675545064679,0.007866023204584864,,0.07595759433958149,-0.3590113753797098,0.13359716446422204,0.02828462112487549,-0.2164101794378801,,-0.062050705353660765,0.00010378894810571915,-0.017213689350978813,-0.4103747116470688,-0.0697347284513528,-0.14993857758037016,-0.40524763492704213,,-0.08465594795191726,,,,,,0.12553247963326067,0.09777579622685796,-0.045354370639745796,0.055804585089110036,0.07468279095697183,-0.05646445589124128,-0.06187556781512845,0.19119730700882878,,,,,,,,,,,,,,,,,,,,,,,,,,,,,,,,,-0.1422477472859056,0.43854924219589436,-0.0189740245491163,-0.21840679231459179
2019-03-29,1.1082409300781533,0.783717621342814,-1.569448985967799,-1.2484956795814297,-0.1515920041928948,2.158223198417771,-2.0642551117083268,-1.6227080225706212,-0.665270859308962,1.879791961782414,-0.15055319289268557,,0.3939303127236616,-2.0654036297602785,0.6857498797412754,0.27077665003742474,-1.5175969306448587,,-0.30440280737450476,-0.04691327000440562,-0.13479738244267267,-2.158644079742084,-0.5535701380552663,-0.8352106841492025,-3.0688017546524287,,-0.5294078225695511,,,,,,0.5080656131692907,0.8084886689206876,-0.27038619328735725,0.38498967021219765,0.4710035162779931,-0.7932372295385794,-0.7291324377892291,1.222853758921015,,,,,,,,,,,,,,,,,,,,,,,,,,,,,,,,,-0.7751674423074028,3.27315590175502,-0.3654194265150144,-1.9086736792379966,0.08666156050467085,0.037431323483359195,-0.08426108731928847,-0.1593582471754693,-0.017939030396767284,0.25189015106732643,-0.16868339217145722,-0.07662081799298956,-0.03206967333297459,0.17175987815242813,-0.014960842705683139,,0.02913551884593504,-0.40552539815352806,0.06391274664102058,0.03698269845126841,-0.18134754561377292,,-0.037798415047509575,-0.003685844101361081,-0.012888764595241083,-0.21089131791868293,-0.06147260637213507,-0.03424259768694982,-0.16219527109762846,,-0.04819430312994149,,,,,,0.04946811344159754,0.050680027265957224,-0.0162714044403529,0.026663247961458546,0.04791227369303674,-0.07632150328652218,-0.07164455603812007,0.0646617745526142,,,,,,,,,,,,,,,,,,,,,,,,,,,,,,,,,-0.12177039249651088,0.30618098576684005,-0.04689865298656192,-0.16182397382618685,0.6014985328797301,0.2531952724494385,0.3315236264089905,0.542362450309616,0.6963887218880198,0.6259069449544409,0.6208117916346302,0.4023135030972265,0.3531057827555022,0.5326063152318167,0.6975377759765635,,0.500186736227855,1.0537044680840546,0.5777896853955701,1.323737090870349,0.7461660852868481,,0.8859184187542157,0.6712793100616474,0.5422556442795874,0.5028092825662543,0.6895136283176126,0.20050656203490905,0.38536639785985316,,0.5039670914945816,,,,,,0.5715737157007235,0.4959034591690701,0.36174682740892117,0.5772939801620677,0.8180790652344425,0.7828386262045758,0.9837875347691063,0.3911505599745454,,,,,,,,,,,,,,,,,,,,,,,,,,,,,,,,,0.8842399012978082,0.7343257055781287,0.8548982553807906,0.7691304014095832,0.14407609622881468,0.14783579140812747,-0.25416314436467385,-0.29382241909353635,-0.02576008173729715,0.40244025585250737,-0.2717142207097983,-0.1904505252822019,-0.09082171660490845,0.3224893758116062,-0.02144807524544134,,0.05824928318903412,-0.3848568649337635,0.11061593561896874,0.027938099420446484,-0.2430391158076524,,-0.042665796587299715,-0.005490775666871945,-0.023768797487326156,-0.4194260631830999,-0.08915357702519372,-0.17078043401386556,-0.42088586861331456,,-0.09562986143998978,,,,,,0.08654721531579154,0.10219736589633005,-0.04498008885634148,0.046186603147971836,0.058566800849874076,-0.09749327732658074,-0.0728252325894076,0.1653117269136011,,,,,,,,,,,,,,,,,,,,,,,,,,,,,,,,,-0.1377119402978617,0.4169552876074061,-0.05485875388255673,-0.21039861840022508
2019-04-30,1.0922574846687738,0.6644763938758543,-1.2284495802847606,-1.3207704840816121,-0.2158205954338693,2.296219728383145,-1.7212151075552042,-1.8505572880525971,-0.6418157124256346,2.0004101922696926,-0.2179851308588044,,0.541095935012511,-2.1782342619066495,0.47281107814814455,0.2789048013705979,-1.3181554568194822,,-0.08288974678752847,-0.013894019786293238,-0.07787454854369309,-1.9291182735643317,-0.8423662065701,-0.707710170886372,-3.1641583172629115,,-0.41577073639608697,,,,,,0.6371524888185351,0.8579076730165235,-0.051721701306664015,0.5271907972146417,0.4293628536939747,-0.8767859624765936,-0.7484317899091535,1.054739337201504,,,,,,,,,,,,,,,,,,,,,,,,,,,,,,,,,-0.7592348387138244,3.345699970127699,-0.35581590453042783,-1.5706152152480688,0.08369383536581511,0.030602440288310603,-0.06512642126813838,-0.16754252914116033,-0.025073606916162602,0.26210882444610695,-0.14468474312068866,-0.085580417169421,-0.030047015106670117,0.17986685399125793,-0.021217019103904916,,0.03945017907545726,-0.4219563480393842,0.04123577849069409,0.037002328736954054,-0.1557547416111159,,-0.010485132430295266,-0.0012024256952290007,-0.007384701944598083,-0.18634069003115034,-0.09134578235072911,-0.028526435414878842,-0.16408718380135087,,-0.0370660780476631,,,,,,0.06113252724468044,0.052695027126824154,-0.0030207860881568717,0.035916023707755054,0.04300671506796755,-0.08298742021863491,-0.07291673506522024,0.05488174038554523,,,,,,,,,,,,,,,,,,,,,,,,,,,,,,,,,-0.1154412665813289,0.3107529810751791,-0.04489166904359422,-0.12995221219260766,0.5967768831405641,0.24774673764354543,0.3330780708527377,0.5284308067963622,0.688128753580061,0.6198109256700935,0.6157509293086055,0.4073681027748816,0.3490527368907886,0.5227667878822312,0.69422860241546,,0.487763433171234,1.0396913858264585,0.5495283273573535,1.3226695545327338,0.7570996336587247,,0.8832787916901594,0.6692044373007229,0.5534819064391959,0.49821422793056985,0.6811974806610698,0.19642409705223057,0.3848976747269209,,0.49736227121231347,,,,,,0.5818220592931017,0.4835539266212701,0.35119073896323383,0.5762295581307231,0.8165304081132877,0.7603278250580172,0.9845355176196516,0.3882898801116622,,,,,,,,,,,,,,,,,,,,,,,,,,,,,,,,,0.8811395047150611,0.7314139928054376,0.8589843240075037,0.7571267445917931,0.14024309206712682,0.12352308078559229,-0.19552899745517147,-0.3170567025735974,-0.0364373771415808,0.4228851309175203,-0.234972837610083,-0.2100812915554023,-0.08608159149335423,0.3440671025026523,-0.030562006563952582,,0.08087973880897278,-0.4058476907587033,0.07503849471963403,0.027975489879651802,-0.20572555405742668,,-0.011870694200901054,-0.0017967987481957808,-0.013342264414942257,-0.3740171989972121,-0.1340958898762843,-0.14522879749979686,-0.42631378305355644,,-0.07452531121292144,,,,,,0.10507083096669595,0.1089744581230462,-0.008601553950638538,0.06232936717836187,0.052670071611099975,-0.10914689359461822,-0.07406206658903862,0.14134218581685068,,,,,,,,,,,,,,,,,,,,,,,,,,,,,,,,,-0.1310136090410108,0.4248660596213697,-0.052261336777552264,-0.17163864983091007
2019-05-31,1.092297735750783,0.693668673362527,-1.3976056348895922,-1.1226738577681203,-0.07066439306315853,2.0755142145304677,-1.6899377784852265,-1.9152391510153919,-0.511628380977762,1.9418127616324556,-0.13792397553236174,,0.6566633369472088,-1.9725824024969592,0.7489189247300321,0.1625658604470996,-1.2989292282614353,,-0.4096599875495837,-0.48281598563812955,-0.24415427902448747,-2.0547162056131816,-0.7499628974655735,-0.7757425448121148,-2.9389354143203277,,-0.40948607097779355,,,,,,0.3552432460179991,0.664530386078761,0.10629176822144928,0.49851558755564834,0.5267403282943289,-0.6646214368027316,-0.777408677327839,1.2871927289239709,,,,,,,,,,,,,,,,,,,,,,,,,,,,,,,,,-0.6935569366165445,3.2166268008348364,-0.38452033737321056,-1.5422560136971615,0.08266532760624451,0.03178791660924428,-0.07350651697178429,-0.14081656996115338,-0.008265679516010756,0.23569401439371826,-0.14084772162913703,-0.08725485879655878,-0.023817761653607432,0.1738805984056494,-0.013350813719153136,,0.04855341306356138,-0.38776123699123677,0.06425243848492047,0.021184285770749323,-0.15380856950501998,,-0.053363361289478384,-0.04205379091746367,-0.02302151890200982,-0.1969260045077091,-0.08115485942310893,-0.031091176972702424,-0.15137997517274365,,-0.036291332245511745,,,,,,0.034024846774251695,0.04113368407760639,0.006111512225255161,0.03360562800076845,0.05268323205754782,-0.06194178346010441,-0.07578421644817367,0.06599644455854747,,,,,,,,,,,,,,,,,,,,,,,,,,,,,,,,,-0.10339502627717957,0.29957737827375097,-0.04837092412955933,-0.12546976771513094,0.5806056557272683,0.23880261541619022,0.33172538030015963,0.5446613517618325,0.6800629366462486,0.6328222815965907,0.6028806812231984,0.4004353262700518,0.3395679351758242,0.5283783221352304,0.6971020595648385,,0.4701121190104597,1.0320993381454202,0.5610783783118067,1.333506564875245,0.7613216924684838,,0.8827829241815918,0.6752718711716976,0.5648504290087522,0.48218427444676637,0.6677615195001861,0.19523433813692576,0.3759023164508998,,0.49656154055751967,,,,,,0.5870308183185106,0.48719002294321506,0.33546698872025427,0.5762835020032546,0.8122403775638838,0.7478989936728918,1.004623135779972,0.3833687028318435,,,,,,,,,,,,,,,,,,,,,,,,,,,,,,,,,0.8648624189052859,0.7472509765987287,0.8607855827364851,0.748713153536149,0.1423777512168697,0.13311377077610156,-0.22158846243622474,-0.2585396770041601,-0.012154286126477074,0.37244898172527946,-0.2336245396740328,-0.21790000300251855,-0.07014137433581555,0.3290835205028478,-0.019151878173315533,,0.103280496503178,-0.37570146851174724,0.11451597667735045,0.01588615034132299,-0.20202835545945927,,-0.06044901847070769,-0.06227682910069104,-0.040756840607185076,-0.4084040375096263,-0.12153269850567709,-0.15925055637956947,-0.4027109399112119,,-0.07308526593655496,,,,,,0.05796092081112943,0.08443047299924032,0.01821792435842785,0.058314402345286405,0.06486162657359916,-0.08282105469337729,-0.07543546803681374,0.17214875411333566,,,,,,,,,,,,,,,,,,,,,,,,,,,,,,,,,-0.11955083723958494,0.4009059708925921,-0.05619392924284986,-0.1675805575507003
2019-06-28,0.9500929935130875,0.6858368535468472,-1.5334748031640555,-0.9098127065784782,0.10865696783455263,2.097875719966969,-1.578798288557353,-2.08513176818746,-0.5584771681095234,2.074878456425825,-0.13406750219303035,,0.6300303786475016,-2.073904442340809,0.8385164612203009,0.07387113064522659,-1.5071513445040985,,-0.5327242044151111,-0.5778024960215865,-0.3100120055592633,-1.9116992908717834,-1.0018094214936233,-0.6328533333673216,-3.033164570842672,,-0.465629130928655,,,,,,0.1603070794939372,0.7024917430431548,0.030877903802238774,0.6190621089307137,0.549859730062823,-0.8449959591477336,-0.9559467779732552,1.0984706557366988,,,,,,,,,,,,,,,,,,,,,,,,,,,,,,,,,-0.713062191668332,3.3777530656149852,-0.46654567156288934,-1.5788190948179222,0.07144930703711226,0.03169373556410483,-0.08143877621501698,-0.11465183835413709,0.01284450707726025,0.24051840560133494,-0.13005594988638539,-0.09391707246213782,-0.026148069578532877,0.186642917302992,-0.013034497981234162,,0.04751084672166507,-0.41050252431496725,0.07200129304195585,0.009543001136568488,-0.17879406438642667,,-0.07051921405400292,-0.050490293177290986,-0.029559986803803145,-0.18479094015610095,-0.11002402513320816,-0.0254615531912205,-0.15609137528324454,,-0.041578954172466195,,,,,,0.015331401181598849,0.043539132690778866,0.0017822107926575145,0.04196533897930811,0.055528090438860214,-0.0777607821610928,-0.09245206663903889,0.054568258400384435,,,,,,,,,,,,,,,,,,,,,,,,,,,,,,,,,-0.10512999043987571,0.3165093172075099,-0.05907899427291533,-0.12834017967943073,0.5809484241280314,0.24102025400485036,0.33061303269266223,0.5403034161043366,0.678642849855112,0.6305605344020846,0.6035920567756277,0.394091060687055,0.33606168206800624,0.5349364186161915,0.6965768932895797,,0.46840510099575683,1.0230563272303363,0.5631420276802032,1.333423186442019,0.7632254276118139,,0.8748238186562435,0.6754295237863712,0.573767872286473,0.4771455892959044,0.6628272153365974,0.19671890332349182,0.37628242415322477,,0.495791543027916,,,,,,0.5871145693247277,0.4914490140831462,0.338658656023019,0.5872818217729614,0.8157816158658877,0.7353185953552569,0.9980772584806421,0.3823008826292698,,,,,,,,,,,,,,,,,,,,,,,,,,,,,,,,,0.8587550468536843,0.7522539407069911,0.8647789634091394,0.7361251076214145,0.12298734977094287,0.13149822488970997,-0.2463265756698782,-0.21219898845132779,0.0189267551850027,0.38143586932442786,-0.2154699493249476,-0.23831312564767035,-0.07780735196475477,0.34890673135662015,-0.018712216995425777,,0.10143110444498651,-0.4012511465779191,0.12785636571746678,0.007156768558998989,-0.23426114738588558,,-0.08060961824556015,-0.074752866730268,-0.05151906935117539,-0.38728418390870184,-0.16599201509451553,-0.1294311464788444,-0.41482504965388195,,-0.08386378258599109,,,,,,0.026113133590318367,0.08859338699052241,0.005262557920670351,0.07145690096897225,0.06806734714157726,-0.1057511433170325,-0.09263017051383103,0.1427364175177726,,,,,,,,,,,,,,,,,,,,,,,,,,,,,,,,,-0.12242139458167037,0.4207479683124622,-0.06831687260292918,-0.17434560830852064
2019-07-31,0.5369421934263953,0.5432490669437801,-1.6232119892209786,-1.1251211197258484,0.21592109170172505,2.406832439902369,-1.4740107266948412,-1.9508154716815949,-0.8187706053901236,2.2308108653325704,-0.23113422280707188,,0.8938050016743752,-1.972889772071601,0.5434709306656031,-0.005961181076421245,-1.7237459134846151,,-0.5514183152817083,-0.4750472925864107,-0.45673823583898127,-1.8603978792903482,-1.1561038934025005,0.18637378484141545,-3.2081927290924783,,-0.6781308131427977,,,,,,0.13055761742952457,0.7856633646748289,-0.10004805193472521,0.5089372111614895,0.7233173106699985,-0.6812540172558971,-1.0432846223421934,1.2000982065547192,,0.34748049640999734,,,,,,,,,,,,,,,,,,,,,,,,,,,,,,,-0.8191013169903728,3.294117622518386,-0.32471704127705586,-1.0691514974137724,0.037480777384400754,0.025164154675269987,-0.08677254731509974,-0.14166876167908232,0.025594681617481626,0.27756949813493426,-0.12037157699802709,-0.08831699126404269,-0.0385668669016021,0.2008917626409958,-0.02250732054894737,,0.06938941581503492,-0.3960291041633286,0.04446151061893079,-0.0007498761372786438,-0.20305294628648973,,-0.07339785309305268,-0.04184236997338677,-0.04313271122167396,-0.17957442029513157,-0.127770529986034,0.009536311974042096,-0.1652658459464304,,-0.060458144389708535,,,,,,0.012547534520308552,0.048985248241237435,-0.005827184727751497,0.034797340105304636,0.07178147744349281,-0.06063667726856989,-0.10115288882704822,0.0599221480664061,,0.054759262998310895,,,,,,,,,,,,,,,,,,,,,,,,,,,,,,,-0.11760883139074622,0.3101033266489782,-0.042003534197433266,-0.0849497312992508,0.5882626037955055,0.24292718805646132,0.3327121848317518,0.5358601960260723,0.6732865948540947,0.6346164698965262,0.5954515489841528,0.3929079570882258,0.34275854369464864,0.5296503629418212,0.6992608378218359,,0.46826733935730425,1.036884388277061,0.5680433578757826,1.3287001963356828,0.7707901775423027,,0.8669289830832136,0.6839345358973615,0.5782390883797581,0.4759969194154444,0.6829488561424331,0.2061627300142335,0.37797680143502466,,0.5006853215146096,,,,,,0.5885225188940755,0.49746419274551407,0.335781401068039,0.58665767985038,0.8135829034391899,0.725119507762396,0.9997863636627788,0.387865222775032,,1.0518694819125762,,,,,,,,,,,,,,,,,,,,,,,,,,,,,,,0.8476865255708168,0.7493131519043786,0.8645772480837903,0.7216951888779269,0.06371436352161863,0.10358723071137396,-0.26080363530713335,-0.2643763480282634,0.038014542117875,0.4373814915017755,-0.20215175727291732,-0.22477781289680393,-0.11251905345927699,0.37929127722142714,-0.03218730312290418,,0.1481833345675394,-0.3819414282255617,0.0782713326412197,-0.0005643681993475036,-0.2634347870570078,,-0.08466420494100317,-0.06117891081269521,-0.07459321254558042,-0.377259627048975,-0.18708652754429198,0.04625623638852526,-0.43723806677812765,,-0.12075078256102702,,,,,,0.02132039831523746,0.09846989784508298,-0.017354102130781035,0.059314556513057635,0.08822884200252619,-0.08362301195796687,-0.10117450337736993,0.1544921909669687,,0.052058990150321796,,,,,,,,,,,,,,,,,,,,,,,,,,,,,,,-0.1387409470871919,0.41385010507402803,-0.04858274294232006,-0.1177086013713469
2019-08-30,0.47727029347043826,0.11867273060114805,-1.9296846762545528,-1.324383000296648,0.13136717083423008,2.1979561409666966,-1.5133068241940344,-1.7520783972854317,-0.6345808084439171,2.3021129003321708,-0.33820737659187083,,0.8371793090185798,-1.9402710112783284,0.6372377498761704,-0.09073040827717174,-1.7308858502810385,,-0.6764209092284122,-0.49369167341539133,-0.5989389376771533,-1.7096219922721287,-1.5674773226588519,0.18297800109086537,-3.4417351467599833,,-0.45466581590799593,,,,,,-0.04185444765236723,0.7478015618433411,-0.20930992889190025,0.4543151703507119,0.5787215742719959,-0.835298182404765,-0.9604373182881628,0.9095138655821192,,0.1904584326944128,,,,,,,,,,,,,,,,,,,,,,,,,,,,,,,-0.8427968857941492,3.3394810686447465,-0.403803610194082,-1.224915438350821,0.032245199125665966,0.005035082829233909,-0.10162607828195629,-0.16751238309998054,0.015620769025887722,0.2577865700591386,-0.1235906437214278,-0.07581584679547582,-0.029849357732238832,0.20614824373217555,-0.03281543869438802,,0.0649029278992446,-0.38764276828315375,0.051521244072009795,-0.011274797183504728,-0.20382357591466527,,-0.09026915371820472,-0.043444781185337684,-0.05651310945938649,-0.16762762933882416,-0.17879015061004627,0.009418473299061758,-0.1757433541909666,,-0.03985273766244455,,,,,,-0.004018648084215414,0.04676018694621165,-0.012407590852137568,0.031156867995472168,0.05701973581904313,-0.07442185417584378,-0.09360438400242027,0.04534644511540758,,0.030245655497232956,,,,,,,,,,,,,,,,,,,,,,,,,,,,,,,-0.11942105072779349,0.3176684343223969,-0.052070854400063135,-0.0959040371782683,0.583725739205385,0.24353341871077963,0.33504789255779516,0.5281517711840882,0.6687046769545074,0.6537564957902304,0.5883389562141121,0.3896708914273469,0.3417367714014265,0.5204774510575696,0.7077964105472803,,0.472746213510748,1.0246435283895214,0.5574168406546004,1.3262053964537421,0.771446564892817,,0.87290994702446,0.677680033165637,0.5949510909768246,0.47690424844139034,0.6821165604410433,0.21313297803872622,0.3760822910974762,,0.48588024706173055,,,,,,0.58881721095473,0.49369533814998984,0.3287502795195394,0.5864110481199385,0.7951480821447746,0.7146034080947958,0.9999121357526761,0.38394898935650335,,1.04725968798417,,,,,,,,,,,,,,,,,,,,,,,,,,,,,,,0.8367738685067543,0.7545012100908622,0.8656035545692042,0.7139076430293381,0.055240324282360344,0.020675120711928143,-0.3033180644896191,-0.31716713308454253,0.023359742445693134,0.39431588323652245,-0.21006707513763528,-0.19456379335332386,-0.08734605178667125,0.3960752638049898,-0.04636282157607237,,0.13728915440116796,-0.37831963755475956,0.09242857465789159,-0.00850154675411019,-0.2642095839042125,,-0.10341175974212523,-0.06410810273160138,-0.094987823900953,-0.35149116386918694,-0.2621108487594027,0.044190595869919407,-0.46730026473226294,,-0.08202172840622043,,,,,,-0.006824950102425554,0.0947146617212039,-0.03774168913337796,0.05313144780502099,0.07170958101947783,-0.10414427545799129,-0.09361260920386799,0.11810538996705787,,0.02888075980032389,,,,,,,,,,,,,,,,,,,,,,,,,,,,,,,-0.1427160374174968,0.421031046834426,-0.06015554594848896,-0.13433675646238616
2019-09-27,0.6421837101911552,0.2099268241615815,-1.94693169378424,-1.3686599103972286,0.20638560839311934,2.2312450953693443,-1.4841931978579064,-1.8107309789441457,-0.27474134715956416,2.31261860716695,-0.222766720135775,,0.9219685077436083,-1.9987734059876237,0.7933157737535157,-0.12856336924898867,-1.511845913503552,,-0.5586914727760096,-0.5055116760807582,-0.706848879109218,-1.561213985387991,-1.1833051294727364,-0.052782628664633284,-3.3965220786803734,,-0.6065134701736841,,,,,,-0.15505794967084496,0.5716939621281637,-0.2156815382945275,0.2752741761056964,0.8142946500795766,-0.5942104734633229,-0.986157298646658,1.1265691101595097,,0.3303814944754561,,,,,,,,,,,,,,,,,,,,,,,,,,,,,,,-1.0002877907477365,3.368532266956517,-0.2138363640420377,-1.0866583866703323,0.043524191240880285,0.008979331033486719,-0.10112212427226533,-0.17234389641875913,0.024883075458889698,0.26224612291335997,-0.12214848622900416,-0.07874849969630775,-0.012562115521392523,0.20779815375074542,-0.021100579874830216,,0.07152594400892846,-0.40178950242929734,0.06182562100374821,-0.015788573609983394,-0.1749789079658685,,-0.0752870315235781,-0.045037370089668884,-0.06691112951829471,-0.15397242738810785,-0.1396441202973917,-0.0026936801296336666,-0.17445613635842866,,-0.053328278438490466,,,,,,-0.014966548638000485,0.03621940478219228,-0.012843206085087738,0.019063609575988932,0.0771473263837233,-0.05078747507506771,-0.09344938301794119,0.055458293627298545,,0.05218006143589206,,,,,,,,,,,,,,,,,,,,,,,,,,,,,,,-0.14073670419485756,0.32193275561337575,-0.027812572735662084,-0.0854509539675368,0.5712573066812918,0.24714387161702694,0.33202619720761456,0.5134998867712791,0.6679727746463803,0.6667530541516257,0.5937501875819805,0.39038528531448063,0.3437719151062133,0.5114091567287959,0.7010415209972103,,0.48072631566542123,1.0156014327833804,0.5648946079383083,1.325814590139131,0.7693201890543476,,0.8751923062716368,0.6767362849272075,0.5968840574698048,0.4785838273991987,0.6926035374110214,0.2154606236829954,0.37586260074725714,,0.4892817489212871,,,,,,0.586989964390684,0.49444798546658514,0.32465944608274044,0.5866375796748307,0.7938798842191346,0.706640485813136,0.9940200478031721,0.38320254783082086,,1.0643504111477018,,,,,,,,,,,,,,,,,,,,,,,,,,,,,,,0.833697223581995,0.7506307827412905,0.8633536395629778,0.7102373191942483,0.07619016987937227,0.036332404177114495,-0.3045606796171993,-0.33562596771423203,0.03725163120916509,0.3933182177126148,-0.20572370128664394,-0.20171994862170772,-0.03654200639837398,0.4063246639538414,-0.03009890176663899,,0.1487872447962876,-0.39561730562760616,0.10944629340576063,-0.011908583392740113,-0.22744614070372116,,-0.08602341563570713,-0.06655084276220431,-0.11210071483887743,-0.321725095109985,-0.20162201426141538,-0.012501960142827978,-0.46414869692166827,,-0.10899298524022734,,,,,,-0.02549711161337534,0.07325220416868296,-0.03955900941756245,0.032496400224744836,0.0971775805348764,-0.07187173123349452,-0.09401156769872843,0.14472318605716236,,0.0490252654477069,,,,,,,,,,,,,,,,,,,,,,,,,,,,,,,-0.16881033091387757,0.4288829648548158,-0.03221457750469503,-0.12031324130430009
2019-10-31,0.5824632283849431,0.3385705145841354,-2.1081884456886755,-1.2858408643159633,0.21638241995443103,2.2840839686805117,-1.4752708963907928,-1.7206227076608023,-0.2723689091794118,2.1834000263766047,-0.34251955942188106,,0.8447685014379163,-2.0535949273093417,0.7894422223800645,-0.29544346164006935,-1.8446328889776396,,-0.42193157342399795,-0.12544005387862847,-0.9616128878680767,-1.7118880068152527,-0.9943324462342883,0.10836217759930179,-3.2088090457973815,,-0.492787863001395,,,,,,-0.34190026336571355,0.7211168805658135,-0.06857213563485436,0.12210747594225756,1.0388714190839887,-0.4303856462443915,-0.8755120344810634,1.1259266564632016,,0.6864892839979204,,,,,,,,,,,,,,,,,,,,,,,,,,,,,,,-1.0865004863079877,3.4078093438737915,-0.1776045023096642,-1.0203432256582115,0.03889549260878232,0.014435397829098426,-0.10940193154397218,-0.16167349851622653,0.02589177244664412,0.266029881702372,-0.120277593190661,-0.0743036008663879,-0.012310447652095725,0.19306966358156347,-0.03211708442353454,,0.06486278390843765,-0.4095527880250419,0.06104123916777252,-0.03644836090022471,-0.21342055909404695,,-0.05643399275056149,-0.011099254705489331,-0.09624551457974763,-0.1709700238231187,-0.11533434179593564,0.005480094928169309,-0.16226477032535414,,-0.043169105984805625,,,,,,-0.03322420151920529,0.04573236538090476,-0.004066750695360458,0.00839658478015646,0.09719855128345749,-0.03645479967711347,-0.08261994005642326,0.05488370372282307,,0.11076014977678299,,,,,,,,,,,,,,,,,,,,,,,,,,,,,,,-0.15088017143958599,0.32263642717622004,-0.02291136572827874,-0.07919392142879128,0.56766296977296,0.24623150901920196,0.32877026008369015,0.5136617739094241,0.6602314250394689,0.6679039347473599,0.5911182686275458,0.3879499920847015,0.34098971290492647,0.5075091929598701,0.6975313441049995,,0.48201225159816946,1.0170680411437425,0.5599962284476107,1.3320144405681065,0.7683370673221943,,0.8721107333802204,0.6667551151979735,0.5945590678091941,0.48323949888939394,0.6937495029507325,0.21384626661659142,0.37031908433727867,,0.483440357698132,,,,,,0.5889209482802573,0.4905987500274955,0.3223944505662011,0.587742777655142,0.7853520419073449,0.7010498016130856,0.9848581207766748,0.3792085713081778,,1.0579925569648656,,,,,,,,,,,,,,,,,,,,,,,,,,,,,,,0.8385258473123983,0.7413247159175013,0.8551390770594761,0.7022550143558105,0.06851863637386597,0.05862530708030833,-0.332761033543981,-0.3147469925311885,0.03921620732472148,0.3983056063339408,-0.20347466754820598,-0.19152881139939584,-0.03610210861559944,0.3804259435293223,-0.04604393006129908,,0.13456667064660144,-0.402679832083289,0.10900294692517401,-0.02736333765621897,-0.27776944282781973,,-0.06470966425539629,-0.016646673497501,-0.16187712843130792,-0.353799770540386,-0.1662478189971781,0.025626329675395566,-0.43817555505070016,,-0.089295618988767,,,,,,-0.05641538412961066,0.09321745189595715,-0.012614208117473111,0.014286155609866388,0.12376430708373314,-0.05200029954110612,-0.08389019526108782,0.1447322341198343,,0.10468896879060102,,,,,,,,,,,,,,,,,,,,,,,,,,,,,,,-0.17993502755243582,0.43521606692542114,-0.026792560816028783,-0.11277088779698796
2019-11-29,0.36431185937404376,0.3201133412060335,-2.0989821850158696,-1.253971961600992,0.32649938127246836,2.2878499017028107,-1.3919270667906736,-1.7689274575889233,-0.3156422953861105,2.313864875569442,-0.3560282767749054,,0.8497885187481733,-2.202153805910148,0.7532788295042181,-0.04051684528136207,-2.116356090718276,,-0.5425738786524176,-0.13363826331851286,-0.7884205993114112,-1.528505317129447,-0.9055943523464325,0.14925953404928144,-3.015394451219118,,-0.33007713834958113,,,,,,-0.31281328382057416,0.6370748288015923,-0.1543699297513213,0.0056556204839993155,1.0743970617807215,-0.5624542099173636,-0.8775797853114593,1.4412594062606,,0.7797914356049163,,,,,,,,,,,,,,,,,,,,,,,,,,,,,,,-1.125286542200298,3.6306860616474697,-0.04736405939294744,-0.8722759266004112,0.023853962265366263,0.013472903189588437,-0.10850730299894558,-0.15519927738489528,0.038879649467726284,0.2688812600760156,-0.11257208607032236,-0.07601393374720779,-0.014155625510033288,0.20304557664200235,-0.03312997970222491,,0.06532082439447794,-0.44390562025395824,0.057716773465555066,-0.004965651840887223,-0.23993189091834552,,-0.07256702666359763,-0.011840356680765754,-0.07895589973571512,-0.15183750621707046,-0.10591770701361904,0.0075078395108515664,-0.15223326282675487,,-0.02872438226200291,,,,,,-0.030109941612356163,0.040298377487642,-0.009302805076014204,0.000386878182741835,0.10040444550434752,-0.047610317222333956,-0.08194994897344035,0.06866580137752347,,0.12477843288218834,,,,,,,,,,,,,,,,,,,,,,,,,,,,,,,-0.15436829735544677,0.3429966053768047,-0.006074946127045176,-0.06730581000382499,0.5444079302115125,0.22906809996286348,0.3274861392166747,0.48230825614753403,0.6579860066241262,0.6587539413190101,0.5818102575237488,0.38716065033843056,0.34062789285864203,0.5143465978110444,0.6972188338530749,,0.4780320578313777,1.0242275565668613,0.5416903598858648,1.3301223891832645,0.7644971650223004,,0.8683827224247477,0.6620952906722616,0.6165656773480064,0.48749541657028433,0.6768433672002973,0.21327233475412607,0.37051548523840566,,0.48814293813899395,,,,,,0.5874647223515976,0.4869450478042843,0.3145624389472599,0.5807625741065356,0.7715013427180084,0.6795257407721884,0.9812661370886773,0.36807879312809233,,1.0628159998033713,,,,,,,,,,,,,,,,,,,,,,,,,,,,,,,0.8422959637984931,0.7488026202547032,0.8573722374738721,0.6799989891900662,0.04381633870781155,0.05881614765116864,-0.3313340322081659,-0.3217844094657611,0.05908886978798052,0.4081664536801706,-0.19348590818842223,-0.19633693062753504,-0.04155744672356519,0.39476410946650264,-0.047517333287078696,,0.13664528000655424,-0.4334052695690972,0.10654938270955404,-0.0037332292736883287,-0.3138427477508654,,-0.08356571911169748,-0.01788316100050129,-0.1280575657005803,-0.3114644795746082,-0.15648776681041918,0.03520306334859175,-0.4108688270580686,,-0.058844203239961486,,,,,,-0.051254042101161884,0.08275754660480487,-0.02957379497421156,0.0006661554996670046,0.13014163416828473,-0.07006403785120975,-0.08351449813256372,0.186551908611664,,0.11740360787311563,,,,,,,,,,,,,,,,,,,,,,,,,,,,,,,-0.18327085014071978,0.45806010302172195,-0.007085540983860357,-0.09897927948979991
2019-12-31,0.29194973396242707,0.14858150756526797,-2.1026447286810837,-1.3750848519978724,0.3080959753457829,2.493623977012612,-1.3332264189085834,-1.8662224153623213,-0.46707757424167956,2.2898182209034443,-0.5546655450804303,,0.7850302296479564,-2.2278073736389303,0.8923597475932276,0.05736538644382655,-2.211792504253325,,-0.7104679259039667,-0.3486899986137983,-0.8985204724473723,-1.4150188820907614,-1.0660706997671137,0.20036315271762684,-2.9779531699602484,,-0.6221247304106865,,,,,,-0.3953364056068306,0.8252498084152676,-0.013591032678843061,0.04834394643942646,1.0341456839696161,-0.453935552605415,-0.6313428689393764,1.3752095381518958,,0.745209197082547,,0.744143225374319,,,,,,,,,,,,,,,,,,,,,,,,,,,,,-1.0720670779605852,3.706408810088703,-0.1328437142087062,-0.9560135309360905,0.01897351139249033,0.006205010938231221,-0.10836376284289254,-0.1711911808730053,0.03665006600565123,0.29093865963784876,-0.10791346841506462,-0.08011043971678321,-0.020753121071000368,0.20087214247966323,-0.05153596899555084,,0.060696045150433496,-0.4505877424091225,0.06791851938831173,0.007014320061186931,-0.2491438745051435,,-0.09490444318308436,-0.031170249963294983,-0.08999319744498609,-0.14117000643313382,-0.12641612781771275,0.010041952695869973,-0.15030253799067406,,-0.05481819293157964,,,,,,-0.0380697598187476,0.052909471870929085,-0.0008176006584413423,0.0033134981499943544,0.09676319021277927,-0.03847001931511512,-0.05938232395438365,0.06485060068211038,,0.11808163553349693,,0.09313641684545002,,,,,,,,,,,,,,,,,,,,,,,,,,,,,-0.14583061516918308,0.35049679256565897,-0.017007946560151973,-0.07327740006456382,0.5305778699812025,0.22441024118647634,0.32269046881389424,0.47088371138586865,0.6588132142469711,0.6463958825285854,0.5726868760662669,0.3842984256547395,0.3344617487386192,0.5089829395792038,0.6967687147849313,,0.4809337448936979,1.023537451665148,0.5195603693201128,1.3350289789614866,0.7747178931017582,,0.8684382316369587,0.6507498542498401,0.619313508634125,0.5001195124187211,0.6793347615796759,0.2115701671508353,0.37048257432666065,,0.4890620948606006,,,,,,0.5767237678469241,0.4863758184932571,0.31719572267951857,0.5834805231208456,0.7477051583349136,0.6713939334663069,0.9673312419852935,0.3589020670304541,,1.0597673235942486,,0.7572732886183466,,,,,,,,,,,,,,,,,,,,,,,,,,,,,0.8406697955095029,0.7581094098242019,0.8568893367645517,0.6664961381400566,0.03576008813402363,0.027650301989003676,-0.3358133360467778,-0.3635529892702566,0.05563043547561892,0.45009361523119334,-0.18843363262715612,-0.208458932873058,-0.06204931101768192,0.39465397925858203,-0.07396424079037221,,0.12620458804330587,-0.44022594549528316,0.1307230562584838,0.005254058280175567,-0.32159302982875443,,-0.10928174247257018,-0.047898973406958145,-0.14531121344900588,-0.28227254271763014,-0.1860881187998592,0.0474639351620436,-0.40569394731680364,,-0.11208841066941551,,,,,,-0.06601038823295417,0.10878310528438123,-0.0025775904275588614,0.005678849625128087,0.12941356513878283,-0.05729872940093477,-0.061387786703250555,0.18069163328782828,,0.1114222272234416,,0.12298917477385003,,,,,,,,,,,,,,,,,,,,,,,,,,,,,-0.1734695548099237,0.46233009117633256,-0.01984847497854354,-0.10994422303639126
2020-01-31,0.2945690699451331,0.06550589055361969,-2.33446334666062,-1.376652472177201,0.39502962903028943,2.5051718711013784,-1.2511393798948203,-1.8379682180297614,-0.44496039111002184,2.210317759203821,-0.5335997031879618,,0.9037316307207217,-2.2872900440912236,1.062788216050328,-0.09453774239952012,-1.9769930269910219,,-0.8221846295740314,-0.04637570742240238,-0.7685712269302889,-1.1463160920463,-1.0395398069704904,0.28946623712901143,-2.76510816126572,,-0.5126985148472443,,,,,,-0.39704858623052114,0.977948719194948,0.18242102711464483,-0.18767609634928487,1.0919817408742238,-0.7978394360452936,-0.6545650690024001,1.2020247280298675,,0.7760179634220401,,1.11393051520279,,,,,,,,,,,,,,,,,,,,,,,,,,,,,-1.1389930447429695,3.91374553205263,-0.24741049197764778,-0.7776075214919632,0.019297493714929333,0.002763178856158239,-0.11776030416981569,-0.17364703395274486,0.04784939140337684,0.2934835592621978,-0.10265235752642048,-0.07924737172818537,-0.019683226748260948,0.1958567932692535,-0.04897133177666042,,0.07058638817193666,-0.471613392904239,0.08119519563171615,-0.011521193388533087,-0.21952197162805634,,-0.11083334964545064,-0.0041691688844356254,-0.07738960202604767,-0.11235331239937203,-0.12435982501183583,0.014792660442387138,-0.1393128281936468,,-0.04570270356331102,,,,,,-0.038595508564986045,0.06367388719395774,0.011154552065358047,-0.01263039006094316,0.10365894150167518,-0.06688801120448684,-0.06191910892680901,0.056530078639170575,,0.12195341930821087,,0.1436442183829808,,,,,,,,,,,,,,,,,,,,,,,,,,,,,-0.15379953928455653,0.3733057264749137,-0.03180314766459543,-0.0602893714321094,0.5281193960271975,0.24101463378465793,0.31332112285592756,0.4658432506960739,0.6489218210444724,0.6644448958138086,0.5878677634276589,0.3807077192991002,0.34522155942746274,0.5061158990453741,0.700233743892949,,0.5057922488378302,1.029455576996184,0.5217526139730233,1.3329813988586718,0.7782635479539004,,0.8833122734336686,0.6789488164284591,0.6430391612844032,0.5105552790431797,0.6955361645749228,0.20993100810591134,0.36656404825451416,,0.48636848363888346,,,,,,0.5960685559437569,0.5132616325855847,0.33824004473558655,0.5954615758567386,0.7456845661930832,0.6707168995961623,0.9716099407933132,0.3620454536904941,,1.0427420948181427,,0.7790681846044273,,,,,,,,,,,,,,,,,,,,,,,,,,,,,0.8400303883651621,0.7677019743109756,0.868324249041472,0.6717445696386315,0.0365400207985081,0.011464776278386017,-0.3758454045371357,-0.37275850555584394,0.07373675819124226,0.44169736438826984,-0.1746181095692153,-0.20815803754671247,-0.057016215270288606,0.3869801237990641,-0.06993569247949169,,0.13955608915345089,-0.4581192267473502,0.1556201032006986,-0.008643176415213135,-0.28206636711328986,,-0.12547470807193936,-0.006140623245161708,-0.12034974957274773,-0.22006101398056424,-0.17879706526523806,0.07046439006725562,-0.38005044099938184,,-0.09396723903937029,,,,,,-0.06475011671078283,0.12405736792208082,0.03297821248243368,-0.021211091652338438,0.13901178353587426,-0.09972614562829715,-0.06372836086490888,0.15614083276818905,,0.1169545373820167,,0.18437952058832477,,,,,,,,,,,,,,,,,,,,,,,,,,,,,-0.18308806611612688,0.4862638614547805,-0.03662588911884284,-0.08975044110076302
2020-02-27,0.5758375089936264,0.09547825278289152,-2.394700096720631,-1.4047475588436877,0.4779212855211838,2.6163674747066286,-1.2502232230673762,-1.8003024035055466,-0.5885165842565999,2.1444436928416306,-0.2613182842011262,,0.9705567944714443,-2.2644209315236594,1.206247489340995,-0.015144732650945646,-1.8329413013701161,,-0.8039624882501476,0.02778901033797254,-0.7472253983052085,-1.0472074859746239,-1.2110517765684163,0.2061420839872701,-2.6227979879469636,,-0.3644280307311549,,,,,,-0.4278038735544988,0.9052589738929915,0.11189532358238312,-0.2554943039804397,1.2663677555988357,-0.6560215947563626,-0.6517949618201835,1.0906876026554628,,0.7664265929446807,,1.147336876195713,,,,,,,,,,,,,,,,,,,,,,,,,,,,,-1.1290502818519088,3.926149424965679,-0.23451848650894505,-0.44543584569452477,0.03692203264286897,0.003986177478479752,-0.11984254704470816,-0.17759607354184614,0.058038170292958546,0.3059672116612204,-0.10239833557308688,-0.07751339658848719,-0.025652566689290394,0.1893009705805697,-0.024288295848063905,,0.07530297040025971,-0.4702845315896859,0.0915398872140308,-0.0018387935185547005,-0.2031904888681601,,-0.10925321841679925,0.0024955730744939705,-0.07513699641286216,-0.10170723570057078,-0.14458541663762461,0.010736758061010872,-0.13205238397461208,,-0.03250514892491879,,,,,,-0.0414458842127863,0.05897584387230637,0.006841566795298735,-0.017126650966170106,0.11985286190928932,-0.05488477055278326,-0.061712666661420806,0.0508864506849918,,0.11866754761610526,,0.1497384521732397,,,,,,,,,,,,,,,,,,,,,,,,,,,,,-0.15069433132852939,0.3736505881936532,-0.03005994871374823,-0.03505607766564143,0.5252677589786917,0.24119811422315707,0.31242680102151427,0.46681562654820463,0.6573450571145915,0.6792368841042113,0.5882861214941835,0.3772428233474985,0.3441182400111171,0.5053278900596258,0.702144375235672,,0.5044842112158191,1.0410711019400267,0.5249781734458112,1.3376018682851227,0.7741147708832465,,0.9043308441058093,0.6859363566522919,0.6592089088279818,0.5156304444576075,0.6993043899381496,0.21445147262856257,0.36140546032776666,,0.48567765042232874,,,,,,0.587195872053485,0.5196032019328363,0.33912382502974814,0.5950413578007656,0.738604645789291,0.6659859170146818,0.9783189185599808,0.3545709365256018,,1.0423431648088513,,0.820970828751616,,,,,,,,,,,,,,,,,,,,,,,,,,,,,0.8443151656442717,0.7709189765611972,0.8661475759022786,0.6640644817586386,0.07029183118845633,0.016526569833758033,-0.3835860004739337,-0.380441577877443,0.0882917877982021,0.45045729821450275,-0.1740621303677981,-0.20547348230687337,-0.07454579184312246,0.3746101774794842,-0.03459159783187273,,0.14926724905577865,-0.45173142421618934,0.17436893921358357,-0.0013746941912634529,-0.2624810900279355,,-0.12081111589733226,0.003638199156950361,-0.11398055367068605,-0.1972483137754924,-0.20675605461366053,0.050066142840657066,-0.36538569133640325,,-0.06692741347404688,,,,,,-0.07058272407100842,0.11350169447171646,0.020174244008655508,-0.028782286712757413,0.16226930414337107,-0.08241130803306959,-0.06308031613275727,0.14351557176011673,,0.1138469091778109,,0.18239192786050007,,,,,,,,,,,,,,,,,,,,,,,,,,,,,-0.17848113768457427,0.484682047730073,-0.0347053430039729,-0.052790171178561746
2020-03-31,0.9930666396681328,0.3733179991976395,-2.3802089981796097,-0.7714314714723712,0.7061436483173321,2.8377612638240595,-0.8906837950840424,-0.8838682331254069,-0.06466335432312294,2.181138437245945,0.30282563628594783,,1.3987678763853517,-2.435162213626156,1.0005336694733904,-0.0121461487783449,-1.3909776532356972,,-0.6766994177339054,0.3227028110251535,-0.6443071410667706,-0.8043011062757729,-1.2242039397524591,0.5578369084521666,-1.8500736519540038,,-0.46809753350115935,,,,,,-0.3304426642254002,0.8303562127256039,0.134794540952911,-0.26666209225474635,1.2292029005984861,-0.33149754011435656,-0.7379819049755818,1.160729918806626,,0.49973774519268194,,1.0156661084555056,,,,,,,,,,,,,,,,,,,,,,,,,,,,,-0.6993055852522617,4.193118229832524,-0.06606632403310143,-0.2522312858726442,0.06592723958633642,0.01681322501284713,-0.12137272692338091,-0.10154262346306962,0.0844614143078387,0.3252981674447124,-0.07279420676217473,-0.04440950021138565,-0.002882378743942965,0.1899671303981193,0.029908636395418804,,0.10365357208041685,-0.49402150069787365,0.07392060937908292,-0.0014338379497894896,-0.15809456529984475,,-0.09068189117332591,0.029674927253570578,-0.06414652073866363,-0.07769455002280978,-0.14231786567554913,0.029738482528868244,-0.09820805519258367,,-0.04073657912564545,,,,,,-0.031115902753761675,0.05307747676988875,0.00877173240013877,-0.017556785995207286,0.11175060918156104,-0.028804557282201028,-0.06804222168396183,0.05342179128707268,,0.07561610406977969,,0.1289161167936453,,,,,,,,,,,,,,,,,,,,,,,,,,,,,-0.09840191660172948,0.3884558118169756,-0.008438015636860974,-0.019863600738607847,0.5542668056712619,0.2897067802861989,0.398085245111901,0.5441851922048642,0.7196406662016965,0.7258579506812922,0.6030794831411517,0.4428473655324101,0.4028988044584607,0.541947870548947,0.7651334407716166,,0.5484542202672669,0.977480109353388,0.5718400360329279,1.3505669236117108,0.826163221731396,,0.9688676789336755,0.7463140914689138,0.7206488244070606,0.5669418238276213,0.8178249904758775,0.27653423734891536,0.3731569496597244,,0.5076142679727953,,,,,,0.6309484103241403,0.5722225797097691,0.39828119179284466,0.5861786449443609,0.7582985467052641,0.6788663351870001,1.0095253248045868,0.378407397121814,,1.0524923420317882,,0.9313136189831989,,,,,,,,,,,,,,,,,,,,,,,,,,,,,0.8285193751838463,0.7845706910558844,0.8599090658733652,0.6601989096797721,0.11894495378718055,0.05803531762783559,-0.30489129756432765,-0.18659571211714054,0.11736609432264403,0.4481567876185508,-0.12070416719040852,-0.10028173060935937,-0.007154101010096547,0.350526574088572,0.03908943826224187,,0.18899220436284636,-0.5054031237778059,0.12926798531263803,-0.0010616563494351644,-0.19135996512713901,,-0.09359574392359682,0.03976198170821571,-0.08901217703566291,-0.13704148601750155,-0.17401995210825846,0.1075399661682611,-0.2631816325064774,,-0.08025105221791885,,,,,,-0.04931608075179451,0.09275669757179035,0.022023968444638865,-0.029951254871923468,0.14737020091507091,-0.04243038104734791,-0.06740021276547245,0.14117533561289117,,0.07184480214250895,,0.1384239574788941,,,,,,,,,,,,,,,,,,,,,,,,,,,,,-0.11876839522297755,0.49511894370434256,-0.009812683656603757,-0.03008729709693498
2020-04-30,1.2069237715457783,0.7257112471056667,-2.4985417442312317,-0.833006545743398,0.48629292917624795,2.9052936063947685,-1.0380167797093551,-1.0411672578250477,-0.1804362290089904,2.1723046587601003,0.35146228413183483,,1.2099314619246826,-2.4508258341666456,0.9386486311991156,0.2225091406276043,-1.2971646507168046,,-0.6426358255155263,0.30151938513660154,-0.33080193527825313,-1.081491085383906,-1.199478465915573,0.456135477239478,-1.7250501278064545,,-0.4185342890283125,,,,,,-0.39568082351013595,0.6682116895958656,0.2299504883251086,-0.25155552905722234,1.1709660361161778,-0.04250659310763985,-0.47665639034422397,1.5088436218284536,,0.746842989335223,,1.0189032159311218,,,,,,,,,,,,,,,,,,,,,,,,,,,,,-0.9267668224347827,4.27504635956301,-0.01200418112047078,-0.27602090826994596,0.08030982429379126,0.032417546201379405,-0.1246466652573012,-0.10590998927712823,0.05856038114907384,0.3258616511627408,-0.08299859609697717,-0.0510303115300474,-0.008043320954737459,0.18484252231840412,0.033936911431359934,,0.08747663392584455,-0.4927240658553277,0.0678782304326503,0.025734213853240262,-0.14477609239469533,,-0.08439866205920805,0.027424032525248235,-0.032660318895899355,-0.10452723664848096,-0.13775789002995648,0.026188833450145554,-0.0921343334557907,,-0.03556225012494917,,,,,,-0.036331295040394875,0.04227289883600675,0.014747348657763958,-0.01619254680920351,0.10538535270367647,-0.003630634137241708,-0.043947663514282205,0.06839530048299503,,0.11010585674795596,,0.12517092193039012,,,,,,,,,,,,,,,,,,,,,,,,,,,,,-0.12992668370003596,0.3868509335723863,-0.0015092215338455344,-0.021337095250776632,0.5622446251995156,0.2955403602870577,0.4015456488601081,0.5290745947433424,0.7225516530102283,0.7207020526146527,0.6004787170457847,0.44242830499165603,0.4031053879050575,0.5425944588536136,0.7637449941953942,,0.5490872047964164,0.986600427766063,0.565885166644545,1.3560619276634363,0.822321658099813,,0.9651835229682431,0.7496560683034166,0.7340986050114717,0.5566348357437604,0.8252393482919401,0.2924761079411053,0.373810337390358,,0.5061436890161469,,,,,,0.6330585168656964,0.571072060714552,0.39984586053055615,0.5882256773505935,0.7506880301508415,0.67323480578132,1.0152112404164262,0.3783640369130394,,1.049170896029562,,0.9504436769664544,,,,,,,,,,,,,,,,,,,,,,,,,,,,,0.8188776301160713,0.7938445180350673,0.8569761939806332,0.6521271505547408,0.1428378693087424,0.10968906639313937,-0.31041717326820306,-0.20017969172854705,0.08104663646551075,0.4521447524404007,-0.13822071247639037,-0.11534142584075809,-0.0199533948095774,0.3406642277713948,0.04443487248922985,,0.15931282528843124,-0.4994160269836813,0.11995053843722205,0.018977167139838238,-0.17605773965535332,,-0.08744312356229995,0.036582152382642494,-0.044490370466497446,-0.18778421675462423,-0.16693083081300514,0.08954178730872298,-0.2464734766272068,,-0.07026117463615095,,,,,,-0.05739010545229356,0.07402375592164837,0.036882584299348944,-0.027527779613660843,0.1403850181046587,-0.005392820017717577,-0.04328918136904735,0.18076585988724542,,0.10494558814453957,,0.13169735878500455,,,,,,,,,,,,,,,,,,,,,,,,,,,,,-0.15866434607771565,0.4873132266881732,-0.001761100885236074,-0.03271922543422083
2020-05-29,1.166200685587583,1.165479241976462,-2.327219753829407,-1.0977616003914181,0.6098234763096707,2.976169778737334,-1.121105817926942,-0.9516638842384211,-0.16215677289420818,2.414688541822561,0.36331101004159894,,1.453177910857681,-2.2906252492240764,0.8384962162067345,0.23499947093363674,-0.7223595009510517,,-0.699028741355939,0.16267164502287604,-0.33517196538968497,-1.1534170085870357,-1.3836043466916674,0.35139150529206536,-1.5483819542637818,,-0.6390398284095998,,,,,,-0.5064729206767589,0.8380960627495646,0.19993529871332896,-0.40560095904233445,0.9882180136768973,0.0688161715351151,-0.3798608758640577,1.6456676928245646,,0.6306064973295082,,0.1044199685086683,,,,,,,,,,,,,,,,,,,,,,,,,,,,,-0.7863851608216849,4.015349608954548,0.07653503013515724,-0.21652375983898484,0.07928610407958103,0.05231629766827074,-0.116334311315122,-0.14433367813733006,0.0734486100716532,0.33374398233978364,-0.08993005125104327,-0.04694628388810833,-0.007201092816099158,0.20003531563398064,0.035183086774217484,,0.1072464022645019,-0.46877366908091,0.06029789635179617,0.02674576114446513,-0.07326226115139046,,-0.0919668158489888,0.015238180028136369,-0.03306071556710882,-0.11096238096901503,-0.16380759837441472,0.029393061904016818,-0.08261690477366504,,-0.05488562733820503,,,,,,-0.04653925536054192,0.05317133417007199,0.012827363643479424,-0.026131660519878887,0.08980557484624167,0.005885071539396827,-0.035117816029617575,0.07368898997319998,,0.09146835656917202,,0.014678196186850484,,,,,,,,,,,,,,,,,,,,,,,,,,,,,-0.10961613275626497,0.36976177588667425,0.009627958126481964,-0.01666902337423392,0.5608152721918517,0.30216768033551916,0.4032150356260874,0.5375865763792308,0.7188663016556873,0.7217318849376229,0.5988022217690478,0.44151621218333714,0.40410520263981525,0.5389855798297467,0.7616085000771491,,0.549114223812215,0.9809510086693307,0.5610696352124098,1.3538542042717308,0.8208688455748835,,0.9739657023942367,0.7503223468448906,0.7364433338837605,0.5593532517360335,0.8167684562777162,0.2968639704817546,0.37105129869421616,,0.5145138277864815,,,,,,0.6356978970929061,0.5718262553346009,0.4108282700722442,0.5884855837214087,0.7489675300377672,0.6693818357991124,1.0070935943700081,0.377835469794916,,1.0460228867845398,,0.9794831502510041,,,,,,,,,,,,,,,,,,,,,,,,,,,,,0.8129018178644172,0.8037179271013718,0.8555155113623195,0.6478847206553205,0.141376506687674,0.1731366425760031,-0.2885167988204737,-0.26848452784935695,0.10217283784548938,0.4624210032907555,-0.15018322908916729,-0.10632969434113135,-0.017819846834581824,0.3711329637003781,0.04619576432071533,,0.1953080026227436,-0.4778767389380698,0.10746954133236704,0.019755274282914598,-0.08924965485817934,,-0.09442510719105687,0.020308844714825563,-0.04489240929476197,-0.19837621507451203,-0.20055573536830754,0.09901188701450495,-0.2226562878620989,,-0.10667473714813758,,,,,,-0.0732097047565666,0.0929851220961498,0.031223176635881776,-0.04440492892728144,0.11990583202146717,0.008791800471208172,-0.03487045913700373,0.19502930736809163,,0.08744393428172925,,0.014985654610892513,,,,,,,,,,,,,,,,,,,,,,,,,,,,,-0.13484547622766874,0.4600641138119552,0.011253984292056192,-0.025728378587742563
2020-06-30,1.0569885685453555,0.6769516312862833,-2.4325151856782243,-0.8313687188286079,-0.10929989492708987,2.411393753780142,-1.3954654086993723,-1.5822937229828837,-0.4718339822840216,2.371481560792115,0.18595180717663035,,1.2165650841517919,-2.5742509606104305,0.41047506629293595,-0.008324779109108258,-0.8131171713038176,,-1.0105671433873487,0.0776625005035656,-0.714497682817466,-1.254339670045138,-1.5517048407902625,-0.18990517503079365,-1.6577323294111854,,-0.7724816277241902,,,,,,-0.7052644154692619,0.5830722462406835,-0.08608055579184187,-0.9551868388270375,0.6459890827434187,-0.18990322129891316,-0.5563307507150835,1.2552037402689218,,0.6141548254626265,,-0.2829906608236297,,,,,,,,,,,,,,,,,,,,,,,,,,,,,-1.1163103033090518,3.219407269037244,0.11340385491195697,-0.49155420098347374,0.07058791851964337,0.03326783985647909,-0.12137720224980203,-0.1090365780687914,-0.015982607570355627,0.2817604046579011,-0.10651552292303404,-0.07871995904470903,-0.0203175469753396,0.2004831621123763,0.017575688727572182,,0.08766420604209284,-0.49455625707193385,0.028930913728007848,-0.0009717807690697079,-0.07919055833331576,,-0.12875225842833,0.006913975580197483,-0.06885080887077327,-0.11570190888081024,-0.1759906203041371,-0.015608704962554527,-0.08462701273564072,,-0.06347689406488578,,,,,,-0.06307642188286108,0.03687283202091942,-0.005330790655764986,-0.06301893371951403,0.057129843014274935,-0.017170127647847973,-0.04976827221279684,0.05726095825543412,,0.084589047075295,,-0.038127033038199025,,,,,,,,,,,,,,,,,,,,,,,,,,,,,-0.1498169337401134,0.31597872911147035,0.013666041618098666,-0.03657732944768404,0.5506306779772455,0.30359817840110265,0.399342238116269,0.5156729281973516,0.7393689555670613,0.7202077094957045,0.5950887115540849,0.44595637385367154,0.4016099401283908,0.5358813350757378,0.7570601143182603,,0.5416669066020809,0.9704342809802375,0.5646912440252716,1.3387776416242072,0.7963089512795745,,0.9728578954179055,0.7399452773096755,0.738917196037123,0.5560409739333454,0.8091538186460172,0.293961368922081,0.3595591998739934,,0.5090235625634257,,,,,,0.6321430714459151,0.571077314165353,0.4088755518212628,0.5852801255550942,0.7429839614348694,0.6689947405729917,1.0120095441762076,0.37423342896379264,,1.048825413204647,,0.9784849183475967,,,,,,,,,,,,,,,,,,,,,,,,,,,,,0.8126618590248866,0.7956654546085136,0.83657545420561,0.6463327898379959,0.12819467084353112,0.10957852261065563,-0.30394281061364437,-0.21144522449521017,-0.021616552128696988,0.39122103379758616,-0.17899099891319872,-0.176519416830981,-0.0505902492573871,0.37411857624046824,0.023215710873104516,,0.1618415394656788,-0.5096236466135364,0.051233154461153826,-0.0007258716749188774,-0.09944702769705889,,-0.13234436296888208,0.009343901221095172,-0.09317797615216715,-0.20808162402557018,-0.21749958567658717,-0.05309781016393298,-0.23536322465201293,,-0.1247032529205883,,,,,,-0.09978187649606751,0.0645671454745321,-0.013037685016920026,-0.10767311406609836,0.07689243103437164,-0.025665564475352703,-0.04917767080280753,0.15300866738170033,,0.08065121802954442,,-0.03896537629071028,,,,,,,,,,,,,,,,,,,,,,,,,,,,,-0.1843533470610751,0.3971251073944632,0.01633569518373639,-0.05659209933763718
2020-07-31,0.9160677175047037,0.8711441514821338,-2.546424393614882,-0.7388553204053808,-0.14212770397326907,2.6104658994353946,-1.617628257891377,-1.7403461095316988,-0.3397676514315104,1.934411125580381,0.13508721454475273,,1.5186641466983357,-2.222918762710245,0.5116507959017255,0.2517456096228659,-0.7525387319109268,,-0.4845118690304462,0.03365775162517323,-1.4659061532771722,-1.229257719901836,-2.2030323532434437,-0.5786752740716993,-1.5451636138122984,,-0.0536085825460334,,,,,,-0.8520602465676117,0.8934692725556898,0.18706374580879945,-1.2023339547218004,0.9138158225138446,0.4953374325570863,-0.433737890998251,1.055225778858422,-0.140568916764481,0.7226735496131471,,-1.0275002949090255,,,,,,,,,,,,,,,,,,,,,,,,,,,,,-1.1848252842734128,2.0082474844562146,0.4092468754838959,-0.26744056815704126,0.07547855077560307,0.04417005384420678,-0.12309803561069915,-0.09533607926312715,-0.021379201947628726,0.2967766720499478,-0.12062721221868837,-0.08566110898844219,-0.014151696208645979,0.15916277373710216,0.012277688962753601,,0.10592933760427467,-0.4406059889763132,0.032948327325886956,0.028208579634499818,-0.07063500788583571,,-0.0611563629145849,0.0030583848331494044,-0.2001218400983119,-0.10853354196609409,-0.25332592679623395,-0.04759250910180736,-0.07555445280498096,,-0.005192792794120448,,,,,,-0.07392173644527529,0.05439801689712842,0.011469314519877047,-0.07628823582936486,0.07508270642309675,0.05489816663970398,-0.041616976890159196,0.04557668592964311,-0.015220019302655301,0.09353927295633545,,-0.14014878036698603,,,,,,,,,,,,,,,,,,,,,,,,,,,,,-0.15534716634977955,0.2108088358727966,0.04631024364203317,-0.018570495181054445,0.5846527216413635,0.34363217112174854,0.3921794287521336,0.47649387965141426,0.7678789382420425,0.712521036478107,0.5806386228683708,0.44129105125774704,0.3940972263394111,0.5324010952166573,0.7405585765184879,,0.5309439811471827,0.9453738471602141,0.5420078463488772,1.3190167295870794,0.7530793917549924,,0.9283869883808622,0.7479614985425802,0.7291301060390742,0.5349001552603164,0.8615848387301361,0.2920939117181644,0.3384379947983534,,0.5228878100512283,,,,,,0.6128013463589309,0.5705636385451405,0.42253989840296896,0.5616420212005531,0.7212895005692973,0.6729019887911937,1.042894572179479,0.36606950164364793,0.987729700070979,1.0479325085964641,,0.9877782739245982,,,,,,,,,,,,,,,,,,,,,,,,,,,,,0.8189397749760156,0.7960254694814309,0.8113868124909059,0.626725563693124,0.12909980229580284,0.12853876195589783,-0.3138819289996466,-0.20007828711854933,-0.027841891322834808,0.41651636492990274,-0.20774920487167495,-0.19411476562757146,-0.035909149475865675,0.2989527541680429,0.01657895722506306,,0.19951132580013195,-0.4660653457886941,0.06078939179171757,0.021386066606850822,-0.09379490218318998,,-0.06587378289439798,0.004088960246093865,-0.27446657111095524,-0.20290430073491897,-0.29402319470895444,-0.16293564224552692,-0.22324459418333772,,-0.009930988434424777,,,,,,-0.12062920044888045,0.0953408405692237,0.027143743261231538,-0.13583071235712188,0.10409510517460144,0.08158419436138609,-0.03990525792380579,0.12450282180024369,-0.015409093501553693,0.08926077985844351,,-0.1418828334927361,,,,,,,,,,,,,,,,,,,,,,,,,,,,,-0.18969302883637473,0.2648267473277301,0.05707542066140275,-0.02963098404926001
2020-08-31,0.7151141674999948,1.3850699322179245,-2.6597755227000746,-0.8788320881350709,-0.15484107019747972,2.611860372855867,-1.740894884264992,-1.6484937863972482,-0.3153140344066118,1.4362286344721333,0.10963994214512811,,1.1804209023754173,-2.2021065981379673,0.4160866796450623,0.4205407517410971,-0.8217972167959148,,-0.3298624221160699,0.08986832629163649,-1.3749581944892288,-1.388400784308034,-2.2227172801013784,-0.814769868205007,-1.6604866971807708,,0.05712833131014749,,,,,,-0.8094458319482055,0.9226640977141827,0.04757379623191237,-1.4307721979800772,0.6918107544531957,0.5395564758207578,-0.3474051839246857,0.7666168185943335,-0.5426241697813521,0.7443675271280944,,-0.8880553871795991,,,,,,,,,,,,,,,,,,,,,,,,,,,,,-1.1791690597393065,1.9997563554701019,0.039016661641611126,-0.452675457044255,0.05938226433282724,0.07986676497332844,-0.13225711574082596,-0.11182434268508228,-0.023025647604621856,0.2931711031729485,-0.12773377598484825,-0.07929642685543614,-0.013313201002070896,0.11686123550301072,0.009792362481116909,,0.08399534187867963,-0.4332856437011345,0.026528489701779265,0.04632316359619447,-0.07590691153206058,,-0.04135721622991662,0.008054708648805229,-0.18650036025705524,-0.12046163943506549,-0.2557857200453841,-0.06737885170938146,-0.08091703252956814,,0.005532096948563152,,,,,,-0.06978697949296098,0.05724247380471515,0.0028219272769229226,-0.0893936726762988,0.05648242498862955,0.05889448941964074,-0.03367281412506057,0.0318832545321954,-0.06859762932861607,0.09431415767995664,,-0.11806545192011253,,,,,,,,,,,,,,,,,,,,,,,,,,,,,-0.15421151220069715,0.20866911090415,0.004391290941050465,-0.03023693157522503,0.5918154155156298,0.37551906639593574,0.38436355218183227,0.4671089724168631,0.7862080238112094,0.7187513329393871,0.5795309591735581,0.44462861657043573,0.40381592193298543,0.5261194875346835,0.731861651368162,,0.5395010593940347,0.9387527102042703,0.5283407694323693,1.317743527914111,0.7380456085911572,,0.9226028868338499,0.7647201589883292,0.7593913532704084,0.5308894659502235,0.8995697592314162,0.3070415881343129,0.3322001907176098,,0.5388697868646717,,,,,,0.6108465478092093,0.5754799461920932,0.4078515542428243,0.5574053655351727,0.709291906525124,0.6716387101693951,1.0659954985452145,0.359699062848791,1.0077352829476411,1.0470852171249148,,1.0004870332329636,,,,,,,,,,,,,,,,,,,,,,,,,,,,,0.8089919380191049,0.8122316600515307,0.7999562716222649,0.6229631178777787,0.10033916450298845,0.2126836481030217,-0.34409380127244377,-0.239396691753732,-0.02928696592665526,0.4078894740605258,-0.22040889095382132,-0.1783430573296769,-0.03296848954925622,0.222119192069096,0.013380073218498063,,0.15569078209600337,-0.46155461282966903,0.05021094573163555,0.03515339868109279,-0.10284853760861473,,-0.044826671171433886,0.010532883897635233,-0.24559189336811574,-0.22690531110737852,-0.2843422840980392,-0.21944535956447409,-0.243579127256891,,0.010266110818256818,,,,,,-0.1142463352592411,0.0994691025872999,0.006919005818579816,-0.1603746181927594,0.07963212954923077,0.08768775314452447,-0.03158813913474732,0.08863869224368362,-0.06807108026223609,0.09007304862819507,,-0.11800797811301665,,,,,,,,,,,,,,,,,,,,,,,,,,,,,-0.19062181580980767,0.25690836884013035,0.005489413730259508,-0.04853727404959681
2020-09-30,0.7363823816098026,1.0868734134012483,-2.8415922745835176,-0.8915777721687791,-0.47066613109994904,2.51340366773995,-2.06694862414115,-1.600814261811473,-0.11195122778423258,1.3562679397323099,0.09392604608315622,,0.6415155398198545,-1.8927054207661258,0.07306711235332941,0.3958867516676452,-0.6678176966651193,,-0.3459408372121553,0.3465678230978364,-1.3169205457351594,-1.1960093481157057,-2.2691877208542324,-1.2741314125520318,-1.954732633177463,,0.029166935277364633,,,,,,-0.6753987383155541,0.9711854789867753,0.4940988698400193,-1.1924647090263807,0.30581005763129715,0.7267980729026541,-0.5174073136383546,0.6509521572648729,-0.6516469051419441,0.6665081563004754,,-0.909013381958765,,,,,,,,,,,,,,,,,,,,,,,,,,,,,-1.3803997255282896,2.0563270076647364,-0.08906175541110829,-0.8226218360875062,0.060793676271599324,0.06480830114482203,-0.13667611770010132,-0.10145150238794441,-0.06791125859832176,0.27308132883411784,-0.14665636063522958,-0.0780006925474572,-0.004446772479840965,0.10529169322478689,0.008150544952616596,,0.0423675661967399,-0.39013877985137424,0.004493444595279143,0.04213567697265173,-0.05856834080567497,,-0.04212563345687725,0.02996830944171786,-0.1739110348060513,-0.1005424984791013,-0.2531730238561176,-0.10444090262395385,-0.09609573436081803,,0.00280058786648257,,,,,,-0.05619394817251206,0.05928572258981027,0.027341248519195872,-0.07144293958890426,0.025540436939592,0.07821386160623371,-0.050182175144573696,0.02600536009264326,-0.07959137381737967,0.08085986521167335,,-0.11746001802402299,,,,,,,,,,,,,,,,,,,,,,,,,,,,,-0.18009769617625498,0.20940658813811844,-0.0097739288697621,-0.0525343611826284,0.5461071711730778,0.381084272720248,0.35865444721238104,0.47879254920115655,0.7897223171910706,0.7229720871743337,0.5561694932079099,0.40878175240030407,0.39505199174750916,0.520683931670488,0.6926884481178444,,0.5171361581728927,0.9112104045874931,0.5107509439667183,1.3056043130922137,0.715105198151363,,0.9081439429908267,0.7220760437941536,0.80199765541657,0.4912335872563359,0.9266181158043612,0.3101841009032987,0.3063762898534803,,0.5386221097501985,,,,,,0.6101809505167529,0.5611243633746895,0.34067722704751335,0.5487774518916974,0.6928473442269509,0.644114264330914,1.051392506458795,0.32914863470645433,1.00345686344741,1.04806086352587,,1.0085570466436637,,,,,,,,,,,,,,,,,,,,,,,,,,,,,0.8095993515399942,0.7793550314682108,0.7697623605542152,0.5774191360886669,0.11132187870928356,0.17006291202260523,-0.38108022572258,-0.21189031148711818,-0.08599384507692831,0.3777204316440898,-0.2636900484946337,-0.1908125597325444,-0.011256170257921505,0.2022180574825577,0.011766538008195535,,0.08192729424766942,-0.4281544392900023,0.008797721567347599,0.03227293028226671,-0.08190171314246003,,-0.046386515906435735,0.041502982544953534,-0.21684731075145006,-0.20467350174619905,-0.27322261408233744,-0.33670617649263,-0.31365264722924324,,0.005199541228972987,,,,,,-0.09209390775789095,0.10565522807325042,0.0802555802046101,-0.13018563234081948,0.03686300763422701,0.12142855070517629,-0.04772924938717012,0.07900795370406352,-0.07931718513932011,0.07715187927125325,,-0.11646343497862956,,,,,,,,,,,,,,,,,,,,,,,,,,,,,-0.22245286614135604,0.26869216170147986,-0.012697332801158328,-0.09098133037032109
2020-10-30,0.6467728376232548,0.9679934280824223,-2.8968786190057383,-0.9087368202089696,-0.4306859082766664,2.6163119804684185,-1.6773942331589022,-1.0547785883696505,-0.0820430969129002,1.3700396980012197,0.5387640269596307,,0.6573096317648001,-1.797007705299324,0.25791691982500925,0.10674116649834628,-0.5139480136170588,,-0.07499539263086236,0.5797660870340924,-1.2118923527835939,-1.073124616920894,-2.2536283386139666,-1.27010669290848,-1.7377069525475497,,0.03212580772281394,,,,,,-0.6882556231387692,1.0076739071737817,0.5341515671761925,-1.1088535469173288,0.4916943601973253,0.956804038077153,-0.5162154878067404,0.48536220926020746,-0.6692994814773423,0.7613887336402095,,-0.8629875029423216,,,,,,,,,,,,,,,,,,,,,,,,,,,,,-0.8298150357157417,2.17780865359872,0.21905717152443208,0.08809531078073722,0.05306624771823498,0.05714671447783685,-0.13822884339651917,-0.09978706566878463,-0.06202721393193886,0.2832457882083414,-0.11950440714492122,-0.05386286357385169,-0.0032347749571986963,0.10522399482493809,0.047388816500113166,,0.044342310059634814,-0.37441269825843604,0.01591124101495419,0.011064830964698798,-0.04422713851165915,,-0.009092019008162706,0.05001513780997823,-0.16063457129425518,-0.08706475685620584,-0.2503254953365488,-0.10358129017283693,-0.08153960733345578,,0.003060330677076435,,,,,,-0.05678753364782688,0.061172915324741055,0.029436638105702156,-0.06618007622848596,0.04109735001139366,0.10253177813230345,-0.05012859077027354,0.01916286988283699,-0.07967784889118802,0.09011479283472174,,-0.10940343815216642,,,,,,,,,,,,,,,,,,,,,,,,,,,,,-0.10478681220994006,0.21925923834347094,0.0240803833287036,0.006423072006040828,0.5388969242329021,0.38278911064515864,0.3544837735292432,0.4676351129381847,0.795083774807346,0.7259862616263596,0.5504270167657483,0.39561019705024797,0.38460259837561445,0.5147397994427647,0.6845512406146258,,0.509710225163024,0.9024918860970266,0.5033300728830586,1.3034744470123694,0.7163612164229881,,0.87543256229679,0.7138503509743442,0.8136585329532416,0.49098704955658223,0.927715721520217,0.31336166079437744,0.2979261635267749,,0.5333618480047537,,,,,,0.6061728200201072,0.5547931226562338,0.33259009892001706,0.5430591316408279,0.686475654272949,0.6321262152839853,1.052239026779905,0.3188597700474164,0.9998417959992278,1.0435823503693586,,1.0002722138730518,,,,,,,,,,,,,,,,,,,,,,,,,,,,,0.8012483142073583,0.7715206804821918,0.7595335407894123,0.5608987025335395,0.09847198106348933,0.14929033477864848,-0.3899440643511316,-0.21338659760131226,-0.07801343191410044,0.39015309680077437,-0.2171121756470397,-0.13615135296173966,-0.008410694495723396,0.20442171935966305,0.06922610564194583,,0.08699513541336652,-0.4148654453588994,0.03161194188897776,0.008488721040953247,-0.06173859988191273,,-0.010385744601855833,0.07006389748455244,-0.1974225855055174,-0.17732597414704793,-0.26982995925341086,-0.33054870181073365,-0.2736906566654316,,0.005737813247281907,,,,,,-0.09368208499672287,0.11026256964372214,0.08850725923979243,-0.12186532252671259,0.059867163176995905,0.16220143327901793,-0.04763992733065473,0.06009811109124037,-0.07969045624018858,0.08635139603772246,,-0.10937366512317338,,,,,,,,,,,,,,,,,,,,,,,,,,,,,-0.1307794479587783,0.2841910060096333,0.03170417372704296,0.011451393945160274
2020-11-30,0.3872158964708889,0.9577644386082853,-3.1163041493262202,-1.1160301113230484,-0.48126186746182453,2.5148388864725293,-1.8813745770936219,-1.309460909470612,-0.26062718530115814,0.9528599621509888,0.33809320477050425,,0.7174166036187755,-1.7383059705798676,0.025786456065752195,0.2969704226501504,-0.6349676941637553,,0.011133251010407595,0.34866775315741,-1.233974252529867,-1.065175866826335,-2.5468727984131103,-0.9639060250422483,-1.8273055070192072,,-0.006722661523221332,,,,,,-0.8587802936367402,0.7136398831530817,0.021389481462812852,-1.071815180793605,0.5736118713130776,0.6347140324034897,-0.6098325736509309,0.23457831707017948,-0.8519981397222308,0.6116040242804038,,-1.3135484732641387,,,,,,,,,,,,,,,,,,,,,,,,,,,,,-0.9859276884518989,2.1873809394606916,-0.19486583562078194,0.209220318353905,0.030512907944501243,0.05566519367177878,-0.1478334841881322,-0.12012258493165022,-0.06852598120850881,0.26715946758541315,-0.1353175248452769,-0.06375381611867506,-0.010202812045821592,0.06765361651125343,0.029230043718637758,,0.04765048079896911,-0.3655699109476567,0.0015487910847653056,0.0303232884120261,-0.05356406640246964,,0.0013185084796719171,0.029631634769661772,-0.1609890505938435,-0.08209928490287628,-0.27903906516495175,-0.08000572107203476,-0.08331499537716436,,-0.0006309821006188466,,,,,,-0.06943001060247823,0.04307837008735589,0.0012133779410743034,-0.06243770293174465,0.04718014491141051,0.06660325730324093,-0.05741028392808829,0.008823337874559873,-0.09803907054232497,0.07051461706195782,,-0.16833592897393995,,,,,,,,,,,,,,,,,,,,,,,,,,,,,-0.12313174374857096,0.21544826827030938,-0.021619054169004476,0.014275053225410537,0.5295033050769188,0.3797510129786829,0.35244205523841765,0.4564038508615448,0.7861885416902221,0.7260379897513981,0.5540689404932523,0.388752136800467,0.3889715603478829,0.5100401466696721,0.6797591589388802,,0.509191211182003,0.9221476032531738,0.49419687641408916,1.3021588790459866,0.7221563392279686,,0.8730843823996605,0.7108145967937776,0.8143580675276322,0.48192795063160276,0.9361568594965968,0.31505272017784597,0.2889101327577668,,0.5235994972167084,,,,,,0.597626500686635,0.5597893330459411,0.3241896162117237,0.5414405651149534,0.6686866090896998,0.6276781054291293,1.0628318752510408,0.31616113850153443,0.9893016457371346,1.0374409506001268,,0.9865151142196237,,,,,,,,,,,,,,,,,,,,,,,,,,,,,0.8050898196528098,0.7673697509187127,0.7585795501521739,0.5475942400097794,0.05762552877751869,0.14658339746128213,-0.41945472167936027,-0.26319362710217525,-0.08716227415523661,0.3679689924722685,-0.24422506831877694,-0.16399605322657734,-0.02623022628362995,0.13264370844726728,0.043000588273450456,,0.09358072125470591,-0.3964331845118836,0.003133955633235465,0.02328693441328922,-0.0741723966028368,,0.0015101730213613657,0.041686868704327605,-0.19768828604179198,-0.17035593141107297,-0.2980687075401023,-0.25394391461489957,-0.28837685470526164,,-0.0012050853829557717,,,,,,-0.11617625811892134,0.07695461050134106,0.0037428032250171246,-0.11531774114207435,0.07055643745526481,0.10611053138089913,-0.054016336228651395,0.027907724258517782,-0.099099269636083,0.06796976446820163,,-0.17063694873757812,,,,,,,,,,,,,,,,,,,,,,,,,,,,,-0.15294162308706225,0.28076200294886494,-0.028499389635098404,0.026068669431503884
2020-12-31,0.23962968334217372,0.9345990208029283,-3.0607930575506623,-1.3991279323761827,-0.5961399475015243,2.7519723810563126,-1.8111877240265637,-0.9894175333651861,-0.38229077034717085,0.9995228150974964,0.4501383299561705,,0.9475784782277955,-1.4660983864871937,-0.0793576816096441,0.2473090414428788,-0.5985847034614333,,0.14692888470666196,0.32311010815687535,-1.2125006310742332,-1.34598624667023,-2.6698019793388124,-0.9407537869512304,-1.7307593144826976,,0.10538850324032527,,,,,,-0.7257888428110516,0.8332959324895047,0.3695246171965215,-1.1767537330454403,0.43170446030640647,0.6401668417992638,-0.9913428562342192,0.28674027339612174,-0.1565643155635738,0.4943667326209646,,-1.3002648867997233,,,,,,,,,,,,,,,,,,,,,,,,,,,,,-1.1499492470073327,2.3738419678440144,-0.24632573060127175,0.325413135566144,0.018792869794659224,0.05344906200370403,-0.14245005751021617,-0.14510487913870043,-0.08341308148179284,0.29117456944959447,-0.12835085408137054,-0.045335694702904904,-0.014698572597798755,0.06952999709201113,0.04091471899003736,,0.06526296561961724,-0.3072094361360092,-0.004667536658774009,0.0246343431253093,-0.04826353310783158,,0.017431136177392427,0.026976573983675433,-0.15593930610628762,-0.10351186817911469,-0.28689324313321285,-0.07680982695332468,-0.07776070114743162,,0.009702029822509272,,,,,,-0.058375854710356556,0.049334201944517896,0.020176819268757036,-0.06614510011667907,0.035330283248461936,0.06613545146124612,-0.09154104910587231,0.010816091236370754,-0.020723383775634513,0.055501727938384704,,-0.1626827468762221,,,,,,,,,,,,,,,,,,,,,,,,,,,,,-0.14449078170004226,0.23068398264979142,-0.02676910249252309,0.0216291039833679,0.5237684826114505,0.3774284616014183,0.34189479268808004,0.43026015553786046,0.7802043745816571,0.7226987154193539,0.5548585882971658,0.385452487940503,0.3810188124070749,0.5101796569646648,0.679066630200622,,0.5098093724991023,0.9311167613997284,0.486014912158883,1.3143226152181664,0.7257812966481605,,0.8768651646485913,0.7068535979634689,0.8287161345485948,0.5063980949888807,0.9308014943140241,0.31058287276399754,0.287009456437726,,0.5182666206443877,,,,,,0.5907969305332493,0.553598837895371,0.31699439177202526,0.539723634146769,0.6785439902157032,0.6142805746329939,1.05039461549135,0.30882463236001106,0.9693961804367157,1.0242637137785426,,0.9788695987559437,,,,,,,,,,,,,,,,,,,,,,,,,,,,,0.8211762872963203,0.7750531713119011,0.741931035810914,0.537145883916468,0.03588010813663338,0.14161375582784924,-0.4166488070503526,-0.3372491672097953,-0.10691183515411413,0.4028989719189375,-0.2313217399685082,-0.11761681691337987,-0.038577025908355975,0.13628531859871237,0.06025140563592354,,0.12801444841960444,-0.3299365330661513,-0.009603690220204903,0.01874299569989535,-0.0664987281027007,,0.019878924240738942,0.03816430171876923,-0.18816974788505647,-0.2044080915853121,-0.30822172599179753,-0.247308637046738,-0.27093428248871576,,0.01872015182155902,,,,,,-0.09880866283050405,0.08911543624634911,0.06365039821672214,-0.12255364770387651,0.05206778596216105,0.10766326364912189,-0.08714919874475133,0.0350234084428924,-0.021377620619774437,0.05418695126242147,,-0.16619450341800115,,,,,,,,,,,,,,,,,,,,,,,,,,,,,-0.1759558622616473,0.29763633152977365,-0.03608031097292629,0.04026672200420596
2021-01-29,0.0247150038928552,1.0304790465433271,-3.118417949664745,-1.436539513122509,-0.7648360297263475,2.6866396712446443,-1.517490827786483,-1.242356886863035,0.4707313350323588,0.8374596559490813,0.13797251901356952,,0.7171998231661713,-1.5479473935201244,-0.6862377858077049,0.41154162892460705,-0.5743677458927392,,0.05236298020537499,-0.1365661540405877,-1.3408467819775447,-1.7096963294322898,-2.104938572842958,-1.0601926063474207,-1.302181056830846,,-0.02556774517159147,,,,,,-0.7821251157973865,1.2415995486181135,-0.019581814322831213,-1.4345177865361114,0.4461574797435552,0.666986944217584,-0.8184489815826025,-0.043428061001193285,-0.28187403121626403,0.48785883086006054,,-1.6375050037453933,,,,,,,,,,,,,,,,,,,,,,,,,,,,,-1.5189771800346066,2.0014300703672006,-0.41719114072749874,0.07984994065962653,0.0019022005398270634,0.05661019674902955,-0.1389784189481408,-0.1414310029204378,-0.10062410975209714,0.26564985643795813,-0.11187158954433998,-0.055111205189457294,0.031388582875377456,0.05568683120139342,0.013181559087051566,,0.04845741974687572,-0.31858430019290335,-0.03870655029198109,0.04061945104327502,-0.04431483939513969,,0.005937258247128282,-0.010854738179335792,-0.16466218030628918,-0.12883658439405124,-0.24169448460437895,-0.08336099852126795,-0.060700025283546705,,-0.002236174171763871,,,,,,-0.05995029138803961,0.07342559190707593,-0.0010141927224649044,-0.07658128820250619,0.03531501146865385,0.06661146385688174,-0.08018767118973372,-0.0015551379887373763,-0.03499601036431786,0.05225411537362963,,-0.1959110153911962,,,,,,,,,,,,,,,,,,,,,,,,,,,,,-0.18790928136491242,0.19070100481399782,-0.04311607384187955,0.005102892581207443,0.5032813683928711,0.38021334342163404,0.34731532766280093,0.4138245916382105,0.8095647559862654,0.7287732135307082,0.5545618528332781,0.3798112505832968,0.37862851112355533,0.5003616895492459,0.6692182030652117,,0.511580337508732,0.9018404837387882,0.4783635820496481,1.3087892395688925,0.7048640621459146,,0.8609707981720864,0.6910426845853727,0.8333817606059131,0.5051891150817273,0.9465182874794407,0.31751595574747593,0.27504096824019064,,0.5136767892012224,,,,,,0.5862845575714304,0.5514489052014907,0.3141818842643198,0.5347240346766879,0.6532514250726084,0.605163571108158,1.0583321945653918,0.30392034420027525,0.9472642855039244,1.0185220589012716,,0.9637999184082456,,,,,,,,,,,,,,,,,,,,,,,,,,,,,0.830760289161943,0.7735085480729578,0.7251777245937449,0.5211656095654356,0.0037795965821293214,0.14889061030730896,-0.40015054873440886,-0.3417655832403624,-0.12429408396059705,0.36451649361665855,-0.20172968799203134,-0.14510156059047755,0.0829007376709004,0.11129315526046622,0.019696952394116354,,0.09472103635345176,-0.353260145155758,-0.08091450048545677,0.031035899299305694,-0.06287005080132178,,0.006896004207963362,-0.015707768017034524,-0.19758313427278631,-0.2550264456375087,-0.25535109865442385,-0.26254113222444136,-0.22069448661385585,,-0.004353270809142781,,,,,,-0.10225459738590424,0.13315030860428922,-0.0032280432872178865,-0.14321646912469496,0.05406036651925959,0.11007183352908166,-0.0757679598159282,-0.005116926255231478,-0.036944294110804285,0.051303862215805754,,-0.20326938366497388,,,,,,,,,,,,,,,,,,,,,,,,,,,,,-0.22618953242754555,0.2465402680928237,-0.05945587182236438,0.009791307192088896
2021-02-26,0.19518413243139474,1.0682536526897128,-2.8664495085552355,-1.4457661506607267,-0.9451976735775937,2.272377196067959,-0.9520427547181779,-1.3605891067895988,0.44088779865784117,0.7678865916217983,0.038601826767968084,,1.2558589800487998,-1.5754332609653723,-0.9425738441816917,0.16496807321293488,-0.8443791525803418,,-0.052192716450131134,-0.20758013559427255,-1.526201766149333,-1.6663325723450375,-2.4158243997299875,-1.283643770511067,-1.3512227603813534,,0.0986370043223387,,,,,,-0.9993075386388186,1.158431653824036,-0.046522620176991304,-1.2829244300428382,0.3508463694262669,0.9279568281764876,-0.8458063832458365,0.0614896884767857,-0.36286557870881714,0.23136445916971735,,-1.5531418818872262,,,,,,,,,,,,,,,,,,,,,,,,,,,,,-1.6036023386312341,1.8790237373692247,-0.4827409603052613,0.32205367539379204,0.014742669362425355,0.05782629560938759,-0.12649222628143594,-0.13915955026243548,-0.12230778073244852,0.23536625166457734,-0.07579776878687577,-0.05978444957536501,0.02884249206411743,0.050333764637181026,0.0036048074552396513,,0.10900271897647731,-0.3203628350994548,-0.0525381414696396,0.016309818642483143,-0.0637614697353594,,-0.005837326501018135,-0.01620791015245859,-0.18293719248926046,-0.12582194471846275,-0.2817593948545281,-0.10156148410066154,-0.06181076876203658,,0.008474919659273482,,,,,,-0.07633288256505577,0.06733236600892077,-0.002365561779943341,-0.06748114498818794,0.027396491684708424,0.0924823245677095,-0.08177671247702137,0.002163732688165375,-0.04405537862760333,0.025214834612999962,,-0.182674071698722,,,,,,,,,,,,,,,,,,,,,,,,,,,,,-0.19604136763147334,0.17655386666390444,-0.049685221189857944,0.020439202377354488,0.4996902097230469,0.37598561391245616,0.3354060179623517,0.4201517053710331,0.8161177970589599,0.7339738305782042,0.5632378440099399,0.3676593177276677,0.38309187893573843,0.48473777494933534,0.673106870674451,,0.5426509630771854,0.930396699951565,0.47332017351090716,1.2988969733616589,0.7116577601803243,,0.8496919819383647,0.6893572584530102,0.8322814164474616,0.5267174174034547,0.9488957548433808,0.3362785016942609,0.2760988346015468,,0.5036420073409535,,,,,,0.5752922054587613,0.5430305723092959,0.3035051101850979,0.5229551798054749,0.6373537114771797,0.5967033127207335,1.053692282670057,0.3032741695632874,0.9395443615168011,0.996057901286042,,0.9365290732641326,,,,,,,,,,,,,,,,,,,,,,,,,,,,,0.822254232856491,0.7622073502642338,0.7062389636292595,0.49482377713221315,0.029503618593200925,0.15379922387895342,-0.37713165389785674,-0.33121262744737556,-0.1498653517582983,0.3206739012468092,-0.1345750637905256,-0.162608280798825,0.0752887065741104,0.10383709964102117,0.005355475649249644,,0.20087077402085624,-0.3443292899858011,-0.11099915957507549,0.012556668447899995,-0.08959569234403221,,-0.00686993242857453,-0.02351162616149257,-0.219802087219628,-0.2388794077452839,-0.2969339818587698,-0.30201598850050676,-0.22387189301700258,,0.016827269242329433,,,,,,-0.13268541071955745,0.12399369288285676,-0.007794141517092288,-0.12903810420864192,0.04298475272264787,0.15498879023484266,-0.07760967202853486,0.007134576252508199,-0.046890152750723016,0.025314627373011437,,-0.195054352196498,,,,,,,,,,,,,,,,,,,,,,,,,,,,,-0.23841940825337005,0.23163495681680144,-0.07035185503576977,0.04130602311758614
2021-03-31,0.09895389373164713,0.9904157293135382,-2.49479943475446,-1.4863739811523675,-1.051808556422282,2.0844574782328094,-1.05105534320145,-1.4056513027798763,0.2677315565938503,0.5284786545083494,0.16934722156558943,,1.5161134402502554,-1.806296515476579,-0.7334641041092076,0.40278351223349645,-1.2537331961920413,,-0.1809601398783452,-0.24427836562895341,-1.54942985291844,-1.6507651394473353,-2.53634899483117,-1.2425597456219308,-1.3239713078079827,,0.007241959078040197,,,,,,-1.0057927654341072,1.3294433036906068,-0.2925267566874427,-1.4722920218442153,0.289775589227685,0.8829920731210179,-1.008208293002508,-0.07685472403447169,-0.43875587267920274,0.14950021430097707,,-1.6578390198313306,,,,,,,,,,,,,,,,,,,,,,,,,,,,,-1.465798390882745,1.8633027215745983,-0.47060555053665115,0.1569017451827005,0.00726753727180607,0.05230184231967959,-0.11449117969163501,-0.14005065732961142,-0.13256008219137447,0.21082641700111227,-0.08206961827739084,-0.06005641353732219,0.01733170158021706,0.03339427897980165,0.01542392003798787,,0.1309921336861346,-0.3579005553385415,-0.04092473776308998,0.03838085260559038,-0.09109200426797039,,-0.019736510324891852,-0.018560647986113985,-0.18119647595509436,-0.12207881728137941,-0.28951300973198235,-0.09637671432193111,-0.05882324942830543,,0.0006070701774425084,,,,,,-0.074802533041231,0.07559234685626251,-0.01456888663629139,-0.07517093782468105,0.02215769155236781,0.08575819779234409,-0.09509182495610846,-0.0026325206052744583,-0.05184186417192097,0.015911148425869093,,-0.18963280453193115,,,,,,,,,,,,,,,,,,,,,,,,,,,,,-0.1766383753360752,0.16988560958660648,-0.047358238043629645,0.009735340219972579,0.48990118578611036,0.3757200826773939,0.34077155289731415,0.416370865651702,0.8201431533717568,0.7285053308830924,0.556962124051668,0.36470129642416005,0.3832094914788274,0.47021475717756295,0.6672453191696797,,0.5524141060278861,0.9262479611268876,0.4731327514958316,1.2738222946984536,0.6935682525813134,,0.8399908540186547,0.6846407368075951,0.8310891261726044,0.5317483487684521,0.9541362187364891,0.33581667172373453,0.27685832709557967,,0.4998276899856202,,,,,,0.5742931098378231,0.5420097181476603,0.2933519176496311,0.5141154087853727,0.6286399543877533,0.5929405924999056,1.0420835747795651,0.2957347448243768,0.9297718562645542,0.9893525606478424,,0.9327279947285818,,,,,,,,,,,,,,,,,,,,,,,,,,,,,0.8290211966979842,0.7433811678135237,0.7022978431047194,0.4754443628938943,0.014834700308276164,0.13920427661724896,-0.33597634168171026,-0.33636036736241065,-0.16163041981926693,0.28939584662414064,-0.14735224305805297,-0.16467288196166577,0.045227746090873246,0.07101920658604781,0.023115816019783252,,0.23712669943935513,-0.3863982112339704,-0.08649736809321376,0.030130460712870562,-0.13133819768846877,,-0.023496101452139786,-0.027110054935761286,-0.21802291745718574,-0.22958005899617412,-0.3034294307739085,-0.2869920478552569,-0.21246696837837176,,0.0012145589162136526,,,,,,-0.130251489631061,0.13946677398073665,-0.04966351252454378,-0.1462141311855965,0.035247030351336306,0.14463202364131908,-0.09125163015473448,-0.008901627730072064,-0.055757618197006455,0.016082384640971913,,-0.2033098669747906,,,,,,,,,,,,,,,,,,,,,,,,,,,,,-0.21306858743736715,0.22853095685257133,-0.06743326710825177,0.020476297501386572
2021-04-29,-0.6588804090980792,1.3567914343222893,-2.730430390506077,-1.5082417599735685,-0.6861914963576058,2.08154899049603,-0.8703911981370108,-1.2127125148631634,0.37326726509254676,0.7463145480029754,0.29190590262397387,,2.081891159557578,-1.574512013712355,-0.48301915051951566,0.6630658986195883,-1.1244993010596134,,0.19883452783010463,-0.1097540086826964,-1.4798066954800313,-1.4222653844686965,-2.427104231389376,-0.2713334557512818,-1.209839872000135,,-0.17482694712809277,,,,,,-0.6612576464515538,1.5794931707895954,-0.2803270416361759,-1.1039056581983409,0.21316018691277355,0.8915931538955951,-0.8327328509407601,0.06093371871707197,-0.14781524317180664,0.2874051610005509,,-1.5187773045815844,-0.8300934853128789,,,,,,,,,,,,,,,,,,,,,,,,,,,,-1.2908394504523568,2.143587949461401,-0.3084435010162314,0.24501731053977474,-0.06926638807335947,0.0740846301597863,-0.16309888102401704,-0.12872477135062865,-0.08023335905927605,0.19774010247235874,-0.0641740113999057,-0.05120138385611973,0.022362721219954536,0.047801196097645264,0.025134088646504123,,0.17180812464568404,-0.28880129937199445,-0.03186428029697727,0.057805666655219724,-0.0758038550338319,,0.019945051833134872,-0.007744410066240754,-0.16346079082397086,-0.10950580034403853,-0.25092542686815955,-0.02347464074829184,-0.05943993968288269,,-0.013707969492443592,,,,,,-0.046467692555250704,0.08291747697412633,-0.01296917853237068,-0.053802513914633913,0.0153835319891415,0.08148108727585135,-0.07736163095250752,0.001990303642460231,-0.017514080560062657,0.028242821032380946,,-0.16329897920013867,-0.03703317727221192,,,,,,,,,,,,,,,,,,,,,,,,,,,,-0.145932327425306,0.1925490575116438,-0.028088102810263384,0.014527352047336215,0.4810186547128623,0.37533652464555217,0.3313752582377067,0.397473719408023,0.8219319939328624,0.7025862103342332,0.5522653148101958,0.3585314176817381,0.38051897830932435,0.4600129779841419,0.6495127125887944,,0.5589706303382851,0.8820568574655043,0.4672838837743575,1.2523695987018848,0.6806632688151087,,0.8181283073629181,0.6757494577890336,0.8197931367833531,0.5347842242457772,0.9471364253413109,0.35930738757516106,0.2781671821430567,,0.4848019950381019,,,,,,0.5611007753637995,0.532634689429626,0.2876061482533789,0.4998253350718568,0.6290265567732757,0.5745695170052174,1.0422964502281293,0.28000854097115296,0.9226090979394107,0.9774382432945539,,0.9164745004057828,0.4554109224310518,,,,,,,,,,,,,,,,,,,,,,,,,,,,0.8171298480797508,0.7154364957355537,0.6828399375571452,0.4605495011328823,-0.14399938005461996,0.19738188344379187,-0.4921878654773335,-0.3238573144970307,-0.09761556874719944,0.2814460340436943,-0.11620141565827144,-0.14280863916246883,0.058769003636333354,0.10391271200025387,0.03869683865974842,,0.30736520904811576,-0.3274180081790124,-0.06819041144668266,0.04615703440512838,-0.1113676299380609,,0.024378880004071703,-0.011460475442450935,-0.19939272907961497,-0.20476632514445983,-0.2649306057231785,-0.06533303115951475,-0.21368422840158668,,-0.028275398271342192,,,,,,-0.0828152349729379,0.15567419587882803,-0.04509353715534944,-0.10764263061395049,0.02445609302738277,0.14181240888056276,-0.07422229149449298,0.007108010475527874,-0.018983208163868375,0.028894737059996425,,-0.17818169422917451,-0.08131815783978844,,,,,,,,,,,,,,,,,,,,,,,,,,,,-0.17859135579032626,0.2691350785979691,-0.04113424137250724,0.03154351923430841
2021-05-31,0.15797851003224536,1.561928457949196,-1.5631849928539285,-1.4057011140062543,-0.5781247950063431,2.147844363839678,-0.607998788832431,-1.0239420191830477,0.3795007251039762,0.7307541424413685,0.7257433599201173,,2.1620183729298588,-0.773742638102624,-0.17880888874428588,1.0888671217529933,-0.8887640075607909,,0.38594120793605247,-0.05296483304091275,-1.442325686688442,-0.8707239062835723,-2.1581134551473764,-0.050323555962005495,-0.5221222530229828,,0.6671125011087135,-0.22370144744334203,,,,,-0.718305622733446,1.4498929906929794,-0.4108015431116506,-0.6728741350397942,0.4596666137810658,1.2355524708645655,-1.3291219544819357,0.5416043520187158,-0.37698482511326725,0.4774600430614693,,-1.2306137767199035,-0.6681612664040859,,,,,,,,,,,,,,,,,,,,,,,,,,,,-1.3172442432015048,1.8918377651863396,0.4488475465210956,0.263403862100845,0.018590439904043285,0.08366634255238166,-0.1048961448419518,-0.11350302276588142,-0.06270890305943883,0.20777919136941206,-0.04212276570517521,-0.04110051545490557,0.02196551476294585,0.04306145692356278,0.06144606251884746,,0.16712183087517726,-0.1385239193985025,-0.010726018779018237,0.09096922659710971,-0.05514751550297466,,0.037268443440042126,-0.0034654584650845605,-0.1488574509469181,-0.0694381660717243,-0.2062798366954729,-0.004146934010030792,-0.028747218075404507,,0.048384596002809845,-0.015423532454790617,,,,,-0.04668470106520766,0.07167559713149393,-0.017819306837930843,-0.03268178518401807,0.034958468566110706,0.10669007008383113,-0.11396889724114667,0.016667642874926114,-0.04081061766052099,0.0442286293401982,,-0.12399468156253182,-0.02746834966804452,,,,,,,,,,,,,,,,,,,,,,,,,,,,-0.1394738295952987,0.15607996815804553,0.04212696145430633,0.01431969000935266,0.40688682759260547,0.4272935442106008,0.34482000500633925,0.37960649085274883,0.848788847077106,0.678082523692855,0.5937401040480799,0.3629745174520442,0.3839610329553554,0.4712870333290618,0.6538199844333202,,0.6056198212257378,0.8448994849574124,0.4973505039181528,1.213335893204384,0.681412433996762,,0.8293922196149448,0.6760365409187726,0.8356578414451235,0.5437112821436172,0.9360559337426182,0.3885871740258601,0.2983379956727094,,0.47652698357491535,0.42733651638202025,,,,,0.5332668993085643,0.5087407482680825,0.2746102496738135,0.46872513916629815,0.6471060169987155,0.5562845746030718,1.0710022725000472,0.2627875367786713,0.917457337757854,0.9514442944964874,,0.9081594687594301,0.422662324093361,,,,,,,,,,,,,,,,,,,,,,,,,,,,0.8534515514649086,0.727358035760205,0.6676246222736963,0.447926891911404,0.045689461155662976,0.1958053045405828,-0.3042055081462671,-0.2990017965997051,-0.07388045127523006,0.3064216877878539,-0.07094478782548971,-0.11323250938775813,0.05720766660584504,0.09136991658647317,0.09398009235233774,,0.27595171924348977,-0.16395313509450757,-0.02156631730443241,0.07497447912536626,-0.0809311846270723,,0.0449346431744253,-0.005126140756200549,-0.17813205784019842,-0.1277114681121933,-0.22037127190755296,-0.010671824206310054,-0.09635788432037848,,0.10153589968783634,-0.0360922408067806,,,,,-0.08754471939987125,0.14088825669164654,-0.0648894455290613,-0.0697248396835463,0.05402278397633892,0.1917904521439556,-0.10641331037991952,0.06342630658684616,-0.044482305586281336,0.04648577914233474,,-0.13653404036177902,-0.06498887670427206,,,,,,,,,,,,,,,,,,,,,,,,,,,,-0.16342325391042828,0.21458478560000663,0.06309977201085935,0.03196881068749266
2021-06-30,0.12451746452492393,1.0172083271585046,-1.2172181614482303,-1.5506755155566552,-0.8962496039367497,2.1234020538201803,-0.9121493781992271,-0.7317947130510717,0.3479999201314494,0.5752062168336312,0.7392152444702415,,2.0709894134255675,-0.5532721214860151,-0.21237317393797,0.5230761032895163,-0.8007235864307394,,0.1006106316922408,-0.33416653268119206,-1.611075029396765,-0.6844394604135977,-2.319660289574236,-0.14869724871499837,-0.5920850983773193,,0.575938771340883,-0.08807738044199928,,,,,-0.9066004559474861,1.2452756656904593,-0.6693955605700145,-0.6107611229183595,0.2745885771024161,1.214144524326456,-0.8662429170288125,0.7676739247601108,-0.5235219043041884,0.42883847565993927,,-1.323542965724146,-0.8967942536492773,,,,,,,,,,,,,,,,,,,,,,,,,,,,-1.649162321419857,1.8555938212811047,0.370451374824273,0.02945327490466323,0.014062617754985882,0.05694970410939809,-0.08813046590644964,-0.12047984882229731,-0.09085566029691079,0.2013990853416585,-0.061637528500808135,-0.02855497659445069,0.0194025038452217,0.03274443447071143,0.0604233700971233,,0.1572536567496334,-0.09991212999259905,-0.012375572750904344,0.04293405219549848,-0.049340380125278284,,0.009603426466849073,-0.020776696418240075,-0.1599936670701357,-0.053287673230379265,-0.21488813018813593,-0.01181941748666615,-0.03139435495347291,,0.04047457256480217,-0.006086426374938121,,,,,-0.05737549646630864,0.060451696667946336,-0.028675957376159314,-0.028668928238442932,0.02023261996153685,0.1017046059321376,-0.07413250599410043,0.02236895085363445,-0.054440048181810655,0.03899869802955563,,-0.13016434455261713,-0.03519584690055681,,,,,,,,,,,,,,,,,,,,,,,,,,,,-0.17092906600563987,0.14811609422850336,0.03353330197112546,0.0015567356043575198,0.40048748836247133,0.42948052315092344,0.3399394673986493,0.3679181850657242,0.8294562570474133,0.6743433650117062,0.5963050747466362,0.36156026076516745,0.3820531820339153,0.47271807369034247,0.6473183126216795,,0.6043167637832002,0.8839808552987927,0.49487501658453353,1.2147553350059952,0.6682953832430413,,0.8267625786152191,0.6740383804330962,0.828818067490925,0.5531544440489261,0.9283537857241219,0.39006092859791774,0.29662784220399985,,0.4714070741787304,0.4293274715914963,,,,,0.524673940412483,0.5066070451802175,0.2744173963700158,0.4648059479179356,0.6459385365164623,0.5525605342398324,1.0840690534389266,0.2631013081132588,0.9091016797054989,0.9491576503609174,,0.9050686360923583,0.41712085675399474,,,,,,,,,,,,,,,,,,,,,,,,,,,,0.8544360416099194,0.7182908986509189,0.6690864964027369,0.4347082347463783,0.03511375052560482,0.13260136616110396,-0.25925340938155456,-0.3274636963127414,-0.10953640957550496,0.2986595491128801,-0.10336576210926475,-0.0789770881734071,0.050784824620304606,0.06926842084773116,0.09334413829944789,,0.26021726712523974,-0.11302521926091708,-0.025007471252674107,0.035343785664696495,-0.07383019748818839,,0.011615700462561178,-0.030824203815946253,-0.1930383438122716,-0.09633416815804523,-0.23147223988592003,-0.030301464771545553,-0.10583751923018093,,0.08585906911837421,-0.014176652503451575,,,,,-0.1093545763321154,0.11932660084985908,-0.10449759292043408,-0.06167934891294594,0.031322825342874096,0.18406056826344733,-0.0683835644592329,0.08502029508726407,-0.05988334352153696,0.041087692876653696,,-0.14381709780001087,-0.08437805573772653,,,,,,,,,,,,,,,,,,,,,,,,,,,,-0.20004898866810103,0.20620628008330935,0.05011803728129805,0.0035811044740520397
2021-07-30,-0.005131526233499513,1.3669874091306053,-1.342105843845583,-0.9641238654767436,-0.18962322160955422,2.0239893954726673,-0.797986006346053,-0.17749756420723076,0.26527160950464695,0.5571119831090804,0.2579514372245006,,1.1758052580129033,-1.002324912680239,0.23678008295578382,0.8924252461974971,-0.808211995984695,,0.48684072396822414,-0.5928815806393699,-1.4211015781188396,-0.746774893761338,-2.1487894676445514,-0.24003427443175648,0.18227985848373965,,0.8220536142736347,0.31484558816565006,,,,,-0.7495193686506214,1.6445568529330885,-0.830600313434778,-0.3781699923530256,0.5286063019059435,1.3152711014990268,-1.0163720894091324,0.8841138041586192,-0.3955506701347633,0.744985732994409,,-1.0443080242808447,-0.7280539219923273,,,,,,,,,,,,,,,,,,,,,,,,,,,,-1.992618212198049,1.8285562227203196,0.7299659474553507,0.3363184114386193,-0.0005426686219548453,0.07269296017688168,-0.09183805709517598,-0.0928733247836854,-0.0198236002911659,0.17979096352042073,-0.051067456658962056,-0.0067748143816706305,0.013991493146521889,0.0292787105189173,0.020992889615769575,,0.09237105006226394,-0.17705375409245336,0.013306189168719501,0.07138215900541754,-0.04645182992637451,,0.044453268309644786,-0.03659638370658594,-0.13366077685742597,-0.059536438694001145,-0.19288584310884874,-0.017720883127487867,0.010282229896739332,,0.05361532773589364,0.02022376495807815,,,,,-0.0448306829036562,0.07789711532553066,-0.033768826590206816,-0.01654612453880737,0.037555909299000684,0.1027053962007935,-0.08902081014439887,0.024406678600790464,-0.04004324782099393,0.0638812121744082,,-0.09710949285076236,-0.027557208611021712,,,,,,,,,,,,,,,,,,,,,,,,,,,,-0.1967639335247645,0.13581282444213277,0.061159580831519976,0.01666262683295165,0.37978962293593455,0.4188786801380461,0.33168335514688024,0.3726427478619317,0.8108155805156377,0.6702735101969455,0.5897213512037834,0.3488053891439002,0.3772320553854856,0.4568832095757406,0.6158713891581462,,0.6171647447548739,0.8847293306386814,0.481859186910644,1.1727260754808384,0.64944186731351,,0.8020624818895434,0.6755160071974989,0.802498848216216,0.5411045523604165,0.8973531720698908,0.3830052645775458,0.29130628442040307,,0.4516897966480664,0.4082318211124805,,,,,0.508713895906831,0.48714346194912955,0.26945830454513403,0.45117786202312604,0.635855612711749,0.5413998680103942,1.0775297554625083,0.2511422134419897,0.8966068953729598,0.9179184930547525,,0.8788622555825699,0.40891652356066077,,,,,,,,,,,,,,,,,,,,,,,,,,,,0.861644538521558,0.7011937061871524,0.6251752193083687,0.41559346202214237,-0.0014288663754417174,0.17354180010528325,-0.27688473259234575,-0.24922885341672074,-0.02444896320142133,0.26823522157036017,-0.08659590933026137,-0.019422906275326127,0.03708988392363494,0.0640835773897346,0.03408648296597348,,0.14967000439882866,-0.20012194460043412,0.02761426891957754,0.06086856982023666,-0.0715257704566042,,0.05542369742182592,-0.05417545005101018,-0.16655572422879536,-0.11002760637346362,-0.21494975346654896,-0.04626798837095353,0.03529697245357184,,0.11869944402943412,0.04953990333964161,,,,,-0.08812553237560228,0.15990590331204146,-0.12532115737613336,-0.036673174664671966,0.059063580706373076,0.1897034008859819,-0.0826156397938064,0.09718270085418379,-0.04466087426679584,0.0695935561357056,,-0.11049455387794706,-0.06739079255361452,,,,,,,,,,,,,,,,,,,,,,,,,,,,-0.22835859188799532,0.19368802549674283,0.09782790319037407,0.040093573060261185
2021-08-31,0.012009896870948894,1.7057676499808037,-1.4316927013950054,-1.0820558172132235,0.047951391886559634,2.002435753765778,-0.4427519723451177,-0.07012493842270645,0.24229988393644164,0.5836539856570867,-0.05300905052819977,,0.8802474795225653,-0.6308594249838233,0.30260193978788397,0.9221803566538722,-0.3804882905971463,,0.5470707361081284,-0.7263922836743331,-1.797043889428465,-0.5304860449391802,-1.8737413965223546,-0.21630268703187353,0.19403677671255726,,0.9286551442515685,0.5878756627358898,,,,,-0.4952758260161288,1.7290616366221168,-0.1781223664984176,-0.23111833306518312,0.48000639031628256,1.346120930028533,-1.1632264153121397,1.01820834308307,-0.7657984925510427,0.86193863356716,,-0.894741558517223,-0.5997972937949595,,,,,,,,,,,,,,,,,,,,,,,,,,,,-1.8539821391599038,1.8241555030237824,1.0788382159494936,0.27632271114216583,0.0012226085372353632,0.08869756302634216,-0.10149829400634108,-0.10159572731468952,0.004869860565870155,0.17257845223536142,-0.02856826819651588,-0.0026533505539129494,0.012391497382297254,0.029731683181821185,-0.004464120086044318,,0.06756628460741776,-0.11101340994474572,0.01647688949766708,0.07120843106269041,-0.02129537735930543,,0.04834856484157179,-0.04411727960718641,-0.16850683474925618,-0.04677686871345188,-0.16503559715339303,-0.015411504518000788,0.01062080416225069,,0.05886392080511422,0.0378763945404609,,,,,-0.028689644652678488,0.08008728154355298,-0.007450964571504007,-0.009788971568079199,0.03346166424032363,0.10163417456400915,-0.10018634836011323,0.027787628905792644,-0.07664402862769695,0.07143266238152704,,-0.0804385980789007,-0.02217044625377282,,,,,,,,,,,,,,,,,,,,,,,,,,,,-0.17857749396010553,0.13330935988919243,0.09120555538795237,0.013311352113990385,0.38164893356163515,0.4116134420910727,0.3173190927950177,0.38550180006754564,0.7865626166849377,0.6569463349406692,0.5827435937767341,0.34034398308745967,0.3761339612628614,0.44577928635445857,0.6185980093725935,,0.6334954098145215,0.8942505569266168,0.46764676206488787,1.1532395365062231,0.6271684910902628,,0.7822491762807517,0.6452188894487708,0.7920429906234235,0.564446282467328,0.8828490524537521,0.3788226651753858,0.29160375640987435,,0.4334472474057782,0.3941672233712504,,,,,0.4853811227885245,0.47134520070921526,0.25555896259087324,0.437615015122916,0.6379115016939684,0.5353217685260834,1.0706739188307994,0.24369610868962585,0.8797176607302097,0.9087964499314694,,0.8499370663873064,0.40330949431887814,,,,,,,,,,,,,,,,,,,,,,,,,,,,0.8413501357261274,0.6821632237082095,0.6241375149981123,0.406546960741929,0.003203489987056169,0.21548752775356916,-0.3198619191562706,-0.2635415121197578,0.006191319626140847,0.26269794510832833,-0.04902373617076811,-0.007796084801743377,0.03294437263971878,0.06669597285455796,-0.007216512207292754,,0.10665631283295363,-0.12414128130518526,0.03523362254218034,0.061746435851842786,-0.03395479470323163,,0.06180711505692827,-0.06837567890313484,-0.21274960670584694,-0.08287213534116859,-0.18693523733723255,-0.0406826357944175,0.03642204165340802,,0.1358041172424562,0.09609219715558803,,,,,-0.0591074586664102,0.16991216081769514,-0.029155559624932142,-0.022368911554210957,0.0524550257386275,0.1898562332778684,-0.09357316602006989,0.11402573908631133,-0.08712343976825311,0.0786013880081878,,-0.0946406519494536,-0.054971297641318785,,,,,,,,,,,,,,,,,,,,,,,,,,,,-0.21225110257572394,0.19542149921909976,0.14613054526649982,0.03274247110271787
2021-09-30,0.0702888474,1.4506750505858317,-0.4724024260287774,-1.3879379609634754,-0.18436033155672507,2.0274970510715495,-0.5413230900814714,0.3013101179074102,0.3418455453862251,0.6433377057513816,-0.01793394818973802,,0.6732426891036295,-0.708094943022535,0.10255743914867073,1.1552421533283348,-0.24930536819441737,,0.3826320464904542,-0.6923180234478568,-1.8055616469008788,-0.6498531622716303,-2.0638954453094525,-0.21368829248425458,0.3423319487792503,,0.594971824040549,0.6430315630531743,,,,,-0.36824963155797946,1.9944419460303862,-0.09106088741915777,0.029323334983235,0.5113012722839323,1.4628176975400489,-1.1443373696288635,0.9317929708230953,-0.7482363412984573,0.8793353288082951,,-0.8789814711273923,-0.4826741985096991,,,,,,,,,,,,,,,,,,,,,,,,,,,,-1.4866653546273239,1.8513375429557115,1.02427761807465,0.4852419100931766,0.007098502292046427,0.07459378264687322,-0.03992016013375144,-0.1310774996099935,-0.01830623606483712,0.17165990626722755,-0.03430925591476649,0.011546711694647096,0.017160042303908246,0.03207184130596758,-0.0014712257430936166,,0.05107134993432513,-0.12072522596450444,0.005336693204095027,0.09016313673374726,-0.013719229594781496,,0.03317688823358226,-0.0418723540470374,-0.16620555168458268,-0.060175440790411795,-0.17991575947820276,-0.01501496952757667,0.019108908768456462,,0.035485865286629434,0.040517394819454766,,,,,-0.02082098457297618,0.09020300983173034,-0.003746370097110617,0.0012146276836633712,0.03505917544454089,0.10785945932645986,-0.10021566045725859,0.024775191887994402,-0.07301086836624139,0.07042633713256664,,-0.07688753850113791,-0.017420537822851655,,,,,,,,,,,,,,,,,,,,,,,,,,,,-0.14269955988472735,0.13238864691843277,0.08459540454453272,0.022360610549193825,0.35456265487271454,0.41122556689555856,0.301333477886283,0.40589891788742455,0.784171309889782,0.6536142472081512,0.5798792160307285,0.34270863981545513,0.3773426814363543,0.440426106202997,0.6145789737987474,,0.6411502039627713,0.8632070692287576,0.4644272767911605,1.1432769028035858,0.6181366964604071,,0.7843728661820786,0.6474961414261053,0.7942976404556372,0.5611909293310017,0.8949610880736948,0.3643819272076607,0.29563034689300743,,0.4259169297697218,0.3898388079561696,,,,,0.47999181301572796,0.4690870634902995,0.2533778749416576,0.43030504168717726,0.6331594769041744,0.5257105859197917,1.066749802434325,0.24216687575254034,0.8761290477570391,0.9054363266114219,,0.8333619160518989,0.3984785430282407,,,,,,,,,,,,,,,,,,,,,,,,,,,,0.8470540934061793,0.6741876602743929,0.6251887651402495,0.40022985717055737,0.02002044545439998,0.18139383504289328,-0.13247834397217714,-0.3229313847206354,-0.023344689908905394,0.26263183062556533,-0.05916621076646486,0.033692502473427206,0.04547601728643198,0.07282002781911691,-0.0023938758171303635,,0.0796558273220024,-0.13985662336195626,0.011490912508342579,0.07886377876842074,-0.022194491401887253,,0.04229734309279488,-0.06466811362738605,-0.20924845198991313,-0.10722810659492879,-0.2010319352156993,-0.041206680151893646,0.06463784577356746,,0.08331639999803574,0.10393371309510628,,,,,-0.043377791054727714,0.19229481444353602,-0.014785703360931773,0.0028227131127744956,0.055371792926424,0.2051688937131582,-0.09394485963678294,0.10230627872207873,-0.08333346389228287,0.0777816562718837,,-0.09226188168688719,-0.04371763079252435,,,,,,,,,,,,,,,,,,,,,,,,,,,,-0.1684656989388989,0.19636765061014447,0.13531177983589535,0.05586942140517239
2021-10-29,0.1432082348591311,1.316176447638545,-0.075350208654185,-1.415516003300963,-0.30314145210167553,1.8703846914738396,-0.4885968334081823,0.21483294486824853,0.5817053718618866,0.615649535123673,-0.3443654822204277,,0.8578637650205072,-0.8937407895544925,0.10659355198256977,1.007334573754233,0.25206768119215056,,0.33680279059764506,-0.9874309800833848,-1.7562301981427864,-0.5851421703372652,-2.2017388202494907,-0.08937151214850012,0.4282268645424453,,0.5246584561073336,0.8582789516533638,,,,,-0.35173481363078607,2.0808614922085167,-0.13802425150925746,0.09486195938445846,0.5302317383043357,1.4804873888764778,-1.1667331619712105,0.7918241610619777,-0.8072169033027426,0.8948324725066206,,-0.8426288695902476,-0.5689807497243318,,,,,,,,,,,,,,,,,,,,,,,,,,,,-1.5930943342032322,2.126206727766143,0.9796962741608158,0.5651202785342487,0.014290906086994749,0.06636365371748508,-0.007051368718887554,-0.13068301903103047,-0.029212018504969548,0.15991350951719494,-0.030414182688661532,0.008070024920074687,0.028529782553999353,0.030042323991347382,-0.028461310113503197,,0.06674115347869398,-0.1474185639932982,0.00538843622247491,0.07691277183115909,0.01442199881505711,,0.028482227315884203,-0.06015659298771782,-0.15811037970189964,-0.054289228519814645,-0.1886253075482402,-0.006139144205747658,0.02328023517019312,,0.030534354176468465,0.05314070760808918,,,,,-0.019261752791267062,0.09201870726663346,-0.005560625906670256,0.0038372950269906026,0.03542762419987398,0.1065353866736094,-0.09967139616130123,0.021600151226737096,-0.07620863236025077,0.07056542844218905,,-0.07153906375510466,-0.02010477835338643,,,,,,,,,,,,,,,,,,,,,,,,,,,,-0.1482768944645844,0.14965256435125207,0.07860534823439122,0.025299902796475315,0.34442635616680267,0.40671259976463936,0.3093892211932914,0.3974246623288059,0.7690544618567207,0.6321125942296083,0.5800605309909993,0.34163160394648884,0.3768400681008301,0.43282564883879576,0.6273941640589412,,0.6466714814630585,0.8377323030479489,0.4563424384720266,1.1265385450211782,0.6125843411328078,,0.7644826647971439,0.6570514748145297,0.7968461632004338,0.5674074721192859,0.8906834867609562,0.36198217528630516,0.2960475786163185,,0.41775680785090863,0.3798056546025617,,,,,0.4724380999362545,0.4563784919207157,0.244899620383725,0.42096068272147,0.6278462361348255,0.5114060278608379,1.0722398589586968,0.23818624213060785,0.8641253352203462,0.9012609328285782,,0.8198304174252353,0.3889176579664332,,,,,,,,,,,,,,,,,,,,,,,,,,,,0.8288854903109675,0.6681047305427849,0.6009580821937001,0.3912000861018175,0.04149190627001201,0.1631708822295869,-0.022791255272859686,-0.3288246337438188,-0.03798433004919217,0.2529826347030637,-0.05243277393257681,0.023622009283832908,0.07570793280497369,0.0694097590379551,-0.04536432077941574,,0.10320720086139536,-0.175973355040674,0.011807878838788333,0.06827353770634913,0.023542878664491413,,0.03725686484132637,-0.09155537319918294,-0.19842020581095468,-0.09567943882910558,-0.21177591181598263,-0.016959796986942742,0.07863680317535922,,0.07309121862920241,0.13991552512217587,,,,,-0.040770955589454,0.20162805411658047,-0.022705735100599575,0.00911556633313796,0.0564272303645158,0.2083185978844181,-0.09295624978733479,0.09068597343625244,-0.08819164217748353,0.0782963355803316,,-0.08726080691148384,-0.05169417726752237,,,,,,,,,,,,,,,,,,,,,,,,,,,,-0.1788870672702406,0.22399566641246593,0.130800051723167,0.06467253892651373
2021-11-30,-0.3829864889026539,0.7444618155738741,-0.6746870943651629,-1.4943670757093537,-0.5604345614688723,1.8221477335157157,-0.6115052683232405,0.2072620801531752,0.5296161138505041,0.6011455328104091,-0.4068208482742324,,0.792406275440736,-0.9431643669472026,0.3015400829066057,0.9756639682547003,0.22915954181904818,,-0.036364989430012026,-1.2066680707824902,-2.04693170024327,-0.5570726532772581,-2.323894323315179,-0.32793342355250715,0.07067476945703953,,-0.33758743689841497,0.7712591691969148,,,,,-0.3666435793489486,2.3153129867018354,-0.3472048247055565,0.21624106665460308,0.5471033958254302,1.7971775014197404,-1.3401611668474838,0.6019742826228095,-0.7541952710465092,0.7422208302311215,,-1.1072717260870655,-0.5620725713262733,,,,,,,,,,,,,,,,,,,,,,,,,,,,-1.6654114192295735,1.9927102465446291,0.8264445913040964,0.5941206186862289,-0.040632916086071454,0.03933093914289368,-0.07116572539145005,-0.13534986814230626,-0.05422877713424039,0.15341060889360145,-0.037427547037836635,0.0076738900377437205,0.02571720843211937,0.028769865277666156,-0.0335988504439039,,0.06073259126575151,-0.15725283915925176,0.015072875448420519,0.07382556350986816,0.012993342972428643,,-0.0032235742213149385,-0.07304725216475483,-0.18328019757465105,-0.050683868189203944,-0.19804032687419143,-0.02243669326709743,0.0038738375524225116,,-0.02458062123245004,0.04667434736213073,,,,,-0.020260608714189245,0.10097424433671999,-0.013821571817167155,0.008608257396231101,0.03590745010218018,0.13081049030683448,-0.11221955764768157,0.016347863569681362,-0.07011850891749648,0.0581501717671468,,-0.0917718985510039,-0.01963481740098012,,,,,,,,,,,,,,,,,,,,,,,,,,,,-0.1528462497253754,0.13899690478866558,0.06505520551448053,0.026083163921583927,0.3512172646293815,0.40312507515278634,0.31557929291422565,0.3905580865882727,0.7867196345237153,0.6277135953743037,0.5811619001135923,0.33446058068799306,0.37935984793451516,0.4271491054816319,0.6319250029953164,,0.6548972760065297,0.8093393505094577,0.45688444400122646,1.114542676184967,0.6121869174180976,,0.7656375043971357,0.6612174824428144,0.8037560090492663,0.5578154590300666,0.883219914698792,0.35644161422060316,0.2888836004055985,,0.4179640018110335,0.37735687008841035,,,,,0.474019453032717,0.45218842987108215,0.24292663807771003,0.4189447092880186,0.626715630874191,0.5071817149435525,1.0722880428829598,0.23356617403641491,0.8697768245770704,0.8942465441983556,,0.8273604747751941,0.38381215321206863,,,,,,,,,,,,,,,,,,,,,,,,,,,,0.8200655624598167,0.6672190263030634,0.5849999984201365,0.3851817962930406,-0.11569168198194621,0.09756510216584037,-0.2255082224637371,-0.34655502674303207,-0.0689302449748452,0.24439586783543085,-0.06440124005121663,0.022944079155631295,0.06779106584985414,0.06735321438921592,-0.05316904741012902,,0.09273605722731082,-0.1942977801094995,0.032990563908059115,0.06623843580630755,0.0212244701785333,,-0.004210313892412032,-0.11047386692633666,-0.22802964520470154,-0.0908613545370962,-0.2242253866543871,-0.06294633502925186,0.013409683162988706,,-0.05881037870711945,0.1236875516568586,,,,,-0.042742146096672644,0.22330125599522196,-0.05689607334353246,0.020547478474810015,0.05729464582221081,0.25791641625209855,-0.1046543029109673,0.06999242778679328,-0.0806166673291067,0.06502700194304394,,-0.11092129893676593,-0.05115736236244517,,,,,,,,,,,,,,,,,,,,,,,,,,,,-0.18638296341442198,0.20832275356238206,0.11120547981225642,0.06771650211044823
2021-12-30,-0.5292512180318862,0.6771285350293381,-0.8645798995265258,-1.3794792395440858,-0.5866566728897894,1.9349489295143332,-0.71293048659046,0.235650135004578,0.7664968127758769,0.5242586446365803,-0.2683441262982863,,0.732724568252467,-0.9311057438290002,0.2814001434938933,0.8948350854779532,-0.22285635754188063,,-0.09659315441872446,-1.2194152601937902,-2.269710005805707,-0.6692146782050857,-2.362640324920808,-0.46073314649547276,0.06964696135522806,,-0.49768467026009827,0.7736231628362998,,,,,-0.9463403627735062,2.284128493096854,-0.380818121767655,0.030571415807144366,0.23925942109584517,1.641423790192569,-1.2732490605103526,0.48122007284116997,-0.7399953998857409,0.7814398010436878,,-1.1320088593382418,-0.6653877719845983,,0.10326213959529976,,,,,,,,,,,,,,,,,,,,,,,,,,-1.6743379350757315,1.9503331475160375,0.7865144326843009,0.4876365127325459,-0.05526564040373918,0.0355639792835729,-0.09166940094240295,-0.12307769860938547,-0.055654204085932815,0.16168736564744982,-0.043210864037485905,0.008589654637819601,0.03790279617983136,0.024719927099292806,-0.02210088619228822,,0.05546432298892754,-0.1525623917922886,0.01384200216928448,0.06676989039769152,-0.012875893490967757,,-0.008462618479024277,-0.07261656050237221,-0.20092772615494042,-0.06005735486565903,-0.1994094328026864,-0.031092384482027575,0.0037671360560305317,,-0.037411833569309334,0.045556061359320846,,,,,-0.05394110898846134,0.09800256555837698,-0.014989027562398864,0.0012172216623794014,0.01584184522983012,0.11938813737801995,-0.1056761425822153,0.0128688855218602,-0.06756189175196405,0.06022187306805322,,-0.09238408239560308,-0.023376396311396888,,0.005309591659449497,,,,,,,,,,,,,,,,,,,,,,,,,,-0.15175143131933463,0.13366518790006215,0.059983854566186975,0.020980282512760944,0.3526082742911056,0.4065029398001208,0.3228414362276898,0.37983760382770104,0.782037903433536,0.6127633880101778,0.580788817536487,0.3310756045713819,0.37599755017996617,0.42292113825944966,0.6434999875919611,,0.6535790636194557,0.8164639871674417,0.4534673700365723,1.111325580625372,0.6079061904112352,,0.7535891119272099,0.6512606396441883,0.8062004011659122,0.5620793359395168,0.8896600210875207,0.3625333050072892,0.29006885674103533,,0.41916824399288993,0.3667876281785406,,,,,0.4724094666190896,0.44866648892971933,0.24375807744847144,0.41770962036150927,0.6186097762939583,0.5068913647577691,1.0733648611651678,0.22737136836595448,0.8686380765122149,0.8730132297210816,,0.8123226933063932,0.3805348407322714,,0.48830160754651064,,,,,,,,,,,,,,,,,,,,,,,,,,0.8088661199551779,0.6647413003774835,0.588002079904423,0.35894288618155484,-0.1567338160593279,0.08748763121137539,-0.2839455864573451,-0.32402715626127165,-0.07116560954601195,0.26386590454187553,-0.07440030305812707,0.025944692146496164,0.10080596578804754,0.05845044114141171,-0.034344812149867884,,0.0848624536437438,-0.18685746608564235,0.030524803070545337,0.060081304310585885,-0.021180724417788045,,-0.011229751525180862,-0.11150153422759551,-0.24922801559557953,-0.1068485372536833,-0.22414116412573898,-0.08576421545988008,0.012987040726656554,,-0.08925254740896814,0.12420282981067617,,,,,-0.11418295525384722,0.21843076756670463,-0.061491408692158835,0.002914037893898517,0.02560878575947724,0.2355300280861415,-0.09845314152309856,0.05659853135574974,-0.07777910453020992,0.06898162710236758,,-0.11372830422793262,-0.06143037064993362,,0.01087359037404717,,,,,,,,,,,,,,,,,,,,,,,,,,-0.18761007239089666,0.2010785065169839,0.10201299726003872,0.058450197288905256
2022-01-26,-0.4692821300785371,0.5762905265851782,-0.7910273175302431,-1.3769583138411703,-0.6030110913518127,1.6089499783721264,-0.44096506080535064,0.23393286375185401,0.8503148977406096,0.3967239844583048,-0.23225559957568173,,0.7981286160157575,-0.9286022849543154,0.21799998421952105,0.7431572937764076,-0.6137894320394205,,-0.06009379951227892,-1.2037688322702254,-2.5402726954063772,-0.7231055493298805,-2.2296936561834286,-0.7130963187998688,0.14309403235191923,,-0.5641161550832166,0.7202896036932458,,,,,-0.7208602817134909,1.9294627054321205,-0.341584710242858,-0.029758080412760565,0.10282967392340955,1.6036965822949225,-1.4438720130711664,0.3079478598136165,-0.9089518155500954,0.746445284958436,,-1.1264160191913726,-0.7963495404859753,,-0.04558623387283742,,,,,,,,,,,,,,,,,,,,,,,,,,-1.6687217723538337,1.77616627811176,0.612148184025643,0.3896817667784506,-0.048447002858348756,0.030041484810120717,-0.08332939945100008,-0.12172741117624868,-0.0564364924734746,0.1393277885753637,-0.026036986277181602,0.008422535849246241,0.04188700429773214,0.018538067495431777,-0.0188839700359755,,0.059662252699931806,-0.15006937778019688,0.010643522858230146,0.0559949995129707,-0.03711186143368181,,-0.005196199127514644,-0.0713056787996044,-0.23335312448267442,-0.0640717129517892,-0.1860775271041247,-0.047961409507002416,0.007655833538627229,,-0.04211365946723007,0.04176991965767438,,,,,-0.0411364112662133,0.0835460407573509,-0.01333866699621511,-0.0012146960056254508,0.006779347423746369,0.11566068279148671,-0.11956796032988745,0.00821229029318619,-0.08276949975425463,0.057120842478181784,,-0.09092931841848162,-0.027920663997001514,,-0.002318333526374519,,,,,,,,,,,,,,,,,,,,,,,,,,-0.14989695407032602,0.12328380913644686,0.04628025362595283,0.016547240516100212,0.3586971224969245,0.4072260314893083,0.3251723171763872,0.36943663790437653,0.7756753543361654,0.6050320426324793,0.577693872361334,0.32788311649971763,0.3826662388452511,0.41831023158361624,0.6437671078812176,,0.6614603977981085,0.8165207229782583,0.451606206138958,1.1123039939981254,0.611920760335128,,0.7458572001680391,0.6519413914390748,0.8221897675618992,0.5661030441728128,0.8978954102362644,0.3538841683028986,0.285308339823119,,0.4442345463665486,0.3621753849260894,,,,,0.48360657397893553,0.4457333959326738,0.24197882113669048,0.41935420875809276,0.6202277274634327,0.5141159886688765,1.0678315661813647,0.22505157985274005,0.8766596962675413,0.8679887426060139,,0.8176059333864939,0.3782535824133669,,0.4813939373415521,,,,,,,,,,,,,,,,,,,,,,,,,,0.8109311944061326,0.6579355717611821,0.5766063847127278,0.3560347666426536,-0.13506381796738318,0.07377103251541388,-0.2562622801798921,-0.3294946918820653,-0.07275787758110969,0.23028166899913594,-0.0450705598983679,0.02568761679210614,0.10946093500208443,0.04431655287333366,-0.029333542836829447,,0.09019776981137119,-0.18379126647615143,0.023568150112966257,0.05034145324939386,-0.06064814897497009,,-0.006966747959721992,-0.10937436974542526,-0.28381905697349397,-0.11318030102701622,-0.20723741872693377,-0.13552855369882216,0.026833542767707292,,-0.09480050529992118,0.1153306419932391,,,,,-0.08506172885070226,0.1874350037930974,-0.05512328282928646,-0.0028965871338760218,0.010930416560820501,0.2249700171569252,-0.11197267819818277,0.03649070270273067,-0.09441462873981014,0.06580827570030978,,-0.11121411269834565,-0.07381467167834771,,-0.004815876035284688,,,,,,,,,,,,,,,,,,,,,,,,,,-0.18484546544062808,0.18737975939868548,0.08026316539836825,0.04647647383467023
2022-02-25,-0.5448551293132733,0.7714720649935071,-0.8720251654182191,-1.0562244501951765,-0.4994887979662521,1.5962197869185206,-0.38827607138760567,0.31614705520194125,0.5779161887663659,0.3622724789698383,-0.3907408802445837,,0.7734140405440938,-0.9166247305111795,0.2702464287635305,0.945486432827224,-1.1095738717377281,,-0.22294023238354116,-1.2104791607122922,-2.4906969439823734,-0.8110251010337033,-2.1483672970067147,-0.7053180064627708,-0.24415160949253456,,-0.5008286233296332,0.9405835683580186,,,,,-0.8647162456664053,2.0607789808833914,-0.2719967772954909,-0.32245544777613483,0.05923330219254293,1.533779433058749,-1.4489536247927306,0.35550218259637606,-0.8797340607824485,0.8658840036451012,,-1.1464291556217614,-1.1012421443596667,,-0.1443546969380354,,,,,,,,,,,,,,,,,,,,,,,,,,-1.800210377305811,1.6319791652813183,0.7485247090176448,0.43558838442562925,-0.05556013005729431,0.039884132102443445,-0.09073004170923737,-0.09570412772100026,-0.045918782075663474,0.13713429782789816,-0.022841745060384944,0.011357941541918609,0.029320097669799223,0.01686996833199988,-0.03162771928855715,,0.057338470357808036,-0.14622948866875554,0.013405549877240141,0.07047561911438607,-0.0725236609009352,,-0.01944466325922721,-0.07084429274696011,-0.22647977124881008,-0.07191698970251272,-0.17713760188819386,-0.04704121618119901,-0.013650238892298078,,-0.03764826205371021,0.05435081410903351,,,,,-0.04968067836629562,0.08807069518025755,-0.010553537059992318,-0.013528801991187042,0.0038666055246831866,0.1095782420046385,-0.11860930111521206,0.009366992687239681,-0.0787613054630003,0.06552187354317558,,-0.09132865844579093,-0.039653882402518555,,-0.007305465390528783,,,,,,,,,,,,,,,,,,,,,,,,,,-0.16027510301271522,0.11439606063668871,0.055588429480503895,0.01826381413825608,0.3653912485037684,0.40435897389945574,0.33712664668463443,0.34879869519818363,0.774203163806124,0.6051863490195384,0.5735121120405232,0.3264214809267494,0.3842453123876695,0.4213256535043083,0.6460320192934284,,0.6646233774796139,0.818153879826377,0.45435276464485996,1.0994320311226402,0.6358524924030449,,0.7461514718555424,0.6519326303939758,0.8209451643198887,0.5461699530084222,0.8942398707370819,0.3682181748814667,0.29805207194903827,,0.46263617239411947,0.35121813627942267,,,,,0.4901091053386086,0.4481697020269356,0.2384409587553568,0.4199275940516461,0.6217207459702246,0.5137613845041367,1.0601022268285611,0.2218945858988998,0.8683378201668134,0.8581212099288348,,0.813544273533041,0.3755299268518163,,0.4804953927601698,,,,,,,,,,,,,,,,,,,,,,,,,,0.8167191182177979,0.6657313997839562,0.5652894520476538,0.35371929521877055,-0.15205654291066387,0.09863545680170975,-0.2691274706449144,-0.27438212653468275,-0.0593110235431206,0.22659846516708326,-0.039827833764687764,0.03479532507993059,0.07630567432978294,0.04004021163128007,-0.048956891212836015,,0.08627212388352498,-0.17873103370210425,0.02950471730422604,0.06410184269638093,-0.11405736671228611,,-0.026059940900299887,-0.10866811913394718,-0.2758768564480638,-0.1316751119434132,-0.1980873451126567,-0.1277536509335588,-0.045798168095379094,,-0.08137768791160947,0.15474945196392992,,,,,-0.10136656884179295,0.1965119346130283,-0.04426058809309004,-0.03221698736359574,0.006219199776982133,0.21328625566205087,-0.11188477687670537,0.0422137054371732,-0.09070352993247459,0.07635503328091542,,-0.11226021916320665,-0.1055944668243869,,-0.015204027969057277,,,,,,,,,,,,,,,,,,,,,,,,,,-0.19624262422368569,0.17183515855465525,0.09833622276011936,0.051633638269464946
2022-03-31,-0.5039035050969553,0.7640187012509737,-0.7209243472567147,-1.1930399360750021,-0.7328234137782311,1.7563412918701675,-0.2316255724182112,0.332937657558464,0.5765673165959457,0.2799223670036201,-0.39155301518895025,-0.41523989092298774,0.8967154721505987,-1.0082361571394198,0.06383669195591937,0.9008776348852008,-0.9973362529564006,,-0.24376448530591888,-1.1279005571038594,-2.6093107908368482,-0.751084021329995,-2.112544717435653,-0.8660159725188624,-0.053447044647277654,,-0.5875492067733721,0.8017554982747518,,,,,-0.9477411643507898,2.1454188227213407,-0.29342533477376137,-0.32476153284231424,0.1427363704010556,1.4377674562843041,-1.5606230461554491,0.5263877112879928,-0.7063806620804378,0.8355754119392056,,-1.1566236318737975,-1.2442935755707742,,0.09227474478277235,-1.4365677636086105,,,,,,,,,,,,,,,,,,,,,,,,,-1.710710149071458,1.7424609697481261,0.7461228251085185,0.26114534566963765,-0.05064278735111599,0.038831214320269904,-0.07439675434149716,-0.10642211824518756,-0.0657332212188028,0.1490233607309086,-0.013358177612568954,0.011768003580824353,0.02869870866788766,0.012871656771549812,-0.030958236119673223,-0.044909409397205696,0.06562737722442102,-0.15734918303748813,0.00318556064999341,0.06611473874671095,-0.06500388136971764,,-0.020971335145645326,-0.06493627483995287,-0.2331539723804183,-0.06595373529795395,-0.17207431899080686,-0.057256694929055635,-0.0029698437301662393,,-0.04455736655191788,0.04551609744364171,,,,,-0.054998541762579366,0.09053279335268044,-0.01134626156054917,-0.013461777314984711,0.009177143339869404,0.10116324471534137,-0.12484401120254418,0.013785622894040587,-0.06227995399542509,0.06162143662924013,,-0.09051125282823438,-0.044037826919355115,,0.004633678366755673,-0.1651176625334246,,,,,,,,,,,,,,,,,,,,,,,,,-0.15020406905562814,0.12107464899847373,0.054109366438179304,0.010781661166911859,0.37755877832240986,0.4057956979454797,0.34879790206142924,0.3541069010200695,0.7685861818294791,0.6024537426514368,0.5671921512849627,0.3164005738565992,0.3872329431695981,0.4187166748999063,0.6394875111274595,0.7761844717658156,0.662314560209964,0.8116749206766286,0.44792410933333193,1.0885030771378272,0.6405891542560355,,0.7423267110477513,0.6484880675662908,0.8293086161971898,0.5476502464675372,0.8910580039865136,0.37507432130303303,0.300365758390296,,0.484128679123165,0.346008119237821,,,,,0.49109521583924726,0.43920435071659714,0.24917969526406297,0.42424518265540473,0.6135610301109421,0.5049727593969502,1.0561425246231253,0.21872797965770316,0.8669726159614246,0.8459040767899036,,0.8074796387613805,0.37549002494237593,,0.48257258584233315,0.7791946843933231,,,,,,,,,,,,,,,,,,,,,,,,,0.8127928189853985,0.6701057591422991,0.5492397763631907,0.34266081514225377,-0.13413219413447314,0.09569153767984755,-0.21329472999064836,-0.3005366965134519,-0.0855248543010972,0.24736066884578958,-0.023551414775938393,0.03719336990253978,0.07411226026634403,0.030740731246556553,-0.048411009724164546,-0.05785919588810766,0.09908792765119964,-0.19385739170839314,0.007111831186614716,0.060739138120359616,-0.10147515133191969,,-0.028250815757451996,-0.10013488001969265,-0.28114259013676984,-0.12043039462388602,-0.19311236554855216,-0.15265426524039846,-0.00988742440577137,,-0.09203620540022221,0.1315463277101808,,,,,-0.11199160567791465,0.20612909049049474,-0.04553445475774102,-0.031731125927525514,0.014957180931471517,0.20033406323967412,-0.11820754139891641,0.06302633488232416,-0.07183612590388459,0.0728468372715326,,-0.11209106519029081,-0.11728095020929868,,0.009602033979339215,-0.21190809670626073,,,,,,,,,,,,,,,,,,,,,,,,,-0.18479994599746397,0.18067991111349804,0.09851683866828849,0.031464529034158494
2022-04-29,-0.3990658957613801,0.6435181010071773,-0.6247963530999532,-1.3448516200673617,-0.8071799075738847,1.9337283270618237,-0.1756426843321074,0.27796606675892,0.7093467776518209,0.4641646025210618,-0.42813476053011046,-0.3758978161973292,1.0314167080428427,-1.1055285171395766,0.05785801509722299,0.4892551336289152,-0.846409189073558,,-0.20427362752526954,-1.3828394136623507,-2.6218245120199657,-0.6802039873201245,-2.0336289216799295,-0.8083091264018917,0.04181711007818921,,-0.5251562434571013,0.5461083116752512,,,,,-0.8416971982693722,2.4198517191782063,0.05469417750944061,-0.43629737618014186,0.31940412420084446,1.4920152089571235,-1.6817451257105973,0.3381118747578805,-0.8112637965838054,0.8057931120550682,,-1.3668571515556045,-1.393467916209098,,0.1614524138425583,-1.4449651036588402,,,,,,,,,,,,,,,,,,,,,,,,,-1.6828199516694193,1.752110453957022,0.6466922294443631,-0.023726333912546364,-0.039709761269481614,0.032722196086335045,-0.06442985936179428,-0.11751334546421188,-0.07123012855683698,0.16130530489338743,-0.00995821927803174,0.009568601185574394,0.03468960817660536,0.020676566804554625,-0.03309940226457035,-0.0394657098544464,0.0746672549371622,-0.16863198900568946,0.0028160794616746768,0.03638137204852572,-0.05415669466460182,,-0.017261144900139958,-0.07890682321108007,-0.22934370982815244,-0.058510359812179016,-0.16616052165908676,-0.05258747384699796,0.0022902856490007216,,-0.03953079211877627,0.030561515689346137,,,,,-0.048196033963258986,0.09936907372808156,0.002130256584053179,-0.017797789645108187,0.020406513902977062,0.10365610458011695,-0.13223001828043307,0.008698332883019853,-0.0696798617433345,0.05829088790653845,,-0.10626006657471121,-0.04869465355961231,,0.007815605175808277,-0.1610287197033625,,,,,,,,,,,,,,,,,,,,,,,,,-0.14645905124934214,0.1195739110221326,0.04628224540716843,-0.0009678514977528841,0.3835330886695547,0.3922084838094349,0.34817986001894924,0.36075020523024565,0.7600744856207581,0.6028360898448053,0.5669281403807878,0.3168177847498571,0.38932822528078564,0.421281632939982,0.6374653248489431,0.7688532251746797,0.664562422098932,0.806367116744943,0.4532777148410956,1.076718593243534,0.6457960468072461,,0.746440113862836,0.6432061945150773,0.8350003898022784,0.5501483594193867,0.8949468170032505,0.3844733888456549,0.2997493101764359,,0.49570655562269916,0.3347637289461656,,,,,0.4999679321393818,0.4330491373950252,0.24766374711599656,0.41782890410627155,0.6103273037322183,0.5002879992333072,1.052020889382953,0.21626228772257955,0.866899170075807,0.8352932167746073,,0.8069158673901861,0.3712769772808665,,0.4811444666098641,0.7768114506335919,,,,,,,,,,,,,,,,,,,,,,,,,0.8030843052600842,0.6754650044576476,0.5399488670447165,0.33970624558582946,-0.10353672849253129,0.08343061773807527,-0.18504763416898315,-0.3257471340569578,-0.0937146686336443,0.26757738564543143,-0.017565223118653307,0.030202222369332152,0.08910119000898797,0.04908015253420819,-0.05192345524427348,-0.051330616250559374,0.11235551763720796,-0.20912557754885286,0.0062127022120686045,0.03378911841666035,-0.08386036881511948,,-0.02312462122488747,-0.12267733719599684,-0.2746629973220243,-0.10635378404823281,-0.18566524680816118,-0.13677792890916818,0.007640670290959579,,-0.07974635733658651,0.09129279263782138,,,,,-0.09639825049783958,0.22946373782390794,0.008601406579928089,-0.04259587948607178,0.03343536128596737,0.2071928663869016,-0.12569143789339637,0.040221219217740085,-0.08037827713832195,0.06978494106730841,,-0.13168667375248044,-0.1311545195078859,,0.01624378064841294,-0.207294472258387,,,,,,,,,,,,,,,,,,,,,,,,,-0.1823707054042233,0.17702458340997596,0.08571597836751367,-0.002849083613649219
2022-05-31,-0.31060006923380074,0.5523219989517194,-0.7490021953522596,-1.3466009595514972,-0.9921253494573836,1.9805504568869687,-0.25339303956219883,0.35833648744756336,0.7344854145476725,0.14826436689751044,-0.46231166273615154,-0.384679311364797,0.8724546252165287,-1.069473069375787,0.004852509816481272,0.7171928476773377,-0.8101087393507176,,-0.20179411824449403,-1.3261451865304135,-2.7582135881037155,-0.7918891562601049,-2.1301447166481386,-0.7025964156464729,0.0703757256368248,,-0.5679407245909027,0.4949638313896929,,,,,-0.9858231625684037,2.4613370828711014,0.6177158145514516,-0.5255710610596561,0.08531231888662005,1.4277086368124294,-1.6428321207354515,0.13825384050530634,-0.8613547421073225,0.7585452270173141,,-1.3238765832642554,-1.2980058597406376,,0.5272108069617175,-1.4298015351562032,,,,,,,,,,,,,,,,,,,,,,,,,-1.7427561671601755,1.783096387470338,0.5649602971570501,0.03087060874352654,-0.030175467142590447,0.027612002442595644,-0.07525130994791097,-0.11421755497888039,-0.08527400866006284,0.16110629119723108,-0.013987754937533568,0.012073673293002568,0.035111988327594136,0.006798247909374425,-0.034717409324558884,-0.038901170724913905,0.06251917487174308,-0.1587504169362878,0.00022958154680723992,0.05250660536654437,-0.05051335432137476,,-0.017183561559464863,-0.07372905751192006,-0.23764447816457804,-0.06625756540107837,-0.17005534612815915,-0.04470331660100068,0.003742336581304598,,-0.041900378644109726,0.026728535479508427,,,,,-0.0550582221671293,0.09878392905067411,0.02523840524268275,-0.02094336409272063,0.005179530282437117,0.09724632841654443,-0.12716687963361323,0.0034735781614857863,-0.0715005357512824,0.05360230747620348,,-0.10071236369053967,-0.04438279401253512,,0.0261695825465885,-0.15340803448421111,,,,,,,,,,,,,,,,,,,,,,,,,-0.14792870214654813,0.11922640074067302,0.03944285416350845,0.0012455095359032893,0.38578740357244906,0.39164427689011405,0.3640575750046549,0.3627704628013356,0.752720740200678,0.6026660711630188,0.5651234146748993,0.30975504895681155,0.38788682227978233,0.4243150988602401,0.6458121692825793,0.7625995860162847,0.665928134675445,0.8074866630912563,0.44916472756418796,1.0599566015567172,0.643764824736346,,0.7219243336027302,0.6379247739396521,0.8301793532656394,0.5624587393272185,0.8868366158774251,0.38315520104935236,0.2964293289870474,,0.5041433852706573,0.3292900579180234,,,,,0.5013779127958036,0.43823145439577055,0.2533477183171813,0.40935261391886313,0.5965723347506814,0.49867091082813697,1.031014139894604,0.21087078862518202,0.8565700177115427,0.8292550164093708,,0.7951727163689263,0.363906697315213,,0.4740411348051993,0.7675981675498416,,,,,,,,,,,,,,,,,,,,,,,,,0.7836646300433897,0.6770810675466047,0.5279566654183545,0.33612250754363965,-0.07821786523655544,0.07050275995822328,-0.2067016733464447,-0.31484800084572895,-0.11328770964558314,0.2673226499814894,-0.024751681799594794,0.038978132345749025,0.09052121987858587,0.016021696912589988,-0.05375775028074464,-0.05101126651291311,0.09388276544617416,-0.19659819064819276,0.0005111299545987424,0.049536561486979706,-0.07846553955796282,,-0.023802441280391655,-0.11557641358962939,-0.28625679165564233,-0.11779986827181661,-0.19175498968308666,-0.1166715641039743,0.012624717648867063,,-0.08311202699131885,0.08117018669954039,,,,,-0.10981381660813784,0.22541496750130927,0.09961962716824341,-0.051162160398154355,0.008682149641755912,0.1950110309323008,-0.12334154762088223,0.016472543134743958,-0.08347307782533292,0.06463911151035126,,-0.12665470232735376,-0.12196201482406659,,0.05520529891850531,-0.19985461269909827,,,,,,,,,,,,,,,,,,,,,,,,,-0.1887653167890934,0.1760888118946945,0.07470850686628572,0.0037055225637979083
2022-06-30,-0.27289620073048065,0.5567389550015123,-0.578575689489253,-1.3018724437111378,-0.916177453171388,1.9816480355128978,-0.36751454995993416,0.3579310844147095,0.7524288157431638,0.08981450953927016,-0.4393079636972498,-0.5515485302832169,0.8689121580799598,-1.0852384557394723,0.06021116424772857,0.9434250318563897,-0.4789884088259448,,-0.22255854935998534,-1.2040321749103693,-2.7344141636619907,-0.849576371179408,-2.051834271553833,-0.6218370826778836,0.33488105501375726,,-0.37632529066563397,0.6182022946933728,,,,,-0.9401347523368198,2.537589267758657,0.7148132676484812,-0.47088940616328046,0.11967162883032434,1.3986536097063558,-1.5187415239960012,0.11807822720063733,-0.614792101280401,0.9548667822358369,,-1.2209855032736343,-1.3031432349514471,,0.6611779166275498,-1.274123448172687,,,,,,,,,,,,,,,,,,,,,,,,,-1.744498009516966,1.7808984835452717,0.561855529463606,0.04180170163784331,-0.026190661517662542,0.02750777200188278,-0.05769347493127098,-0.1092180284300005,-0.07788846357887737,0.15978943454066455,-0.02011801831750393,0.011928767038636004,0.03547350015852692,0.004064310648975408,-0.03259233541041838,-0.055139047305111266,0.061474595412682895,-0.15838234109981913,0.002831696455438861,0.06957834946616662,-0.029916367729902915,,-0.018923532772307274,-0.06705622464216376,-0.23265682051349676,-0.07194828277407468,-0.16295890980257227,-0.03890327198662573,0.01771580254583036,,-0.027963966706987572,0.033626954712870034,,,,,-0.05184940319879074,0.10255198734651601,0.02913126089574,-0.01849018322523847,0.007209750352333778,0.09384860770281805,-0.11741409526354443,0.0029423862864118864,-0.05033495517882533,0.06563980939357363,,-0.09120447350880456,-0.04375594516870432,,0.03233799353464803,-0.13497743363412534,,,,,,,,,,,,,,,,,,,,,,,,,-0.14698774353793584,0.11752385502696568,0.03863128299466378,0.0016643559725145471,0.402840960892722,0.3954489397815317,0.399112046749841,0.3523429011916319,0.7486542710817097,0.5942387923089629,0.5556692329250131,0.3102239615206628,0.38952177788416503,0.4272135702214624,0.6388497492069665,0.7310919936661169,0.6899614313033078,0.8113008299411278,0.451712486206643,1.0513641626890244,0.647182653237873,,0.7342955883640889,0.6287449576394462,0.8403608403249433,0.5500888872090887,0.8815605833237624,0.37899822973840847,0.2987706483850651,,0.5306002204862053,0.3198823889785642,,,,,0.5079864410077662,0.43590640974817,0.26024878751909547,0.40507510387655177,0.5957528485548869,0.5077507396330648,1.0224199333818962,0.2093485091016988,0.8538973978593188,0.834766037741008,,0.787288868175501,0.36303704086660926,,0.4873581776828198,0.7736093680427757,,,,,,,,,,,,,,,,,,,,,,,,,0.7839325618090238,0.680118020426066,0.5189519926344004,0.3320449646960256,-0.06501489188096046,0.06956086926691375,-0.14455458160458035,-0.3099765258803926,-0.10403796062812612,0.2688976832357069,-0.036205024725957484,0.03845211369284083,0.09106936292808751,0.00951353358665203,-0.051017215629929794,-0.07542012193104768,0.08909859685426184,-0.19522023798658283,0.006268802705053977,0.06617911465444035,-0.046225540162781686,,-0.025771001585977577,-0.10665091437698203,-0.2768534769225266,-0.13079392157712713,-0.1848527632532816,-0.1026476350917984,0.05929565920075813,,-0.05270251618320726,0.10512286975299359,,,,,-0.10206847863090514,0.23526148056818413,0.11193620217578353,-0.04564630866791909,0.01210191503040634,0.18483204528788955,-0.11483940348773276,0.014054966519883421,-0.05894731065466732,0.0786325825751177,,-0.11584626329109156,-0.12052749511249342,,0.06635364915471695,-0.1744775066201912,,,,,,,,,,,,,,,,,,,,,,,,,-0.18750049519405468,0.1727992076336131,0.07444095704991224,0.005012441534953559
2022-07-29,-0.12015551119533308,0.5867131695454066,-0.25183585367998146,-1.3127333078174686,-0.969857915820922,1.5722912938324352,-0.6958086194352919,0.9683307799922447,0.9625767567379676,0.3012286638042227,-0.4415353792665657,-0.419494361651487,0.917163286841225,-1.1048023542732004,0.258823091516011,0.8134463358541372,-0.6964897663939931,,-0.1982525580184873,-0.9888932562547448,-2.805939736013482,-1.0284369161219455,-2.077513840218656,-0.5451987771337615,0.47075236140418864,,-0.008495003471783417,0.4965223680163942,,,,,-0.531802066168145,2.5802649768152794,0.7494776134030552,-0.4310361657470075,0.055305008619321964,1.290848190443442,-1.3497861379467675,-0.14801321424178615,-0.8027778712422707,0.6181584661072164,,-1.396874275130134,-1.3029639375501094,,0.712869652675111,-1.2242738081755797,,,,,,,,,,,,,,,,,,,,,,,,,-1.6103386526907484,1.5462166354735216,0.26903362779804935,-0.18308344596864812,-0.011325062829809737,0.02821440902068812,-0.02574125213514079,-0.10691717384944374,-0.0806431750507617,0.1272042987318969,-0.03765203775655693,0.03483738871853625,0.04458404746420158,0.013598465933939801,-0.03172485565985841,-0.040821836060385225,0.06303999773192472,-0.15651494093333435,0.012209805569716181,0.05858027911656703,-0.04357107300164973,,-0.016722398444175356,-0.05461104298286955,-0.23252466120132248,-0.08512353229194768,-0.16633193201569482,-0.033263817524016505,0.024147898916663402,,-0.0006493183504658892,0.02622539008133028,,,,,-0.029695660741406685,0.10278882530855961,0.029986556616452144,-0.016349054969056993,0.0032486306265427406,0.08428626813469808,-0.10231945994827875,-0.0036561121685822094,-0.06342740725086081,0.04290580720707913,,-0.10127143596083561,-0.042284604313892346,,0.03381337274429558,-0.12460869225746306,,,,,,,,,,,,,,,,,,,,,,,,,-0.13315187521645816,0.09891448975280928,0.018144997114026066,-0.0071618094518711385,0.41973164464033563,0.3917976392980718,0.42074179237929915,0.3391241454989711,0.7579636469699379,0.5945762801487395,0.5560238589716731,0.3071484435754856,0.39731105824946183,0.4256996587346694,0.6333339736323927,0.7378062672361732,0.7002538793137366,0.7993399066459953,0.44383890404474735,1.030817947648799,0.6557622177183938,,0.7246440095998473,0.6205182355873011,0.8441410567442843,0.5706957860752976,0.8929065327502902,0.3740769531153021,0.2952186249961983,,0.547912513728763,0.30987757699268836,,,,,0.5122921266852903,0.43745247906269197,0.2614195304204003,0.3928696829517159,0.5933138716438898,0.4984104032921528,1.0195580813965928,0.20572112116252833,0.8342082070113824,0.8319657581563823,,0.7700085390411477,0.35603587426393524,,0.4858868748331408,0.7580243182538895,,,,,,,,,,,,,,,,,,,,,,,,,0.7807039942948897,0.6751915237664637,0.5017414064268725,0.32954202369603935,-0.026981675016459823,0.07201270806847093,-0.061180640006246456,-0.31527443642248154,-0.10639451558546863,0.21394109213383924,-0.0677165865259662,0.11342199332999231,0.1122144640540268,0.0319438027607522,-0.050091826714908756,-0.05532866535995157,0.09002448910915742,-0.19580523833730012,0.02750954334657694,0.056828928182889385,-0.06644340253887668,,-0.023076708318350084,-0.08800876404733199,-0.2754571162527416,-0.1491574572108659,-0.1862814593856389,-0.08892239216288625,0.08179666481738532,,-0.0011850766941733436,0.08463145457584714,,,,,-0.05796626415781172,0.23497140884605386,0.11470664249235488,-0.04161444794167614,0.005475399753492678,0.16911017020905175,-0.10035667591209844,-0.0177721769545176,-0.07603306550782396,0.051571602300264675,,-0.13151988689235025,-0.1187650104116926,,0.06959103959313057,-0.1643861407302861,,,,,,,,,,,,,,,,,,,,,,,,,-0.17055359802112613,0.1464984175171932,0.036164041638988495,-0.02173261355728336
2022-08-31,-0.08822472459581718,0.5572305882115891,-0.07520142610303737,-1.3978637778858396,-0.7807900564833282,1.3551938688923,-0.7287730024712531,1.1915349965175905,0.9980917918919862,0.48036317375235094,-0.37722640498133847,-0.44503289710674276,1.0859479188209482,-0.9750546543153081,0.16747891888578265,0.7222867647806085,-0.6061431087738018,,0.13797005218672326,-0.9966582893307526,-2.616617196711363,-0.9412873554333366,-1.9937191105338417,-0.4776197053379185,0.5307377345300834,,0.30824113759912186,0.4505321320170923,,,,,-0.4032678603781654,2.524848963548804,0.6292432061834828,-0.3460360185444758,-0.12790508415556165,1.0472359865805412,-1.3124086633325962,0.11338689379255683,-0.7130306424915274,0.6544329005802915,,-1.3299920467423998,-1.423920204190079,,0.5085022670976085,-1.160006957685433,-1.946469122173042,,,,,,,,,,,,,,,,,,,,,,,,-1.2667116516618218,1.7212756075123274,0.3574699991793335,-0.2423228279917412,-0.008216704134052578,0.02648245250646528,-0.007606676480467393,-0.11217434625979802,-0.06405695414789782,0.10924654996301189,-0.03894930929719504,0.0422394911807216,0.04569052672321167,0.022208421814885783,-0.02702848033064528,-0.04188683127013903,0.07424223587592159,-0.13386830990413545,0.008051150078042966,0.051580120752726985,-0.03725677625493192,,0.011528191284373105,-0.05437491839496331,-0.21232570560326156,-0.076493941181657,-0.15692944084998817,-0.028925328232540924,0.02692932745065153,,0.023185356929236046,0.023439640874840018,,,,,-0.02238940781525959,0.10031073649348911,0.024863424493571443,-0.012935966564193798,-0.007590980409768635,0.0671346687142255,-0.09801047253076518,0.0027812909166574766,-0.05594351562266805,0.044067567760703065,,-0.09501665529300278,-0.04640614286666233,,0.023855707148229478,-0.11486669452668236,-0.1969605432779954,,,,,,,,,,,,,,,,,,,,,,,,-0.10474735871209176,0.10816215760292344,0.02377356993987729,-0.00935950114693342,0.42201406899898775,0.3915895159372919,0.4281499762520619,0.33744335691807426,0.7565712546290152,0.5874052967857155,0.5538580487121836,0.3065082251398919,0.40192905932245304,0.4256419173213809,0.6356241468118006,0.7379534165942151,0.7026787984979945,0.7651892408328133,0.44006691187428437,1.0194406747855445,0.6484306845529166,,0.7272068211721313,0.6196773524756845,0.8420258092904875,0.5716710681511051,0.892985378695138,0.3676473505040225,0.2933051804840435,,0.5534266544115466,0.30930990431452704,,,,,0.512859391758179,0.43751417706401974,0.26444883574561345,0.3852450233581566,0.5889489809913957,0.49229416593322073,1.0188606766849764,0.20609275497315313,0.835844137953985,0.8260306375856419,,0.7617583089470703,0.3508384389359149,,0.48067667951522947,0.7536672283826478,0.9977933392943295,,,,,,,,,,,,,,,,,,,,,,,,0.784987746150342,0.6735895426936411,0.4914344707819479,0.3243916759039504,-0.01947021376216793,0.06762809377845067,-0.017766383048890243,-0.332424224570028,-0.08466744375492848,0.18598155406634825,-0.07032363145711969,0.13780867107707562,0.11367808737251772,0.05217630339287593,-0.042522739996924686,-0.05676080675045063,0.10565600674820058,-0.17494797725911104,0.01829528615035472,0.050596490829226216,-0.05745683716466921,,0.01585269960173319,-0.08774714482904543,-0.25216056712343843,-0.13380761322949788,-0.17573573385859803,-0.07867683037260036,0.09181333724215125,,0.04189418190182549,0.07578044074206243,,,,,-0.04365603550420412,0.229274253846204,0.09401979185678402,-0.033578542952824655,-0.012889028854401796,0.13637104268128228,-0.09619614808342362,0.013495335714347571,-0.06693055927820343,0.053348587516687834,,-0.12473333625246334,-0.13227211649730036,,0.04962942486057023,-0.15241036123221596,-0.1973961295605481,,,,,,,,,,,,,,,,,,,,,,,,-0.13343820871826756,0.16057576721038447,0.04837586973101394,-0.028852470153101856
2022-09-30,-0.08217445148176084,0.5858768294771062,-0.061250424991149514,-1.2394610368512695,-0.900615637433062,1.2518071431021605,-0.48930615441536784,1.2237493457652908,0.9611428819603305,0.4892031693797138,-0.10503214957077255,-0.3199599090578675,1.3074598842464846,-1.2364579341802124,0.09826004901218631,0.8062338899718561,-0.6120349800848802,,0.27191884246476283,-1.021732301175623,-2.5925513430391445,-0.9172198325740875,-1.93447138146152,-0.30184095795341137,0.620408492234708,,0.18816160695509127,0.5251095572630395,,,,,-0.4060300483553623,2.604426470200336,0.5911010964867028,-0.25999919840099917,0.00800409625904243,1.0728525251263892,-1.3597394527857114,0.18114589531459752,-0.5699700693151883,0.6249977940384742,,-1.3910498899071182,-1.3684542863496232,,0.5106815559421918,-1.243108757836879,-1.8896338783795115,,,,,,,,,,,,,,,,,,,,,,,,-1.0420723245218304,1.615154756248821,0.34918860189141354,-0.25896846306249804,-0.007676438566424664,0.02797145057665467,-0.006209604905023898,-0.09934629115596266,-0.0742339380647895,0.10067336209459588,-0.02594804871590512,0.04355821619032112,0.04411108234669992,0.022623377749059842,-0.007507150470740579,-0.03012490659699378,0.08963195597685471,-0.16787787135204163,0.0047392983295663415,0.05760810752338361,-0.03776151452064828,,0.022525306229299314,-0.05515715084914073,-0.21088130727968735,-0.07463360678095543,-0.15358815052521801,-0.0186331307480172,0.031506238617985155,,0.014123599365484815,0.027151776220967122,,,,,-0.022612171557882893,0.10393980457392199,0.023485019749973825,-0.009727960307275421,0.00047021307166403786,0.06798254842307692,-0.10165276386833987,0.004462339824306067,-0.044540964806600136,0.042531924693168445,,-0.10092450591418292,-0.04432943939709392,,0.0237642496116975,-0.12220789812614395,-0.18988619288917816,,,,,,,,,,,,,,,,,,,,,,,,-0.08580742503319423,0.10112071075186532,0.022972028921114208,-0.010009936690271181,0.43212289239480073,0.39754061854078987,0.4532433520066685,0.33632802171571957,0.764959029728007,0.5933209452472608,0.5382803952737628,0.3050995716201664,0.40781319969091867,0.4222639942658917,0.6114866421419999,0.745821357996826,0.7183889342480169,0.7578280884419948,0.44789939882114893,1.0055226948963976,0.6590528254978889,,0.7354612659833187,0.6174758235734823,0.8549394212700356,0.5789347262042941,0.902010867510707,0.36704733698934544,0.29111814133475156,,0.5761349848890924,0.30223116206507145,,,,,0.5172597187003961,0.4411301581067876,0.269055095735035,0.3896351484987948,0.586679254489473,0.4863558109086298,1.0203672892617248,0.20216920454953324,0.8264068058023996,0.8355381033736123,,0.769031669810158,0.36164215579445336,,0.4871502398819172,0.7601274253618417,1.0077878343283573,,,,,,,,,,,,,,,,,,,,,,,,0.7900922974953468,0.686065655121228,0.49010459587441607,0.32484077426338587,-0.017764480201181366,0.07036123925984344,-0.01370037724222933,-0.29538511435700376,-0.09704302476327985,0.16967774844463182,-0.04820545006605389,0.14276721517180269,0.10816492055708761,0.053576383627949885,-0.01227688383256173,-0.04039158475952626,0.12476800755662829,-0.22152500535732153,0.010581166980888927,0.05729170292801713,-0.057296643090970614,,0.030627454185752072,-0.08932681854640548,-0.2466622804296677,-0.1289154085993086,-0.17027305995666941,-0.05076492558385754,0.1082249236462275,,0.024514392869587058,0.08983777859121372,,,,,-0.04371531503496055,0.23562162473770504,0.08728702827877988,-0.024966844866937128,0.0008014823569536582,0.13977945137751957,-0.099623699170021,0.02207230242731036,-0.05389714181183817,0.05090363266670822,,-0.13123582535826775,-0.12257818588574462,,0.04878217778863834,-0.16077290997357396,-0.18841881834754265,,,,,,,,,,,,,,,,,,,,,,,,-0.10860430522511148,0.14739217740610738,0.04687168640018331,-0.030814902202378605
2022-10-31,-0.15836331711602855,0.4132424987864656,0.09005938763567439,-0.9039050079249931,-0.8608752689161071,1.2055703228566907,-0.13158426052121908,1.3025353513495537,1.1647207906362815,0.7011388587396838,0.09310420798172936,-0.2540053531492923,1.3864920371432425,-1.196789601021762,0.27360431356130455,0.7504450156282908,-0.2559212132503801,,0.6606959909286667,-0.7568882456732321,-2.57944041902295,-0.869328614676714,-1.7976933603484813,-0.1898761303889367,0.678683291089872,,0.27891746791212013,0.5230295587866952,,,,,0.03138321308494596,2.5934008678910074,0.7888685223777628,0.2624459043893231,0.1823617579672437,1.1682429596287198,-1.2644702945648696,0.1473892633882813,-0.5106683244176257,0.6592124907223913,,-1.3778639509039006,-0.918646956900588,,0.6386172014097125,-1.2452451011222196,-1.8829262929703658,,,,,,,,,,,,,,,,,,,,,,,,-0.9867227969024858,1.644269539715537,0.45428814925689665,-0.34383695211670556,-0.014576118112975248,0.019779448128599532,0.00910604389020696,-0.07235583851036749,-0.06991494732797704,0.09608425352255892,-0.006816907140491795,0.045494800850918816,0.05254144199207787,0.031852898881405606,0.00653858736923214,-0.023362264236688714,0.09425776754077245,-0.15983334322379272,0.013162455014719531,0.05262574112943639,-0.015881323009142953,,0.055429907592281225,-0.040520763652921815,-0.2071191788839086,-0.06963965292964808,-0.13993327012715254,-0.011629665338862116,0.03399217335150775,,0.020708879354693153,0.026672780672545245,,,,,0.001770770870350001,0.1019211618890555,0.031201098770370434,0.010153802503258993,0.01060398753433905,0.07229379049542425,-0.09345034065391805,0.0035615596392920687,-0.03940070864236979,0.04441897990973283,,-0.09950070289496474,-0.030223262170754397,,0.029119710379680867,-0.11978940061432211,-0.1850591689734013,,,,,,,,,,,,,,,,,,,,,,,,-0.08004881651456222,0.10190551220436242,0.029656487039284134,-0.013175856811471941,0.4447490025331539,0.4013392539752807,0.47348433079173685,0.3317938639721681,0.7679699729519353,0.5914335370222089,0.5283833955405889,0.3003829960360632,0.4105004896970482,0.42356715498416225,0.6093947790701341,0.7563892845078357,0.7310579661080006,0.7604592067393424,0.4596096820587775,0.9990149626073175,0.667401876843793,,0.7328750485877188,0.6140554702727358,0.8585623245764699,0.5848867882931431,0.8961262810909694,0.3817123331180709,0.288942476678216,,0.589212826244015,0.2954554137397358,,,,,0.525194007380096,0.4402974102352283,0.26705756888762994,0.3900560777969989,0.5806752795759099,0.48190589727491034,1.0144462306802677,0.197851387113507,0.8282376254601065,0.8329966231385179,,0.77936565684777,0.36168648172537443,,0.4834801556976249,0.7591927335265048,1.0082792148759516,,,,,,,,,,,,,,,,,,,,,,,,0.7960671232366694,0.6935795553459827,0.4900937750639224,0.3257672905136199,-0.032773807315933594,0.04928361213781941,0.019231985723752013,-0.21807467336537883,-0.09103864707006297,0.16245993422410684,-0.012901440881800268,0.151455979370606,0.12799361586840924,0.07520153181517729,0.010729641266715917,-0.030886561609462748,0.12893337041737066,-0.2101800357038451,0.0286383327604405,0.05267763056530113,-0.023795742205951292,,0.07563350355438761,-0.06598876748858587,-0.24123953841799525,-0.11906518376466547,-0.15615351661910176,-0.030467093488605827,0.1176433930458882,,0.03514668797470616,0.09027683850816515,,,,,0.0033716509432074496,0.23148253775693176,0.11683285705150319,0.0260316479635614,0.01826147574610643,0.1500164054937539,-0.09211956023657566,0.018001186098578162,-0.04757174442598128,0.05332432170297821,,-0.1276688317232328,-0.0835620453011641,,0.060229380744000444,-0.15778523071195866,-0.18353960514416545,,,,,,,,,,,,,,,,,,,,,,,,-0.10055536044385022,0.14692692628970047,0.06051186231740257,-0.040445610087796936
2022-11-30,-0.3088643948939436,0.3773549092230813,0.0010953200656639898,-1.1009825978340129,-0.8343951388172092,0.9708085793865715,-0.10577022480505566,1.3307229596628798,1.2629835725550453,0.6844895305667962,0.1460997196141931,-0.32057080756834566,1.4168534841629974,-0.9763551676246379,0.28528946785454656,0.7716752014075934,-0.17993518726438062,,0.5497600191645344,-0.8426499071403474,-2.7153712390993006,-0.9286168736380185,-1.931887332447313,-0.2868699055171615,0.7343184878865245,,-0.08703012912235134,0.06888164558597487,,,,,0.15337110960420602,2.41866302900063,0.7261831559953943,0.31479872183922214,0.14474222294983033,1.1719204378208792,-1.1246409076737833,0.25812484394348023,-0.40720165281476556,0.4618662489145406,,-1.5470529871655707,-0.8140804694758886,,0.6886422503912822,-1.2434467949985126,-1.856847475712833,,,,,,,,,,,,,,,,,,,,,,,,-0.9409625911920322,1.5953248916022937,0.45227636676677974,-0.6090610767152408,-0.027996581403611123,0.01770279896172824,0.00011039799986417576,-0.08734501829937678,-0.06694609988698794,0.07673349640220424,-0.0053619479268267115,0.045802194797489315,0.05611355186131595,0.03046600021057264,0.0101159496628217,-0.02892772450918228,0.0950066877017143,-0.1265642647319498,0.013509939281903837,0.05313466683502433,-0.011012237063517786,,0.04581005896565155,-0.044193409814918067,-0.21472507760058107,-0.07308393254984907,-0.14897766144483537,-0.017319135504867376,0.03626992875369659,,-0.006535534243646998,0.0036794117844759083,,,,,0.008554380139637817,0.0945417243390348,0.028512399069710558,0.011973593358849989,0.008394336570966106,0.07133723706568725,-0.08367794194085855,0.006138601693455946,-0.030979649868228404,0.03093076613057299,,-0.1106924077834397,-0.02625676078528628,,0.03070817198987785,-0.11674194076931123,-0.1792531432056892,,,,,,,,,,,,,,,,,,,,,,,,-0.07505186283449412,0.09720903560316654,0.028760426992546207,-0.023781248442782718,0.4468093853681816,0.40398346511124755,0.47841061076538544,0.33107854119638,0.7669751168380781,0.5915682935366173,0.5189561364158275,0.29788741568742727,0.40958960068830413,0.42472310682927517,0.6066283414904217,0.7545226682479921,0.7326914854292789,0.7447017716044784,0.4575567350001916,0.9889660668149277,0.6626101145360588,,0.7342399501197198,0.609389276784299,0.8590487986802132,0.5840042552670631,0.8991805426728351,0.3838310663659729,0.2841765816960119,,0.5934891457333175,0.2965001925527944,,,,,0.5258414702441855,0.43993458567572835,0.26494391729349737,0.3857669637089965,0.5753009169802494,0.4751573596752513,1.0141826970371568,0.19732820961213524,0.8247792905309047,0.8366775473421441,,0.7809413071298844,0.3579244167256601,,0.4806929109362447,0.7535510619144183,1.0049476344721595,,,,,,,,,,,,,,,,,,,,,,,,0.7839117596484242,0.689165891657352,0.4763457809153539,0.3274866020105563,-0.06265889285324942,0.04382060279831826,0.00023075993169874613,-0.2638196301812502,-0.0872858824455467,0.1297119829453039,-0.010332179447494398,0.15375672950732996,0.13699945449547218,0.07173144036832207,0.016675695761210037,-0.03833910593614463,0.12966806574263728,-0.16995295238691852,0.02952626034867169,0.05372749239632688,-0.01661948228971459,,0.062391128347323105,-0.07252081961160088,-0.2499567870072931,-0.12514280827701854,-0.1656815893746942,-0.04512176585611242,0.1276316596435631,,-0.011012053532287718,0.012409475193918322,,,,,0.016267983077990048,0.21489950419292703,0.1076167339902555,0.03103841045311043,0.01459121013578063,0.1501339200858491,-0.08250775938626848,0.031108586580306335,-0.03756113935436839,0.03696856241550894,,-0.1417422881499974,-0.07335839512008317,,0.06388313888396564,-0.15492240230240661,-0.1783706305252815,,,,,,,,,,,,,,,,,,,,,,,,-0.09574019258003486,0.14105317279906554,0.06037720526731589,-0.0726174698347389
2022-12-30,-0.3913693874276866,0.36917527029124514,-0.08649175354624687,-0.9768093716010328,-0.7514230998429491,0.7976484179227401,-0.05722094667570544,1.4059322877150213,1.3996650863717588,0.7904520724804405,0.3501494050469733,-0.2917137216696554,1.4052274721655167,-0.8635263515378021,0.217074280827326,0.6945698860565059,-0.2134901486399773,,0.5804274640039004,-0.6742330156607914,-2.5397310178338435,-0.8845788036541828,-2.0764585710516954,-0.3937119459766832,0.985376900255112,,-0.29949127108880774,0.04640649999849115,,,,,0.2677121301526775,2.368494714472361,0.7632795311260132,0.39014474078920597,0.2674596630898897,1.3187530660340947,-1.221168623675191,0.28413223727220405,-0.27215956691834103,0.5821938008616981,,-1.469645918546295,-0.5303548002280127,,0.6505953932754027,-1.0929628311148032,-1.8633052149221256,,,,,,,,,,,,,,,,,,,,,,,,-0.959102729950864,1.38743172811644,-0.10154803013520151,-0.5201835728053742,-0.035421614112797206,0.01727421283139002,-0.008710486584606221,-0.07705594383902462,-0.0600964652645406,0.06255671317341034,-0.0028913710752384554,0.04812167261320205,0.061472270547659726,0.035078594505127514,0.023864081807275155,-0.02598253924790549,0.09384120607494907,-0.11110445526177834,0.010290076441788702,0.04684661018721216,-0.012966508584154646,,0.04803910658710922,-0.034695514287869274,-0.19846289263311964,-0.06916267115434299,-0.159088391251881,-0.023681642760561367,0.04817998886528211,,-0.0222524377044123,0.0024467974993598995,,,,,0.014805387534053497,0.09174236013189785,0.029908483124832262,0.014768158560781328,0.015397187173761057,0.07926500807930159,-0.09063134675917947,0.006675764942829457,-0.020587564518372167,0.03853170822317089,,-0.10442590428431371,-0.017181915541954695,,0.02873297293884832,-0.10139763676049725,-0.17753145375389537,,,,,,,,,,,,,,,,,,,,,,,,-0.07548302659912327,0.08444874673971874,-0.006010502312280573,-0.020239138763023044,0.4500635084011447,0.40415428136959053,0.4827866454825344,0.3260465444137537,0.7695087997678491,0.5839196562290929,0.5129019011431684,0.29632152577551535,0.41051118276044263,0.42190275953444967,0.6051586409367722,0.7560816787281049,0.7344840465335881,0.7496146054637868,0.45755382810680373,0.9850539200280138,0.6610915619331382,,0.7388630489755313,0.6022370161338491,0.8570975716592152,0.5816541183355871,0.9007226793317172,0.3885618380505117,0.28126997963848727,,0.6066480216661205,0.2936953272253333,,,,,0.5348245621753458,0.44118478482679,0.26555161493437657,0.3834732511660234,0.5719989337860575,0.47269463743194656,1.0153556275073512,0.19660453425684196,0.81859531023142,0.8385495965578038,,0.7889358960277433,0.35898852901317163,,0.48417119216083715,0.7461260949331241,1.005661385902474,,,,,,,,,,,,,,,,,,,,,,,,0.7777490952914874,0.7003769225310377,0.47096420195600047,0.324866873907442,-0.07870359060798522,0.042741630183531616,-0.018042103413818095,-0.23633418344480436,-0.07809717742366419,0.10713239827786696,-0.005637278919797522,0.16239681706302242,0.14974566620644877,0.08314379015637426,0.039434422964421505,-0.03436472537148872,0.12776479832044615,-0.14821543557444158,0.022489324336691503,0.04755740699542609,-0.019613786245037658,,0.06501760597409455,-0.057611062353161775,-0.23155227502152945,-0.11890687089477354,-0.17662305491176836,-0.06094690842357719,0.17129445853840228,,-0.03668096970513047,0.008331073982265408,,,,,0.02768269930205534,0.20794543077435473,0.11262775838220107,0.03851157418640266,0.026918209570509458,0.16768755514116299,-0.08926069280935098,0.033955294917605065,-0.025149868636007683,0.045950422469155386,,-0.13236297753733026,-0.047862018291186886,,0.05934465619611564,-0.1358987943848628,-0.17653203776396348,,,,,,,,,,,,,,,,,,,,,,,,-0.09705318470455243,0.1205761412505369,-0.012762121382724754,-0.062299792279804395
2023-01-31,-0.38170342920703343,0.4074664016821266,-0.12448671231260389,-0.9392620161908748,-0.7508191875319293,0.6849387347559697,-0.011022728488608918,1.4173699202331158,1.3655884059382704,0.7716207530005603,0.37332823852825764,-0.14148334053952258,1.5597110206888318,-0.8998961050073112,0.20384025809193454,0.6085904209960916,-0.13530869566032364,,0.5341217156990617,-0.593506074965083,-2.563512872025608,-0.9454287643356993,-2.1038801866899646,-0.31729713557420564,0.8619264381877634,,-0.21837718148187354,0.010410277980733395,,,,,0.3029974325550759,2.4689712711594733,0.6770272728059796,0.6093403980139859,0.2352445365807703,1.2646757262286388,-1.2403776182009678,0.33503263972809894,-0.2339398421642302,0.537653043293991,,-1.3518892237469624,-0.5158835754733643,,0.6240163730699512,-1.09405023598937,-1.9037632305292507,,,,,,,,,,,,,,,,,,,,,,,,-0.9646653103966654,1.2216827554250669,-0.17196704565245496,-0.4896896358249936,-0.034390729111498555,0.018999095848182875,-0.012462253605791835,-0.07378602912985263,-0.05975611909052737,0.05315195502194237,-0.0005541189335694927,0.048482050130267546,0.059553792936038144,0.03405880361829254,0.025320516362320813,-0.01259232585129434,0.10433036767596565,-0.11513236724125202,0.00961054665216071,0.04066266175706245,-0.008198871924833257,,0.04394110538332375,-0.030386820707435255,-0.20001133423363648,-0.07362243676975287,-0.16008272158521186,-0.01901421963164277,0.041799549927437334,,-0.016167474090188243,0.0005466758651278443,,,,,0.01674798509108761,0.09506370541626115,0.026568134988262708,0.022950802652327726,0.013454116217650925,0.0755648356794666,-0.09201310180054462,0.00783730518597874,-0.01765691347478848,0.0355799256008152,,-0.09573219726901486,-0.01661081870090795,,0.02734522363730143,-0.10081524103270437,-0.18006076089338005,,,,,,,,,,,,,,,,,,,,,,,,-0.07508860865964266,0.07377087300764115,-0.010145384213648164,-0.01894027616269757,0.45110114866139434,0.40429795632074583,0.4832687313560639,0.32417376815773946,0.7640211883356208,0.5815829435813105,0.5092353118105784,0.2964332056675819,0.4078478276918882,0.42142690683335804,0.6014397196995326,0.7528746317497174,0.7359155590347711,0.7432950819363543,0.4593272743761169,0.975547821107871,0.6599692122212825,,0.7410708975808988,0.600838225657312,0.8556347933910552,0.5820871030981063,0.9016456077311249,0.38890166047091884,0.28137409823566595,,0.6081887820537719,0.2921106781562727,,,,,0.5340377403086768,0.4401171077996758,0.26672523799698233,0.379651421053983,0.5685781500308839,0.4726830556313336,1.0169210641129824,0.19630790139910642,0.8152275329735371,0.8421889416655557,,0.7887283937698887,0.35820605946112793,,0.4844998161567557,0.7442088356778626,1.004863447162033,,,,,,,,,,,,,,,,,,,,,,,,0.773494261320901,0.703098030389437,0.4641045898389916,0.3259195731169379,-0.07623729004803075,0.04699280704033569,-0.025787419705020943,-0.22761258429136422,-0.07821264645906335,0.09139187386521293,-0.001088139256485045,0.16355134716127237,0.14601963990605957,0.0808178193324523,0.04209984065397351,-0.016725660980273914,0.14176948210309026,-0.1548945634637071,0.020923091634857244,0.04168187440661219,-0.012423112734665325,,0.05929406420730066,-0.05057404707264143,-0.2337578319377953,-0.12648010302565385,-0.17754505785043354,-0.04889210194839117,0.14855507379512936,,-0.026582986347746917,0.0018714682687340342,,,,,0.03136105152682127,0.21599638762401951,0.09960862791905464,0.060452302769240344,0.02366273874034753,0.15986364389250068,-0.09048204924420931,0.039923534050954994,-0.02165887774960814,0.042246963645058706,,-0.12137536574719117,-0.04637224374678825,,0.05644011148283722,-0.13546633176005873,-0.17918928328213482,,,,,,,,,,,,,,,,,,,,,,,,-0.09707713736804378,0.10492259943720851,-0.021860124712767496,-0.0581133436742135
2023-02-24,-0.37351238773675177,0.4351101168594906,-0.06411887878538242,-0.7849500835943248,-0.566549802266608,0.658581619031284,-0.019278871505434548,1.4482769301047578,1.4083014376356344,0.8979986253643042,0.4475050884839982,-0.19758357669770402,1.4999068600875651,-0.7734355049415311,0.2570858773623376,0.4509451975398957,-0.14039983582913645,,0.5963868421995322,-0.5897669313865247,-2.638527698208901,-0.8465629790160858,-2.0243392426812306,-0.23965619802558752,0.8958868066355616,,-0.27771439075014087,0.06009015764734332,,,,,0.3059034002695566,2.3792164471530453,0.6548053478528852,0.5105189323372015,0.17064337478655903,1.5309530257304627,-1.4316777919387793,0.32636234474361386,-0.16637143280772212,0.3894465450803902,,-1.3021497082032398,-0.47118705497956426,,0.9674776104200012,-1.1220160855971832,-1.9825225201226624,,,,,,,,,,,,,,,,,,,,,,,,-0.8626276740905992,1.057443033787515,-0.23714622433503338,-0.6751605054493022,-0.03311492643108669,0.019994436544089597,-0.0062965505523993465,-0.060980777204021216,-0.04403478321292142,0.05055541702229827,-0.0009579294792172693,0.04955637028641852,0.06049064203260535,0.03912780910237977,0.029988949824308945,-0.017231055358340484,0.09866074958900038,-0.0972394242389252,0.011973137036418769,0.02940972489237438,-0.008392797454173312,,0.04804485612208753,-0.029729117207165902,-0.20262544895474346,-0.06487727472032692,-0.15199004967511706,-0.01414742084020869,0.042682950083702424,,-0.02031894446964233,0.0030935844533793028,,,,,0.016474879437861002,0.09030840724876944,0.025425181463026116,0.018945322919329762,0.00952515663730153,0.09087408625161676,-0.10502684545540884,0.007546058016390421,-0.0124100952103942,0.02550715548914824,,-0.09096415350235104,-0.01507858128360723,,0.043801472811930746,-0.10120477262241126,-0.18379967956609589,,,,,,,,,,,,,,,,,,,,,,,,-0.06576072286759245,0.06320027848252978,-0.013639119684584798,-0.025762548332161204,0.44937679566788713,0.4039480611221391,0.485720432292094,0.32027180923601,0.7613972534348582,0.5795676999370656,0.5079242278509908,0.2999715272054408,0.4064875085599276,0.4165581369719986,0.5974937718290382,0.7491460005667406,0.737641935943163,0.7317429095041283,0.45785658373858484,0.968792221847841,0.6573493244414682,,0.7380422178982813,0.5977777943236527,0.8459018159071737,0.578874214828266,0.8984531433183635,0.38440709470181544,0.278531837896105,,0.6085856243017956,0.28648814554683627,,,,,0.5284413277736413,0.43695633461079114,0.265343236729488,0.38252370063226726,0.5617470512952316,0.47013356495429665,1.0182173642008459,0.19397146982635546,0.8130803646310977,0.8412516569024202,,0.783612249932744,0.3614097828759149,,0.4765667250900301,0.7427149675226659,1.0060534169108843,,,,,,,,,,,,,,,,,,,,,,,,0.7637202860736552,0.6943186831623939,0.4606919219151831,0.32292043400904147,-0.07369077965378601,0.049497543046862186,-0.01296332238420812,-0.1904031995494307,-0.057834176593452656,0.08722952819452846,-0.0018859692581908026,0.1652035803134041,0.1488130403979864,0.09393120822654816,0.05019123418225308,-0.023000930853671945,0.13375154635541547,-0.1328874157520984,0.026150409236563216,0.030357102616161886,-0.012767636844085058,,0.06509770709174957,-0.04973272257595733,-0.23953778694450617,-0.112074908604409,-0.16916858803983278,-0.036803225110043414,0.15324262535338445,,-0.03338715812249655,0.010798298294243211,,,,,0.03117636447412388,0.20667604539755577,0.09581997180861469,0.04952718717301789,0.016956309099156252,0.19329418919589575,-0.10314776505293623,0.03890292744157531,-0.015263061008766062,0.030320481724895914,,-0.11608311828989187,-0.041721563715347056,,0.09191047235548398,-0.13626327332540628,-0.18269375808141286,,,,,,,,,,,,,,,,,,,,,,,,-0.08610576943775239,0.09102488527987355,-0.02960572789703889,-0.07977986407462799
2023-03-31,-0.3670742459822756,0.4452203735616889,-0.1376000532506757,-0.7476762557118802,-0.4643707936481422,0.6100042982854414,-0.04687437211789777,1.483090357043645,1.4749097920386613,0.770593952887057,0.4004792737925531,-0.2456121834835974,1.4147672943807716,-0.671592101432301,0.4586936670326858,0.37857149244360866,-0.1271892468945111,,0.5743168807082468,-0.7396626616597433,-2.6644757822075906,-0.9252900510906391,-1.9345180345540642,-0.286488384533865,0.9556714137692173,,-0.3180551362341114,-0.19623498268017273,,,,,0.35033235835787957,2.1972174153862905,0.79583819543583,0.5661174379004383,0.40730846239789886,1.286666060931199,-1.7093069593053196,-0.3528765211162165,-0.24966263435851235,0.39220537718260345,,-1.3760983946747525,-0.423832183321735,,0.8655402676924435,-1.1947316462150404,-2.0268241863757375,,,,,,,,,,,,,,,,,,,,,,,,-0.8880382219112896,0.8158113557866056,-0.38417586944874726,-0.6616071110566694,-0.03261897077326722,0.02059458199502597,-0.01357114503434785,-0.05823294557378236,-0.03587720675497886,0.046772105993138254,-0.0023262640868418555,0.05126452271415706,0.0632672334504229,0.033097781454437855,0.026932945466695578,-0.021242427565166103,0.09373062960120923,-0.08393054402393701,0.021853507095387588,0.024688281916682556,-0.007642692697143638,,0.046427248887344785,-0.03749881463254724,-0.20455778604157837,-0.0708871291276829,-0.14614575457451096,-0.01698129694121439,0.04544895096100036,,-0.02334388776404475,-0.00962584589181932,,,,,0.01855564875356651,0.08250217803008758,0.0314775597017946,0.021161667434687885,0.023018282104378562,0.07609786353988432,-0.1276810000412171,-0.009099677357881626,-0.01866516700635216,0.0256959610840211,,-0.09624518385136799,-0.013463433354874576,,0.03964848662606313,-0.10627315104936622,-0.18510803532584796,,,,,,,,,,,,,,,,,,,,,,,,-0.06765126113873106,0.048537186869762584,-0.021943105403946218,-0.025237280297562715,0.44462152393303217,0.405320921817469,0.484882574019799,0.31471664019997037,0.754314673262421,0.5837774313116632,0.5046034603126607,0.29924980393518524,0.40353258194367797,0.42183299716520045,0.59319033986228,0.7480472940298529,0.7442473088068323,0.7649561778107064,0.4611543828426535,0.9553087841149974,0.6510203964142908,,0.7330850254326163,0.5971296147783333,0.8448410385164989,0.5738389013771182,0.8994846495998051,0.3879104404084227,0.2764391499692596,,0.6024761456429429,0.277778454722534,,,,,0.5337997274778401,0.4324848534156508,0.266164257714712,0.3770181539486661,0.5610942848615825,0.4631258039350516,1.0233913721229715,0.1891496515167135,0.8055257253083371,0.8370862627771688,,0.7885225954620128,0.36070873226525313,,0.4753751494032915,0.7424966057230851,1.0066872232682293,,,,,,,,,,,,,,,,,,,,,,,,0.7563364017558604,0.6875051138152106,0.448491752889907,0.31942928349321725,-0.0733634541232426,0.05081055747795933,-0.027988518790930412,-0.1850329411777568,-0.04756265259935812,0.08011975709312387,-0.004610083500815598,0.17131012966431378,0.15678345759761542,0.07846181232113505,0.04540354698451184,-0.028397171856246784,0.125940165979877,-0.10971941459985987,0.04738870085258202,0.02584324809653446,-0.011739559527225699,,0.06333132894093235,-0.06279845062862537,-0.2421257688911185,-0.1235314109196249,-0.16247720807635072,-0.04377633384483063,0.16440851799050293,,-0.038746575997847865,-0.034652960761245286,,,,,0.03476144291275761,0.1907631617119241,0.11826366159025678,0.05612904103702446,0.041023911177525164,0.16431359015909255,-0.12476263091445611,-0.04810834852147516,-0.023171410198237378,0.030696909299133164,,-0.12205761053045767,-0.03732494434033834,,0.08340462616910324,-0.14312947726659495,-0.18387839941475684,,,,,,,,,,,,,,,,,,,,,,,,-0.08944599384834101,0.07059901940279754,-0.04892644126130158,-0.07900740978276215
2023-04-28,-0.4009644176898389,0.44783687408313305,-0.267453150551069,-0.664117009728721,-0.5351177427878,0.604177896472362,0.013184667197396029,1.4114550711347797,1.5581602963361558,0.5273712899109272,0.5472856497720995,-0.17440483531944956,1.4349472960485443,-0.56629757336499,0.49331163965585684,0.5775420338560552,-0.1643843881467406,,0.6791352563718706,-0.566556627681283,-2.8580138717159564,-0.9281930481351077,-2.107926721546267,-0.40803280603901004,1.0009537518981348,,-0.31816628908986955,-0.09952011961973194,,,,,0.3042973673304644,2.1614487288830118,0.7506091169924727,0.9211260736045052,0.36312687198609284,1.3258765184159584,-1.8307898279267423,-0.2973089740267657,-0.3119906434504215,0.7007718550709608,,-1.4567114531913743,-0.3735399322634485,,1.0190280434840715,-1.1968811360138154,-2.0498978304598,0.1643069768083721,,,,,,,,,,,,,,,,,,,,,,,-0.8076766309384511,0.4179696412599975,-0.28590709487530175,-0.5694488098513694,-0.03590434394501459,0.0207793819970061,-0.02694542101477595,-0.051421738143399384,-0.04101870895811477,0.045986236918974556,0.0006523201783310865,0.04883171258297504,0.06676575253932863,0.021937810702354656,0.03670354644220647,-0.015022418626224958,0.09531257051732865,-0.06974690762345553,0.023542710656114265,0.03730698543274419,-0.009841207747631352,,0.05444879511714849,-0.02856838510179968,-0.2172213566209006,-0.07111146569968355,-0.16003494264242485,-0.024304924558997795,0.04753666938433993,,-0.02332297296279788,-0.004864772638950316,,,,,0.016069047647522247,0.0801869528049093,0.029804310751708727,0.033897895255708896,0.020452249296896916,0.07816809240107486,-0.1361807702552772,-0.0076224618806578544,-0.023187915165955846,0.04619094857728203,,-0.10160893297005284,-0.011823139669936164,,0.04653240867974272,-0.10531707134110731,-0.18552821323229354,0.01839350111948493,,,,,,,,,,,,,,,,,,,,,,,-0.06118054155447795,0.02545359119454885,-0.01629477736720139,-0.021887574218633174,0.4407888612075181,0.40947631172209314,0.47906942583698603,0.3130930874444116,0.7439767992852719,0.5741703542139113,0.4997019605690153,0.30112297735517574,0.3999348931815452,0.4198962963248389,0.5907540015016385,0.7437384934780019,0.7493066416843593,0.7521599770301896,0.46278920287733694,0.9451302919253532,0.6491984941866273,,0.7243777195523885,0.5967059620523619,0.8420060155590083,0.5809436867136344,0.903564621823716,0.3887632192305716,0.2751267357042051,,0.6093864705072436,0.27874946169831105,,,,,0.5354063186644816,0.4362878384433054,0.26622478846769143,0.3729419269801949,0.5590349778289918,0.4580546832646593,1.0317074640690194,0.1927149357192538,0.804395051138239,0.8427182605733896,,0.7862867995024005,0.3594135935250838,,0.4782417381242103,0.7388800261000502,1.0080353999984277,0.9441164523835491,,,,,,,,,,,,,,,,,,,,,,,0.7466049794115075,0.6939314392930288,0.4482344081513519,0.3137207488393297,-0.08145474422075122,0.050746237089067135,-0.05624533639920642,-0.16423785834150395,-0.055134392628265916,0.08009162538865958,0.0013054184890295077,0.16216534856248396,0.1669415539319326,0.0522457828143909,0.062130000556762495,-0.02019852240802336,0.12720102187146828,-0.09272882066770231,0.050871348142394544,0.03947284914204264,-0.01515901197516066,,0.07516630294867957,-0.047876821950193216,-0.257980765703541,-0.12240681382038436,-0.17711510474969372,-0.06251858035104597,0.1727809885966432,,-0.0382728762313745,-0.017452132855472317,,,,,0.030012809127103513,0.18379369246463517,0.11195167408434517,0.09089322707743998,0.0365849188476955,0.17065231566666492,-0.13199552683101162,-0.039553041658183775,-0.02882652638544254,0.05481185200122931,,-0.12922629889546128,-0.03289563857052896,,0.09729892849222037,-0.14253609195120742,-0.18404930345956394,0.019482237676346024,,,,,,,,,,,,,,,,,,,,,,,-0.08194499533434932,0.03668026803985239,-0.03635324970790564,-0.06976769722630864
2023-05-31,-0.45940106909873657,0.32109582357740496,-0.2636614605932796,-0.34381272969291815,-0.43805741241926155,0.6833939180878151,0.11279569447991973,1.5810773565151208,1.5262985909544127,0.353316765275644,0.6863996151913685,-0.16288746502701212,1.4905332764847734,-0.6163366105609696,0.48223237681418574,0.579323524073431,-0.12840074955658423,,0.7360604616560057,-0.6437310593785109,-2.881305664877543,-0.9740860766354358,-2.345511678211214,-0.39895020611909554,0.7830367190672705,,-0.41787274298145866,-0.15326423462382974,,,,,0.4419077256377625,2.168156335404801,0.5682728671003022,0.8504277173800887,0.32525670936043755,1.3089806180531622,-2.028432578324426,-0.4040328423614517,-0.18743752220583554,1.1314259226929768,,-1.567269409008909,-0.34142775101044287,,1.1549141740043767,-1.1294465925989938,-2.036178862172702,0.15627217307231187,,,,,,,,,,,,,,,,,,,,,,,-1.0546866743977399,0.37821642075758444,0.2452706544802763,-0.48476793934898704,-0.04092661666374515,0.014831160214071416,-0.026401803429433615,-0.026537450613348685,-0.03341504474236808,0.051853996988783534,0.005536805134938053,0.05544515314896787,0.06508495334763685,0.014447166754294145,0.045610965349171875,-0.013753396655728205,0.09871381512558791,-0.07542458889098584,0.02280236004149059,0.03728363637991561,-0.007625691521858004,,0.05866571636860241,-0.032149408409616394,-0.22026887337370743,-0.07435770844351593,-0.1795905012023395,-0.023564793601122135,0.03748401715454246,,-0.03048266042087358,-0.007417349876269905,,,,,0.02314819672018901,0.08028876100793782,0.022816021220692373,0.03099042778393497,0.018114024674466128,0.07664203999308675,-0.15003121244932202,-0.010172767645149357,-0.013900451913853137,0.07418571529913029,,-0.10900878551061198,-0.010727791876155949,,0.05250360416825021,-0.09792934740636011,-0.18166179468950167,0.017209204774351054,,,,,,,,,,,,,,,,,,,,,,,-0.07879216177826875,0.022966346110971685,0.013476307402025002,-0.018528198400859612,0.44483484592236666,0.41102673990521466,0.4864051786594584,0.3043003475466796,0.7368355983836206,0.5774241788299023,0.5023802671225435,0.2985093764223562,0.39893337176412086,0.42017365328924017,0.5835288541085919,0.7505343704000339,0.7497306395635926,0.7558909137163973,0.4641156244040044,0.9381384393023283,0.6488747091239463,,0.7219133282277677,0.5985334381577495,0.8396082869672546,0.5823588551060764,0.904519801640212,0.3875341343467683,0.27894773445660964,,0.6080125594713253,0.2760660391333277,,,,,0.5336049152959136,0.4360654563477363,0.2663541701250802,0.36846612732778966,0.5548179632481466,0.45567638435512453,1.032804623978172,0.19377342320299243,0.8037497272713842,0.839158182617348,,0.7886765834535948,0.3559665767349125,,0.47889350310819917,0.7334764516419119,1.005395079119673,0.9404149366350874,,,,,,,,,,,,,,,,,,,,,,,0.743184206839272,0.6926944659312838,0.44530443773636696,0.3144605882522839,-0.09200407081168216,0.03608320037156603,-0.05427944558936948,-0.08720808512805871,-0.045349389763021636,0.08980226130097453,0.011021143737692793,0.18574007226667277,0.1631474275010513,0.03438379974850296,0.07816402741360223,-0.018324805895828144,0.13166570754404247,-0.09978237272380336,0.04913077440728766,0.039742147659616825,-0.011752178678921766,,0.08126421008547033,-0.05371363796911727,-0.2623471883172326,-0.12768365723566047,-0.19854789345316584,-0.060807014176553,0.13437648894177737,,-0.050134919001309196,-0.02686802730084323,,,,,0.0433807786559688,0.18412089249259933,0.08566046182035725,0.08410658534255362,0.03264859084305548,0.16819401361242572,-0.1452658217886647,-0.052498260478644726,-0.01729450280629418,0.08840492392953118,,-0.13821734763984658,-0.03013707627990285,,0.10963524004289481,-0.13351396242802607,-0.18068697416797114,0.018299586814228583,,,,,,,,,,,,,,,,,,,,,,,-0.10601969343962268,0.03315508819620045,0.030263132949066553,-0.058920574129292476
2023-06-30,-0.6112508181462819,0.22272987580126344,-0.269288457579094,0.04077117282714408,-0.5456622353513022,0.7843621513368327,-0.09915569974971743,1.6109222903473261,1.4153669372032303,0.20281466727397487,0.631641655605106,-0.23390958985126084,1.4576161953851234,-0.7118585680783043,0.4448283882634746,0.6243901041595689,-0.13313233100344635,,0.6665772315521716,-0.8229048396430456,-2.94358106620487,-0.9595654366389906,-2.4084359499317847,-0.3832589229442894,0.747250076388052,,-0.3578900067260082,-0.22427572187851444,,,,,0.20433932342330635,2.1842751748687186,0.5520959004046156,0.8405153991012537,0.5551385138843498,1.1392302448114773,-2.1707307930932975,-0.014664219829002307,-0.25666888819761086,1.0064463463928985,,-1.5451094873102351,-0.42292957030497474,,1.4297606091212152,-1.0975001352338436,-1.995348847482255,0.11088132151419088,,,,,,,,,,,,,,,,,,,,,,,-1.3958753416433738,0.3953148800693896,0.04088265626963556,-0.6867830833932916,-0.05466003009929155,0.010236627138313411,-0.027026682346727813,0.0030134081446946057,-0.041385708481594966,0.0596672641778586,-0.004828863800518172,0.05604412782601762,0.06025001100831017,0.008276718974959832,0.041845744385389336,-0.01971124812845106,0.09643273423531569,-0.08652137916434685,0.020856591239906134,0.03996854572036084,-0.007872667898865352,,0.05292209697484831,-0.041208414089099844,-0.2268664248800549,-0.07294934519852955,-0.18533341825278066,-0.022552763649040748,0.035694943106192756,,-0.026119837015965108,-0.010863864261138301,,,,,0.010618784639395546,0.08100085383853553,0.022076765347122954,0.030337914006653886,0.030848357198245517,0.06638131131664932,-0.1594241309149588,-0.0003724851337326805,-0.018908087706270216,0.06613562931889322,,-0.10823076316947439,-0.013074637157583996,,0.06623528181143148,-0.09415523693778693,-0.17627975092658268,0.012075586447299988,,,,,,,,,,,,,,,,,,,,,,,-0.10772750432784997,0.023823378876775162,0.002236850716755775,-0.025939817917572057,0.4439633797154922,0.40767093850108066,0.48612382446390023,0.3152683378103894,0.736098968586114,0.577611650920355,0.5021528537097353,0.3009020608476329,0.3960719900586243,0.41811111606057716,0.5807070769376457,0.7511714546425268,0.7536541642805845,0.7506946821845868,0.4625522779934282,0.9325926591477258,0.6487584812837089,,0.7202379774204115,0.6027132670494754,0.8508363621258057,0.580179472798575,0.9055002927800944,0.389796838544182,0.2794982862975259,,0.6117848450934723,0.2780120949874599,,,,,0.5369138439886558,0.4360644047010458,0.2666029553909896,0.36645014167785517,0.5497962829959937,0.4531890399757878,1.0364667973032213,0.19592534736867473,0.8033914174104247,0.841804546252936,,0.7849778442698456,0.3536742296257513,,0.4800899488059668,0.7342988794297239,1.0036234581692725,0.9396062388772985,,,,,,,,,,,,,,,,,,,,,,,0.7373349791510927,0.690282762991213,0.4435312019462861,0.31309834371852974,-0.12311833046752567,0.02511002421696114,-0.05559629252183427,0.00955823272842244,-0.05622302196821157,0.1032999664788374,-0.009616322529771883,0.18625371879522143,0.15211883829349385,0.019795500901632755,0.07205998694912166,-0.02624067781946187,0.1279535612031912,-0.1152550846804484,0.04509023570348184,0.04285745263841895,-0.012134974918998478,,0.07347862600135711,-0.06837150655540014,-0.2666393151242755,-0.1257358259275331,-0.20467516104689973,-0.057857738747371795,0.12771077625927013,,-0.04269448193339009,-0.03907694829474355,,,,,0.01977744615506674,0.18575433574787553,0.082807654231537,0.08278865405194419,0.05610870453715,0.14647598565092357,-0.15381499082244002,-0.0019011584704850435,-0.023535336943499772,0.07856411516578045,,-0.13787747508994502,-0.0369680232891699,,0.13796431684555252,-0.12822467741052582,-0.17564331472297165,0.012851752093226487,,,,,,,,,,,,,,,,,,,,,,,-0.14610388408790617,0.034512492784175786,0.005043277016228204,-0.08284878677254047
2023-07-31,-0.6584955148624685,0.2884030524069556,-0.2459274938758374,0.06432123188700073,-0.5966982281453421,0.8784260305307489,0.012005602146535817,1.5147872528810506,1.494240906012031,0.32842796568133215,0.5443092995830293,-0.20424150897601076,1.4176912496541838,-0.460680197182321,0.2035322949728683,0.5028888765285906,-0.06145351570927988,,0.6691173080737254,-0.5822669044142755,-2.7622773091204733,-0.9635632909867233,-2.3470183654067514,-0.3955427634021997,0.7965136580505232,,-0.16559826343560388,-0.6091575816692284,,,,,0.3079979574804757,2.156563138961575,0.581512185091694,0.8224733085550066,0.5157339057261596,0.9416970542406778,-2.0540322500384978,0.03924534221352979,-0.1563183247256987,0.969606502087393,,-1.4509188599794638,-0.6482122884002643,,1.4337993975302505,-1.043216407072995,-1.9730683736141286,0.09139323665409599,,,,,,,,,,,,,,,,,,,,,,,-1.1137374411926608,0.42837540570234456,0.18836091460121338,-0.5790330737064397,-0.05872191173658363,0.013185133502623106,-0.02468352749447521,0.004688051151266433,-0.04526013665321769,0.06688142214481635,0.0005815170094418362,0.0533445376077887,0.06325338086067744,0.013137185243659952,0.036185146342528125,-0.017061141021959107,0.09469763248349443,-0.05554665379596503,0.009416831181867263,0.032091142162644394,-0.0036191166157220262,,0.052713594410599716,-0.029166230455348365,-0.2159961325149988,-0.07350410963137807,-0.17958880160325877,-0.023214130202300717,0.0379756858396969,,-0.01217916074332072,-0.029225127967170833,,,,,0.016139432055762057,0.07963468447535181,0.02315953951092945,0.02963971953029428,0.028172696163927227,0.05394357514511415,-0.15054207195495165,0.0009994615863426625,-0.011522758899950188,0.06372666753814603,,-0.10026103209138866,-0.020055901076006792,,0.06740306961936249,-0.08875742476376994,-0.1732824391666815,0.009858818112246405,,,,,,,,,,,,,,,,,,,,,,,-0.08658273783225723,0.025479146590698783,0.01027985816291969,-0.021717938785064655,0.4474306669342308,0.40791577823146025,0.48990401479798856,0.31857722408066247,0.738657304845643,0.5837189433863486,0.5001769091851677,0.3038277745502161,0.3949667167474575,0.41230182309435287,0.5825826349641573,0.7480251559081074,0.7544269759613678,0.7364733450347205,0.46307678756410325,0.9336089152842555,0.6486770334446512,,0.7174031489392231,0.59926293724443,0.858419373293178,0.5887490052293539,0.905458350826713,0.3899933881901679,0.2789267619930558,,0.6189432638046243,0.27777369406865915,,,,,0.5279926021789372,0.4374255329257003,0.26624543780098686,0.3654798213773286,0.555244382499707,0.45202741639524713,1.0429440195149788,0.19713493551642708,0.8060855485742743,0.8441138117053782,,0.7898040831403252,0.3540607620717025,,0.4876980163523355,0.733748651441058,1.0041788223222847,0.9419722266978205,,,,,,,,,,,,,,,,,,,,,,,0.7349306379420146,0.6930465911605547,0.43894686728766963,0.3113806774148824,-0.13124248308445818,0.03232317602370746,-0.05038441561793169,0.014715587923132375,-0.06127352475404774,0.11457812514497967,0.0011626226616282202,0.17557492130783459,0.16014863576750896,0.031863029721926756,0.06211161159095374,-0.02280824499979118,0.1255225959581059,-0.0754224904003095,0.020335355679134966,0.03437321734751603,-0.005579227302843657,,0.07347834267042715,-0.048670172377858756,-0.251620756980783,-0.1248479555438802,-0.19834021237894414,-0.05952441991396296,0.1361493087588431,,-0.019677345979106087,-0.10521200744065803,,,,,0.030567534448697423,0.18205312328870912,0.08698567645782815,0.08109810117175702,0.05073927274526203,0.1193369543274485,-0.14434338673801614,0.005069936405358137,-0.014294709687241662,0.07549534986212096,,-0.12694418050200834,-0.05664536493299751,,0.1382065691459926,-0.1209643446559708,-0.17256133600382545,0.010466145214076529,,,,,,,,,,,,,,,,,,,,,,,-0.11781076112802978,0.03676397361399929,0.023419367875753966,-0.06974722698071517
2023-08-31,-0.6738558203297754,0.2763906238124277,-0.2286091838205509,0.028870435304773692,-0.45137988085789177,1.0151375688071493,0.1400052296707444,1.7439846274918742,1.4489321456403967,0.5285437264059374,0.6792570233561573,-0.1794697752600162,1.3718764785380309,-0.4700314131036418,0.1895853333464221,0.7142475364182692,-0.13101742840071387,,0.762375989800384,-0.4924794777805865,-2.901629906739972,-0.8927563845301952,-2.321135750215645,-0.44482545846365024,0.7150289098687688,,-0.12237034058505654,-0.5205088305307009,,,,,0.3762539403915512,2.181099445266327,0.5406057314892406,1.0414554514761423,0.5125000450164922,0.931336569030868,-2.21718742353602,-0.10873668766465813,-0.008473685307842987,1.0448693461247367,,-1.419898275109577,-0.7883513957297225,,1.784875153659027,-1.063368646012896,-1.8997432048906753,0.18884048751932292,,,,,,,,,,,,,,,,,,,,,,,-1.233131462086588,0.4799465962318705,0.2326437760332516,-0.5978495429125174,-0.05983473084725366,0.012579965661553276,-0.022904768590439606,0.002121031823895359,-0.034517078671955935,0.07700969307655264,0.006768042503665217,0.06385666418732915,0.061252493669260305,0.0210187904339408,0.04462341657110661,-0.014897744261781896,0.09122124166986743,-0.05647641713062497,0.008808411304750987,0.045496814096360125,-0.007685000677868141,,0.05998522157944697,-0.024741697244271475,-0.22820152072725033,-0.06820618992734888,-0.17840657299885154,-0.026013004461269196,0.034025714223070644,,-0.008946180650683117,-0.024883526994544762,,,,,0.019681082220885812,0.08012859355979186,0.02149452965851533,0.03654653748732302,0.027746657665246928,0.05319712021324282,-0.1624789117984848,-0.002761609197621496,-0.0006253332606018687,0.06857939661895554,,-0.0977151019216472,-0.024887100058798045,,0.08560778966584263,-0.08990888751386761,-0.1658215540856224,0.020192330159748726,,,,,,,,,,,,,,,,,,,,,,,-0.09700053493565435,0.02849252022359926,0.012598499705123415,-0.022322201713207847,0.4473712455021633,0.40781366643413774,0.48371758675028115,0.3109969941280337,0.7248740138029169,0.5893126933916293,0.4980712442063643,0.3002179568653287,0.3945226747154705,0.4035284199077854,0.5788294624796031,0.7476984435227457,0.7611316565370765,0.7406058218711099,0.46141218228563785,0.9209556312406014,0.64667992174247,,0.713102299391737,0.5941569899025277,0.8721977431821375,0.5806467164718713,0.9047195077322928,0.3887129316037275,0.2793664907160787,,0.6241587615702279,0.2732682228011646,,,,,0.5279875668173589,0.43562673433584853,0.26723538197995217,0.35987513285509426,0.5587269402236855,0.4503074770593848,1.0497762144154712,0.19753808789865845,0.7956774367753702,0.8412297738074006,,0.7897640327204539,0.3489922422085295,,0.4870124044345875,0.7314309257301423,1.0015493271718878,0.9340674075199348,,,,,,,,,,,,,,,,,,,,,,,0.745951110422819,0.6907135729379829,0.43572728815905515,0.3084904796658169,-0.13374737748308038,0.030847337146767618,-0.047351531591643736,0.006820103936509931,-0.04761803846556519,0.13067713276858886,0.013588502814390616,0.21270101513605952,0.1552572199137491,0.052087509570562664,0.07709251077156264,-0.019924803095204908,0.11984949106557603,-0.07625705262205426,0.019090114311932336,0.04940174374640856,-0.01188377807859105,,0.08411867642358362,-0.04164168336777521,-0.2616396597114285,-0.11746590136905226,-0.19719545281612538,-0.06692086202006804,0.1217959753721899,,-0.014333181237697851,-0.09105898497627554,,,,,0.03727565468922089,0.18393865032630513,0.08043294828425017,0.10155338380114941,0.04966049722631702,0.11813510306476077,-0.15477480778029928,-0.013980135309592875,-0.0007859130241723923,0.08152278813024606,,-0.12372695877913523,-0.0713113274418505,,0.1757815383885996,-0.12292191149029844,-0.16556503967094552,0.021617637011189454,,,,,,,,,,,,,,,,,,,,,,,-0.13003604871728475,0.041250847442312416,0.028913726653090725,-0.07235945088934075
2023-09-28,-0.6876019405721816,0.3618886860937954,-0.21076990640156854,0.24033266277802087,-0.4288646898952964,0.9646726518171901,0.2302154658551776,1.796331016132637,1.4897077442384488,0.3641261873022581,0.6489897990283132,-0.286086921147297,1.3418727711164666,-0.46521496010758734,0.08646819022689783,0.684459891151752,-0.1480442515290572,,0.6948299956277884,-0.5193759154958343,-2.947171973306938,-1.0404498165051002,-2.25544320989068,-0.42630947272013037,0.7064394761107011,,-0.19019869613240842,-0.4027686979929752,,,,,0.3356591943429738,2.2503475593805042,0.44822306844952986,1.1285636258857037,0.5303417827433498,0.8136028556285072,-2.1852621216369643,-0.18870153526177208,-0.029835066890644864,1.2114284791471508,,-1.526855947389889,-0.7188107698992057,,1.878335882581674,-1.0975832616106813,-1.891158563716736,0.18346529907803782,,,,,,,,,,,,,,,,,,,,,,,-1.3293612672203552,0.4462498538965911,0.2769670956276999,-0.6127541905398655,-0.06092981990279956,0.016378324103045006,-0.02114187940949603,0.01753402299574717,-0.03268057972673296,0.07274243990512014,0.011118499559541525,0.06594768400186238,0.06280160611242078,0.014426145225142212,0.04279938429947258,-0.023659176784149267,0.08903335234199448,-0.055990428344547885,0.004005096634925412,0.043371686573950304,-0.008668643621829626,,0.05459542897512931,-0.02603035661715915,-0.23118731079410887,-0.07982200827883192,-0.1734796506757678,-0.02489667946269451,0.03357944606631675,,-0.013889801307873118,-0.01915282903248527,,,,,0.017514672713975075,0.08246634154542357,0.017720458393753274,0.03951008456251427,0.028416261453686684,0.046467103248024826,-0.16065554351340078,-0.0047857065172827555,-0.0021897856511475335,0.08021495028953392,,-0.10488409922729615,-0.022660003876417433,,0.09009567437187496,-0.09226243996698731,-0.16396600743306322,0.019463383093716605,,,,,,,,,,,,,,,,,,,,,,,-0.10430555459006764,0.026391123465505963,0.014956608584767658,-0.022799209156443817,0.44862305935071717,0.40764711590887037,0.4858220576260687,0.3040067287850472,0.7218272753595211,0.5839274753542977,0.4925047728421154,0.30019549337309165,0.39434514115704083,0.3993376447670973,0.5764323305666442,0.7432538264066764,0.7612772569269542,0.7428244069651426,0.4632182137575554,0.9118850546545703,0.6394885342793667,,0.7120688996747326,0.5936411361341739,0.8771515099023379,0.5812956285434244,0.902515033991158,0.39218133493072277,0.278072175726538,,0.628410747430508,0.26993844460373567,,,,,0.5317585080058884,0.43502630763577654,0.2667531964575962,0.3549480484615251,0.5499237885205599,0.4474496640656488,1.0520222860145096,0.1957818254948187,0.7895605158329657,0.8378892200316398,,0.7883989117682917,0.34780203294928386,,0.48879928040892073,0.7309202722915469,1.001200878204729,0.9328581789339786,,,,,,,,,,,,,,,,,,,,,,,0.7405981665110641,0.6883210981443058,0.43410100198396584,0.3061220923819991,-0.13581517631078086,0.04017770140855451,-0.04351774292176885,0.05767643060343207,-0.04527479196523257,0.12457444284666294,0.022575414843960983,0.21968245845683196,0.1592554327616558,0.03612518232173143,0.07424875745154674,-0.0318318936863488,0.11695259714101426,-0.07537505205745786,0.008646241697701566,0.04756266851021027,-0.013555588813798257,,0.07667155383428215,-0.043848640252039085,-0.2635659953658967,-0.13731740677088025,-0.19221801758647203,-0.06348257105885063,0.12075802254785636,,-0.022103061357029233,-0.07095257980241106,,,,,0.032937268422193494,0.18956633219172592,0.06643016327105256,0.11131230255741778,0.051673090066050656,0.10384878340462286,-0.1527111598766882,-0.024444079552263687,-0.0027734234517000473,0.09573455341328403,,-0.13303430238386896,-0.06515201675006221,,0.18432039076756113,-0.12622777540118083,-0.16376934040157212,0.02086424660601501,,,,,,,,,,,,,,,,,,,,,,,-0.14083960682950109,0.0383412967242406,0.03445421345818525,-0.07447750333547791
2023-10-31,-0.7081128519018484,0.273694788443955,-0.2905474206348384,0.23701467359945114,-0.30511002125496695,0.6432350980795708,0.1868187917806595,1.5495721921890084,1.343365413195645,0.14627592014961838,0.7494919680334557,-0.49317270635418253,1.2555332921110551,-0.3546197078607946,0.08607674989429996,0.6453036547133234,-0.06838064311534557,,0.5582966532140751,-0.7687070664526575,-2.989103244110067,-1.1515257033567425,-2.4098386244942986,-0.5205877140447016,0.6818849390578827,,-0.19326012045826202,-0.4186747240918388,,,,,-0.16405663540199292,2.410882068946098,-0.019250273146997305,0.7894482186419929,0.5682340758696831,0.8821617927026358,-2.2537841957448554,-0.5547853216294758,0.04891672546646196,1.2361882377178195,,-1.4196682707517971,-0.9751723164252294,,1.5779270604208944,-1.0994161463444463,-1.8264144803472602,0.07182672719812407,,,,,,,,,,,,,,,,,,,,,,,-1.449312037822186,0.3901983270507211,0.24761553647646392,-0.5806564866178073,-0.06221354439681561,0.012293149088518798,-0.028875980144582543,0.01716328436102071,-0.023105659500089335,0.048926407019695625,0.008978723926055086,0.05694762441373344,0.05640641676319201,0.005730445177397005,0.04876749517435436,-0.040473843957563864,0.08280565031925147,-0.042386361178321966,0.0039546326591659,0.040459510379541305,-0.003984436448445017,,0.0437668301154757,-0.03761519414165571,-0.23477331036544788,-0.08786733859452346,-0.18392251159223935,-0.030235267421240317,0.03217198677099255,,-0.014002976165767879,-0.019860979116464225,,,,,-0.008554696725220304,0.08807532241471037,-0.0007959960930562643,0.028182006787191863,0.030053551768705188,0.05002826435986274,-0.16451064809367574,-0.014312306498494885,0.003568627255322844,0.08175660418837592,,-0.096809155936229,-0.031045349463108354,,0.07567228966437717,-0.09131447976295082,-0.15702985915125678,0.007530305106451575,,,,,,,,,,,,,,,,,,,,,,,-0.11289400680524288,0.02292174706322529,0.01326651457023795,-0.021445505626712213,0.4495274476080565,0.407570268166741,0.49007790082173897,0.29882518563393146,0.7182639855865407,0.5729715918393584,0.48896470544353055,0.3008737397254697,0.3962069962213679,0.39428959656951335,0.5605420183042867,0.741703393923866,0.7651099821046617,0.7403308048761369,0.4603788228614917,0.8969406640110689,0.630933625299677,,0.7088049101117849,0.5922558157823415,0.8669527795396186,0.5799473590257204,0.9090256919213807,0.3939670832121134,0.27722820173430024,,0.6267733039538399,0.2619167839376361,,,,,0.5348771353638233,0.42873315928801287,0.27325585500566363,0.35775579750306985,0.540701598267465,0.44176806075423874,1.05705375912595,0.19606249529853423,0.7785744799500189,0.826110601799996,,0.7865628455880576,0.3514840273391947,,0.49514065715187994,0.7242195720621145,0.9988946590692538,0.9299410061572689,,,,,,,,,,,,,,,,,,,,,,,0.7382520417143263,0.6833269742073353,0.42978632830049396,0.3056142137061427,-0.13839765453223152,0.030162035969438155,-0.05892120435580689,0.05743586948539932,-0.03216875684115089,0.08539063317717314,0.018362723988249126,0.18927416020319662,0.14236602912402066,0.014533594665581611,0.0870006058098596,-0.054568772758937116,0.10822712061796656,-0.05725327231981592,0.00858995345308418,0.04510834663087815,-0.0063151436041350845,,0.061747357405542345,-0.06351173452297441,-0.2708028809713494,-0.15150916238697207,-0.20232927762854291,-0.07674566914251954,0.1160487517854575,,-0.022341372993127925,-0.07582934861170729,,,,,-0.015993760360314153,0.2054315615824421,-0.002913006541213055,0.07877442373788517,0.055582509585700934,0.11324554399530053,-0.15563129753183536,-0.07299869603670134,0.0045835399787980905,0.09896568814180338,,-0.12307872979158026,-0.08832648726068135,,0.1528298849455325,-0.12608673292679115,-0.15720362274994387,0.008097615931110013,,,,,,,,,,,,,,,,,,,,,,,-0.15292068348783286,0.03354433225735702,0.0308676979621427,-0.07017182010825163
2023-11-30,-0.6276802644919136,0.2718236637097367,-0.26426432634536406,0.4091350472702663,-0.42808717001352126,0.9382998116005884,0.4342209270574134,1.4615949599063633,1.397573454095356,-0.042063893980722515,0.7499950087975985,-0.3959221411347791,1.4488039390920113,-0.17634077732964853,0.059127949476740216,0.8376503488271918,-0.21629396148902297,,0.8107449821279334,-0.7175194405916242,-2.897484439079771,-1.131293779666768,-2.371501827664906,-0.29611033137628573,0.6785882969273844,,-0.37004735061899124,-0.47793352930446353,,,,,-0.35626333655303855,2.3453244251693675,0.04497210029839054,0.8976996365209521,0.5229527917474335,0.9789286950681083,-2.3671109044896066,-0.6273707061587969,0.21327427637875324,1.2052746751269063,,-1.817464859783446,-0.5508905735910922,,1.3570503546271988,-0.9121229776409655,-1.8040852092671684,0.17108799259458332,,,,,,,,,,,,,,,,,,,,,,,-1.097895476705981,0.3181292345794548,0.34196410387792586,-0.6430841489111204,-0.054650161020513545,0.012170700207331343,-0.02602389686599103,0.02957034806245175,-0.032090538585275885,0.07006298985472913,0.021127762297295336,0.05427931051809645,0.05824318794032914,-0.0015618226478012213,0.048186787797678265,-0.03186845247416916,0.09512482807129866,-0.02092692219187292,0.0026994144251282345,0.05191229357807547,-0.012225252382734598,,0.06281858228991964,-0.035613770690780304,-0.22471846850130286,-0.08576166236241885,-0.17988946161451738,-0.01691370151379085,0.031512455375330706,,-0.02631331032519702,-0.021429059708056003,,,,,-0.01821353538036821,0.08281515608206769,0.0018413958454397347,0.03167960923594021,0.026635728142541584,0.05493729810805237,-0.1713193286102011,-0.01585199070627134,0.015412048154749449,0.0785328572522191,,-0.12173817707431832,-0.01745954005925953,,0.06462620106374052,-0.07502533828100558,-0.15157736538356803,0.017469706953845598,,,,,,,,,,,,,,,,,,,,,,,-0.08184996786442661,0.018337239840284215,0.0178462635215195,-0.023485128377068412,0.4404652699101182,0.40909213082020357,0.48907318517521603,0.2827579456694561,0.7141172939695062,0.5932083244251236,0.47898555052490444,0.3006306195240288,0.39557152981241006,0.37678316364413184,0.5463602378134067,0.7439104795919887,0.7634431575352036,0.7342068202409342,0.4615710858932798,0.8767594933892409,0.6243290718091906,,0.7123025176675478,0.577552381545958,0.8542533958926058,0.5651895657061549,0.9018907890214535,0.38227069409652153,0.27105758466887486,,0.6157304685300156,0.23932589653263406,,,,,0.5250173343786012,0.421585262874571,0.27377563915915604,0.3342272197504431,0.5186227613391919,0.4200045353382488,1.0603085528735652,0.1892847328915447,0.7665144004385657,0.8158985432137431,,0.7726092181568537,0.3330293801565208,,0.4818481263120623,0.7277599073061354,0.9875057774155476,0.9224684439341588,,,,,,,,,,,,,,,,,,,,,,,0.7257562318027538,0.6705836734567486,0.40533254671856284,0.2939678665173333,-0.1240737119447931,0.029750511658412658,-0.05321063933748008,0.10457830987716776,-0.044937349727097065,0.11810857496416113,0.04410939385153084,0.18055150404850234,0.14723806834114053,-0.004145149779771869,0.08819600048225883,-0.04283909603161928,0.12459975196897653,-0.028502761912516193,0.005848317859651131,0.059209274572438304,-0.019581424179572593,,0.08819087498893116,-0.06166327389292634,-0.2630583262317564,-0.1517396420000556,-0.19945814260914724,-0.04424535224643776,0.11625741966905836,,-0.04273511166016678,-0.0895392434271482,,,,,-0.03469130291083692,0.19643750238657334,0.006725930221896998,0.09478464758075171,0.05135857916024084,0.13080167828142347,-0.16157497564827228,-0.08374680019943354,0.020106664853173476,0.09625321420833281,,-0.15756759589891828,-0.05242642571371242,,0.13412151575304923,-0.10309078245147935,-0.15349516818045256,0.01893799952585966,,,,,,,,,,,,,,,,,,,,,,,-0.11277887020151942,0.027345192801606334,0.0440286961064363,-0.07989012083293005
2023-12-29,-0.7210059890846456,0.21573175039430562,-0.44023683954505816,0.34711029822413614,-0.40764073344928603,0.6696021935880703,0.03408687045712001,1.611822330083644,1.286019793140464,-0.11694507913864909,0.7694515721813933,-0.5909603378888291,1.418346336815535,-0.12329951061377352,0.09607595178779826,0.8597698667055698,-0.24225688609028526,,0.7381307521321446,-0.768754919177993,-3.154420513412382,-1.2165233692469493,-2.5377680443637063,-0.36181863815421395,0.6183908362639633,,-0.38029901769567664,-0.4803991080446273,,,,,-0.043213605986652144,2.3867785307772014,0.10483269329047959,0.8476029518865533,0.23802174774887278,1.0524550188929334,-2.41757183088661,-0.3746291744578284,0.18517169888891555,1.0124226417463595,,-1.7900182222564627,-0.85638757162841,,1.3260848663772238,-0.8383438573768595,-2.116688217146796,0.05258443842171918,,,,,,,,,,,,,,,,,,,,,,,-1.0435928575669227,0.29353925446341134,0.4259196308850467,-0.703319482447677,-0.062293731358065055,0.00957898466212802,-0.043320689125006175,0.024954536837728063,-0.03016512419630107,0.048640494592943,0.0016984368282498554,0.05967375416508152,0.05296337131877589,-0.004302126454051704,0.048837821746224454,-0.04667366520794502,0.09201236436796609,-0.014368452133696405,0.004398279569425166,0.05276631658149063,-0.013465457844414806,,0.05623125354472719,-0.03740981209840344,-0.24099954531920278,-0.09133928519897337,-0.19237734095724401,-0.020564885171071773,0.02852573458741031,,-0.026771043272624764,-0.02136046124109946,,,,,-0.0021748326760720896,0.08258922475994758,0.004275455062537237,0.028831488664632626,0.012086377319087266,0.058373741492753234,-0.17436910783143,-0.00922922876733523,0.013259029026769419,0.06548765865021396,,-0.11803263964430548,-0.026536976972600934,,0.06278752173998317,-0.06784119990315364,-0.18099525447555287,0.005252148762451933,,,,,,,,,,,,,,,,,,,,,,,-0.07708316508820878,0.0166764648235896,0.02141575105727956,-0.025517247742795193,0.43733444240718305,0.41068248049163547,0.4900334224994143,0.2761747419082711,0.7049081331365161,0.5672895774193955,0.4727640149211003,0.3028138904647829,0.3929645752093724,0.3697948344664024,0.5344460051359065,0.7421464413026198,0.774856048970184,0.7310068835672765,0.4654266113451195,0.8559433209013427,0.615777628994151,,0.7200881994606753,0.5823767228739216,0.8466887196110255,0.5697371516724099,0.9135063156217289,0.390901548514342,0.2710587982506039,,0.6169759922794765,0.23072976057613345,,,,,0.5172708385205653,0.4156261358311321,0.2747183974316154,0.3256080194651645,0.5109686774585424,0.41581352231918456,1.0634305310884336,0.19057222701409077,0.7662080823080601,0.8041914358318206,,0.7624110575287981,0.3212361332116552,,0.4797941962445126,0.727957055064919,0.9846989508655356,0.9175556200607528,,,,,,,,,,,,,,,,,,,,,,,0.7271627580823855,0.6511322155621483,0.3883798022891551,0.29304586247323305,-0.14243957328214749,0.023324551489658975,-0.08840353970969797,0.09035778096614093,-0.04279298645921445,0.08574191476284294,0.0035925679083957094,0.19706412434875256,0.13477899703950894,-0.01163381976457157,0.09138027280006572,-0.06289010175137824,0.11874768802573633,-0.01965570018106955,0.009449995900994556,0.06164697508933836,-0.021867403443041788,,0.07808939736388228,-0.0642364480396691,-0.28463771836941393,-0.16031828875974732,-0.21059223966756346,-0.052608860848033345,0.10523817995030439,,-0.043390737415432645,-0.09257783299285828,,,,,-0.004204437045576124,0.1987103736746319,0.015563046022796886,0.08854661722395689,0.02365385169831256,0.14038442320772987,-0.16396849886655143,-0.04842903350577327,0.01730473657603434,0.08143292222762404,,-0.1548149629766448,-0.08260894161341534,,0.13086344568450223,-0.09319395894460228,-0.1838077052041751,0.005724065819687508,,,,,,,,,,,,,,,,,,,,,,,-0.10600538081940038,0.025611487843820085,0.055141258456419893,-0.08707595298372776
2024-01-31,-0.7158924528374807,0.22059273545287034,-0.44748794602924385,0.2545585209414277,-0.4493883581267574,0.4848788787592264,-0.16067288809470726,1.665282170757081,1.2052564544244364,-0.2442497486942976,0.6108793587323041,-0.6999502184899126,1.464864251231103,-0.27831798097781535,-0.07783866082524685,0.7000145728867424,0.10110183195434194,,0.654457444725093,-0.8071003043083521,-3.139628605874421,-1.2476073854006449,-2.376138506754279,-0.328261651276765,0.5170073774871624,,-0.4478963037425257,-0.6310251787359636,,,,,-0.1150512059350393,2.271809772291255,-0.02660619363211702,0.7231882621210868,0.1473562591206044,1.0890310445809768,-2.7280532996059357,-0.4252811892088776,0.20114901393372914,0.7480903926296516,,-1.8280317856955617,-1.025050410049593,,1.023556423198007,-0.6965639803500955,-2.1792258421369035,0.026925873543573557,,,,,,,,,,,,,,,,,,,,,,,-1.2458884324973893,0.08056541953214802,0.3768607562189582,-0.709830276507897,-0.06162251566918871,0.009774512955724943,-0.04382285290238981,0.018283636518595343,-0.033154538230320336,0.0350066342619082,-0.00816134622317479,0.06161602137719634,0.049552430408957085,-0.008943968167374588,0.03820977765434093,-0.05479466659524574,0.09498142798595635,-0.03252959598659151,-0.0035629989195596753,0.04296473186775723,0.005560796694590312,,0.05013339164240399,-0.039237683142561625,-0.24068699654050216,-0.09329257466721257,-0.17883495006520905,-0.018628768593356663,0.02379892330218968,,-0.03145820080530325,-0.027818084893533927,,,,,-0.005848881608789636,0.07817211957391189,-0.0010818887185217174,0.024487141673283756,0.007463084676982573,0.060076701415800335,-0.19673294906477704,-0.010412689249849305,0.01429497211910403,0.047709134737107244,,-0.11979985984292454,-0.03165046593608736,,0.04911866391341436,-0.05648175775928115,-0.18453059796984117,0.0026635527166344744,,,,,,,,,,,,,,,,,,,,,,,-0.09064890633924501,0.004564043524124081,0.018778429764482185,-0.02564101229589965,0.4384295536635159,0.4119576807603773,0.496280044826963,0.2726507416518279,0.7131438011241441,0.5531455902712016,0.4800677831419763,0.30516836921934176,0.39616715282496434,0.36565728966212857,0.5225281482866062,0.7501320209149628,0.7857386105632524,0.7240379432037782,0.46681504354224196,0.8495679648666258,0.61420782392211,,0.7200482095096963,0.5849026619565325,0.8469831261393177,0.5730049081236629,0.9269903246125989,0.3907719538241544,0.27471858885173783,,0.6186128936725157,0.2222159323915505,,,,,0.5186002973238546,0.4164024853681187,0.28519010793473515,0.31557868099490566,0.505862463525998,0.4151707486546857,1.0689348950268338,0.18761797235185673,0.7679261494250714,0.786350849241841,,0.7577748099439395,0.3164737615533444,,0.48240936327575035,0.7350906119902567,0.983758223050613,0.9149429441951391,,,,,,,,,,,,,,,,,,,,,,,0.7364491671664897,0.6502497015673474,0.37866679501209155,0.29040073339143074,-0.1405528326142049,0.02372698316410434,-0.08830266975104639,0.06705881820759305,-0.046490677165051585,0.06328647444291259,-0.017000403921629405,0.20190828274508824,0.12507960353505249,-0.024459975010039905,0.07312482165723042,-0.07304669720459438,0.12088171143565088,-0.04492802662061062,-0.007632570905434543,0.05057244816723085,0.009053607717142167,,0.06962504868464489,-0.06708412475215851,-0.2841697657397159,-0.16281287183508497,-0.1929199748011895,-0.047671713415081786,0.08663018910246972,,-0.05085280492384426,-0.1251849252848248,,,,,-0.01127820720306517,0.18773211573125984,-0.0037935702831926564,0.07759441035777397,0.014753189285804798,0.14470359872527666,-0.18404577302141342,-0.055499423212619844,0.01861503496111748,0.060671562551380134,,-0.15809427585985258,-0.1000097631498351,,0.10181946631358729,-0.07683645640141816,-0.18757718476559795,0.0029111681045614923,,,,,,,,,,,,,,,,,,,,,,,-0.12308915588569325,0.007018909063891936,0.04959090686544764,-0.08829527390117904
2024-02-29,-0.6641659649029824,0.2433542338786565,-0.4828295124916622,0.3179505942985826,-0.47853908358473823,0.49500097379353775,-0.5512851132495871,1.7323321093644828,0.9144102934983536,-0.05388354443676573,0.46184202151199677,-0.651171080090966,1.428019785982574,-0.136247379427129,-0.3920586758197719,0.5854349029408418,0.32696109256931394,,0.795415564364093,-0.9634759901836573,-3.3350500449184026,-1.1683592217221073,-2.3592488687195066,-0.5842533491471308,0.35554370661161483,,-0.3404458966112694,-0.6298685616531364,,,,,0.06828118107323944,2.431189419014774,-0.15692153501665246,0.48608952693644675,-0.09061139408890467,1.2091862336290515,-2.9386689943790163,-0.41415482613918086,0.1959660811614719,0.7975659388128663,,-1.8386061734576404,-1.2575226090877472,,0.9862767026956937,-0.9137227828825772,-1.9904223310287525,0.026912433073551654,,,,,,,,,,,,,,,,,,,,,,,-1.1842321370712328,-0.10391567943770415,0.4452714134423616,-0.6877298362307587,-0.056309354428073645,0.010621451454848545,-0.04645175044824992,0.02237778428538345,-0.034947142141999614,0.035452751961622335,-0.029371026855705893,0.06392010185158005,0.03817382415788453,-0.001960541089157978,0.02879660901677107,-0.051888368331544116,0.09155830559056168,-0.015680469744669096,-0.018719763587734174,0.035830384948692555,0.01789461784124232,,0.0602750428113647,-0.048753690025897516,-0.25496468465848365,-0.08598533889978587,-0.175648129522827,-0.03356590222415179,0.016245963567735472,,-0.023506156805219176,-0.027234933657317228,,,,,0.0034258813662968075,0.08257271934413275,-0.006309573098963378,0.016489158163876177,-0.0046584228709964605,0.06623376740984852,-0.20824475018586894,-0.00990672164874061,0.013687671602285819,0.04976538520637984,,-0.11919809228146526,-0.038912945171239,,0.04652550059406969,-0.07290671756799923,-0.16817739604684395,0.0025996093614806103,,,,,,,,,,,,,,,,,,,,,,,-0.08524133830097765,-0.0058426788988711524,0.02176229681231188,-0.024394254255720376,0.4395711039478411,0.41086944165108635,0.49772993194462783,0.2737918597483434,0.7164444022619496,0.5523145917641162,0.48503392009961876,0.301583650295019,0.40058918297523755,0.3635534610599457,0.520584186904,0.7459431517904175,0.7830511619253413,0.7107883207163861,0.47086586800949437,0.8452308323711056,0.6043697371322485,,0.7125746331886511,0.5821033218253832,0.8507403446099987,0.5656035456116405,0.9234976397779573,0.3981096185954614,0.2740643431706605,,0.6154568315809935,0.22270879245282307,,,,,0.5192859184027042,0.41462113885086055,0.28555827537285927,0.3117646088280028,0.5043252381189944,0.4136131632809674,1.0649769441021877,0.18620456883804953,0.7620906054041353,0.7811513124322136,,0.7616534757322475,0.3134680541039989,,0.481420619352615,0.7408040934785467,0.9775099942176408,0.9102523255814117,,,,,,,,,,,,,,,,,,,,,,,0.7351380804562319,0.6490557263399054,0.37665158910347823,0.2912442462888498,-0.12810067341177012,0.025851159463614642,-0.09332721917438884,0.0817328327655616,-0.048778582164456755,0.06418941757157771,-0.060554583171571835,0.2119481669150543,0.095294196099759,-0.00539271743815061,0.05531595031349157,-0.06956075433764802,0.11692506191478093,-0.022060674447865344,-0.03975604277045776,0.04239124222217313,0.029608725820973084,,0.0845876908944177,-0.08375435802876664,-0.299697417988759,-0.15202404505226677,-0.1901987855270093,-0.0843132158991108,0.05927791765898957,,-0.038193022806873804,-0.1222894406519063,,,,,0.006597293022762173,0.19915221778847655,-0.02209557082779282,0.0528897690660362,-0.009236941796470863,0.1601345732917497,-0.19553920987597195,-0.05320342948919224,0.01796068801429099,0.06370774063149047,,-0.15649911157678256,-0.12413687666663761,,0.09664210198689524,-0.09841565160048696,-0.1720467279533508,0.0028559216916256096,,,,,,,,,,,,,,,,,,,,,,,-0.11595282650583992,-0.009001813961057925,0.05777832204056647,-0.08375875083048569
2024-03-29,-0.6877781610338969,0.0530309542280358,-0.32709623428868295,0.2843100697294228,-0.779037382591255,0.34707771570860196,-0.0840546363145399,1.7284211187803367,0.7144454454213925,-0.03412516322641862,0.3326488501078317,-0.4697999577151378,1.3701607430550833,-0.1870803623663371,-0.16580803904448352,0.37860496852472453,0.025806234233711284,,0.9086265080747928,-1.0061936220155978,-2.913148065075371,-1.4039473966951534,-2.3557580457203455,-0.6206508849799546,0.46630493900963116,,-0.10102179319991209,-0.45352835343355336,,,,,0.00012146617935215962,1.8475230871905841,-0.672943241044057,0.5704303210233993,0.10268359234495027,1.3085837348414682,-2.59562228592982,-0.5632801797188259,0.4132742573266071,0.7693592204819315,,-1.5773988537113164,-1.409103112653704,,1.0814850584432998,-1.1727596402875657,-1.848025832042188,0.06143817905638019,,,,,,,,,,,,,,,,,,,,,,,-1.0910797228863562,-0.21143506359823808,0.029280003699192113,-0.374835255574228,-0.05745910336633103,0.0023449352347275697,-0.031184720910833044,0.019817683026470686,-0.05680966012764495,0.025361179381385702,-0.004736683991691902,0.06321927474564529,0.029647762734417295,-0.0012513489132406654,0.020395043547694336,-0.03754416998568889,0.08668803303072842,-0.021210827073882853,-0.008103881655385581,0.023451088771843334,0.0014211111782906785,,0.0678591139515414,-0.05390170163590227,-0.2229537694218291,-0.10304553118939058,-0.17394603625978575,-0.03514873915641472,0.02123521870579823,,-0.006931564732572488,-0.019575344069805645,,,,,6.54732582752054e-06,0.0700812487102899,-0.029536088398301297,0.019751143853691748,0.005306562243762633,0.07105227274916517,-0.18547830332773013,-0.013293045682201769,0.028499062616707052,0.047286086011714835,,-0.10152855925881951,-0.04486139090173863,,0.05074013333291254,-0.09416338441384985,-0.15392049894272775,0.005821220043081309,,,,,,,,,,,,,,,,,,,,,,,-0.07920886696245578,-0.011984612188844784,0.001467507438479095,-0.013153651539888804,0.4437001994768391,0.40889810780114383,0.5019752320120785,0.27148444393404014,0.7121726012103553,0.5406974467264216,0.49027605299694105,0.30310103703557584,0.40110044877581347,0.35866691308169557,0.5215832386155672,0.7464767677156185,0.7859892365965617,0.7086358591350211,0.47459820962442284,0.8351465939479941,0.5968191780242476,,0.7113869299791108,0.5942145145177448,0.8505835915704328,0.5644612521726261,0.9219472638885607,0.397333501357425,0.2786471126467283,,0.6155342210394363,0.21451756337315053,,,,,0.529643300849254,0.4064181405535278,0.2938337080463991,0.3063323867265815,0.5033712243133689,0.41134927469846055,1.0675319117688162,0.18340090786874189,0.7596005000285593,0.780272472963976,,0.7646869276552605,0.30636335441210893,,0.4761335524000407,0.7359086536975301,0.9760199345747363,0.9061294417192247,,,,,,,,,,,,,,,,,,,,,,,0.7357319629942778,0.6466791928784298,0.3688014494267837,0.2906146471841117,-0.1294998366781901,0.00573476665699799,-0.06212402310336036,0.07299749016663949,-0.0797695109740188,0.04690456656477939,-0.009661259126848391,0.20857492064015953,0.07391605475611991,-0.003488888625072697,0.03910218357826965,-0.05029516203241291,0.1102916286819641,-0.029931913267518418,-0.017075247000612696,0.02808020644732902,0.002381141944860461,,0.0953898800945556,-0.09071084653603262,-0.2621185873221343,-0.18255554441118083,-0.18867243612841966,-0.08846155442804292,0.07620828546937236,,-0.011261055024475062,-0.09125287348036201,,,,,1.2361764638620484e-05,0.17243632042320156,-0.1005197415731393,0.06447618570386661,0.01054204528874516,0.17272978735953776,-0.1737449731319106,-0.07248080632030166,0.0375184884891934,0.060602017436411554,,-0.1327714069470677,-0.14643197450238354,,0.10656701901629775,-0.1279552617580068,-0.15770220821339348,0.006424269839457534,,,,,,,,,,,,,,,,,,,,,,,-0.10765995083330618,-0.018532546463262797,0.003979126006039279,-0.04526148859783945
2024-04-30,-0.5789108201048261,-0.008728128054724138,-0.20072937022996643,0.08652298134692527,-0.6368068140792833,0.2513218728599421,0.8027926606373519,2.1349565050358197,1.2901415485309455,-0.4122810539236416,0.3088421334073559,-0.44418679311718723,1.3257317557796215,-0.010746442763237362,0.22399468604253964,0.5440571690728978,-0.00532394267411588,,1.3375700811716378,-0.5117247598044887,-2.6539804278466783,-1.4156366661064992,-2.07581380441381,-0.6582261503511626,0.5907568495562869,,0.09561797638361101,-0.5202783187889053,,,,,0.49352636190855437,2.3363625238441585,-0.41275846744855693,0.5203229727600369,0.5999848679355824,1.3384055471616971,-2.4950278981655405,-0.5541635620474737,0.7115350254130598,0.8881810453986875,,-1.3257140865737262,-1.5795043055986024,,1.3663500584011665,-0.8349771329660655,-1.725481691985714,0.18309578141816618,,,,,,,,,,,,1.6750003792825172,,,,,,,,,,,-0.8921997290119611,-0.014250825306751584,0.029032957674277955,0.016116514902174254,-0.0472426055221897,-0.00037976690511132174,-0.018706208408718086,0.005899340631155866,-0.04558491962869933,0.017898792539450054,0.04935553581475107,0.0796014833729928,0.05493523896158435,-0.015528431866165936,0.01847882969168647,-0.03479214373514259,0.08258677636641928,-0.0012089670481693368,0.0112798130855548,0.03313643039937317,-0.00028614197675313395,,0.09863678504742492,-0.029591615943271643,-0.2032605786457226,-0.10330478431577379,-0.15258071428545247,-0.036441282665679364,0.02614471609065874,,0.0064706407951922815,-0.02176836573115432,,,,,0.02623107670569814,0.09157535219877398,-0.02142276581563958,0.01904429915708199,0.03336520428280549,0.07135158375073393,-0.1852828069006778,-0.012579742124792919,0.049351521553766466,0.056152595341499176,,-0.08355043698608157,-0.05416913650091796,,0.07095990940433458,-0.06686454403266133,-0.14156361631797995,0.016785128551527004,,,,,,,,,,,,0.1703127313278567,,,,,,,,,,,-0.06420458706920065,-0.0008177942542657575,0.0014171340891144253,0.0005801144047451053,0.43924926581133533,0.40517543823938235,0.4986642391329368,0.27054326478339913,0.7108834260007142,0.544578593043319,0.5000974237791007,0.30797857761700514,0.4059851077503224,0.3567071493663221,0.5160508842790149,0.7521272255004723,0.7794289090159604,0.700203591177306,0.4873143262726344,0.8347099135036402,0.596072553528713,,0.6996893914738527,0.6020800212590142,0.8619518736347679,0.5639450031176055,0.9315570173460546,0.3950608757243717,0.2743022562693634,,0.6189262511546615,0.20767467977889167,,,,,0.5259759447913278,0.40603002137624444,0.30946115122335,0.31611889403184207,0.5041970196789036,0.4127765699688286,1.0762443198908687,0.1823897446796475,0.764758892895063,0.7781376945984869,,0.7697606794004124,0.3180113544273524,,0.48463308323341836,0.7434106307145363,0.9755937390647927,0.8997057989244275,,,,,,,,,,,,0.4659251183802491,,,,,,,,,,,0.743568731757526,0.6466023435816705,0.3680312320832714,0.2942586550248494,-0.10755306655989076,-0.0009372900459157425,-0.03751263263081369,0.021805535007049476,-0.06412432469434663,0.032867234900704735,0.0986918417651198,0.2584643516081931,0.135313433702029,-0.043532718348235126,0.035808154301496094,-0.04625832246930243,0.1059580616155054,-0.0017265936127756896,0.0231468940628767,0.03969813927366116,-0.00048004554992373157,,0.14097224604142217,-0.04914897505051303,-0.23581430107993426,-0.18318237371496052,-0.16379106318166656,-0.09224219583592459,0.0953135291201716,,0.010454623282048112,-0.1048195463902041,,,,,0.04987124784975648,0.22553837740465113,-0.0692260263718141,0.060244102825323984,0.06617493356873475,0.17285764004512694,-0.17215682673193156,-0.06897176234819669,0.06453213164601705,0.07216280066020125,,-0.10854079614869558,-0.17033711452995476,,0.14641986248833427,-0.08994294844612839,-0.14510508898271865,0.018656241375339746,,,,,,,,,,,,0.3655367023781313,,,,,,,,,,,-0.08634653977103685,-0.0012647560937311454,0.0038505810528433144,0.0019714438125740643
2024-05-31,-0.6689504325039745,-0.07860200398420827,-0.20664522347389758,0.09357385940648594,-0.5874595913628793,0.14818400261387912,1.139969417795162,2.22170692467129,0.806085050629448,-0.65170534829065,0.20588614789012136,-0.5018566345883618,1.2493290612778967,-0.018039233340386485,0.3361116010036096,0.4488245871735315,-0.19550367819544484,,0.9713408132828042,-0.8044812626726549,-2.4965003526936314,-1.3145146115719935,-1.990016354506034,-0.8611038371902758,0.5204653331357512,,0.03797707740070503,-0.14859670516337903,,,,,0.6378038616618229,2.1235006406565167,-0.1576109528404458,0.7929663676683845,0.6609575780915403,1.3874528900249214,-2.5638425961540983,-0.47421294422544313,0.6779532133667179,0.8669077282079592,0.13090002366072284,-1.4136911471154703,-1.497623105634367,,0.972338392168578,-0.8842846599021218,-1.7118183424650186,-0.1700660654794147,,,,,,,,,,,,1.6908635453553764,,,,,,,,,,,-0.8437561830539793,-0.05472194536044477,0.7470730298339319,-0.04729520734232964,-0.05420280235321263,-0.0033975345024200433,-0.01910809538527114,0.006300671899392484,-0.041941600285057494,0.010513941341720168,0.07480221786009966,0.08229138316047395,0.03593396932451722,-0.026811438512385655,0.012242709749729052,-0.038979330766617123,0.07724867566213918,-0.0020128572193360214,0.01687274816604454,0.027057282455620637,-0.010549624886919406,,0.07230419731634753,-0.04544304484497453,-0.1899410256745065,-0.09499686014662485,-0.14412316185829718,-0.04822887794110983,0.022888598432413174,,0.0025494604171309135,-0.006455561421743146,,,,,0.0338777343584141,0.08310913002047658,-0.008886250700403817,0.029787846462797172,0.038194264058681995,0.07332350603574911,-0.1885202775710624,-0.010651070860729368,0.046556520605890626,0.05410720240946126,0.01254472295364217,-0.08849619605827573,-0.05123198400360036,,0.053833792831413374,-0.0707134826881819,-0.13857535489493258,-0.015757047153441256,,,,,,,,,,,,0.16919332548990196,,,,,,,,,,,-0.06071292520604187,-0.003119808318403331,0.041377054293428334,-0.001669288262865857,0.4380452534049765,0.4035138686011827,0.49773668542486976,0.27134968713514573,0.7109094761579942,0.54120063549061,0.500411431701311,0.3102175048255153,0.4055096949602643,0.3604103544882658,0.5128970192872847,0.7526312447251022,0.7800977068305335,0.6947435776532204,0.49037366679313055,0.8224281410728695,0.5948479092215959,,0.6991934205444851,0.6049708212719627,0.8528750096590986,0.5558257997794052,0.9228666015088298,0.39809882293540233,0.2731715057685177,,0.6159734833435403,0.2016300968546058,,,,,0.5269758925563166,0.404119944979084,0.30897291781924674,0.3158362258516261,0.5014040538301038,0.4143570279244051,1.0647326896680822,0.18073693296141338,0.7585763886639691,0.7673014273573635,0.819720120132244,0.7670982896688842,0.3161130063982335,,0.49206651787910227,0.7488355237065806,0.9706355514218153,0.898007086857398,,,,,,,,,,,,0.45993768313790995,,,,,,,,,,,0.7530084798691168,0.6444601778160883,0.3673545852874988,0.2956342262962768,-0.12373790591699822,-0.008419870459961893,-0.03838996791839927,0.02321975000566127,-0.05899710397971442,0.019427067620105536,0.14948143291967825,0.265269953759571,0.08861432851325139,-0.07439142127438123,0.02386972294504922,-0.05179074219919515,0.09902435936646138,-0.0028972663930701844,0.034407940941009976,0.03289926633629537,-0.01773499532128204,,0.10341086628080948,-0.07511609361494438,-0.22270675482733107,-0.17091121028265868,-0.15616900819973842,-0.12114800437110489,0.08378838183733812,,0.004138912609179688,-0.03201685424174651,,,,,0.0642870667082625,0.2056546108477226,-0.02876061359397975,0.09431421738426846,0.0761746215789946,0.17695731240046972,-0.17705878611638323,-0.058931346715966074,0.061373542996622364,0.07051622801720833,0.015303666026421739,-0.11536487207718175,-0.16206857347419368,,0.10940348687703236,-0.09443126087043095,-0.14276764815789342,-0.017546684635400264,,,,,,,,,,,,0.36786141186689897,,,,,,,,,,,-0.08062714674421012,-0.0048409636868108254,0.11263519212927708,-0.00564646483520802
2024-06-28,-0.7271282511478037,-0.15040952604242822,-0.2231044244329849,0.16548881751521824,-0.5259901436254972,0.22408846960282133,1.1820021266546532,2.0903604456614375,0.4950194664997416,-0.8283837388688565,0.2395419605996858,-0.44022714733076224,1.010853683483948,-0.03984561450746644,0.1815106979162122,0.491461275936264,-0.23259756663693237,,0.8091377207331196,-0.6590154469517802,-2.453999653596721,-1.2928102034028564,-2.176937406141148,-1.0042300704410654,0.4488762824850239,,0.015004012967656856,-0.45920463101858444,,,,,0.662821816237016,2.165207015046896,-0.2771682040663926,0.6371891374942373,0.5870995603806302,1.4086119719698118,-2.483152487792107,-0.5461039032213707,0.7824750575601299,0.8303095114517218,0.2440075386016747,-1.3373945178519822,-1.3228170953678642,,0.9535453151012855,-0.8772378072682337,-1.9832996551700832,-0.2977812505025331,,,,,,,,,,,,1.7348542707774925,,,,,,,,,,,-1.0344952770631444,-0.015153932198042385,0.4919850710335935,-0.0616860222966706,-0.05881630423063103,-0.006489875558709579,-0.020617784753941673,0.01112687279394799,-0.03815161664122583,0.015874031652854705,0.07789186968673266,0.07869142514604384,0.022570003611348286,-0.03619735297005902,0.014252734035608334,-0.034188160642554206,0.062476164156127105,-0.004430041406856438,0.009110551716612196,0.0296154968823957,-0.012596397111451215,,0.060355595507689035,-0.03725259585530225,-0.18637850872869455,-0.09391276507606806,-0.15728769603908752,-0.0564103673960329,0.019793126096685987,,0.0010059659194192095,-0.01916824547735849,,,,,0.03517480316122389,0.08460165758550955,-0.015380092629838173,0.02465261399862162,0.03420341618738199,0.0742299834832675,-0.1823117316648807,-0.012281972363087803,0.05366947871451546,0.051056042477766954,0.023547749319828996,-0.08387151528977765,-0.045222703990834286,,0.05298757596687856,-0.06996649042787054,-0.15890334761277536,-0.027572039801504054,,,,,,,,,,,,0.17176058311470124,,,,,,,,,,,-0.07482476090512251,-0.0008575662924400406,0.026398968182941678,-0.002183291013571448,0.4367101020961868,0.40677702497475804,0.49503502206458694,0.26564863576311776,0.7182044434486223,0.5388879752525811,0.5055688189134446,0.3118486456226708,0.40584675716631446,0.35823739344649236,0.5107053193940009,0.7546290818798697,0.7911823287169429,0.6998094240930898,0.49458239607770504,0.8138417409591109,0.5956018415077683,,0.7020422235974519,0.5992785847824719,0.850583097419666,0.5471723496443828,0.9302264415700116,0.4018078428252054,0.27608481955203523,,0.6185305162469525,0.2002817307486838,,,,,0.521996670264099,0.401704686177012,0.316315749050087,0.31399860713030003,0.5038512219524706,0.41096729909832436,1.0603216419814332,0.17776420161013934,0.7539213877684053,0.7593149701223086,0.8185323496520751,0.769175969763048,0.31574407971499124,,0.49217674638553066,0.7504095089390577,0.9668961613658913,0.8977450800709219,,,,,,,,,,,,0.458392337945134,,,,,,,,,,,0.7585793486640532,0.6382314336605348,0.39269703932806443,0.29773107242224767,-0.13468042975950337,-0.015954380803862505,-0.041649143666549884,0.04188567640102606,-0.053120830689980345,0.029457015895399074,0.15406778814827987,0.2523385182222614,0.05561213244362375,-0.10104292190665905,0.027907941222387347,-0.04530458931875178,0.07896557075212289,-0.006330354028309209,0.0184206954975826,0.03638974924964391,-0.021149023111754303,,0.08597146080247259,-0.06216240126255191,-0.219118519159496,-0.1716328778987163,-0.16908538503122048,-0.14039140450668744,0.07169219274280116,,0.0016263804177732287,-0.09570641019380376,,,,,0.0673851102219245,0.2106065985703479,-0.048622595226527315,0.07851185781977536,0.06788395998096533,0.1806226034191297,-0.17194002691880647,-0.06909137077004858,0.07118710197806725,0.06723961002578807,0.02876825739366097,-0.10904073786342425,-0.14322581766744413,,0.10765964941661925,-0.09323774498378946,-0.16434375681903593,-0.03071254904490912,,,,,,,,,,,,0.37470212500641675,,,,,,,,,,,-0.0986380146479042,-0.0013436603827572783,0.06722477008767978,-0.0073330976031788335
2024-07-31,-0.8807277179781244,-0.2075967478637264,-0.2312659296833986,0.11601175832774702,-0.28151273207691635,-0.0031381140900110277,0.8103915114061672,2.0443846892812925,0.44481467936951935,-0.6418474278677725,0.22513565853065826,-0.34215926564702454,1.0380331553918636,0.09909556097050726,0.3972431242759914,0.43566954066986696,-0.5280250181364167,,1.0863873981080896,-0.41003960565149705,-2.6603037055693703,-1.2526900692710916,-2.211067730794188,-0.948845281778454,0.4340833734836886,,0.014875879229036996,-0.2849196557367432,,,,,0.7904857074723554,2.089406516283442,0.10310424503293338,0.9115780431290277,0.6024909872215078,1.515090010773754,-2.1362562408875507,-0.7787536895268149,0.7392875332590402,0.8972125542861643,0.42947804986796034,-1.0805236058443182,-1.3270446999771957,,1.024884593784789,-0.8150361809774441,-1.9398646556700891,0.0435039794864535,,,,,,,,,,,,1.742869186361598,,,,,,,,,,,-0.9328962117471019,0.029881153252845235,0.9860111688667804,0.14486252020019802,-0.07094980419123384,-0.008891783804387153,-0.021196559794731146,0.007728495635465894,-0.020405338224044882,-0.0002222684183513391,0.054078680061071624,0.07636724086589998,0.020261034867547285,-0.028079457610699528,0.01325084744795014,-0.02636727843012883,0.06372246827643642,0.010976937807039639,0.020008708296381024,0.026018328332657787,-0.02963654868089037,,0.08200947140235601,-0.02303860401659045,-0.20252013918733533,-0.09724667528802433,-0.1586867890294198,-0.05385763100435638,0.01909914490064399,,0.0009933612237282368,-0.011893452695770149,,,,,0.042044939465388995,0.08125307456580964,0.006027988990348975,0.03543216756777899,0.03582263542316368,0.078988906712082,-0.1584519754402507,-0.017521946451156126,0.05027977205578777,0.0544921747189841,0.04111269291156064,-0.0709801025660467,-0.045446573660667906,,0.05763045272511639,-0.06483078105289945,-0.15417667786423797,0.004184420844543415,,,,,,,,,,,,0.1695430235620632,,,,,,,,,,,-0.06759872767363681,0.0017102276967177242,0.06208838961768996,0.005147773665746139,0.43620838298408005,0.4086479570996706,0.5018146557763519,0.2616715792740813,0.7279442013858287,0.5475642623880916,0.5179250822427711,0.3163527140299273,0.4108781587519701,0.3619312298713514,0.5059057967264431,0.7604013115568504,0.7900541092115883,0.7024275283769544,0.5050053952252853,0.8125241943030782,0.5912419286032626,,0.6980861122420899,0.5989238728536886,0.8514912694196101,0.5412647925393443,0.9341200447259829,0.3991555780259843,0.27602357565879915,,0.6209729491253934,0.20125405686193737,,,,,0.5295890495148912,0.4011021562332236,0.32737262101259823,0.3140980518170758,0.5131059813485664,0.4107868823559221,1.066387400271594,0.1761417286984652,0.7564280976714576,0.7549738185904019,0.82204946102845,0.7693575713436869,0.3164866617529666,,0.5000667116301365,0.7598565321735076,0.9664576522932693,0.8920083839344981,,,,,,,,,,,,0.4594438022946105,,,,,,,,,,,0.7712432311126628,0.6412102098160661,0.39677250133221786,0.302279053888239,-0.16265117076813088,-0.021759031581842503,-0.04223981812954065,0.0295350976094002,-0.028031459259099917,-0.000405922069095525,0.10441409755035362,0.24139903809605234,0.04931154026071759,-0.07758230098209647,0.02619232183875377,-0.034675477316240155,0.08065582791541509,0.01562714637964604,0.03962078125413897,0.03202160442123738,-0.050125925187516934,,0.11747758616621193,-0.038466665065158556,-0.23784170955196787,-0.17966562138984035,-0.16987836833751851,-0.13492891987306851,0.0691938898880616,,0.0015996851797285727,-0.059096710303480716,,,,,0.07939163301035507,0.20257451450488959,0.018413234960528362,0.11280607238027046,0.06981527545052807,0.19228682829176338,-0.14858762903602873,-0.09947640789396206,0.06646999524550447,0.0721775687807631,0.050012432171812816,-0.09225892512122756,-0.1435971216257486,,0.11524552901601957,-0.08531976538710051,-0.15952760837311206,0.004691010667508126,,,,,,,,,,,,0.3690179793813969,,,,,,,,,,,-0.08764903852201462,0.0026671872508210845,0.15648360057519034,0.017029872230741514
2024-08-30,-1.0186690424957479,0.057719342811418925,-0.42086148772480886,-0.047227851905725864,0.03805740022245277,0.1953921970685708,0.7309843595603306,2.049246145561978,0.14329909852083214,-0.7257824082742254,0.23510492449675605,-0.22952554188168905,0.6567482111023002,0.07063040770772233,0.3590579935217831,0.49765317495419653,-0.561503839748591,,0.9596068578790561,-0.32471663379031673,-2.524549809665467,-1.2807607653657573,-1.9421154087109687,-0.8384185760472782,0.44367566408154924,,0.03453093317491893,-0.204148102110917,,,,,0.5767315851477581,2.3491337278678053,-0.0822529987281159,1.0265015736284109,0.6088315736440736,1.826134584272714,-2.1513767180001553,-0.7029516420854066,0.8536585698373942,0.9131033859466137,0.23231487827201325,-1.1807877362988266,-1.2730153259137351,,0.9708557326515558,-0.9039768464327765,-1.8413644283136672,0.08098006564442219,,,,,,,,,,,,1.7822769471717381,,,,,,,,,,,-1.0241191588849823,-0.17150209732712327,0.18941851667896287,-0.09194210304713375,-0.08201911382920213,0.0025310873208482312,-0.038449941438283675,-0.0031080347378223904,0.002798308748658096,0.013946717946988478,0.048934848544996995,0.07549282672586824,0.00661410365854916,-0.03177592839093304,0.013759644505147958,-0.0175289578503951,0.04255939767744875,0.007714924788835232,0.0179595491647191,0.0290798456339596,-0.03126067235774866,,0.07188319939559641,-0.01809313785792835,-0.19193738817461867,-0.09787806423691835,-0.1424565097381588,-0.04769918954010112,0.019593005473907365,,0.002319551827342628,-0.008392543481314811,,,,,0.030711104301710406,0.09746692590570405,-0.004776337338739542,0.039330354708838694,0.03590803996113864,0.09540237610292562,-0.15835458336469976,-0.015646338739043097,0.057882272457391824,0.05488138005923261,0.022009510365029957,-0.0778096680082884,-0.04298264766738065,,0.054506975379474965,-0.07103898202875357,-0.1478376922134347,0.007698774678089953,,,,,,,,,,,,0.1714019178906061,,,,,,,,,,,-0.07390962830065269,-0.00987427485650016,0.013458589621003374,-0.0032634805046896807,0.45605007755459465,0.41400537445391966,0.5237551296138836,0.2621266515260444,0.7310945260999331,0.5639765404079796,0.5449644247870241,0.3358952271826594,0.4276463592226506,0.3995461362162371,0.5046492912786174,0.7687625981789408,0.8089505621558627,0.7197722756702485,0.5288397988832652,0.8281659534599727,0.6158901622691157,,0.7244667479461693,0.6110216496096297,0.8643165229891212,0.5618749531603056,0.9297376108951453,0.41198222300144516,0.2996857745629948,,0.6315609412275865,0.213618651816708,,,,,0.5503900868275269,0.4154754452168439,0.3644686463601625,0.3325179476188259,0.543575696219353,0.41851567787117316,1.0635026574088393,0.1764798307376453,0.757508663327613,0.7515720621498518,0.8438400416479671,0.7898459420305083,0.34011269631153523,,0.524896115125273,0.782543424886594,0.9653774632583967,0.8975178166782034,,,,,,,,,,,,0.47684001847965496,,,,,,,,,,,0.7949628968703764,0.6619099602328337,0.4280020308154641,0.32382681606725544,-0.17984672707216778,0.0061136581238511204,-0.0734120570172349,-0.011856996302085605,0.0038275607992660525,0.024729251924024087,0.08979457432312407,0.22475111468260112,0.01546629245382066,-0.07953006051280068,0.027265756125973126,-0.022801522722252648,0.052610628718802614,0.010718563425704514,0.03396028287327038,0.03511354881526786,-0.050756895097293635,,0.09922222048062532,-0.02961128770066939,-0.22206840094972302,-0.17419901650072891,-0.15322227268078636,-0.11577972756347256,0.06537849686885575,,0.0036727284350961224,-0.03928750326781341,,,,,0.055798796229653384,0.23459130263362343,-0.013104933404942702,0.11828039656350856,0.06605895041092567,0.22795412728192282,-0.14889909513768518,-0.08865794280085708,0.07641136697120315,0.07302211301235159,0.026082562190396598,-0.09851246156719883,-0.1263776628556364,,0.10384335834999692,-0.09077960375048647,-0.15313977986853408,0.008577851642637949,,,,,,,,,,,,0.3594537187484804,,,,,,,,,,,-0.09297242499193534,-0.014917852048980773,0.031445153648829605,-0.010077857492851642
2024-09-30,-1.0439778029550313,0.13384862799000244,-0.4735627574632931,-0.06197067260225575,-0.08895046649644836,0.38922265942698586,0.670200365397816,2.1953433405512732,0.14268638454945404,-0.641100507853435,0.18247736806118112,-0.13252073230209627,0.44938408923927636,-0.030646075390454997,0.3241454437168442,0.5456880505130236,-0.7554262666068972,,1.0856726591227441,-0.2943898052327925,-2.6863733010882567,-1.2366397194019632,-1.7826712197497432,-1.0025744508527266,0.5008934436743476,,-0.022613655246805968,-0.2531567884233832,,,,,0.31882479947432074,2.2895853356578826,-0.24432999566716773,0.9643936480612125,0.37908890085574887,1.9430749126279958,-2.2003584845699264,-0.8596256439685509,0.6102506588059681,1.4373940782470431,0.16394750386725274,-1.2460635312365314,-1.3921115031973652,,1.0524978387202413,-0.9212163392837007,-1.690852073884362,0.09192744941357336,,,,,,,,,,,,1.7095369422213795,,,,,,,,,,,-1.1417382379153387,-0.24935161904121617,-0.050430069227469454,0.10936556921964315,-0.0837069198434253,0.005937693650072957,-0.04324980735398853,-0.004076289091612996,-0.006531935584434257,0.027687076829335563,0.044914325287539525,0.08148250565544667,0.006578953057531815,-0.02852053023888717,0.010653554738279109,-0.010112542761681472,0.02904243972328261,-0.0033315420246586096,0.01618373915454129,0.03192997801625643,-0.043018574087092,,0.08082547893927979,-0.01637233110110993,-0.20412107059761292,-0.09436150348703444,-0.13001814664704328,-0.056507059817575575,0.022124759155348304,,-0.001519560100375668,-0.010390303196141032,,,,,0.017291920265508482,0.09462467104455978,-0.014286272888877695,0.03705701658994783,0.022406584891582357,0.10215368277362696,-0.16171362944350132,-0.018928573241976627,0.04169532838424125,0.08351800112705897,0.015441862867935485,-0.08179071923673391,-0.047101700174949954,,0.05926563059809868,-0.07218221756234867,-0.1344575720793661,0.008608616210176797,,,,,,,,,,,,0.16261438768556197,,,,,,,,,,,-0.08253460946860969,-0.014342758750141956,-0.0035566431484220797,0.003890238271395805,0.4607717304372914,0.4178703548289395,0.5295868218219917,0.25920666843510115,0.7382390010120976,0.552754800727653,0.55198659620727,0.3405324168061836,0.43428390003761985,0.41354735316889313,0.5054053636807906,0.7717307380811342,0.8119906924121565,0.71224700176856,0.5321248340679401,0.8288830825065522,0.6267666525860427,,0.7235566144620332,0.6127937530037056,0.8622283672219819,0.5699347353409617,0.9339801252995269,0.415768304793272,0.3059227440301663,,0.6342755122040346,0.21425206500193697,,,,,0.5541338215072487,0.4158756558615513,0.3742984424377087,0.32938602953028917,0.5529204978409972,0.4234749014870538,1.055143783665032,0.17404774443872473,0.758256239603733,0.7538196902881662,0.8417854930511313,0.7943794637491735,0.3458843442399915,,0.5321154969977598,0.7870222434583958,0.9643195778618936,0.8988560256488263,,,,,,,,,,,,0.4725370886346805,,,,,,,,,,,0.8040163474249403,0.6687824502125266,0.4185710349223348,0.32796008333711124,-0.18166678707477124,0.014209415866563749,-0.08166707624104352,-0.01572601938145583,-0.00884799580553076,0.05008925619983393,0.08136850712707211,0.2392797326599981,0.015148968352181403,-0.06896557315708259,0.021079227692976755,-0.013103719033954445,0.035766961363814534,-0.004677509370184997,0.03041342579488594,0.03852169104441099,-0.06863570981257079,,0.11170581171367468,-0.026717522854726172,-0.23673666786824893,-0.16556545449117602,-0.13920868670020847,-0.13590997477711048,0.0723213935122347,,-0.0023957413949269005,-0.048495696860831175,,,,,0.031205314662935232,0.22753116156445852,-0.03816813341737386,0.1125033039281959,0.040524062643859146,0.24122724254710037,-0.15326217331422884,-0.10875506202633164,0.05498844085481097,0.11079307452838244,0.01834417793536093,-0.10296177452865203,-0.13617760086379765,,0.11137738128748426,-0.09171560036875175,-0.13943258559313687,0.009577302665310377,,,,,,,,,,,,0.3441304219218219,,,,,,,,,,,-0.10265289969905093,-0.021446075245521314,-0.008497107663175999,0.01186192609725927
2024-10-30,-1.1070611026418806,0.22616403757851308,-0.49461719680371713,-0.21218515963501375,-0.021522640780916345,0.6262032322571809,0.5533104051189649,2.6357098035173667,0.25190342703213264,-0.460175748997581,0.12839969262846543,-0.10483065997570892,0.6422795107079181,0.0286979021987141,0.1969695240969362,0.4875226649830328,-0.7152497678129482,,1.1412030782552292,-0.5676173590257723,-2.706137716775677,-1.2767624017061416,-1.6023998681267024,-0.9374924747456997,0.36118631438158577,,0.011565056579749097,-0.1634387076953156,,,,,0.47254665021848186,2.3377969181472964,-0.09042331688962414,0.9443726414723825,0.46123713033727076,1.7842456201100503,-2.158960665625573,-0.7228307338250529,0.28468355674339274,1.3361187439083655,0.19140736079565834,-1.384643804091624,-1.1696087760855078,,0.8466860759666999,-0.7260593144349037,-1.5362251688719806,0.32422299846655944,,,,,,,,,,,,1.6698808915976378,,,,,,,,,,,-1.0385029350133994,-0.06954371573009617,0.07737092201137731,0.26457242778851775,-0.08858763295315755,0.009957240910100208,-0.044902449374801506,-0.013959676683350353,-0.001574625814520742,0.04455945606022338,0.037091425225923756,0.10616969407431587,0.011549528375544925,-0.02033542278298953,0.007460230161649509,-0.007956451064199514,0.04112797079327236,0.0031049611506258944,0.009961201613559295,0.028488320975109793,-0.04053492362489578,,0.08502438086642362,-0.03296982123757218,-0.20391008242255365,-0.09720685279346501,-0.11578567201804979,-0.05259201228825875,0.016069587128746593,,0.000772948197558039,-0.0067930447532829575,,,,,0.02553924624908073,0.096050568305555,-0.005244200625965509,0.03633064184598413,0.027173670725591563,0.0944569417544898,-0.15820499999287968,-0.015745814564651316,0.01975413183362345,0.07725483505288454,0.01785886053382086,-0.09126944905977936,-0.03996991934972604,,0.04658187785703418,-0.05737544149067723,-0.12143528548349541,0.030206283014319945,,,,,,,,,,,,0.1576945220502558,,,,,,,,,,,-0.07487967488306478,-0.003993548551290821,0.00545613631438168,0.00955151456187987,0.46241234207526605,0.4188491280292654,0.5333301946674741,0.25768397731897885,0.7442139694046991,0.5475762500559831,0.5566364602665002,0.3494641850331495,0.43440001452746907,0.4181046081099109,0.5014432883548823,0.7736489339599913,0.8084702202487442,0.7146099615783736,0.5405447093460882,0.8292474827472488,0.6312702083855392,,0.730688115688345,0.6195740443917462,0.8615328702320681,0.5729591862642287,0.9322413877726449,0.414767088162649,0.3149439300038224,,0.6368667670358599,0.21393994952852655,,,,,0.5554330632185455,0.41535215930661024,0.37888376662522266,0.3293029854173104,0.5571120691488659,0.4270430189098615,1.0527027559253468,0.17288676811464013,0.7496206045065579,0.750016895548143,0.8466641218277873,0.7955504937691077,0.34500329572220917,,0.528529082698905,0.7881468139247219,0.96025085567465,0.8973718279710982,,,,,,,,,,,,0.47139712706860504,,,,,,,,,,,0.813854149366828,0.6720123883929752,0.41694594729897194,0.3290493036969607,-0.19157713774590018,0.02377285815766217,-0.08419258805100605,-0.05417363092804994,-0.0021158240496080634,0.08137580118872524,0.06663491861127016,0.3038070813014639,0.026587311209250883,-0.04863716493084854,0.01487751523432445,-0.010284317233494664,0.0508713490777909,0.004344973226748621,0.01842808086237609,0.03435442563024688,-0.06421168476897243,,0.11636206890586467,-0.05321369017312468,-0.2366828817194486,-0.16965755174861027,-0.12420138553887893,-0.12679890422654516,0.05102364452158693,,0.0012136733105976574,-0.03175210973104011,,,,,0.04598078137640834,0.23125091841559706,-0.013841185840914825,0.11032588058667002,0.048775950532011336,0.2211883523950719,-0.1502845880305636,-0.09107588010558659,0.026352172972388774,0.10300412632227911,0.02109320576294997,-0.11472489775899562,-0.11585373196524228,,0.08813493785274097,-0.07279791084222706,-0.126462043502349,0.03366083274824269,,,,,,,,,,,,0.33452584454827544,,,,,,,,,,,-0.09200625805166758,-0.005942671028492258,0.013085955984767843,0.029027609098593855
2024-11-29,-1.0515897248087083,0.23226899490636987,-0.39151101333151944,-0.2740381651353537,-0.12203303358970433,0.5148765883254521,0.43492686275628994,2.7680579382961983,0.3679370770242301,-0.36491989508857303,0.12015800317560199,-0.10381212127931001,0.6084123047224266,0.10006539881571733,0.3116185296055526,0.5105837485245664,-0.5067905112577953,,1.2966515449634464,-0.4480552246539921,-2.6161492154890347,-1.1761579329700869,-1.6276462853654294,-0.8613982498016053,0.43860591039595054,,-0.09239635329694965,-0.1509581171233683,,,,,0.6742988557249009,2.2713056660698534,-0.12265910779541887,1.1633929614895802,0.4688597596332198,1.8166211412393474,-2.0723466855352064,-0.7173324960351768,0.36302257769182145,1.1410382660602936,0.17970220719051272,-1.5065662477498296,-1.136327721506181,,0.9331205511743593,-0.7382251146564597,-1.7453315657483064,0.40020439397909,,,,,,,,,,,,1.7230667813074876,,,,,,,,,,,-0.9850544122508932,0.05206499920010302,0.13899459593293093,0.3165352472983418,-0.08437708287286133,0.010281747877443265,-0.0357387389937749,-0.01804659081168926,-0.008973529005617547,0.036656690902545704,0.029400948421760508,0.1135241809982985,0.016954451127072268,-0.016365512612780672,0.006981921106517742,-0.007905610708875027,0.039038247673199404,0.01084594356362983,0.01581751805873218,0.02981638147335492,-0.028513022533715977,,0.09818785950487263,-0.026182136557968395,-0.1955167881276541,-0.08945373252082348,-0.11785719783697067,-0.0484082824111221,0.019619550919855233,,-0.006203409730223356,-0.0062809093140276705,,,,,0.03645466600170005,0.09358538438992024,-0.007124983483007318,0.04476547636065022,0.027713686595495654,0.09643870727105149,-0.15259718920204735,-0.015669716813671134,0.025276958455238047,0.06480557818288885,0.016695862647722923,-0.09964448234176426,-0.039090878066409734,,0.05168078932481955,-0.05834020034095059,-0.13776195556219037,0.03703599748934226,,,,,,,,,,,,0.1614845953402009,,,,,,,,,,,-0.07116643881782393,0.003016082635954874,0.009951641838085348,0.011492948036030319,0.4644734093141826,0.42126847745836093,0.5390656815336684,0.25868087506072324,0.7513252356026794,0.554327620244852,0.5624922984524633,0.3559865193180021,0.43753580046782314,0.4201562185569057,0.5055911148050545,0.7793994370871724,0.8106338506417904,0.7097103228429997,0.5429408427894336,0.8294057040846338,0.639292216837885,,0.7320065263999758,0.629543882078696,0.8631030583496694,0.5738747405059886,0.9330140485180215,0.4169654788805715,0.31709912534693896,,0.6363079824170159,0.21656756119485907,,,,,0.5681270961117362,0.4156311253592616,0.38755323076815096,0.328607322479638,0.5677713437507009,0.43013481063178655,1.0596151213702536,0.17301805464830455,0.7600300387611949,0.7487374765260328,0.8607750889412766,0.7990826283379963,0.3493582095249492,,0.5340535979021572,0.7898517284712572,0.9632949340179626,0.9036917829109172,,,,,,,,,,,,0.47164393481551875,,,,,,,,,,,0.81852847816509,0.6767854797000675,0.42603347887314164,0.33262886518592544,-0.18166181568380452,0.02440663953656379,-0.06629755931057683,-0.0697639158961905,-0.011943601226730239,0.06612820571046789,0.052269068399067524,0.3189002246933052,0.03874986026044997,-0.03895101843069386,0.013809422084503654,-0.010143208132687962,0.0481576825866478,0.01528221193145748,0.029133041414728535,0.03594909141149626,-0.04460092236809831,,0.13413522415949308,-0.04158905725764086,-0.22652774339775805,-0.15587675533854584,-0.1263187816133877,-0.11609661917596623,0.061871980562511586,,-0.00974906790680152,-0.029002078055338828,,,,,0.06416639208232791,0.22516452373249785,-0.018384528672061962,0.13622787229102024,0.0488113514366873,0.22420577197507288,-0.14401190217511667,-0.0905669460075893,0.0332578413564259,0.08655313806859462,0.019396312535320058,-0.12469859662575045,-0.11189340052882908,,0.09677079141087984,-0.07386221772770811,-0.14301119075502322,0.04098299684660643,,,,,,,,,,,,0.3423866680345732,,,,,,,,,,,-0.08694436506028357,0.004456482484363462,0.02335882584722552,0.03455186617555349
2024-12-31,-1.0475162173889183,0.15716019281578172,-0.4007626321279338,-0.2887574132265059,-0.2345463793363796,0.23006813548824143,0.5288422988916128,2.680766216055333,0.36349055339304764,-0.21269220905927996,0.18795863099298135,-0.3104172483696835,0.5237819517083202,0.018181094762940383,0.15870672363448526,0.6329967503614136,-0.44799396147196957,,1.3470350941780298,-0.4450949055446069,-2.5853778196635298,-1.2040779261847179,-1.7970723931144301,-0.9792759152452705,0.41878351532171454,,-0.04322201852608223,-0.18914513961724952,,,,,0.4063173462790638,2.1876047807624848,-0.2681116980651307,1.1846384768311564,0.2772675559076691,1.6250979778732502,-2.000027937594505,-0.6679946813916842,0.25732683197773043,0.7502869950556652,0.09994946450529747,-1.5998755757951553,-1.1874523516333768,,0.9020167639120112,-0.7678310949946549,-1.7943775264685464,0.16762877742404178,,,,,,,,,,,,1.6160586627792488,,,,,,,,,,,-1.0729063679007023,-0.08774304397822655,0.011953804121351613,0.6075052661316547,-0.08326172810092033,0.006890780624556378,-0.036225391399397996,-0.01881886906396638,-0.017231674464587156,0.01627352284746614,0.035557358956350815,0.10947735101637084,0.01663670316057846,-0.009525613028870719,0.010814844963725683,-0.02339000128170583,0.03338613087471448,0.001944200910092515,0.008023562542077149,0.03592969566265022,-0.024976467594779506,,0.10090321577783266,-0.02582987553849762,-0.19182431010485157,-0.09051561921845261,-0.12846574525140714,-0.05478480774143572,0.01860043522768136,,-0.002901894873914854,-0.00782747525659788,,,,,0.022164504333049735,0.08917268335053029,-0.015464034428634713,0.04529732501929464,0.01633656066045397,0.08658744612736344,-0.14724856212568413,-0.014345682428982239,0.01780494552120123,0.04316991570222284,0.009090117440573866,-0.10489148761284642,-0.04094354158990502,,0.04963370752569512,-0.060259725876950485,-0.14064567457625107,0.015482908510958427,,,,,,,,,,,,0.14893999344247674,,,,,,,,,,,-0.07676750768427285,-0.0050870462412281785,0.0008511172307984693,0.02316004865691499,0.46602332495176646,0.42138051745120375,0.5397329519587878,0.25746597404182514,0.7514509957948432,0.5531136913317631,0.5676990421479465,0.3570680874196696,0.4380721219340251,0.4214352073922328,0.5005471808095071,0.7782812585678277,0.8083332592476311,0.7131275724253779,0.5436718641282569,0.824887783797238,0.6376676873938383,,0.7297280469884966,0.6328040021115203,0.8616302411565365,0.5811385199590806,0.926834461806885,0.41895696037600366,0.3172290003022915,,0.6396701701144784,0.21856325071108945,,,,,0.5727318533821575,0.4159450268654011,0.39265519393301646,0.3285756401007604,0.571848313864214,0.4306441103864784,1.063550369160634,0.17330729648979556,0.7623879539309728,0.7486903957115586,0.8599167827442348,0.80048771863598,0.3479561716769897,,0.5306278559837729,0.7903318843540267,0.9578700395080806,0.9080949529174036,,,,,,,,,,,,0.47199939298096844,,,,,,,,,,,0.8144135655075523,0.6786785689958726,0.43439092688287895,0.33001878002851404,-0.17866429348689347,0.016352869530457913,-0.06711724986945775,-0.07309264509223758,-0.022931201849510422,0.029421659782608994,0.06263417113021005,0.3066007713192801,0.037977087168043974,-0.02260279364843185,0.02160604510095419,-0.030053404247132307,0.04130243373356819,0.002726301695894611,0.014758097800301693,0.04355707087484512,-0.03916846986062423,,0.13827509603645988,-0.04081812923481727,-0.2226295003844949,-0.15575566944835464,-0.1386070010829768,-0.13076476326414935,0.05863409464442648,,-0.004536548692579361,-0.03581331825515684,,,,,0.03869961868221844,0.21438574232403643,-0.03938324175401776,0.13785965692832203,0.028567996554997456,0.20106497230313025,-0.13845001270780843,-0.08277598646763797,0.02335418002002338,0.05766057097766556,0.01057092688848886,-0.13103447457205222,-0.11766867474307428,,0.09353769683590256,-0.07624610251705008,-0.1468316877814452,0.017049878386854865,,,,,,,,,,,,0.3155512393815349,,,,,,,,,,,-0.09426108667091077,-0.00749551624822135,0.001959334733130714,0.07017797185637112
2025-01-22,-1.045604566717619,0.18081754083409973,-0.39778686646896055,-0.17718270068228112,-0.236065470980946,0.41862988113194916,0.5193138079276064,2.8131772583416104,0.4275344562974044,-0.2182309850242778,0.21077563516872058,-0.3637887216996932,0.6025378241619017,0.22577196294500573,0.25826872994910427,0.5666537077010271,-0.37871114815795376,,1.3597854566918044,-0.712923838074023,-2.627686307908435,-1.117650717370342,-1.6519706415626558,-0.9926458528880138,0.40809548755587577,,-0.04251203168629485,-0.2109337402507775,,,,,0.3346034387874288,2.2142537225374785,-0.0938769444834689,0.9328851128362224,0.4850131082804864,1.6808648659500618,-1.9509714522562227,-0.71982224259122,0.43125491691080564,0.7456463171413449,0.023036434213565833,-1.6897015331462397,-1.033502123885592,,0.8813374454427828,-0.7603315871939045,-1.8701983784140663,0.26103116470874665,,,-0.7898053252370063,,,,,,,,,1.7634385921562068,,,,,,,,,,,-0.9803881665905366,-0.17481905838647488,0.03728386104580784,0.705028897864013,-0.08288070772792261,0.007890923855264598,-0.03583584045275857,-0.011543351707565931,-0.017311728749741784,0.029898930948512984,0.03485924864302172,0.11499374982562191,0.0195278711785938,-0.00974633892799237,0.012062529345964683,-0.027298696406915655,0.03832949305584237,0.02416927308517437,0.013110150705828747,0.03199472809925418,-0.021133801495859975,,0.10241090638955207,-0.041816422794315466,-0.1946670927574014,-0.08411140489363794,-0.11736092392692739,-0.05525234733031684,0.018111016243025364,,-0.0028419731794209237,-0.00868788426711305,,,,,0.018357743019410504,0.09000448537907091,-0.005402752969153879,0.036069555022729564,0.029096826227654828,0.08918771660739062,-0.14343740836476793,-0.015378769223491615,0.029742689261720207,0.04312133678687287,0.002086522588473423,-0.11025069451219152,-0.0358372662527255,,0.04838595668517773,-0.0596704593908186,-0.14567241819010032,0.023975939294051472,,,-0.07181258070236782,,,,,,,,,0.16159661994094116,,,,,,,,,,,-0.07019657081025274,-0.01011121237772029,0.0026551161837147846,0.02706405415855182,0.4672825779041352,0.41969848572268437,0.5410167758937647,0.2535274108208978,0.758366487889816,0.5619576827688706,0.5761624927529397,0.36020541824258745,0.4410860409935779,0.42353017064781756,0.4978964826346068,0.7798326775784915,0.8114249177901337,0.7051983447034291,0.5499188119102101,0.8241080760194177,0.6477303621001369,,0.7302909064964139,0.6361389286514554,0.8665775857641214,0.582463317013223,0.9367509448658526,0.4186652002256878,0.3136463459640183,,0.6411269368817759,0.2124591539071039,,,,,0.577373365647321,0.4187313755462922,0.3866941463819441,0.33209402146394124,0.5685132659622811,0.43132843897518586,1.0665975097786584,0.1743789610528801,0.7651070134227674,0.7507620140744236,0.8710139918160831,0.7999176587961846,0.34819755747750836,,0.5396682325467304,0.7957110213029742,0.958330745493814,0.9150290776814993,,,0.9497208579645804,,,,,,,,,0.47956718753097977,,,,,,,,,,,0.8200859788664102,0.6833062958777786,0.4437671246013402,0.32888545154583787,-0.1773674252946916,0.018801411307636986,-0.06623794686136567,-0.04553098093097566,-0.022827655264557295,0.053204950951458406,0.06050246081875634,0.3192449197090564,0.04427224932035,-0.02301214790220186,0.024226982448512412,-0.035005838036542135,0.047237263997549406,0.034273014488340504,0.02384015680476367,0.03882346142485845,-0.032627467743426175,,0.14023302971259843,-0.06573473326488867,-0.22463896592219146,-0.14440635562244078,-0.12528508732247295,-0.1319726294436037,0.05774343133939482,,-0.004432777685559926,-0.040892021394906615,,,,,0.03179527167629002,0.21494564447588332,-0.013971644049189956,0.10861247927236774,0.05118055807968657,0.20677448679084562,-0.134481289380222,-0.08819165529279666,0.038873894422512094,0.057436758890944926,0.0023955098403447895,-0.1378275542486591,-0.1029222218339093,,0.0896587083824467,-0.07499011298487285,-0.15200641206083546,0.026202379660766308,,,-0.07561440827600109,,,,,,,,,0.33696346235219043,,,,,,,,,,,-0.08559659916059553,-0.014797481654594413,0.005983129521142464,0.08229021390683137
2025-02-27,-0.9846279001119576,0.21392645162615367,-0.346898376595212,-0.2529559911539377,-0.2024207554967302,0.6993019001196955,0.56046850517109,2.9210718232293638,0.44428381433498537,-0.27373060713921293,0.2300614174296088,-0.27233483215521853,0.810314828212095,0.18704604563405747,0.37921168638469355,0.6249912785908891,-0.08241160235798281,,1.4736210125937443,-0.46034503563183665,-2.511159994739907,-1.0500621702280957,-1.5905563312015503,-0.9639635395390977,0.16286942476242108,,0.14411415157092697,-0.24493210118851041,,,,0.2730674202966482,0.26589563391445253,2.2228371437371024,-0.14845531948789278,1.0643679509710307,0.4626184699148141,1.7335495987727183,-1.5878054777753767,-0.6533974226792971,0.7696357034956464,0.7347758873594691,0.27970275959201596,-1.627757723860425,-0.6373420792420531,,0.9811709651896994,-0.698270917336707,-1.7557934598855063,0.378561863161242,,,-0.8199060802446263,,,,,,,,,1.850819942286525,,,,,,,,,,,-0.9078523967374401,-0.21491290716020978,0.1158794686399376,0.7437958798454334,-0.07735117651418164,0.00925501146811929,-0.03099434242798323,-0.016363964578590597,-0.01471755320358799,0.05153300540008555,0.03727693928928216,0.11867124300892279,0.020110267433590366,-0.012089662917786395,0.013051517238602345,-0.020299796621873853,0.051674878861541186,0.01981631779475753,0.019104273602467248,0.035041049016026254,-0.00460253044207094,,0.10993947330205103,-0.02703005920713639,-0.1847313618043094,-0.07837644739842839,-0.11214191399465205,-0.05310660815610137,0.007340891539673974,,0.009526448463955022,-0.010006744113791422,,,,0.018919884995871827,0.014566135838966484,0.08930273164625802,-0.008456693460034798,0.04087819404093674,0.027475506948368936,0.09117223927482992,-0.12129871663536616,-0.013873911195966107,0.05513390168283775,0.0423246751906273,0.025298243727604287,-0.10534505697244613,-0.023733447098445992,,0.05362800978649308,-0.054379206042019235,-0.1370691517565141,0.03437639466452704,,,-0.07315759812226286,,,,,,,,,0.16866173630796194,,,,,,,,,,,-0.06454016349834625,-0.012303051768098518,0.008209144004108597,0.028252581652997044,0.4671316255482865,0.41731268251738296,0.5421085821162057,0.25099274180580783,0.7583115798641648,0.5587880341072446,0.5749048588783332,0.3605163405349871,0.4398567472590524,0.4297194206183279,0.49638642167397584,0.7749811843136734,0.8107865604413935,0.7032187123236047,0.5488214897392586,0.8235567225860267,0.6449285068563055,,0.7271677745833123,0.6371055781414341,0.8680228300372904,0.5850174978655597,0.9343509755317784,0.41722928184891994,0.3142593970315296,,0.641969955350529,0.21169935393518202,,,,0.7161425242963382,0.5684029137512137,0.41662855751746924,0.3872292583745043,0.32800411390301243,0.5741233607405472,0.43081576469919536,1.0656661198383999,0.17333137528541054,0.7730209942094273,0.7511368204057796,0.876891530596998,0.7997911806347012,0.3462943567446057,,0.5396871295688529,0.7959890472944376,0.9547529446998126,0.9145649530993052,,,0.9502333807110943,,,,,,,,,0.4863657338357282,,,,,,,,,,,0.8190219566010742,0.6831282531968921,0.44753652141481226,0.3289524867758001,-0.16558753953640415,0.022177642462936117,-0.057173679684228505,-0.06519696331000414,-0.01940831921124602,0.09222281483249362,0.06484018827395414,0.3291702196711,0.04572003853278731,-0.028133852783265995,0.02629305853006293,-0.026193921907731784,0.0637342568103365,0.02817945178005805,0.03480963110891223,0.042548434194058744,-0.007136497135947528,,0.15118859380842264,-0.04242634209229268,-0.21281855201478206,-0.13397282591441348,-0.12002118789550938,-0.12728399100073576,0.023359338206002677,,0.014839399234428941,-0.04726865683706943,,,,0.0264191614852951,0.02562642711107211,0.2143461604705615,-0.021838983695431417,0.12462707724764702,0.04785645181364677,0.2116269801280097,-0.11382431549363715,-0.08004269955812142,0.07132264465756649,0.05634749095079993,0.02884991226951519,-0.13171570220222484,-0.06853547173438221,,0.09936870243567901,-0.0683165254934774,-0.14356504739517773,0.03758770172422558,,,-0.07698908458416433,,,,,,,,,0.34677964456461496,,,,,,,,,,,-0.07880150584263543,-0.018009871075486784,0.01834295886770705,0.08588651184829861
2025-03-31,-1.026133595392467,0.2231360490442373,-0.395049870423955,-0.22173229914001516,-0.2837774213035605,0.642556299623708,0.4712754883679322,2.739637162547793,0.38866401622983293,-0.38746740069968044,0.1601188376793185,-0.29529505489663255,0.7957125411592789,0.24137926618634767,0.28848967586090873,0.734049414283044,-0.2597885538815082,,1.4621826615427804,-0.49305912084661535,-2.5240637299696043,-1.1139919415985866,-1.6377095151718681,-1.0689218336698596,-0.14596751868690203,,0.037237169151874895,-0.22469155070941535,,,,0.3615201613755795,0.22214436273531674,2.111323746803433,-0.225842404593178,0.8417951600431773,0.329261465395457,1.6399312328487292,-1.6212061886563935,-0.5927934978271427,0.7533132084317362,0.6612721462762615,0.26911417233866075,-1.787351252302933,-0.8099343894090133,,0.8471088286054875,-0.8345560802890393,-1.7732054433274314,0.32154364140704017,,,-0.8727169167856759,,,,,,,,,1.833112230410627,,,,,,,,,,,-0.8917111588994862,-0.25476064291730516,0.01811910501716475,0.7464791425423287,-0.08079565306210974,0.009700371547253095,-0.035380679874566466,-0.01435993300622348,-0.02068225127135516,0.04751453309862587,0.03148194073947199,0.11213651244115416,0.0176429706731448,-0.017199464973120842,0.009127495701708217,-0.022066700054289352,0.05087751338334052,0.025562083331605714,0.014566367373131791,0.04116040675280978,-0.014572783087547453,,0.10915424026348773,-0.029059900851361266,-0.18572841626015327,-0.08360126500735648,-0.11565819232967199,-0.05920450408723856,-0.006709807651713457,,0.0024708059296332466,-0.00922354607978201,,,,0.025089726811153908,0.01219636196030172,0.08505731485485414,-0.012898854618433505,0.032663035774058255,0.019641784401669225,0.08652884222755865,-0.12387800836129835,-0.012580278038573351,0.05402704654408268,0.038261472413550345,0.02422754149779352,-0.11464069327631657,-0.030190124087338868,,0.04648030498100306,-0.0652222984889851,-0.1385102973362764,0.029238270950710032,,,-0.07766035222879131,,,,,,,,,0.1670307098017405,,,,,,,,,,,-0.06369395711823285,-0.014608855157646771,0.0012845401696641003,0.02852287369026467,0.47007032835246143,0.41450866081172405,0.557903267476687,0.2466903335401546,0.7635527730390382,0.5537513653874807,0.5769711459671769,0.3677508914289435,0.44327228219606596,0.44166895247938553,0.4834043702156291,0.784886429945548,0.810522797785152,0.6938816101608671,0.550677305408636,0.8105884674434034,0.6464205651030209,,0.7164315415608183,0.6286310020125723,0.8660266654755048,0.5908558068852923,0.9429515730000061,0.4233730166624034,0.3300349243079694,,0.6504570294743235,0.21346622440473545,,,,0.7111334497375272,0.5739049032359329,0.40932290715587893,0.3808624955279695,0.32858504963623497,0.5860337403004866,0.42493040760901046,1.0726549184610608,0.17050228502738948,0.7624729442148426,0.7521406312439622,0.8843458302297588,0.7840725103701686,0.3414820502892787,,0.5391969877335077,0.7888356962604115,0.9469973882424254,0.9089305742507078,,,0.9552126354660322,,,,,,,,,0.492991003732323,,,,,,,,,,,0.8277614320879436,0.675361168921192,0.44792004769039506,0.3279872803168294,-0.17187992559600293,0.023402096178779596,-0.06341723007751503,-0.058210359523009306,-0.0270868655077201,0.0858048143418629,0.05456415101434371,0.304925195437143,0.0398016555101026,-0.03894198330348704,0.018881698768335033,-0.028114513402684567,0.06277123052228667,0.03683925752936367,0.026451729951577834,0.05077842629889583,-0.022543811063970354,,0.15235822815070957,-0.046227279212010745,-0.21446038980586854,-0.14149182259553672,-0.12265549540545836,-0.13984005063423324,-0.02033059884732761,,0.003798569033268908,-0.04320845653921351,,,,0.03528132001161567,0.02125153817563357,0.20780003602989777,-0.033867484380557096,0.09940511843195045,0.03351647362760713,0.20363061969238053,-0.11548728880955142,-0.07378363308475576,0.07085765725066755,0.05087010437166498,0.027396003542527077,-0.1462118512766039,-0.08840910982514014,,0.08620282760922146,-0.0826817280178632,-0.14626259697858704,0.03216777142172062,,,-0.08130163834244312,,,,,,,,,0.3388108678194712,,,,,,,,,,,-0.07694723944503111,-0.021631174295943984,0.0028677889643197708,0.08696335316025708
2025-04-30,-1.3563935485951437,0.5988774606090631,-0.4272555151850184,-0.14133772244478696,0.016149053564605283,0.08010440543005859,0.014428796800323825,1.5692427865238818,0.26706704080841165,-0.8263263036039106,0.027426591553440495,-0.5174603580375373,0.8353013402022308,0.06623427456323297,-0.015928982625382667,0.38659047491259396,-0.4703919590204439,,1.6030140857255608,-0.48018641204232443,-2.8397714487768733,-0.9355024825737276,-1.9936930354556477,-1.1817800703662524,-0.815458035589948,,-0.22712656962196312,-0.7103801490174146,,,,0.36851328154179114,-0.545447406959527,1.5132296294820657,-0.5369270747439904,-0.0760744376185566,0.30291903976609535,2.0656155228733493,-1.8580244323379855,-0.888028299392099,0.6986885900557888,0.1468115260960171,0.2399721325244088,-2.115016624710901,-1.1982380248835396,,0.4541511407812327,-1.0805940856712346,-1.7362344781988592,0.5321258517027138,,,-1.3538922975819627,,,,,,,,,1.7698935501637785,,,,,,,,,,,-1.2460807030224663,-0.2091514426838381,-0.428440820779701,0.19699759116260976,-0.1061505308685436,0.025613824016876816,-0.037302985243542176,-0.008722619008626078,0.0011743652882880199,0.0061371049228126084,0.0009797026281731865,0.07637648811463528,0.011886248954924688,-0.03977774793984838,0.001546541776466167,-0.03745389833381415,0.05169589256349148,0.006723996553354047,-0.0008027046135159619,0.02156661785520203,-0.025960366922415802,,0.11620790933617957,-0.0273467428320315,-0.2123087420563522,-0.07008908136624734,-0.13680297461310098,-0.06664598242146182,-0.04364308880449124,,-0.014965401138983063,-0.03128765451637865,,,,0.023996920369814267,-0.033337882007097405,0.06249468862699229,-0.03090591264088052,-0.003556156626482098,0.01814467027922711,0.11575476608205999,-0.13885190192875185,-0.021998441510636207,0.04960997891276807,0.008600628413841934,0.02063706030231323,-0.130641154135679,-0.0507802613387086,,0.025787354201221135,-0.08168427027183571,-0.13110017529524254,0.048379929571942856,,,-0.12315036727668004,,,,,,,,,0.1556818673570896,,,,,,,,,,,-0.0888311863237465,-0.011653723180714504,-0.02961979306778769,0.008361158408708531,0.5244156530998161,0.4410935562338284,0.6006668584186602,0.25548689042332906,0.7804944981686055,0.5833910769524914,0.6295257861435587,0.42198586881335837,0.4796765523382848,0.49910962716064494,0.5153586041506806,0.7906528244526233,0.834191342589447,0.7200797534799223,0.5897733224188291,0.8198375088566924,0.6829613601600001,,0.7430992128256588,0.6502009975760592,0.8864359692092741,0.6379475470772192,0.9511792995519339,0.4753819380388926,0.3995031749814871,,0.68246152093466,0.27515207326127256,,,,0.7387018132026743,0.6224476263327242,0.4443926478243701,0.4356284669523979,0.3672390978784359,0.6326120535610849,0.4474033972352132,1.0814003868955344,0.21427156320119115,0.7880682883492819,0.7827036986067679,0.9185769649892803,0.799254048385634,0.3949934587490664,,0.59118710472014,0.8062282523877633,0.9623463522698175,0.9172620777970668,,,0.9769762165466898,,,,,,,,,0.5448958187359847,,,,,,,,,,,0.8477202891062958,0.6907492373155665,0.4997185688586059,0.3843181618767218,-0.20241678569487542,0.05806891453045543,-0.06210261931505181,-0.034141160801531276,0.0015046426221371376,0.010519709960034897,0.0015562549616510428,0.18099299943244335,0.024779716450559555,-0.07969741671010765,0.003000904154913438,-0.04737085251006831,0.06197126477364315,0.00933784976019539,-0.0013610392043910036,0.026305966270411124,-0.0380114724445523,,0.15638276468399856,-0.04205890629817518,-0.23950826617035584,-0.10986652693840286,-0.14382459193292357,-0.1401946037251615,-0.10924340915817166,,-0.021928563999457893,-0.11371040801378678,,,,0.03248525987201055,-0.05355933671643069,0.14062943870235006,-0.07094557630059029,-0.009683491346717291,0.028682144415503243,0.2587257200043215,-0.12840008530731664,-0.10266617362557197,0.06295137064413928,0.01098835795608385,0.022466337703726396,-0.16345385350196642,-0.1285597526083807,,0.04361961550806918,-0.10131655648374484,-0.13622972122877167,0.05274384578084164,,,-0.1260525744546563,,,,,,,,,0.2857094182117798,,,,,,,,,,,-0.1047883216495812,-0.016871134343924784,-0.059272948642756035,0.021755824309418272
2025-05-29,-1.4775162049336463,0.4202397671108388,-0.44352482175190616,-0.20751208790346792,0.04472348251590378,0.025746069202537573,0.013675694416977961,1.3683556781493822,0.20786211768800503,-1.0296313221490987,-0.28537848189051485,-0.39439541205603174,0.634119368668066,0.12855263564373046,0.02430985706202517,0.36842846397002954,-0.6070160780508801,,1.6578555321258996,-0.6489940355473292,-2.7807614510680407,-0.9685041091250818,-1.8327512902337286,-1.4609524838742614,-1.161702258370307,,-0.2421961697227895,-0.7984362250194845,,,,0.4465518601176679,-0.6329629153970108,1.6374043477580051,-0.6828133664803643,-0.25064268098952597,0.3451359652846445,2.0071874907502516,-2.0762268461957487,-0.9198290432209326,0.5812362690429229,-0.02654781291338775,0.20102490771198941,-2.1165387592105014,-1.2631533227864191,,0.2907035004641263,-0.8699444793759881,-1.5977544599419922,0.6234544806904504,,,-1.2411778504862676,,,,,,,,,1.6776268630767361,,,,,,,,,,,-1.3106242777338324,-0.4806644591904579,-0.30573723374324985,0.018332925916916536,-0.11865680606406985,0.018419223622788587,-0.03926057568545617,-0.012596391701709647,0.003279581553682767,0.002013259297040042,0.0009282278342344121,0.06723702005533866,0.009341530303275926,-0.05050829281288974,-0.015966772003267647,-0.028740978096222645,0.03934453371049424,0.013078371559720829,0.0012345337338855583,0.021066870948981607,-0.0335406945528209,,0.12125955628936072,-0.037022740239599665,-0.21000809951517374,-0.07250366222610993,-0.1284463615305466,-0.082721951602448,-0.06175013923857304,,-0.0160326297831991,-0.0360496572442514,,,,0.028944975012608988,-0.03990900109772766,0.06976929656802798,-0.039315216013924785,-0.011790524907254879,0.02110223445318159,0.1121382357694446,-0.15714468655314265,-0.02302138627907966,0.04116948889213623,-0.001568878089994226,0.01721898928718371,-0.1310119380644427,-0.054413671817491543,,0.01663584864127083,-0.06611255346103297,-0.12077307702946519,0.05750190807004295,,,-0.1120261991127495,,,,,,,,,0.1479591265315108,,,,,,,,,,,-0.0903904795363295,-0.02699914647038101,-0.022150702799383373,0.0007841210040966159,0.48920335725500086,0.4281733893439073,0.5814312319424412,0.19926703250057334,0.7660782076650804,0.5580774231220526,0.627144509798993,0.3957561435890152,0.461109171299174,0.49154949561772,0.4707793803155401,0.7667671505574258,0.8371244431678876,0.7239165975597901,0.5695191410409467,0.7698804321028645,0.6520049611258741,,0.7051879426330462,0.6304506364931322,0.8749268316097074,0.6352573139976451,0.9123004814957221,0.4651281374758706,0.39810626844519015,,0.6871370830618981,0.23178635027844574,,,,0.7379000050347092,0.6101966758485686,0.4179985968923199,0.41882033144576664,0.35854331638084963,0.6191620611507124,0.42241589051478445,1.069041390837923,0.19079709455180954,0.7732673679342991,0.7690156567757077,0.9183770639683452,0.7617981253692183,0.3819505157499442,,0.5842254060109734,0.7715512676799456,0.9332190503610318,0.9043859150077931,,,0.9784939690520409,,,,,,,,,0.5624297952024628,,,,,,,,,,,0.8655757785325668,0.6761251256931315,0.4810987230029724,0.37125013338994256,-0.2425510869955439,0.04301814190511109,-0.06752402266781357,-0.06321362617608813,0.004281000974663618,0.0036074910283545704,0.0014800860403480526,0.1698950759060432,0.020258825641997505,-0.10275321867519571,-0.03391561455509354,-0.03748331951274709,0.04699962357042726,0.018066130274959822,0.0021676773350042667,0.02736382179689799,-0.051442391626749656,,0.1719535303405772,-0.058724249126843375,-0.24002932808540886,-0.11413274688621484,-0.14079392057314058,-0.1778476616172019,-0.15510968837476263,,-0.023332505519506157,-0.15552968154054295,,,,0.039226148279057786,-0.06540350460321387,0.1669127530253437,-0.09387131679641426,-0.03288452013628061,0.03408192422830801,0.2654687910362117,-0.14699588612745051,-0.12065899815276471,0.05324094950769242,-0.002040112026551115,0.018749367730047338,-0.1719772387218012,-0.14246262165833845,,0.028475051701120923,-0.08568782948129083,-0.12941557181322225,0.06358116277114671,,,-0.11448838997064009,,,,,,,,,0.2630712807066856,,,,,,,,,,,-0.10442815265645584,-0.039932174451737405,-0.046041907284893206,0.0021121096898651195
2025-06-30,-1.573327577467572,0.12973910996075663,-0.5067585792563213,0.11846530335390244,0.08523640257646806,0.17747434598471748,-0.11286194151625971,1.4292428412323421,0.1941670213922914,-1.0836262224490882,-0.29222374410294344,-0.40221064029476644,0.5163073154071326,0.1953125280566159,0.020804279631845904,0.2399876490708988,-0.6884674934195082,,1.7471787735917073,-0.6712445084604289,-2.8968023845019886,-0.9751269755427195,-1.4950488626948033,-1.214347842475049,-1.217420864990521,,-0.22200922056689115,-0.6603878055222302,,,,0.5276947985926707,-0.5886969904816163,1.550906851296443,-0.6969318444343355,-0.2887395860053026,0.3898765118078942,1.972883398646322,-2.0721393732518854,-1.1751532650870462,0.5084662935974156,-0.024046598599417143,0.18226309196755236,-1.7169355044832477,-1.2205025262972335,,0.22122940133837843,-0.5381782249779591,-1.5188604010917204,0.7049428594848818,,,-1.1436355733367152,,,-0.5265345354122081,,,,,,1.6464379785248737,,,,,,,,,,,-1.3637133002872492,-0.333240850927233,-0.34122423580024336,-0.021148292741420282,-0.12643162219692483,0.005723584279923045,-0.04509843763464835,0.007044961576614957,0.006272229893037819,0.014163717220491357,-0.007711943238662096,0.07098632312866132,0.00874469820754631,-0.05421800739396104,-0.016368418383024105,-0.02937111956779209,0.03233880296433316,0.019852290741091853,0.0010659728209105167,0.013831480706585858,-0.03811275284890334,,0.1300045016244353,-0.03858126095772416,-0.21943348935933182,-0.07336547074093712,-0.10489168550106436,-0.06660564648087207,-0.06671920850799726,,-0.01474375576728099,-0.029735402982794132,,,,0.03385468514975433,-0.037677888624430354,0.06686329813155055,-0.04026125292859735,-0.013765793057975931,0.023780863232098985,0.11056954174923571,-0.1579123060628883,-0.02949921980834901,0.03601186961831326,-0.0014198483318871632,0.015544049959396596,-0.10086628376845445,-0.052869076668655896,,0.012740386742959407,-0.040795374756290116,-0.11515137738776153,0.06327807172965569,,,-0.10314487319324214,,,-0.04657401366914375,,,,,,0.14405698257112687,,,,,,,,,,,-0.0941057114018075,-0.01864844402104661,-0.02498820786998291,-0.0009116873276666822,0.49144388673168665,0.4291032109660366,0.5833791069813443,0.1908495231340819,0.7618110749596237,0.5579932906714766,0.6324269937834925,0.3934574834438043,0.45706338418796855,0.4915788847172872,0.46579707342720056,0.7624103026940714,0.8390793642774645,0.7205224336236733,0.5725701206482869,0.7638799641995332,0.6517214007585254,,0.6935202654037205,0.6261123463656271,0.8739037950319866,0.6455073924512782,0.9109788160608279,0.4601221825696162,0.40557489413050013,,0.6894577908473957,0.22991083024100287,,,,0.7283844233111368,0.6070389502778482,0.41699612630745486,0.4171564403150242,0.35636198246378903,0.6274591457968128,0.4244952769360309,1.0667960194000676,0.19021325577361073,0.7671129383451787,0.7708629768326456,0.9171179406561787,0.7547885972104361,0.37995335381376144,,0.5928519894220589,0.7646467389710093,0.9318076677522509,0.9067077739416924,,,0.9762300630606964,,,0.6379902470953261,,,,,,0.5624782960026002,,,,,,,,,,,0.8671777486086771,0.6697940865384964,0.4842910758823937,0.3676739318238345,-0.2572656321716596,0.01333847926012389,-0.07730554127659313,0.0369136975609077,0.008233314136802552,0.025383310977533543,-0.01219420314829609,0.18041675686872521,0.019132353432954125,-0.11029360511516367,-0.035140663857310225,-0.03852403287836693,0.03854081549506377,0.027552633776092312,0.0018617332313875887,0.018106877199063353,-0.058480130934084225,,0.18745595206039942,-0.06162034845930685,-0.25109570482103255,-0.11365550820779272,-0.11514173946945055,-0.14475643427774681,-0.1645052725737242,,-0.02138456619535737,-0.12933450308375707,,,,0.046479144894196835,-0.062068321327955624,0.1603451301181912,-0.09651355951305281,-0.038628680205455734,0.0379002575568479,0.2604729610829049,-0.14802483623035376,-0.15508498442116245,0.0469446776585444,-0.001841894570836825,0.016948801533939194,-0.1336351451800388,-0.1391462297621152,,0.021489995766699476,-0.053351924067823464,-0.12357848231227261,0.06978882672922236,,,-0.10565631719008964,,,-0.07300113737034107,,,,,,0.25611118436907815,,,,,,,,,,,-0.10851951811816342,-0.02784205533587492,-0.05159749810473713,-0.002479608285374726
2025-07-31,-1.5463584527101422,0.04807092972419332,-0.6449460952949223,0.21655632321529913,0.3636026610658891,0.04288841823154909,-0.03611939800047653,1.6267299593412834,0.27963195434658483,-1.2820570292750417,-0.3090056591165985,-0.44719011173282386,0.24099530120770132,0.20512920676585913,0.14295022198117568,0.16274272036383663,-0.9392558688905357,,1.7999651036215274,-0.5951854641757145,-2.928218607429024,-1.100455865420742,-1.3591058402105196,-1.424844676490961,-1.445591173784806,,-0.18949602129674342,-0.6991432450255866,-1.1357825150770233,,,0.6032182526242602,-0.5301031840166234,1.4817782102196781,-0.8467143817474967,-0.21698792045859666,0.362701761603024,2.3292650765125513,-2.1274066301020738,-1.0706637242967312,0.5224042977368206,-0.13383642588648037,0.10246090469648922,-1.6237750634471388,-1.122385838487342,,0.22135962727101763,-0.5980518141717149,-1.4066290900989147,0.6196839648562557,,,-1.1724485983392006,,,-0.529712300468543,,,,,,1.6212958751854598,,,,,,,,,,,-1.2154124063990943,-0.2281164391324002,-0.31426986141216956,0.0034984178823213516,-0.12472209278412476,0.0021338535577685278,-0.057795238263974424,0.012897870324400103,0.026186826855045253,0.0034153282015221905,-0.0024691077494372947,0.08200910566324779,0.012618857781173245,-0.06391171421833473,-0.017379300050102693,-0.03267003710765101,0.015253185390924465,0.020907250079401706,0.0073531327739178075,0.009381475723317819,-0.05340365564219844,,0.13465764002641692,-0.0341172463033106,-0.22277456724924904,-0.08319540674973067,-0.09482273066476897,-0.0760739176108297,-0.08111897606682648,,-0.012605095292235613,-0.03173716817811391,-0.15224263036280725,,,0.03854007416208288,-0.03414554126456679,0.06392000969730897,-0.049359016037308336,-0.01044618892378993,0.022167982461611627,0.12599625108565843,-0.16138986224652513,-0.026966867922453768,0.03705788611457684,-0.007923235977050812,0.008693505048469441,-0.09530531009153742,-0.04897950492701396,,0.01278822985341134,-0.04539671667521079,-0.10716495310258833,0.05514439442788479,,,-0.10519316639179527,,,-0.04652684075290642,,,,,,0.14142621318124945,,,,,,,,,,,-0.08351872670824848,-0.012778806856760432,-0.02308046187844884,0.00015177589008790528,0.4947826247080586,0.4267639466805705,0.5883859030560039,0.19006015349150054,0.7575376932111464,0.5547483841722959,0.6384145331397005,0.3929127396423716,0.4592204571648753,0.49504379390592507,0.46468135744183875,0.7598829140532557,0.8440946025245273,0.7300768176477472,0.5732534555681387,0.7620304138796947,0.6536023402307471,,0.6869923768001052,0.6270650730701424,0.877652846357396,0.6530676563267849,0.921353726383286,0.4653674508639283,0.4067012061161782,,0.6880442888444487,0.23241333780551887,0.770070378334103,,,0.7300162992717523,0.6057919982879875,0.41818798822093683,0.41887531814374807,0.3559181444362975,0.6336761983733855,0.4171513095583191,1.0585669597343859,0.18754663324529877,0.7705990883923525,0.7651269544484712,0.9121886433107137,0.7467305773531021,0.3824543118668236,,0.59596857236655,0.7646879093630298,0.9278071441428526,0.915095060747687,,,0.9722356108695903,,,0.6408350400110139,,,,,,0.5606400068953749,,,,,,,,,,,0.8676342943352175,0.673688883370175,0.48726585782448384,0.368412767062956,-0.252074520316302,0.005000079257786273,-0.09822675554222675,0.06786204308193876,0.03456834833398352,0.006156535645647675,-0.003867561938626786,0.208720912785603,0.02747886681503533,-0.12910315209502476,-0.037400467593060156,-0.042993514531583954,0.01807046905086832,0.028637055134503927,0.012827018664249101,0.012311156552865509,-0.08170664692440494,,0.19601038464739526,-0.05440782427295916,-0.253829937627219,-0.12739171193635254,-0.10291674950617437,-0.16347064555031252,-0.1994559515607978,,-0.018320180105564892,-0.13655484869233817,-0.19769963193773857,,,0.05279344338000341,-0.056365124268832514,0.15284994188675452,-0.11783701235022277,-0.029349975793829183,0.03498313889414768,0.302039687275736,-0.15246070242643966,-0.1437875340965618,0.04808970925710299,-0.010355452687929603,0.009530380708223991,-0.1276301158436036,-0.12806629029213132,,0.02145789299363583,-0.059366332485922754,-0.11550347912182961,0.06026083714497218,,,-0.10819719542849088,,,-0.07260345931162998,,,,,,0.2522585107053233,,,,,,,,,,,-0.09626028760451502,-0.018968409858321503,-0.04736728729875953,0.00041197239525081155
2025-08-29,-1.8488588637924246,0.38770183651658696,-0.6931759804229168,0.17365494620130087,0.780020554795147,0.14646212516002233,0.2665928779406944,1.524706004229561,0.46716980167180433,-1.3701490284575915,-0.20916325643369926,-0.11403435006405889,0.07231523973766965,0.3788309628305565,0.43778567634241755,0.31479909321037214,-0.6707033157529495,,1.629096194427372,-0.7802778101638685,-2.894665957287886,-0.9576857486033427,-1.1776125558852104,-1.1869986482887298,-1.5967318868143199,,-0.48483423246272894,-0.7362551148338385,-1.3178255359882665,,,0.5429130617917465,-0.4001209363519468,1.596860787934151,-0.8640524067792545,-0.08585462671337563,0.3739815197437285,2.0871956301504992,-1.7686092801491022,-0.8243039135588722,0.43958490641472786,-0.4854742426182656,0.1964574065289182,-1.4465595440516417,-1.1353751202711464,,0.17715375729902277,-0.6365851021264902,-1.3564136203384585,0.825934280766741,,,-1.2403938551847067,,,-0.4602574153314193,,,,,,1.6033180775501283,,,,,,,,,,,-1.1025262671663878,0.20002628855450305,-0.10972428386574645,0.10360511418078644,-0.14777475225346753,0.017503331253353106,-0.06411400648016456,0.010271330155031918,0.05062260442905362,0.011787670011774111,0.018677862476210103,0.0772193936952393,0.021427760210405072,-0.07043363182240402,-0.01194214245381432,-0.008297869353693785,0.004949287775691529,0.03883110858983511,0.0232775483921375,0.018399547546956177,-0.03889000565452685,,0.12475269235242235,-0.045381984162895954,-0.2238644068834453,-0.07340649225015461,-0.08114607994724735,-0.06324606163675686,-0.09657577473326721,,-0.03226987165499953,-0.034203725803666984,-0.1763448998517209,,,0.034389400073138905,-0.026328321536547756,0.06984212318640956,-0.051026185856942734,-0.004193432465921656,0.023980107746734702,0.10181141344571565,-0.13428326133535057,-0.02094360454226373,0.03155644567819787,-0.029057806877949562,0.01656712237509511,-0.08527687750950119,-0.05078191066847053,,0.010359930811778035,-0.04935652052955591,-0.09677952277607754,0.07327852004996659,,,-0.1101855215046447,,,-0.04000407402764011,,,,,,0.13889022805538698,,,,,,,,,,,-0.07567911909008122,0.011173111354186482,-0.008216799591448758,0.004556687558497357,0.48980875786193745,0.4209563953727197,0.5969028421817948,0.19609915207369039,0.738037261752945,0.5691718931686464,0.6560902220480682,0.3966958564979244,0.4627383838870403,0.4988152510074219,0.4645522433701369,0.7656328282179106,0.8641137626702682,0.7333625311163412,0.580894929316688,0.7562499125145796,0.6631670371300441,,0.6843042947417197,0.6212266732001354,0.8809217163488849,0.6585940301039622,0.9141810278176914,0.47004339785189037,0.40623290539824264,,0.6880539987196258,0.238498136198018,0.7754654765886168,,,0.7324573750905289,0.6136807469369585,0.41575391254114447,0.41604504423681904,0.35814583524227533,0.6462767732455129,0.41022890987482297,1.0495972187841538,0.18722626762699296,0.7705200598163091,0.7563799235131434,0.9160399058368118,0.7430612546276929,0.3932931536122878,,0.6041699671096733,0.7772154060173192,0.9157348111187865,0.9274336153106311,,,0.9754086515822917,,,0.6453501898439573,,,,,,0.5638988894765785,,,,,,,,,,,0.8778838398373141,0.6757482902193253,0.49794822081299944,0.3731564006110591,-0.301698877126082,0.0415799152733039,-0.10741112614879757,0.05237824868907207,0.06859085178005461,0.0207102110157808,0.028468435968920257,0.19465641606882608,0.04630642487534778,-0.14120184112284898,-0.025706780290584652,-0.0108379226280147,0.005727588182830618,0.052949403524509914,0.040071873960957266,0.024329983041950377,-0.058642850861269046,,0.182305873733422,-0.07305221446645067,-0.254125199468672,-0.11145939515814779,-0.088763688457807,-0.13455366446118142,-0.23773498761404127,,-0.04690020218623733,-0.14341296896034708,-0.22740522328277882,,,0.04695071855736112,-0.0429023098214492,0.1679890942204849,-0.12264582059989126,-0.011708728828536899,0.03710501249535846,0.24818195645153904,-0.12793789744498693,-0.11186253300733016,0.04095473605933229,-0.0384169462655557,0.01808559023415129,-0.11476426334761425,-0.1291197423653396,,0.01714737801572554,-0.063504300284619,-0.10568509747689779,0.07901214581856941,,,-0.11296344493756906,,,-0.06198816496406844,,,,,,0.24630342539654135,,,,,,,,,,,-0.08620630162654068,0.016534427857094636,-0.01650131328521106,0.012211200319854067
2025-09-30,-1.806767201499267,-0.2507633426673495,-0.9051360427370729,0.14020595284975226,0.7607725062771079,-0.011413005487063472,0.3321522396116545,1.4886364572768118,0.4776884791692575,-1.3038269357941576,-0.18953110084922056,0.0733313836010987,-0.24018889581881633,0.03254464752055614,0.41427961965490173,0.09251766048355267,-0.6688445622131496,,1.2008340446252617,-0.6156897188356556,-2.51958785193403,-1.0023783846283207,-1.0949658646549825,-1.1086696086222045,-1.577662282873799,,-0.5318515648700551,-0.6258276733152288,-1.272392911176395,,,0.3588211864687863,-0.7372492755489515,1.392173919666568,-0.7767747341893364,-0.20263614827499657,0.5963336455900701,2.3476376182787018,-2.1192589472806107,-0.7258144226467576,0.28171851834371947,-0.876834783416641,-0.0020362646501028447,-1.060263367217337,-1.1843322305772463,,0.13503621462906595,-0.584444276664528,-1.1818023680370267,0.45058381428291666,,0.842302621270692,-1.2034432233597805,,,-0.4975750772761594,,,,,,1.579877117538987,,,,,,,,,,,-0.9297259583096001,0.5796637664591089,-0.17131033000138182,0.24022762200283518,-0.1454890630970575,-0.011387504069810662,-0.08464622650261275,0.008292531715064834,0.04917460923054568,-0.0009193865591674365,0.02336327187390872,0.07825768779648029,0.022046756319179545,-0.06747921029651764,-0.010913857114259427,0.005349145305022668,-0.01678225240198313,0.003307615907527912,0.022422907000119677,0.005417663484721351,-0.03890299433893381,,0.09294297480637052,-0.035579636442055564,-0.17081456453339613,-0.07730754366351109,-0.07494754774280406,-0.059284093266311885,-0.09938368101293958,,-0.03485517601241552,-0.02941966459714054,-0.16873141202519862,,,0.02270531556538837,-0.04960113107996656,0.06080208442377803,-0.04625894635878657,-0.010004704397841792,0.03928799802281516,0.11304069160113725,-0.16090679859642715,-0.01858800152469104,0.020370187759865436,-0.05438879700579584,-0.00017406894082553671,-0.0601477578758549,-0.05355861178028634,,0.008055469081550552,-0.045609052278120815,-0.0835747927856382,0.03986423822577279,,0.0872836113131099,-0.10574910823961456,,,-0.042814076480205895,,,,,,0.1359021597834035,,,,,,,,,,,-0.06419643597984309,0.031182761769721352,-0.012931590620708233,0.010731497752199297,0.4825706044708955,0.4060166211016566,0.6061746641860248,0.19950582124949398,0.7398107761543135,0.5791995415759699,0.6690843553719965,0.40513682305055587,0.4690777536369699,0.5041015605873357,0.46357441466379484,0.7635356515477519,0.8698287676153414,0.7266628119720597,0.5889196730833013,0.7543016595074188,0.671849079519376,,0.7017002187280574,0.6172564459926809,0.8858196737834709,0.6727629465564933,0.8966232570292755,0.46904151150489726,0.41910304005685123,,0.6900772564829748,0.23930298157055668,0.7695384620418518,,,0.733481068044885,0.6202263170681155,0.41487418271889165,0.41780302735532954,0.3549341706865528,0.6526959330107397,0.3998840611363509,1.0487758278381727,0.18208193581703339,0.7742025410962396,0.7575693656787799,0.9159211183417367,0.7326704178374431,0.3967937466638436,,0.603089978753413,0.7850165821955252,0.9052792870607235,0.9275163448416627,,0.6587096739496012,0.9744143784554521,,,0.6484697474428437,,,,,,0.5627819435070183,,,,,,,,,,,0.8719257455202594,0.673095464453079,0.5072547180520361,0.3717918135747717,-0.3014876201516169,-0.02804689137827072,-0.1396399940539848,0.04156536216902928,0.06646917132805942,-0.0015873399289402692,0.03491827553032419,0.19316360139081887,0.04700021723102656,-0.1338603479384128,-0.023542837501449795,0.007005757090948529,-0.019293742661549488,0.004551789155896821,0.03807464417468698,0.007182356576358648,-0.0579043650201382,,0.13245396299696807,-0.057641579400334764,-0.19283220907007076,-0.11491052540750982,-0.08358867244992392,-0.126394128903648,-0.23713424030390762,,-0.05050909254719866,-0.12293898055117368,-0.21926313023717592,,,0.030955557756807608,-0.07997263211022242,0.14655547864007726,-0.11071950974506621,-0.028187492848292375,0.06019341631498828,0.2826836640598013,-0.15342344314714246,-0.10208591775611038,0.026311186903393614,-0.07179381779391732,-0.00019004796083388302,-0.08209388070203187,-0.13497846735387242,,0.013356993757716231,-0.05809947625636385,-0.0923193471674253,0.04297955334962648,,0.1325069522506938,-0.10852580850380909,,,-0.06602324418222692,,,,,,0.24148280049021992,,,,,,,,,,,-0.07362603559955494,0.04632739843977225,-0.02549328800798194,0.028864265861628678
2025-10-31,-1.7671020837725775,-0.07144759656992518,-0.685834347686066,0.17233024674073114,0.7378793515184912,0.0281932988156666,0.2998715379478016,1.3715692752790245,0.4947693273965839,-1.2520100840021002,-0.12334089880303252,0.10041060336694685,-0.17403780457223772,0.029304385796326195,0.25755223595350774,0.0242434487876404,-0.6758797616524435,,1.1483818326323179,-0.6540401938074885,-2.739320397196139,-1.009036032598362,-1.0748656138307666,-0.9330000552175456,-1.5243300865518845,,-0.6301267442037425,-0.06784031783998094,-1.2280243367568597,,,0.33814218635926163,-0.83224483692019,1.1270085959155998,-0.7341207363431829,-0.2539528813035573,0.5613294765493246,2.218126054448575,-2.384695587914452,-0.8142722077376531,0.46263065895703326,-1.1428945887601927,-0.05418320711368751,-1.2665695079544423,-1.2410398107871055,,0.1606350182735389,-0.611441027509482,-1.3666001796148943,0.5759336052291191,,0.6041304057853831,-1.2905050531401532,1.0660046047188851,,-0.5369262638833288,,,,,,1.5619486998543501,,,,,,,,,,,-0.8961569192882953,0.4387597618996114,-0.14645265425642232,0.296097350052927,-0.14314940439670748,-0.0032572667291957923,-0.06441618301042629,0.010248776339109837,0.04763356110686476,0.002298503773830102,0.021294822214631245,0.07215589790975696,0.02289941421181712,-0.06515779184013189,-0.007145417543002795,0.007304353074696736,-0.012213289068324846,0.0029900642219336886,0.014284503137064876,0.0014481553172883948,-0.039642507074841696,,0.08968020171802857,-0.03827348084091667,-0.18683361717656347,-0.078621249884758,-0.07403008554665592,-0.04979773928815227,-0.0978467467469376,,-0.04166154784886495,-0.0033679338504228737,-0.16217485456298386,,,0.02136031149481961,-0.05660597108275524,0.05011256836587803,-0.04401880321674283,-0.012965541919799962,0.03714399322672963,0.1073913767609547,-0.18403073673625323,-0.020958135330014446,0.03241621010675969,-0.07169033913440205,-0.004630355563757012,-0.07162895394470628,-0.056661257408124895,,0.009667704090170101,-0.04814939684594812,-0.09710061796128967,0.05106545741198473,,0.06290063802139707,-0.11284210031357775,0.10942167439423811,,-0.045757590818336615,,,,,,0.13368122754034914,,,,,,,,,,,-0.06245633335094519,0.023638967901417993,-0.011137666043868916,0.013268972275232424,0.48376475549924036,0.4007427181516524,0.6168343592284397,0.19754225888194146,0.7352597348413261,0.57150826877667,0.6743852817211415,0.4066304794057869,0.4673171946377454,0.5032381041364218,0.46348392181071413,0.7566301142866287,0.8709258194208102,0.7320129016086581,0.5933981658307993,0.7493512280141575,0.6780714915645814,,0.6955297108185936,0.6107566951870741,0.8853065434379424,0.6793642044098932,0.882775128626009,0.4612725092939908,0.43180545853098246,,0.6875190912159498,0.24172193147437418,0.7767398187421608,,,0.7291784868094152,0.6176937338325293,0.41871320742265283,0.42237996737460953,0.3581110098559463,0.662178083632217,0.3959181549514153,1.0356593421044884,0.18115469131539108,0.7681945837531792,0.7543535534155962,0.9154304639702969,0.7234144174661269,0.3994652096200829,,0.5990486763966573,0.7806036668863493,0.8957675164933614,0.9142100188187067,,0.6608309410575465,0.9750420233991239,1.0227568000795264,,0.649564100883343,,,,,,0.5630603471589293,,,,,,,,,,,0.8738041759197094,0.665751813254808,0.5134677378354562,0.3707623104783478,-0.2959070555873355,-0.008128074651535278,-0.10443027702120963,0.05188143740542566,0.06478467247651525,0.004021820679427991,0.03157664141228494,0.17744832609498207,0.04900186527390303,-0.12947706325208713,-0.015416753865134006,0.009653796401671744,-0.014023340215642043,0.004084715194722359,0.02407237494080482,0.001932545464863153,-0.058463609763876996,,0.1289379883031607,-0.06266567545230682,-0.21103833306260886,-0.11572768976406357,-0.08386063805612612,-0.10795731001695967,-0.22659914277094992,,-0.0605969323341729,-0.013933091754977643,-0.2087891603466487,,,0.02929366661416951,-0.09164083749326554,0.11968232068517953,-0.10421612438286514,-0.036205370856973874,0.056093661425617225,0.27124640640471037,-0.17769427576667987,-0.11569192703669066,0.042197915466135355,-0.09503546289375756,-0.005058118279868883,-0.09901510422697683,-0.14184278391105296,,0.016138428263162835,-0.061682258088800845,-0.10839935158779482,0.05585746859126395,,0.09518415999216895,-0.11573049940985665,0.10698699278824626,,-0.07044353398857912,,,,,,0.23741900528935012,,,,,,,,,,,-0.07147635027631645,0.03550717764604943,-0.02169107272604934,0.03578835253808065
2025-11-28,-1.8392594494789065,-0.08816759606819259,-0.9888906365282812,0.34928884692454165,0.9697320601984178,-0.1431327937825317,0.26355230958514075,1.475713429239592,0.4897566690896049,-1.3762233721745676,0.033028875843944025,0.10328192391572108,-0.0026846440649042095,-0.07616064629062504,0.17946443508240756,-0.13582160311823657,-0.6732550179002856,,1.3820319844736686,-0.5378263180401587,-2.810296352742567,-1.045626757207265,-1.0474859860611823,-0.5917902497201529,-1.3714501976963747,,-0.3571535967945477,-0.04384159265657567,-1.2865871639168327,,,0.3055868427065015,-0.7854911131531344,0.8695217026895649,-0.6993287380607353,-0.6021215762615456,0.7926260275860513,2.258926111026657,-2.3900644326164238,-0.5144920051530508,0.6284623384535415,-1.1870120229651366,-0.34749348052063206,-0.7410339850441083,-0.9854666681409954,,0.3651808985394451,-0.4984673420852647,-1.3989407630855692,0.41237965798745463,,0.765058500503426,-1.161131651619221,1.0333209114003252,-1.343866784628945,-0.4609064790734697,,,,,,1.7028921154368237,,,,,,,,,,,-0.6527304179538924,0.6109105531431138,-0.12337723581252141,0.44678658676543587,-0.14836299749788842,-0.0039840245929586605,-0.09518094782173779,0.02079991228665414,0.0628056529490139,-0.011773837461157325,0.018816363894209088,0.07802021930416461,0.02302559879940721,-0.07224405177537424,0.0019220122123231828,0.007536997940760659,-0.0001904505209787271,-0.007546556310751934,0.00998755369276571,-0.00833498104819194,-0.03962685058569196,,0.10845205741823041,-0.03156978990634969,-0.1907552656599245,-0.08179085140061151,-0.0724697049133715,-0.0314428382026289,-0.08954042054312861,,-0.023442188977211516,-0.002227894984818868,-0.1678415085530457,,,0.01918007785837046,-0.053536171954102256,0.039899741406191104,-0.04241495520714984,-0.03188125618355931,0.05192722036921628,0.10831115456261205,-0.18793016047376038,-0.013262120897181418,0.04403993865775905,-0.07609357372928528,-0.029966540001293854,-0.042139903217538764,-0.04625170339876434,,0.022134649450879767,-0.0394086158312075,-0.09985048314752812,0.03702201237613459,,0.07865512834119699,-0.10032386033143839,0.10375419128257671,-0.1467503117293203,-0.03848830252242914,,,,,,0.14444251473273106,,,,,,,,,,,-0.04530474159202946,0.03279205526194714,-0.00941771322845926,0.01998514904990578,0.4862909303450387,0.40276633173211407,0.6345178881604084,0.19398508490946223,0.7333984347789567,0.578104280454158,0.6840309875432907,0.40968255366268996,0.46770110396576353,0.513856821902988,0.45776480840909417,0.7599932216984339,0.8689875475918617,0.7462917255035173,0.603107848128661,0.755477249606858,0.6827508400630505,,0.6960861095200798,0.6153846128228179,0.8847329990452502,0.6927066889265729,0.8838536341713853,0.4580324514567486,0.44949106355938256,,0.6812359249745356,0.2518358805585744,0.7764460851464513,,,0.7321896929989758,0.6216810021519664,0.4275206076581606,0.4285261779979027,0.36336550425820596,0.6712538659751341,0.3936305291452152,1.0302093498797726,0.17974952485064752,0.7672758274595811,0.7539060189212236,0.9205802774475625,0.7098449699737067,0.39870999403048435,,0.5993885562147877,0.7818248511795127,0.8989647977149761,0.9190891030477847,,0.6521019478112684,0.9704572125337401,1.0286254288425447,0.48762998477051495,0.6532667274407671,,,,,,0.5589780094090921,,,,,,,,,,,0.8723662990774932,0.6663387403566555,0.5289341592333077,0.3695067116696671,-0.3050910231712942,-0.00989165250189903,-0.15000514500495168,0.10722428632264171,0.08563646985140248,-0.020366286601282063,0.027508057729648167,0.19044066828484515,0.049231439917859846,-0.14059179268619953,0.004198689320402112,0.00991719100325259,-0.00021916369400977448,-0.010112072870244314,0.016560145459481843,-0.011032735999038186,-0.05803998803140616,,0.15580264558504586,-0.05130090881137988,-0.21560772104779177,-0.11807429133874202,-0.08199287994251674,-0.06864762115135419,-0.19920400604649477,,-0.03441126358403336,-0.00884661462805608,-0.2161663401540467,,,0.026195503763253993,-0.08611518088663685,0.09332822954371915,-0.09897867944804396,-0.08773880792191167,0.0773585419784232,0.2751594364334854,-0.18241938931702784,-0.07378111796512848,0.05739779239960352,-0.10093243961385111,-0.03255179448812468,-0.05936493882474037,-0.11600337109991793,,0.03692871547408712,-0.05040593909461058,-0.11107273989074098,0.04028120043352289,,0.12061783990248315,-0.10337793262363992,0.10086683487819814,-0.3009460375952535,-0.05891667355110925,,,,,,0.25840464616027453,,,,,,,,,,,-0.0519331634428544,0.0492122898998718,-0.017805076613146474,0.054086024471924
2025-12-31,-1.7965176944380663,-0.017195838960966145,-1.0475033451027425,0.36230537627549136,0.9150424904050763,-0.145908766648965,0.14079112663368842,1.3734523444795848,0.5602293806617487,-1.606748532654421,-0.11376022220173125,-0.16025068474421728,-0.21802616349775258,-0.25390261275756215,0.0844058783829085,-0.09457834630713281,-0.6671610801909792,,1.2991117209854555,-0.6622150028542718,-2.8127766078504486,-1.0110040165346272,-1.134317021936293,-0.621192324885352,-1.4388476207449055,,-0.3297632949016756,-0.18481630335529986,-1.3466759339897636,,,0.22337010460705367,-0.7829437196463418,0.7958411331353891,-0.6980414183612819,-0.6314045991734747,0.7648321877339873,2.2464606406121024,-2.301581466325876,-0.4019297573560839,0.6344652609984938,-1.220594020190435,-0.2741819597658621,-0.7112947487174772,-1.1350225486563068,,0.43485332465475734,-0.5778992126415466,-1.389751125642825,0.2545836029173809,,0.868630716835497,-1.4188962455955705,1.0262339927698227,-1.4644323533808286,-0.4776520217347248,,,,,,1.6138282018341203,,,,,,,,,,,-0.7142254410510395,0.6461104831570408,-0.2152367944843119,0.14341859821264008,-0.1459781904372145,-0.0007813729344841425,-0.10204837209696593,0.02162581804719731,0.05964767899356891,-0.012111154017761087,0.010129645048271756,0.07259370200265598,0.026559923025738834,-0.08600118540621078,-0.006603030483749278,-0.011821122128434497,-0.0155751894416394,-0.02510579118397186,0.004724377192572189,-0.005828875614761729,-0.03953253339075889,,0.10255127246150351,-0.03945453249958196,-0.19229992220045344,-0.07981226326534534,-0.07910684645634357,-0.033216660620961805,-0.095354845132388,,-0.021798757786571678,-0.009974769747786051,-0.1752470744687348,,,0.013987559240948171,-0.05381237558730848,0.03676377543368392,-0.04235997904676524,-0.033854278144775006,0.050337920952577546,0.10801215395078088,-0.1821897826073537,-0.010249763043509838,0.04471714416690221,-0.07930248506834604,-0.023621287318735168,-0.039759726583227406,-0.05367417320884184,,0.026608197312842724,-0.046060045115848526,-0.09949236924024012,0.0232239834953195,,0.08881573124887966,-0.12350374704058868,0.10244662495823287,-0.159985015968369,-0.03969261862057987,,,,,,0.13453708651411808,,,,,,,,,,,-0.04989976047255447,0.03495307793319876,-0.01625581697391457,0.006114873892829415,0.487076627066567,0.4048664742813859,0.6411157469238504,0.19570059957276592,0.7312252489119819,0.580700316834403,0.6894970577674411,0.4164582006940739,0.46871615276026696,0.5213280486916294,0.4613391250575657,0.7599177833408463,0.8685606103963248,0.7469936940322375,0.6132543639193335,0.7500711050156067,0.6859596546605412,,0.7031713985333162,0.6180075731904514,0.8864159849353942,0.6972044149697862,0.8802302967703913,0.4602589583677129,0.45594093570035016,,0.6839268150486978,0.256722148519678,0.7748405709562665,,,0.7336074197695754,0.6280492374443567,0.42683285783459113,0.42980922745659383,0.3663465368123611,0.6759896704191001,0.3939019073022832,1.0227774977207351,0.17907327969654585,0.7672973500832605,0.7536928129493755,0.9210548968645846,0.7118175977337956,0.4015341971260382,,0.5980940226701724,0.784915812977808,0.898841531637801,0.9213748954049075,,0.6491189578776434,0.9665269048579535,1.0283659989013163,0.49011242972352076,0.6543689299727921,,,,,,0.5643513271709764,,,,,,,,,,,0.869366071505769,0.6692036418915565,0.5303628756699662,0.3767369808964477,-0.29970272093812494,-0.001929952179594602,-0.15917308627436802,0.11050460803088312,0.08157223657459993,-0.02085611746138378,0.01469135355134229,0.17431209634405206,0.05666526077526363,-0.1649655828456706,-0.014312747662417217,-0.015555790886304821,-0.01793218487600126,-0.033609107258258046,0.00770378079721847,-0.007771097401012999,-0.057630989114545284,,0.14584107470156815,-0.06384150326168132,-0.2169409458635486,-0.11447469573009524,-0.08987062447928743,-0.07216950374798387,-0.20913859157199333,,-0.03187293919016691,-0.03885434040382953,-0.22617178428390025,,,0.019066818115527833,-0.08568177840049698,0.08613154952548391,-0.0985553039366591,-0.09241053140380802,0.07446551797362383,0.2742107919469696,-0.17813237288986564,-0.0572378138205705,0.058278767888420166,-0.10521857672758872,-0.025645906014012558,-0.05585662213158248,-0.13367273221810785,,0.04448831839858764,-0.05868150998398956,-0.1106895550976073,0.02520579148741999,,0.1368250459657983,-0.12778097166238692,0.09962078196642499,-0.32642513485858493,-0.06065785950783184,,,,,,0.23839243399769416,,,,,,,,,,,-0.05739786967545966,0.052230854324703244,-0.030650367360988192,0.01623114852775812
2026-01-30,-1.8600919061897179,-0.0016064060069543662,-0.9704159226981056,0.48030228924312146,1.018082497593336,-0.011393362971312394,0.4654226053264973,1.4573129778253673,0.7597556367897704,-1.7219645611389098,-0.3379427178115443,-0.15856408074023498,-0.4385344427582728,-0.06390411208455288,0.041163129139336826,-0.23032502755355916,-0.8181917422894025,,1.4144910370866985,-0.7673457281617615,-2.6284216677500343,-1.3209959795695179,-1.1006876904219731,-0.7053705846913911,-1.3666205245410243,,-0.16758550430784705,-0.11744996465187113,-1.183145416438061,,,0.16576127827637754,-0.5673403782806148,0.8779523633851377,-0.5657347799809546,-0.9199697960284492,0.713534417406685,2.302314248829222,-1.9747999169676196,-0.45924643255129355,0.2074256401531215,-0.8862241751171761,-0.027258212259467614,-0.5864075944636987,-1.12685012180546,,0.5383430379557024,-0.5739701286714814,-1.0447898663083595,0.12621376782300645,,0.7477783935091262,-1.7058784833505851,1.0007394956588875,-1.5954267870830103,-0.5569567740312097,,,,,,1.6245088798131289,,,,,,,,,,,-0.6958509836796729,0.44088210672210654,-0.22484947294748373,0.13775419451653187,-0.15212804341721117,-7.80193575107498e-05,-0.0945544123317545,0.02887409785896938,0.06604210374742187,-0.0009603040717945988,0.03345181694103124,0.07717918266663408,0.03619168312917897,-0.09302657384352023,-0.018992460649401747,-0.011694352364221288,-0.0318342172501817,-0.006348535604806499,0.0023149636173325308,-0.01410508871441804,-0.0493030893006498,,0.11238172175373083,-0.04635772731300461,-0.17957658932479637,-0.10796312058706198,-0.07728669190834178,-0.038065662148674476,-0.09119354782337413,,-0.011063951836542213,-0.006445571438867063,-0.15214364255632137,,,0.010280430189516286,-0.03928808477780959,0.040455805074305747,-0.03424738859484721,-0.050070897738581845,0.04711094108576574,0.11100490881843436,-0.15920237729049042,-0.011659310140110258,0.014357489296075578,-0.05929528899720493,-0.002364274111417068,-0.03201242077977221,-0.05326992724559518,,0.032929857165242604,-0.04562164888204361,-0.07637683588638886,0.011681863973700544,,0.07870388343649613,-0.15129312365997633,0.09800475137181533,-0.17129045398971018,-0.04540576557363887,,,,,,0.13291438298450844,,,,,,,,,,,-0.048361696172277445,0.0240961439936839,-0.01697643558073454,0.0058711502788425405,0.499018407056037,0.41673346485714596,0.6453025981396573,0.19751896745405445,0.7347507284459138,0.5839128992422856,0.6759012398149978,0.4193269349409496,0.4641645672664562,0.5198993122189847,0.4644673172288844,0.7624468749459077,0.8729269482715802,0.7440112249449109,0.6085802352320469,0.751414084045961,0.684050555760653,,0.7041135286242152,0.6142816980288045,0.8827318286008374,0.7004177695043152,0.88087477286613,0.45873807251158805,0.45059510865328584,,0.6775503285503605,0.2582154047840045,0.7715727014031583,,,0.7320135996978546,0.6189937487076179,0.4279912775888667,0.43723617368359646,0.3649794769065651,0.6771160244093613,0.3944142428839186,1.0195368246109104,0.1801352943591414,0.7748614468959534,0.7519332322019043,0.911163971242886,0.7154755042973043,0.3994265599221977,,0.5935437201563449,0.7867241975172167,0.8974162556074033,0.9206891525654899,,0.6607604004820193,0.9608156880499387,1.0149907407558727,0.4888656655017012,0.6497581632577831,,,,,,0.5561851517254853,,,,,,,,,,,0.8672373884427587,0.6697436188090652,0.5425106168594642,0.3789181738983401,-0.3048545730300647,-0.00018721644429850248,-0.14652724567411538,0.14618392466883404,0.089883685977568,-0.001644601571639772,0.049492166858855595,0.18405491332795637,0.07797166281415646,-0.17893190403825132,-0.04089084408073102,-0.015337924186588019,-0.03646836349045512,-0.008532849225865599,0.0038038757805695963,-0.018771392516985733,-0.07207521269509908,,0.15960738884440448,-0.07546656112621287,-0.20343277936339046,-0.15414103594697112,-0.08773856885113378,-0.08297907766901756,-0.20238468210613395,,-0.016329343179884326,-0.024961994208899895,-0.19718639899990972,,,0.014044042615819746,-0.06347089103862233,0.09452483541771628,-0.0783269790015822,-0.13718825552320033,0.06957587678841295,0.2814424448944269,-0.15615166951056172,-0.0647252954041573,0.018529105240157173,-0.07885711983172908,-0.0025947844581607486,-0.04474286063953067,-0.1333660116542359,,0.05548008688655416,-0.057989380555496677,-0.08510747984467285,0.01268817378932853,,0.11911107775084931,-0.15746321125026513,0.09655728612738902,-0.350383481756532,-0.06988102365037117,,,,,,0.23897506535757107,,,,,,,,,,,-0.05576523431389112,0.03597816136946783,-0.03129235641324275,0.015494506949718677
2026-02-26,-2.075927662857177,-0.1323394946925886,-1.0175117048641689,0.3562584601182654,1.0456565088636194,-0.20689755993994613,0.346631187714728,1.5360561990036365,0.8021602308531,-1.8813891304930423,-0.43200348715432596,-0.10843678100363534,-0.4655950334566674,-0.22728782063337896,0.029480538375463473,-0.16765543746670897,-0.9036391054957784,,1.2016768722084692,-0.7394012802227281,-2.682412113624194,-1.253273975699168,-1.0360487606201598,-0.7445169280313809,-1.4000711693754095,,-0.22027385387654538,0.0677076779941812,-1.1986548676763529,,,0.17795765092079865,-0.7037175768235565,0.6976267008628915,-0.671555379148583,-0.870293562781419,0.7270612124348732,2.299720333663879,-1.9951225408004019,-0.5157363818959766,0.07249048233370829,-0.9242118169498067,-0.07437624062547597,-0.5959730754782083,-1.0245654264764499,,0.4907883231144135,-0.5662889008078383,-1.4299746456166118,-0.013469909770222502,,0.8291007929947091,-1.8340962664599798,1.0281304025417162,-1.5605798777718394,-0.5679101661949841,,,,,,1.6995688485457054,,,,,,,,,,,-0.6680364685403525,0.2697459282975174,-0.2362232421559359,0.11112341604929252,-0.1724133571252337,-0.006632796721326931,-0.09938786772013276,0.02156792721281785,0.0680205137106982,-0.01762815162987212,0.025133728739491268,0.0820762212694269,0.03837525215882599,-0.10242346072138216,-0.024267951815122528,-0.008022299453595321,-0.03369012950788818,-0.022640364333024878,0.001663712326803507,-0.010300409956507967,-0.05462112080449514,,0.09680533442344666,-0.04488425190159262,-0.18385914102431622,-0.10245443867550673,-0.07301642935803733,-0.040351335275230105,-0.09381970845386087,,-0.014600823366745827,0.003691693846742154,-0.15319391350706973,,,0.011008687793260924,-0.0487072819838988,0.03236166493299236,-0.04062670320776521,-0.04768496687656129,0.04806421577183046,0.1108712344096511,-0.1624751251786805,-0.012989027027842128,0.004950972922044164,-0.06459730004460737,-0.006533131536938787,-0.03253967150845157,-0.04900334776142778,,0.030170435861443638,-0.045142670490576804,-0.1060913532009731,-0.0012653005467782464,,0.08672506596963644,-0.16293777291847533,0.10013919460261071,-0.1662525421457209,-0.0460098798531988,,,,,,0.13905355232219005,,,,,,,,,,,-0.04620909920009298,0.014855508158912331,-0.017845135422205116,0.004750119863683311,0.5149937724645626,0.4346589107158944,0.6592631059287455,0.19923693101088974,0.737864436098687,0.5995797223549669,0.6752528838329162,0.42061922580452965,0.47086367479080304,0.5250341339279979,0.46050907147909625,0.7676530848253428,0.8794104099944711,0.7466651572270107,0.613952761004557,0.7538116756852947,0.6881591099995547,,0.7098346870063804,0.6158178345320551,0.8879488565345179,0.7012767994758573,0.8808185363849267,0.4618525677444493,0.45396413185571993,,0.680445162668249,0.27284482027588614,0.7804435168721507,,,0.7360028654046855,0.623177502705202,0.43386702254374737,0.44257435660879296,0.3614657417559007,0.6834320249791467,0.39420307026171497,1.014262406470639,0.1807790635936926,0.7702465945447644,0.749883068813292,0.9032522166031133,0.7158775597410066,0.39337346048860483,,0.5922309195747849,0.7883563663803511,0.8967086884673691,0.9324676724767552,,0.6531850776824336,0.9663349572927928,1.0142562673385522,0.47805345614189454,0.6509586983517542,,,,,,0.5525596607810751,,,,,,,,,,,0.8679233836594196,0.6705367718758606,0.549365888987127,0.3799404947757743,-0.33478726606756726,-0.015259773946432029,-0.15075599836596165,0.10825265729293435,0.09218565143259008,-0.029400846914292064,0.03722120903331134,0.1951318823157394,0.08149970833038986,-0.19507962264302667,-0.05269809721050005,-0.010450422999890066,-0.038309905278583176,-0.030321977815474074,0.0027098376821065528,-0.013664434087126339,-0.0793728078445848,,0.1363772948765133,-0.07288559925468717,-0.2070605076759496,-0.1460970029980778,-0.08289610895078667,-0.0873684333342435,-0.20666766792861707,,-0.02145775173048656,0.013530379074117332,-0.19629084000984195,,,0.014957398008508949,-0.07815956412492651,0.074588902247645,-0.09179633343211653,-0.13192112382468363,0.07032771953186863,0.28125411183642657,-0.16019042423552932,-0.07185028381956568,0.006427776451216011,-0.08614316382263991,-0.007232898427316485,-0.045454241532901125,-0.12457207382664112,,0.05094370264069574,-0.05726175675836076,-0.11831194965033924,-0.0013569377085400117,,0.13277257692007555,-0.16861417636690784,0.09873164980816913,-0.34776977346310467,-0.07068018288978566,,,,,,0.25165346331223276,,,,,,,,,,,-0.05324098885924915,0.022154650993044415,-0.03248315153877941,0.012502273195402987
2026-03-31,-1.6755902073200524,-0.1443079787844762,-0.811472529585683,0.568201593632604,0.9117680741786125,-0.3313467481084295,0.24967721601773554,1.5274268836924614,0.5971210727916316,-1.6531667529489593,-0.1714730925708666,-0.5791900873531879,-0.5438239697573493,-0.07237002111811532,0.2865378251666854,-0.44878470864833325,-0.9821306097928343,,1.3753104062608468,-0.6024975103082167,-2.5720923439176677,-0.8687121320338428,-1.3357542792398456,-0.7336631865290727,-1.4372221810401515,,0.12502012831207854,0.5144286211154141,-1.1231160210513955,,,0.15961797590039867,-0.6060807598157082,0.5543875416195729,-0.5926641407802747,-0.8023274112906347,0.9793224465018278,2.2466698921092463,-1.9872946592548097,-0.2176069762722641,0.039805409459847556,-0.9131581915337105,-0.1115112856322215,-0.2870268249888128,-0.9778056690352653,,0.5095260479627236,-0.42702100408608545,-1.8466762703232793,0.07524665892929001,,0.8728233927103594,-1.8678641975233508,0.8899339036657703,-1.417137282681805,-0.5972103539556889,,,,,,1.573832294371473,,,,,,,,,,,-0.19102279295574578,0.6031860042878954,-0.11172199452163457,0.3934228061993594,-0.14490782204706915,-0.007600519149646147,-0.08201060473652733,0.03560548280690016,0.06110012108543897,-0.028694042483737654,0.01836231847425554,0.08380938566745245,0.02521871539303286,-0.09379251221240538,-0.009312068850542074,-0.041490752500166796,-0.04020514366915522,-0.007209150535855696,0.016706310690446733,-0.027378050413804842,-0.06132116361576678,,0.11325875771335547,-0.037260148189427904,-0.181725787827147,-0.07239914724637335,-0.0910625916605161,-0.04084611810934021,-0.09910261333350281,,0.008532448449634826,0.02913677603637218,-0.14271701652455965,,,0.009828665179015143,-0.04377843612589013,0.026113136012526232,-0.036841905281862125,-0.04614766250547407,0.06658016601471098,0.10951466398167235,-0.16093477085260807,-0.005552380799508656,0.0027790532830336014,-0.06515525601197879,-0.009953770374004259,-0.015829794660814415,-0.048531437347037604,,0.03231319970827861,-0.03489960001875024,-0.14151605040662785,0.007158651466801018,,0.09064321260780307,-0.1680406608186492,0.08703773826936025,-0.15082850440947262,-0.048259074031554244,,,,,,0.11978088856660477,,,,,,,,,,,-0.0131489636846217,0.03331852242618154,-0.008714080877638836,0.01715278683498841,0.5448746457503295,0.47001171516291795,0.6702475129320915,0.19326087667760436,0.7441069002305516,0.6310861918286035,0.6938050913241289,0.4432684330013906,0.4847942284212858,0.5422448581003505,0.46849133432583095,0.7713436446554,0.8928831350928844,0.7627303035786539,0.6333482049724399,0.7555626319822194,0.7085407353289416,,0.7102630132923118,0.6330224007543039,0.9081312837903177,0.7202227677781592,0.8889886714727891,0.4829111874987093,0.4913901128006824,,0.693658668740386,0.3174089839399534,0.8255542458708129,,,0.7302204215920314,0.644225909958958,0.4532468128946784,0.4617445751245105,0.383780029150972,0.6770055098639454,0.38957236823863184,1.0228484693586526,0.18246418592707098,0.780462231443167,0.7713008636563236,0.9229740412406571,0.7292900534836916,0.40659756857315893,,0.610423142990278,0.7976833357542993,0.9203936637866048,0.9459121127828013,,0.6603986243413416,0.9830882431752487,1.0394383415873751,0.48084685644445463,0.6446373680857184,,,,,,0.5655763291997696,,,,,,,,,,,0.8615479681322098,0.670585800921232,0.5746174066234034,0.38766756035920014,-0.26594708191554994,-0.01617091426542765,-0.12235868564101113,0.18423533732746555,0.08211202055310589,-0.04546770766857574,0.026466105112043795,0.18907140555887392,0.052019421673307996,-0.17297077291057997,-0.01987671525225187,-0.053790230577063884,-0.045028450072553766,-0.009451768865129766,0.02637776591026054,-0.03623531558459753,-0.08654571368758114,,0.1594603063847608,-0.058860710371432416,-0.20010959986827898,-0.10052326930696741,-0.10243391685706471,-0.08458308518571933,-0.20167807766555695,,0.012300644155617473,0.09179568793139199,-0.17287418390540596,,,0.013459860732991585,-0.0679550999876412,0.05761350167197796,-0.07978849620902989,-0.12024508572675216,0.09834508736581964,0.2811150710632263,-0.15733979731476505,-0.03042997600486862,0.003560778691231225,-0.084474501562351,-0.010784453223217904,-0.02170575971137717,-0.11935988087027963,,0.05293573823231216,-0.043751196062969955,-0.1537560024309757,0.007567987945244523,,0.13725530197493588,-0.1709314112799269,0.08373535474594945,-0.31367264314619825,-0.07486235893346034,,,,,,0.21178554048766854,,,,,,,,,,,-0.015262021583229955,0.04968569626796375,-0.015165013759059213,0.04424612371253142
2026-04-30,-1.0726889981961076,-0.22635274354207507,-0.7222620055722191,0.43672829942432145,0.7357693844157852,-0.2692496283075092,-0.15227370761408707,0.9267571194833022,0.824363253838957,-1.778003432391511,-0.2697995316318086,-0.8629443091619895,-1.2562157734467585,-0.35983110809013785,0.5553613293097307,-0.6430351486742792,-1.003808705376268,,1.0222691025427755,-0.42328762589015345,-1.9257406659905032,-0.8726789142547943,-0.9934736847751061,-0.03129518870918611,-1.2220689695411031,,0.4857833569643771,0.5471774786922516,-1.3179772506105338,,,0.3686235428189753,-0.6103939990010889,0.15672971079085,-0.7443520457439478,-0.45071539423743456,0.8170318443450671,2.3961622461622056,-2.0527337428550805,-0.6119041803439935,-0.09564358850543388,-0.8903524838767681,-0.17062225185305374,-0.18718114746019343,-0.9538882982698531,,0.3554945233210576,-0.46962875670902193,-1.954091961824098,-0.24792116204826517,,1.5305024896434183,-1.3815856223777563,1.1093645674212167,-1.275022401897388,0.39618957191481746,,,,,,1.6100983900385728,,,,,,,,,,,-0.155641512904807,0.5115687137972538,-0.24928767814001848,1.0613067096383406,-0.10058605962234765,-0.01253973237954065,-0.07346849809339055,0.02724722508123039,0.05000397720419165,-0.023130688855424415,-0.01135773102940898,0.057335054294834875,0.03480844935228606,-0.10388118759197512,-0.014443833081370098,-0.05897856822794013,-0.0947029527827054,-0.03711437140438856,0.031969066445229684,-0.03945121844198219,-0.06455482892033444,,0.08640101816112741,-0.027078087135149635,-0.15003831497067707,-0.07178922006944487,-0.06807910568919302,-0.001915164197104858,-0.0850345083039243,,0.03338799890734043,0.03491309596118041,-0.16077768208302548,,,0.022227172019904942,-0.043343450410420765,0.007492145839961514,-0.04583013594587241,-0.027338254492549025,0.05509845265257376,0.14489303207684545,-0.16791851768154023,-0.015646379847588203,-0.00672588562630391,-0.06240696788569637,-0.015008068040549844,-0.010688719448804137,-0.04671599245794374,,0.02350815069163046,-0.03845913463575581,-0.15324266017527075,-0.024621674102377433,,0.2057735350783104,-0.13176448502722152,0.10668156394910601,-0.137933417509398,0.03720134051182803,,,,,,0.12246151712908226,,,,,,,,,,,-0.011401137366263844,0.029676357798555823,-0.019886192735880805,0.0479818580081806,0.5578161000531338,0.47950299184054185,0.6840358116964146,0.1866620116039657,0.7531481677370845,0.6336064110208606,0.7072424201450157,0.4517664165859808,0.4777100348268585,0.5622197065774339,0.4653567373721756,0.7624978541053788,0.8704362482835013,0.7767620652802055,0.6376523949527234,0.7439248370175139,0.7152288460641414,,0.7071647809378853,0.6361094482246507,0.9064066991302618,0.7153779243980359,0.8882350077031221,0.4853278565856383,0.495111299766092,,0.6878036303934963,0.3362358792278595,0.8278994488040863,,,0.7241789813508386,0.65811568571688,0.4569217887349668,0.46753003841104457,0.38475021236414825,0.6846066985179704,0.38813985199949824,1.011850126711631,0.19026018818131224,0.7753966497752348,0.788845179743353,0.9408435334599194,0.751206467406285,0.4103376073196883,,0.6025589494454408,0.7905142214865214,0.9173393486902337,0.9378678203676005,,0.6588184060840732,0.9928468666392476,1.0327925461940213,0.5079515779047867,0.6768422500581068,,,,,,0.5419663622694798,,,,,,,,,,,0.8358395785732651,0.6615507746226972,0.574950858210202,0.4010303553595982,-0.18032118401165995,-0.026151520622233623,-0.10740446163365051,0.1459709174196616,0.06639328002939186,-0.03650639964036423,-0.016059176748872257,0.1269130510588159,0.07286522537652376,-0.18476973748281034,-0.031038194832921133,-0.07734915962109601,-0.10879941290296612,-0.04778087533278301,0.050135570254699544,-0.053031188742329094,-0.0902575857721281,,0.12217947003318956,-0.04256828319516902,-0.16553089812183164,-0.1003514612641323,-0.07664537549047756,-0.003946124606525483,-0.1717482682057501,,0.048542923346070396,0.10383512919964318,-0.19419952787173775,,,0.030692926185794226,-0.0658599260754697,0.016396998402514927,-0.09802607785722492,-0.0710545533544102,0.08048190701588273,0.37330109580459353,-0.16595196585807773,-0.08223675166702596,-0.008674122629048694,-0.0791118073460247,-0.015951715143705344,-0.014228737254764893,-0.11384769912533989,,0.03901386032564275,-0.04865078146656917,-0.1670512230769004,-0.026252818966245033,,0.31233725891387926,-0.13271380457012444,0.1032942814529809,-0.2715483591533463,0.05496308853153641,,,,,,0.22595778198535355,,,,,,,,,,,-0.013640341590099138,0.0448587756782254,-0.034587639016290354,0.11964644912018181
