n,ann_ret,ann_vol,sharpe,max_dd,win,ann_alpha,t_alpha,beta,target,predictor,smooth_N,hold_K,cost_rt,avg_daily_turn,ann_turn
4672,0.2911222067786004,0.12540505612064282,2.3214550974606127,-0.18731833268390874,0.3645119863013699,0.24037871591555732,10.514850646836198,0.4221783370260516,xind,D100,1,1,0.0,0.4351455479452055,109.65667808219179
4672,0.1266371896553128,0.12645093145515973,1.0014729681941419,-0.30791565963369905,0.3531678082191781,0.07581696038821573,3.123546024569138,0.42281678919515736,xind,D100,1,1,0.003,0.4351455479452055,109.65667808219179
4672,0.01698051157312099,0.1277510392044041,0.132918774507594,-0.40766546496432576,0.339041095890411,-0.033890876630011973,-1.3388521035556302,0.4232424239745608,xind,D100,1,1,0.005,0.4351455479452055,109.65667808219179
4672,-0.1475045055501667,0.13056947540804598,-1.1297012957216581,-0.9588526029962039,0.3184931506849315,-0.1984526321573536,-7.3499494596578145,0.42388087614366676,xind,D100,1,1,0.008,0.4351455479452055,109.65667808219179
4672,-0.25716118363235846,0.13299866344105674,-1.9335621650538537,-0.9944684085726702,0.3056506849315068,-0.30816046917558104,-10.928572237930638,0.42430651092307076,xind,D100,1,1,0.01,0.4351455479452055,109.65667808219179
4668,0.1590670304465475,0.12381244344433359,1.2847418726379023,-0.33535627058079753,0.3361182519280206,0.10942038663499884,4.2342791737403225,0.40642398764550897,xind,D100,1,5,0.0,0.09575835475578406,24.131105398457585
4668,0.12287037234886108,0.12372749441777282,0.9930725012015712,-0.36645985804503034,0.3344044558697515,0.07329711672259853,2.803070957593079,0.4058232074795171,xind,D100,1,5,0.003,0.09575835475578406,24.131105398457585
4668,0.09873926695040351,0.1238912288601794,0.7969835141585222,-0.38640716510577633,0.33161953727506427,0.04921493678099837,1.8654374144937185,0.4054226873688556,xind,D100,1,5,0.005,0.09575835475578406,24.131105398457585
4668,0.06254260885271713,0.12446564186954437,0.502488943240012,-0.41519185816298787,0.3273350471293916,0.013091666868598115,0.4889570210077179,0.40482190720286376,xind,D100,1,5,0.008,0.09575835475578406,24.131105398457585
4668,0.038411503454259546,0.12506544226562125,0.3071312327243762,-0.43365022105235884,0.3249785775492716,-0.01099051307300209,-0.40610901497973073,0.40442138709220227,xind,D100,1,5,0.01,0.09575835475578406,24.131105398457585
4663,0.1534940523373415,0.12842695313481103,1.1951856568318437,-0.3577710057860678,0.34312674244048896,0.10057529082836522,4.097366872436828,0.4338373600143881,xind,D100,1,10,0.0,0.04717992708556723,11.889341625562942
4663,0.1356600398989971,0.1284654260063856,1.0560042815897712,-0.3748784463552254,0.34248337979841303,0.08265938298694481,3.321384866803792,0.4345087530034657,xind,D100,1,10,0.003,0.04717992708556723,11.889341625562942
4663,0.12377069827343416,0.12860125072198322,0.9624377490776355,-0.3860433138751326,0.3405532918721853,0.0707154444259979,2.813970389759667,0.43495634832951746,xind,D100,1,10,0.005,0.04717992708556723,11.889341625562942
4663,0.10593668583508974,0.12896955580491082,0.8214084725184109,-0.4024380864364192,0.3381942955179069,0.052799536584577526,2.0691224793787786,0.43562774131859505,xind,D100,1,10,0.008,0.04717992708556723,11.889341625562942
4663,0.09404734420952679,0.12932407548198394,0.727222242718669,-0.4131372725227658,0.3366931160197298,0.04085559802363062,1.5840943592048122,0.43607533664464676,xind,D100,1,10,0.01,0.04717992708556723,11.889341625562942
4653,0.1283769169324793,0.14001759182888798,0.9168627688538277,-0.47450516473709947,0.33935095637223295,0.06495553236475408,2.050072161348845,0.5240073722473794,xind,D100,1,20,0.0,0.0223511712873415,5.6324951644100585
4653,0.11992817418586421,0.13999082337901933,0.8566859690592982,-0.47924857798913323,0.33870621104663656,0.05649787299978286,1.78242177414168,0.5240810441450523,xind,D100,1,20,0.003,0.0223511712873415,5.6324951644100585
4653,0.11429567902145414,0.14002215241835436,0.8162685478506618,-0.4823909882347983,0.33784655061250807,0.05085943342313535,1.6037626290181968,0.5241301587435009,xind,D100,1,20,0.005,0.0223511712873415,5.6324951644100585
4653,0.10584693627483907,0.14014284202803007,0.7552789335731365,-0.4870749655973917,0.3365570599613153,0.0424017740581641,1.3356674197981169,0.5242038306411737,xind,D100,1,20,0.008,0.0223511712873415,5.6324951644100585
4653,0.100214441110429,0.14027233383408033,0.714427701965568,-0.4901779514114568,0.3359123146357189,0.03676333448151659,1.157001108882616,0.5242529452396224,xind,D100,1,20,0.01,0.0223511712873415,5.6324951644100585
4672,0.2894527917884434,0.1225551206649842,2.3618171988071355,-0.17532954064076267,0.3801369863013699,0.24133863297086725,10.900896195001083,0.40030268338920233,xind,D100,3,1,0.0,0.2786815068493151,70.22773972602741
4672,0.18411118219940226,0.12324175764654514,1.4939026001838551,-0.21436543656361529,0.3722174657534247,0.1358411138323853,5.7786006468530715,0.40159982777540704,xind,D100,3,1,0.003,0.2786815068493151,70.22773972602741
4672,0.11388344247337488,0.1242083525491459,0.9168742692107947,-0.2872441615710708,0.3621575342465753,0.06550943440673063,2.6750360476431556,0.40246459069954327,xind,D100,3,1,0.005,0.2786815068493151,70.22773972602741
4672,0.008541832884333796,0.12639815529453524,0.06757877806388445,-0.49240031732876943,0.3501712328767123,-0.039988084731751264,-1.5350562888190649,0.403761735085748,xind,D100,3,1,0.008,0.2786815068493151,70.22773972602741
4672,-0.06168590684169361,0.12833165914360206,-0.48067567468030314,-0.8273934179437041,0.3420376712328767,-0.11031976415740592,-4.064626637905582,0.4046264980098844,xind,D100,3,1,0.01,0.2786815068493151,70.22773972602741
4668,0.15629533541547275,0.12350457673830122,1.2655023768605207,-0.2891270940994821,0.3511139674378749,0.1072191036814132,4.336252081769755,0.40175440409794316,xind,D100,3,5,0.0,0.09447300771208227,23.80719794344473
4668,0.12058453850030569,0.12347835585525868,0.97656417325199,-0.32239014027497126,0.34897172236503854,0.07154168425227232,2.8238590688066485,0.40148116486308444,xind,D100,3,5,0.003,0.09447300771208227,23.80719794344473
4668,0.09677734055686094,0.12367899440351986,0.7824880936621417,-0.3437224496622171,0.3459725792630677,0.04775673796617844,1.8536792642889333,0.4012990053731785,xind,D100,3,5,0.005,0.09447300771208227,23.80719794344473
4668,0.06106654364169383,0.12430501857567514,0.49126370231397687,-0.37450589765567344,0.3421165381319623,0.012079318537037632,0.45689281919037866,0.4010257661383197,xind,D100,3,5,0.008,0.09447300771208227,23.80719794344473
4668,0.037259345698249104,0.1249365452262134,0.29822615657241325,-0.3942460688208552,0.33911739502999144,-0.011705627749056287,-0.4350256857094373,0.4008436066484138,xind,D100,3,5,0.01,0.09447300771208227,23.80719794344473
4663,0.16512612585775488,0.129299423805083,1.2770832305229771,-0.3088086010167663,0.36907570233755094,0.11177175308334047,4.140661959118565,0.43740857816087003,xind,D100,3,10,0.0,0.04374865966116234,11.02466223461291
4663,0.14858913250583553,0.12932619138398918,1.1489484915290804,-0.33129357174377905,0.36821788548144974,0.09517993644154991,3.4747153403508384,0.43785802918101496,xind,D100,3,10,0.003,0.04374865966116234,11.02466223461291
4663,0.13756447027122262,0.12944589792277075,1.062717880432917,-0.3458937935508697,0.3669311601972979,0.08411872534702286,3.039871504716971,0.4381576631944449,xind,D100,3,10,0.005,0.04374865966116234,11.02466223461291
4663,0.12102747691930325,0.12977768622110356,0.9325753944565441,-0.36722492442450827,0.36500107227107015,0.06752690870523231,2.402113771132516,0.4386071142145898,xind,D100,3,10,0.008,0.04374865966116234,11.02466223461291
4663,0.11000281468469034,0.13009976018010233,0.8455266522583057,-0.38107500261300253,0.3637143469869183,0.05646569761070529,1.9870031122532381,0.4389067482280198,xind,D100,3,10,0.01,0.04374865966116234,11.02466223461291
4653,0.15885328127544152,0.13296612753106604,1.194689837367244,-0.3762060752335,0.35955297657425317,0.10233150392784168,3.596454186593911,0.46700065324243323,xind,D100,3,20,0.0,0.0223511712873415,5.6324951644100585
4653,0.1504045385288265,0.13294290460857588,1.1313468663232757,-0.3818191613962164,0.35933806146572106,0.0938707243897846,3.287154078250253,0.4671001049888244,xind,D100,3,20,0.003,0.0223511712873415,5.6324951644100585
4653,0.1447720433644164,0.13297920349019354,1.0886818356908907,-0.3855377856178399,0.3582634859230604,0.08823020469774655,3.081379249062529,0.4671664061530851,xind,D100,3,20,0.005,0.0223511712873415,5.6324951644100585
4653,0.13632330061780132,0.13311123833506064,1.024130661865345,-0.3910807601136794,0.35697399527186763,0.07976942515968949,2.773685211774222,0.46726585789947644,xind,D100,3,20,0.008,0.0223511712873415,5.6324951644100585
4653,0.1306908054533913,0.13325086632456812,0.9807876605849518,-0.3947528778031748,0.35632924994627124,0.07412890546765144,2.5693882023124113,0.4673321590637372,xind,D100,3,20,0.01,0.0223511712873415,5.6324951644100585
4672,0.26804943256617625,0.11821303292363086,2.267511677323635,-0.17935286075169954,0.3803510273972603,0.22373032150301944,9.577015762427704,0.3687284475089883,xind,D100,5,1,0.0,0.21746575342465754,54.801369863013704
4672,0.1858473777716557,0.11867634431793672,1.5660018754349747,-0.23058090418199106,0.3741438356164384,0.14147246555750825,5.721526024083962,0.3691927048300494,xind,D100,5,1,0.003,0.21746575342465754,54.801369863013704
4672,0.13104600790864201,0.11943398409318264,1.0972254580940688,-0.2706206630645632,0.3657962328767123,0.08663389492716747,3.369354604693474,0.36950220971075654,xind,D100,5,1,0.005,0.21746575342465754,54.801369863013704
4672,0.04884395311412147,0.1212267650966896,0.4029139363338112,-0.3639611908413055,0.3559503424657534,0.004376038981656332,0.1603615780639537,0.3699664670318176,xind,D100,5,1,0.008,0.21746575342465754,54.801369863013704
4672,-0.005957416748892231,0.12284460134396073,-0.0484955519714836,-0.6091858435295074,0.3486729452054795,-0.050462531648684424,-1.7771063867108516,0.370275971912525,xind,D100,5,1,0.01,0.21746575342465754,54.801369863013704
4668,0.15758230059667155,0.12229596884480838,1.2885322556840855,-0.22895974685124876,0.3596829477292202,0.10964070185129361,4.330412427832039,0.3924659199553983,xind,D100,5,5,0.0,0.08547557840616966,21.539845758354755
4668,0.1252725319591394,0.1223002610984184,1.024303062266802,-0.24875911856588628,0.35732647814910024,0.07734893822699568,2.9677255772458078,0.3923185249108506,xind,D100,5,5,0.003,0.08547557840616966,21.539845758354755
4668,0.10373268620078466,0.12250433101335526,0.8467675007300425,-0.273209406148912,0.35475578406169667,0.05582109581079708,2.1000274431086434,0.39222026154781864,xind,D100,5,5,0.005,0.08547557840616966,21.539845758354755
4668,0.07142291756325252,0.12311024735920219,0.5801541227909314,-0.30844396985039557,0.3508997429305913,0.023529332186499115,0.859131048639378,0.39207286650327083,xind,D100,5,5,0.008,0.08547557840616966,21.539845758354755
4668,0.04988307180489776,0.1237117817198825,0.4032200580365641,-0.34508339046954173,0.3485432733504713,0.0020014897703005134,0.07162693120222981,0.3919746031402389,xind,D100,5,5,0.01,0.08547557840616966,21.539845758354755
4663,0.17435352726215086,0.128490719020612,1.356934793354077,-0.30751875184970046,0.3727214239759811,0.12183001321992011,4.678608932580279,0.43059705142371607,xind,D100,5,10,0.0,0.04074630066480806,10.268067767531631
4663,0.15895142561085343,0.12857383498572392,1.236265727225936,-0.3300643117522406,0.3720780613339052,0.10638679147707318,4.020871722067411,0.4309341612020383,xind,D100,5,10,0.003,0.04074630066480806,10.268067767531631
4663,0.1486833578433218,0.12872491849733622,1.155047209032792,-0.34470355115144746,0.37100579026377867,0.0960913103151752,3.5922748895943086,0.4311589010542531,xind,D100,5,10,0.005,0.04074630066480806,10.268067767531631
4663,0.13328125619202436,0.12909438125368825,1.032432665912146,-0.3660912129701377,0.3688612481235256,0.08064808857232832,2.964760903702432,0.43149601083257527,xind,D100,5,10,0.008,0.04074630066480806,10.268067767531631
4663,0.12301318842449273,0.12943528052363454,0.9503837587931125,-0.37997768634013385,0.3675745228393738,0.07035260741043035,2.5569071940332724,0.43172075068479004,xind,D100,5,10,0.01,0.04074630066480806,10.268067767531631
4653,0.1685034137314324,0.1294042642172198,1.3021473036512943,-0.3762060752335,0.35998280679131744,0.11523012194456628,4.194591868249811,0.44016064660956183,xind,D100,5,20,0.0,0.02192134107027724,5.524177949709864
4653,0.1602171468068676,0.12941582118840458,1.2380027830880294,-0.3818191613962164,0.3591231463571889,0.10693776582286077,3.875439000542467,0.4402109574662949,xind,D100,5,20,0.003,0.02192134107027724,5.524177949709864
4653,0.15469296885715775,0.12947571006338154,1.1947643985225627,-0.3855377856178399,0.3582634859230604,0.10140952840839045,3.663252332565146,0.4402444980374503,xind,D100,5,20,0.005,0.02192134107027724,5.524177949709864
4653,0.14640670193259292,0.12964367507823488,1.1293007687744292,-0.3910807601136794,0.35697399527186763,0.09311717228668492,3.346193117963617,0.44029480889418354,xind,D100,5,20,0.008,0.02192134107027724,5.524177949709864
4653,0.1408825239828831,0.12980758229166994,1.0853181416346576,-0.3947528778031748,0.35632924994627124,0.0875889348722146,3.1358297007810356,0.4403283494653389,xind,D100,5,20,0.01,0.02192134107027724,5.524177949709864
4672,0.2528180166874786,0.11694886147470812,2.161782624469193,-0.20168349663940366,0.3852739726027397,0.20970551492038872,8.761422081016955,0.3586896366705967,xind,D100,10,1,0.0,0.14897260273972604,37.541095890410965
4672,0.19650637285186218,0.11711003499252347,1.677963573868008,-0.25423464214577207,0.3820633561643836,0.15332803795936484,6.04918483537972,0.359237358534684,xind,D100,10,1,0.003,0.14897260273972604,37.541095890410965
4672,0.1589652769614512,0.11755763712027269,1.3522326652313925,-0.2985994970300536,0.3743578767123288,0.11574305331868208,4.391401166075163,0.3596025064440754,xind,D100,10,1,0.005,0.14897260273972604,37.541095890410965
4672,0.10265363312583475,0.11873157624506231,0.864585785620814,-0.36100289697254995,0.3685787671232877,0.05936557635765805,2.123259224545587,0.36015022830816257,xind,D100,10,1,0.008,0.14897260273972604,37.541095890410965
4672,0.0651125372354238,0.11984156896252306,0.5433218022686757,-0.3995360526722481,0.364083904109589,0.021780591716975422,0.74900329281731,0.3605153762175541,xind,D100,10,1,0.01,0.14897260273972604,37.541095890410965
4668,0.16626667058936198,0.12320394554014416,1.3495239122450546,-0.34182867600626865,0.36568123393316193,0.11746550855552385,4.290208997792414,0.39950259177264646,xind,D100,10,5,0.0,0.06812339331619537,17.16709511568123
4668,0.1405160279158401,0.12319792107573642,1.1405714210831313,-0.3689924962830894,0.36375321336760924,0.09175070729649755,3.2592480757446927,0.3992091819974069,xind,D100,10,5,0.003,0.06812339331619537,17.16709511568123
4668,0.12334893280015892,0.12335615402806517,0.9999414603352127,-0.3870542641618242,0.36225364181662384,0.07460750645714671,2.601265202869983,0.3990135754805804,xind,D100,10,5,0.005,0.06812339331619537,17.16709511568123
4668,0.09759829012663705,0.12383563345624007,0.7881276770076479,-0.4132142381459194,0.35946872322193657,0.048892705198120494,1.6574044096308043,0.39872016570534075,xind,D100,10,5,0.008,0.06812339331619537,17.16709511568123
4668,0.0804311950109558,0.12431525370409122,0.646993772802869,-0.43005176700390024,0.35732647814910024,0.03174950435876964,1.0562275665769894,0.39852455918851426,xind,D100,10,5,0.01,0.06812339331619537,17.16709511568123
4663,0.18917670790801477,0.12673821943222452,1.4926571381191003,-0.26044837514209473,0.374008149260133,0.1379005200218939,5.066486387550591,0.42037125113638635,xind,D100,10,10,0.0,0.03774394166845379,9.511473300450355
4663,0.17490949795733923,0.12688561446508942,1.378481703341263,-0.2767354116285219,0.37336478661805705,0.12356862908581152,4.457665021927694,0.4209015172868377,xind,D100,10,10,0.003,0.03774394166845379,9.511473300450355
4663,0.16539802465688888,0.12707386504355533,1.301589627420223,-0.2882773739681922,0.3727214239759811,0.11401403512842327,4.062529504339036,0.42125502805380527,xind,D100,10,10,0.005,0.03774394166845379,9.511473300450355
4663,0.15113081470621334,0.12749042450532633,1.185428751160048,-0.3052669829121867,0.37057688183572807,0.09968214419234099,3.4860333484446566,0.4217852942042567,xind,D100,10,10,0.008,0.03774394166845379,9.511473300450355
4663,0.141619341405763,0.1278569064991982,1.1076393546769498,-0.3163813478059706,0.36950461076560154,0.09012755023495277,3.112504335385942,0.4221388049712243,xind,D100,10,10,0.01,0.03774394166845379,9.511473300450355
4653,0.18593121747278452,0.1291298622105624,1.4398777656062267,-0.31098086416478155,0.37244788308618093,0.1324081003930038,4.514137537475082,0.44222478154060113,xind,D100,10,20,0.0,0.02192134107027724,5.524177949709864
4653,0.17764495054821972,0.1291520800086168,1.3754710767055984,-0.31922462391048667,0.37180313776058455,0.1241263002021502,4.203877623858552,0.44218787598562964,xind,D100,10,20,0.003,0.02192134107027724,5.524177949709864
4653,0.17212077259850986,0.12921917819326473,1.3320064018754247,-0.32467239769228406,0.37115839243498816,0.11860510007491447,3.9985279076716918,0.4421632722823152,xind,D100,10,20,0.005,0.02192134107027724,5.524177949709864
4653,0.16383450567394509,0.1293980922737311,1.2661276746442798,-0.3327725362438302,0.3698689017837954,0.11032329988406087,3.692954042838468,0.44212636672734373,xind,D100,10,20,0.008,0.02192134107027724,5.524177949709864
4653,0.15831032772423523,0.12956937808194335,1.221818998190416,-0.338125281645259,0.3694390715667311,0.10480209975682514,3.490989623022762,0.4421017630240294,xind,D100,10,20,0.01,0.02192134107027724,5.524177949709864
4672,0.23235489235905904,0.11681356446656592,1.989108828414898,-0.1808909760645292,0.3891267123287671,0.18953479067239254,7.02595437012853,0.35625691125892534,xind,D100,20,1,0.0,0.1014554794520548,25.56678082191781
4672,0.19400472112618228,0.11685162855984049,1.6602654453106849,-0.22975954386796738,0.385916095890411,0.15115702408121945,5.269847540417302,0.3564865005575144,xind,D100,20,1,0.003,0.1014554794520548,25.56678082191781
4672,0.16843794030426446,0.11712248768738943,1.438134927204079,-0.26079854893038823,0.3809931506849315,0.12557184635377075,4.202815348507297,0.35663956008990705,xind,D100,20,1,0.005,0.1014554794520548,25.56678082191781
4672,0.13008776907138778,0.11789361705948127,1.103433521814452,-0.3060456482741918,0.3762842465753425,0.08719407976259767,2.746945007906951,0.3568691493884962,xind,D100,20,1,0.008,0.1014554794520548,25.56678082191781
4672,0.10452098824946995,0.11864724191239515,0.8809390472527335,-0.33469617764339143,0.3737157534246575,0.06160890203514894,1.8654232214535882,0.35702220892088893,xind,D100,20,1,0.01,0.1014554794520548,25.56678082191781
4668,0.17163868921779604,0.12287181472749456,1.3968922783345945,-0.2263483747082634,0.38131962296486716,0.12324428293631809,4.593749099541246,0.3961727534959743,xind,D100,20,5,0.0,0.049271636675235646,12.416452442159382
4668,0.15301401055455696,0.12293493718193743,1.244674736589356,-0.24481165298968222,0.3796058269065981,0.10465252794172387,3.7894376029310135,0.39590322936158695,xind,D100,20,5,0.003,0.049271636675235646,12.416452442159382
4668,0.1405975581123976,0.1230969566541424,1.1421692455600307,-0.2575643528949553,0.3783204798628963,0.09225802461199442,3.276545425695298,0.3957235466053287,xind,D100,20,5,0.005,0.049271636675235646,12.416452442159382
4668,0.12197287944915851,0.12351894868710388,0.9874831412153463,-0.2763139428530853,0.3751071122536418,0.07366626961740014,2.5412812489643453,0.39545402247094125,xind,D100,20,5,0.008,0.049271636675235646,12.416452442159382
4668,0.10955642700699912,0.12391863724580177,0.8840996757387339,-0.2885650980403064,0.37382176520994004,0.06127176628767064,2.0731851907910186,0.3952743397146829,xind,D100,20,5,0.01,0.049271636675235646,12.416452442159382
4663,0.18774005346023848,0.12780882035426291,1.4689131230525174,-0.20569969000733312,0.3909500321681321,0.13563373774550183,5.1417270565107005,0.4271767857969066,xind,D100,20,10,0.0,0.030452498391593395,7.674029594681535
4663,0.1762290090682162,0.1279261859273948,1.3775835478143306,-0.2218847072086314,0.39052112374008147,0.12407986817898793,4.617431106558263,0.42752787414655447,xind,D100,20,10,0.003,0.030452498391593395,7.674029594681535
4663,0.16855497947353468,0.1280770218791076,1.316043869544643,-0.2342873777603971,0.3898777610980056,0.11637728846797867,4.276931749536948,0.42776193304631965,xind,D100,20,10,0.005,0.030452498391593395,7.674029594681535
4663,0.15704393508151238,0.1284116525487946,1.222972619418926,-0.2525443453737428,0.38816212738580314,0.10482341890146475,3.7798812103831474,0.4281130213959674,xind,D100,20,10,0.008,0.030452498391593395,7.674029594681535
4663,0.1493699054868308,0.1287065525087045,1.160546239296782,-0.2644880668805013,0.3870898563156766,0.09712083919045551,3.4576818368135838,0.42834708029573265,xind,D100,20,10,0.01,0.030452498391593395,7.674029594681535
4653,0.1767860275977292,0.13159612409701785,1.3433984382959152,-0.2554150060759024,0.3913604126370084,0.12146835997000835,4.159914436302114,0.45705192105199166,xind,D100,20,20,0.0,0.019342359767891684,4.8742746615087045
4653,0.16947461560546612,0.13157076588649882,1.288087170912006,-0.2598873156895981,0.3905007522028799,0.11416550782680149,3.873611307399437,0.4569811968941804,xind,D100,20,20,0.003,0.019342359767891684,4.8742746615087045
4653,0.16460034094395742,0.13159927822952244,1.2507693291210749,-0.26285764212277896,0.3900709219858156,0.10929693973133026,3.6849798170418313,0.4569340474556393,xind,D100,20,20,0.005,0.019342359767891684,4.8742746615087045
4653,0.15728892895169436,0.1317101144773749,1.1942053924697893,-0.26729635684104724,0.38878143133462284,0.10199408758812344,3.405538080965118,0.456863323297828,xind,D100,20,20,0.008,0.019342359767891684,4.8742746615087045
4653,0.15241465429018566,0.13182929477631702,1.1561516319176033,-0.27796925012302387,0.38835160111755856,0.0971255194926522,3.2216583433461787,0.45681617385928697,xind,D100,20,20,0.01,0.019342359767891684,4.8742746615087045
4672,0.2933138338431184,0.12310255605742253,2.382678664334955,-0.12172735965958081,0.354666095890411,0.24444228993962538,9.813280020696721,0.4066040152570411,xind,D100+0.5·2330,1,1,0.0,0.4685359589041096,118.07106164383562
4672,0.11620724137736493,0.12424183346441979,0.9353310244785161,-0.20930491246053806,0.3398972602739726,0.06727137170844003,2.5773075655647455,0.407139196109129,xind,D100+0.5·2330,1,1,0.003,0.4685359589041096,118.07106164383562
4672,-0.0018638202664706556,0.1256216767115205,-0.014836772723156377,-0.663699708481432,0.3257705479452055,-0.05084257377901681,-1.8819170763669983,0.40749598334385395,xind,D100+0.5·2330,1,1,0.005,0.4685359589041096,118.07106164383562
4672,-0.17897041273222405,0.1285819941388507,-1.3918777192004104,-0.9769044935070691,0.3039383561643836,-0.22801349201020216,-7.987564935912067,0.4080311641959418,xind,D100+0.5·2330,1,1,0.008,0.4685359589041096,118.07106164383562
4672,-0.29704147437605977,0.13111796780783525,-2.2654520912907974,-0.9971922477925912,0.2923801369863014,-0.346127437497659,-11.670600630850284,0.4083879514306671,xind,D100+0.5·2330,1,1,0.01,0.4685359589041096,118.07106164383562
4668,0.15156149110098927,0.12480287936481659,1.214407006251462,-0.35783786519969407,0.3324764353041988,0.10129332679343898,3.928999910796926,0.4115119617560495,xind,D100+0.5·2330,1,5,0.0,0.09832904884318766,24.77892030848329
4668,0.11439311063826434,0.1247882862359716,0.9166975049400852,-0.4006700590816358,0.33033419023136246,0.06419807559042731,2.4552633142719977,0.4109133012411711,xind,D100+0.5·2330,1,5,0.003,0.09832904884318766,24.77892030848329
4668,0.08961419032978105,0.12500222486392834,0.7169007625850735,-0.4276586322224277,0.3273350471293916,0.039467908121752826,1.4934171747557299,0.4105141942312523,xind,D100+0.5·2330,1,5,0.005,0.09832904884318766,24.77892030848329
4668,0.05244580986705612,0.12565634904227574,0.4173749298526196,-0.46592623635438024,0.32369323050556986,0.002372656918741059,0.0881968748775964,0.4099155337163739,xind,D100+0.5·2330,1,5,0.008,0.09832904884318766,24.77892030848329
4668,0.027666889558572806,0.12631189173503196,0.2190363011632383,-0.4900352417166014,0.32112253641816624,-0.022357510549933485,-0.8204145475535873,0.40951642670645505,xind,D100+0.5·2330,1,5,0.01,0.09832904884318766,24.77892030848329
4663,0.10924831556311956,0.13241311892072657,0.8250565839214514,-0.4364540340142108,0.33604975337765386,0.052927875405165914,2.104296438558993,0.46172492281079486,xind,D100+0.5·2330,1,10,0.0,0.04717992708556723,11.889341625562942
4663,0.09141430312477515,0.13242942100063637,0.6902869651928472,-0.4514799550317269,0.33562084494960326,0.03504569131421501,1.3777669082976938,0.46211984253299576,xind,D100+0.5·2330,1,10,0.003,0.04717992708556723,11.889341625562942
4663,0.07952496149921222,0.1325471876451759,0.5999747177744557,-0.46128615292603425,0.33326184859532487,0.023124235253581035,0.9017402442264804,0.4623831223477964,xind,D100+0.5·2330,1,10,0.005,0.04717992708556723,11.889341625562942
4663,0.06169094906086781,0.13288361707389368,0.464247966899959,-0.47568552300960765,0.33111730645507187,0.005242051162630115,0.20176391821425055,0.4627780420699973,xind,D100+0.5·2330,1,10,0.008,0.04717992708556723,11.889341625562942
4663,0.04980160743530487,0.13321379530371658,0.3738472229678712,-0.4944778958256043,0.3296161269568947,-0.0066794048980038274,-0.2547189578603742,0.4630413218847979,xind,D100+0.5·2330,1,10,0.01,0.04717992708556723,11.889341625562942
4653,0.10449903019481716,0.1397157391392579,0.7479402881779881,-0.5150945176354912,0.32323232323232326,0.04131828917690031,1.3560170874970037,0.5220190997578585,xind,D100+0.5·2330,1,20,0.0,0.02278100150440576,5.740812379110252
4653,0.09588781162615177,0.13970858222706511,0.6863415983300694,-0.5194605626363485,0.3223726627981947,0.032716649336345306,1.073979643673321,0.5219399573017168,xind,D100+0.5·2330,1,20,0.003,0.02278100150440576,5.740812379110252
4653,0.09014699924704153,0.13975400827823514,0.6450405276932638,-0.5223530205311429,0.32129808725553405,0.026982222775975333,0.8856815072500233,0.5218871956642889,xind,D100+0.5·2330,1,20,0.005,0.02278100150440576,5.740812379110252
4653,0.08153578067837615,0.13989734554656424,0.5828257881507647,-0.5266644956312813,0.32043842682140555,0.018380582935420345,0.6030768749481836,0.521808053208147,xind,D100+0.5·2330,1,20,0.008,0.02278100150440576,5.740812379110252
4653,0.07579496829926592,0.14004291612654823,0.541226721034391,-0.529914800639691,0.3200085966043413,0.012646156375050373,0.4147161070312251,0.5217552915707191,xind,D100+0.5·2330,1,20,0.01,0.02278100150440576,5.740812379110252
4672,0.31549172228779515,0.11891476953947414,2.653091146790363,-0.13096993529133605,0.3760702054794521,0.2702817314640796,11.265514836541424,0.3761404353207455,xind,D100+0.5·2330,3,1,0.0,0.2985873287671233,75.24400684931507
4672,0.2026257120138226,0.11981849290197441,1.6911054972089679,-0.1645256768712413,0.366652397260274,0.15722681023275853,6.248950857006731,0.37771214653853735,xind,D100+0.5·2330,3,1,0.003,0.2985873287671233,75.24400684931507
4672,0.1273817051645075,0.12096394003681238,1.0530551925287985,-0.19501036686707118,0.3563784246575342,0.0818568627452111,3.145830655975059,0.37875995401706525,xind,D100+0.5·2330,3,1,0.005,0.2985873287671233,75.24400684931507
4672,0.014515694890534874,0.12346633794821346,0.11756803620937813,-0.5511789602832775,0.3420376712328767,-0.031198058486109924,-1.1378839948944495,0.3803316652348571,xind,D100+0.5·2330,3,1,0.008,0.2985873287671233,75.24400684931507
4672,-0.060728311958780194,0.12563312520150602,-0.48337818438709207,-0.8451931630548959,0.3330479452054795,-0.10656800597365726,-3.7508475153770826,0.3813794727133849,xind,D100+0.5·2330,3,1,0.01,0.2985873287671233,75.24400684931507
4668,0.13844862698058963,0.1271222053814345,1.089098687087514,-0.3914544091639306,0.3596829477292202,0.08646853046275724,3.405542664772151,0.4255264099053076,xind,D100+0.5·2330,3,5,0.0,0.09490145672664953,23.91516709511568
4668,0.10257587633791612,0.12714078242845825,0.8067897206440056,-0.43371526778557745,0.356898029134533,0.05058481691127192,1.9423659195029126,0.42561615593390956,xind,D100+0.5·2330,3,5,0.003,0.09490145672664953,23.91516709511568
4668,0.07866070924280043,0.12736582382692296,0.617596674518372,-0.4602782322855834,0.3543273350471294,0.02666234121028171,1.0056967519880495,0.4256759866196441,xind,D100+0.5·2330,3,5,0.005,0.09490145672664953,23.91516709511568
4668,0.042787958600126894,0.12802012807133287,0.33422836896621,-0.49785014516911164,0.350471293916024,-0.009221372341203685,-0.3382652264542554,0.4257657326482459,xind,D100+0.5·2330,3,5,0.008,0.09490145672664953,23.91516709511568
4668,0.018872791505011227,0.12866498676224958,0.1466816418353569,-0.521462391053181,0.34790059982862037,-0.03314384804219397,-1.192667971188326,0.4258255633339806,xind,D100+0.5·2330,3,5,0.01,0.09490145672664953,23.91516709511568
4663,0.1351833653486724,0.12912803995408761,1.0468939619678095,-0.39939678150004443,0.3562084494960326,0.08204359896380187,2.766960182092303,0.43564919704863175,xind,D100+0.5·2330,3,10,0.0,0.042461934377010506,10.700407463006648
4663,0.11913275415416241,0.1291386275344148,0.9225183543352599,-0.41540385577520267,0.355779541067982,0.06597649143201464,2.1973165984468177,0.43578443693728736,xind,D100+0.5·2330,3,10,0.003,0.042461934377010506,10.700407463006648
4663,0.10843234669115577,0.12924484005420914,0.8389684775475448,-0.4258504689657867,0.35406390735577953,0.05526508641082316,1.8247446883064755,0.43587459686305774,xind,D100+0.5·2330,3,10,0.005,0.042461934377010506,10.700407463006648
4663,0.09238173549664577,0.1295524022897592,0.7130839248354744,-0.441190362933226,0.3525627278576024,0.03919797887903595,1.2771076426787809,0.4360098367517133,xind,D100+0.5·2330,3,10,0.008,0.042461934377010506,10.700407463006648
4663,0.08168132803363914,0.12985572657541064,0.6290159871093913,-0.4512010226398302,0.35106154835942527,0.028486573857844474,0.919703341284765,0.4360999966774837,xind,D100+0.5·2330,3,10,0.01,0.042461934377010506,10.700407463006648
4653,0.15577026113448705,0.12885750889546546,1.2088566857275997,-0.38034451894069665,0.3404255319148936,0.10299919080729839,3.5377514958712593,0.43601113538136105,xind,D100+0.5·2330,3,20,0.0,0.02407049215559854,6.065764023210832
4653,0.1466716150996708,0.12885210657550988,1.1382942739373714,-0.38959630221839847,0.3395658714807651,0.09389572062831343,3.2087240710309577,0.43605099397363895,xind,D100+0.5·2330,3,20,0.003,0.02407049215559854,6.065764023210832
4653,0.14060585107645995,0.12890593389091773,1.0907632164974104,-0.3956948952404784,0.33849129593810445,0.08782674050899017,2.9905392924041085,0.43607756636849065,xind,D100+0.5·2330,3,20,0.005,0.02407049215559854,6.065764023210832
4653,0.1315072050416437,0.12907267445945836,1.0188617040158259,-0.40619830318736827,0.3374167203954438,0.07872327033000528,2.6652961822500774,0.4361174249607685,xind,D100+0.5·2330,3,20,0.008,0.02407049215559854,6.065764023210832
4653,0.12544144101843285,0.12924099530932304,0.9706010133874597,-0.4156595223306059,0.3372018052869117,0.07265429021068197,2.4499811380187793,0.4361439973556204,xind,D100+0.5·2330,3,20,0.01,0.02407049215559854,6.065764023210832
4672,0.3019227811057492,0.11842113733241498,2.549568327977078,-0.14629542601025747,0.3846318493150685,0.2575603932212737,10.865555196232483,0.36908850426001893,xind,D100+0.5·2330,5,1,0.0,0.2363013698630137,59.54794520547945
4672,0.21260086329753,0.11876940531981768,1.7900305446932787,-0.19012339682651214,0.3773544520547945,0.16819039638132613,6.7998676688719515,0.3694885146912228,xind,D100+0.5·2330,5,1,0.003,0.2363013698630137,59.54794520547945
4672,0.1530529180920506,0.11947785682849515,1.2810149274082718,-0.2273229207534917,0.3692208904109589,0.10861039848802774,4.25769812299425,0.36975518831202525,xind,D100+0.5·2330,5,1,0.005,0.2363013698630137,59.54794520547945
4672,0.0637310002838314,0.12123824601309471,0.525667455440983,-0.3270867110728478,0.3570205479452055,0.019240401648080205,0.7182392124027296,0.370155198743229,xind,D100+0.5·2330,5,1,0.008,0.2363013698630137,59.54794520547945
4672,0.004183055078351932,0.12286143019418051,0.03404693459729942,-0.6136063574275296,0.3497431506849315,-0.04033959624521814,-1.4557481181992717,0.37042187236403135,xind,D100+0.5·2330,5,1,0.01,0.2363013698630137,59.54794520547945
4668,0.14740590351716465,0.12760554083686526,1.1551685181571605,-0.37077813316648045,0.3691088260497001,0.09513191739282251,3.69693354137523,0.4279322882615294,xind,D100+0.5·2330,5,5,0.0,0.08718937446443874,21.971722365038563
4668,0.1144483199696068,0.1276196553398922,0.8967922665579541,-0.4118502786626035,0.36632390745501286,0.062190417322663095,2.370097479853075,0.42780062355033,xind,D100+0.5·2330,5,5,0.003,0.08718937446443874,21.971722365038563
4668,0.09247659760456825,0.12782538406446933,0.7234603539929695,-0.43776291018710234,0.3639674378748929,0.04022941727589019,1.5121088435916763,0.427712847076197,xind,D100+0.5·2330,5,5,0.005,0.08718937446443874,21.971722365038563
4668,0.059519014057010405,0.1284265688278471,0.46344782547912106,-0.47455157584634955,0.3607540702656384,0.007287917205730748,0.26802273737279275,0.42758118236499754,xind,D100+0.5·2330,5,5,0.008,0.08718937446443874,21.971722365038563
4668,0.03754729169197184,0.12902029901643539,0.29101848296901595,-0.4977585222419214,0.35711225364181665,-0.014673082841042243,-0.531498809450382,0.4274934058908646,xind,D100+0.5·2330,5,5,0.01,0.08718937446443874,21.971722365038563
4663,0.14150501398788085,0.13215604488587795,1.0707418953864434,-0.3491133465992664,0.3720780613339052,0.08572942594870062,3.0069725976172665,0.45725812884081846,xind,D100+0.5·2330,5,10,0.0,0.04331975123311173,10.916577310744156
4663,0.1251301480217646,0.13217702291859007,0.9466860824882873,-0.3650626528825367,0.371220244477804,0.0693575341291305,2.3959672843256214,0.4572337462617658,xind,D100+0.5·2330,5,10,0.003,0.04331975123311173,10.916577310744156
4663,0.11421357071102044,0.13228974625653864,0.8633592091826637,-0.37644108050094305,0.36993351919365214,0.05844293958275044,1.9978923623365499,0.45721749120906396,xind,D100+0.5·2330,5,10,0.005,0.04331975123311173,10.916577310744156
4663,0.0978387047449042,0.13260643463976327,0.7378126484637901,-0.39314823897105866,0.36821788548144974,0.042071047763180325,1.415192717596368,0.45719310863001117,xind,D100+0.5·2330,5,10,0.008,0.04331975123311173,10.916577310744156
4663,0.08692212743416006,0.13291541541599228,0.6539657357434077,-0.40405049288471384,0.36671670598327255,0.03115645321680026,1.0365633419252207,0.4571768535773094,xind,D100+0.5·2330,5,10,0.01,0.04331975123311173,10.916577310744156
4653,0.1681594314640592,0.12724236096222946,1.3215679919203605,-0.3501841011116744,0.34923705136471095,0.11665411972600008,4.034343400917182,0.4255530408961947,xind,D100+0.5·2330,5,20,0.0,0.0223511712873415,5.6324951644100585
4653,0.15971068871744415,0.1272415338883855,1.2551773295780932,-0.3560130708396102,0.3481624758220503,0.1082184089783038,3.73204073303752,0.4254453664334706,xind,D100+0.5·2330,5,20,0.003,0.0223511712873415,5.6324951644100585
4653,0.1540781935530341,0.12729507882594548,1.2104018079419236,-0.3605560867217851,0.3473028153879218,0.10259460181317291,3.530666267816089,0.42537358345832105,xind,D100+0.5·2330,5,20,0.005,0.0223511712873415,5.6324951644100585
4653,0.14562945080641898,0.12745640435607916,1.1425824503849114,-0.36821021744187865,0.34601332473672897,0.09415889106547662,3.2291203786473806,0.4252659089955971,xind,D100+0.5·2330,5,20,0.008,0.0223511712873415,5.6324951644100585
4653,0.13999695564200892,0.12761780082906962,1.097001787623028,-0.3732683225279022,0.34558349451966475,0.08853508390034572,3.0285905363507735,0.42519412602044765,xind,D100+0.5·2330,5,20,0.01,0.0223511712873415,5.6324951644100585
4672,0.29492380716508054,0.11921923364519807,2.4737938514416844,-0.13332806972082156,0.4021832191780822,0.2502381179870736,10.069451121589259,0.37177832319324666,xind,D100+0.5·2330,10,1,0.0,0.15496575342465754,39.051369863013704
4672,0.23634675237056,0.1193290625105254,1.9806302622189216,-0.15639604803299123,0.3974743150684932,0.19163591493608076,7.402060710552207,0.37198755296668184,xind,D100+0.5·2330,10,1,0.003,0.15496575342465754,39.051369863013704
4672,0.1972953825075463,0.11974726932061976,1.6475981759491636,-0.19103444542083314,0.3916952054794521,0.15256777956875212,5.7219911670770465,0.37212703948230524,xind,D100+0.5·2330,10,1,0.005,0.15496575342465754,39.051369863013704
4672,0.13871832771302572,0.12088490009660005,1.1475240299009624,-0.2405374882040604,0.3844178082191781,0.09396557651775926,3.3639470210859903,0.37233626925574054,xind,D100+0.5·2330,10,1,0.008,0.15496575342465754,39.051369863013704
4672,0.09966695785001203,0.12197613073912206,0.8171021432314161,-0.27188337268452745,0.3794948630136986,0.05489744115043069,1.9032025721859127,0.3724757557713638,xind,D100+0.5·2330,10,1,0.01,0.15496575342465754,39.051369863013704
4668,0.16798534934898118,0.12774268026793897,1.3150291585915814,-0.2797285633615547,0.3864610111396744,0.11591784461328623,4.485074898239998,0.4262419627348507,xind,D100+0.5·2330,10,5,0.0,0.06812339331619537,17.16709511568123
4668,0.14223470667545932,0.1277780104891953,1.1131391554064498,-0.3072885085748911,0.38431876606683807,0.09019506001927587,3.4204467494306354,0.4260139072029169,xind,D100+0.5·2330,10,5,0.003,0.06812339331619537,17.16709511568123
4668,0.12506761155977808,0.12795796564366843,0.9774116908677709,-0.3250954112691333,0.3828191945158526,0.07304653695660229,2.7315538180477352,0.42586187018162763,xind,D100+0.5·2330,10,5,0.005,0.06812339331619537,17.16709511568123
4668,0.09931696888625624,0.1284611863186472,0.7731282244264902,-0.35098297298192915,0.380248500428449,0.047323752362591835,1.7313869494754783,0.4256338146496938,xind,D100+0.5·2330,10,5,0.008,0.06812339331619537,17.16709511568123
4668,0.082149873770575,0.1289507759118784,0.6370638190398644,-0.3677080076459929,0.37724935732647813,0.030175229299918168,1.0874918484586342,0.4254817776284046,xind,D100+0.5·2330,10,5,0.01,0.06812339331619537,17.16709511568123
4663,0.167370822294429,0.13342181092388006,1.2544487376949007,-0.3340309006314993,0.394381299592537,0.11069913008242795,3.9393853738580296,0.4646045492321669,xind,D100+0.5·2330,10,10,0.0,0.03774394166845379,9.511473300450355
4663,0.15310361234375347,0.1335121593965603,1.1467390912988102,-0.3439928687446241,0.3935234827364358,0.0963762728775929,3.3752387214456303,0.46506075525718,xind,D100+0.5·2330,10,10,0.003,0.03774394166845379,9.511473300450355
4663,0.14359213904330312,0.1336579995652529,1.0743250647949458,-0.35210911381156385,0.3926656658803345,0.08682770140770284,3.007899896304938,0.4653648926071887,xind,D100+0.5·2330,10,10,0.005,0.03774394166845379,9.511473300450355
4663,0.12932492909262758,0.13400461258635113,0.9650781909413155,-0.3694687067692485,0.3909500321681321,0.07250484420286779,2.4703102027420223,0.4658210986322019,xind,D100+0.5·2330,10,10,0.008,0.03774394166845379,9.511473300450355
4663,0.11981345579217724,0.13432040989939933,0.8919973954956866,-0.3807966996070543,0.3898777610980056,0.06295627273297774,2.12097190281327,0.46612523598221056,xind,D100+0.5·2330,10,10,0.01,0.03774394166845379,9.511473300450355
4653,0.16211727860277073,0.13837216124310248,1.1716032845505033,-0.3506031544202435,0.3905007522028799,0.10145086917301843,3.306256429333011,0.5012449035233727,xind,D100+0.5·2330,10,20,0.0,0.02149151085321298,5.415860735009671
4653,0.15399348750025624,0.13834467539001633,1.1131146686066764,-0.36408499300840647,0.3894261766602192,0.09334080088605647,3.0200297806396046,0.5011315213169368,xind,D100+0.5·2330,10,20,0.003,0.02149151085321298,5.415860735009671
4653,0.14857762676524658,0.13837423961406317,1.0737376203810876,-0.3729279947661509,0.38878143133462284,0.08793408869474847,2.830977744505755,0.5010559331793129,xind,D100+0.5·2330,10,20,0.005,0.02149151085321298,5.415860735009671
4653,0.14045383566273204,0.13849035680180724,1.0141777298164862,-0.3859786119918499,0.38749194068343007,0.07982402040778645,2.5502145224763537,0.5009425509728769,xind,D100+0.5·2330,10,20,0.008,0.02149151085321298,5.415860735009671
4653,0.13503797492772235,0.13861552197181834,0.9741908626594985,-0.3945384184998094,0.3872770255748979,0.07441730821647845,2.3650050067889565,0.5008669628352529,xind,D100+0.5·2330,10,20,0.01,0.02149151085321298,5.415860735009671
4672,0.25699756288853964,0.12339643213997713,2.082698489993694,-0.14159856766872292,0.4122431506849315,0.2093575434187671,7.826354415057777,0.39635791415929966,xind,D100+0.5·2330,20,1,0.0,0.1035958904109589,26.106164383561644
4672,0.21783831631319714,0.12337293079228054,1.7656897255684496,-0.18914483953299654,0.409888698630137,0.17029788519280434,6.168620586692254,0.39552935382548715,xind,D100+0.5·2330,20,1,0.003,0.1035958904109589,26.106164383561644
4672,0.1917321519296355,0.12359421703618885,1.5513035846450294,-0.2194071942326309,0.4060359589041096,0.14425811304216257,5.105479951275301,0.3949769802696121,xind,D100+0.5·2330,20,1,0.005,0.1035958904109589,26.106164383561644
4672,0.15257290535429305,0.1242790456791603,1.227663959925927,-0.26274896956521654,0.4011130136986301,0.1051984548161998,3.5862588134167432,0.39414841993579985,xind,D100+0.5·2330,20,1,0.008,0.1035958904109589,26.106164383561644
4672,0.1264667409707314,0.12496785603742314,1.0119941637860814,-0.29693957057299714,0.3981164383561644,0.07915868266555798,2.6283648274428444,0.3935960463799248,xind,D100+0.5·2330,20,1,0.01,0.1035958904109589,26.106164383561644
4668,0.18072692594785547,0.12705507524235615,1.4224298053668525,-0.2593026085773754,0.3986718080548415,0.12920698519858662,4.551272137567639,0.42175942128252,xind,D100+0.5·2330,20,5,0.0,0.04755784061696658,11.984575835475578
4668,0.16275006219464205,0.12710780540991756,1.2804096622530747,-0.2747219886270782,0.39695801199657244,0.11127506338698906,3.8307038845456396,0.4213915115564699,xind,D100+0.5·2330,20,5,0.003,0.04755784061696658,11.984575835475578
4668,0.1507654863591665,0.127255143509949,1.1847496470535939,-0.284835406550332,0.3956726649528706,0.099320448845924,3.3662216616403033,0.4211462384057698,xind,D100+0.5·2330,20,5,0.005,0.04755784061696658,11.984575835475578
4668,0.13278862260595314,0.12764365068145686,1.0403073078608187,-0.3089876983612937,0.3922450728363325,0.08138852703432645,2.693655507166578,0.4207783286797196,xind,D100+0.5·2330,20,5,0.008,0.04755784061696658,11.984575835475578
4668,0.12080404677047754,0.12801353138794988,0.9436818550405915,-0.3268062309791233,0.390745501285347,0.0694339124932614,2.2614190619794456,0.42053305552901954,xind,D100+0.5·2330,20,5,0.01,0.04755784061696658,11.984575835475578
4663,0.1773528048443116,0.1325836150798349,1.337667589901807,-0.28615539690910774,0.4055329187218529,0.12117525876453107,4.33400995695943,0.46055345190201685,xind,D100+0.5·2330,20,10,0.0,0.03131031524769462,7.8901994424190445
4663,0.16551750568068302,0.13269621113395252,1.247341610331274,-0.29258430992680495,0.4046751018657517,0.10927242691109569,3.8449615785031637,0.46110709682916595,xind,D100+0.5·2330,20,10,0.003,0.03131031524769462,7.8901994424190445
4663,0.15762730623826401,0.13284317599871068,1.186566830047739,-0.2968433887921431,0.40403173922367575,0.10133720567547212,3.526378609512017,0.46147619344726537,xind,D100+0.5·2330,20,10,0.005,0.03131031524769462,7.8901994424190445
4663,0.14579200707463544,0.13317099844977326,1.0947729518572493,-0.30319192808156736,0.4023161055114733,0.0894343738220368,3.0599348617043356,0.46202983837441436,xind,D100+0.5·2330,20,10,0.008,0.03131031524769462,7.8901994424190445
4663,0.13790180763221638,0.13346071991253347,1.0332763656796806,-0.30923057375281715,0.4014582886553721,0.0814991525864132,2.7566950193814517,0.46239893499251383,xind,D100+0.5·2330,20,10,0.01,0.03131031524769462,7.8901994424190445
4653,0.1709957587860223,0.1359535878660896,1.2577509830373013,-0.30588351737355113,0.40275091338921126,0.11192550174204659,3.7087074868572536,0.48805699185796236,xind,D100+0.5·2330,20,20,0.0,0.017623038899634645,4.441005802707931
4653,0.16433425008196037,0.13591927167289658,1.2090577595018852,-0.31825195039304366,0.4021061680636149,0.10527935319342263,3.459590348997305,0.4879300814358199,xind,D100+0.5·2330,20,20,0.003,0.017623038899634645,4.441005802707931
4653,0.15989324427925244,0.135936521398983,1.176234632413131,-0.3263849816012233,0.4014614227380185,0.10084858749433999,3.2952594756165894,0.48784547448772486,xind,D100+0.5·2330,20,20,0.005,0.017623038899634645,4.441005802707931
4653,0.15323173557519054,0.13602255623801718,1.1265170999070193,-0.33841787932464573,0.40038684719535783,0.09420243894571609,3.0514997062394076,0.48771856406558245,xind,D100+0.5·2330,20,20,0.008,0.017623038899634645,4.441005802707931
4653,0.14879072977248264,0.1361199604816167,1.0930853142039898,-0.3463300021210348,0.39995701697829356,0.08977167324663345,2.890878598814606,0.4876339571174874,xind,D100+0.5·2330,20,20,0.01,0.017623038899634645,4.441005802707931
4672,0.2815107830045099,0.12798412648271504,2.1995757656909856,-0.24119451211264287,0.3743578767123288,0.2289543300146279,10.045608083976065,0.43726191371307666,xind,6L-EW-raw,1,1,0.0,0.4443493150684932,111.97602739726028
4672,0.11354674190861945,0.1290582300957589,0.8798101587505872,-0.4125947177047784,0.3591609589041096,0.06083679123248108,2.50176201024006,0.43853899175439537,xind,6L-EW-raw,1,1,0.003,0.4443493150684932,111.97602739726028
4672,0.0015707145113591666,0.13036743853368768,0.01204836521316851,-0.5141707046616758,0.347388698630137,-0.051241567955616796,-2.014070711140625,0.43939037711527434,xind,6L-EW-raw,1,1,0.005,0.4443493150684932,111.97602739726028
4672,-0.16639332658453126,0.13318598172887244,-1.2493306309312584,-0.9723327414823876,0.3268407534246575,-0.21935910673776335,-8.046353829553915,0.44066745515659295,xind,6L-EW-raw,1,1,0.008,0.4443493150684932,111.97602739726028
4672,-0.2783693539817915,0.13560719887612965,-2.0527623628305154,-0.9963630387687918,0.3144263698630137,-0.33143746592586126,-11.608492966389887,0.44151884051747226,xind,6L-EW-raw,1,1,0.01,0.4443493150684932,111.97602739726028
4668,0.16924621681750762,0.1251935168125304,1.3518768473525942,-0.4330725282799779,0.350471293916024,0.1187322007132789,4.4188847984652275,0.4135245865762722,xind,6L-EW-raw,1,5,0.0,0.10004284490145672,25.210796915167094
4668,0.131430021444757,0.125130046135903,1.0503474225687701,-0.4676699278468427,0.3485432733504713,0.08098690284041943,2.962500843359261,0.41294419599178,xind,6L-EW-raw,1,5,0.003,0.10004284490145672,25.210796915167094
4668,0.1062192245295899,0.12531428511996762,0.847622634785034,-0.48958057525350895,0.34554413024850045,0.055823370925179784,2.0166849037642813,0.41255726893545197,xind,6L-EW-raw,1,5,0.005,0.10004284490145672,25.210796915167094
4668,0.06840302915683924,0.12592848402371323,0.5431894911397367,-0.5208051054476437,0.34104541559554413,0.018078073052320304,0.6401437423381853,0.4119768783509598,xind,6L-EW-raw,1,5,0.008,0.10004284490145672,25.210796915167094
4668,0.04319223224167215,0.12656062654131958,0.3412770102522425,-0.5405771544656526,0.3384747215081405,-0.0070854588629193985,-0.24737671708960146,0.4115899512946318,xind,6L-EW-raw,1,5,0.01,0.10004284490145672,25.210796915167094
4663,0.12695229082425444,0.13180643677317563,0.9631721631525885,-0.4344456556873818,0.34591464722281795,0.07108494951542023,2.7030743610232904,0.4580103383624383,xind,6L-EW-raw,1,10,0.0,0.04846665236971907,12.213596397169205
4663,0.10863189622850064,0.13178973679683137,0.8242819119972057,-0.45119114053192433,0.3454857387947673,0.05272351473633777,1.9734934916292097,0.4583467930390429,xind,6L-EW-raw,1,10,0.003,0.04846665236971907,12.213596397169205
4663,0.09641829983133145,0.13188881820627693,0.7310574250542694,-0.46209194388207886,0.34355565086853956,0.04048255821694944,1.4987616724047563,0.45857109615677927,xind,6L-EW-raw,1,10,0.005,0.04846665236971907,12.213596397169205
4663,0.07809790523557765,0.13220226679721586,0.5907455834730239,-0.47805824790982543,0.34119665451426123,0.022121123437866992,0.8051029831914113,0.4589075508333838,xind,6L-EW-raw,1,10,0.008,0.04846665236971907,12.213596397169205
4663,0.06588430883840843,0.1325205103927331,0.49716310813440145,-0.48845120540703857,0.3394810208020588,0.00988016691847869,0.35538477943700375,0.4591318539511202,xind,6L-EW-raw,1,10,0.01,0.04846665236971907,12.213596397169205
4653,0.11821295586293602,0.14326113509255287,0.8251571913524584,-0.4965587301093566,0.3404255319148936,0.051501860291749364,1.6466976295936189,0.5511879964189684,xind,6L-EW-raw,1,20,0.0,0.024500322372662798,6.174081237911025
4653,0.1089518340060695,0.14321967156642512,0.7607323268824685,-0.5025936820314327,0.33999570169782933,0.042251391177920275,1.3489092607729671,0.5510999801146204,xind,6L-EW-raw,1,20,0.003,0.024500322372662798,6.174081237911025
4653,0.10277775276815845,0.1432446005718068,0.717498267703551,-0.5065817287932095,0.33913604126370084,0.036084411768700884,1.1506087833054124,0.5510413025783881,xind,6L-EW-raw,1,20,0.005,0.024500322372662798,6.174081237911025
4653,0.09351663091129193,0.14336079626429907,0.652316625940646,-0.5125113411305926,0.33784655061250807,0.026833942654871813,0.8537726649204843,0.5509532862740399,xind,6L-EW-raw,1,20,0.008,0.024500322372662798,6.174081237911025
4653,0.08734254967338088,0.14349069558533023,0.6086983502107322,-0.5164296899186699,0.3372018052869117,0.02066696324565247,0.6564506071391477,0.5508946087378079,xind,6L-EW-raw,1,20,0.01,0.024500322372662798,6.174081237911025
4672,0.2981750588215539,0.11952396202208679,2.494688544264072,-0.1446708226098904,0.3901969178082192,0.25278624516027753,11.605225652186007,0.3776282148743321,xind,6L-EW-raw,3,1,0.0,0.2778253424657534,70.01198630136986
4672,0.19315707936949908,0.12014759892806262,1.6076649145951745,-0.1830451390392951,0.3831335616438356,0.1476556672194306,6.407947055391861,0.37856501764334627,xind,6L-EW-raw,3,1,0.003,0.2778253424657534,70.01198630136986
4672,0.1231450930681292,0.12108476431255842,1.0170155904193894,-0.2510007943046155,0.3739297945205479,0.07756861525886584,3.235059990057815,0.37918955282268896,xind,6L-EW-raw,3,1,0.005,0.2778253424657534,70.01198630136986
4672,0.0181271136160744,0.123248837638552,0.14707735961969248,-0.4389768807544978,0.3608732876712329,-0.027561962681981144,-1.0808221813791064,0.380126355591703,xind,6L-EW-raw,3,1,0.008,0.2778253424657534,70.01198630136986
4672,-0.05188487268529548,0.12517671162390137,-0.41449301561128826,-0.7947329156734774,0.3527397260273973,-0.09764901464254577,-3.6728833053424883,0.3807508907710456,xind,6L-EW-raw,3,1,0.01,0.2778253424657534,70.01198630136986
4668,0.13166484281867483,0.128288319585236,1.026319802491414,-0.35582515591664243,0.369751499571551,0.07870229941129091,3.0789396528161133,0.4335690478732861,xind,6L-EW-raw,3,5,0.0,0.09640102827763496,24.29305912596401
4668,0.0952252541297288,0.12824550711714017,0.742523120461051,-0.39422627823838896,0.36782347900599827,0.042242092129262276,1.6149732262115188,0.4337378385543256,xind,6L-EW-raw,3,5,0.003,0.09640102827763496,24.29305912596401
4668,0.07093219500376478,0.12843082930144298,0.5522988163323168,-0.41857645434250135,0.36503856041131105,0.017935287274576526,0.674816006454852,0.4338503656750186,xind,6L-EW-raw,3,5,0.005,0.09640102827763496,24.29305912596401
4668,0.03449260631481876,0.12902776530382679,0.2673270069709233,-0.45332097248514014,0.3613967437874893,-0.01852492000745218,-0.679932302162418,0.43401915635605826,xind,6L-EW-raw,3,5,0.008,0.09640102827763496,24.29305912596401
4668,0.010199547188854756,0.12963607319068055,0.07867831027134194,-0.4753497233752868,0.3583976006855184,-0.042831724862137946,-1.5456008377673947,0.43413168347675124,xind,6L-EW-raw,3,5,0.01,0.09640102827763496,24.29305912596401
4663,0.12595884798029613,0.13182467549251192,0.9555028109092598,-0.3637126031451088,0.3669311601972979,0.07049296814484517,2.4158070907947007,0.4547190862470514,xind,6L-EW-raw,3,10,0.0,0.04181857173493459,10.538280077203517
4663,0.11015142786449086,0.13184722777625715,0.8354474320189444,-0.38068653599363533,0.36628779755522195,0.0546377345925002,1.845173943067474,0.4551110692506237,xind,6L-EW-raw,3,10,0.003,0.04181857173493459,10.538280077203517
4663,0.09961314778728733,0.13195796723506653,0.7548854371925799,-0.3917639220698603,0.3647866180570448,0.0440675788909368,1.4733627252095034,0.4553723912530052,xind,6L-EW-raw,3,10,0.005,0.04181857173493459,10.538280077203517
4663,0.08380572767148205,0.13226715256182353,0.6336095247254232,-0.4129313418745987,0.36349989277289296,0.028212345338591797,0.9288713415622171,0.45576437425657756,xind,6L-EW-raw,3,10,0.008,0.04181857173493459,10.538280077203517
4663,0.07326744759427856,0.13256814112858514,0.552677641630446,-0.44278987741185283,0.36199871327471583,0.01764218963702847,0.5748220228345517,0.45602569625895917,xind,6L-EW-raw,3,10,0.01,0.04181857173493459,10.538280077203517
4653,0.13117266272603215,0.13406087361642724,0.978455974420555,-0.42669712317350317,0.3550397592950784,0.07363510828903523,2.3956126268716553,0.4753933221668352,xind,6L-EW-raw,3,20,0.0,0.02321083172147002,5.849129593810445
4653,0.1223989683353165,0.13406032991251848,0.9130140766861335,-0.4352458115098714,0.35439501396948203,0.06485551454596085,2.102687637464166,0.47544206446643233,xind,6L-EW-raw,3,20,0.003,0.02321083172147002,5.849129593810445
4653,0.11654983874150607,0.1341132407967805,0.8690405067320092,-0.4408810208158205,0.3533204384268214,0.05900245205057789,1.9080937262947897,0.4754745593328303,xind,6L-EW-raw,3,20,0.005,0.02321083172147002,5.849129593810445
4653,0.10777614435079039,0.13427239119732468,0.8026679452844793,-0.45070225112193374,0.3518160326670965,0.050222858307503476,1.6174959263719177,0.4755233016324274,xind,6L-EW-raw,3,20,0.008,0.02321083172147002,5.849129593810445
4653,0.10192701475697993,0.13443153391793297,0.758207630206792,-0.46378440411276256,0.3516011175585644,0.044369795812120534,1.4247721337527979,0.47555579649882546,xind,6L-EW-raw,3,20,0.01,0.02321083172147002,5.849129593810445
4672,0.28223510510634126,0.12040371172072997,2.3440731275873845,-0.1658704615703851,0.4004708904109589,0.23632056310735158,10.777942315130352,0.3820021968682469,xind,6L-EW-raw,5,1,0.0,0.21746575342465754,54.801369863013704
4672,0.20003305031182073,0.12086905050439693,1.6549567443201187,-0.20389643212221797,0.3949058219178082,0.1539730052619715,6.686514004868944,0.3832127607257838,xind,6L-EW-raw,5,1,0.003,0.21746575342465754,54.801369863013704
4672,0.14523168044880702,0.12161993768661222,1.194143684097562,-0.22959880711613834,0.3867722602739726,0.09907463336505151,4.154373960785658,0.38401980329747487,xind,6L-EW-raw,5,1,0.005,0.21746575342465754,54.801369863013704
4672,0.06302962565428646,0.12339117184131354,0.5108114682251769,-0.31576419736403394,0.3767123287671233,0.016727075519671567,0.6639613476170297,0.3852303671550119,xind,6L-EW-raw,5,1,0.008,0.21746575342465754,54.801369863013704
4672,0.008228255791272766,0.12498771463340347,0.06583251654297975,-0.5250310295494929,0.3709332191780822,-0.038171296377248386,-1.4593883121672209,0.386037409726703,xind,6L-EW-raw,5,1,0.01,0.21746575342465754,54.801369863013704
4668,0.14823326909133125,0.12716999261596226,1.1656308696893418,-0.31771359035258995,0.3823907455012853,0.09647164647318741,3.7556228813234003,0.42373790968271585,xind,6L-EW-raw,5,5,0.0,0.0837617823479006,21.107969151670954
4668,0.1165713153638248,0.1271876533307334,0.9165301215260075,-0.3525832152982161,0.38046272493573263,0.06476660960781971,2.4610576885274065,0.4240906026211621,xind,6L-EW-raw,5,5,0.003,0.0837617823479006,21.107969151670954
4668,0.09546334621215387,0.12738937984916807,0.7493822979999171,-0.37486121045226006,0.3783204798628963,0.04362991836424118,1.6304755582780441,0.42432573124679274,xind,6L-EW-raw,5,5,0.005,0.0837617823479006,21.107969151670954
4668,0.06380139248464742,0.12797510217323962,0.49854535297248376,-0.4068881292692742,0.37467866323907456,0.011924881498873411,0.43434599038601185,0.424678424185239,xind,6L-EW-raw,5,5,0.008,0.0837617823479006,21.107969151670954
4668,0.04269342333297648,0.12855233204756855,0.33210928695699216,-0.42734775140161896,0.37210796915167094,-0.009211809744705113,-0.32971354776447204,0.42491355281086984,xind,6L-EW-raw,5,5,0.01,0.0837617823479006,21.107969151670954
4663,0.13514920485246587,0.13299918145956513,1.0161656889110584,-0.3460701024395739,0.38451640574737295,0.07876904196899386,2.743180468139066,0.4622145402703298,xind,6L-EW-raw,5,10,0.0,0.04074630066480806,10.268067767531631
4663,0.11974710320116842,0.13301876500137783,0.900227146146847,-0.3616277305397386,0.3834441346772464,0.0633519202238636,2.1728648792782934,0.46233767765430833,xind,6L-EW-raw,5,10,0.003,0.04074630066480806,10.268067767531631
4663,0.1094790354336368,0.1331243568187964,0.8223817042185252,-0.3718059679481107,0.38215740939309456,0.0530738390604434,1.8014213017224896,0.4624197692436274,xind,6L-EW-raw,5,10,0.005,0.04074630066480806,10.268067767531631
4663,0.09407693378233935,0.13342110932165166,0.7051128135618977,-0.38678844429061754,0.38065622989491743,0.03765671731531314,1.257789530284298,0.4625429066276058,xind,6L-EW-raw,5,10,0.008,0.04074630066480806,10.268067767531631
4663,0.0838088660148077,0.13371070982646163,0.6267924695305279,-0.3965899364908533,0.3791550503967403,0.02737863615189298,0.9045527312046087,0.46262499821692477,xind,6L-EW-raw,5,10,0.01,0.04074630066480806,10.268067767531631
4653,0.1353602848151505,0.1337527472010376,1.0120187259533198,-0.39665655173284675,0.3647109391790243,0.07821406973186192,2.5615049571949022,0.4721599536777773,xind,6L-EW-raw,5,20,0.0,0.02278100150440576,5.740812379110252
4653,0.1267490662464851,0.13374689998076061,0.9476785350891712,-0.4056468604853374,0.3640661938534279,0.06961438318210134,2.2704928813197705,0.472064672520417,xind,6L-EW-raw,5,20,0.003,0.02278100150440576,5.740812379110252
4653,0.12100825386737486,0.1337954356236202,0.9044273693146234,-0.41157322887778247,0.36320653341929937,0.06388125881559428,2.0773461531924986,0.4720011517488434,xind,6L-EW-raw,5,20,0.005,0.02278100150440576,5.740812379110252
4653,0.11239703529870948,0.13394677577615502,0.8391171392325386,-0.42190308512111807,0.3619170427681066,0.055281572265833696,1.7891676434365225,0.47190587059148315,xind,6L-EW-raw,5,20,0.008,0.02278100150440576,5.740812379110252
4653,0.10665622291959923,0.13409988912894183,0.7953490760685528,-0.43566709014118743,0.3614872125510423,0.04954844789932662,1.598216197638841,0.4718423498199096,xind,6L-EW-raw,5,20,0.01,0.02278100150440576,5.740812379110252
4672,0.26684509028918535,0.12051084325258343,2.2142828237447,-0.13112544284247363,0.4122431506849315,0.22123426154118675,9.007476126897132,0.3794753475511141,xind,6L-EW-raw,10,1,0.0,0.14982876712328766,37.75684931506849
4672,0.2102098163165826,0.12077033282509538,1.740574952467981,-0.20187586179600325,0.4077482876712329,0.16443527094189525,6.392092517993149,0.3808374456650481,xind,6L-EW-raw,10,1,0.003,0.14982876712328766,37.75684931506849
4672,0.17245296700151408,0.12127439921530031,1.4220063601004174,-0.2529656837085583,0.4021832191780822,0.1265692772090342,4.764223619103854,0.38174551107433724,xind,6L-EW-raw,10,1,0.005,0.14982876712328766,37.75684931506849
4672,0.11581769302891134,0.122518936490812,0.9453044267781153,-0.33301833135221004,0.3940496575342466,0.06977028660974276,2.4992495598223154,0.3831076091882713,xind,6L-EW-raw,10,1,0.008,0.14982876712328766,37.75684931506849
4672,0.07806084371384285,0.12366660709168296,0.6312200645722473,-0.38572994262440996,0.3895547945205479,0.031904292876881755,1.1051714722485197,0.3840156745975605,xind,6L-EW-raw,10,1,0.01,0.14982876712328766,37.75684931506849
4668,0.15151894463272605,0.13050316841908072,1.1610365209383886,-0.3386118812378187,0.3948157669237361,0.09685379216719583,3.4679685420803645,0.44750717358909187,xind,6L-EW-raw,10,5,0.0,0.07005141388174807,17.652956298200515
4668,0.1250395101854253,0.13057550747446908,0.9576030957403999,-0.3705729573385713,0.39288774635818335,0.07032851855011293,2.458702132558326,0.44788242832421443,xind,6L-EW-raw,10,5,0.003,0.07005141388174807,17.652956298200515
4668,0.10738655388722479,0.13078074625225117,0.8211189870418432,-0.39104279127345676,0.39138817480719795,0.05264500280539101,1.8109162923804982,0.4481325981476294,xind,6L-EW-raw,10,5,0.005,0.07005141388174807,17.652956298200515
4668,0.080907119439924,0.1313226512058802,0.6160941672817922,-0.4205421793653854,0.38817480719794345,0.02611972918830805,0.8766610359877844,0.44850785288275197,xind,6L-EW-raw,10,5,0.008,0.07005141388174807,17.652956298200515
4668,0.0632541631417235,0.13183845590060117,0.47978537604698285,-0.43943349334701387,0.38538988860325624,0.008436213443586109,0.27850054110824224,0.44875802270616694,xind,6L-EW-raw,10,5,0.01,0.07005141388174807,17.652956298200515
4663,0.15972871694644683,0.1336369504820953,1.1952436535720508,-0.3374657996792867,0.39652584173279004,0.10265265151196144,3.5145998837782475,0.4679196723813241,xind,6L-EW-raw,10,10,0.0,0.03559939952820073,8.971048681106584
4663,0.14627214392478696,0.13367830715218912,1.09421002585154,-0.3482501575252489,0.3954535706626635,0.08916624971752349,3.0069960809612506,0.4681642139326661,xind,6L-EW-raw,10,10,0.003,0.03559939952820073,8.971048681106584
4663,0.1373010952436804,0.133786747601037,1.026268279225409,-0.3560620159359722,0.394381299592537,0.08017531518789824,2.6761302547058925,0.4683272416335608,xind,6L-EW-raw,10,10,0.005,0.03559939952820073,8.971048681106584
4663,0.1238445222220205,0.1340703198195195,0.9237281031978994,-0.3676189808635646,0.39245121166630925,0.06668891339346034,2.1913443440169766,0.4685717831849028,xind,6L-EW-raw,10,10,0.008,0.03559939952820073,8.971048681106584
4663,0.11487347354091391,0.1343395786420092,0.8550977656929463,-0.37521766016149605,0.3911644863821574,0.05769797886383502,1.87590971403629,0.4687348108857975,xind,6L-EW-raw,10,10,0.01,0.03559939952820073,8.971048681106584
4653,0.14170443397276192,0.13781150047675228,1.0282482483866893,-0.3791176004979351,0.3900709219858156,0.08108291107796999,2.6057203388365604,0.50087403689228,xind,6L-EW-raw,10,20,0.0,0.02192134107027724,5.524177949709864
4653,0.1334181670481971,0.13777061982596725,0.9684079756390137,-0.39019379024629364,0.38899634644315495,0.072824252563022,2.322760898484231,0.5006459275522862,xind,6L-EW-raw,10,20,0.003,0.02192134107027724,5.524177949709864
4653,0.12789398909848726,0.13779239326362588,0.9281643642969402,-0.39747697322312825,0.38813668600902645,0.06731848021972335,2.1360862839066592,0.5004938546589569,xind,6L-EW-raw,10,20,0.005,0.02192134107027724,5.524177949709864
4653,0.11960772217392243,0.1378985477806058,0.8673602739037996,-0.4082523404069026,0.3866322802493015,0.059059821704775375,1.8591701839958104,0.5002657453189631,xind,6L-EW-raw,10,20,0.008,0.02192134107027724,5.524177949709864
4653,0.11408354422421255,0.13801822576803602,0.8265831819628668,-0.4153374718784316,0.38620245003223724,0.053554049361476744,1.6767022275748298,0.5001136724256336,xind,6L-EW-raw,10,20,0.01,0.02192134107027724,5.524177949709864
4672,0.24299690868227944,0.12194266442218123,1.9927144435764732,-0.15880303050708156,0.417166095890411,0.19654700869293734,7.939678156197374,0.3864562961475129,xind,6L-EW-raw,20,1,0.0,0.10231164383561644,25.782534246575345
4672,0.20432310731241637,0.12201802210321099,1.674532202624841,-0.18199222472593546,0.4133133561643836,0.1578463663033688,6.0164770013391635,0.38667960946062235,xind,6L-EW-raw,20,1,0.003,0.10231164383561644,25.782534246575345
4672,0.17854057306584104,0.12230506128165652,1.4597970942075709,-0.21297266018266192,0.4101027397260274,0.13204593804365647,4.840038648494627,0.38682848500269523,xind,6L-EW-raw,20,1,0.005,0.10231164383561644,25.782534246575345
4672,0.13986677169597803,0.12308750787509266,1.136319794839885,-0.2787899308018521,0.4038955479452055,0.093345295654088,3.2268741470389575,0.3870517983158048,xind,6L-EW-raw,20,1,0.008,0.10231164383561644,25.782534246575345
4672,0.1140842374494027,0.12384027241098068,0.9212208212107186,-0.3196307813784549,0.4008989726027397,0.06754486739437561,2.246356367909653,0.3872006738578777,xind,6L-EW-raw,20,1,0.01,0.10231164383561644,25.782534246575345
4668,0.16616571220073398,0.12719640812757052,1.3063711047098088,-0.28384863373391667,0.4070265638389032,0.11454389552695729,4.071038479070818,0.4225934115848802,xind,6L-EW-raw,20,5,0.0,0.05098543273350471,12.848329048843187
4668,0.14689321862746924,0.1272234661575016,1.1546078963578674,-0.3092171647471905,0.4050985432733505,0.09527950682613828,3.2889100535057625,0.4225270623953705,xind,6L-EW-raw,20,5,0.003,0.05098543273350471,12.848329048843187
4668,0.13404488957862604,0.1273612554968137,1.05247776535918,-0.32564861530550415,0.4040274207369323,0.08243658102559231,2.7905817308689116,0.422482829602364,xind,6L-EW-raw,20,5,0.005,0.05098543273350471,12.848329048843187
4668,0.11477239600536125,0.12774679049955945,0.8984366304354009,-0.3562623373662934,0.40124250214224505,0.06317219232477335,2.0767460294245152,0.4224164804128543,xind,6L-EW-raw,20,5,0.008,0.05098543273350471,12.848329048843187
4668,0.10192406695651807,0.128122210658265,0.7955222317258938,-0.376633547020782,0.39931448157669236,0.05032926652422739,1.6226206090843025,0.4223722476198478,xind,6L-EW-raw,20,5,0.01,0.05098543273350471,12.848329048843187
4663,0.17298167898013286,0.13288335177784266,1.3017558382281589,-0.3640510875627958,0.41196654514261205,0.11656374750524526,4.056732402633006,0.46252417385819067,xind,6L-EW-raw,20,10,0.0,0.02830795625134034,7.133604975337765
4663,0.16228127151712624,0.13295529141020412,1.220570236775634,-0.37439628131182834,0.4113231825005361,0.105850218607784,3.631757697187706,0.4626317456970068,xind,6L-EW-raw,20,10,0.003,0.02830795625134034,7.133604975337765
4663,0.15514766654178846,0.13306837323439888,1.1659244249457916,-0.38189051110255845,0.4106798198584602,0.09870786600947648,3.3541196310543344,0.4627034602562176,xind,6L-EW-raw,20,10,0.005,0.02830795625134034,7.133604975337765
4663,0.14444725907878178,0.13333534769453226,1.0833380763344664,-0.3929776594401496,0.4093930945743084,0.08799433711201521,2.9463629021596076,0.46281103209503377,xind,6L-EW-raw,20,10,0.008,0.02830795625134034,7.133604975337765
4663,0.137313654103444,0.13357792915114458,1.027966633230797,-0.40026749300652975,0.4085352777182072,0.08085198451370772,2.6804032378454363,0.46288274665424456,xind,6L-EW-raw,20,10,0.01,0.02830795625134034,7.133604975337765
4653,0.1463675678719128,0.13835094006982893,1.0579441512868484,-0.4265463276064785,0.40318074360627554,0.08504977069276487,2.7081022168661337,0.5066268734251879,xind,6L-EW-raw,20,20,0.0,0.018912529550827423,4.76595744680851
4653,0.1392186317017,0.13833322062884215,1.0064005671872087,-0.4384649741818323,0.40253599828067915,0.07791033984425878,2.4589014389418153,0.5065483374757787,xind,6L-EW-raw,20,20,0.003,0.018912529550827423,4.76595744680851
4653,0.13445267425489152,0.13836366407436557,0.9717339819985396,-0.4462825026168683,0.40189125295508277,0.07315071927858804,2.2948443497855506,0.5064959801761725,xind,6L-EW-raw,20,20,0.005,0.018912529550827423,4.76595744680851
4653,0.12730373808467874,0.1384726581110843,0.919342055112095,-0.4578194987214591,0.40060176230388994,0.06601128843008194,2.0519596896255448,0.5064174442267634,xind,6L-EW-raw,20,20,0.008,0.018912529550827423,4.76595744680851
4653,0.12253778063787023,0.13858746257207796,0.8841909532338798,-0.4653863908182969,0.4001719320868257,0.061251667864411205,1.8922143672809422,0.5063650869271573,xind,6L-EW-raw,20,20,0.01,0.018912529550827423,4.76595744680851
4672,0.2751051157069679,0.12889602522108234,2.134318069429277,-0.25905707265130373,0.3478167808219178,0.2215005633786621,9.575010412634526,0.445981945153722,xind,6L-EW-zscore,1,1,0.0,0.4449914383561644,112.13784246575342
4672,0.1068983520083377,0.1299618567234234,0.8225363556926707,-0.3145811793023553,0.3334760273972603,0.05311636398615304,2.1737361084659836,0.44745818387708963,xind,6L-EW-zscore,1,1,0.003,0.4449914383561644,112.13784246575342
4672,-0.005239490457415726,0.1312617376097669,-0.03991635759837654,-0.5313485285393386,0.3210616438356164,-0.05913976894218632,-2.318173866007714,0.44844234302600083,xind,6L-EW-zscore,1,1,0.005,0.4449914383561644,112.13784246575342
4672,-0.1734462541560459,0.13406126788575648,-1.2937834834133621,-0.9730327518759587,0.2996575342465753,-0.22752396833469532,-8.307530818842645,0.4499185817493684,xind,6L-EW-zscore,1,1,0.008,0.4449914383561644,112.13784246575342
4672,-0.28558409662179934,0.13646698149687803,-2.0926973945586442,-0.9965906785467066,0.2876712328767123,-0.33978010126303476,-11.803256246579718,0.4509027408982804,xind,6L-EW-zscore,1,1,0.01,0.4449914383561644,112.13784246575342
4668,0.15631403104337505,0.1226927762263694,1.2740279896753994,-0.42216110623907444,0.3176949443016281,0.10761385735454455,3.893751612622347,0.3986758674921588,xind,6L-EW-zscore,1,5,0.0,0.09747215081405312,24.562982005141386
4668,0.11946955803566293,0.12266571439154142,0.9739441752593024,-0.45498378897136993,0.3151242502142245,0.07082053333721626,2.533746103807221,0.3982571447943116,xind,6L-EW-zscore,1,5,0.003,0.09747215081405312,24.562982005141386
4668,0.09490657603052156,0.1228734500755453,0.77239286413925,-0.47584869763140214,0.31191088260497,0.0462916506589974,1.6420704066380816,0.3979779963290802,xind,6L-EW-zscore,1,5,0.005,0.09747215081405312,24.562982005141386
4668,0.058062103022809466,0.12352144074311629,0.4700568797894726,-0.5056942280410776,0.3080548414738646,0.009498326641669122,0.33215075154650825,0.39755927363123306,xind,6L-EW-zscore,1,5,0.008,0.09747215081405312,24.562982005141386
4668,0.03349912101766809,0.12417496203620021,0.269773555540949,-0.5246643367655407,0.3059125964010283,-0.015030556036549719,-0.5201626057708614,0.3972801251660016,xind,6L-EW-zscore,1,5,0.01,0.09747215081405312,24.562982005141386
4663,0.12301662458809014,0.12703430630626728,0.9683732541626127,-0.3429887790543602,0.3135320609049968,0.07114308077359945,2.7434058967149033,0.4252684806172572,xind,6L-EW-zscore,1,10,0.0,0.04825219815569376,12.159553935234827
4663,0.10477729368523789,0.12698975953184427,0.8250845900606945,-0.3604934189812198,0.3128886982629209,0.052845643558375406,2.019264023101135,0.425744846436122,xind,6L-EW-zscore,1,10,0.003,0.04825219815569376,12.159553935234827
4663,0.09261773975000308,0.12707396796829973,0.728849041474079,-0.37191746459913766,0.3111730645507184,0.04064735208155946,1.5427473110853078,0.4260624236486986,xind,6L-EW-zscore,1,10,0.005,0.04825219815569376,12.159553935234827
4663,0.07437840884715083,0.12737068821250008,0.5839523197288603,-0.38869275173402573,0.30902852241046536,0.022349914866335436,0.8390163698282391,0.42653878946756346,xind,6L-EW-zscore,1,10,0.008,0.04825219815569376,12.159553935234827
4663,0.06221885491191599,0.12768149075138616,0.48729737212314406,-0.3996402153096842,0.3070984344842376,0.010151623389519436,0.3781011009158932,0.4268563666801401,xind,6L-EW-zscore,1,10,0.01,0.04825219815569376,12.159553935234827
4653,0.10901760772901282,0.14188326187829486,0.7683613012965994,-0.39850642652806423,0.3187191059531485,0.043550302331687205,1.3862541757545443,0.5409114118714323,xind,6L-EW-zscore,1,20,0.0,0.025574897915323448,6.444874274661509
4653,0.09935029631702058,0.14183832439275937,0.7004474759721024,-0.4039197648038021,0.31828927573608423,0.033917623584273554,1.0793792039126577,0.5406252659336945,xind,6L-EW-zscore,1,20,0.003,0.025574897915323448,6.444874274661509
4653,0.09290542204235906,0.1418637160676635,0.6548920655514676,-0.4075060535630648,0.31742961530195574,0.02749583775266442,0.8746830039202477,0.5404345019752026,xind,6L-EW-zscore,1,20,0.005,0.025574897915323448,6.444874274661509
4653,0.0832381106303668,0.14198476918722244,0.5862467580632417,-0.41285176293681924,0.31614012465076297,0.017863159005250713,0.5677417066750017,0.5401483560374648,xind,6L-EW-zscore,1,20,0.008,0.025574897915323448,6.444874274661509
4653,0.07679323635570529,0.14212067174528392,0.5403382591192514,-0.4163931920775368,0.3154953793251666,0.01144137317364165,0.3633409875658249,0.539957592078973,xind,6L-EW-zscore,1,20,0.01,0.025574897915323448,6.444874274661509
4672,0.28574389755418755,0.12156066423509561,2.350627971245413,-0.2230115397967718,0.3578767123287671,0.23822788588087712,10.67403402868505,0.3953261876383571,xind,6L-EW-zscore,3,1,0.0,0.2844606164383562,71.68407534246576
4672,0.17821778454048895,0.12221344857953913,1.458250189417583,-0.2674592060775577,0.3495291095890411,0.13051913849136426,5.538476122273221,0.396845678626338,xind,6L-EW-zscore,3,1,0.003,0.2844606164383562,71.68407534246576
4672,0.10653370919802317,0.12316847958714101,0.8649429590681208,-0.32480946405771827,0.3413955479452055,0.05871330689835554,2.3923720192552516,0.3978586726183251,xind,6L-EW-zscore,3,1,0.005,0.2844606164383562,71.68407534246576
4672,-0.0009924038156754675,0.12535702808257262,-0.007916618883320778,-0.4126480151745868,0.3272688356164384,-0.04899544049115735,-1.8707591790338958,0.39937816360630574,xind,6L-EW-zscore,3,1,0.008,0.2844606164383562,71.68407534246576
4672,-0.07267647915814122,0.12729984540749908,-0.5709078351626965,-0.8266522116794964,0.3180650684931507,-0.12080127208416602,-4.409676795624486,0.4003911575982929,xind,6L-EW-zscore,3,1,0.01,0.2844606164383562,71.68407534246576
4668,0.13439531148366246,0.12467760142821202,1.0779427093891103,-0.3544427845031627,0.33226221079691515,0.08415204218862762,3.281109187211314,0.4113081628789814,xind,6L-EW-zscore,3,5,0.0,0.0934018851756641,23.53727506426735
4668,0.09908939888726148,0.1246089358913812,0.7952029938979295,-0.38745128079217284,0.32947729220222793,0.048790454289309164,1.8691738432905871,0.4117639394811411,xind,6L-EW-zscore,3,5,0.003,0.0934018851756641,23.53727506426735
4668,0.07555212382299412,0.12477713677495496,0.6054965338662813,-0.40853976328414243,0.3269065981148243,0.025216062356430202,0.9539393778448737,0.41206779054924747,xind,6L-EW-zscore,3,5,0.005,0.0934018851756641,23.53727506426735
4668,0.04024621122659307,0.1253486821988407,0.3210740673184779,-0.438855991807944,0.32305055698371893,-0.010145525542888188,-0.3761903803731797,0.41252356715140714,xind,6L-EW-zscore,3,5,0.008,0.0934018851756641,23.53727506426735
4668,0.016708936162325737,0.12594028820907957,0.13267347883614836,-0.45822236682717976,0.3202656383890317,-0.033719917475767136,-1.2328574851610843,0.4128274182195135,xind,6L-EW-zscore,3,5,0.01,0.0934018851756641,23.53727506426735
4663,0.12752853444020504,0.13034020601998242,0.9784282097931754,-0.32559711696233806,0.3339052112374008,0.07299558547979908,2.5501363086821582,0.4470707540419077,xind,6L-EW-zscore,3,10,0.0,0.04675101865751662,11.78125670169419
4663,0.1098566493876638,0.13032564071060238,0.8429396455576117,-0.3356739234140006,0.33326184859532487,0.05528007009015543,1.908655171659437,0.4474284432569477,xind,6L-EW-zscore,3,10,0.003,0.04675101865751662,11.78125670169419
4663,0.09807539268596961,0.1304236317053573,0.7519756305171269,-0.3423162983435629,0.33218957752519834,0.04346972649705964,1.4886181065687045,0.44766690273364096,xind,6L-EW-zscore,3,10,0.005,0.04675101865751662,11.78125670169419
4663,0.08040350763342832,0.1307316856300496,0.6150269328046284,-0.35216782403517266,0.33047394381299594,0.025754211107415974,0.8707276658756191,0.44802459194868094,xind,6L-EW-zscore,3,10,0.008,0.04675101865751662,11.78125670169419
4663,0.06862225093173414,0.13104384421902865,0.5236587139265991,-0.3586615148143628,0.3287583101007935,0.013943867514320226,0.4672759435283306,0.4482630514253742,xind,6L-EW-zscore,3,10,0.01,0.04675101865751662,11.78125670169419
4653,0.11615433850075402,0.1344978827152323,0.8636146246754203,-0.4155273820934251,0.32839028583709434,0.05788081118930142,1.8101662179016893,0.48147416090312917,xind,6L-EW-zscore,3,20,0.0,0.025574897915323448,6.444874274661509
4653,0.10648702708876176,0.1344626667087772,0.7919449293638819,-0.42941006378169344,0.32774554051149796,0.0482454957594055,1.5075059855102722,0.48120980006309017,xind,6L-EW-zscore,3,20,0.003,0.025574897915323448,6.444874274661509
4653,0.10004215281410023,0.13449757527147602,0.7438212370161366,-0.44388846341207167,0.3266709649688373,0.04182195213947484,1.3057584565124354,0.4810335595030641,xind,6L-EW-zscore,3,20,0.005,0.025574897915323448,6.444874274661509
4653,0.09037484140210798,0.13463742613687701,0.6712460568744817,-0.4652114079814825,0.3253814743176445,0.032186636709578886,1.0034260960924593,0.48076919866302514,xind,6L-EW-zscore,3,20,0.008,0.025574897915323448,6.444874274661509
4653,0.08392996712744646,0.13478884419132978,0.6226774005741139,-0.4789875702121523,0.32495164410058025,0.025763093089648234,0.8022082727735131,0.48059295810299907,xind,6L-EW-zscore,3,20,0.01,0.025574897915323448,6.444874274661509
4672,0.2617645148888387,0.11481864624910405,2.2798084060399844,-0.22973387415841462,0.3450342465753425,0.21986166780487285,9.787208031173126,0.3486254886624234,xind,6L-EW-zscore,5,1,0.0,0.23694349315068494,59.709760273972606
4672,0.1721998744778798,0.11511045896638925,1.4959533306018693,-0.271516799451201,0.3379708904109589,0.1302544150181777,5.5278303857990005,0.3489800173245065,xind,6L-EW-zscore,5,1,0.003,0.23694349315068494,59.709760273972606
4672,0.11249011420390721,0.11579757241142992,0.9714375859644858,-0.2981380108490994,0.3313356164383562,0.0705162464937141,2.887593144525288,0.3492163697658951,xind,6L-EW-zscore,5,1,0.005,0.23694349315068494,59.709760273972606
4672,0.022925473792948296,0.11754982593856611,0.1950277136516528,-0.3767743382523706,0.3202054794520548,-0.019091006292981088,-0.7380265752489434,0.34957089842797817,xind,6L-EW-zscore,5,1,0.008,0.23694349315068494,59.709760273972606
4672,-0.03678428648102431,0.11918254892251938,-0.3086381925338566,-0.6956268119771689,0.3133561643835616,-0.0788291748174445,-2.9275449963036104,0.3498072508693667,xind,6L-EW-zscore,5,1,0.01,0.23694349315068494,59.709760273972606
4668,0.11795659002347,0.12347830409574923,0.9552819087311283,-0.35503049533816167,0.32519280205655526,0.06865487999701818,2.656960112181273,0.4036002446157716,xind,6L-EW-zscore,5,5,0.0,0.09297343616109682,23.429305912596398
4668,0.0828126311545754,0.12343503184404502,0.6709005532497914,-0.38293668849520957,0.3217652099400171,0.03345138799720887,1.2697883345875793,0.40408760268483257,xind,6L-EW-zscore,5,5,0.003,0.09297343616109682,23.429305912596398
4668,0.05938332524197899,0.12362128853774634,0.4803648784476711,-0.4041592982482004,0.3194087403598972,0.009982393330669397,0.37374371970671644,0.40441250806420653,xind,6L-EW-zscore,5,5,0.005,0.09297343616109682,23.429305912596398
4668,0.0242393663730844,0.1242213957252599,0.19513036567947228,-0.4346696680523009,0.3157669237360754,-0.025221098669139824,-0.9239232142910252,0.40489986613326745,xind,6L-EW-zscore,5,5,0.008,0.09297343616109682,23.429305912596398
4668,0.0008100604604879997,0.12483288361166894,0.006489159242751627,-0.4541609152056788,0.3129820051413882,-0.048690093335679356,-1.756737804100963,0.4052247715126414,xind,6L-EW-zscore,5,5,0.01,0.09297343616109682,23.429305912596398
4663,0.11244480150137892,0.12884703031919115,0.8726999855784089,-0.34607010243957337,0.33047394381299594,0.05905980557585543,2.030424990200618,0.4376596321661725,xind,6L-EW-zscore,5,10,0.0,0.047608835513617845,11.997426549431697
4663,0.09444866167723134,0.1288608651305092,0.7329507029273359,-0.3616277305397382,0.3294016727428694,0.04103560817985275,1.391649568647042,0.43788965309929645,xind,6L-EW-zscore,5,10,0.003,0.047608835513617845,11.997426549431697
4663,0.08245123512779967,0.12898089467251997,0.6392515367267516,-0.37180596794810916,0.3283294016727429,0.02901947658251756,0.9749105227993613,0.4380430003880458,xind,6L-EW-zscore,5,10,0.005,0.047608835513617845,11.997426549431697
4663,0.06445509530365214,0.12932653144438766,0.4983903502536044,-0.3867884442906181,0.3263993137465151,0.010995279186514885,0.3640365320633483,0.43827302132116974,xind,6L-EW-zscore,5,10,0.008,0.047608835513617845,11.997426549431697
4663,0.052457668754220435,0.1296666643114019,0.4045578640647403,-0.3965899364908535,0.32446922582028737,-0.0010208524108202706,-0.03346244743438667,0.4384263686099191,xind,6L-EW-zscore,5,10,0.01,0.047608835513617845,11.997426549431697
4653,0.12396399414001946,0.1314162205331852,0.9432929484432716,-0.3966565517328484,0.32753062540296585,0.06837861746651308,2.3020238274043736,0.45926381715872405,xind,6L-EW-zscore,5,20,0.0,0.02471523748119493,6.228239845261122
4653,0.11462163437212777,0.13139103578070113,0.8723702777062934,-0.4056468604853368,0.3266709649688373,0.05908344439731446,1.985430336128798,0.4588739458533954,xind,6L-EW-zscore,5,20,0.003,0.02471523748119493,6.228239845261122
4653,0.10839339452686667,0.13143203881077326,0.8247105919350758,-0.4115732288777829,0.32559638942617664,0.05288666235118203,1.774625587268328,0.45861403164984293,xind,6L-EW-zscore,5,20,0.005,0.02471523748119493,6.228239845261122
4653,0.09905103475897498,0.131580124596959,0.7527811290829572,-0.42036309656597914,0.32409198366645176,0.04359148928198337,1.4590822526121872,0.4582241603445143,xind,6L-EW-zscore,5,20,0.008,0.02471523748119493,6.228239845261122
4653,0.09282279491371387,0.13173641788503157,0.7046099810814788,-0.4261571712017359,0.32387706855791965,0.0373947072358509,1.2493215110792728,0.4579642461409619,xind,6L-EW-zscore,5,20,0.01,0.02471523748119493,6.228239845261122
4672,0.22630506684789034,0.1129828342845243,2.003003980923218,-0.17733264843277308,0.3394691780821918,0.18567736390043368,8.889333279804948,0.33801647809054663,xind,6L-EW-zscore,10,1,0.0,0.16117294520547945,40.615582191780824
4672,0.16538169356021912,0.11306534088586076,1.4627090164365366,-0.20531907640046476,0.3336900684931507,0.12473320457988901,5.6934470618644735,0.33818941480898296,xind,6L-EW-zscore,10,1,0.003,0.16117294520547945,40.615582191780824
4672,0.12476611136843828,0.11349624139862045,1.0992972968173977,-0.22346824214255878,0.3287671232876712,0.08410376503285925,3.706975002234162,0.3383047059546071,xind,6L-EW-zscore,10,1,0.005,0.16117294520547945,40.615582191780824
4672,0.06384273808076707,0.11469796358644038,0.5566161428197717,-0.2702227628336068,0.3206335616438356,0.023159605712314693,0.9654917467398771,0.3384776426730435,xind,6L-EW-zscore,10,1,0.008,0.16117294520547945,40.615582191780824
4672,0.02322715588898623,0.1158603990495243,0.2004753658673127,-0.3237902778225461,0.3157106164383562,-0.017469833834715023,-0.7007667218873833,0.33859293381866756,xind,6L-EW-zscore,10,1,0.01,0.16117294520547945,40.615582191780824
4668,0.10778949660874156,0.12412355060950946,0.8684048762659511,-0.3841250013165486,0.3245501285347044,0.057821630113825566,2.2324326787646616,0.4090536236868071,xind,6L-EW-zscore,10,5,0.0,0.07390745501285347,18.624678663239074
4668,0.07985247861388292,0.124040695833735,0.6437603246028041,-0.412084942055409,0.32197943444730076,0.02980579520735904,1.1253725909585612,0.4096988452174142,xind,6L-EW-zscore,10,5,0.003,0.07390745501285347,18.624678663239074
4668,0.06122779995064387,0.12415923716681608,0.49313930520030747,-0.43003817833584257,0.3202656383890317,0.011128571936381344,0.4136811391249594,0.4101289929044855,xind,6L-EW-zscore,10,5,0.005,0.07390745501285347,18.624678663239074
4668,0.03329078195578525,0.12459672395221923,0.2671882606524367,-0.45597703181661486,0.3166238217652099,-0.016887262970085172,-0.6126881035295108,0.4107742144350926,xind,6L-EW-zscore,10,5,0.008,0.07390745501285347,18.624678663239074
4668,0.014666103292546185,0.12506008527798465,0.11727245555563347,-0.4726309478191888,0.31405312767780635,-0.035564486241062905,-1.2689447901666815,0.411204362122164,xind,6L-EW-zscore,10,5,0.01,0.07390745501285347,18.624678663239074
4663,0.11562056382823228,0.1250987145135126,0.9242346276527365,-0.3460743427996039,0.32489813424833797,0.06524633425611331,2.2336745550791344,0.41297683746094116,xind,6L-EW-zscore,10,10,0.0,0.04310529701908643,10.86253484880978
4663,0.0993267615550176,0.12509416061937534,0.7940159721542851,-0.35865651811913557,0.32382586317821144,0.04892667930916227,1.6508813269081943,0.41318878224958067,xind,6L-EW-zscore,10,10,0.003,0.04310529701908643,10.86253484880978
4663,0.08846422670620782,0.1251949710741173,0.7066116629703574,-0.36761851773819443,0.3227535921080849,0.03804690934452826,1.2711117637677412,0.4133300787753405,xind,6L-EW-zscore,10,10,0.005,0.04310529701908643,10.86253484880978
4663,0.07217042443299314,0.12550145583882794,0.5750564720593854,-0.38084369721797506,0.32018014153978125,0.021727254397577254,0.7149278743257625,0.41354202356398,xind,6L-EW-zscore,10,10,0.008,0.04310529701908643,10.86253484880978
4663,0.06130788958418336,0.12580870334375613,0.4873104002722883,-0.3895173019315371,0.3186789620416041,0.010847484432943281,0.35325816084760703,0.4136833200897398,xind,6L-EW-zscore,10,10,0.01,0.04310529701908643,10.86253484880978
4653,0.11240880647456343,0.12623223298217898,0.890492101889958,-0.3670208608443608,0.30990758650333117,0.060879542863650764,2.112780120458802,0.4257509387825301,xind,6L-EW-zscore,10,20,0.0,0.02471523748119493,6.228239845261122
4653,0.10306644670667177,0.12615522497383796,0.8169811969979498,-0.3783128495650334,0.30904792606920267,0.05159654303698489,1.780874474380421,0.42526048832909863,xind,6L-EW-zscore,10,20,0.003,0.02471523748119493,6.228239845261122
4653,0.09683820686141066,0.12616407009969208,0.7675577268939664,-0.3857379318264835,0.3081882656350741,0.04540787648587432,1.5613030939874049,0.4249335213601443,xind,6L-EW-zscore,10,20,0.005,0.02471523748119493,6.228239845261122
4653,0.08749584709351894,0.12626758819011508,0.692939877506654,-0.3967232370139747,0.30646894476681713,0.03612487665920842,1.2347137189967816,0.4244430709067129,xind,6L-EW-zscore,10,20,0.008,0.02471523748119493,6.228239845261122
4653,0.08126760724825785,0.12639665220671834,0.6429569599307652,-0.40394640910461344,0.30603911454975286,0.029936210108097838,1.0189528490777373,0.42411610393775856,xind,6L-EW-zscore,10,20,0.01,0.02471523748119493,6.228239845261122
4672,0.2016827015626043,0.11181605137936808,1.803700802117737,-0.22462997886879366,0.324486301369863,0.16225305855268987,7.236479791635777,0.328048796650295,xind,6L-EW-zscore,20,1,0.0,0.1115154109589041,28.101883561643834
4672,0.1595298762201385,0.11171303281843865,1.4280328104547486,-0.23389188433655173,0.3202054794520548,0.12015386263098143,5.11381697435161,0.3276026078034906,xind,6L-EW-zscore,20,1,0.003,0.1115154109589041,28.101883561643834
4672,0.13142799265849467,0.11192356109400316,1.17426564499775,-0.24214631393439823,0.3165667808219178,0.09208773201650922,3.7887907968827306,0.3273051485722876,xind,6L-EW-zscore,20,1,0.005,0.1115154109589041,28.101883561643834
4672,0.08927516731602894,0.11265503385091807,0.7924649637420654,-0.28100630279955796,0.3101455479452055,0.049988536094800785,1.9495207885526686,0.32685895972548307,xind,6L-EW-zscore,20,1,0.008,0.1115154109589041,28.101883561643834
4672,0.061173283754385105,0.11341563233287812,0.5393725934961046,-0.3058301141565479,0.3062928082191781,0.021922405480328575,0.824025171851711,0.3265615004942801,xind,6L-EW-zscore,20,1,0.01,0.1115154109589041,28.101883561643834
4668,0.1107529109177653,0.11739858576727824,0.9433922069326559,-0.42904943112450844,0.3065552699228792,0.06635193206965435,2.387478265532817,0.3634812243766501,xind,6L-EW-zscore,20,5,0.0,0.05634104541559554,14.197943444730077
4668,0.08945599575067018,0.11741708061231312,0.7618652693813377,-0.4484300649727302,0.30484147386461014,0.04506099533800297,1.5895879258374985,0.3634322829097876,xind,6L-EW-zscore,20,5,0.003,0.05634104541559554,14.197943444730077
4668,0.0752580523059401,0.11757197068431324,0.6401019891723327,-0.4609991593276833,0.3033419023136247,0.03086703751690209,1.0740568333781204,0.3633996552652126,xind,6L-EW-zscore,20,5,0.005,0.05634104541559554,14.197943444730077
4668,0.05396113713884498,0.11801702345193796,0.4572318091111702,-0.4793403915876917,0.30055698371893746,0.00957610078525071,0.32622182768754515,0.36335071379835027,xind,6L-EW-zscore,20,5,0.008,0.05634104541559554,14.197943444730077
4668,0.039763193694114914,0.1184542938515262,0.33568385240601895,-0.4912345696329987,0.29884318766066836,-0.004617857035850185,-0.15504699331338886,0.36331808615377525,xind,6L-EW-zscore,20,5,0.01,0.05634104541559554,14.197943444730077
4663,0.135027532344108,0.12205339974799985,1.1062988218508905,-0.3875997902526971,0.31460433197512333,0.08703978493323787,3.0899167182968967,0.3934120349025511,xind,6L-EW-zscore,20,10,0.0,0.034956036886124815,8.808921295303453
4663,0.12181415040115279,0.12206868149776422,0.9979148533965604,-0.40117026574088754,0.3141754235470727,0.07385205183138618,2.5922159639634303,0.3932017611698626,xind,6L-EW-zscore,20,10,0.003,0.034956036886124815,8.808921295303453
4663,0.11300522910584934,0.12216590001755301,0.9250145015066609,-0.4107116051739583,0.3128886982629209,0.065060229763485,2.2659027599885375,0.39306157868140357,xind,6L-EW-zscore,20,10,0.005,0.034956036886124815,8.808921295303453
4663,0.09979184716289419,0.1224418592150154,0.8150141446942063,-0.42475674051925194,0.3111730645507184,0.05187249666163325,1.7850305438324419,0.39285130494871495,xind,6L-EW-zscore,20,10,0.008,0.034956036886124815,8.808921295303453
4663,0.09098292586759071,0.12271213106877966,0.7414338344152394,-0.43394514515230764,0.3098863392665666,0.04308067459373212,1.4703616055404252,0.39271112246025586,xind,6L-EW-zscore,20,10,0.01,0.034956036886124815,8.808921295303453
4653,0.12145017032973175,0.12652018858809244,0.9599271996434737,-0.44440965102401186,0.30969267139479906,0.07004462828720015,2.3455872284009374,0.42472871237767335,xind,6L-EW-zscore,20,20,0.0,0.023425746830002148,5.903288201160541
4653,0.11259523802799096,0.1264678814650484,0.8903069832723388,-0.455965503722504,0.30883301096067056,0.061250071558892324,2.037575570612079,0.4242298704523798,xind,6L-EW-zscore,20,20,0.003,0.023425746830002148,5.903288201160541
4653,0.10669194982683039,0.1264899940172348,0.8434813413960094,-0.46354498135651634,0.307973350526542,0.05538703374002043,1.8341984174771604,0.4238973091688507,xind,6L-EW-zscore,20,20,0.005,0.023425746830002148,5.903288201160541
4653,0.0978370175250896,0.12660857908236983,0.7727518801189464,-0.4747305302420487,0.30668385987534924,0.046592477011712624,1.5322169541260893,0.4233984672435572,xind,6L-EW-zscore,20,20,0.008,0.023425746830002148,5.903288201160541
4653,0.09193372932392904,0.1267444556344364,0.7253471472479204,-0.4820668258009321,0.30646894476681713,0.04072943919284072,1.3330265217916906,0.4230659059600282,xind,6L-EW-zscore,20,20,0.01,0.023425746830002148,5.903288201160541
4672,0.2803839169054113,0.12745312336064232,2.199898358803141,-0.27949619124004754,0.3752140410958904,0.2284336972228845,9.732060482689567,0.4322181422815883,xind,6L-PCA-PC1,1,1,0.0,0.4400684931506849,110.89726027397259
4672,0.11403802649445241,0.1285392431608538,0.8871845180521672,-0.43946128238669757,0.3610873287671233,0.06189683835935829,2.470745751875326,0.4338069715552166,xind,6L-PCA-PC1,1,1,0.003,0.4400684931506849,110.89726027397259
4672,0.0031407662204797917,0.12985748480697987,0.02418625484043701,-0.5363828295935338,0.3495291095890411,-0.049127734216325866,-1.874640927319071,0.4348661910709687,xind,6L-PCA-PC1,1,1,0.005,0.4400684931506849,110.89726027397259
4672,-0.16320512419047908,0.13269067776789273,-1.2299667688483988,-0.9708849438011435,0.3289811643835616,-0.2156645930798519,-7.684302546073956,0.4364550203445968,xind,6L-PCA-PC1,1,1,0.008,0.4400684931506849,110.89726027397259
4672,-0.2741023844644518,0.13512211555953063,-2.028553085698919,-0.9960790811176621,0.3174229452054795,-0.32668916565553613,-11.120453012866163,0.4375142398603491,xind,6L-PCA-PC1,1,1,0.01,0.4400684931506849,110.89726027397259
4668,0.1721698499549452,0.12550505241480472,1.3718160874186118,-0.4330725282799779,0.35068551842330764,0.12140077392892495,4.486286407654003,0.41561259218036806,xind,6L-PCA-PC1,1,5,0.0,0.09832904884318766,24.77892030848329
4668,0.1350014694922203,0.12546071967337902,1.0760457125041163,-0.4676699278468427,0.34875749785775495,0.08430861203866492,3.059841539511972,0.41498864152075426,xind,6L-PCA-PC1,1,5,0.003,0.09832904884318766,24.77892030848329
4668,0.11022254918373701,0.125653662489752,0.8771932866877359,-0.48958057525350895,0.3461868037703513,0.05958050411182488,2.1345716568169624,0.41457267441434514,xind,6L-PCA-PC1,1,5,0.005,0.09832904884318766,24.77892030848329
4668,0.07305416872101207,0.12627478388874055,0.5785333102243071,-0.5208051054476437,0.341688089117395,0.022488342221564848,0.7892386361277395,0.41394872375473146,xind,6L-PCA-PC1,1,5,0.008,0.09832904884318766,24.77892030848329
4668,0.048275248412528775,0.12690747756574997,0.3803971943853165,-0.5405771544656526,0.33911739502999144,-0.0022397657052752084,-0.07747674730956473,0.41353275664832234,xind,6L-PCA-PC1,1,5,0.01,0.09832904884318766,24.77892030848329
4663,0.13119299672060833,0.1326107244373001,0.9893091020902909,-0.4344456556873818,0.34763028093502035,0.07466326898890242,2.8121892972346685,0.46344069933109555,xind,6L-PCA-PC1,1,10,0.0,0.048895560797769674,12.321681321037959
4663,0.11271047473905141,0.13260776912551453,0.8499537808555536,-0.45119114053192433,0.3469869182929445,0.056136412955220205,2.0824969810868055,0.463804157726272,xind,6L-PCA-PC1,1,10,0.003,0.048895560797769674,12.321681321037959
4663,0.10038879341801345,0.13271624691733677,0.756416759438212,-0.46209194388207886,0.3450568303667167,0.04378517559943206,1.6071427383125543,0.46404646332305627,xind,6L-PCA-PC1,1,10,0.005,0.048895560797769674,12.321681321037959
4663,0.0819062714364565,0.13304409528158878,0.6156325184000184,-0.47805824790982543,0.34312674244048896,0.025258319565749858,0.9118504558351953,0.46440992171823275,xind,6L-PCA-PC1,1,10,0.008,0.048895560797769674,12.321681321037959
4663,0.06958459011541855,0.13337211721551614,0.5217326647291409,-0.48845120540703857,0.3414111087282865,0.01290708220996172,0.4606450157299006,0.464652227315017,xind,6L-PCA-PC1,1,10,0.01,0.048895560797769674,12.321681321037959
4653,0.12050171333466869,0.14313817025707462,0.8418559013172302,-0.4965587301093566,0.34150010745755427,0.05387538388420017,1.7348145894650764,0.5504876321415898,xind,6L-PCA-PC1,1,20,0.0,0.02407049215559854,6.065764023210832
4653,0.11140306729985247,0.14309463380674892,0.77852721891936,-0.5025936820314327,0.34107027724049,0.04478644238676703,1.440508907162222,0.5504074502097751,xind,6L-PCA-PC1,1,20,0.003,0.02407049215559854,6.065764023210832
4653,0.1053373032766416,0.1431173263235184,0.7360206201625468,-0.5065817287932095,0.3402106168063615,0.03872714805514495,1.2443870519691371,0.5503539955885652,xind,6L-PCA-PC1,1,20,0.005,0.02407049215559854,6.065764023210832
4653,0.09623865724182536,0.14322889116153492,0.6719220993848684,-0.5125113411305926,0.33892112615516873,0.0296382065577118,0.9506007264253121,0.5502738136567504,xind,6L-PCA-PC1,1,20,0.008,0.02407049215559854,6.065764023210832
4653,0.09017289321861452,0.1433548579091471,0.6290187478387562,-0.5164296899186699,0.33827638082957234,0.023578912226089762,0.7551651246004573,0.5502203590355407,xind,6L-PCA-PC1,1,20,0.01,0.02407049215559854,6.065764023210832
4672,0.29656540799360903,0.11941340073801981,2.4835186516816625,-0.1416613722886786,0.3897688356164384,0.2513357986419022,11.468885220085642,0.3763036585712815,xind,6L-PCA-PC1,3,1,0.0,0.2795376712328767,70.44349315068493
4672,0.19090016826758155,0.1201149348227901,1.589312507634654,-0.1797829078447255,0.3831335616438356,0.14549133939370146,6.244070207981734,0.37779473848216055,xind,6L-PCA-PC1,3,1,0.003,0.2795376712328767,70.44349315068493
4672,0.12045667511689666,0.12110544702730315,0.994642917173988,-0.2533326066872035,0.3735017123287671,0.07492836656156758,3.081412879093233,0.37878879175607966,xind,6L-PCA-PC1,3,1,0.005,0.2795376712328767,70.44349315068493
4672,0.014791435390869256,0.12335026228029745,0.1199140976065186,-0.4692680795013434,0.3602311643835616,-0.030916092686633156,-1.1911333239808293,0.3802798716669584,xind,6L-PCA-PC1,3,1,0.008,0.2795376712328767,70.44349315068493
4672,-0.05565205775981568,0.1253316906412687,-0.44403819556783997,-0.8069785746029859,0.3523116438356164,-0.10147906551876693,-3.742671633598235,0.38127392494087753,xind,6L-PCA-PC1,3,1,0.01,0.2795376712328767,70.44349315068493
4668,0.13237874347721781,0.12821596263847446,1.0324669468066232,-0.35582515591664243,0.36889460154241643,0.07946096011101252,3.1255595894673247,0.4332026272448936,xind,6L-PCA-PC1,3,5,0.0,0.09682947729220223,24.401028277634964
4668,0.09577720106076534,0.12815076042189036,0.7473791083677797,-0.39422627823838896,0.36696658097686374,0.04283479044097959,1.645665286682454,0.4334042341580003,xind,6L-PCA-PC1,3,5,0.003,0.09682947729220223,24.401028277634964
4668,0.07137617278313038,0.1283221771168868,0.55622632335886,-0.41857645434250135,0.36418166238217653,0.018417343994290944,0.6961656004150419,0.43353863876673804,xind,6L-PCA-PC1,3,5,0.005,0.09682947729220223,24.401028277634964
4668,0.03477463036667794,0.1288999148508112,0.2697800879614708,-0.45332097248514014,0.36053984575835474,-0.01820882567574206,-0.671243368798336,0.43374024567984454,xind,6L-PCA-PC1,3,5,0.008,0.09682947729220223,24.401028277634964
4668,0.010373602089042975,0.12949659010932454,0.08010714475404564,-0.48673621968108394,0.35732647814910024,-0.04262627212243072,-1.5447250340274192,0.4338746502885824,xind,6L-PCA-PC1,3,5,0.01,0.09682947729220223,24.401028277634964
4663,0.12724397098454673,0.13153443028148049,0.9673814735217824,-0.3713730252863553,0.3660733433411967,0.07201766186784608,2.4582749145237455,0.45275504315164095,xind,6L-PCA-PC1,3,10,0.0,0.042247480162985206,10.646365001072272
4663,0.11127442348293831,0.13155577929454318,0.8458345507862755,-0.38814055437138073,0.36542998069912075,0.055996134949786655,1.882938716016161,0.45318117959484516,xind,6L-PCA-PC1,3,10,0.003,0.042247480162985206,10.646365001072272
4663,0.10062805848186604,0.13166686928962837,0.7642625591751099,-0.3990832678903956,0.3637143469869183,0.04531511700441362,1.508228012317224,0.45346527055698127,xind,6L-PCA-PC1,3,10,0.005,0.042247480162985206,10.646365001072272
4663,0.08465851098025766,0.13197830109689906,0.6414578023557146,-0.41999401140559967,0.36242762170276643,0.029293590086354213,0.9597647896303533,0.45389140700018554,xind,6L-PCA-PC1,3,10,0.008,0.042247480162985206,10.646365001072272
4663,0.07401214597918537,0.1322819232304316,0.5595030989249997,-0.44949209775687715,0.3609264422045893,0.018612572140981266,0.6033284980821452,0.45417549796232165,xind,6L-PCA-PC1,3,10,0.01,0.042247480162985206,10.646365001072272
4653,0.1336000404588857,0.13372643563924955,0.9990548227823495,-0.4246507673874014,0.3533204384268214,0.07637633853404567,2.496925553615858,0.4728001742674396,xind,6L-PCA-PC1,3,20,0.0,0.02278100150440576,5.740812379110252
4653,0.12498882189022036,0.13372368449070085,0.934679764218672,-0.43493926512211833,0.35267569310122504,0.06775931264526053,2.205371046135003,0.4728481561678111,xind,6L-PCA-PC1,3,20,0.003,0.02278100150440576,5.740812379110252
4653,0.11924800951111011,0.1337742925823944,0.8914119985920521,-0.44170427342421215,0.3516011175585644,0.06201462871940373,2.011953535256719,0.472880144101392,xind,6L-PCA-PC1,3,20,0.005,0.02278100150440576,5.740812379110252
4653,0.11063679094244472,0.13392874910707023,0.8260869430953575,-0.453169373270336,0.3503116269073716,0.05339760283061861,1.7235223407917353,0.4729281260017635,xind,6L-PCA-PC1,3,20,0.008,0.02278100150440576,5.740812379110252
4653,0.10489597856333448,0.1340839423042608,0.7823157401302124,-0.4672706309383329,0.35009671179883944,0.047652918904761844,1.532513861109725,0.4729601139353445,xind,6L-PCA-PC1,3,20,0.01,0.02278100150440576,5.740812379110252
4672,0.28286917599889777,0.1203689949315492,2.3500169305206735,-0.2043160712834572,0.4011130136986301,0.23705434829493208,10.98317788530586,0.3811725886853062,xind,6L-PCA-PC1,5,1,0.0,0.22003424657534246,55.448630136986296
4672,0.19969623079341828,0.12082250987578293,1.6528065093062962,-0.24289323968960475,0.3959760273972603,0.15372132162079766,6.716703788140703,0.38250444282218077,xind,6L-PCA-PC1,5,1,0.003,0.22003424657534246,55.448630136986296
4672,0.144247600656432,0.12156950586310676,1.186544270557963,-0.2688210194977423,0.3878424657534247,0.09816597050470806,4.117405867037996,0.3833923455800969,xind,6L-PCA-PC1,5,1,0.005,0.22003424657534246,55.448630136986296
4672,0.06107465545095252,0.12334082208780858,0.49516984253171553,-0.3419102442247961,0.3777825342465753,0.014832943830573842,0.5843196886995432,0.3847241997169713,xind,6L-PCA-PC1,5,1,0.008,0.22003424657534246,55.448630136986296
4672,0.005626025313966224,0.12494122903793142,0.04502937386871868,-0.5032549009289233,0.3715753424657534,-0.04072240728551566,-1.5380063971201485,0.38561210247488753,xind,6L-PCA-PC1,5,1,0.01,0.22003424657534246,55.448630136986296
4668,0.14933913648664085,0.1275598843884727,1.1707374712871432,-0.33887827542981164,0.3808911739502999,0.09724729986640458,3.7038511700255183,0.42644115165847185,xind,6L-PCA-PC1,5,5,0.0,0.0850471293916024,21.431876606683804
4668,0.11719132157661512,0.12763210555917354,0.9181962568366641,-0.374542610169162,0.37939160239931446,0.06502650239497933,2.4152258052274576,0.4270386112520185,xind,6L-PCA-PC1,5,5,0.003,0.0850471293916024,21.431876606683804
4668,0.09575944496993133,0.12787210254401774,0.7488689328226836,-0.3972713330539711,0.37703513281919454,0.04354597074736245,1.5898103461070439,0.42743691764771613,xind,6L-PCA-PC1,5,5,0.005,0.0850471293916024,21.431876606683804
4668,0.0636116300599056,0.12851772276009102,0.49496387497195143,-0.42986483704510137,0.37339331619537275,0.011325173275937163,0.402716580240475,0.4280343772412629,xind,6L-PCA-PC1,5,5,0.008,0.0850471293916024,21.431876606683804
4668,0.04217975345322178,0.12913633143476294,0.32662964004463874,-0.4506341842651316,0.37060839760068554,-0.010155358371679702,-0.354726984856953,0.42843268363696063,xind,6L-PCA-PC1,5,5,0.01,0.0850471293916024,21.431876606683804
4663,0.1423726302131229,0.1337241225753978,1.0646742522677524,-0.3529328824585152,0.38494531417542355,0.08528895182886675,2.9964727638225854,0.4679820846891009,xind,6L-PCA-PC1,5,10,0.0,0.041604117520909284,10.484237615269139
4663,0.1266462737902192,0.1337520152314027,0.9468737616484512,-0.37207676057972006,0.38408749731932235,0.06953350270652821,2.4072929184030047,0.46822059178107733,xind,6L-PCA-PC1,5,10,0.003,0.041604117520909284,10.484237615269139
4663,0.11616203617495006,0.13386448684672902,0.8677584242933098,-0.3845390824648631,0.3830152262491958,0.05902986995830252,2.0231214781623232,0.4683795965090617,xind,6L-PCA-PC1,5,10,0.005,0.041604117520909284,10.484237615269139
4663,0.10043567975204636,0.13417353688289974,0.7485505866905918,-0.40279287523399265,0.38151404675101863,0.043274420835964014,1.46025733223645,0.46861810360103806,xind,6L-PCA-PC1,5,10,0.008,0.041604117520909284,10.484237615269139
4663,0.08995144213677722,0.13447263025350245,0.6689200766520619,-0.4146750566940073,0.38022732146686683,0.03277078808773833,1.0941526668456525,0.46877710832902236,xind,6L-PCA-PC1,5,10,0.01,0.041604117520909284,10.484237615269139
4653,0.14382241070903964,0.13617677112086182,1.056144961620452,-0.42669712317350306,0.36793466580700623,0.0845697068985549,2.880757002781499,0.48956442426968116,xind,6L-PCA-PC1,5,20,0.0,0.02321083172147002,5.849129593810445
4653,0.13504871631832396,0.13617509634979888,0.9917284432934675,-0.43524581150987207,0.36750483558994196,0.07580169614863337,2.5672258871491027,0.48951746424669185,xind,6L-PCA-PC1,5,20,0.003,0.02321083172147002,5.849129593810445
4653,0.12919958672451357,0.13622642646583713,0.9484179397226885,-0.4408810208158209,0.36664517515581346,0.06995635564868564,2.359661699258475,0.4894861575646989,xind,6L-PCA-PC1,5,20,0.005,0.02321083172147002,5.849129593810445
4653,0.12042589233379786,0.13638197314896164,0.8830044730491182,-0.4492389804749821,0.3653556845046207,0.06118834489876409,2.050759829475307,0.4894391975417096,xind,6L-PCA-PC1,5,20,0.008,0.02321083172147002,5.849129593810445
4653,0.1145767627399874,0.13653789940781372,0.8391572101000879,-0.45474830722407744,0.3649258542875564,0.05534300439881637,1.8465975336326588,0.48940789085971664,xind,6L-PCA-PC1,5,20,0.01,0.02321083172147002,5.849129593810445
4672,0.2715380227476383,0.12017266762997388,2.259565574292955,-0.13667934660125203,0.4118150684931507,0.22614158722201022,9.213389471711716,0.3776916276581652,xind,6L-PCA-PC1,10,1,0.0,0.1464041095890411,36.89383561643836
4672,0.21619726932298072,0.12041653763239511,1.7954117729491847,-0.17597135899246963,0.4075342465753425,0.17065877663413975,6.631052683112751,0.37887352224026516,xind,6L-PCA-PC1,10,1,0.003,0.1464041095890411,36.89383561643836
4672,0.17930343370654234,0.12090494386171545,1.4830115955524528,-0.2162197596783726,0.4013270547945205,0.13367023624222615,5.026879913208181,0.37966145196166484,xind,6L-PCA-PC1,10,1,0.005,0.1464041095890411,36.89383561643836
4672,0.12396268028188479,0.12211847405133391,1.01510177919334,-0.29493304116239416,0.3949058219178082,0.07818742565435574,2.7971080840610814,0.38084334654376495,xind,6L-PCA-PC1,10,1,0.008,0.1464041095890411,36.89383561643836
4672,0.08706884466544644,0.12324074189308547,0.7064939996951732,-0.34801910292989857,0.3901969178082192,0.0411988852624421,1.4251659797417209,0.3816312762651647,xind,6L-PCA-PC1,10,1,0.01,0.1464041095890411,36.89383561643836
4668,0.15446585645455066,0.12996856117762767,1.1884863158825203,-0.3611694326571925,0.39374464438731793,0.10033846685328036,3.600093245995799,0.4431048673923264,xind,6L-PCA-PC1,10,5,0.0,0.06876606683804627,17.32904884318766
4668,0.12847228318976917,0.130032160121453,0.9880039143376004,-0.39204468327079156,0.3918166238217652,0.0742960272255936,2.604583134657863,0.4435049037401832,xind,6L-PCA-PC1,10,5,0.003,0.06876606683804627,17.32904884318766
4668,0.11114323434658152,0.13022956136592545,0.8534409022102577,-0.4118189757059496,0.3903170522707798,0.056934400807135715,1.964761417122271,0.44377159463875426,xind,6L-PCA-PC1,10,5,0.005,0.06876606683804627,17.32904884318766
4668,0.08514966108180003,0.13075676214033186,0.6512065585595873,-0.44031584707811355,0.3873179091688089,0.030891961179448885,1.04082813990235,0.44417163098661094,xind,6L-PCA-PC1,10,5,0.008,0.06876606683804627,17.32904884318766
4668,0.06782061223861237,0.13126085141247998,0.5166857559493488,-0.4585650484509801,0.38453299057412166,0.013530334760990997,0.4485707378915834,0.4444383218851821,xind,6L-PCA-PC1,10,5,0.01,0.06876606683804627,17.32904884318766
4663,0.16576058570064336,0.13306472029209634,1.2457140054612137,-0.3374657996792867,0.39652584173279004,0.10923536229351972,3.769205671193732,0.4634037720820503,xind,6L-PCA-PC1,10,10,0.0,0.03474158267209951,8.754878833369077
4663,0.15262826745058977,0.1331080437199679,1.1466494674934027,-0.3482501575252489,0.39566802487668884,0.09607095010978489,3.267680157211601,0.46366688382283366,xind,6L-PCA-PC1,10,10,0.003,0.03474158267209951,8.754878833369077
4663,0.1438733886172207,0.13321625393912007,1.0799987566304858,-0.3560620159359722,0.3945957538065623,0.08729467532062837,2.9402750915765763,0.46384229165002255,xind,6L-PCA-PC1,10,10,0.005,0.03474158267209951,8.754878833369077
4663,0.13074107036716706,0.1334971753591619,0.9793545819634029,-0.3676189808635646,0.3926656658803345,0.07413026313689361,2.4598405840217876,0.46410540339080586,xind,6L-PCA-PC1,10,10,0.008,0.03474158267209951,8.754878833369077
4663,0.121986191533798,0.13376313956142713,0.9119567014781312,-0.37521766016149605,0.391593394810208,0.06535398834773708,2.146776104024561,0.4642808112179948,xind,6L-PCA-PC1,10,10,0.01,0.03474158267209951,8.754878833369077
4653,0.1452024748757238,0.1369826534208459,1.0600062945899031,-0.3791176004979351,0.3885665162260907,0.0853962649120411,2.7577116621066886,0.4941376657218646,xind,6L-PCA-PC1,10,20,0.0,0.0223511712873415,5.6324951644100585
4653,0.1367537321291087,0.13693758600339923,0.9986573892555259,-0.39019379024629364,0.38749194068343007,0.07697881974059255,2.4685493180888254,0.493879075338944,xind,6L-PCA-PC1,10,20,0.003,0.0223511712873415,5.6324951644100585
4653,0.13112123696469866,0.13695781104755148,0.9573841459774327,-0.39747697322312825,0.3866322802493015,0.07136718962629349,2.277618560542293,0.49370668175033017,xind,6L-PCA-PC1,10,20,0.005,0.0223511712873415,5.6324951644100585
4653,0.12267249421808356,0.13706350909052856,0.895004768461459,-0.4082523404069026,0.38512787448957664,0.06294974445484489,1.994138320662845,0.4934480913674097,xind,6L-PCA-PC1,10,20,0.008,0.0223511712873415,5.6324951644100585
4653,0.11703999905367353,0.1371841244486441,0.853159937595318,-0.4153374718784316,0.38469804427251236,0.05733811434054588,1.8071758091321355,0.4932756977787958,xind,6L-PCA-PC1,10,20,0.01,0.0223511712873415,5.6324951644100585
4672,0.2374435061284043,0.1217852397453108,1.949690345274759,-0.15442257886287236,0.4150256849315068,0.1911017188383049,7.6439713472752,0.3855568144839268,xind,6L-PCA-PC1,20,1,0.0,0.10017123287671233,25.243150684931507
4672,0.19957878010100705,0.1218495265827203,1.6379118220497846,-0.2016898522763515,0.4118150684931507,0.15321655744433071,5.764537215593946,0.3857268337106547,xind,6L-PCA-PC1,20,1,0.003,0.10017123287671233,25.243150684931507
4672,0.17433562941607553,0.12212512944082422,1.4275164351047829,-0.2338983286662567,0.4086044520547945,0.12795978318168105,4.6208698128785795,0.3858401798618065,xind,6L-PCA-PC1,20,1,0.005,0.10017123287671233,25.243150684931507
4672,0.1364709033886783,0.12288451924405638,1.1105622109945232,-0.28084611230849854,0.4019691780821918,0.09007462178770691,3.0599205743024918,0.3860101990885345,xind,6L-PCA-PC1,20,1,0.008,0.10017123287671233,25.243150684931507
4672,0.11122775270374674,0.12361812999129314,0.8997689312367119,-0.31643187952666807,0.3996147260273973,0.06481784752505736,2.1151515209367675,0.38612354523968645,xind,6L-PCA-PC1,20,1,0.01,0.10017123287671233,25.243150684931507
4668,0.16833466600902744,0.12751051033033384,1.3201630639931796,-0.2834710945387229,0.405955441302485,0.11642506369178911,4.1869532567739,0.4249493208633961,xind,6L-PCA-PC1,20,5,0.0,0.048414738646101116,12.200514138817482
4668,0.15003389480080123,0.12752302024827136,1.1765240072631906,-0.30259776449543774,0.40424164524421596,0.09813823026383682,3.4341036026898597,0.4248352215446312,xind,6L-PCA-PC1,20,5,0.003,0.048414738646101116,12.200514138817482
4668,0.13783338066198372,0.12764512701873681,1.0798170198988593,-0.3150798795719183,0.4031705227077978,0.08594700797853534,2.9529378663066495,0.4247591553321213,xind,6L-PCA-PC1,20,5,0.005,0.048414738646101116,12.200514138817482
4668,0.11953260945375752,0.12799828623171441,0.9338610146495906,-0.34024101303665766,0.4003856041131105,0.06766017455058301,2.261569644182673,0.42464505601335645,xind,6L-PCA-PC1,20,5,0.008,0.048414738646101116,12.200514138817482
4668,0.10733209531494002,0.12834633076966412,0.8362692931795835,-0.35725566539569376,0.3986718080548415,0.05546895226528153,1.8203953508311648,0.42456898980084645,xind,6L-PCA-PC1,20,5,0.01,0.048414738646101116,12.200514138817482
4663,0.1786902073751405,0.13198598832213732,1.3538574029465351,-0.36275360220689024,0.4113231825005361,0.12312135237452415,4.306213469401899,0.45556329485149494,xind,6L-PCA-PC1,20,10,0.0,0.029594681535492173,7.4578597469440275
4663,0.16750341775472447,0.13207050869562717,1.2682878214753972,-0.3749993023276824,0.4106798198584602,0.1119149262027041,3.8504502961853717,0.45572427877058097,xind,6L-PCA-PC1,20,10,0.003,0.029594681535492173,7.4578597469440275
4663,0.16004555800778045,0.13219529032503183,1.2106751883086946,-0.38372268373440754,0.4100364572163843,0.10444397542149078,3.553661621612869,0.4558316013833049,xind,6L-PCA-PC1,20,10,0.005,0.029594681535492173,7.4578597469440275
4663,0.14885876838736437,0.1324847281061568,1.1235919076505745,-0.39659598398270146,0.4085352777182072,0.09323754924967077,3.119209728950236,0.45599258530239084,xind,6L-PCA-PC1,20,10,0.008,0.029594681535492173,7.4578597469440275
4663,0.14140090864042035,0.132745516662604,1.065202894948351,-0.4050389758666997,0.40767746086210593,0.08576659846845744,2.8367799175734634,0.4560999079151148,xind,6L-PCA-PC1,20,10,0.01,0.029594681535492173,7.4578597469440275
4653,0.15045867035641508,0.1386460210590096,1.085200059887603,-0.4265463276064785,0.40683430045132174,0.08885942871745618,2.843646370911297,0.5089522558308913,xind,6L-PCA-PC1,20,20,0.0,0.018052869116698903,4.549323017408123
4653,0.1436346858303029,0.1386253681433511,1.0361356492974052,-0.4384649741818323,0.40618955512572535,0.08203856953538934,2.6022626718022175,0.5089264332580836,xind,6L-PCA-PC1,20,20,0.003,0.018052869116698903,4.549323017408123
4653,0.13908536281289477,0.1386518858095044,1.0031263693303525,-0.4462825026168683,0.40554480980012897,0.07749133008067809,2.443312396037461,0.508909218209545,xind,6L-PCA-PC1,20,20,0.005,0.018052869116698903,4.549323017408123
4653,0.13226137828678255,0.13875204552763987,0.9532211059218991,-0.4578194987214591,0.40425531914893614,0.07067047089861127,2.207931813743164,0.5088833956367372,xind,6L-PCA-PC1,20,20,0.008,0.018052869116698903,4.549323017408123
4653,0.12771205526937446,0.13885900640055202,0.9197246803061294,-0.4653863908182969,0.40404040404040403,0.06612323144390006,2.0530856909814896,0.5088661805881988,xind,6L-PCA-PC1,20,20,0.01,0.018052869116698903,4.549323017408123
4672,0.24533598566125425,0.12597671001506391,1.947470970085802,-0.19834591228828935,0.3249143835616438,0.1940135775178297,8.952089228068354,0.42699484315423175,xind,6L-Orth-sum,1,1,0.0,0.492722602739726,124.16609589041096
4672,0.05908684182563778,0.12692616833796525,0.4655213546532638,-0.32005579103634096,0.3090753424657534,0.007968714892881094,0.3551044246763119,0.42529525370268617,xind,6L-Orth-sum,1,1,0.003,0.492722602739726,124.16609589041096
4672,-0.06507925406477318,0.12817110848604316,-0.5077529158754199,-0.8222580232445269,0.2945205479452055,-0.11606119352375127,-5.0288777850696915,0.424162194068322,xind,6L-Orth-sum,1,1,0.005,0.492722602739726,124.16609589041096
4672,-0.2513283979003896,0.13092155984616788,-1.9196868582661184,-0.9936122945735615,0.2744006849315068,-0.3021060561486998,-12.480481316525816,0.4224626046167762,xind,6L-Orth-sum,1,1,0.008,0.492722602739726,124.16609589041096
4672,-0.3754944937908006,0.13331555185718982,-2.8165843261335146,-0.9993211965503892,0.2617722602739726,-0.4261359645653319,-17.00525956018042,0.42132954498241226,xind,6L-Orth-sum,1,1,0.01,0.492722602739726,124.16609589041096
4668,0.15772103761085704,0.12650075999699745,1.2467991308083892,-0.3005716857581052,0.3215509854327335,0.10608772873733334,3.8132236871775715,0.4226874905656417,xind,6L-Orth-sum,1,5,0.0,0.10304198800342759,25.966580976863753
4668,0.1187711661455614,0.12657477129612607,0.9383478629220048,-0.3171881459268433,0.31919451585261355,0.06715602556946386,2.3911775350115207,0.42253875882222935,xind,6L-Orth-sum,1,5,0.003,0.10304198800342759,25.966580976863753
4668,0.09280458516869766,0.12685385095884322,0.7315866602962445,-0.3280593971799467,0.31640959725792633,0.04120155679088422,1.456444734653682,0.42243960432662125,xind,6L-Orth-sum,1,5,0.005,0.10304198800342759,25.966580976863753
4668,0.05385471370340203,0.12761406418379245,0.42201237024971905,-0.3440624334359629,0.31276778063410454,0.0022698536230146963,0.07926393063971056,0.42229087258320885,xind,6L-Orth-sum,1,5,0.008,0.10304198800342759,25.966580976863753
4668,0.027888132726538273,0.12834545480449333,0.2172896014823419,-0.40337840607068365,0.3106255355612682,-0.023684615155564987,-0.8196778447009396,0.42219171808760075,xind,6L-Orth-sum,1,5,0.01,0.10304198800342759,25.966580976863753
4663,0.12413845892297821,0.1292912790301216,0.9601456482927754,-0.26778502073363764,0.31631996568732573,0.07044146287382722,2.639700945014717,0.44021746432435266,xind,6L-Orth-sum,1,10,0.0,0.05018228608192151,12.64593609264422
4663,0.10516955478401184,0.12931239958735938,0.8132983002373458,-0.283018122744092,0.31567660304524986,0.05147410343869433,1.9138501561732053,0.44020480056930633,xind,6L-Orth-sum,1,10,0.003,0.05018228608192151,12.64593609264422
4663,0.09252361869136762,0.1294425459393627,0.7147852201138741,-0.29300946781381176,0.3135320609049968,0.03882919714860574,1.4354464158662024,0.44019635806594193,xind,6L-Orth-sum,1,10,0.005,0.05018228608192151,12.64593609264422
4663,0.0735547145524013,0.1298111662459638,0.5666285627003087,-0.3142824695199994,0.31267424404889554,0.019861837713472885,0.7274431331765209,0.4401836943108954,xind,6L-Orth-sum,1,10,0.008,0.05018228608192151,12.64593609264422
4663,0.06090877845975708,0.13017174980416618,0.467910883516507,-0.35721779115571994,0.31095861033669314,0.007216931423384256,0.2625630665884324,0.44017525180753125,xind,6L-Orth-sum,1,10,0.01,0.05018228608192151,12.64593609264422
4653,0.11072414302944404,0.1433966836761331,0.7721527457323822,-0.41922260146145485,0.3217279174725983,0.04397622069280306,1.3964775257725568,0.5514922707063501,xind,6L-Orth-sum,1,20,0.0,0.026434558349451968,6.661508704061895
4653,0.10073187997335123,0.14336048740664586,0.7026474434871482,-0.42614569886960274,0.32043842682140555,0.03398011141894427,1.077636687487563,0.5515240493639492,xind,6L-Orth-sum,1,20,0.003,0.026434558349451968,6.661508704061895
4653,0.09407037126928934,0.14339291013918715,0.6560322346340421,-0.43072088194255853,0.319578766387277,0.02731603856970507,0.865369792603136,0.5515452351356817,xind,6L-Orth-sum,1,20,0.005,0.026434558349451968,6.661508704061895
4653,0.08407810821319649,0.1435262979532624,0.5858028069571997,-0.4375238146488858,0.3187191059531485,0.017319929295846224,0.5476574788552316,0.5515770137932806,xind,6L-Orth-sum,1,20,0.008,0.026434558349451968,6.661508704061895
4653,0.0774165995091346,0.1436716032372657,0.5388441262208606,-0.44248681729592776,0.31785944551902,0.010655856446607043,0.336450174883148,0.5515981995650131,xind,6L-Orth-sum,1,20,0.01,0.026434558349451968,6.661508704061895
4672,0.26174246138843277,0.11893705201018573,2.20068058661835,-0.13668239940989868,0.3339041095890411,0.2163178126939068,9.373940814095965,0.3779263570495623,xind,6L-Orth-sum,3,1,0.0,0.3219178082191781,81.12328767123287
4672,0.1400575298815835,0.1197217533182506,1.1698586597648235,-0.18819392238469534,0.3238441780821918,0.09467100156064491,4.039156183379208,0.3776092011808134,xind,6L-Orth-sum,3,1,0.003,0.3219178082191781,81.12328767123287
4672,0.05893424221035059,0.12081266028533452,0.4878151186403818,-0.33084972549703895,0.3122859589041096,0.013573127471803802,0.569805677793001,0.37739776393498065,xind,6L-Orth-sum,3,1,0.005,0.3219178082191781,81.12328767123287
4672,-0.06275068929649873,0.12327053586063456,-0.5090485642687763,-0.806546286290277,0.2990154109589041,-0.10807368366145788,-4.394560656204224,0.37708060806623167,xind,6L-Orth-sum,3,1,0.008,0.3219178082191781,81.12328767123287
4672,-0.1438739769677316,0.12543175772217946,-1.1470299035942721,-0.9542037021607864,0.2908818493150685,-0.189171557750299,-7.497838442798735,0.376869170820399,xind,6L-Orth-sum,3,1,0.01,0.3219178082191781,81.12328767123287
4668,0.1260139303671338,0.124737306725525,1.0102344974019515,-0.3663880070343175,0.32712082262210795,0.07593392134448694,2.946872644589943,0.40997165982794104,xind,6L-Orth-sum,3,5,0.0,0.0979005998286204,24.67095115681234
4668,0.08900750363191527,0.12464994826158306,0.7140596917467575,-0.4053894367528377,0.32433590402742074,0.038978195964723905,1.4964898312076644,0.4095566016189422,xind,6L-Orth-sum,3,5,0.003,0.0979005998286204,24.67095115681234
4668,0.06433655247510292,0.12481480918018441,0.5154560816755789,-0.43042191478264935,0.3217652099400171,0.014341045711548497,0.5461157799425465,0.40927989614627625,xind,6L-Orth-sum,3,5,0.005,0.0979005998286204,24.67095115681234
4668,0.027330125739884407,0.12539499051166178,0.21795229321655157,-0.46605175586375436,0.31790916880891174,-0.022614679668214607,-0.8495065473574002,0.4088648379372773,xind,6L-Orth-sum,3,5,0.008,0.0979005998286204,24.67095115681234
4668,0.0026591745830720714,0.12600132034755734,0.021104339031822076,-0.4885855689412819,0.3151242502142245,-0.047251829921390036,-1.7573824903524666,0.40858813246461145,xind,6L-Orth-sum,3,5,0.01,0.0979005998286204,24.67095115681234
4663,0.12811342040827156,0.12837960935810627,0.9979265480619107,-0.33956900302759996,0.32854385588676815,0.07550542566884771,3.008273042370874,0.43128963911090545,xind,6L-Orth-sum,3,10,0.0,0.04846665236971907,12.213596397169205
4663,0.10979302581251772,0.12832425109569198,0.8555906219989904,-0.3571806964269807,0.3274715848166416,0.05724002236856071,2.2457407303398416,0.43083881075119346,xind,6L-Orth-sum,3,10,0.003,0.04846665236971907,12.213596397169205
4663,0.09757942941534853,0.12840054507517742,0.7599611774094621,-0.36867438244070483,0.3255414968904139,0.04506308683503599,1.7492271797062584,0.4305382585113855,xind,6L-Orth-sum,3,10,0.005,0.04846665236971907,12.213596397169205
4663,0.07925903481959472,0.12868438259660667,0.6159180564128902,-0.38555159929171545,0.32404031739223677,0.02679768353474897,1.0231175147508054,0.4300874301516735,xind,6L-Orth-sum,3,10,0.008,0.04846665236971907,12.213596397169205
4663,0.06704543842242551,0.12898595879459232,0.5197886579979926,-0.3965653641749778,0.3218957752519837,0.014620748001224284,0.5518891120918092,0.42978687791186554,xind,6L-Orth-sum,3,10,0.01,0.04846665236971907,12.213596397169205
4653,0.13124254399426027,0.13342802957132338,0.9836204912559631,-0.47658639393238345,0.3337631635503976,0.0742001091271292,2.434763319841528,0.47130248897985744,xind,6L-Orth-sum,3,20,0.0,0.02364066193853428,5.957446808510638
4653,0.12230637378149431,0.1334285868734497,0.9166429522145488,-0.4797447414459066,0.3331184182248012,0.0652558778015488,2.136846939867685,0.4713690924224039,xind,6L-Orth-sum,3,20,0.003,0.02364066193853428,5.957446808510638
4653,0.11634892697298369,0.1334834506201912,0.8716355955169196,-0.48184235148263543,0.3322587577906727,0.05929305691782859,1.9384908947496533,0.4714134947174346,xind,6L-Orth-sum,3,20,0.005,0.02364066193853428,5.957446808510638
4653,0.10741275676021772,0.13364735034034628,0.8037028529685061,-0.48497686617044755,0.3309692671394799,0.05034882559224823,1.6416023134071882,0.4714800981599809,xind,6L-Orth-sum,3,20,0.008,0.02364066193853428,5.957446808510638
4653,0.10145530995170708,0.13381086407038936,0.7581993484351012,-0.4874882357511112,0.3307543520309478,0.04438600470852801,1.444257503396273,0.47152450045501176,xind,6L-Orth-sum,3,20,0.01,0.02364066193853428,5.957446808510638
4672,0.2659091569120312,0.11580159925596593,2.2962477083262907,-0.15861441477270022,0.340111301369863,0.2229691565799052,9.311030424780297,0.3572544502514337,xind,6L-Orth-sum,5,1,0.0,0.261986301369863,66.02054794520548
4672,0.166878334994223,0.11638307707109775,1.4338711365422827,-0.20013739348201698,0.331763698630137,0.12391714174189557,5.084639317688643,0.3574307722122439,xind,6L-Orth-sum,5,1,0.003,0.261986301369863,66.02054794520548
4672,0.10085778704901754,0.11728965727620627,0.8599035020752667,-0.3020736124004757,0.3229880136986301,0.057882465183222515,2.336631524577462,0.3575483201861172,xind,6L-Orth-sum,5,1,0.005,0.261986301369863,66.02054794520548
4672,0.0018269651312093293,0.11940428255289144,0.015300666711012269,-0.6424287093041401,0.3122859589041096,-0.04116954965478697,-1.6120172792885523,0.35772464214692734,xind,6L-Orth-sum,5,1,0.008,0.261986301369863,66.02054794520548
4672,-0.06419358281399613,0.12129673642438048,-0.5292276173812482,-0.820229252407369,0.3054366438356164,-0.10720422621345997,-4.098978742976515,0.35784219012080076,xind,6L-Orth-sum,5,1,0.01,0.261986301369863,66.02054794520548
4668,0.14400497726607692,0.120763407874634,1.1924553952267585,-0.21514753631893735,0.331191088260497,0.09733406392158518,3.8042536152603286,0.38206366538142467,xind,6L-Orth-sum,5,5,0.0,0.0946872322193659,23.861182519280206
4668,0.10821320348715657,0.12078163340939764,0.8959408846571938,-0.2429315999791396,0.3281919451585261,0.06157742963759487,2.372127357597467,0.38177600175389953,xind,6L-Orth-sum,5,5,0.003,0.0946872322193659,23.861182519280206
4668,0.08435202096787639,0.121017163997358,0.6970252663474905,-0.2609279605251079,0.32562125107112255,0.03773967344826796,1.4386246801118538,0.3815842260022161,xind,6L-Orth-sum,5,5,0.005,0.0946872322193659,23.861182519280206
4668,0.04856024718895607,0.12170293641971214,0.399006372545427,-0.28715585580228986,0.32240788346186805,0.0019830391642775944,0.07432206178202813,0.3812965623746911,xind,6L-Orth-sum,5,5,0.008,0.0946872322193659,23.861182519280206
4668,0.02469906466967587,0.1223788709508927,0.20182458358834615,-0.31431732946359614,0.31919451585261355,-0.021854717025049354,-0.8093026821537027,0.38110478662300773,xind,6L-Orth-sum,5,5,0.01,0.0946872322193659,23.861182519280206
4663,0.13585166787010816,0.12441016329657532,1.0919659959472767,-0.29736199564529986,0.3334763028093502,0.08678234420062565,3.25898367581036,0.4022789882346139,xind,6L-Orth-sum,5,10,0.0,0.047608835513617845,11.997426549431697
4663,0.11785552804596063,0.12444187231214367,0.9470729253441141,-0.3163759736592381,0.33240403173922367,0.06880829005637212,2.545109227633745,0.40209792592729404,xind,6L-Orth-sum,5,10,0.003,0.047608835513617845,11.997426549431697
4663,0.10585810149652891,0.12457773431958329,0.8497353244919973,-0.32993672305472377,0.3306883980270212,0.056825587293536414,2.0800586690014957,0.401977217722414,xind,6L-Orth-sum,5,10,0.005,0.047608835513617845,11.997426549431697
4663,0.08786196167238138,0.12495286289667708,0.7031608531053347,-0.3497996510606959,0.3291872185288441,0.03885153314928286,1.3994099585180637,0.4017961554150941,xind,6L-Orth-sum,5,10,0.008,0.047608835513617845,11.997426549431697
4663,0.07586453512294968,0.12531637450706024,0.6053840563243834,-0.362729450551768,0.327042676388591,0.0268688303864471,0.9572061308229052,0.4016754472102141,xind,6L-Orth-sum,5,10,0.01,0.047608835513617845,11.997426549431697
4653,0.1394508648967104,0.1296068788393492,1.0759526511672506,-0.37867661926351914,0.34107027724049,0.08593631789275435,2.871473500480432,0.4421539728860213,xind,6L-Orth-sum,5,20,0.0,0.02278100150440576,5.740812379110252
4653,0.130839646328045,0.12960890446984177,1.0094958125233566,-0.38240815401117345,0.3404255319148936,0.07731437905397145,2.5794421084828594,0.4422425471202854,xind,6L-Orth-sum,5,20,0.003,0.02278100150440576,5.740812379110252
4653,0.12509883394893476,0.12966436002346168,0.9647896609854796,-0.38488648985991714,0.3395658714807651,0.07156641982811623,2.384644971059731,0.4423015966097945,xind,6L-Orth-sum,5,20,0.005,0.02278100150440576,5.740812379110252
4653,0.11648761538026939,0.12982856238964924,0.8972418182576789,-0.39246609652606934,0.33827638082957234,0.06294448098933339,2.092584929947398,0.4423901708440586,xind,6L-Orth-sum,5,20,0.008,0.02278100150440576,5.740812379110252
4653,0.11074680300115913,0.1299918841270508,0.8519516717898942,-0.40265250097885963,0.3380614657210402,0.05719652176347813,1.898141632452749,0.4424492203335678,xind,6L-Orth-sum,5,20,0.01,0.02278100150440576,5.740812379110252
4672,0.24821074145792663,0.11372237826910896,2.1826024502457098,-0.1627030475396546,0.348458904109589,0.20741468537405747,8.900969919040085,0.33941715127946104,xind,6L-Orth-sum,10,1,0.0,0.1909246575342466,48.11301369863014
4672,0.17604122090998145,0.11412777517871635,1.5424923567844275,-0.19234786533369308,0.3416095890410959,0.13524297528313053,5.65150473870006,0.3394353679531486,xind,6L-Orth-sum,10,1,0.003,0.1909246575342466,48.11301369863014
4672,0.12792820721135134,0.11482189410693786,1.1141447213212412,-0.23656170333488624,0.3369006849315068,0.08712850188917938,3.5607198708971284,0.33944751240227367,xind,6L-Orth-sum,10,1,0.005,0.1909246575342466,48.11301369863014
4672,0.05575868666340611,0.11648370064273895,0.4786823079601553,-0.3161819240926247,0.3283390410958904,0.014956791798252534,0.587858224407615,0.3394657290759614,xind,6L-Orth-sum,10,1,0.008,0.1909246575342466,48.11301369863014
4672,0.00764567296477597,0.11799172745802627,0.06479838145852894,-0.5529216189395859,0.3232020547945205,-0.033157681595698624,-1.2659274519699275,0.3394778735250865,xind,6L-Orth-sum,10,1,0.01,0.1909246575342466,48.11301369863014
4668,0.15578915253741138,0.11792983977053596,1.3210325125561169,-0.21716750092866732,0.3337617823479006,0.11154870995260918,4.333495748456326,0.3621670209726231,xind,6L-Orth-sum,10,5,0.0,0.07883461868037704,19.866323907455016
4668,0.12598966667622888,0.11788187403095081,1.06877895954682,-0.24259429290252688,0.3305484147386461,0.08182597235940865,3.1341609533443067,0.36153873404880776,xind,6L-Orth-sum,10,5,0.003,0.07883461868037704,19.866323907455016
4668,0.10612334276877387,0.11804387262271746,0.899016106561981,-0.25910541882217575,0.32947729220222793,0.06201081396394163,2.3508531461111923,0.3611198760995975,xind,6L-Orth-sum,10,5,0.005,0.07883461868037704,19.866323907455016
4668,0.07632385690759134,0.11857624409291197,0.6436690375163747,-0.2845090423578922,0.32712082262210795,0.032288076370741055,1.2038625376082501,0.36049158917578217,xind,6L-Orth-sum,10,5,0.008,0.07883461868037704,19.866323907455016
4668,0.056457533000136326,0.11912206242763672,0.47394690663983996,-0.30295110005577863,0.32433590402742074,0.012472917975274027,0.4595922321884484,0.360072731226572,xind,6L-Orth-sum,10,5,0.01,0.07883461868037704,19.866323907455016
4663,0.11954554274589285,0.12215098817857169,0.9786702877190813,-0.32479780163436534,0.3358352991636286,0.07243485281432738,2.4841883396589557,0.3862217626710698,xind,6L-Orth-sum,10,10,0.0,0.04374865966116234,11.02466223461291
4663,0.10300854939397348,0.12218606780024834,0.8430466030085645,-0.33616569701163934,0.33540639073557793,0.05590098630614334,1.8909833664920308,0.3861961282534715,xind,6L-Orth-sum,10,10,0.003,0.04374865966116234,11.02466223461291
4663,0.09198388715936057,0.1223172549380509,0.7520107216757518,-0.3467082424337158,0.33454857387947673,0.044878408634020636,1.5038042411099826,0.3861790386417392,xind,6L-Orth-sum,10,10,0.005,0.04374865966116234,11.02466223461291
4663,0.07544689380744121,0.12267504504737124,0.6150141928075693,-0.36222814439297624,0.33326184859532487,0.028344542125836633,0.9359813829818722,0.38615340422414085,xind,6L-Orth-sum,10,10,0.008,0.04374865966116234,11.02466223461291
4663,0.0644222315728283,0.12302018295930368,0.5236720513912732,-0.3744241227408943,0.33133176066909714,0.017321964453713947,0.5662978229716067,0.38613631461240855,xind,6L-Orth-sum,10,10,0.01,0.04374865966116234,11.02466223461291
4653,0.11326500200601054,0.12911893961182372,0.8772144686637328,-0.41051121767435206,0.3438641736514077,0.06069080932900275,2.032509461201133,0.4343844704823105,xind,6L-Orth-sum,10,20,0.0,0.0223511712873415,5.6324951644100585
4653,0.10481625925939543,0.1290523015867891,0.8121998443313726,-0.42787709052581513,0.34300451321727915,0.05228181805971215,1.7458390997540771,0.43405603130808373,xind,6L-Orth-sum,10,20,0.003,0.0223511712873415,5.6324951644100585
4653,0.09918376409498539,0.12906121284920585,0.7685017202718446,-0.43918313232902506,0.34235976789168276,0.04667582388018504,1.5552280912826384,0.43383707185859915,xind,6L-Orth-sum,10,20,0.005,0.0223511712873415,5.6324951644100585
4653,0.0907350213483703,0.1291545625811323,0.7025305148733897,-0.4557450126404474,0.34128519234902216,0.03826683261089441,1.270367692862055,0.4335086326843725,xind,6L-Orth-sum,10,20,0.008,0.0223511712873415,5.6324951644100585
4653,0.08510252618396025,0.12927002778222527,0.6583314604629636,-0.46697378019083824,0.34128519234902216,0.032660838431367314,1.081336161884904,0.433289673234888,xind,6L-Orth-sum,10,20,0.01,0.0223511712873415,5.6324951644100585
4672,0.23600714364278927,0.11610702856846256,2.0326688793316903,-0.16779511646430223,0.3583047945205479,0.19375988399761088,7.50809973991837,0.35149095021957283,xind,6L-Orth-sum,20,1,0.0,0.1386986301369863,34.95205479452055
4672,0.18357906145100847,0.11620341039672039,1.579807862990135,-0.19121919511272645,0.3542380136986301,0.14147403750704463,5.402818950404566,0.3503075702277118,xind,6L-Orth-sum,20,1,0.003,0.1386986301369863,34.95205479452055
4672,0.14862700665648793,0.11659089301935675,1.2747737220934785,-0.21114376156261283,0.3501712328767123,0.10661680651333379,4.017644132929044,0.3495186502331377,xind,6L-Orth-sum,20,1,0.005,0.1386986301369863,34.95205479452055
4672,0.09619892446470711,0.11765057191483445,0.8176664413866525,-0.2704550982832854,0.3439640410958904,0.05433096002276757,1.9969679462332928,0.3483352702412769,xind,6L-Orth-sum,20,1,0.008,0.1386986301369863,34.95205479452055
4672,0.06124686967018655,0.11866934864198884,0.5161136415685654,-0.31971543517444423,0.3405393835616438,0.019473729029056787,0.7019517419651498,0.3475463502467028,xind,6L-Orth-sum,20,1,0.01,0.1386986301369863,34.95205479452055
4668,0.1458563918112501,0.12155193528192133,1.1999512099330896,-0.221436026379915,0.34190231362467866,0.09900984245036337,3.6368620967152023,0.38350148040127574,xind,6L-Orth-sum,20,5,0.0,0.06341045415595545,15.979434447300774
4668,0.12188724014029896,0.12150014286477302,1.0031859820605873,-0.25228900315974945,0.3393316195372751,0.07509786907680902,2.721147289024585,0.3830333997849307,xind,6L-Orth-sum,20,5,0.003,0.06341045415595545,15.979434447300774
4668,0.10590780569299817,0.12161955431410776,0.8708123154231372,-0.2721998929856073,0.3384747215081405,0.059156553494439414,2.122695677718968,0.3827213460407006,xind,6L-Orth-sum,20,5,0.005,0.06341045415595545,15.979434447300774
4668,0.08193865402204699,0.1220286772541118,0.6714704761686339,-0.3011119196029931,0.3361182519280206,0.03524458012088503,1.2451426254341775,0.38225326542435556,xind,6L-Orth-sum,20,5,0.008,0.06341045415595545,15.979434447300774
4668,0.06595921957474624,0.12245356768215265,0.5386467770865908,-0.3204035756255377,0.3331191088260497,0.01930326453851543,0.6745398393894702,0.3819412116801255,xind,6L-Orth-sum,20,5,0.01,0.06341045415595545,15.979434447300774
4663,0.16308429203699842,0.12273230716580519,1.3287804637835068,-0.30782211518785274,0.345271284580742,0.11533577268690565,4.091504284967214,0.39145080097776636,xind,6L-Orth-sum,20,10,0.0,0.03474158267209951,8.754878833369077
4663,0.1499519737869448,0.12283196332285469,1.220789521965119,-0.3201965086645917,0.345271284580742,0.10218994188194842,3.5909977666318156,0.39156157929115204,xind,6L-Orth-sum,20,10,0.003,0.03474158267209951,8.754878833369077
4663,0.1411970949535757,0.12298429658973015,1.1480904381199384,-0.3283330895624714,0.3441990135106155,0.09342605467864362,3.2611812031795906,0.39163543150007585,xind,6L-Orth-sum,20,10,0.005,0.03474158267209951,8.754878833369077
4663,0.12806477670352212,0.12334100371707665,1.0382984801816677,-0.3403706916660808,0.34291228822646364,0.08028022387368644,2.7729430229794394,0.39174620981346153,xind,6L-Orth-sum,20,10,0.008,0.03474158267209951,8.754878833369077
4663,0.11930989787015303,0.12366370469017686,0.9647931716833836,-0.3488313820906055,0.3418400171563371,0.07151633667038164,2.45214599526929,0.3918200620223852,xind,6L-Orth-sum,20,10,0.01,0.03474158267209951,8.754878833369077
4653,0.1492622626814238,0.12602584461180613,1.1843781975133127,-0.33287640404401664,0.33913604126370084,0.09932304646129438,3.577855749073411,0.4126134685006667,xind,6L-Orth-sum,20,20,0.0,0.02106168063614872,5.307543520309477
4653,0.1413009474009596,0.12597340666174506,1.121672828777037,-0.3368198815431491,0.33827638082957234,0.09140999598120743,3.2843810613686704,0.4122146895810623,xind,6L-Orth-sum,20,20,0.003,0.02106168063614872,5.307543520309477
4653,0.13599340388065012,0.12599000683816586,1.0793983371660076,-0.3394391368211821,0.3376316355039759,0.08613462899448276,3.0888088641219804,0.41194883696799256,xind,6L-Orth-sum,20,20,0.005,0.02106168063614872,5.307543520309477
4653,0.1280320886001859,0.1260922045908542,1.015384646621306,-0.3433534636046618,0.33634214485278313,0.0782215785143958,2.7958600153304496,0.41155005804838823,xind,6L-Orth-sum,20,20,0.008,0.02106168063614872,5.307543520309477
4653,0.12272454507987643,0.12621177072207052,0.9723700442340418,-0.3465011221866381,0.336127229744251,0.07294621152767117,2.6010013703066637,0.41128420543531863,xind,6L-Orth-sum,20,20,0.01,0.02106168063614872,5.307543520309477
4672,0.2902543581063185,0.12363684311150669,2.3476364391198614,-0.15552489510407186,0.3598030821917808,0.24126975494346273,10.656477825066501,0.40754465156903696,xind,6L-OLS-oracle,1,1,0.0,0.457833904109589,115.37414383561644
4672,0.11719314235289385,0.12466447988616412,0.9400684337664376,-0.24950182717522396,0.3452482876712329,0.068287089337258,2.8684732273434475,0.40689112596481775,xind,6L-OLS-oracle,1,1,0.003,0.457833904109589,115.37414383561644
4672,0.0018189985172774098,0.12596727727523988,0.014440246360988486,-0.5263366215354215,0.3324058219178082,-0.04703468773354511,-1.9039074781115197,0.4064554422286712,xind,6L-OLS-oracle,1,1,0.005,0.457833904109589,115.37414383561644
4672,-0.17124221723614724,0.12881055302255595,-1.3294113969541075,-0.9726224319731753,0.3110017123287671,-0.2200173533397497,-8.394850279115332,0.40580191662445186,xind,6L-OLS-oracle,1,1,0.008,0.457833904109589,115.37414383561644
4672,-0.2866163610717637,0.1312688373996157,-2.183430330834962,-0.9965764502325444,0.2975171232876712,-0.3353391304105529,-12.282271801130905,0.40536623288830587,xind,6L-OLS-oracle,1,1,0.01,0.457833904109589,115.37414383561644
4668,0.16542157062713583,0.12176964139798077,1.3584795744489966,-0.32767061599010217,0.3365467009425878,0.11763134696946552,4.5162661261079755,0.39122671299087813,xind,6L-OLS-oracle,1,5,0.0,0.10004284490145672,25.210796915167094
4668,0.1276053752543852,0.12170754010138801,1.048459077786668,-0.3686975488005072,0.3350471293916024,0.07989049297228894,3.0326234077555223,0.3906099433576333,xind,6L-OLS-oracle,1,5,0.003,0.10004284490145672,25.210796915167094
4668,0.10239457833921808,0.12189905208076529,0.8399948694545687,-0.39468013281649095,0.33226221079691515,0.054729923640837855,2.0595196831115246,0.3901987636021367,xind,6L-OLS-oracle,1,5,0.005,0.10004284490145672,25.210796915167094
4668,0.06457838296646747,0.12253350516828225,0.5270263253938446,-0.43170764844391507,0.32840616966580977,0.016989069643661193,0.6300129139742378,0.3895819939688919,xind,6L-OLS-oracle,1,5,0.008,0.10004284490145672,25.210796915167094
4668,0.03936758605130037,0.12318514911444911,0.319580617747393,-0.4551543569919644,0.3260497000856898,-0.008171499687789933,-0.29978836716517965,0.38917081421339533,xind,6L-OLS-oracle,1,5,0.01,0.10004284490145672,25.210796915167094
4663,0.10737504886409673,0.1297361209163695,0.8276418942209074,-0.43953703006027056,0.33154621488312247,0.05331275070765291,2.1469377047747895,0.4432122755655177,xind,6L-OLS-oracle,1,10,0.0,0.04846665236971907,12.213596397169205
4663,0.08905465426834293,0.12970421516870992,0.6865979964684035,-0.4544636573399623,0.33111730645507187,0.03494893251405054,1.389036000600596,0.4435682698956147,xind,6L-OLS-oracle,1,10,0.003,0.04846665236971907,12.213596397169205
4663,0.07684105787117372,0.12979493576425116,0.5920189213756498,-0.4642052946533496,0.3294016727428694,0.022706387051648968,0.8940882339857905,0.4438055994490128,xind,6L-OLS-oracle,1,10,0.005,0.04846665236971907,12.213596397169205
4663,0.058520663275419896,0.13009853473612673,0.4498180044388267,-0.4785102172442297,0.32682822217456575,0.004342568858046558,0.1684905185622949,0.4441615937791098,xind,6L-OLS-oracle,1,10,0.008,0.04846665236971907,12.213596397169205
4663,0.046307066878250695,0.13041200613271853,0.3550828505093666,-0.48827455898776206,0.32532704267638857,-0.007899976604355033,-0.3033756695135396,0.4443989233325079,xind,6L-OLS-oracle,1,10,0.01,0.04846665236971907,12.213596397169205
4653,0.12521371644751503,0.1385032913325433,0.9040486709220483,-0.43076854975679923,0.3260262196432409,0.06304019509215744,1.9715998483616666,0.5136971349781402,xind,6L-OLS-oracle,1,20,0.0,0.024500322372662798,6.174081237911025
4653,0.1159525945906485,0.1384828800413261,0.8373063483085121,-0.4358938581273003,0.3253814743176445,0.05378306827084058,1.6808269370682436,0.5136641267413333,xind,6L-OLS-oracle,1,20,0.003,0.024500322372662798,6.174081237911025
4653,0.10977851335273746,0.13852364144768003,0.7924893700848926,-0.4392893198453095,0.32430689877498386,0.04761165038996272,1.4869231129610572,0.5136421212501285,xind,6L-OLS-oracle,1,20,0.005,0.024500322372662798,6.174081237911025
4653,0.10051739149587091,0.13866624106641012,0.7248872596736149,-0.4443505685075677,0.32344723834085537,0.03835452356864591,1.1962169322656877,0.5136091130133217,xind,6L-OLS-oracle,1,20,0.008,0.024500322372662798,6.174081237911025
4653,0.09434331025795989,0.13881548231922522,0.6796310374155854,-0.4481661076197423,0.322802493015259,0.03218310568776802,1.002647076716792,0.513587107522117,xind,6L-OLS-oracle,1,20,0.01,0.024500322372662798,6.174081237911025
4672,0.307959520355752,0.12048901172176694,2.5559137381497634,-0.14551172692462022,0.3807791095890411,0.2615611112157421,11.639377928757582,0.3860278998985885,xind,6L-OLS-oracle,3,1,0.0,0.2910958904109589,73.35616438356165
4672,0.19792527378040953,0.1213744350068844,1.6306998567629434,-0.19123682092750816,0.3711472602739726,0.15131270690727103,6.444497414375619,0.3878096605558811,xind,6L-OLS-oracle,3,1,0.003,0.2910958904109589,73.35616438356165
4672,0.12456910939684789,0.12249308228179068,1.0169481172029078,-0.2457505164229794,0.3606592465753425,0.07781377070162374,3.207325137334922,0.3889975009940762,xind,6L-OLS-oracle,3,1,0.005,0.2910958904109589,73.35616438356165
4672,0.014534862821505418,0.12493521873475325,0.11633919537423643,-0.5291008494731281,0.347388698630137,-0.03243463360684717,-1.267995389810404,0.3907792616513689,xind,6L-OLS-oracle,3,1,0.008,0.2910958904109589,73.35616438356165
4672,-0.05882130156205623,0.1270499063800926,-0.462977921338106,-0.8130550764885782,0.3388270547945205,-0.10593356981249444,-3.990879277580957,0.391967102089564,xind,6L-OLS-oracle,3,1,0.01,0.2910958904109589,73.35616438356165
4668,0.14715966999428498,0.1266733352005,1.1617257077928753,-0.3628476488794784,0.3628963153384747,0.09555478207761094,3.780007975094524,0.4224548271320493,xind,6L-OLS-oracle,3,5,0.0,0.09404455869751499,23.699228791773777
4668,0.11161082680662432,0.12667046955845435,0.8811116529028064,-0.40530618108776617,0.36053984575835474,0.05997004225716934,2.316891208730664,0.42274868894259265,xind,6L-OLS-oracle,3,5,0.003,0.09404455869751499,23.699228791773777
4668,0.08791159801485054,0.12688030374117396,0.6928703307188123,-0.43206076743087274,0.3575407026563839,0.03624688237687495,1.3772082113582147,0.42294459681628815,xind,6L-OLS-oracle,3,5,0.005,0.09404455869751499,23.699228791773777
4668,0.05236275482718986,0.12751058123932782,0.41065419291681293,-0.4699986539193287,0.35411311053984573,0.0006621425564333792,0.02450842402748816,0.42323845862683135,xind,6L-OLS-oracle,3,5,0.008,0.09404455869751499,23.699228791773777
4668,0.028663526035416085,0.12813870288122498,0.2236914015118839,-0.49390124213120534,0.3511139674378749,-0.02306101732386104,-0.838266918918525,0.4234343665005269,xind,6L-OLS-oracle,3,5,0.01,0.09404455869751499,23.699228791773777
4663,0.13419298828256349,0.13146482376957516,1.0207520493677464,-0.4105308693514893,0.36178425906069056,0.07906495846265925,2.673859414983156,0.45194933210606025,xind,6L-OLS-oracle,3,10,0.0,0.04331975123311173,10.916577310744156
4663,0.11781812231644724,0.13144965931672478,0.896298422748798,-0.4279586451747681,0.3613553506326399,0.06267803683208176,2.092450885981979,0.45204816657410063,xind,6L-OLS-oracle,3,10,0.003,0.04331975123311173,10.916577310744156
4663,0.1069015450057031,0.13153885262587028,0.8126993878360648,-0.43930400435715566,0.3598541711344628,0.05175342241169677,1.7124321190531635,0.45211405621946077,xind,6L-OLS-oracle,3,10,0.005,0.04331975123311173,10.916577310744156
4663,0.09052667903958686,0.13182119386257693,0.6867384248845491,-0.4559220381999445,0.35835299163628564,0.03536650078111928,1.1542497880813298,0.4522128906875011,xind,6L-OLS-oracle,3,10,0.008,0.04331975123311173,10.916577310744156
4663,0.07961010172884272,0.13210796167279468,0.6026139584684626,-0.46673961486752114,0.3566373579240832,0.024441886360734303,0.7902444165170399,0.4522787803328613,xind,6L-OLS-oracle,3,10,0.01,0.04331975123311173,10.916577310744156
4653,0.15829003585528956,0.1293738652640111,1.2235085929624947,-0.40004055235807034,0.3488072211476467,0.1050524916904656,3.5347871703586606,0.43986528854353896,xind,6L-OLS-oracle,3,20,0.0,0.024500322372662798,6.174081237911025
4653,0.14902891399842305,0.1293636261740545,1.1520155889717374,-0.4072104969544471,0.3481624758220503,0.09578407020211599,3.2105742499131518,0.43992560038847744,xind,6L-OLS-oracle,3,20,0.003,0.024500322372662798,6.174081237911025
4653,0.142854832760512,0.12941499871185846,1.103850667870246,-0.4119487031899898,0.3470879002793896,0.08960512254321625,2.9951984612138003,0.43996580828510296,xind,6L-OLS-oracle,3,20,0.005,0.024500322372662798,6.174081237911025
4653,0.13359371090364547,0.12957921697598632,1.0309810015938214,-0.42041726322010176,0.34622823984526113,0.08033670105486669,2.6735426538783194,0.44002612013004155,xind,6L-OLS-oracle,3,20,0.008,0.024500322372662798,6.174081237911025
4653,0.12741962966573442,0.12974663052058735,0.9820650382555893,-0.42849795216973197,0.34579840962819686,0.0741577533959669,2.460189662642051,0.4400663280266671,xind,6L-OLS-oracle,3,20,0.01,0.024500322372662798,6.174081237911025
4672,0.3056247658376599,0.11661248001422593,2.6208581259945403,-0.16844899327611973,0.3895547945205479,0.26247419708705305,10.891498823445291,0.359006348341858,xind,6L-OLS-oracle,5,1,0.0,0.22131849315068494,55.772260273972606
4672,0.221966375426701,0.11704867420736739,1.8963595865550589,-0.20064397103332277,0.3824914383561644,0.17869458161964005,7.06367272718663,0.36001492287761094,xind,6L-OLS-oracle,5,1,0.003,0.22131849315068494,55.772260273972606
4672,0.1661941151527284,0.11780040409874674,1.4108110784867545,-0.22430994631247458,0.3743578767123288,0.12284150464136462,4.691427758824081,0.36068730590144615,xind,6L-OLS-oracle,5,1,0.005,0.22131849315068494,55.772260273972606
4672,0.08253572474176951,0.11960201830893415,0.6900863874101043,-0.31743108417785304,0.3634417808219178,0.03906188917395166,1.413830538829856,0.361695880437199,xind,6L-OLS-oracle,5,1,0.008,0.22131849315068494,55.772260273972606
4672,0.026763464467796913,0.12123686106860602,0.22075352522243125,-0.5637918828420794,0.3565924657534247,-0.016791187804323628,-0.5859072742384183,0.36236826346103407,xind,6L-OLS-oracle,5,1,0.01,0.22131849315068494,55.772260273972606
4668,0.1482808641166559,0.12645077187429074,1.1726370817575338,-0.35404453294558014,0.37425021422450727,0.09698039423104955,3.7965209583041766,0.4199627595802652,xind,6L-OLS-oracle,5,5,0.0,0.0850471293916024,21.431876606683804
4668,0.1161330492066302,0.1264729053277866,0.9182444959704371,-0.3943794157832041,0.37210796915167094,0.06486895610188109,2.4853696266924232,0.41966496711739903,xind,6L-OLS-oracle,5,5,0.003,0.0850471293916024,21.431876606683804
4668,0.09470117259994638,0.12668133733268533,0.7475542537986165,-0.41989140047962814,0.36953727506426737,0.043461330682435406,1.6401665663521565,0.41946643880882145,xind,6L-OLS-oracle,5,5,0.005,0.0850471293916024,21.431876606683804
4668,0.06255335768992067,0.1272825969761354,0.4914525565631648,-0.4562025243113753,0.3661096829477292,0.011349892553266882,0.4183008665557019,0.4191686463459552,xind,6L-OLS-oracle,5,5,0.008,0.0850471293916024,21.431876606683804
4668,0.041121481083236884,0.12787373355292792,0.32157879449274385,-0.4791664302451657,0.36311053984575836,-0.010057732866178845,-0.3646605085244701,0.4189701180373777,xind,6L-OLS-oracle,5,5,0.01,0.0850471293916024,21.431876606683804
4663,0.1417454218260927,0.1306766252686774,1.0847037221435534,-0.38886428848770394,0.3750804203302595,0.08723362983062234,3.0967559925224886,0.44689730550396256,xind,6L-OLS-oracle,5,10,0.0,0.042461934377010506,10.700407463006648
4663,0.12569481063158272,0.1307644692228574,0.961230610873091,-0.4069765135482053,0.37422260347415826,0.07115587498016748,2.487771067518327,0.44711983399292343,xind,6L-OLS-oracle,5,10,0.003,0.042461934377010506,10.700407463006648
4663,0.11499440316857609,0.13092088337590127,0.8783503456694766,-0.4187667517831225,0.3731503324040317,0.06043737174653092,2.0910057307363927,0.44726818631889725,xind,6L-OLS-oracle,5,10,0.005,0.042461934377010506,10.700407463006648
4663,0.09894379197406611,0.13130158248388799,0.753561305982032,-0.4360354051701496,0.37143469869182927,0.04435961689607606,1.5101908412515213,0.44749071480785796,xind,6L-OLS-oracle,5,10,0.008,0.042461934377010506,10.700407463006648
4663,0.08824338451105945,0.1316521100544096,0.6702770238516493,-0.4472758416780346,0.37014797340767747,0.03364111366243947,1.1327533555590317,0.44763906713383184,xind,6L-OLS-oracle,5,10,0.01,0.042461934377010506,10.700407463006648
4653,0.16094231933308922,0.12704773884567983,1.2667861765613941,-0.35018410111167464,0.3503116269073716,0.10958337228281441,3.938128061046307,0.4243437299365169,xind,6L-OLS-oracle,5,20,0.0,0.02321083172147002,5.849129593810445
4653,0.15216862494237351,0.12706867755094595,1.19753056280423,-0.3560130708396101,0.34923705136471095,0.10080980377643223,3.6121521804050247,0.42434268984066853,xind,6L-OLS-oracle,5,20,0.003,0.02321083172147002,5.849129593810445
4653,0.14631949534856306,0.1271388317817833,1.1508639280224062,-0.36055608672178474,0.3483773909305824,0.09496075810551077,3.3950961059156315,0.4243419964434363,xind,6L-OLS-oracle,5,20,0.005,0.02321083172147002,5.849129593810445
4653,0.13754580095784738,0.12732816999769278,1.0802464290528935,-0.36821021744187876,0.3468729851708575,0.08618718959912862,3.070217155289968,0.4243409563475881,xind,6L-OLS-oracle,5,20,0.008,0.02321083172147002,5.849129593810445
4653,0.13169667136403695,0.12751027244959803,1.0328318560851144,-0.37326832252790165,0.34644315495379324,0.08033814392820714,2.8542797892623435,0.42434026295035593,xind,6L-OLS-oracle,5,20,0.01,0.02321083172147002,5.849129593810445
4672,0.28577291406387967,0.11563497081863748,2.4713364135499067,-0.1260967065988251,0.3981164383561644,0.2435419155898496,9.995987111693276,0.3513556596812839,xind,6L-OLS-oracle,10,1,0.0,0.14982876712328766,37.75684931506849
4672,0.22913764009127696,0.11584153484326634,1.9780266240541473,-0.16274651347350577,0.3934075342465753,0.18678077730545345,7.34093448952019,0.35240283213513257,xind,6L-OLS-oracle,10,1,0.003,0.14982876712328766,37.75684931506849
4672,0.19138079077620848,0.1163245645687619,1.645231095303858,-0.20360641061757745,0.3878424657534247,0.14894001844918925,5.677304612478361,0.3531009471043648,xind,6L-OLS-oracle,10,1,0.005,0.14982876712328766,37.75684931506849
4672,0.13474551680360572,0.11755857682577066,1.1461989455971997,-0.26125744626373804,0.3812071917808219,0.09217888016479311,3.350255732062458,0.35414811955821346,xind,6L-OLS-oracle,10,1,0.008,0.14982876712328766,37.75684931506849
4672,0.09698866748853721,0.11871265900884513,0.8170035807327904,-0.3102158839207373,0.3758561643835616,0.054338121308529,1.9117574316606918,0.3548462345274458,xind,6L-OLS-oracle,10,1,0.01,0.14982876712328766,37.75684931506849
4668,0.1562749225660456,0.1274380756961491,1.2262812484602506,-0.3042944113212763,0.3838903170522708,0.10426585506274352,3.8066757286424724,0.4257635760566655,xind,6L-OLS-oracle,10,5,0.0,0.0715509854327335,18.03084832904884
4668,0.12922865007247233,0.12744964630384917,1.0139584833714006,-0.33291023115103735,0.38131962296486716,0.07725212185218151,2.760955501421977,0.4254971986313003,xind,6L-OLS-oracle,10,5,0.003,0.0715509854327335,18.03084832904884
4668,0.11119780174342349,0.12762146863366503,0.8713095291405449,-0.3513532453801621,0.3791773778920309,0.059242966378473524,2.0863965398780375,0.42531961368105686,xind,6L-OLS-oracle,10,5,0.005,0.0715509854327335,18.03084832904884
4668,0.08415152924985024,0.1281240445431169,0.6567973212985108,-0.3780989223351495,0.37617823479005996,0.03222923316791144,1.1095515855101483,0.4250532362556916,xind,6L-OLS-oracle,10,5,0.008,0.0715509854327335,18.03084832904884
4668,0.06612068092080138,0.1286208352303262,0.514074417277703,-0.3953351583747492,0.3731790916880891,0.014220077694203408,0.48202040433793697,0.4248756513054482,xind,6L-OLS-oracle,10,5,0.01,0.0715509854327335,18.03084832904884
4663,0.1658276456552134,0.1336412671859202,1.240841613874522,-0.3731011602298,0.39759811280291657,0.10874088269274693,3.8100690430474597,0.46800737260645536,xind,6L-OLS-oracle,10,10,0.0,0.038172850096504396,9.619558224319107
4663,0.15139830831873474,0.13371762371018464,1.1322240413639915,-0.3935061948085077,0.39674029594681537,0.09424703928340969,3.2474287313509462,0.4685362047929209,xind,6L-OLS-oracle,10,10,0.003,0.038172850096504396,9.619558224319107
4663,0.14177875009441562,0.1338549530774997,1.0591968906247957,-0.406755644397343,0.39609693330473944,0.08458447701051824,2.8815964469116984,0.468888759583898,xind,6L-OLS-oracle,10,10,0.005,0.038172850096504396,9.619558224319107
4663,0.12734941275793699,0.1341900539748866,0.9490227404019839,-0.42611298291014077,0.394381299592537,0.07009063360118105,2.3469254691253605,0.4694175917703637,xind,6L-OLS-oracle,10,10,0.008,0.038172850096504396,9.619558224319107
4663,0.11772985453361787,0.13449902543503042,0.8753212460300475,-0.43868130589142695,0.3935234827364358,0.060428071328289604,1.9999197749886837,0.4697701465613406,xind,6L-OLS-oracle,10,10,0.01,0.038172850096504396,9.619558224319107
4653,0.16672402356115076,0.13659651726467667,1.2205583780595037,-0.3506031544202435,0.39694820545884374,0.107211112206396,3.535620640955323,0.49171434061794733,xind,6L-OLS-oracle,10,20,0.0,0.02149151085321298,5.415860735009671
4653,0.15860023245863625,0.13657521045888493,1.1612666158503329,-0.36408499300840647,0.39608854502471524,0.09909038369661403,3.246659337295704,0.49168903651616874,xind,6L-OLS-oracle,10,20,0.003,0.02149151085321298,5.415860735009671
4653,0.15318437172362656,0.13660951411279912,1.1213301849323725,-0.3729279947661509,0.3952288845905867,0.09367656469009268,3.055490008405,0.491672167114983,xind,6L-OLS-oracle,10,20,0.005,0.02149151085321298,5.415860735009671
4653,0.14506058062111205,0.13673365886212704,1.0608988439882334,-0.3859786119918499,0.3941543090479261,0.08555583618031072,2.7711412420764034,0.49164686301320454,xind,6L-OLS-oracle,10,20,0.008,0.02149151085321298,5.415860735009671
4653,0.1396447198861024,0.13686477897727184,1.020311587317086,-0.3945384184998094,0.3939393939393939,0.08014201717378942,2.583286870328737,0.4916299936120188,xind,6L-OLS-oracle,10,20,0.01,0.02149151085321298,5.415860735009671
4672,0.24817293349822755,0.12084923509588145,2.053574714819898,-0.16743256217468316,0.4083904109589041,0.20239149946716373,7.825138011691165,0.3808947582669964,xind,6L-OLS-oracle,20,1,0.0,0.09417808219178082,23.732876712328768
4672,0.21257361842973435,0.12088721183304277,1.7584458703813899,-0.18105259677021623,0.40625,0.16683109479259622,6.199689038435813,0.38057102954591004,xind,6L-OLS-oracle,20,1,0.003,0.09417808219178082,23.732876712328768
4672,0.1888407417174056,0.12113461161654616,1.5589329853566911,-0.19025032548005016,0.4034674657534247,0.14312415834288458,5.172534714581259,0.38035521039851905,xind,6L-OLS-oracle,20,1,0.005,0.09417808219178082,23.732876712328768
4672,0.15324142664891244,0.12183612850939464,1.2577667111040562,-0.20471866542324957,0.3983304794520548,0.10756375366831708,3.722448159618161,0.3800314816774327,xind,6L-OLS-oracle,20,1,0.008,0.09417808219178082,23.732876712328768
4672,0.12950854993658367,0.12252114171979271,1.0570302244878784,-0.2369026493307781,0.395333904109589,0.08385681721860544,2.817327335949885,0.37981566253004184,xind,6L-OLS-oracle,20,1,0.01,0.09417808219178082,23.732876712328768
4668,0.18090646248029416,0.12540163703105145,1.442616434389121,-0.2517622173192402,0.39652956298200515,0.13047324067968694,4.630895424079891,0.4128631774550119,xind,6L-OLS-oracle,20,5,0.0,0.04755784061696658,11.984575835475578
4668,0.16292959872708082,0.12538575651741662,1.299426691296066,-0.27742628656380486,0.39524421593830333,0.11253733593889632,3.894584373379529,0.4125278733159839,xind,6L-OLS-oracle,20,5,0.003,0.04755784061696658,11.984575835475578
4668,0.1509450228916052,0.12548894573541353,1.2028551360202229,-0.29881880679205786,0.3943873179091688,0.10058006611170255,3.422004779773247,0.41230433722329857,xind,6L-OLS-oracle,20,5,0.005,0.04755784061696658,11.984575835475578
4668,0.13296815913839183,0.12581383400656013,1.056864375752659,-0.3297638302268826,0.3911739502999143,0.0826441613709119,2.740357130799983,0.4119690330842706,xind,6L-OLS-oracle,20,5,0.008,0.04755784061696658,11.984575835475578
4668,0.12098358330291628,0.1261431476429954,0.959097545633779,-0.34965591988752054,0.3898886032562125,0.07068689154371816,2.303824867593832,0.41174549699158514,xind,6L-OLS-oracle,20,5,0.01,0.04755784061696658,11.984575835475578
4663,0.16754337217091675,0.1325448217949494,1.2640506803812461,-0.3068819350934021,0.4014582886553721,0.11123648830160403,4.011982661761022,0.4616137859605002,xind,6L-OLS-oracle,20,10,0.0,0.03216813210379584,8.106369290156552
4663,0.1553838182356819,0.13265922636438274,1.1713005004934993,-0.3202077280146498,0.40060047179927083,0.09901504082226845,3.516487780657673,0.4621212001744564,xind,6L-OLS-oracle,20,10,0.003,0.03216813210379584,8.106369290156552
4663,0.14727744894552536,0.1328093204175172,1.1089391051962638,-0.32970009437635717,0.39995710915719496,0.09086740916937808,3.193310053626584,0.46245947631709383,xind,6L-OLS-oracle,20,10,0.005,0.03216813210379584,8.106369290156552
4663,0.13511789501029056,0.1331446986752372,1.0148199391690864,-0.3437081008552819,0.3982414754449925,0.0786459616900425,2.7196053866824283,0.46296689053105,xind,6L-OLS-oracle,20,10,0.008,0.03216813210379584,8.106369290156552
4663,0.12701152572013397,0.13344134465210844,0.9518153916333991,-0.35289522527087935,0.39759811280291657,0.0704983300371521,2.411321767229197,0.46330516667368743,xind,6L-OLS-oracle,20,10,0.01,0.03216813210379584,8.106369290156552
4653,0.17073480993525159,0.13508862375511896,1.2638725985154016,-0.30588351737355113,0.39909735654416506,0.11235076158658201,3.7393766804191793,0.4823873203789889,xind,6L-OLS-oracle,20,20,0.0,0.018052869116698903,4.549323017408123
4653,0.16391082540913943,0.13506041611101097,1.2136111388433404,-0.31825195039304366,0.3984526112185687,0.10551945715478757,3.4813591466880194,0.48244779973571983,xind,6L-OLS-oracle,20,20,0.003,0.018052869116698903,4.549323017408123
4653,0.15936150239173133,0.13508296046810275,1.179730602879121,-0.3263849816012233,0.3978078658929723,0.100965254200258,3.3112706868134643,0.48248811930687374,xind,6L-OLS-oracle,20,20,0.005,0.018052869116698903,4.549323017408123
4653,0.15253751786561912,0.13517875980731014,1.1284133549017086,-0.33841787932464573,0.39673329035031163,0.0941339497684636,3.0591453593033004,0.4825485986636047,xind,6L-OLS-oracle,20,20,0.008,0.018052869116698903,4.549323017408123
4653,0.14798819484821096,0.1352838796257045,1.0939085666204724,-0.3463300021210348,0.39630346013324735,0.08957974681393398,2.893130809190854,0.4825889182347586,xind,6L-OLS-oracle,20,20,0.01,0.018052869116698903,4.549323017408123
4672,0.23560294257689263,0.10686458018108491,2.2046869241207623,-0.1555360749940421,0.364083904109589,0.1918041201200561,8.972272078689139,0.3643997232755145,broad,D100,1,1,0.0,0.4351455479452055,109.65667808219179
4672,0.07111792545360497,0.10791483167309635,0.6590190092594566,-0.2566591043302503,0.3431078767123288,0.027242364592714643,1.2000234070055775,0.3650381754446202,broad,D100,1,1,0.003,0.4351455479452055,109.65667808219179
4672,-0.0385387526285868,0.10932006129690276,-0.35253138510341,-0.7324614645291806,0.3274828767123288,-0.08246547242551304,-3.480119147633764,0.3654638102240238,broad,D100,1,1,0.005,0.4351455479452055,109.65667808219179
4672,-0.2030237697518745,0.11243263816607241,-1.8057369555981728,-0.9832982472308444,0.3047945205479452,-0.24702722795285464,-9.752503535394263,0.3661022623931296,broad,D100,1,1,0.008,0.4351455479452055,109.65667808219179
4672,-0.3126804478340663,0.11513526674636357,-2.7157660434563766,-0.9977650152033477,0.2923801369863014,-0.35673506497108226,-13.462022736810042,0.3665278971725333,broad,D100,1,1,0.01,0.4351455479452055,109.65667808219179
4668,0.13295256244472664,0.1053366896625899,1.2621676537452884,-0.2647840555808527,0.3395458440445587,0.09018177396673784,4.0637452763651885,0.3501359421988401,broad,D100,1,5,0.0,0.09575835475578406,24.131105398457585
4668,0.09675590434704026,0.1053048354693154,0.9188172975706687,-0.29920972186376593,0.3350471293916024,0.054058504054337604,2.4092404114998205,0.3495351620328481,broad,D100,1,5,0.003,0.09575835475578406,24.131105398457585
4668,0.07262479894858269,0.10554239777173442,0.6881101858767182,-0.32128704158681065,0.3314053127677806,0.029976324112737394,1.324246734214677,0.3491346419221867,broad,D100,1,5,0.005,0.09575835475578406,24.131105398457585
4668,0.0364281408508963,0.1062834681680197,0.3427451275235804,-0.3531447039025143,0.3264781491002571,-0.00614694579966287,-0.2674434153742474,0.34853386175619483,broad,D100,1,5,0.008,0.09575835475578406,24.131105398457585
4668,0.012297035452438716,0.1070298560660636,0.11489350639552796,-0.3735731642623491,0.32305055698371893,-0.03022912574126307,-1.300296648810033,0.3481333416455334,broad,D100,1,5,0.01,0.09575835475578406,24.131105398457585
4663,0.12854747553704485,0.10821489651892918,1.187890758778844,-0.27914941117619574,0.3461291014368432,0.08337495142657235,3.6935562543553533,0.3703323367072655,broad,D100,1,10,0.0,0.04717992708556723,11.889341625562942
4663,0.11071346309870045,0.10826051659178307,1.0226578126923844,-0.2983501221279583,0.34248337979841303,0.06545904358515196,2.8581963174161276,0.37100372969634315,broad,D100,1,10,0.003,0.04717992708556723,11.889341625562942
4663,0.09882412147313752,0.10842163199924636,0.9114797448706957,-0.3108811396727905,0.3407677460862106,0.053515105024205034,2.3127483719223414,0.37145132502239486,broad,D100,1,10,0.005,0.04717992708556723,11.889341625562942
4663,0.08099010903479309,0.10885819748298066,0.7439964183446584,-0.3292820222577525,0.3386232039459575,0.03559919718278465,1.5135799153548393,0.3721227180114725,broad,D100,1,10,0.008,0.04717992708556723,11.889341625562942
4663,0.06910076740923016,0.1092779582459404,0.6323394810663677,-0.3412904042799919,0.337550932875831,0.023655258621837722,0.9943422215314066,0.37257031333752433,broad,D100,1,10,0.01,0.04717992708556723,11.889341625562942
4653,0.10638597126442256,0.11965199153699815,0.8891282952990086,-0.4023600716844047,0.3408553621319579,0.05162670483282832,1.8256964780980411,0.4524382352197368,broad,D100,1,20,0.0,0.0223511712873415,5.6324951644100585
4653,0.09793722851780746,0.11963429183667511,0.818638427278957,-0.40774627488498094,0.3397807865892972,0.04316904546785707,1.5259559964338187,0.4525119071174097,broad,D100,1,20,0.003,0.0223511712873415,5.6324951644100585
4653,0.09230473335339741,0.11968003057294595,0.7712626150871255,-0.41131455505194203,0.33935095637223295,0.037530605891209545,1.325912360327425,0.4525610217158582,broad,D100,1,20,0.005,0.0223511712873415,5.6324951644100585
4653,0.08385599060678232,0.1198348147137716,0.6997631765616231,-0.41663337332819816,0.33784655061250807,0.029072946526238316,1.025847288730417,0.4526346936135311,broad,D100,1,20,0.008,0.0223511712873415,5.6324951644100585
4653,0.07822349544237225,0.11999528191639745,0.6518880925407698,-0.424485444910605,0.3374167203954438,0.02343450694959078,0.8259930135376706,0.45268380821197973,broad,D100,1,20,0.01,0.0223511712873415,5.6324951644100585
4672,0.23595036975129088,0.10454479093356926,2.256930906306183,-0.1624533978045457,0.3792808219178082,0.19430058161691452,9.17513791087106,0.34652007563919185,broad,D100,3,1,0.0,0.2786815068493151,70.22773972602741
4672,0.13060876016224976,0.10529642831580713,1.240391172343713,-0.2346832642007488,0.3668664383561644,0.08880306247843267,3.938510224235025,0.34781722002539656,broad,D100,3,1,0.003,0.2786815068493151,70.22773972602741
4672,0.06038102043622236,0.10639152229685994,0.5675360135156602,-0.2936242397078077,0.3548801369863014,0.018471383052778012,0.7849102700539677,0.3486819829495329,broad,D100,3,1,0.005,0.2786815068493151,70.22773972602741
4672,-0.04496058915281874,0.1088893296593061,-0.4129016983894734,-0.7592797180966263,0.3392551369863014,-0.0870261360857039,-3.4667837116560474,0.3499791273357376,broad,D100,3,1,0.008,0.2786815068493151,70.22773972602741
4672,-0.11518832887884616,0.11109474054047488,-1.0368477240097596,-0.9184140763008726,0.3304794520547945,-0.15735781551135855,-6.005659067396665,0.35084389025987395,broad,D100,3,1,0.01,0.2786815068493151,70.22773972602741
4668,0.13564540352533744,0.10478417014277881,1.2945219047925574,-0.21823159370274314,0.356898029134533,0.09346190750064783,4.238129161924316,0.34532817026384266,broad,D100,3,5,0.0,0.09447300771208227,23.80719794344473
4668,0.09993460661017035,0.10483587261653189,0.9532481975488547,-0.25483237244986434,0.35197086546700945,0.05778448807150704,2.558637877671308,0.3450549310289839,broad,D100,3,5,0.003,0.09447300771208227,23.80719794344473
4668,0.07612740866672563,0.10512702857075491,0.7241468697604125,-0.27830472032995035,0.34875749785775495,0.03399954178541317,1.480422064289752,0.3448727715390779,broad,D100,3,5,0.005,0.09447300771208227,23.80719794344473
4668,0.04041661175155853,0.10594456148334036,0.38148831035478864,-0.31217558619428976,0.34383033419023135,-0.0016778776437277084,-0.07116265472251046,0.34459953230421914,broad,D100,3,5,0.008,0.09447300771208227,23.80719794344473
4668,0.01660941380811379,0.1067389125612521,0.15560786042843078,-0.33389510779277354,0.341688089117395,-0.025462823929821608,-1.0604903944118238,0.3444173728143133,broad,D100,3,5,0.01,0.09447300771208227,23.80719794344473
4663,0.14737180690105414,0.10861050693443519,1.3568835194740225,-0.2586055874032128,0.3755093287583101,0.1019550426401055,4.193414006325678,0.3723346606292658,broad,D100,3,10,0.0,0.04374865966116234,11.02466223461291
4663,0.1308348135491348,0.10865245227041338,1.204158864482084,-0.28271713127160303,0.3727214239759811,0.08536322599831496,3.463137809020886,0.37278411164941083,broad,D100,3,10,0.003,0.04374865966116234,11.02466223461291
4663,0.11981015131452188,0.10880161925736125,1.1011798549718352,-0.2983736537238809,0.3720780613339052,0.07430201490378795,2.9852545873229235,0.37308374566284075,broad,D100,3,10,0.005,0.04374865966116234,11.02466223461291
4663,0.1032731579626025,0.10920618156108369,0.9456713574848088,-0.3212482210552603,0.37014797340767747,0.05771019826199746,2.283337784685944,0.3735331966829857,broad,D100,3,10,0.008,0.04374865966116234,11.02466223461291
4663,0.0922484957279896,0.10959539272558155,0.8417187386606,-0.3361005448419224,0.36907570233755094,0.04664898716747041,1.8260464420301088,0.37383283069641565,broad,D100,3,10,0.01,0.04374865966116234,11.02466223461291
4653,0.1387962589634776,0.11287503313334793,1.2296453441524748,-0.3119951411062185,0.3634214485278315,0.09028164549390308,3.663636124942778,0.40084295373025086,broad,D100,3,20,0.0,0.0223511712873415,5.6324951644100585
4653,0.13034751621686255,0.11287097847954423,1.154836415637928,-0.3181759939575882,0.3627767032022351,0.08182086595584596,3.3068446306490276,0.40094240547664206,broad,D100,3,20,0.003,0.0223511712873415,5.6324951644100585
4653,0.12471502105245251,0.11292925676426772,1.1043641357950917,-0.3222707998470309,0.362561788093703,0.07618034626380793,3.069501544551758,0.4010087066409028,broad,D100,3,20,0.005,0.0223511712873415,5.6324951644100585
4653,0.11626627830583741,0.1131079577503505,1.0279230623406526,-0.32837457102682843,0.3612722974425102,0.06771956672575084,2.714771856838098,0.401108158387294,broad,D100,3,20,0.008,0.0223511712873415,5.6324951644100585
4653,0.11063378314142733,0.11328772346061358,0.9765734517552652,-0.33241824663612085,0.36041263700838166,0.062079047033712795,2.4794281487619063,0.4011744595515548,broad,D100,3,20,0.01,0.0223511712873415,5.6324951644100585
4672,0.22457967397932546,0.1001375644912591,2.2427115650384004,-0.1703316451757073,0.3807791095890411,0.18643842052474627,8.116038907511646,0.31732958615330237,broad,D100,5,1,0.0,0.21746575342465754,54.801369863013704
4672,0.14237761918480488,0.10058386952963813,1.4155114517924943,-0.2234395150491275,0.3711472602739726,0.10418056457923516,4.292824849428056,0.31779384347436335,broad,D100,5,1,0.003,0.21746575342465754,54.801369863013704
4672,0.08757624932179119,0.10141040195671171,0.8635825086185361,-0.25698353937513296,0.3623715753424658,0.049341993948894346,1.9568886895779178,0.3181033483550707,broad,D100,5,1,0.005,0.21746575342465754,54.801369863013704
4672,0.005374194527270634,0.10341833050338488,0.05196558966976107,-0.5083653132260313,0.3491010273972603,-0.032915861996616794,-1.2310401454543194,0.31856760567613174,broad,D100,5,1,0.008,0.21746575342465754,54.801369863013704
4672,-0.04942717533574306,0.10524624243849023,-0.4696336343278965,-0.7848037775138983,0.3420376712328767,-0.08775443262695759,-3.154931934951794,0.318877110556839,broad,D100,5,1,0.01,0.21746575342465754,54.801369863013704
4668,0.1384528795220863,0.10349644774264714,1.3377548944130078,-0.21260051610138941,0.36546700942587834,0.09731948346427481,4.153960508937022,0.336731701636778,broad,D100,5,5,0.0,0.08547557840616966,21.539845758354755
4668,0.10614311088455416,0.10358533997631142,1.0246924025043282,-0.23132691948032225,0.36053984575835474,0.06502771983997688,2.7007205466004036,0.33658430659223015,broad,D100,5,5,0.003,0.08547557840616966,21.539845758354755
4668,0.08460326512619941,0.10388191359762035,0.814417661325575,-0.2435783429367553,0.35796915167095117,0.043499877423778276,1.7728106618495059,0.3364860432291982,broad,D100,5,5,0.005,0.08547557840616966,21.539845758354755
4668,0.05229349648866729,0.10467870821770894,0.4995619202704355,-0.2793617989738685,0.35389888603256214,0.011208113799480371,0.4436649677745773,0.33633864818465037,broad,D100,5,5,0.008,0.08547557840616966,21.539845758354755
4668,0.03075365073031253,0.10544039049623816,0.2916685966883795,-0.3077433013051569,0.3517566409597258,-0.010319728616718263,-0.400474606718043,0.33624038482161855,broad,D100,5,5,0.01,0.08547557840616966,21.539845758354755
4663,0.15569260881960173,0.10761507140512375,1.446754685814286,-0.27620676298692604,0.37936950461076563,0.11107552002822547,4.65107671405647,0.3657787797905067,broad,D100,5,10,0.0,0.04074630066480806,10.268067767531631
4663,0.14029050716830427,0.10771389317573683,1.3024365105754576,-0.293437377175354,0.37658159982843664,0.09563229828537854,3.948360565724438,0.3661158895688289,broad,D100,5,10,0.003,0.04074630066480806,10.268067767531631
4663,0.13002243940077265,0.10789392196185864,1.2050951252540123,-0.3047099936906241,0.37615269140038604,0.08533681712348057,3.488712290489607,0.36634062942104373,broad,D100,5,10,0.005,0.04074630066480806,10.268067767531631
4663,0.1146203377494752,0.10833404841729248,1.0580269031206933,-0.3271595522959314,0.37379369504610765,0.06989359538063372,2.813620116812425,0.3666777391993659,broad,D100,5,10,0.008,0.04074630066480806,10.268067767531631
4663,0.10435226998194355,0.10873978404184693,0.9596512527722614,-0.3418967235250405,0.37293587819000645,0.05959811421873578,2.3736972186233896,0.3669024790515808,broad,D100,5,10,0.01,0.04074630066480806,10.268067767531631
4653,0.1474814784058055,0.10933967306607359,1.3488377481857199,-0.30672467286550986,0.36449602407049214,0.10193196756780139,4.204435517213613,0.3763443457448977,broad,D100,5,20,0.0,0.02192134107027724,5.524177949709864
4653,0.13919521148124073,0.1093604213177279,1.272811587629431,-0.31294833189414395,0.3634214485278315,0.09363961144609584,3.841664743045161,0.37639465660163096,broad,D100,5,20,0.003,0.02192134107027724,5.524177949709864
4653,0.13367103353153084,0.10943599705865838,1.2214539742337465,-0.31707151689725566,0.36320653341929937,0.0881113740316255,3.6007361506160502,0.3764281971727863,broad,D100,5,20,0.005,0.02192134107027724,5.524177949709864
4653,0.12538476660696607,0.10964172067202692,1.1435862720727594,-0.3232176203392162,0.3619170427681066,0.07981901790991998,3.241218933288304,0.3764785080295195,broad,D100,5,20,0.008,0.02192134107027724,5.524177949709864
4653,0.1198605886572562,0.10984017399578584,1.091227228589922,-0.3272893604897792,0.3610573823339781,0.07429078049544965,3.0030682272209197,0.37651204860067494,broad,D100,5,20,0.01,0.02192134107027724,5.524177949709864
4672,0.2141650276294472,0.09907347951460646,2.161678672019112,-0.21406007187781628,0.3882705479452055,0.17705672809143758,7.627811732419462,0.30873556238188116,broad,D100,10,1,0.0,0.14897260273972604,37.541095890410965
4672,0.15785338379383076,0.09925990092179532,1.5903036606715935,-0.24869081365147494,0.3807791095890411,0.12067925113041358,4.906866249468961,0.3092832842459683,broad,D100,10,1,0.003,0.14897260273972604,37.541095890410965
4672,0.1203122879034198,0.09978509578986323,1.2057140092021825,-0.2714314010416078,0.3758561643835616,0.08309426648973094,3.247416526434852,0.30964843215535987,broad,D100,10,1,0.005,0.14897260273972604,37.541095890410965
4672,0.06400064406780333,0.10116177136785111,0.6326564195389578,-0.3362397747189133,0.3660102739726027,0.026716789528706937,0.983265774284753,0.3101961540194471,broad,D100,10,1,0.008,0.14897260273972604,37.541095890410965
4672,0.026459548177392378,0.10245983652865852,0.2582431230991815,-0.412297224254601,0.3604452054794521,-0.01086819511197575,-0.38429167722005086,0.3105613019288385,broad,D100,10,1,0.01,0.14897260273972604,37.541095890410965
4668,0.14846848333962984,0.1045892411683212,1.419538775510297,-0.2997384126827083,0.3723221936589546,0.10646156541429684,4.100592548093066,0.3438826430386026,broad,D100,10,5,0.0,0.06812339331619537,17.16709511568123
4668,0.12271784066610798,0.10468267202495359,1.1722841831631436,-0.32857462273704285,0.36825192802056556,0.0807467641552706,3.0268211546710853,0.343589233263363,broad,D100,10,5,0.003,0.06812339331619537,17.16709511568123
4668,0.10555074555042673,0.1049356917216086,1.0058612452896376,-0.3481605680903138,0.36568123393316193,0.06360356331591976,2.3407346252169923,0.34339362674653656,broad,D100,10,5,0.005,0.06812339331619537,17.16709511568123
4668,0.07980010287690488,0.10559857796106514,0.7556929687663757,-0.37694113044861577,0.36225364181662384,0.037888762056893455,1.3559768610604297,0.3431002169712969,broad,D100,10,5,0.008,0.06812339331619537,17.16709511568123
4668,0.06263300776122367,0.10622665603792479,0.5896166752991132,-0.39544154697944955,0.3607540702656384,0.020745561217542598,0.7286400708937942,0.34290461045447046,broad,D100,10,5,0.01,0.06812339331619537,17.16709511568123
4663,0.16886883914986814,0.10685811170910516,1.5803090326878686,-0.23607568679858182,0.3800128672528415,0.12498575330914183,4.954992893669705,0.35976129386920985,broad,D100,10,10,0.0,0.03774394166845379,9.511473300450355
4663,0.15460162919919257,0.10701089011850752,1.4447279994398836,-0.2509884994529328,0.37765387089856317,0.11065386237305949,4.307795578862239,0.3602915600196613,broad,D100,10,10,0.003,0.03774394166845379,9.511473300450355
4663,0.14509015589874225,0.10721940000735754,1.3532080564598008,-0.2629396398251703,0.37722496247051257,0.10109926841567125,3.887485058386346,0.36064507078662883,broad,D100,10,10,0.005,0.03774394166845379,9.511473300450355
4663,0.1308229459480667,0.1076909122162377,1.214800239461071,-0.2805316004853453,0.3752948745442848,0.08676737747958896,3.2740889930445225,0.3611753369370803,broad,D100,10,10,0.008,0.03774394166845379,9.511473300450355
4663,0.12131147264761637,0.10811000826944678,1.1221113992079907,-0.29204004656171356,0.3744370576881836,0.07721278352220069,2.8766550083853986,0.3615288477040478,broad,D100,10,10,0.01,0.03774394166845379,9.511473300450355
4653,0.16578472294299793,0.1105970401217457,1.498997828156173,-0.3001850502049701,0.37868042123361273,0.11933430441094282,4.467828041272475,0.38378792769465775,broad,D100,10,20,0.0,0.02192134107027724,5.524177949709864
4653,0.15749845601843313,0.1106368685363693,1.4235621280862554,-0.30855736010522605,0.3771760154738878,0.11105250422008921,4.130293934437057,0.38375102213968626,broad,D100,10,20,0.003,0.02192134107027724,5.524177949709864
4653,0.15197427806872324,0.11072443970715809,1.3725450177997014,-0.3140900879393037,0.3769611003653557,0.1055313040928535,3.9068074357211913,0.3837264184363719,broad,D100,10,20,0.005,0.02192134107027724,5.524177949709864
4653,0.14368801114415847,0.11094703582976845,1.2951045520911992,-0.3223165474080375,0.375886524822695,0.0972495039019999,3.5741799845881026,0.3836895128814004,broad,D100,10,20,0.008,0.02192134107027724,5.524177949709864
4653,0.1381638331944486,0.11115597527084249,1.2429726144527888,-0.3277527718147091,0.37481194928003436,0.09172830377476417,3.3543262860331606,0.38366490917808604,broad,D100,10,20,0.01,0.02192134107027724,5.524177949709864
4672,0.20158145703579544,0.09891460932624396,2.0379341172033723,-0.16144577193769372,0.3929794520547945,0.1647010306627519,6.451751702342413,0.30683969136075084,broad,D100,20,1,0.0,0.1014554794520548,25.56678082191781
4672,0.16323128580291874,0.09900594797427253,1.648701811787466,-0.21237410844804505,0.3863441780821918,0.1263232640715788,4.6566944249958535,0.30706928065933986,broad,D100,20,1,0.003,0.1014554794520548,25.56678082191781
4672,0.1376645049810009,0.09935629884860075,1.3855639408506377,-0.24481680646001236,0.3812071917808219,0.10073808634413009,3.5646559401039446,0.30722234019173267,broad,D100,20,1,0.005,0.1014554794520548,25.56678082191781
4672,0.09931433374812419,0.1003099470869958,0.9900746300064527,-0.29104859953468054,0.3767123287671233,0.06236031975295701,2.0755616409640085,0.30745192949032174,broad,D100,20,1,0.008,0.1014554794520548,25.56678082191781
4672,0.0737475529262064,0.1012248532538281,0.7285518383640377,-0.32032242105879893,0.3739297945205479,0.0367751420255083,1.1755196397001242,0.30760498902271444,broad,D100,20,1,0.01,0.1014554794520548,25.56678082191781
4668,0.15216663644066178,0.10447004661256996,1.456557562427209,-0.19279688743439005,0.3856041131105398,0.11041732331074969,4.4292850491380795,0.3417738042500437,broad,D100,20,5,0.0,0.049271636675235646,12.416452442159382
4668,0.13354195777742273,0.10458825488320958,1.2768351276780059,-0.20199471453172257,0.3823907455012853,0.09182556831615546,3.5750634237475944,0.34150428011565637,broad,D100,20,5,0.003,0.049271636675235646,12.416452442159382
4668,0.12112550533526334,0.10480790053055386,1.1556905989157995,-0.2158814792880368,0.3808911739502999,0.07943106498642596,3.031031123534865,0.341324597359398,broad,D100,20,5,0.005,0.049271636675235646,12.416452442159382
4668,0.10250082667202427,0.10534686732723274,0.9729840978909419,-0.23681533831896773,0.3783204798628963,0.060839309991831673,2.2524133293272266,0.3410550732250106,broad,D100,20,5,0.008,0.049271636675235646,12.416452442159382
4668,0.09008437422986489,0.1058441846502354,0.8511036721341926,-0.25110614366577777,0.3763924592973436,0.04844480666210219,1.7576827613933963,0.34087539046875226,broad,D100,20,5,0.01,0.049271636675235646,12.416452442159382
4663,0.16519464495253516,0.10817457882668594,1.5271115149632806,-0.17062289973370393,0.39759811280291657,0.12042020321469739,5.127478234949072,0.36706878705705565,broad,D100,20,10,0.0,0.030452498391593395,7.674029594681535
4663,0.1536836005605129,0.10828077827457487,1.4193063903808212,-0.1781040977317957,0.3954535706626635,0.10886633364818349,4.552774333823326,0.3674198754067035,broad,D100,20,10,0.003,0.030452498391593395,7.674029594681535
4663,0.14600957096583134,0.10843734012689119,1.346487942206752,-0.18611756759712728,0.3954535706626635,0.10116375393717418,4.178774507680841,0.3676539343064687,broad,D100,20,10,0.005,0.030452498391593395,7.674029594681535
4663,0.13449852657380906,0.10880008577441772,1.2361987181947043,-0.2018028097985336,0.3941668453785117,0.08960988437066032,3.6320708923436653,0.3680050226561165,broad,D100,20,10,0.008,0.030452498391593395,7.674029594681535
4663,0.1268244969791275,0.10912652342781122,1.1621784786631069,-0.2129818119972181,0.3930945743083852,0.08190730465965107,3.277385748900753,0.3682390815558817,broad,D100,20,10,0.01,0.030452498391593395,7.674029594681535
4653,0.15206340912686211,0.11254448300186304,1.3511405008128645,-0.19862872202997017,0.39630346013324735,0.10411403107434516,3.954709976413406,0.39617280142102024,broad,D100,20,20,0.0,0.019342359767891684,4.8742746615087045
4653,0.14475199713459905,0.11252205073896011,1.2864322697993587,-0.20343918054037402,0.3950139694820546,0.09681117893113834,3.6458374989776443,0.39610207726320884,broad,D100,20,20,0.003,0.019342359767891684,4.8742746615087045
4653,0.13987772247309033,0.11256019999790048,1.2426925545237075,-0.2066340990617096,0.3947990543735225,0.09194261083566707,3.4419874407546227,0.3960549278246678,broad,D100,20,20,0.005,0.019342359767891684,4.8742746615087045
4653,0.13256631048082726,0.1126969721794761,1.1763076497717098,-0.21648965697538258,0.3937244788308618,0.08463975869246029,3.13956564366377,0.39598420366685644,broad,D100,20,20,0.008,0.019342359767891684,4.8742746615087045
4653,0.12769203581931857,0.11284103584465346,1.131609922432033,-0.22430589154967917,0.39243498817966904,0.07977119059698906,2.94032279985929,0.3959370542283155,broad,D100,20,20,0.01,0.019342359767891684,4.8742746615087045
4672,0.23900294959656057,0.10515145112114957,2.2729400978137226,-0.11846307909981935,0.3553082191780822,0.19670930642479303,8.47412518153901,0.35187685429884963,broad,D100+0.5·2330,1,1,0.0,0.4685359589041096,118.07106164383562
4672,0.06189635713080717,0.10640610858033378,0.5816992835902562,-0.2877980801830704,0.3313356164383562,0.01953838819360768,0.8013297444866248,0.3524120351509375,broad,D100+0.5·2330,1,1,0.003,0.4685359589041096,118.07106164383562
4672,-0.05617470451302846,0.1079635340480939,-0.520311834994255,-0.843358357206764,0.3144263698630137,-0.09857555729384918,-3.897531035911949,0.35276882238566254,broad,D100+0.5·2330,1,1,0.005,0.4685359589041096,118.07106164383562
4672,-0.23328129697878192,0.11132064784513297,-2.0955797643516965,-0.9900623283963264,0.292166095890411,-0.2757464755250344,-10.2798697104339,0.3533040032377504,broad,D100+0.5·2330,1,1,0.008,0.4685359589041096,118.07106164383562
4672,-0.35135235862261754,0.11419269313631322,-3.076837483841492,-0.9988459728462208,0.2806078767123288,-0.3938604210124915,-14.095089209797628,0.35366079047247534,broad,D100+0.5·2330,1,1,0.01,0.4685359589041096,118.07106164383562
4668,0.1299874465435754,0.10569183419108884,1.22987218017771,-0.26023417933905246,0.3363324764353042,0.08693493455875245,4.078814076773194,0.35244222480468224,broad,D100+0.5·2330,1,5,0.0,0.09832904884318766,24.77892030848329
4668,0.09281906608085047,0.1057320372979395,0.8778707802564902,-0.3096015584249837,0.33204798628963156,0.04983968335574073,2.307350335834171,0.351843564289804,broad,D100+0.5·2330,1,5,0.003,0.09832904884318766,24.77892030848329
4668,0.06804014577236718,0.10602263135175657,0.6417511516633368,-0.34070702892867244,0.3277634961439589,0.025109515887066235,1.149850562784295,0.35144445727988505,broad,D100+0.5·2330,1,5,0.005,0.09832904884318766,24.77892030848329
4668,0.030871765309642238,0.10684990596620592,0.2889264621290939,-0.38481075527986863,0.32305055698371893,-0.011985735315945507,-0.5384894786963059,0.3508457967650068,broad,D100+0.5·2330,1,5,0.008,0.09832904884318766,24.77892030848329
4668,0.006092845001158952,0.10765766648219496,0.05659462256844125,-0.42286872497362926,0.3194087403598972,-0.036715902784620016,-1.6259990106529127,0.35044668975508786,broad,D100+0.5·2330,1,5,0.01,0.09832904884318766,24.77892030848329
4663,0.09223387307766487,0.11159191362703313,0.8265282857854068,-0.3700782943002233,0.34162556294231183,0.044196814705998066,1.9529167549429227,0.39381629487466346,broad,D100+0.5·2330,1,10,0.0,0.04717992708556723,11.889341625562942
4663,0.07439986063932044,0.11163778732623868,0.6664397640012519,-0.38687568089508484,0.33840874973193225,0.026314630615047137,1.1482313854198913,0.39421121459686437,broad,D100+0.5·2330,1,10,0.003,0.04717992708556723,11.889341625562942
4663,0.06251051901375751,0.11179512313655496,0.5591524680142127,-0.39783794657128135,0.3369075702337551,0.014393174554413177,0.6223203616909834,0.39447449441166504,broad,D100+0.5·2330,1,10,0.005,0.04717992708556723,11.889341625562942
4663,0.04467650657541309,0.11222019060320289,0.3981146916189428,-0.41393484553039794,0.3339052112374008,-0.00348900953653771,-0.14863963061409802,0.39486941413386595,broad,D100+0.5·2330,1,10,0.008,0.04717992708556723,11.889341625562942
4663,0.03278716494985015,0.11262850147070141,0.29110895130198666,-0.42443939870325653,0.33283294016727427,-0.015410465597171666,-0.6496497041929169,0.3951326939486666,broad,D100+0.5·2330,1,10,0.01,0.04717992708556723,11.889341625562942
4653,0.08486493285523955,0.1193356193419154,0.7111450321641866,-0.45961409007003384,0.3260262196432409,0.030382666169140718,1.127683979795616,0.4501495764378518,broad,D100+0.5·2330,1,20,0.0,0.02278100150440576,5.740812379110252
4653,0.07625371428657417,0.11934385091929886,0.638941291898964,-0.4644776567090505,0.32495164410058025,0.021781026328585723,0.8078396887226885,0.4500704339817101,broad,D100+0.5·2330,1,20,0.003,0.02278100150440576,5.740812379110252
4653,0.07051290190746391,0.11940809290032288,0.5905202921742102,-0.46769972571779694,0.32495164410058025,0.016046599768215757,0.594698257353204,0.45001767234428214,broad,D100+0.5·2330,1,20,0.005,0.02278100150440576,5.740812379110252
4653,0.061901683338798544,0.11959239789842736,0.5176055035820346,-0.48259402545543284,0.3236621534493875,0.007444959927660815,0.2754813639333764,0.44993852988814026,broad,D100+0.5·2330,1,20,0.008,0.02278100150440576,5.740812379110252
4653,0.05616087095968831,0.11977368541234884,0.4688915663431531,-0.4928865880293165,0.3236621534493875,0.0017105333672908292,0.06320971004717296,0.4498857682507124,broad,D100+0.5·2330,1,20,0.01,0.02278100150440576,5.740812379110252
4672,0.2579204009995807,0.10106408683743709,2.552048003109642,-0.12227798099137399,0.3784246575342466,0.21890707570340778,10.012497765069845,0.3245850948617001,broad,D100+0.5·2330,3,1,0.0,0.2985873287671233,75.24400684931507
4672,0.14505439072560813,0.10202190341383875,1.4217965541890907,-0.16550926460540194,0.3627996575342466,0.1058521544720868,4.626691911176407,0.32615680607949193,broad,D100+0.5·2330,3,1,0.003,0.2985873287671233,75.24400684931507
4672,0.06981038387629304,0.10329626901100515,0.6758267703633659,-0.2603942578731967,0.3499571917808219,0.030482206984539427,1.28874472100175,0.32720461355801983,broad,D100+0.5·2330,3,1,0.005,0.2985873287671233,75.24400684931507
4672,-0.04305562639767957,0.10611574487289922,-0.4057421115900351,-0.7726017634218091,0.3321917808219178,-0.08257271424678159,-3.3106575557978797,0.3287763247758117,broad,D100+0.5·2330,3,1,0.008,0.2985873287671233,75.24400684931507
4672,-0.11829963324699463,0.1085640074747028,-1.089676366953941,-0.9277429307675111,0.324486301369863,-0.15794266173432894,-6.103827583810145,0.3298241322543394,broad,D100+0.5·2330,3,1,0.01,0.2985873287671233,75.24400684931507
4668,0.1233798386708671,0.10806786862772608,1.1416884614971723,-0.32038805615420407,0.36461011139674376,0.07859249498773455,3.62990674648661,0.36664413580187266,broad,D100+0.5·2330,3,5,0.0,0.09490145672664953,23.91516709511568
4668,0.08750708802819361,0.1081680111601993,0.808992299013371,-0.3676354798086371,0.359254498714653,0.0427087814362492,1.923656985427466,0.3667338818304745,broad,D100+0.5·2330,3,5,0.003,0.09490145672664953,23.91516709511568
4668,0.06359192093307792,0.10848447106858941,0.5861845507166816,-0.39733076101539855,0.356898029134533,0.018786305735258947,0.8308411311620193,0.3667937125162091,broad,D100+0.5·2330,3,5,0.005,0.09490145672664953,23.91516709511568
4668,0.027719170290404407,0.10932937175550729,0.25353818324679156,-0.4393303888586725,0.3511139674378749,-0.01709740781622639,-0.7342924317305382,0.366883458544811,broad,D100+0.5·2330,3,5,0.008,0.09490145672664953,23.91516709511568
4668,0.0038040031952887203,0.11013502829559586,0.03453944902142307,-0.4657234870592559,0.34897172236503854,-0.04101988351721664,-1.7257276140177111,0.36694328923054575,broad,D100+0.5·2330,3,5,0.01,0.09490145672664953,23.91516709511568
4663,0.12011794295081414,0.10841798041018884,1.107915333751465,-0.33532936158117665,0.36242762170276643,0.07491890779572806,2.8639696741500376,0.3705496789367211,broad,D100+0.5·2330,3,10,0.0,0.042461934377010506,10.700407463006648
4663,0.10406733175630417,0.10845626024566249,0.9595327325558062,-0.35305096950466497,0.3598541711344628,0.05885180026394082,2.2193620072664864,0.3706849188253767,broad,D100+0.5·2330,3,10,0.003,0.042461934377010506,10.700407463006648
4663,0.09336692429329753,0.10859979560945744,0.859733885955552,-0.36461643034944535,0.3594252627064122,0.048140395242749344,1.7983855989627815,0.37077507875114707,broad,D100+0.5·2330,3,10,0.005,0.042461934377010506,10.700407463006648
4663,0.07731631309878756,0.10899118935027886,0.7093813138446107,-0.38159910351072013,0.3568518121381085,0.032073287710962135,1.1807557075284918,0.37091031863980267,broad,D100+0.5·2330,3,10,0.008,0.042461934377010506,10.700407463006648
4663,0.0666159056357809,0.10936853204712872,0.6090957278925075,-0.3926817285189077,0.3559939952820073,0.02136188268977065,0.7785518721539234,0.37100047856557306,broad,D100+0.5·2330,3,10,0.01,0.042461934377010506,10.700407463006648
4653,0.138382317944363,0.10835609704209416,1.2771068885085837,-0.3383033974709172,0.34579840962819686,0.09347254434460599,3.6146691832827944,0.37105863602052713,broad,D100+0.5·2330,3,20,0.0,0.02407049215559854,6.065764023210832
4653,0.12928367190954676,0.10837188516660153,1.1929632091459632,-0.3481829489056216,0.3445089189770041,0.08436907416562103,3.243135886265307,0.37109849461280503,broad,D100+0.5·2330,3,20,0.003,0.02407049215559854,6.065764023210832
4653,0.12321790788633592,0.10845067645409127,1.1361654156071204,-0.3546953536279517,0.3445089189770041,0.07830009404629774,2.9970478136451875,0.3711250670076568,broad,D100+0.5·2330,3,20,0.005,0.02407049215559854,6.065764023210832
4653,0.11411926185151966,0.10867096521768543,1.0501357158549245,-0.364354198316614,0.3434343434343434,0.06919662386731278,2.6307139477504653,0.37116492559993464,broad,D100+0.5·2330,3,20,0.008,0.02407049215559854,6.065764023210832
4653,0.10805349782830882,0.10888557095967474,0.992358279209703,-0.3707453529547169,0.34300451321727915,0.06312764374798951,2.388575175972268,0.37119149799478657,broad,D100+0.5·2330,3,20,0.01,0.02407049215559854,6.065764023210832
4672,0.24857733595997347,0.09962633543994186,2.495096651525684,-0.1307654559085657,0.3867722602739726,0.21066581173263121,9.646553177467286,0.3154182729686634,broad,D100+0.5·2330,5,1,0.0,0.2363013698630137,59.54794520547945
4672,0.1592554181517543,0.10001779244191877,1.5922708776464485,-0.16783790568566914,0.3741438356164384,0.12129581489268365,5.337106697213943,0.31581828339986706,broad,D100+0.5·2330,5,1,0.003,0.2363013698630137,59.54794520547945
4672,0.09970747294627486,0.10084332526163366,0.9887364650817307,-0.20961041919235246,0.3638698630136986,0.0617158169993853,2.6349910869425246,0.31608495702066974,broad,D100+0.5·2330,5,1,0.005,0.2363013698630137,59.54794520547945
4672,0.010385555138055658,0.10290129490277278,0.10092735128229967,-0.49913355850411445,0.3488869863013699,-0.027654179840562246,-1.1241481603048902,0.3164849674518735,broad,D100+0.5·2330,5,1,0.008,0.2363013698630137,59.54794520547945
4672,-0.04916239006742378,0.10479468516225848,-0.4691305669872797,-0.7717107477116433,0.3435359589041096,-0.08723417773386064,-3.4254003009811895,0.3167516410726757,broad,D100+0.5·2330,5,1,0.01,0.2363013698630137,59.54794520547945
4668,0.13483781188831004,0.10828512676243528,1.245210823681522,-0.2983424231114128,0.37425021422450727,0.08986668011002273,3.9683780499735444,0.36814868645786664,broad,D100+0.5·2330,5,5,0.0,0.08718937446443874,21.971722365038563
4668,0.10188022834075217,0.10839791383545065,0.9398725928933245,-0.3441868947339336,0.36953727506426737,0.05692518003986328,2.4682525015970023,0.3680170217466671,broad,D100+0.5·2330,5,5,0.003,0.08718937446443874,21.971722365038563
4668,0.0799085059757136,0.1087039613757417,0.7351020603518312,-0.3731088178270886,0.36696658097686374,0.034964179993090296,1.495848923501542,0.367929245272534,broad,D100+0.5·2330,5,5,0.005,0.08718937446443874,21.971722365038563
4668,0.04695092242815577,0.10950544578951553,0.42875422395340845,-0.4141675808800146,0.36225364181662384,0.0020226799229308952,0.084673915839614,0.36779758056133466,broad,D100+0.5·2330,5,5,0.008,0.08718937446443874,21.971722365038563
4668,0.024979200063117196,0.11026417254803088,0.22653958657546996,-0.44006674640000987,0.3596829477292202,-0.019938320123842074,-0.8218557795038276,0.3677098040872017,broad,D100+0.5·2330,5,5,0.01,0.08718937446443874,21.971722365038563
4663,0.13061906033922221,0.11090172480952772,1.1777910628852597,-0.32182955734210283,0.3795839588247909,0.08323271477539282,3.1819051092770354,0.3884816362653182,broad,D100+0.5·2330,5,10,0.0,0.04331975123311173,10.916577310744156
4663,0.11424419437310596,0.11094119066238643,1.0297725641035451,-0.3339702838423406,0.37658159982843664,0.0668608229558227,2.517989896247137,0.3884572536862655,broad,D100+0.5·2330,5,10,0.003,0.04331975123311173,10.916577310744156
4663,0.1033276170623618,0.11108509973887976,0.9301663076798514,-0.34195306595807473,0.3759382371863607,0.05594622840944262,2.0850830041967012,0.3884409986335637,broad,D100+0.5·2330,5,10,0.005,0.04331975123311173,10.916577310744156
4663,0.08695275109624558,0.11147645024561803,0.780010046109838,-0.353762902353848,0.3731503324040317,0.039574336589872534,1.4511600088694205,0.38841661605451094,broad,D100+0.5·2330,5,10,0.008,0.04331975123311173,10.916577310744156
4663,0.07603617378550141,0.11185338675297551,0.6797842782661984,-0.3615278472066864,0.3727214239759811,0.028659742043492427,1.039245257607435,0.3884003610018092,broad,D100+0.5·2330,5,10,0.01,0.04331975123311173,10.916577310744156
4653,0.15225899463437834,0.10716243989800617,1.420824262486872,-0.303713711127665,0.35568450462067486,0.10833511557953394,4.198011623256155,0.3629128660517087,broad,D100+0.5·2330,5,20,0.0,0.0223511712873415,5.6324951644100585
4653,0.14381025188776325,0.10717162007097507,1.3418687875813022,-0.3099632015025614,0.3546099290780142,0.0998994048318376,3.8597245229664843,0.36280519158898455,broad,D100+0.5·2330,5,20,0.003,0.0223511712873415,5.6324951644100585
4653,0.1381777567233532,0.10724195710083095,1.288467316886392,-0.31487719251723745,0.3546099290780142,0.09427559766670669,3.634287137051236,0.3627334086138351,broad,D100+0.5·2330,5,20,0.005,0.0223511712873415,5.6324951644100585
4653,0.12972901397673808,0.10744353578326586,1.2074157186936432,-0.32307941935758433,0.35289060820975715,0.08583988691901037,3.2966503847819455,0.362625734151111,broad,D100+0.5·2330,5,20,0.008,0.0223511712873415,5.6324951644100585
4653,0.12409651881232804,0.10764169046341748,1.152866684628135,-0.3284997168289576,0.3524607779926929,0.0802160797538795,3.0721269283790638,0.36255395117596156,broad,D100+0.5·2330,5,20,0.01,0.0223511712873415,5.6324951644100585
4672,0.24912780018107825,0.1003111681234379,2.4835499859249377,-0.13364801946782257,0.4041095890410959,0.2108800455724639,8.69080818055102,0.31821565999917334,broad,D100+0.5·2330,10,1,0.0,0.15496575342465754,39.051369863013704
4672,0.1905507453865577,0.10045492963899993,1.896877993656765,-0.1558793446791853,0.3957619863013699,0.15227784252147109,6.022671013116964,0.3184248897726084,broad,D100+0.5·2330,10,1,0.003,0.15496575342465754,39.051369863013704
4672,0.15149937552354398,0.10096014827021646,1.500585905619522,-0.18842303591250253,0.3897688356164384,0.11320970715414247,4.346175671960799,0.3185643762882319,broad,D100+0.5·2330,10,1,0.005,0.15496575342465754,39.051369863013704
4672,0.09292232072902339,0.10231991521770961,0.9081547862047127,-0.23809715787243113,0.3794948630136986,0.0546075041031496,1.9997901972493983,0.31877360606166716,broad,D100+0.5·2330,10,1,0.008,0.15496575342465754,39.051369863013704
4672,0.053870950866009695,0.10361543200095828,0.5199124283486216,-0.3714852913014305,0.3754280821917808,0.015539368735821023,0.5507915930964485,0.3189130925772905,broad,D100+0.5·2330,10,1,0.01,0.15496575342465754,39.051369863013704
4668,0.1506455516430383,0.10793807568185816,1.3956664568215782,-0.22589335750217387,0.39010282776349614,0.10597223087763391,4.359291346757127,0.3657107061609493,broad,D100+0.5·2330,10,5,0.0,0.06812339331619537,17.16709511568123
4668,0.12489490896951644,0.10803562297090863,1.1560530270941058,-0.2555339911265666,0.386675235646958,0.08024944628362346,3.2372093196422056,0.3654826506290155,broad,D100+0.5·2330,10,5,0.003,0.06812339331619537,17.16709511568123
4668,0.1077278138538352,0.10828547241119105,0.9948501073603093,-0.2746848278794263,0.38453299057412166,0.0631009232209498,2.5104585007934985,0.3653306136077264,broad,D100+0.5·2330,10,5,0.005,0.06812339331619537,17.16709511568123
4668,0.08197717118031336,0.10893493012029033,0.7525333801544728,-0.3025255673748726,0.3806769494430163,0.03737813862693937,1.4549946923878672,0.36510255807579256,broad,D100+0.5·2330,10,5,0.008,0.06812339331619537,17.16709511568123
4668,0.06481007606463213,0.10954849116125241,0.5916108508444307,-0.3205120744781784,0.3791773778920309,0.020229615564265755,0.7756184766457084,0.3649505210545034,broad,D100+0.5·2330,10,5,0.01,0.06812339331619537,17.16709511568123
4663,0.1515445928051902,0.11235283790682506,1.3488274584649755,-0.31031130918765715,0.40017156337122023,0.10314526997743523,3.91744270263985,0.3967862029143605,broad,D100+0.5·2330,10,10,0.0,0.03774394166845379,9.511473300450355
4663,0.13727738285451468,0.11245577297937977,1.2207233049715136,-0.3206209261674414,0.3978125670169419,0.08882241277260014,3.3245902680528068,0.3972424089393736,broad,D100+0.5·2330,10,10,0.003,0.03774394166845379,9.511473300450355
4663,0.1277659095540643,0.11262599208682153,1.1344264959332984,-0.3274167306128358,0.3973836585888913,0.07927384130271008,2.9374665129971866,0.3975465462893824,broad,D100+0.5·2330,10,10,0.005,0.03774394166845379,9.511473300450355
4663,0.1134986996033888,0.11303279636601608,1.0041218412031856,-0.3374957632844713,0.3950246622346129,0.06495098409787502,2.3695738941491715,0.39800275231439547,broad,D100+0.5·2330,10,10,0.008,0.03774394166845379,9.511473300450355
4663,0.10398722630293845,0.11340413771791677,0.9169614830245252,-0.34413938393082466,0.394381299592537,0.05540241262798494,1.9997994993990533,0.39830688966440425,broad,D100+0.5·2330,10,10,0.01,0.03774394166845379,9.511473300450355
4653,0.15105937611717685,0.11675907782014024,1.2937698630154824,-0.30371371112766465,0.3982376961100365,0.09920459149448861,3.5844223552168066,0.4284404954857539,broad,D100+0.5·2330,10,20,0.0,0.02149151085321298,5.415860735009671
4653,0.14293558501466236,0.116736464398641,1.2244296223205333,-0.3099632015025616,0.39694820545884374,0.0910945232075266,3.2695340828371533,0.42832711327931805,broad,D100+0.5·2330,10,20,0.003,0.02149151085321298,5.415860735009671
4653,0.1375197242796527,0.1167781381242463,1.1776153181457505,-0.3148771925172372,0.39694820545884374,0.08568781101621861,3.0612024774925,0.42825152514169407,broad,D100+0.5·2330,10,20,0.005,0.02149151085321298,5.415860735009671
4653,0.12939593317713818,0.11692565136569069,1.10665137774128,-0.3230794193575841,0.39544379969911886,0.07757774272925662,2.7513611610481266,0.4281381429352581,broad,D100+0.5·2330,10,20,0.008,0.02149151085321298,5.415860735009671
4653,0.1239800724421285,0.11708049536617107,1.0589302005801982,-0.32849971682895807,0.3947990543735225,0.07217103053794861,2.5467156419116566,0.42806255479763416,broad,D100+0.5·2330,10,20,0.01,0.02149151085321298,5.415860735009671
4672,0.22120344865014308,0.10381427822644448,2.1307613213631744,-0.12607037016869604,0.4160958904109589,0.18045422768688055,7.078828021693029,0.3390274900047654,broad,D100+0.5·2330,20,1,0.0,0.1035958904109589,26.106164383561644
4672,0.1820442020748006,0.10385606749067999,1.752850906771886,-0.17366501987742622,0.4094606164383562,0.1413945694609178,5.348674491683026,0.33819892967095294,broad,D100+0.5·2330,20,1,0.003,0.1035958904109589,26.106164383561644
4672,0.15593803769123896,0.10416518159238163,1.4970265045133266,-0.20450654443060567,0.4060359589041096,0.11535479731027595,4.2501211449144725,0.33764655611507793,broad,D100+0.5·2330,20,1,0.005,0.1035958904109589,26.106164383561644
4672,0.1167787911158965,0.10504576892887349,1.1116943814744928,-0.24877368259459642,0.3994006849315068,0.07629513908431328,2.695473221418036,0.33681799578126564,broad,D100+0.5·2330,20,1,0.008,0.1035958904109589,26.106164383561644
4672,0.09067262673233484,0.10590537893119045,0.8561663972823067,-0.28917324785155896,0.3972602739726027,0.05025536693367142,1.7244091355907503,0.3362656222253907,broad,D100+0.5·2330,20,1,0.01,0.1035958904109589,26.106164383561644
4668,0.1593903946004282,0.10757439422712706,1.4816759670884088,-0.2503526601084378,0.40209940017137963,0.11509098800987053,4.388288114765719,0.36264971999327933,broad,D100+0.5·2330,20,5,0.0,0.04755784061696658,11.984575835475578
4668,0.1414135308472148,0.10764788795223386,1.3136674907171764,-0.26596889381354427,0.39974293059125965,0.09715906619827293,3.6206665343371447,0.3622818102672292,broad,D100+0.5·2330,20,5,0.003,0.04755784061696658,11.984575835475578
4668,0.1294289550117392,0.10782928834425301,1.2003135418878743,-0.27621131200260485,0.39781491002570696,0.08520445165720787,3.1256236841600975,0.3620365371165291,broad,D100+0.5·2330,20,5,0.005,0.04755784061696658,11.984575835475578
4668,0.11145209125852584,0.10829866513645862,1.0291178669477954,-0.29132635712504906,0.39417309340188517,0.06727252984561025,2.4089035925414906,0.361668627390479,broad,D100+0.5·2330,20,5,0.008,0.04755784061696658,11.984575835475578
4668,0.09946751542305028,0.1087417758734046,0.9147129943771449,-0.3012396477150203,0.39267352185089976,0.05531791530454523,1.9485674919463596,0.3614233542397789,broad,D100+0.5·2330,20,5,0.01,0.04755784061696658,11.984575835475578
4663,0.15539905439198612,0.11235508533733905,1.3831065494312986,-0.2651103532804461,0.4100364572163843,0.10709692881629003,4.153635875761359,0.3959893626627845,broad,D100+0.5·2330,20,10,0.0,0.03131031524769462,7.8901994424190445
4663,0.14356375522835754,0.11245980439009834,1.2765783828892894,-0.2717262559763942,0.40832082350418186,0.09519409696285468,3.6381252051713595,0.3965430075899336,broad,D100+0.5·2330,20,10,0.003,0.03131031524769462,7.8901994424190445
4663,0.1356735557859385,0.11261445077785066,1.2047615101686682,-0.2761092239333741,0.40789191507613126,0.0872588757272311,3.3011591355430214,0.39691210420803297,broad,D100+0.5·2330,20,10,0.005,0.03131031524769462,7.8901994424190445
4663,0.12383825662230998,0.11297297412793825,1.0961759445411001,-0.2826424469226928,0.40639073557795413,0.07535604387379574,2.806395552975558,0.39746574913518207,broad,D100+0.5·2330,20,10,0.008,0.03131031524769462,7.8901994424190445
4663,0.11594805717989089,0.11329573590914113,1.0234106010210025,-0.2869705718555974,0.4055329187218529,0.06742082263817216,2.483973233828781,0.3978348457532815,broad,D100+0.5·2330,20,10,0.01,0.03131031524769462,7.8901994424190445
4653,0.1497680687069976,0.11602216148182233,1.2908574258070724,-0.2475918456059938,0.4081237911025145,0.09870960401841367,3.6363317191773357,0.4218610504139946,broad,D100+0.5·2330,20,20,0.0,0.017623038899634645,4.441005802707931
4653,0.1431065600029357,0.11599560868325073,1.2337239454789781,-0.26100125999401325,0.40704921555985385,0.09206345546978972,3.366880878924183,0.4217341399918521,broad,D100+0.5·2330,20,20,0.003,0.017623038899634645,4.441005802707931
4653,0.13866555420022775,0.11602492527642688,1.195135906098281,-0.2698187816863892,0.40683430045132174,0.08763268977070711,3.1887134468255676,0.4216495330437571,broad,D100+0.5·2330,20,20,0.005,0.017623038899634645,4.441005802707931
4653,0.13200404549616587,0.11613935664245988,1.1366004540781653,-0.2828643586146363,0.4057597249086611,0.0809865412220832,2.923868497273604,0.42152262262161466,broad,D100+0.5·2330,20,20,0.008,0.017623038899634645,4.441005802707931
4653,0.12756303969345797,0.11626250733127144,1.0971984229618192,-0.2914423389489882,0.4046851493660004,0.07655577552300051,2.749021207633414,0.4214380156735197,broad,D100+0.5·2330,20,20,0.01,0.017623038899634645,4.441005802707931
4672,0.23233655351318375,0.10875956932299413,2.136240102451958,-0.1990568902287756,0.375,0.18709055141978148,9.329352832174795,0.37644004375705764,broad,6L-EW-raw,1,1,0.0,0.4443493150684932,111.97602739726028
4672,0.06437251241729335,0.10990293881496155,0.5857214839875605,-0.35713823773292874,0.3525256849315068,0.0189730126376348,0.8815530278536312,0.3777171217983763,broad,6L-EW-raw,1,1,0.003,0.4443493150684932,111.97602739726028
4672,-0.04760351497996692,0.11135938597999127,-0.42747644988380396,-0.7278511492405679,0.3381849315068493,-0.09310534655046303,-4.115048851250265,0.3785685071592555,broad,6L-EW-raw,1,1,0.005,0.4443493150684932,111.97602739726028
4672,-0.21556755607585731,0.11453240354600594,-1.8821534290884507,-0.9868011744757637,0.316138698630137,-0.26122288533260957,-10.691161480024041,0.379845585200574,broad,6L-EW-raw,1,1,0.008,0.4443493150684932,111.97602739726028
4672,-0.3275435834731176,0.11726505332477488,-2.793190078257669,-0.9982955538124585,0.3058647260273973,-0.3733012445207076,-14.511723207427304,0.38069697056145313,broad,6L-EW-raw,1,1,0.01,0.4443493150684932,111.97602739726028
4668,0.14338658912731161,0.10616553251807039,1.350594545389822,-0.36218097416336326,0.35304198800342756,0.10001102079481826,4.516149500748908,0.3550868718336494,broad,6L-EW-raw,1,5,0.0,0.10004284490145672,25.210796915167094
4668,0.10557039375456097,0.10616504790610813,0.9943987765910202,-0.40113163751512626,0.3476863753213368,0.06226572292195875,2.760717849944117,0.3545064812491574,broad,6L-EW-raw,1,5,0.003,0.10004284490145672,25.210796915167094
4668,0.08035959683939388,0.1064315862172166,0.7550352268112185,-0.42579831079846175,0.34361610968294776,0.0371021910067191,1.6225867742014182,0.35411955419282914,broad,6L-EW-raw,1,5,0.005,0.10004284490145672,25.210796915167094
4668,0.04254340146664324,0.10722770577640729,0.3967575465556947,-0.4609491195621265,0.33718937446443875,-0.0006431068661404031,-0.027495367571657336,0.35353916360833715,broad,6L-EW-raw,1,5,0.008,0.10004284490145672,25.210796915167094
4668,0.017332604551476147,0.10801811665986315,0.16046016249343215,-0.4832065476473747,0.3344044558697515,-0.025806638781380082,-1.085501547370398,0.353152236552009,broad,6L-EW-raw,1,5,0.01,0.10004284490145672,25.210796915167094
4663,0.10875609134238755,0.11127491271423307,0.9773639780036122,-0.365779184557374,0.35084709414539994,0.061038287095722656,2.623576641452808,0.39119899313110224,broad,6L-EW-raw,1,10,0.0,0.04846665236971907,12.213596397169205
4663,0.09043569674663374,0.11127393243500766,0.8127303023055735,-0.3845499329288806,0.3474158267209951,0.04267685231664018,1.8016469246261346,0.3915354478077069,broad,6L-EW-raw,1,10,0.003,0.04846665236971907,12.213596397169205
4663,0.07822210034946453,0.11140378333936092,0.7021494064629965,-0.39676924543050063,0.3461291014368432,0.030435895797251884,1.2688282472288583,0.39175975092544324,broad,6L-EW-raw,1,10,0.005,0.04846665236971907,12.213596397169205
4663,0.05990170575371072,0.1117934068299677,0.5358250316569946,-0.41466693886341366,0.34291228822646364,0.0120744610181694,0.49358411217611975,0.39209620560204783,broad,6L-EW-raw,1,10,0.008,0.04846665236971907,12.213596397169205
4663,0.04768810935654152,0.11218200122560325,0.4250959051857036,-0.42631721580519133,0.3422689255843877,-0.00016649550121891708,-0.006714548886220209,0.3923205087197842,broad,6L-EW-raw,1,10,0.01,0.04846665236971907,12.213596397169205
4653,0.0976503138389287,0.12303997934548462,0.7936470272376742,-0.4334033038800905,0.3438641736514077,0.039807756695389385,1.4512411237110383,0.4779133501963861,broad,6L-EW-raw,1,20,0.0,0.024500322372662798,6.174081237911025
4653,0.08838919198206217,0.1230100113648691,0.7185528316055874,-0.4401873612701097,0.34278959810874704,0.03055728758156032,1.110344562433746,0.47782533389203796,broad,6L-EW-raw,1,20,0.003,0.024500322372662798,6.174081237911025
4653,0.08221511074415114,0.12305123900530349,0.6681372037270399,-0.4446704821032539,0.34257468300021493,0.024390308172340964,0.8840587631754286,0.4777666563558058,broad,6L-EW-raw,1,20,0.005,0.024500322372662798,6.174081237911025
4653,0.0729539888872846,0.12320476701961516,0.5921360889848505,-0.451336262696864,0.3408553621319579,0.015139839058511916,0.546487759308826,0.47767864005145766,broad,6L-EW-raw,1,20,0.008,0.024500322372662798,6.174081237911025
4653,0.06677990764937358,0.12336806590750703,0.5413062704528464,-0.45574112494961583,0.3406404470234258,0.008972859649292545,0.32289802665699996,0.4776199625152255,broad,6L-EW-raw,1,20,0.01,0.024500322372662798,6.174081237911025
4672,0.2507225423938268,0.10118736132369115,2.4778049265637363,-0.14997121681060255,0.3931934931506849,0.21169549189029105,10.403825299523925,0.32469928655646046,broad,6L-EW-raw,3,1,0.0,0.2778253424657534,70.01198630136986
4672,0.14570456294177195,0.1019000951387177,1.4298766133969039,-0.212739198770859,0.3801369863013699,0.10656491394944415,4.963483144196532,0.3256360893254745,broad,6L-EW-raw,3,1,0.003,0.2778253424657534,70.01198630136986
4672,0.07569257664040208,0.10298813938669689,0.7349640171301064,-0.2532348088104194,0.3690068493150685,0.036477861988879534,1.6337568429884903,0.32626062450481724,broad,6L-EW-raw,3,1,0.005,0.2778253424657534,70.01198630136986
4672,-0.029325402811652714,0.10550162061251561,-0.27796163358815607,-0.6618757624357052,0.3514554794520548,-0.06865271595196748,-2.8899950600025384,0.32719742727383117,broad,6L-EW-raw,3,1,0.008,0.2778253424657534,70.01198630136986
4672,-0.0993373891130226,0.10773290096433474,-0.922071050011997,-0.8973805098189851,0.3441780821917808,-0.13873976791253215,-5.596945508882117,0.32782196245317385,broad,6L-EW-raw,3,1,0.01,0.2778253424657534,70.01198630136986
4668,0.12191675431628982,0.1089933089047743,1.1185709979940743,-0.2836855300818353,0.3751071122536418,0.07632099040070811,3.4701255566895,0.37326213350202847,broad,6L-EW-raw,3,5,0.0,0.09640102827763496,24.29305912596401
4668,0.0854771656273438,0.10903399558894558,0.7839496770309123,-0.3265239745563804,0.3703941730934019,0.039860783118679466,1.7725286832315126,0.373430924183068,broad,6L-EW-raw,3,5,0.003,0.09640102827763496,24.29305912596401
4668,0.06118410650137977,0.10931246856137095,0.5597175446369999,-0.3542542819450999,0.36696658097686374,0.015553978263993688,0.6807226632000212,0.373543451303761,broad,6L-EW-raw,3,5,0.005,0.09640102827763496,24.29305912596401
4668,0.024744517812433774,0.11010338660356266,0.22473893470260528,-0.3937715677672815,0.36182519280205655,-0.020906229018034933,-0.8920824218415859,0.37371224198480074,broad,6L-EW-raw,3,5,0.008,0.09640102827763496,24.29305912596401
4668,0.0004514586864697613,0.1108753298265229,0.004071768599706715,-0.418794287949839,0.3596829477292202,-0.045213033872720715,-1.8954107662971573,0.37382476910549367,broad,6L-EW-raw,3,5,0.01,0.09640102827763496,24.29305912596401
4663,0.11331457233086017,0.11103499916595837,1.0205302218401844,-0.3227432625269142,0.3731503324040317,0.0659973195721582,2.6160683288193725,0.3879152012370275,broad,6L-EW-raw,3,10,0.0,0.04181857173493459,10.538280077203517
4663,0.09750715221505489,0.11105703758638745,0.8779916548666034,-0.3368410802700249,0.37100579026377867,0.050142086019813153,1.9547270959382572,0.38830718424059973,broad,6L-EW-raw,3,10,0.003,0.04181857173493459,10.538280077203517
4663,0.08696887213785137,0.11118533181761028,0.7821973520798241,-0.346087708499513,0.37014797340767747,0.039571930318249814,1.52510395596878,0.3885685062429813,broad,6L-EW-raw,3,10,0.005,0.04181857173493459,10.538280077203517
4663,0.07116145202204609,0.11154739215013348,0.637948146078294,-0.3597334030151522,0.3680034312674244,0.023716696765904814,0.8980824295414671,0.38896048924655363,broad,6L-EW-raw,3,10,0.008,0.04181857173493459,10.538280077203517
4663,0.06062317194484258,0.11190099132881974,0.541757237580694,-0.3686831212158044,0.3673600686253485,0.013146541064341445,0.49187961454950674,0.3892218112489353,broad,6L-EW-raw,3,10,0.01,0.04181857173493459,10.538280077203517
4653,0.11399675065114227,0.11381214935242284,1.0016219823610204,-0.3823190350874349,0.35933806146572106,0.06460056142936893,2.4675127886052075,0.40812680911271043,broad,6L-EW-raw,3,20,0.0,0.02321083172147002,5.849129593810445
4653,0.1052230562604266,0.11380474648807472,0.9245928619633861,-0.39152522697287073,0.3582634859230604,0.05582096768629452,2.1236566058034088,0.40817555141230755,broad,6L-EW-raw,3,20,0.003,0.02321083172147002,5.849129593810445
4653,0.09937392666661618,0.11386256393128359,0.8727532846229308,-0.39759388763263304,0.357618740597464,0.049967905190911585,1.89534702136506,0.4082080462787055,broad,6L-EW-raw,3,20,0.005,0.02321083172147002,5.849129593810445
4653,0.09060023227590049,0.11404322823991324,0.7944376327659228,-0.4065947752527155,0.35654416505480335,0.04118831144783716,1.5546925235315545,0.40825678857830267,broad,6L-EW-raw,3,20,0.008,0.02321083172147002,5.849129593810445
4653,0.08475110268209005,0.11422606542331161,0.7419593975158825,-0.4125279327151138,0.35632924994627124,0.035335248952454226,1.3290303959894272,0.4082892834447007,broad,6L-EW-raw,3,20,0.01,0.02321083172147002,5.849129593810445
4672,0.24023990309206114,0.10185659977665683,2.358609099644406,-0.1725483550003346,0.401541095890411,0.2007680205412882,9.172371071992737,0.3284002233813503,broad,6L-EW-raw,5,1,0.0,0.21746575342465754,54.801369863013704
4672,0.15803784829754056,0.10240448485749745,1.5432707709770777,-0.2185065181164667,0.390625,0.11842046269590838,5.1714357648334195,0.32961078723888715,broad,6L-EW-raw,5,1,0.003,0.21746575342465754,54.801369863013704
4672,0.10323647843452684,0.1032885234513728,0.9994961200421221,-0.24775422527425173,0.382277397260274,0.06352209079898836,2.6842561731620544,0.3304178298105783,broad,6L-EW-raw,5,1,0.005,0.21746575342465754,54.801369863013704
4672,0.0210344236400063,0.10536664153992707,0.1996307686435619,-0.39066920711914577,0.3694349315068493,-0.01882546704639165,-0.7550013454153623,0.3316283936681153,broad,6L-EW-raw,5,1,0.008,0.21746575342465754,54.801369863013704
4672,-0.033766946223007396,0.10723075750495469,-0.3148998198716182,-0.6814198105425283,0.3634417808219178,-0.0737238389433116,-2.8517385353133777,0.3324354362398064,broad,6L-EW-raw,5,1,0.01,0.21746575342465754,54.801369863013704
4668,0.13472122837067538,0.10771886688964438,1.2506743921535521,-0.2566604726805902,0.3873179091688089,0.09023567133185584,4.027515198980341,0.3641736096598548,broad,6L-EW-raw,5,5,0.0,0.0837617823479006,21.107969151670954
4668,0.10305927464316897,0.10781790087556264,0.9558642285395094,-0.2947937716430534,0.3823907455012853,0.058530634466488096,2.5539686308489995,0.364526302598301,broad,6L-EW-raw,5,5,0.003,0.0837617823479006,21.107969151670954
4668,0.081951305491498,0.10810777141067145,0.7580519367121881,-0.3197543148249139,0.380248500428449,0.0373939432229096,1.6056602831098685,0.3647614312239316,broad,6L-EW-raw,5,5,0.005,0.0837617823479006,21.107969151670954
4668,0.050289351763991574,0.10887477322440813,0.46190086348411746,-0.35559208902764694,0.37574978577549273,0.0056889063575418595,0.2381564754501836,0.365114124162378,broad,6L-EW-raw,5,5,0.008,0.0837617823479006,21.107969151670954
4668,0.02918138261232062,0.10960395565341617,0.26624388178649727,-0.3784568976872208,0.37425021422450727,-0.015447784886036653,-0.6353900315391284,0.36534925278800867,broad,6L-EW-raw,5,5,0.01,0.0837617823479006,21.107969151670954
4663,0.12440753709402791,0.11196306105527379,1.1111480511649334,-0.30103485200574565,0.3913789405961827,0.07632421086555723,3.041968666131004,0.3941956069423863,broad,6L-EW-raw,5,10,0.0,0.04074630066480806,10.268067767531631
4663,0.10900543544273048,0.11199951418440628,0.9732670381342364,-0.3135474123466817,0.38901994424190434,0.06090708912042698,2.389097379624034,0.3943187443263649,broad,6L-EW-raw,5,10,0.003,0.04074630066480806,10.268067767531631
4663,0.09873736767519882,0.11213368549281647,0.8805326181981611,-0.321774687010565,0.38880549002787906,0.05062900795700681,1.9641121420513294,0.3944008359156838,broad,6L-EW-raw,5,10,0.005,0.04074630066480806,10.268067767531631
4663,0.08333526602390136,0.11249896008187096,0.7407647676321117,-0.33394623493637754,0.3860175852455501,0.03521188621187655,1.342807476582276,0.3945239732996623,broad,6L-EW-raw,5,10,0.008,0.04074630066480806,10.268067767531631
4663,0.07306719825636973,0.11285099573291721,0.6474661369341996,-0.3419490083441944,0.3855886768174995,0.024933805048456367,0.9397342858809494,0.3946060648889813,broad,6L-EW-raw,5,10,0.01,0.04074630066480806,10.268067767531631
4653,0.1219308791371325,0.11356320083503034,1.0736830085853044,-0.3407983128891673,0.37094347732645605,0.07285412155836751,2.814177849729891,0.4054875646842527,broad,6L-EW-raw,5,20,0.0,0.02278100150440576,5.740812379110252
4653,0.11331966056846712,0.1135522031142639,0.99795210890305,-0.3506166182085825,0.3698689017837954,0.0642544350086069,2.469609174305697,0.4053922835268924,broad,6L-EW-raw,5,20,0.003,0.02278100150440576,5.740812379110252
4653,0.10757884818935688,0.11360662725562373,0.9469416599024292,-0.357088830381878,0.3696539866752633,0.05852131064209982,2.2411074733887286,0.4053287627553188,broad,6L-EW-raw,5,20,0.005,0.02278100150440576,5.740812379110252
4653,0.09896762962069151,0.11378072016417445,0.8698101882101897,-0.3666883304746892,0.36814958091553834,0.04992162409233927,1.9005789140414526,0.4052334815979585,broad,6L-EW-raw,5,20,0.008,0.02278100150440576,5.740812379110252
4653,0.09322681724158126,0.11395820018625068,0.8180790595956543,-0.37301612765771897,0.3677197506984741,0.044188499725832185,1.6752689357987196,0.4051699608263849,broad,6L-EW-raw,5,20,0.01,0.02278100150440576,5.740812379110252
4672,0.22881187636152367,0.10178417805994806,2.248010257810009,-0.13047053372460615,0.4143835616438356,0.18963589545379123,7.910460945501973,0.32593836548672483,broad,6L-EW-raw,10,1,0.0,0.14982876712328766,37.75684931506849
4672,0.17217660238892096,0.10213984195701022,1.6856948188875074,-0.18068291667189662,0.4064640410958904,0.13283690485449973,5.2873790502655496,0.32730046360065873,broad,6L-EW-raw,10,1,0.003,0.14982876712328766,37.75684931506849
4672,0.13441975307385245,0.10276753493996163,1.3079982229055367,-0.23312125563316,0.4002568493150685,0.09497091112163869,3.6585348486214486,0.32820852900994796,broad,6L-EW-raw,10,1,0.005,0.14982876712328766,37.75684931506849
4672,0.0777844791012497,0.10428084480800903,0.7459133961223496,-0.3056400125868669,0.3904109589041096,0.03817192052234726,1.3981565418248327,0.32957062712388197,broad,6L-EW-raw,10,1,0.008,0.14982876712328766,37.75684931506849
4672,0.040027629786181226,0.10565816018124971,0.3788408743585581,-0.3827302361867585,0.3865582191780822,0.0003059267894862658,0.010829215939340128,0.3304786925331712,broad,6L-EW-raw,10,1,0.01,0.14982876712328766,37.75684931506849
4668,0.1356387204694082,0.11091731543402615,1.2228813863610537,-0.2886432428378377,0.4001713796058269,0.08849082185670509,3.472748183044854,0.38596842590240804,broad,6L-EW-raw,10,5,0.0,0.07005141388174807,17.652956298200515
4668,0.10915928602210741,0.1110522997239957,0.9829538541156456,-0.3231536989650391,0.395458440445587,0.06196554823962214,2.375268783873601,0.3863436806375305,broad,6L-EW-raw,10,5,0.003,0.07005141388174807,17.652956298200515
4668,0.09150632972390688,0.11132671675210123,0.8219619907382182,-0.34583112223792645,0.393101970865467,0.04428203249490022,1.6702684146854891,0.3865938504609456,broad,6L-EW-raw,10,5,0.005,0.07005141388174807,17.652956298200515
4668,0.06502689527660611,0.11201227262380169,0.5805336661189073,-0.37847049375417563,0.38946015424164526,0.017756758877817237,0.6533957381137722,0.38696910519606814,broad,6L-EW-raw,10,5,0.008,0.07005141388174807,17.652956298200515
4668,0.0473739389784056,0.11264933689816466,0.42054343401268124,-0.39934598396601395,0.38774635818337616,7.324313309529907e-05,0.002650228391725664,0.38721927501948317,broad,6L-EW-raw,10,5,0.01,0.07005141388174807,17.652956298200515
4663,0.14427334707964853,0.11292162071307613,1.277641484142655,-0.2813967903684518,0.40317392236757454,0.09536653434670686,3.554402913631818,0.40094669485374157,broad,6L-EW-raw,10,10,0.0,0.03559939952820073,8.971048681106584
4663,0.1308167740579887,0.11296586462102721,1.158020385156586,-0.292138177634074,0.40038601758524556,0.08188013255226893,3.007691240423021,0.4011912364050837,broad,6L-EW-raw,10,10,0.003,0.03559939952820073,8.971048681106584
4663,0.12184572537688208,0.1130910393633808,1.0774127292735456,-0.29921859607816514,0.39995710915719496,0.07288919802264367,2.6508163289469224,0.40135426410597835,broad,6L-EW-raw,10,10,0.005,0.03559939952820073,8.971048681106584
4663,0.10838915235522222,0.11342168612448775,0.9556298804820977,-0.3097197521290508,0.39759811280291657,0.05940279622820572,2.1273718243130806,0.40159880565732037,broad,6L-EW-raw,10,10,0.008,0.03559939952820073,8.971048681106584
4663,0.09941810367411563,0.11373672758019317,0.8741072984011978,-0.3166416198254025,0.39695475016084064,0.050411861698580446,1.7865348754379071,0.4017618333582151,broad,6L-EW-raw,10,10,0.01,0.03559939952820073,8.971048681106584
4653,0.1332392405062159,0.11698759229292671,1.1389177082352162,-0.31984765546150495,0.39608854502471524,0.0811555639266654,2.903099585225256,0.43033167262831246,broad,6L-EW-raw,10,20,0.0,0.02192134107027724,5.524177949709864
4653,0.12495297358165113,0.11694254855675339,1.068498806668389,-0.3299780048112815,0.3947990543735225,0.07289690541171742,2.586101076519307,0.4301035632883185,broad,6L-EW-raw,10,20,0.003,0.02192134107027724,5.524177949709864
4653,0.11942879563194125,0.11697027632245728,1.021018325225688,-0.33665591594241295,0.3943692241564582,0.06739113306841879,2.377139774769942,0.4299514903949892,broad,6L-EW-raw,10,20,0.005,0.02192134107027724,5.524177949709864
4653,0.11114252870737645,0.11709842129810971,0.9491377208615759,-0.3465605060279444,0.39264990328820115,0.05913247455347083,2.0674644629211136,0.4297233810549954,broad,6L-EW-raw,10,20,0.008,0.02192134107027724,5.524177949709864
4653,0.1056183507576666,0.1172414063400085,0.900862195830079,-0.353089412391435,0.39200515796260477,0.05362670221017219,1.8636362354834821,0.429571308161666,broad,6L-EW-raw,10,20,0.01,0.02192134107027724,5.524177949709864
4672,0.20995913530341498,0.1029097768731581,2.040225347706283,-0.12174479350828216,0.4210188356164384,0.17009789969879527,7.2195458201800005,0.33163958318875403,broad,6L-EW-raw,20,1,0.0,0.10231164383561644,25.782534246575345
4672,0.17128533393355194,0.10307563671676045,1.6617441268320623,-0.1586570297569948,0.4141695205479452,0.13139725730922674,5.255044411239862,0.33186289650186335,broad,6L-EW-raw,20,1,0.003,0.10231164383561644,25.782534246575345
4672,0.1455027996869766,0.103466117382864,1.4062845245130915,-0.1910100180024299,0.4101027397260274,0.10559682904951442,4.056638520831807,0.3320117720439362,broad,6L-EW-raw,20,1,0.005,0.10231164383561644,25.782534246575345
4672,0.10682899831711361,0.10446542214033905,1.022625440345221,-0.24512889963525897,0.4034674657534247,0.06689618665994589,2.4191469528683878,0.3322350853570457,broad,6L-EW-raw,20,1,0.008,0.10231164383561644,25.782534246575345
4672,0.08104646407053824,0.1054012483961793,0.7689326768303828,-0.2792233196017162,0.4000428082191781,0.04109575840023351,1.4278338867734965,0.3323839608991187,broad,6L-EW-raw,20,1,0.01,0.10231164383561644,25.782534246575345
4668,0.15579133697570427,0.10760200106620638,1.447847952937674,-0.2316753831316457,0.4119537275064267,0.11146904614429641,4.262597934500817,0.3628370580227316,broad,6L-EW-raw,20,5,0.0,0.05098543273350471,12.848329048843187
4668,0.13651884340243947,0.10768041860852037,1.267814939490189,-0.25889394974518487,0.408311910882605,0.09220465744347739,3.420743706004668,0.36277070883322193,broad,6L-EW-raw,20,5,0.003,0.05098543273350471,12.848329048843187
4668,0.12367051435359631,0.10787407855499448,1.1464340276199791,-0.2765236508501214,0.4065981148243359,0.07936173164293142,2.8850394090288174,0.36272647604021546,broad,6L-EW-raw,20,5,0.005,0.05098543273350471,12.848329048843187
4668,0.10439802078033152,0.10837512501946019,0.96330242536362,-0.30221663180575653,0.4033847472150814,0.06009734294211238,2.1189170515697073,0.3626601268507058,broad,6L-EW-raw,20,5,0.008,0.05098543273350471,12.848329048843187
4668,0.09154969173148832,0.10884801934713081,0.8410781590754003,-0.31885699048363203,0.40209940017137963,0.0472544171415664,1.632460122640344,0.36261589405769934,broad,6L-EW-raw,20,5,0.01,0.05098543273350471,12.848329048843187
4663,0.15417926378717284,0.11265002253413982,1.3686571943689327,-0.3176177883911854,0.4168989920651941,0.10565243383896883,3.9819074081623533,0.3978315288241372,broad,6L-EW-raw,20,10,0.0,0.02830795625134034,7.133604975337765
4663,0.14347885632416618,0.11271705693191648,1.2729116624365955,-0.32781257585205703,0.4149689041389663,0.09493890494150756,3.528222667744752,0.3979391006629535,broad,6L-EW-raw,20,10,0.003,0.02830795625134034,7.133604975337765
4663,0.13634525134882844,0.11283855446077848,1.2083214996893696,-0.33453273018731966,0.4149689041389663,0.08779655234320005,3.2315993189101944,0.3980108152221642,broad,6L-EW-raw,20,10,0.005,0.02830795625134034,7.133604975337765
4663,0.1256448438858218,0.11313551774117127,1.1105693984913656,-0.3444996269250449,0.4134677246407892,0.0770830234457388,2.7957534342053743,0.39811838706098035,broad,6L-EW-raw,20,10,0.008,0.02830795625134034,7.133604975337765
4663,0.11851123891048401,0.11340950398523689,1.0449850739662108,-0.3510693743623593,0.4130388162127386,0.06994067084743126,2.511406655553884,0.3981901016201912,broad,6L-EW-raw,20,10,0.01,0.02830795625134034,7.133604975337765
4653,0.13038169746923292,0.1183480357741709,1.1016802823667002,-0.3628342177305016,0.4083387062110466,0.07727102226260837,2.7048733762253,0.43881705741678295,broad,6L-EW-raw,20,20,0.0,0.018912529550827423,4.76595744680851
4653,0.12323276129902015,0.11833639282719621,1.0413766919444132,-0.3760766931787112,0.40704921555985385,0.07013159141410225,2.4324184045665476,0.43873852146737374,broad,6L-EW-raw,20,20,0.003,0.018912529550827423,4.76595744680851
4653,0.11846680385221164,0.1183780249743401,1.0007499607962778,-0.3847625345352884,0.40683430045132174,0.06537197084843151,2.2531173977519594,0.4386861641677676,broad,6L-EW-raw,20,20,0.005,0.018912529550827423,4.76595744680851
4653,0.11131786768199887,0.11851446025484146,0.9392766709027087,-0.3975809799439066,0.40554480980012897,0.05823253999992543,1.987797994095493,0.43860762821835847,broad,6L-EW-raw,20,20,0.008,0.018912529550827423,4.76595744680851
4653,0.10655191023519035,0.11865460947747157,0.8980005977384378,-0.40598835347258766,0.4049000644745326,0.05347291943425467,1.8134057847868392,0.43855527091875235,broad,6L-EW-raw,20,20,0.01,0.018912529550827423,4.76595744680851
4672,0.22608282102177124,0.10974185914754395,2.060132959090944,-0.1861891595699975,0.348458904109589,0.179877171549313,8.585000907867943,0.3844241679812799,broad,6L-EW-zscore,1,1,0.0,0.4449914383561644,112.13784246575342
4672,0.05787605732314112,0.11093017237308085,0.5217341331490238,-0.280267075944754,0.324486301369863,0.011492972156804088,0.5171157047512275,0.3859004067046473,broad,6L-EW-zscore,1,1,0.003,0.4449914383561644,112.13784246575342
4672,-0.054261785142612304,0.11240973462721683,-0.4827142891366133,-0.7563133055646043,0.308861301369863,-0.10076316077153533,-4.324058675568012,0.3868845658535589,broad,6L-EW-zscore,1,1,0.005,0.4449914383561644,112.13784246575342
4672,-0.22246854884124245,0.1156073390149557,-1.924346245980651,-0.9868189116943891,0.2883133561643836,-0.2691473601640441,-10.678421555077481,0.38836080457692623,broad,6L-EW-zscore,1,1,0.008,0.4449914383561644,112.13784246575342
4672,-0.3346063913069959,0.11835014180285462,-2.827258051489087,-0.9983339803393789,0.2771832191780822,-0.3814034930923836,-14.321683918091201,0.38934496372583793,broad,6L-EW-zscore,1,1,0.01,0.4449914383561644,112.13784246575342
4668,0.13007012243600366,0.10414314024213474,1.2489552565208637,-0.3595098421498639,0.32240788346186805,0.08822380150453196,3.697073489047224,0.34256794247401384,broad,6L-EW-zscore,1,5,0.0,0.09747215081405312,24.562982005141386
4668,0.09322564942829158,0.10416793551767688,0.894955333087806,-0.39593455013854784,0.31683804627249357,0.05143047748720372,2.1334822832045526,0.3421492197761668,broad,6L-EW-zscore,1,5,0.003,0.09747215081405312,24.562982005141386
4668,0.0686626674231502,0.10445016047829213,0.6573725412075395,-0.4190878616350119,0.31276778063410454,0.026901594808984842,1.1068067416708818,0.34187007131093516,broad,6L-EW-zscore,1,5,0.005,0.09747215081405312,24.562982005141386
4668,0.031818194415438115,0.1052677661736836,0.30225961442879473,-0.45220483542928114,0.30719794344473006,-0.009891729208343436,-0.40115198601302177,0.34145134861308823,broad,6L-EW-zscore,1,5,0.008,0.09747215081405312,24.562982005141386
4668,0.007255212410296723,0.10607095481930805,0.06839961441523727,-0.47325306919704413,0.3041988003427592,-0.03442061188656231,-1.3807918669230188,0.3411722001478567,broad,6L-EW-zscore,1,5,0.01,0.09747215081405312,24.562982005141386
4663,0.10188281915271727,0.10659485099076181,0.9557949394905302,-0.2707634092484489,0.3191078704696547,0.057856318702899305,2.672173478301592,0.36093703218245965,broad,6L-EW-zscore,1,10,0.0,0.04825219815569376,12.159553935234827
4663,0.08364348824986502,0.10655747679401122,0.7849612318763726,-0.2901987882474997,0.31610551147330046,0.03955888148767532,1.8050958867056281,0.36141339800132455,broad,6L-EW-zscore,1,10,0.003,0.04825219815569376,12.159553935234827
4663,0.07148393431463018,0.10666828585435957,0.670151711374001,-0.3028827996173713,0.31460433197512333,0.027360590010859297,1.2373788037649922,0.36173097521390113,broad,6L-EW-zscore,1,10,0.005,0.04825219815569376,12.159553935234827
4663,0.05324460341177795,0.10703724418793313,0.49743996882330505,-0.3215081100206181,0.31181642719279434,0.009063152795635299,0.4039415603428557,0.362207341032766,broad,6L-EW-zscore,1,10,0.008,0.04825219815569376,12.159553935234827
4663,0.041085049476543116,0.10741729630402132,0.382480763249345,-0.33366280074058485,0.3111730645507184,-0.003135138681180695,-0.13827684048739547,0.3625249182453426,broad,6L-EW-zscore,1,10,0.01,0.04825219815569376,12.159553935234827
4653,0.08993393249646547,0.12144628304144023,0.7405243721273708,-0.32108516031710144,0.3215130023640662,0.03335976825968394,1.2449686018072461,0.4674334901526873,broad,6L-EW-zscore,1,20,0.0,0.025574897915323448,6.444874274661509
4653,0.08026662108447322,0.12141919345306132,0.6610702871741854,-0.3251792707152903,0.32043842682140555,0.023727089512270254,0.8840864831222298,0.4671473442149495,broad,6L-EW-zscore,1,20,0.003,0.025574897915323448,6.444874274661509
4653,0.07382174680981171,0.12146578920845402,0.6077575199640963,-0.3278983721149461,0.3202235117128734,0.017305303680661178,0.6439354262520566,0.4669565802564576,broad,6L-EW-zscore,1,20,0.005,0.025574897915323448,6.444874274661509
4653,0.06415443539781945,0.12163251745131418,0.5274447716951887,-0.33196160746391223,0.3185041908446164,0.007672624933247546,0.2847952254494558,0.4666704343187198,broad,6L-EW-zscore,1,20,0.008,0.025574897915323448,6.444874274661509
4653,0.05770956112315793,0.12180801983853853,0.47377472517535624,-0.3346601774020812,0.3180743606275521,0.0012508391016384341,0.04633897114353256,0.4664796703602279,broad,6L-EW-zscore,1,20,0.01,0.025574897915323448,6.444874274661509
4672,0.2360681483682105,0.10382031311087138,2.2738146446939487,-0.22281193235711227,0.3578767123287671,0.19491045012810285,9.640562884537239,0.3424259605182909,broad,6L-EW-zscore,3,1,0.0,0.2844606164383562,71.68407534246576
4672,0.1285420353545119,0.10458757608048666,1.2290373309310734,-0.26725624112276103,0.3446061643835616,0.08720170273859001,4.09368434729358,0.34394545150627165,broad,6L-EW-zscore,3,1,0.003,0.2844606164383562,71.68407534246576
4672,0.05685796001204612,0.10570441290778754,0.537895802530466,-0.2954994853711327,0.3334760273972603,0.015395871145581391,0.6937140097357779,0.3449584454982589,broad,6L-EW-zscore,3,1,0.005,0.2844606164383562,71.68407534246576
4672,-0.05066815300165251,0.10825019522196334,-0.4680652344114409,-0.6819278843210836,0.3180650684931507,-0.09231287624393153,-3.887329226207436,0.3464779364862394,broad,6L-EW-zscore,3,1,0.008,0.2844606164383562,71.68407534246576
4672,-0.12235222834411827,0.11049654023703899,-1.1072946544900526,-0.9143934577472499,0.3082191780821918,-0.16411870783694016,-6.5895432730769175,0.3474909304782265,broad,6L-EW-zscore,3,1,0.01,0.2844606164383562,71.68407534246576
4668,0.1192881838879714,0.1062004756434583,1.1232358722050533,-0.279049969783138,0.33547557840616965,0.07596457701939781,3.306853029176311,0.35466149795640717,broad,6L-EW-zscore,3,5,0.0,0.0934018851756641,23.53727506426735
4668,0.08398227129157036,0.10622311634894949,0.7906214219481514,-0.30774905692120647,0.3296915167095116,0.04060298912007938,1.737426762904265,0.3551172745585669,broad,6L-EW-zscore,3,5,0.003,0.0934018851756641,23.53727506426735
4668,0.060444996227303004,0.10648903831186664,0.5676170729449371,-0.3316054162682287,0.3266923736075407,0.017028597187200453,0.7195211273417745,0.35542112562667316,broad,6L-EW-zscore,3,5,0.005,0.0934018851756641,23.53727506426735
4668,0.025139083630901986,0.1072604324143426,0.2343742521360603,-0.36589918013106226,0.32197943444730076,-0.018332990712117966,-0.7588990271936612,0.35587690222883295,broad,6L-EW-zscore,3,5,0.008,0.0934018851756641,23.53727506426735
4668,0.0016018085666346337,0.10801889789681292,0.014828966021897311,-0.38780549416849586,0.3198371893744644,-0.041907382644996945,-1.7095733926738899,0.3561807532969394,broad,6L-EW-zscore,3,5,0.01,0.0934018851756641,23.53727506426735
4663,0.11213425070105978,0.10980319460834155,1.021229401394312,-0.29650353466390444,0.3377653870898563,0.06568475243103025,2.6265793669296267,0.3808011965670121,broad,6L-EW-zscore,3,10,0.0,0.04675101865751662,11.78125670169419
4663,0.09446236564851854,0.10979879141041926,0.8603224537820789,-0.3070106805678108,0.33519193652155266,0.04796923704138659,1.8939105920654413,0.3811588857820521,broad,6L-EW-zscore,3,10,0.003,0.04675101865751662,11.78125670169419
4663,0.08268110894682434,0.10992366515406805,0.7521684146078939,-0.31393675713977254,0.3343341196654514,0.03615889344829082,1.414853251902813,0.3813973452587454,broad,6L-EW-zscore,3,10,0.005,0.04675101865751662,11.78125670169419
4663,0.06500922389428307,0.11030182142220947,0.5893757968460288,-0.3242090988187186,0.33154621488312247,0.018443378058647163,0.7115249532281102,0.38175503447378534,broad,6L-EW-zscore,3,10,0.008,0.04675101865751662,11.78125670169419
4663,0.05322796719258886,0.11068014173379598,0.4809170494252792,-0.3310061634455842,0.33090285224104654,0.006633034465551409,0.2533853583116602,0.38199349395047866,broad,6L-EW-zscore,3,10,0.01,0.04675101865751662,11.78125670169419
4653,0.10004924876632354,0.11442280814154843,0.874382043154859,-0.36237763561682146,0.33139909735654416,0.049961197174500725,1.9051501990746618,0.4138431930257631,broad,6L-EW-zscore,3,20,0.0,0.025574897915323448,6.444874274661509
4653,0.09038193735433128,0.11438946584695263,0.7901246560173452,-0.37374989999221575,0.3301096067053514,0.04032588174460475,1.5364528414211247,0.41357883218572405,broad,6L-EW-zscore,3,20,0.003,0.025574897915323448,6.444874274661509
4653,0.08393706307966976,0.11443586546921068,0.7334856317598549,-0.3812277911742674,0.329464861379755,0.03390233812467411,1.2905988683087024,0.413402591625698,broad,6L-EW-zscore,3,20,0.005,0.025574897915323448,6.444874274661509
4653,0.07426975166767753,0.11460823992515623,0.6480315177702638,-0.3922912610894953,0.32860520094562645,0.024267022694778182,0.9221876816145173,0.413138230785659,broad,6L-EW-zscore,3,20,0.008,0.025574897915323448,6.444874274661509
4653,0.067824877393016,0.114791432841825,0.5908531300107926,-0.3995658517558961,0.32817537072856223,0.017843479074847523,0.6770884757685718,0.41296199022563296,broad,6L-EW-zscore,3,20,0.01,0.025574897915323448,6.444874274661509
4672,0.2236689153735328,0.0971762074993508,2.30168393199567,-0.21808266329014336,0.3465325342465753,0.1876429137958595,9.000758650618078,0.2997310034662416,broad,6L-EW-zscore,5,1,0.0,0.23694349315068494,59.709760273972606
4672,0.13410427496257388,0.09753845091372161,1.374886249538624,-0.2604890236033438,0.3347602739726027,0.09803566100916433,4.5002431459512895,0.30008553212832456,broad,6L-EW-zscore,5,1,0.003,0.23694349315068494,59.709760273972606
4672,0.07439451468860125,0.09836005962814987,0.7563488164794703,-0.28750769889811234,0.3261986301369863,0.038297492484700844,1.6981855222615936,0.30032188456971326,broad,6L-EW-zscore,5,1,0.005,0.23694349315068494,59.709760273972606
4672,-0.01517012572235763,0.10043417245925683,-0.15104545943773967,-0.5236865119738698,0.3144263698630137,-0.05130976030199438,-2.147761330380198,0.30067641323179634,broad,6L-EW-zscore,5,1,0.008,0.23694349315068494,59.709760273972606
4672,-0.07487988599633023,0.10235151829618563,-0.7315952634883464,-0.8083355573005363,0.3058647260273973,-0.11104792882645782,-4.4614356083988,0.30091276567318487,broad,6L-EW-zscore,5,1,0.01,0.23694349315068494,59.709760273972606
4668,0.10659726839886424,0.10535482932479696,1.0117929010186804,-0.3162703521245187,0.32883461868037706,0.06402383244913783,2.8064484852974405,0.3485203485685275,broad,6L-EW-zscore,5,5,0.0,0.09297343616109682,23.429305912596398
4668,0.07145330952996963,0.1054008719342562,0.6779195296841438,-0.3325291567373515,0.3228363324764353,0.028820340449328588,1.2402236082238736,0.3490077066375885,broad,6L-EW-zscore,5,5,0.003,0.09297343616109682,23.429305912596398
4668,0.048024003617373245,0.10568326195226625,0.45441447141425434,-0.3431662215151674,0.3198371893744644,0.005351345782789116,0.22717799008072248,0.34933261201696236,broad,6L-EW-zscore,5,5,0.005,0.09297343616109682,23.429305912596398
4668,0.012880044748478627,0.10648038444491317,0.1209616664667662,-0.372504093538107,0.31533847472150817,-0.02985214621702016,-1.239641591595781,0.34981997008602345,broad,6L-EW-zscore,5,5,0.008,0.09297343616109682,23.429305912596398
4668,-0.010549261164117781,0.10725650612147916,-0.09835544290590302,-0.39416151093630913,0.31362467866323906,-0.053321140883559694,-2.1796983655899305,0.3501448754653974,broad,6L-EW-zscore,5,5,0.01,0.09297343616109682,23.429305912596398
4663,0.10453137750676648,0.10891550039326127,0.9597474843280799,-0.30103485200574576,0.3369075702337551,0.05891525114348541,2.327784342239972,0.3739690663805826,broad,6L-EW-zscore,5,10,0.0,0.047608835513617845,11.997426549431697
4663,0.08653523768261895,0.10891639480458086,0.7945106688288899,-0.31354741234668104,0.3343341196654514,0.04089105374748272,1.591238032749919,0.37419908731370666,broad,6L-EW-zscore,5,10,0.003,0.047608835513617845,11.997426549431697
4663,0.07453781113318725,0.10904807508481663,0.6835316540453593,-0.32177468701056533,0.33326184859532487,0.028874922150147586,1.1118024374235214,0.374352434602456,broad,6L-EW-zscore,5,10,0.005,0.047608835513617845,11.997426549431697
4663,0.056541671309039705,0.10944127519277368,0.516639368551264,-0.33394623493637743,0.33004503538494534,0.010850724754144886,0.4109625106043007,0.3745824555355799,broad,6L-EW-zscore,5,10,0.008,0.047608835513617845,11.997426549431697
4663,0.044544244759608005,0.10983277201348457,0.405564240463121,-0.34194900834419417,0.3291872185288441,-0.0011654068431902614,-0.043640145189242106,0.3747358028243292,broad,6L-EW-zscore,5,10,0.01,0.047608835513617845,11.997426549431697
4653,0.11284074009731049,0.11168463510298143,1.0103515133774943,-0.3407983128891676,0.3322587577906727,0.06513140485917186,2.5329208848398355,0.3941894923960509,broad,6L-EW-zscore,5,20,0.0,0.02471523748119493,6.228239845261122
4653,0.10349838032941883,0.11165265318512411,0.9269674958625014,-0.3506166182085818,0.3309692671394799,0.0558362317899732,2.1664394569581917,0.39379962109072225,broad,6L-EW-zscore,5,20,0.003,0.02471523748119493,6.228239845261122
4653,0.09727014048415772,0.11169933822381065,0.8708210991300476,-0.35708883038187633,0.3303245218138835,0.04963944974384078,1.922492878719856,0.3935397068871698,broad,6L-EW-zscore,5,20,0.005,0.02471523748119493,6.228239845261122
4653,0.08792778071626603,0.11187120497931836,0.7859733050387833,-0.3666883304746895,0.3290350311626907,0.04034427667464212,1.5575613786987497,0.39314983558184113,broad,6L-EW-zscore,5,20,0.008,0.02471523748119493,6.228239845261122
4653,0.08169954087100491,0.11205343263676303,0.7291123435356549,-0.3730161276577185,0.3288201160541586,0.03414749462850971,1.31517597363488,0.3928899213782887,broad,6L-EW-zscore,5,20,0.01,0.02471523748119493,6.228239845261122
4672,0.1947283748100635,0.09666319198443411,2.0145038748712234,-0.17168044692487494,0.3392551369863014,0.15940269218978567,7.923578374694285,0.2939044533453798,broad,6L-EW-zscore,10,1,0.0,0.16117294520547945,40.615582191780824
4672,0.13380500152239225,0.09685832904839378,1.3814506489734986,-0.19747135332591848,0.3304794520547945,0.09845853286924103,4.6640969172186395,0.294077390063816,broad,6L-EW-zscore,10,1,0.003,0.16117294520547945,40.615582191780824
4672,0.09318941933061142,0.09742639911506931,0.9565109680441578,-0.2142384257848502,0.324486301369863,0.05782909332221129,2.6434920549968846,0.2941926812094402,broad,6L-EW-zscore,10,1,0.005,0.16117294520547945,40.615582191780824
4672,0.0322660460429402,0.0989203823210717,0.32618197873732835,-0.23876483961727335,0.3146404109589041,-0.003115065998333313,-0.13449422443207643,0.2943656179278766,broad,6L-EW-zscore,10,1,0.008,0.16117294520547945,40.615582191780824
4672,-0.008349536148840625,0.10032942286333271,-0.0832212117896287,-0.37609631696800183,0.3084332191780822,-0.043744505545363035,-1.8153012316579102,0.29448090907350066,broad,6L-EW-zscore,10,1,0.01,0.16117294520547945,40.615582191780824
4668,0.10352813821321567,0.10618637787574114,0.9749662836636529,-0.3250834651664595,0.32904884318766064,0.06023414620877887,2.6088064261157813,0.3544190607994917,broad,6L-EW-zscore,10,5,0.0,0.07390745501285347,18.624678663239074
4668,0.07559112021835704,0.10619710437886994,0.7118002007726816,-0.35576822954108267,0.32476435304198803,0.03221831130231235,1.3648246045293482,0.3550642823300988,broad,6L-EW-zscore,10,5,0.003,0.07390745501285347,18.624678663239074
4668,0.056966441555117965,0.10640711166445871,0.5353631036876031,-0.3754699905151786,0.32197943444730076,0.013541088031334721,0.5646253682383913,0.3554944300171702,broad,6L-EW-zscore,10,5,0.005,0.07390745501285347,18.624678663239074
4668,0.02902942356025935,0.10702401872305872,0.27124213710734874,-0.40393352875910193,0.31790916880891174,-0.01447474687513184,-0.5886231949413485,0.35613965154777727,broad,6L-EW-zscore,10,5,0.008,0.07390745501285347,18.624678663239074
4668,0.010404744897020273,0.10763386259506048,0.0966679504587227,-0.42220738110418754,0.31598114824335904,-0.033151970146109544,-1.3247973652696312,0.35656979923484866,broad,6L-EW-zscore,10,5,0.01,0.07390745501285347,18.624678663239074
4663,0.11465860870275423,0.10619990371396543,1.0796488950834753,-0.2949519862755061,0.33240403173922367,0.07139389001409079,2.7602352317842023,0.3546918106628609,broad,6L-EW-zscore,10,10,0.0,0.04310529701908643,10.86253484880978
4663,0.09836480642953958,0.10619623459387037,0.9262551238819271,-0.2991762474547689,0.3294016727428694,0.05507423506713978,2.0969196706471065,0.3549037554515005,broad,6L-EW-zscore,10,10,0.003,0.04310529701908643,10.86253484880978
4663,0.08750227158072979,0.10631609489184306,0.8230388039529402,-0.3019818566143395,0.3283294016727429,0.04419446510250578,1.6649889809918292,0.3550450519772602,broad,6L-EW-zscore,10,10,0.005,0.04310529701908643,10.86253484880978
4663,0.07120846930751512,0.10667852039373082,0.6675052207763826,-0.30617446523673775,0.32532704267638857,0.027874810155554763,1.0331453086565212,0.35525699676589984,broad,6L-EW-zscore,10,10,0.008,0.04310529701908643,10.86253484880978
4663,0.060345934458705335,0.10704093218353264,0.5637650310746178,-0.3089590255644725,0.32489813424833797,0.01699504019092076,0.6228970154910606,0.3553982932916596,broad,6L-EW-zscore,10,10,0.01,0.04310529701908643,10.86253484880978
4653,0.11014719287797509,0.10808085468521812,1.019118447932107,-0.30371371112766465,0.3144208037825059,0.06560331976065466,2.57081247861424,0.36803545146515176,broad,6L-EW-zscore,10,20,0.0,0.02471523748119493,6.228239845261122
4653,0.1008048331100834,0.10800315930693652,0.933350781189687,-0.3099632015025612,0.312916398022781,0.05632031993398874,2.193086838294717,0.3675450010117203,broad,6L-EW-zscore,10,20,0.003,0.02471523748119493,6.228239845261122
4653,0.09457659326482228,0.1080216597124839,0.8755336060985573,-0.315240314494288,0.3122716526971846,0.050131653382878165,1.943437752541507,0.367218034042766,broad,6L-EW-zscore,10,20,0.005,0.02471523748119493,6.228239845261122
4653,0.08523423349693059,0.10815478415922186,0.7880764051218633,-0.32546466736790713,0.3107672469374597,0.04084865355621229,1.5725313530420073,0.3667275835893345,broad,6L-EW-zscore,10,20,0.008,0.02471523748119493,6.228239845261122
4653,0.07900599365166948,0.10831358155413989,0.7294190859359481,-0.33220435492313904,0.31033741672039544,0.034659987005101714,1.327809922529609,0.3664006166203802,broad,6L-EW-zscore,10,20,0.01,0.02471523748119493,6.228239845261122
4672,0.17507839131215622,0.09493503473999369,1.8441915757618634,-0.1846581982654979,0.3257705479452055,0.14104471805120408,6.480279877099533,0.28315512661469866,broad,6L-EW-zscore,20,1,0.0,0.1115154109589041,28.101883561643834
4672,0.1329255659696905,0.09495027649652683,1.399949224735041,-0.19680868956799613,0.3193493150684932,0.09894552212949567,4.3303189784356055,0.28270893776789413,broad,6L-EW-zscore,20,1,0.003,0.1115154109589041,28.101883561643834
4672,0.10482368240804665,0.09528860400599719,1.100065254408065,-0.2048182269450467,0.3137842465753425,0.0708793915150234,2.9948032333758157,0.28241147853669124,broad,6L-EW-zscore,20,1,0.005,0.1115154109589041,28.101883561643834
4672,0.06267085706558087,0.09628142607825875,0.6509132614492148,-0.2840863835651014,0.3071489726027397,0.028780195593314996,1.150356412685026,0.2819652896898868,broad,6L-EW-zscore,20,1,0.008,0.1115154109589041,28.101883561643834
4672,0.03456897350393704,0.09725915501048543,0.3554315632313502,-0.3550378336068073,0.3035102739726027,0.0007140649788427947,0.02747262093915973,0.28166783045868377,broad,6L-EW-zscore,20,1,0.01,0.1115154109589041,28.101883561643834
4668,0.10209571546904363,0.10025096835874492,1.0184012896882686,-0.3655129841923801,0.31191088260497,0.06364940538408548,2.507857241996856,0.31473431948988434,broad,6L-EW-zscore,20,5,0.0,0.05634104541559554,14.197943444730077
4668,0.0807988003019485,0.1003382993117098,0.8052638011228384,-0.38705960975371645,0.30848329048843187,0.04235846865243412,1.6338725238813396,0.3146853780230219,broad,6L-EW-zscore,20,5,0.003,0.05634104541559554,14.197943444730077
4668,0.06660085685721844,0.10056318889898692,0.6622786885180943,-0.4010332647181518,0.305484147386461,0.028164510831333235,1.0704334622517764,0.31465275037844687,broad,6L-EW-zscore,20,5,0.005,0.05634104541559554,14.197943444730077
4668,0.04530394169012332,0.1011483033369039,0.4478962097784809,-0.42142383095378944,0.3026992287917738,0.006873574099681849,0.255309553520896,0.3146038089115845,broad,6L-EW-zscore,20,5,0.008,0.05634104541559554,14.197943444730077
4668,0.031105998245393236,0.10170134884570245,0.30585629982731216,-0.4346468287536426,0.3018423307626392,-0.007320383721419047,-0.26765365771307725,0.31457118126700956,broad,6L-EW-zscore,20,5,0.01,0.05634104541559554,14.197943444730077
4663,0.12474744681935407,0.10380236869899628,1.2017784216571576,-0.30922955432391874,0.3223246836800343,0.08340343629881791,3.1993867184865987,0.3389455056236343,broad,6L-EW-zscore,20,10,0.0,0.034956036886124815,8.808921295303453
4663,0.11153406487639891,0.10382698855135677,1.074229990030289,-0.32362979319278695,0.3195367788977053,0.0702157031969662,2.6627733668479823,0.3387352318909458,broad,6L-EW-zscore,20,10,0.003,0.034956036886124815,8.808921295303453
4663,0.10272514358109547,0.10394569962492668,0.9882577533439535,-0.33307454771165335,0.31889341625562945,0.061423881129065036,2.310930233259323,0.33859504940248675,broad,6L-EW-zscore,20,10,0.005,0.034956036886124815,8.808921295303453
4663,0.08951176163814029,0.10427651424462761,0.8584076892726781,-0.3470122887346466,0.317177782543427,0.04823614802721332,1.792535991527468,0.3383847756697982,broad,6L-EW-zscore,20,10,0.008,0.034956036886124815,8.808921295303453
4663,0.08070284034283685,0.10459813784574512,0.7715514062196062,-0.3561533270148265,0.31653441990135106,0.03944432595931213,1.4534467318123687,0.3382445931813392,broad,6L-EW-zscore,20,10,0.01,0.034956036886124815,8.808921295303453
4653,0.11511780936245801,0.1074341992671587,1.0715192196499024,-0.3797925571453147,0.31463571889103803,0.07100096723992327,2.63711282334262,0.364507187442362,broad,6L-EW-zscore,20,20,0.0,0.023425746830002148,5.903288201160541
4653,0.10626287706071723,0.10739484333589318,0.9894597706927553,-0.39087247786725554,0.31313131313131315,0.062206410511615434,2.2947990174342716,0.36400834551706845,broad,6L-EW-zscore,20,20,0.003,0.023425746830002148,5.903288201160541
4653,0.10035958885955666,0.10743570840311836,0.9341362415835638,-0.3981579696528287,0.3127014829142489,0.05634337269274354,2.068760573357471,0.36367578423353936,broad,6L-EW-zscore,20,20,0.005,0.023425746830002148,5.903288201160541
4653,0.09150465655781588,0.10759750662506494,0.8504347305804556,-0.408936538722103,0.3118418224801204,0.04754881596443571,1.7331657592386638,0.3631769423082458,broad,6L-EW-zscore,20,20,0.008,0.023425746830002148,5.903288201160541
4653,0.08560136835665531,0.10777213781613544,0.7942810645799331,-0.41602363425707667,0.31098216204599183,0.041685778145563825,1.5118557904468375,0.36284438102471683,broad,6L-EW-zscore,20,20,0.01,0.023425746830002148,5.903288201160541
4672,0.23109402839211887,0.10784378182725589,2.1428590918879786,-0.24024650041712425,0.375,0.18655757994690852,9.07953175533812,0.37053666237494204,broad,6L-PCA-PC1,1,1,0.0,0.4400684931506849,110.89726027397259
4672,0.06474813798115996,0.10898454037214984,0.5941038771193079,-0.38886862279954326,0.3529537671232877,0.02002072108338239,0.9075023752706932,0.37212549164857034,broad,6L-PCA-PC1,1,1,0.003,0.4400684931506849,110.89726027397259
4672,-0.046149122292812664,0.11044364908730606,-0.4178522049405633,-0.7142369869921126,0.3386130136986301,-0.09100385149230174,-3.9241819552756305,0.37318471116432256,broad,6L-PCA-PC1,1,1,0.005,0.4400684931506849,110.89726027397259
4672,-0.21249501270377155,0.11362640367964541,-1.8701200233607067,-0.9860006645481605,0.3169948630136986,-0.25754071035582776,-10.288696181612769,0.3747735404379507,broad,6L-PCA-PC1,1,1,0.008,0.4400684931506849,110.89726027397259
4672,-0.32339227297774414,0.11636868142035241,-2.7790318583190903,-0.9981555189715827,0.3067208904109589,-0.3685652829315119,-13.992195020890595,0.3758327599537028,broad,6L-PCA-PC1,1,1,0.01,0.4400684931506849,110.89726027397259
4668,0.14543923218730764,0.10631344578166385,1.3680229355560212,-0.36218097416336326,0.3532562125107112,0.10189836173202803,4.583175627857421,0.35644009015318134,broad,6L-PCA-PC1,1,5,0.0,0.09832904884318766,24.77892030848329
4668,0.10827085172458271,0.10632523447051924,1.0182987346677608,-0.40113163751512626,0.348114824335904,0.06480619984176793,2.86017862468823,0.3558161394935678,broad,6L-PCA-PC1,1,5,0.003,0.09832904884318766,24.77892030848329
4668,0.08349193141609941,0.10659547218003404,0.7832596423522195,-0.42579831079846175,0.34425878320479864,0.04007809191492789,1.7440600146059224,0.3554001723871585,broad,6L-PCA-PC1,1,5,0.005,0.09832904884318766,24.77892030848329
4668,0.04632355095337448,0.10739043518984752,0.4313563947430006,-0.4609491195621265,0.3380462724935733,0.00298593002466782,0.1269707767183231,0.3547762217275449,broad,6L-PCA-PC1,1,5,0.008,0.09832904884318766,24.77892030848329
4668,0.02154463064489118,0.108175694470455,0.199163321764257,-0.4832065476473747,0.3350471293916024,-0.02174217790217224,-0.9093731397699637,0.35436025462113574,broad,6L-PCA-PC1,1,5,0.01,0.09832904884318766,24.77892030848329
4663,0.11106204668851072,0.11178818563579837,0.9935043319367095,-0.365779184557374,0.3521338194295518,0.06285416754025176,2.6665866894784824,0.3952167137930046,broad,6L-PCA-PC1,1,10,0.0,0.048895560797769674,12.321681321037959
4663,0.09257952470695378,0.11180414942908852,0.8280508834394569,-0.3845499329288806,0.3487025520051469,0.044327311506569544,1.8478416955891757,0.3955801721881811,broad,6L-PCA-PC1,1,10,0.003,0.048895560797769674,12.321681321037959
4663,0.08025784338591584,0.11194575345397591,0.7169351307185773,-0.39676924543050063,0.3474158267209951,0.031976074150781374,1.3166545649501635,0.3958224777849653,broad,6L-PCA-PC1,1,10,0.005,0.048895560797769674,12.321681321037959
4663,0.061775321404358895,0.11235361140172283,0.5498294236709479,-0.41466693886341366,0.3446279219386661,0.013449218117099171,0.5432208428165793,0.39618593618014175,broad,6L-PCA-PC1,1,10,0.008,0.048895560797769674,12.321681321037959
4663,0.049453640083320934,0.1127547182148087,0.43859486207137643,-0.42631721580519133,0.34398455929659016,0.0010979807613110061,0.043761216454454965,0.39642824177692615,broad,6L-PCA-PC1,1,10,0.01,0.048895560797769674,12.321681321037959
4653,0.0999905812600894,0.12294522480142991,0.8132937364715483,-0.4334033038800905,0.34515366430260047,0.04222272759252344,1.5450027175720844,0.4772961266461694,broad,6L-PCA-PC1,1,20,0.0,0.02407049215559854,6.065764023210832
4653,0.09089193522527315,0.12291355147135065,0.7394785533184983,-0.4401873612701097,0.3440790887599398,0.033133786095090316,1.208830410178908,0.4772159447143547,broad,6L-PCA-PC1,1,20,0.003,0.02407049215559854,6.065764023210832
4653,0.08482617120206232,0.12295264237797632,0.6899092980961965,-0.4446704821032539,0.3438641736514077,0.027074491763468243,0.9855301545054793,0.4771624900931448,broad,6L-PCA-PC1,1,20,0.005,0.02407049215559854,6.065764023210832
4653,0.07572752516724607,0.12310147371651911,0.6151634329060361,-0.451336262696864,0.34214485278315065,0.01798555026603513,0.6521857316776057,0.4770823081613301,broad,6L-PCA-PC1,1,20,0.008,0.02407049215559854,6.065764023210832
4653,0.06966176114403523,0.12326065518521744,0.5651581280284296,-0.45574112494961583,0.34192993767461854,0.011926255934413063,0.4312435048959624,0.4770288535401202,broad,6L-PCA-PC1,1,20,0.01,0.02407049215559854,6.065764023210832
4672,0.24910719647224655,0.10095456544976396,2.467517891463808,-0.1444775565009806,0.3923373287671233,0.2102592522151213,10.37615021143234,0.3232091490831711,broad,6L-PCA-PC1,3,1,0.0,0.2795376712328767,70.44349315068493
4672,0.14344195674621912,0.10174748063360513,1.4097838674036236,-0.2052610808090678,0.3792808219178082,0.1044147929669206,4.871003327433418,0.32470022899404993,broad,6L-PCA-PC1,3,1,0.003,0.2795376712328767,70.44349315068493
4672,0.07299846359553419,0.10289123888747596,0.7094721026283574,-0.2466357762535425,0.3681506849315068,0.03385182013478682,1.5159264707900069,0.32569428226796926,broad,6L-PCA-PC1,3,1,0.005,0.2795376712328767,70.44349315068493
4672,-0.03266677613049322,0.1054895880322123,-0.3096682501074713,-0.6808907610584295,0.3508133561643836,-0.0719926391134139,-3.02269908737191,0.3271853621788479,broad,6L-PCA-PC1,3,1,0.008,0.2795376712328767,70.44349315068493
4672,-0.10311026928117814,0.1077771967992319,-0.9566983772388578,-0.9036935592756381,0.3433219178082192,-0.14255561194554778,-5.727145666785611,0.3281794154527671,broad,6L-PCA-PC1,3,1,0.01,0.2795376712328767,70.44349315068493
4668,0.1225177737304524,0.10893708050733615,1.1246654780894527,-0.2836855300818353,0.37425021422450727,0.07696253556599435,3.503285426443013,0.3729303761845244,broad,6L-PCA-PC1,3,5,0.0,0.09682947729220223,24.401028277634964
4668,0.08591623131399997,0.10895822693245133,0.7885244990932512,-0.3265239745563804,0.36953727506426737,0.0403363658959614,1.7937358493413342,0.37313198309763107,broad,6L-PCA-PC1,3,5,0.003,0.09682947729220223,24.401028277634964
4668,0.06151520303636501,0.10922488063551088,0.563197713547012,-0.3542542819450999,0.3661096829477292,0.015918919449272727,0.6963142210372639,0.3732663877063688,broad,6L-PCA-PC1,3,5,0.005,0.09682947729220223,24.401028277634964
4668,0.02491366061991258,0.11000002201715228,0.2264877784845152,-0.3937715677672815,0.360968294772922,-0.020707250220760212,-0.8825379116983386,0.37346799461947555,broad,6L-PCA-PC1,3,5,0.008,0.09682947729220223,24.401028277634964
4668,0.0005126323422776155,0.11076280619160538,0.004628199301765863,-0.4356860820923929,0.35861182519280205,-0.04512469666744889,-1.8888898488053323,0.37360239922821326,broad,6L-PCA-PC1,3,5,0.01,0.09682947729220223,24.401028277634964
4663,0.11409391389116368,0.11079597482268733,1.0297658743808538,-0.34006685125973213,0.3722925155479305,0.06698124718652153,2.6157805051895435,0.3862379686061387,broad,6L-PCA-PC1,3,10,0.0,0.042247480162985206,10.646365001072272
4663,0.09812436638955528,0.11082036535332139,0.8854362289522484,-0.35380535876857766,0.37014797340767747,0.05095972026846207,1.957170004372296,0.38666410504934284,broad,6L-PCA-PC1,3,10,0.003,0.042247480162985206,10.646365001072272
4663,0.087478001388483,0.11095158341512423,0.7884340060401386,-0.3628163046945976,0.36950461076560154,0.04027870232308911,1.5293012339895808,0.38694819601147906,broad,6L-PCA-PC1,3,10,0.005,0.042247480162985206,10.646365001072272
4663,0.07150845388687459,0.11132003403713146,0.6423682359189948,-0.37611417074930664,0.3673600686253485,0.02425717540502966,0.9048547773523369,0.3873743324546832,broad,6L-PCA-PC1,3,10,0.008,0.042247480162985206,10.646365001072272
4663,0.060862088885802315,0.11167920269095878,0.5449724516230768,-0.3848357471623013,0.36671670598327255,0.013576157459656686,0.50035196731934,0.38765842341681944,broad,6L-PCA-PC1,3,10,0.01,0.042247480162985206,10.646365001072272
4653,0.11702066597775633,0.11352222744435976,1.0308172118549317,-0.3894610239420653,0.3582634859230604,0.06790203858852423,2.596201726178704,0.40583350619134684,broad,6L-PCA-PC1,3,20,0.0,0.02278100150440576,5.740812379110252
4653,0.10840944740909096,0.11351194092497464,0.9550488391414597,-0.4003736885279826,0.35718891038039974,0.05928501269973909,2.255034951769575,0.4058814880917183,broad,6L-PCA-PC1,3,20,0.003,0.02278100150440576,5.740812379110252
4653,0.1026686350299807,0.11356686091078842,0.9040369189268274,-0.40754915266346936,0.35675908016333546,0.05354032877388233,2.028875168104079,0.40591347602529926,broad,6L-PCA-PC1,3,20,0.005,0.02278100150440576,5.740812379110252
4653,0.09405741646131532,0.11374172841235836,0.8269385191714367,-0.4181648665030647,0.35568450462067486,0.0449233028850972,1.691988085143577,0.40596145792567073,broad,6L-PCA-PC1,3,20,0.008,0.02278100150440576,5.740812379110252
4653,0.08831660408220507,0.11391974425499007,0.7752528296106713,-0.425144832985767,0.3554695895121427,0.039178618959240435,1.4692006494769587,0.4059934458592518,broad,6L-PCA-PC1,3,20,0.01,0.02278100150440576,5.740812379110252
4672,0.2417048284494554,0.10156868630573218,2.3797179745133166,-0.20805186445318946,0.402611301369863,0.2024045557121086,9.425112770032257,0.3269724551214742,broad,6L-PCA-PC1,5,1,0.0,0.22003424657534246,55.448630136986296
4672,0.1585318832439759,0.10210892518220606,1.5525761627701706,-0.25430430309621854,0.3923373287671233,0.1190715290379744,5.253741198308931,0.3283043092583485,broad,6L-PCA-PC1,5,1,0.003,0.22003424657534246,55.448630136986296
4672,0.10308325310698963,0.10299384547830431,1.0008680871004487,-0.2836646854681347,0.3835616438356164,0.06351617792188483,2.696931297551293,0.3291922120162648,broad,6L-PCA-PC1,5,1,0.005,0.22003424657534246,55.448630136986296
4672,0.019910307901510174,0.10508185597926079,0.18947426952032254,-0.3597695524979556,0.3698630136986301,-0.019816848752249493,-0.7925633420297841,0.3305240661531394,broad,6L-PCA-PC1,5,1,0.008,0.22003424657534246,55.448630136986296
4672,-0.035538322235476136,0.10695785393175052,-0.3322647279194012,-0.6904157642931477,0.364083904109589,-0.075372199868339,-2.8942447913975093,0.3314119689110555,broad,6L-PCA-PC1,5,1,0.01,0.22003424657534246,55.448630136986296
4668,0.13635979452355024,0.10812678163360252,1.2611102676265524,-0.28152117983249136,0.38624678663239076,0.09155610246563416,3.930696711781888,0.3667779690514318,broad,6L-PCA-PC1,5,5,0.0,0.0850471293916024,21.431876606683804
4668,0.1042119796135245,0.1082901181923303,0.9623406212230488,-0.3204205327349706,0.3815338474721508,0.059335304994208915,2.4893773050340986,0.36737542864497846,broad,6L-PCA-PC1,5,5,0.003,0.0850471293916024,21.431876606683804
4668,0.08278010300684072,0.1086248081974634,0.7620736402715582,-0.3457851528922786,0.37896315338474723,0.03785477334659205,1.5626015975048706,0.3677737350406761,broad,6L-PCA-PC1,5,5,0.005,0.0850471293916024,21.431876606683804
4668,0.050632288096815,0.10946139930472362,0.4625583851332151,-0.38211227750880117,0.3744644387317909,0.005633975875166774,0.22671707332852786,0.3683711946342229,broad,6L-PCA-PC1,5,5,0.008,0.0850471293916024,21.431876606683804
4668,0.029200411490131202,0.11023821473973781,0.2648846550996011,-0.40523108421447185,0.37296486718080546,-0.015846555772450102,-0.6265522864723699,0.3687695010299207,broad,6L-PCA-PC1,5,5,0.01,0.0850471293916024,21.431876606683804
4663,0.13415811583192727,0.11280951534989049,1.1892446786587272,-0.30544131104626215,0.39245121166630925,0.0853570931788798,3.37434778638987,0.40007940908082684,broad,6L-PCA-PC1,5,10,0.0,0.041604117520909284,10.484237615269139
4663,0.11843175940902356,0.11285498515087211,1.0494154002208769,-0.32193574024210514,0.39009221531203087,0.06960164405654129,2.710654460282756,0.4003179161728034,broad,6L-PCA-PC1,5,10,0.003,0.041604117520909284,10.484237615269139
4663,0.10794752179375441,0.11299652118699774,0.9553172138380461,-0.33272723085976175,0.38966330688398026,0.0590980113083156,2.2777701821069294,0.4004769209007876,broad,6L-PCA-PC1,5,10,0.005,0.041604117520909284,10.484237615269139
4663,0.09222116537085069,0.11337482640038496,0.8134183601319946,-0.3486129697283016,0.38730431052970193,0.04334256218597708,1.6436956482864689,0.400715427992764,broad,6L-PCA-PC1,5,10,0.008,0.041604117520909284,10.484237615269139
4663,0.08173692775558156,0.1137368384281412,0.7186495500068155,-0.3590057333077975,0.3868754021016513,0.03283892943775139,1.231558916327456,0.40087443272074835,broad,6L-PCA-PC1,5,10,0.01,0.041604117520909284,10.484237615269139
4653,0.13074042068753852,0.11567470771000166,1.130242066531146,-0.3823190350874336,0.3735224586288416,0.07981755210103436,3.190233256883938,0.42074071288711673,broad,6L-PCA-PC1,5,20,0.0,0.02321083172147002,5.849129593810445
4653,0.12196672629682284,0.1156698191537413,1.0544386356713507,-0.39152522697286996,0.37244788308618093,0.07104954135111279,2.820837873054018,0.42069375286412736,broad,6L-PCA-PC1,5,20,0.003,0.02321083172147002,5.849129593810445
4653,0.11611759670301242,0.11572830072643717,1.0033638787931007,-0.39759388763263226,0.3722329679776488,0.06520420085116509,2.576488770082862,0.42066244618213444,broad,6L-PCA-PC1,5,20,0.005,0.02321083172147002,5.849129593810445
4653,0.10734390231229674,0.11590844709369606,0.9261093993048146,-0.4065947752527155,0.37094347732645605,0.05643619010124354,2.2132605873952746,0.4206154861591451,broad,6L-PCA-PC1,5,20,0.008,0.02321083172147002,5.849129593810445
4653,0.10149477271848628,0.11608993757669363,0.8742770892734334,-0.41252793271511357,0.37029873200085967,0.050590849601295805,1.9735361711830373,0.4205841794771522,broad,6L-PCA-PC1,5,20,0.01,0.02321083172147002,5.849129593810445
4672,0.23148488894972255,0.10157674141075143,2.278916272905964,-0.1304705337246057,0.4139554794520548,0.19246768657746322,8.009895262761624,0.3246173515611665,broad,6L-PCA-PC1,10,1,0.0,0.1464041095890411,36.89383561643836
4672,0.17614413552506497,0.10188537775114201,1.7288460759825826,-0.1630954949642357,0.4060359589041096,0.1369848759895928,5.434408628808382,0.3257992461432663,broad,6L-PCA-PC1,10,1,0.003,0.1464041095890411,36.89383561643836
4672,0.1392502999086266,0.10247556777197038,1.3588634143358713,-0.21248785651831326,0.4004708904109589,0.0999963355976792,3.8379153041453002,0.3265871758646661,broad,6L-PCA-PC1,10,1,0.005,0.1464041095890411,36.89383561643836
4672,0.08390954648396909,0.10392440309381537,0.8074094628979652,-0.2826411583355001,0.3910530821917808,0.04451352500980879,1.624061015881512,0.32776907044676606,broad,6L-PCA-PC1,10,1,0.008,0.1464041095890411,36.89383561643836
4672,0.047015710867530716,0.1052539272046505,0.44668842404441317,-0.33864456547103106,0.3867722602739726,0.007524984617895184,0.2653379387302498,0.32855700016816597,broad,6L-PCA-PC1,10,1,0.01,0.1464041095890411,36.89383561643836
4668,0.13734732018919849,0.11026874760808274,1.24556887756954,-0.319905469511522,0.3986718080548415,0.09075052957852238,3.5896451203206423,0.381456871956136,broad,6L-PCA-PC1,10,5,0.0,0.06876606683804627,17.32904884318766
4668,0.111353746924417,0.11040086659126136,1.0086310946877213,-0.35290214878943094,0.3939588688946015,0.06470808995083555,2.5010655045638006,0.38185690830399266,broad,6L-PCA-PC1,10,5,0.003,0.06876606683804627,17.32904884318766
4668,0.09402469808122932,0.11067131477636963,0.8495850823785943,-0.37458471479763167,0.3918166238217652,0.04734646353237771,1.8011901668873098,0.3821235992025639,broad,6L-PCA-PC1,10,5,0.005,0.06876606683804627,17.32904884318766
4668,0.06803112481644785,0.11134788269190508,0.6109781629587617,-0.4057920869972199,0.38817480719794345,0.02130402390469082,0.7909315057549132,0.3825236355504207,broad,6L-PCA-PC1,10,5,0.008,0.06876606683804627,17.32904884318766
4668,0.05070207597326019,0.11197697902066633,0.4527901754154546,-0.4257516268782806,0.3864610111396744,0.003942397486232951,0.14395745653489572,0.3827903264489917,broad,6L-PCA-PC1,10,5,0.01,0.06876606683804627,17.32904884318766
4663,0.14987796102296255,0.11230944132450417,1.3345090070380534,-0.2813967903684518,0.40317392236757454,0.10149371125172407,3.825146395095717,0.39666263133293966,broad,6L-PCA-PC1,10,10,0.0,0.03474158267209951,8.754878833369077
4663,0.13674564277290896,0.1123547724659395,1.2170879774098033,-0.292138177634074,0.40038601758524556,0.08832929906798931,3.2840206317335174,0.3969257430737231,broad,6L-PCA-PC1,10,10,0.003,0.03474158267209951,8.754878833369077
4663,0.12799076393953987,0.11247895693103417,1.137908524685348,-0.29921859607816514,0.39995710915719496,0.07955302427883278,2.9301182460099846,0.3971011509009119,broad,6L-PCA-PC1,10,10,0.005,0.03474158267209951,8.754878833369077
4663,0.11485844568948626,0.11280555853460358,1.0181984574302068,-0.3097197521290508,0.39759811280291657,0.06638861209509798,2.4100715332548974,0.3973642626416952,broad,6L-PCA-PC1,10,10,0.008,0.03474158267209951,8.754878833369077
4663,0.10610356685611719,0.11311621262473406,0.9380049454813211,-0.3166416198254025,0.39716920437486597,0.05761233730594145,2.0708335204775006,0.3975396704688841,broad,6L-PCA-PC1,10,10,0.01,0.03474158267209951,8.754878833369077
4653,0.13729571046141023,0.1161423103200159,1.1821334540625956,-0.31984765546150495,0.3943692241564582,0.08596794318527201,3.097376162483339,0.42408611286265563,broad,6L-PCA-PC1,10,20,0.0,0.0223511712873415,5.6324951644100585
4653,0.1288469677147951,0.1160937916207226,1.1098523522751071,-0.3299780048112815,0.3930797335052654,0.07755049801382342,2.7725125142672,0.42382752247973493,broad,6L-PCA-PC1,10,20,0.003,0.0223511712873415,5.6324951644100585
4653,0.12321447255038506,0.11612073912740835,1.061089289271518,-0.33665591594241295,0.39264990328820115,0.07193886789952442,2.5581716545001827,0.42365512889112117,broad,6L-PCA-PC1,10,20,0.005,0.0223511712873415,5.6324951644100585
4653,0.11476572980376996,0.11625001787935489,0.9872319324963432,-0.3465605060279444,0.3909305824199441,0.06352142272807583,2.2402256624352974,0.4233965385082006,broad,6L-PCA-PC1,10,20,0.008,0.0223511712873415,5.6324951644100585
4653,0.1091332346393599,0.11639528851978248,0.9376086955685641,-0.353089412391435,0.3902858370943477,0.057909792613776795,2.030752020404808,0.4232241449195868,broad,6L-PCA-PC1,10,20,0.01,0.0223511712873415,5.6324951644100585
4672,0.20629564267203263,0.10286544862201612,2.005490137218723,-0.12747775514060877,0.4184503424657534,0.1665037504523139,6.937194805052486,0.33106265648498673,broad,6L-PCA-PC1,20,1,0.0,0.10017123287671233,25.243150684931507
4672,0.1684309166446354,0.1030271127409791,1.6348212830935898,-0.18083622498798657,0.4118150684931507,0.12861858905833967,5.040995006705159,0.3312326757117146,broad,6L-PCA-PC1,20,1,0.003,0.10017123287671233,25.243150684931507
4672,0.14318776595970387,0.10340974176963755,1.384664186462031,-0.21462454838432843,0.4083904109589041,0.10336181479569016,3.88725988146272,0.33134602186286644,broad,6L-PCA-PC1,20,1,0.005,0.10017123287671233,25.243150684931507
4672,0.1053230399323066,0.10438992026384282,1.0089387908919305,-0.2649868320990346,0.401541095890411,0.06547665340171586,2.3146571137507808,0.3315160410895943,broad,6L-PCA-PC1,20,1,0.008,0.10017123287671233,25.243150684931507
4672,0.08007988924737511,0.10530831432516875,0.7604327327859997,-0.29961554364027765,0.3983304794520548,0.040219879139066356,1.3648291701572217,0.33162938724074625,broad,6L-PCA-PC1,20,1,0.01,0.10017123287671233,25.243150684931507
4668,0.15687659194570142,0.10792576904832688,1.4535601027355702,-0.24155821581813308,0.4110968294772922,0.11228872852969528,4.305888644908261,0.36501112379143597,broad,6L-PCA-PC1,20,5,0.0,0.048414738646101116,12.200514138817482
4668,0.13857582073747518,0.10799323499955903,1.2831898288632713,-0.25749551617741107,0.4074550128534704,0.09400189510174296,3.5066237552187443,0.3648970244726711,broad,6L-PCA-PC1,20,5,0.003,0.048414738646101116,12.200514138817482
4668,0.1263753065986577,0.10817245976848248,1.1682761663101138,-0.27078629703727153,0.40616966580976865,0.08181067281644148,2.9957096294710546,0.36482095826016114,broad,6L-PCA-PC1,20,5,0.005,0.048414738646101116,12.200514138817482
4668,0.10807453539043146,0.10864133933014969,0.9947827968320996,-0.2903018833144142,0.4031705227077978,0.06352383938848918,2.2618015869467163,0.3647068589413963,broad,6L-PCA-PC1,20,5,0.008,0.048414738646101116,12.200514138817482
4668,0.09587402125161401,0.10908594979892886,0.8788851490804496,-0.3030370936953538,0.401885175664096,0.051332617103187664,1.79376896015612,0.3646307927288863,broad,6L-PCA-PC1,20,5,0.01,0.048414738646101116,12.200514138817482
4663,0.1596458080572014,0.11148502216175363,1.431993329342226,-0.30914935862032134,0.4168989920651941,0.11201636139689666,4.280224735262837,0.390474622021297,broad,6L-PCA-PC1,20,10,0.0,0.029594681535492173,7.4578597469440275
4663,0.14845901843678536,0.11156685257554576,1.3306731794397322,-0.32034450298354744,0.41475444992494104,0.1008099352250766,3.7906883416611152,0.3906356059403831,broad,6L-PCA-PC1,20,10,0.003,0.029594681535492173,7.4578597469440275
4663,0.1410011586898413,0.11170240653741068,1.262292935851996,-0.328488687655055,0.41475444992494104,0.09333898444386324,3.471479165715597,0.390742928553107,broad,6L-PCA-PC1,20,10,0.005,0.029594681535492173,7.4578597469440275
4663,0.12981436906942528,0.1120266499407543,1.1587811394706358,-0.34053734458829565,0.4132532704267639,0.08213255827204327,3.003776309961319,0.39090391247219297,broad,6L-PCA-PC1,20,10,0.008,0.029594681535492173,7.4578597469440275
4663,0.12235650932248124,0.11232287756839812,1.089328478501392,-0.34845933950284635,0.41282436199871325,0.07466160749082994,2.6995518529323728,0.3910112350849169,broad,6L-PCA-PC1,20,10,0.01,0.029594681535492173,7.4578597469440275
4653,0.13328021714705726,0.11863889944550009,1.123410768053214,-0.3628342177305016,0.4117773479475607,0.07991335121321118,2.8080031783494817,0.44093378556266805,broad,6L-PCA-PC1,20,20,0.0,0.018052869116698903,4.549323017408123
4653,0.12645623262094507,0.11862579651889381,1.0660095555253375,-0.3760766931787112,0.41048785729636794,0.07309249203114433,2.545372700244668,0.44090796298986024,broad,6L-PCA-PC1,20,20,0.003,0.018052869116698903,4.549323017408123
4653,0.12190690960353698,0.11866413701089183,1.0273273178765672,-0.3847625345352884,0.41027294218783583,0.0685452525764331,2.372423159924673,0.44089074794132166,broad,6L-PCA-PC1,20,20,0.005,0.018052869116698903,4.549323017408123
4653,0.11508292507742476,0.11879217025052756,0.9687753396096718,-0.3975809799439066,0.40919836664517517,0.061724393394366285,2.1163393448336447,0.4408649253685139,broad,6L-PCA-PC1,20,20,0.008,0.018052869116698903,4.549323017408123
4653,0.11053360206001664,0.11892442264068429,0.929444092354188,-0.40598835347258766,0.4085536213195788,0.05717715393965503,1.9479134418789483,0.4408477103199754,broad,6L-PCA-PC1,20,20,0.01,0.018052869116698903,4.549323017408123
4672,0.1968139777303015,0.10810551000406955,1.820573046858505,-0.19790182749237262,0.3264126712328767,0.15224166654497892,7.655282814356047,0.37083503506716864,broad,6L-Orth-sum,1,1,0.0,0.492722602739726,124.16609589041096
4672,0.010564833894685042,0.10916653820494608,0.09677721826124899,-0.4673753962032713,0.3013698630136986,-0.033803196079969636,-1.6529379030397116,0.3691354456156227,broad,6L-Orth-sum,1,1,0.003,0.492722602739726,124.16609589041096
4672,-0.11360126199572593,0.11058264446565819,-1.0272973896098605,-0.9090534083401377,0.2853167808219178,-0.15783310449660196,-7.525772822262107,0.36800238598125895,broad,6L-Orth-sum,1,1,0.005,0.492722602739726,124.16609589041096
4672,-0.29985040583134237,0.11371699110821047,-2.6368126953518463,-0.9969175695397444,0.2611301369863014,-0.3438779671215503,-15.663466875300395,0.36630279652971326,broad,6L-Orth-sum,1,1,0.008,0.492722602739726,124.16609589041096
4672,-0.4240165017217533,0.11643772134888598,-3.6415733390321114,-0.9996847775582826,0.24721746575342465,-0.4679078755381828,-20.587402295182162,0.36516973689534915,broad,6L-Orth-sum,1,1,0.01,0.492722602739726,124.16609589041096
4668,0.13629282394123382,0.10684994425345096,1.2755535334482118,-0.2506985741622174,0.32562125107112255,0.09219109416829406,4.095069163486223,0.3610314716221246,broad,6L-Orth-sum,1,5,0.0,0.10304198800342759,25.966580976863753
4668,0.09734295247593815,0.10699064504243884,0.9098267651094745,-0.268501444852688,0.32112253641816624,0.0532593910004245,2.344582447036288,0.3608827398787124,broad,6L-Orth-sum,1,5,0.003,0.10304198800342759,25.966580976863753
4668,0.07137637149907441,0.10735593274185733,0.6648572619708167,-0.2801488803667388,0.3181233933161954,0.02730492222184487,1.1930282254011428,0.3607835853831041,broad,6L-Orth-sum,1,5,0.005,0.10304198800342759,25.966580976863753
4668,0.03242650003377878,0.10830560124053505,0.29939818127931384,-0.31822350275311406,0.31233933161953725,-0.011626780946024625,-0.5012481013750876,0.36063485363969183,broad,6L-Orth-sum,1,5,0.008,0.10304198800342759,25.966580976863753
4668,0.00645991905691503,0.10920110368213404,0.059156170030284345,-0.3895530095952162,0.30912596401028275,-0.0375812497246043,-1.603643343772039,0.3605356991440837,broad,6L-Orth-sum,1,5,0.01,0.10304198800342759,25.966580976863753
4663,0.10443641975785364,0.10945635142306513,0.9541375936622564,-0.2530764655162788,0.32296804632211024,0.05840197829270075,2.5286682757743986,0.37739848752112604,broad,6L-Orth-sum,1,10,0.0,0.05018228608192151,12.64593609264422
4663,0.08546751561888732,0.10950970302097036,0.7804560989679689,-0.2642139047550506,0.3203945957538066,0.039434618857567896,1.6960072347023107,0.37738582376607954,broad,6L-Orth-sum,1,10,0.003,0.05018228608192151,12.64593609264422
4663,0.0728215795262431,0.10968225908517697,0.6639321630829228,-0.2715555948346716,0.3191078704696547,0.026789712567479303,1.1462093540426883,0.3773773812627153,broad,6L-Orth-sum,1,10,0.005,0.05018228608192151,12.64593609264422
4663,0.05385267538727676,0.11014528803356308,0.4889240052726266,-0.2824445547286566,0.31589105725927513,0.00782235313234643,0.33174520404898344,0.37736471750766887,broad,6L-Orth-sum,1,10,0.008,0.05018228608192151,12.64593609264422
4663,0.04120673929463255,0.1105887739827212,0.37261231688010976,-0.28962224625199473,0.3148187861891486,-0.004822553157742151,-0.2031917431475803,0.3773562750043045,broad,6L-Orth-sum,1,10,0.01,0.05018228608192151,12.64593609264422
4653,0.08997121471028642,0.12331158993272519,0.7296249667964853,-0.3748860324255836,0.32430689877498386,0.0319809846415919,1.2060404481887292,0.47913347022356767,broad,6L-Orth-sum,1,20,0.0,0.026434558349451968,6.661508704061895
4653,0.07997895165419358,0.1232924106604205,0.6486932263371548,-0.3823429506879865,0.3230174081237911,0.02198487536773311,0.8279751059735344,0.4791652488811666,broad,6L-Orth-sum,1,20,0.003,0.026434558349451968,6.661508704061895
4653,0.0733174429501317,0.12334537861176809,0.5944077011664924,-0.3872708819891092,0.3230174081237911,0.015320802518493902,0.5763293091091363,0.4791864346528991,broad,6L-Orth-sum,1,20,0.005,0.026434558349451968,6.661508704061895
4653,0.06332517989403884,0.12352329256228221,0.5126578038883588,-0.3945982763652549,0.3215130023640662,0.00532469324463513,0.19987108927871178,0.4792182133104979,broad,6L-Orth-sum,1,20,0.008,0.026434558349451968,6.661508704061895
4653,0.05666367118997694,0.12370732293495612,0.4580462162273939,-0.3994405049388823,0.32108317214700194,-0.0013393796046040688,-0.05019023900122999,0.4792393990822307,broad,6L-Orth-sum,1,20,0.01,0.026434558349451968,6.661508704061895
4672,0.21172537016923143,0.10167253507710024,2.082424422767427,-0.1290826627064776,0.3332619863013699,0.17240980054694136,8.693510578013887,0.32709972294119216,broad,6L-Orth-sum,3,1,0.0,0.3219178082191781,81.12328767123287
4672,0.09004043866238212,0.1025604264974241,0.877925743265543,-0.18348217531078015,0.3150684931506849,0.05076298941367976,2.535120157239095,0.32678256707244313,broad,6L-Orth-sum,3,1,0.003,0.3219178082191781,81.12328767123287
4672,0.008917150991149227,0.10381272704263385,0.08589651042966175,-0.43278408991215844,0.3030821917808219,-0.030334884675161388,-1.4928568653472332,0.3265711298266106,broad,6L-Orth-sum,3,1,0.005,0.3219178082191781,81.12328767123287
4672,-0.11276778051570009,0.10663521575813348,-1.0575097514828151,-0.904540183955092,0.2866010273972603,-0.15198169580842305,-7.236437671093117,0.32625397395786143,broad,6L-Orth-sum,3,1,0.008,0.3219178082191781,81.12328767123287
4672,-0.19389106818693297,0.1091082518362498,-1.777052284532298,-0.9784630532680845,0.2786815068493151,-0.23307956989726422,-10.788651325798568,0.3260425367120288,broad,6L-Orth-sum,3,1,0.01,0.3219178082191781,81.12328767123287
4668,0.11503521979448728,0.10550639207436348,1.0903151698468436,-0.30252566061524955,0.3296915167095116,0.07215899539053443,3.3008419171394983,0.35099907586068607,broad,6L-Orth-sum,3,5,0.0,0.0979005998286204,24.67095115681234
4668,0.0780287930592688,0.10547214263326658,0.7398047589739399,-0.34313347841482467,0.3254070265638389,0.03520327001077135,1.5979897288465361,0.3505840176516871,broad,6L-Orth-sum,3,5,0.003,0.0979005998286204,24.67095115681234
4668,0.05335784190245644,0.10571284999692691,0.5047431972934943,-0.36972437557667714,0.3226221079691517,0.010566119757595938,0.4764552890942293,0.35030731217902117,broad,6L-Orth-sum,3,5,0.005,0.0979005998286204,24.67095115681234
4668,0.01635141516723793,0.10646564657123848,0.1535839558941376,-0.4091767200768287,0.3157669237360754,-0.026389605622167158,-1.1756599885099788,0.3498922539700222,broad,6L-Orth-sum,3,5,0.008,0.0979005998286204,24.67095115681234
4668,-0.00831953598957441,0.10722438984433542,-0.0775899587925137,-0.4501835607599144,0.3134104541559554,-0.05102675587534256,-2.2519363792169216,0.3496155484973563,broad,6L-Orth-sum,3,5,0.01,0.0979005998286204,24.67095115681234
4663,0.10943808876000238,0.10757226220275033,1.0173448667811356,-0.29139311549975777,0.3330473943812996,0.06481320860539756,3.1003053907356892,0.36584265476334543,broad,6L-Orth-sum,3,10,0.0,0.04846665236971907,12.213596397169205
4663,0.09111769416424857,0.10755114576469484,0.8472033795307017,-0.31029004001386895,0.3306883980270212,0.04654780530511054,2.1910529841680306,0.36539182640363355,broad,6L-Orth-sum,3,10,0.003,0.04846665236971907,12.213596397169205
4663,0.07890409776707936,0.10767209885263619,0.7328184237874873,-0.3226224817274683,0.32983058117092,0.034370869771585856,1.599507849568247,0.3650912741638256,broad,6L-Orth-sum,3,10,0.005,0.04846665236971907,12.213596397169205
4663,0.06058370317132556,0.10805516766703092,0.560673815786512,-0.3410797388667105,0.3257559511044392,0.016105466471298853,0.7360856389015314,0.3646404458041136,broad,6L-Orth-sum,3,10,0.008,0.04846665236971907,12.213596397169205
4663,0.04837010677415636,0.1084438650230678,0.44603820385659665,-0.3541911433573508,0.32489813424833797,0.00392853093777415,0.17730239204570583,0.3643398935643055,broad,6L-Orth-sum,3,10,0.01,0.04846665236971907,12.213596397169205
4653,0.10745777555241166,0.11323898485332834,0.9489468286173289,-0.42877798679493095,0.3369868901783795,0.058500626154698504,2.220227180688208,0.4044993243757277,broad,6L-Orth-sum,3,20,0.0,0.02364066193853428,5.957446808510638
4653,0.09852160533964571,0.11325599038116634,0.8699019363838362,-0.44004263229626694,0.3352675693101225,0.049556394829118146,1.8762897780518015,0.404565927818274,broad,6L-Orth-sum,3,20,0.003,0.02364066193853428,5.957446808510638
4653,0.09256415853113509,0.11333151275297326,0.8167556955927658,-0.45115355094813725,0.33505265420159036,0.04359357394539794,1.6474215096158742,0.40461033011330483,broad,6L-Orth-sum,3,20,0.005,0.02364066193853428,5.957446808510638
4653,0.08362798831836912,0.113540818181156,0.7365455847335843,-0.46742800665668593,0.3339780786589297,0.03464934261981758,1.3051576300304177,0.4046769335558511,broad,6L-Orth-sum,3,20,0.008,0.02364066193853428,5.957446808510638
4653,0.07767054150985847,0.11374409485659669,0.6828533965458332,-0.47802180992085774,0.3335482484418655,0.02868652173609731,1.077903795782857,0.404721335850882,broad,6L-Orth-sum,3,20,0.01,0.02364066193853428,5.957446808510638
4672,0.21869776304477462,0.09888237938342656,2.2116960009300715,-0.14272579837072508,0.3403253424657534,0.18156214128318937,8.703501141878885,0.3089628792400006,broad,6L-Orth-sum,5,1,0.0,0.261986301369863,66.02054794520548
4672,0.11966694112696635,0.09962574141213867,1.2011648739648506,-0.17474888771299324,0.3251284246575342,0.08251012644517992,3.901036374088622,0.3091392012008106,broad,6L-Orth-sum,5,1,0.003,0.261986301369863,66.02054794520548
4672,0.05364639318176089,0.10072487379695723,0.5326032305575497,-0.25963219987197006,0.3154965753424658,0.01647544988650684,0.7669070400429089,0.30925674917468415,broad,6L-Orth-sum,5,1,0.005,0.261986301369863,66.02054794520548
4672,-0.04538442873604733,0.1032403620223527,-0.4395996667100131,-0.7145864572378842,0.3013698630136986,-0.08257656495150266,-3.723525663134291,0.3094330711354941,broad,6L-Orth-sum,5,1,0.008,0.261986301369863,66.02054794520548
4672,-0.11140497668125281,0.1054630584603117,-1.0563412279872122,-0.9029672548240463,0.2945205479452055,-0.14861124151017574,-6.529241102866245,0.30955061910936743,broad,6L-Orth-sum,5,1,0.01,0.261986301369863,66.02054794520548
4668,0.13362373783376247,0.10163964186456821,1.3146813131416986,-0.17954987040270687,0.3329048843187661,0.09383259835116423,4.235411944400881,0.3257435415546524,broad,6L-Orth-sum,5,5,0.0,0.0946872322193659,23.861182519280206
4668,0.09783196405484215,0.10172761175824836,0.9617051099885834,-0.1990320165827827,0.32840616966580977,0.058075964067173885,2.5928420673810795,0.3254558779271274,broad,6L-Orth-sum,5,5,0.003,0.0946872322193659,23.861182519280206
4668,0.07397078153556194,0.10205121236767895,0.7248398114963457,-0.2241258320965982,0.3258354755784062,0.03423820787784696,1.5154224125406064,0.3252641021754438,broad,6L-Orth-sum,5,5,0.005,0.0946872322193659,23.861182519280206
4668,0.038179007756641625,0.10292904645950277,0.3709254974169326,-0.2902853574686425,0.3196229648671808,-0.0015184264061434299,-0.066216896646082,0.3249764385479188,broad,6L-Orth-sum,5,5,0.008,0.0946872322193659,23.861182519280206
4668,0.014317825237361428,0.10377072740350292,0.13797556975473327,-0.38975008705912917,0.31748071979434445,-0.025356182595470334,-1.0935978813453313,0.3247846627962355,broad,6L-Orth-sum,5,5,0.01,0.0946872322193659,23.861182519280206
4663,0.11936454182709196,0.10356715860565886,1.1525327471962714,-0.2572384312003215,0.3377653870898563,0.07800870216707738,3.507879572296544,0.3390424829998283,broad,6L-Orth-sum,5,10,0.0,0.047608835513617845,11.997426549431697
4663,0.10136840200294445,0.1036410616821961,0.978071821704987,-0.27049953809582683,0.33562084494960326,0.06003464802282381,2.656727142909435,0.33886142069250835,broad,6L-Orth-sum,5,10,0.003,0.047608835513617845,11.997426549431697
4663,0.08937097545351275,0.10382798411245442,0.8607599985444819,-0.2792193226967158,0.33476302809350206,0.04805194525998812,2.102704997120898,0.33874071248762844,broad,6L-Orth-sum,5,10,0.005,0.047608835513617845,11.997426549431697
4663,0.0713748356293652,0.10431336834089358,0.6842347895057319,-0.29211997758527875,0.33047394381299594,0.03007789111573457,1.2932286832195519,0.3385596501803085,broad,6L-Orth-sum,5,10,0.008,0.047608835513617845,11.997426549431697
4663,0.05937740907993348,0.10477214755236923,0.5667289491250939,-0.30060245506572203,0.32983058117092,0.01809518835289886,0.7686057740030259,0.33843894197542856,broad,6L-Orth-sum,5,10,0.01,0.047608835513617845,11.997426549431697
4653,0.11990334802485904,0.10950955349145446,1.0949122172634524,-0.33737002949701955,0.34493874919406836,0.07416446515457467,2.7923264074446865,0.3779089968746177,broad,6L-Orth-sum,5,20,0.0,0.02278100150440576,5.740812379110252
4653,0.11129212945619364,0.10952454510264402,1.0161387052728053,-0.34134249272614103,0.3434343434343434,0.0655425263157918,2.4644592458890777,0.3779975711088817,broad,6L-Orth-sum,5,20,0.003,0.02278100150440576,5.740812379110252
4653,0.1055513170770834,0.10959855468083571,0.9630721626253343,-0.34398086164471975,0.3434343434343434,0.05979456708993657,2.2456362954261144,0.3780566205983909,broad,6L-Orth-sum,5,20,0.005,0.02278100150440576,5.740812379110252
4653,0.09694009850841802,0.1098053329244343,0.8828359782409672,-0.355537913945161,0.34235976789168276,0.051172628251153714,1.9174628571933525,0.3781451948326549,broad,6L-Orth-sum,5,20,0.008,0.02278100150440576,5.740812379110252
4653,0.09119928612930776,0.11000674766190074,0.8290335644646398,-0.3658109881417705,0.3417150225660864,0.04542466902529846,1.6989684187416527,0.3782042443221642,broad,6L-Orth-sum,5,20,0.01,0.02278100150440576,5.740812379110252
4672,0.2115768331497768,0.0958526256485841,2.207313902129943,-0.15381842391107725,0.348458904109589,0.17666646412362738,7.969009276535164,0.2904491056834164,broad,6L-Orth-sum,10,1,0.0,0.1909246575342466,48.11301369863014
4672,0.13940731260183153,0.09639600477990123,1.446193884488647,-0.1829650782043134,0.3379708904109589,0.1044947540327007,4.5812635086821345,0.290467322357104,broad,6L-Orth-sum,10,1,0.003,0.1909246575342466,48.11301369863014
4672,0.09129429890320143,0.09725826854521515,0.9386790477434721,-0.22512232473200233,0.3306934931506849,0.0563802806387494,2.4133897590346414,0.29047946680622905,broad,6L-Orth-sum,10,1,0.005,0.1909246575342466,48.11301369863014
4672,0.01912477835525621,0.0992756268943862,0.1926432393683295,-0.39291778273383604,0.3193493150684932,-0.0157914294521774,-0.6482185709947655,0.2904976834799167,broad,6L-Orth-sum,10,1,0.008,0.1909246575342466,48.11301369863014
4672,-0.028988235343373935,0.10108070088894576,-0.2867830860732002,-0.6096419118189011,0.3148544520547945,-0.06390590284612857,-2.5428631726257516,0.2905098279290418,broad,6L-Orth-sum,10,1,0.01,0.1909246575342466,48.11301369863014
4668,0.14953460369877597,0.09869791912089736,1.5150735195906975,-0.1771748014540191,0.335261353898886,0.11196154567521745,4.746552977403084,0.3075855868109769,broad,6L-Orth-sum,10,5,0.0,0.07883461868037704,19.866323907455016
4668,0.11973511783759347,0.09870848352610673,1.2130174992094327,-0.20390775581577614,0.33204798628963156,0.08223880808201689,3.4424973018545018,0.30695729988716164,broad,6L-Orth-sum,10,5,0.003,0.07883461868037704,19.866323907455016
4668,0.09986879393013845,0.09894703264069594,1.0093157042191419,-0.22126692529008296,0.3296915167095116,0.06242364968654983,2.588117259520996,0.3065384419379514,broad,6L-Orth-sum,10,5,0.005,0.07883461868037704,19.866323907455016
4668,0.07006930806895591,0.09964879042063814,0.703162655293445,-0.24662978482842635,0.3258354755784062,0.03270091209334931,1.3343776630746773,0.30591015501413604,broad,6L-Orth-sum,10,5,0.008,0.07883461868037704,19.866323907455016
4668,0.050202984161500916,0.10034217675426461,0.5003178701658698,-0.2690445463186598,0.3241216795201371,0.012885753697882236,0.5197620314316853,0.3054912970649259,broad,6L-Orth-sum,10,5,0.01,0.07883461868037704,19.866323907455016
4663,0.10851601522739497,0.10157458670835975,1.0683382403412127,-0.2869154658686769,0.33969547501608405,0.06884082190951919,2.739538354627993,0.3252642472399518,broad,6L-Orth-sum,10,10,0.0,0.04374865966116234,11.02466223461291
4663,0.0919790218754756,0.10162340965455176,0.9050967900815345,-0.2975238489929728,0.33797984130388165,0.05230695540133519,2.05180077600549,0.32523861282235345,broad,6L-Orth-sum,10,10,0.003,0.04374865966116234,11.02466223461291
4663,0.08095435964086271,0.10178552318387443,0.7953425704225104,-0.30451697271056155,0.3371220244477804,0.0412843777292125,1.6031991278914386,0.3252215232106212,broad,6L-Orth-sum,10,10,0.005,0.04374865966116234,11.02466223461291
4663,0.06441736628894335,0.10222180797152286,0.6301724413531099,-0.314889220710884,0.33476302809350206,0.024750511221028438,0.946122362072447,0.3251958887930228,broad,6L-Orth-sum,10,10,0.008,0.04374865966116234,11.02466223461291
4663,0.053392704054330435,0.10264013061097413,0.5201932590742608,-0.3268613671384578,0.3339052112374008,0.013727933548905745,0.5190869734625784,0.32517879918129056,broad,6L-Orth-sum,10,10,0.01,0.04374865966116234,11.02466223461291
4653,0.10266881476514991,0.10784627515806557,0.9519922186897297,-0.354319353637474,0.3468729851708575,0.05826968615708244,2.1268053335849206,0.366839526928691,broad,6L-Orth-sum,10,20,0.0,0.0223511712873415,5.6324951644100585
4653,0.09422007201853483,0.10778953012572075,0.8741115385570462,-0.3733532800439273,0.3453685794111326,0.049860694887791816,1.8161568802011299,0.3665110877544643,broad,6L-Orth-sum,10,20,0.003,0.0223511712873415,5.6324951644100585
4653,0.08858757685412477,0.1078155590004364,0.8216585590746341,-0.3857451075586106,0.3453685794111326,0.04425470070826471,1.609246256130419,0.3662921283049797,broad,6L-Orth-sum,10,20,0.005,0.0223511712873415,5.6324951644100585
4653,0.0801388341075097,0.10795029827138447,0.7423678803187982,-0.40389723042249115,0.3445089189770041,0.03584570943897408,1.2995629127641428,0.36596368913075306,broad,6L-Orth-sum,10,20,0.008,0.0223511712873415,5.6324951644100585
4653,0.07450633894309965,0.10810373622020197,0.6892115069116012,-0.415714267759522,0.3438641736514077,0.030239715259446985,1.0937911025506828,0.3657447296812685,broad,6L-Orth-sum,10,20,0.01,0.0223511712873415,5.6324951644100585
4672,0.20260231044779795,0.09763171357999662,2.075169051312322,-0.1467778256980623,0.3589469178082192,0.16652975722412514,7.063170022195151,0.30011830627414116,broad,6L-Orth-sum,20,1,0.0,0.1386986301369863,34.95205479452055
4672,0.15017422825601712,0.09782448602339915,1.535139455985449,-0.17096083606048051,0.351027397260274,0.11424391073355897,4.768927852361145,0.2989349262822801,broad,6L-Orth-sum,20,1,0.003,0.1386986301369863,34.95205479452055
4672,0.11522217346149655,0.09833628961813265,1.171715690198771,-0.20157696557067317,0.3465325342465753,0.07938667973984818,3.264643797786972,0.2981460062877061,broad,6L-Orth-sum,20,1,0.005,0.1386986301369863,34.95205479452055
4672,0.06279409126971572,0.09966711923720221,0.6300381886253709,-0.2616157306179999,0.3392551369863014,0.027100833249281916,1.0834859891223745,0.2969626262958452,broad,6L-Orth-sum,20,1,0.008,0.1386986301369863,34.95205479452055
4672,0.027842036475195172,0.10091820418123545,0.2758871573377845,-0.30265301588325166,0.3358304794520548,-0.0077563977444288805,-0.30331269577264075,0.29617370630127104,broad,6L-Orth-sum,20,1,0.01,0.1386986301369863,34.95205479452055
4668,0.14325274293513576,0.10180803978393223,1.4070867412746761,-0.16617345418379081,0.3434018851756641,0.10344503029367598,4.12902249751579,0.3258792149616597,broad,6L-Orth-sum,20,5,0.0,0.06341045415595545,15.979434447300774
4668,0.1192835912641846,0.10181769161168518,1.1715409117613007,-0.18173050159012594,0.33997429305912596,0.07953305692012155,3.133526219283518,0.3254111343453147,broad,6L-Orth-sum,20,5,0.003,0.06341045415595545,15.979434447300774
4668,0.10330415681688383,0.10200772524963293,1.0127091508420396,-0.19636135187146053,0.337617823479006,0.06359174133775199,2.481710746288674,0.3250990806010846,broad,6L-Orth-sum,20,5,0.005,0.06341045415595545,15.979434447300774
4668,0.07933500514593265,0.10256613333131075,0.7735009848685968,-0.2263634641697294,0.3344044558697515,0.03967976796419764,1.5247893234598668,0.32463099998473954,broad,6L-Orth-sum,20,5,0.008,0.06341045415595545,15.979434447300774
4668,0.0633555706986319,0.10311834115377336,0.6143967211822585,-0.24775759378308593,0.3333333333333333,0.023738452381828035,0.90221115105775,0.3243189462405096,broad,6L-Orth-sum,20,5,0.01,0.06341045415595545,15.979434447300774
4663,0.15012323461514768,0.10276044304935343,1.4609048984252337,-0.28062174942106877,0.34913146043319754,0.1095737068399618,4.164158855511058,0.33243219565583965,broad,6L-Orth-sum,20,10,0.0,0.03474158267209951,8.754878833369077
4663,0.13699091636509408,0.102876088306359,1.331610859436482,-0.29347082814487735,0.34720137250696975,0.0964278760350046,3.63501397839364,0.3325429739692254,broad,6L-Orth-sum,20,10,0.003,0.03474158267209951,8.754878833369077
4663,0.12823603753172502,0.1030556878803069,1.24433731091741,-0.3019196364565433,0.3465580098648938,0.08766398883169979,3.2853291544484478,0.33261682617814914,broad,6L-Orth-sum,20,10,0.005,0.03474158267209951,8.754878833369077
4663,0.11510371928167142,0.10347777390706298,1.1123521016701627,-0.31441931776056753,0.3450568303667167,0.07451815802674265,2.7663963025500116,0.3327276044915348,broad,6L-Orth-sum,20,10,0.008,0.03474158267209951,8.754878833369077
4663,0.10634884044830231,0.10385999045766596,1.0239635106807643,-0.3226380980367496,0.3441990135106155,0.06575427082343784,2.424694923948832,0.3328014567004585,broad,6L-Orth-sum,20,10,0.01,0.03474158267209951,8.754878833369077
4653,0.13774389975852278,0.1050665401908081,1.3110158525099458,-0.28413654181413583,0.34300451321727915,0.09561181962883564,3.681681371436379,0.34810846131083256,broad,6L-Orth-sum,20,20,0.0,0.02106168063614872,5.307543520309477
4653,0.12978258447805857,0.10502432988179705,1.2357382772556271,-0.2883728280820772,0.34150010745755427,0.08769876914874868,3.371451651474933,0.3477096823912281,broad,6L-Orth-sum,20,20,0.003,0.02106168063614872,5.307543520309477
4653,0.12447504095774908,0.10505803183625663,1.1848217483433898,-0.2911865549668141,0.34128519234902216,0.08242340216202404,3.164299605439114,0.34744382977815846,broad,6L-Orth-sum,20,20,0.005,0.02106168063614872,5.307543520309477
4653,0.11651372567728487,0.10520122913928436,1.1075319806674786,-0.2953914907504257,0.3404255319148936,0.07451035168193706,2.8534333525558,0.347045050858554,broad,6L-Orth-sum,20,20,0.008,0.02106168063614872,5.307543520309477
4653,0.11120618215697538,0.10535826105107549,1.0555051027566311,-0.29818436902906365,0.33935095637223295,0.06923498469521241,2.6463050887468187,0.3467791982454844,broad,6L-Orth-sum,20,20,0.01,0.02106168063614872,5.307543520309477
4672,0.23293683128971748,0.10650478941118849,2.187101937645324,-0.11116098941083463,0.364083904109589,0.1895319333841534,8.920440369678436,0.3611223292858339,broad,6L-OLS-oracle,1,1,0.0,0.4565496575342466,115.05051369863014
4672,0.060361060741772235,0.10762062473022235,0.5608688937931937,-0.3111217023329672,0.3405393835616438,0.017009914520554618,0.7599942708847957,0.3606751232240565,broad,6L-OLS-oracle,1,1,0.003,0.4565496575342466,115.05051369863014
4672,-0.05468945295685791,0.10907716871060832,-0.5013831363917597,-0.8130474407704091,0.324486301369863,-0.09800476472184452,-4.211475831654434,0.3603769858495379,broad,6L-OLS-oracle,1,1,0.005,0.4565496575342466,115.05051369863014
4672,-0.22726522350480313,0.11227550772059885,-2.0241745338650334,-0.9891697644164716,0.3013698630136986,-0.27052678358544324,-10.919194410082268,0.3599297797877604,broad,6L-OLS-oracle,1,1,0.008,0.4565496575342466,115.05051369863014
4672,-0.3423157372034332,0.11503959159341658,-2.975634148748344,-0.9986886926147333,0.2887414383561644,-0.3855414628278425,-14.899222533590864,0.3596316424132422,broad,6L-OLS-oracle,1,1,0.01,0.4565496575342466,115.05051369863014
4668,0.14530617921357986,0.10326724540779564,1.4070887495814886,-0.25775280111299026,0.3427592116538132,0.10424114185118244,4.710682394801024,0.3361720945526443,broad,6L-OLS-oracle,1,5,0.0,0.10132819194515853,25.53470437017995
4668,0.10700412265830997,0.10330829300042722,1.035774762611434,-0.30311040672147727,0.337617823479006,0.06602088583279013,2.9351949624803266,0.3355024480702851,broad,6L-OLS-oracle,1,5,0.003,0.10132819194515853,25.53470437017995
4668,0.08146941828813,0.1036129188118808,0.7862862973298297,-0.3318334692951017,0.3337617823479006,0.0405407151538619,1.7804297390845991,0.3350560170820455,broad,6L-OLS-oracle,1,5,0.005,0.10132819194515853,25.53470437017995
4668,0.04316736173286008,0.10448089845677537,0.4131603228002369,-0.3727633470761327,0.3279777206512425,0.0023204591354696233,0.0998667309462483,0.3343863705996863,broad,6L-OLS-oracle,1,5,0.008,0.10132819194515853,25.53470437017995
4668,0.017632657362680132,0.10532830988756002,0.1674066296279066,-0.4047878433634715,0.32476435304198803,-0.02315971154345859,-0.982292820878159,0.33393993961144686,broad,6L-OLS-oracle,1,5,0.01,0.10132819194515853,25.53470437017995
4663,0.10193359796012928,0.11051347581232313,0.9223635145928772,-0.34210449556329126,0.3448423761526914,0.05475376473690128,2.2955091414042985,0.38678861159689915,broad,6L-OLS-oracle,1,10,0.0,0.04803774394166845,12.10551147330045
4663,0.0837753307501786,0.11052874707802537,0.7579506052940166,-0.3596547862765882,0.3409822003002359,0.036539883798640954,1.5117758523665032,0.38724454277106923,broad,6L-OLS-oracle,1,10,0.003,0.04803774394166845,12.10551147330045
4663,0.07166981927687816,0.11066919391484185,0.6476040598255999,-0.3711083119919295,0.33969547501608405,0.024397296506467412,0.9998263734822505,0.3875484968871826,broad,6L-OLS-oracle,1,10,0.005,0.04803774394166845,12.10551147330045
4663,0.05351155206692747,0.1110742748822246,0.48176368581894763,-0.38792642884217543,0.33647866180570446,0.0061834155682071075,0.2495637279729124,0.38800442806135266,broad,6L-OLS-oracle,1,10,0.008,0.04803774394166845,12.10551147330045
4663,0.04140604059362703,0.1114728370558977,0.37144511333163704,-0.3989015415173187,0.33540639073557793,-0.005959171723966426,-0.23793507750678186,0.3883083821774661,broad,6L-OLS-oracle,1,10,0.01,0.04803774394166845,12.10551147330045
4653,0.10598930498370669,0.12152430556489731,0.8721654856699057,-0.36650336789445126,0.33999570169782933,0.04937206536429113,1.714157562407373,0.46778939247516804,broad,6L-OLS-oracle,1,20,0.0,0.02407049215559854,6.065764023210832
4653,0.09689065894889044,0.1215182433775016,0.7973342623781641,-0.3722049471348089,0.33892112615516873,0.04028476490632521,1.3954691462713762,0.46769565176054195,broad,6L-OLS-oracle,1,20,0.003,0.02407049215559854,6.065764023210832
4653,0.09082489492567959,0.12157509532703585,0.7470682600030993,-0.37598219192958304,0.33892112615516873,0.03422656460101457,1.183507859226148,0.46763315795079113,broad,6L-OLS-oracle,1,20,0.005,0.02407049215559854,6.065764023210832
4653,0.08172624889086337,0.12175154275789324,0.6712543187512505,-0.3816125381207114,0.3372018052869117,0.025139264143048644,0.866638768459588,0.4675394172361651,broad,6L-OLS-oracle,1,20,0.008,0.02407049215559854,6.065764023210832
4653,0.07566048486765252,0.12192974881970066,0.6205252253864052,-0.38534253260514995,0.3369868901783795,0.019081063837738006,0.6562936942814609,0.4674769234264143,broad,6L-OLS-oracle,1,20,0.01,0.02407049215559854,6.065764023210832
4672,0.2612053351327435,0.10120138519424957,2.5810450581420072,-0.11963675972357146,0.3895547945205479,0.22202794209101545,10.483006419934512,0.3259501142326581,broad,6L-OLS-oracle,3,1,0.0,0.2868150684931507,72.27739726027397
4672,0.1527892392423326,0.10208930472821469,1.4966233695987337,-0.1412517369294196,0.3745719178082192,0.11340112646095034,5.074276527775153,0.32770327129285876,broad,6L-OLS-oracle,3,1,0.003,0.2868150684931507,72.27739726027397
4672,0.08051184198205859,0.10330275305361891,0.7793775054597937,-0.23706559746951306,0.3625856164383562,0.040983249374240235,1.7630569724410101,0.3288720426663261,broad,6L-OLS-oracle,3,1,0.005,0.2868150684931507,72.27739726027397
4672,-0.027904253908352373,0.10601250378847601,-0.2632166292763824,-0.6996867387441446,0.3467465753424658,-0.06764356625582489,-2.733806964249941,0.33062519972652665,broad,6L-OLS-oracle,3,1,0.008,0.2868150684931507,72.27739726027397
4672,-0.10018165116862633,0.10837746324303087,-0.9243771552760389,-0.8991815554678088,0.3381849315068493,-0.140061443342535,-5.422557791854937,0.33179397109999365,broad,6L-OLS-oracle,3,1,0.01,0.2868150684931507,72.27739726027397
4668,0.13344262513785662,0.10722453672334163,1.2445157537230713,-0.30756211398714406,0.3708226221079691,0.0893237345120756,4.247732201849235,0.3611719560880961,broad,6L-OLS-oracle,3,5,0.0,0.09447300771208227,23.80719794344473
4668,0.09773182822268955,0.10731882207971907,0.9106681039612226,-0.3517728907309493,0.3658954584404456,0.053580787790957006,2.4889536831221672,0.36143514512432656,broad,6L-OLS-oracle,3,5,0.003,0.09447300771208227,23.80719794344473
4668,0.07392463027924483,0.10763234552376837,0.6868254140473052,-0.37970130480554065,0.3628963153384747,0.029752156643544587,1.3584085470678995,0.3616106044818135,broad,6L-OLS-oracle,3,5,0.005,0.09447300771208227,23.80719794344473
4668,0.03821383336407772,0.10847428357455557,0.3522847268939365,-0.4194021299288653,0.3575407026563839,-0.005990790077573996,-0.2659797717436256,0.36187379351804394,broad,6L-OLS-oracle,3,5,0.008,0.09447300771208227,23.80719794344473
4668,0.014406635420632991,0.10927889011788729,0.13183365428667404,-0.4444781676614671,0.3556126820908312,-0.0298194212249864,-1.2979318357890766,0.3620492528755309,broad,6L-OLS-oracle,3,5,0.01,0.09447300771208227,23.80719794344473
4663,0.12019953043119151,0.11060888634343216,1.0867077176600544,-0.3223032374593944,0.374008149260133,0.07315996152168906,2.9894881887110984,0.38563869996186195,broad,6L-OLS-oracle,3,10,0.0,0.041175209092858676,10.376152691400387
4663,0.10463530139409094,0.11063635059033586,0.9457587929805676,-0.34036885586538823,0.3716491529058546,0.05756858966725503,2.316156561143197,0.385861221575738,broad,6L-OLS-oracle,3,10,0.003,0.041175209092858676,10.376152691400387
4663,0.09425914870269057,0.11076701032957945,0.8509677061990669,-0.3521588710332988,0.37100579026377867,0.047174341764299,1.8775984539806547,0.3860095693183219,broad,6L-OLS-oracle,3,10,0.005,0.041175209092858676,10.376152691400387
4663,0.07869491966558997,0.11113073274192024,0.7081292251383224,-0.36947134705713824,0.3688612481235256,0.031582969909865,1.2361280930668588,0.38623209093219796,broad,6L-OLS-oracle,3,10,0.008,0.041175209092858676,10.376152691400387
4663,0.06831876697418958,0.11148418496609543,0.6128112879415738,-0.38076924099305975,0.36821788548144974,0.021188722006908977,0.8197887288268292,0.38638043867478195,broad,6L-OLS-oracle,3,10,0.01,0.041175209092858676,10.376152691400387
4653,0.13218098386105862,0.10893660632927162,1.2133752676444556,-0.3623776356168221,0.3516011175585644,0.08702867183604054,3.414904391363291,0.37306256456539133,broad,6L-OLS-oracle,3,20,0.0,0.02407049215559854,6.065764023210832
4653,0.1230823378262424,0.10893075936288522,1.1299135207183626,-0.3737498999922161,0.3503116269073716,0.07792036772151693,3.0409438277001293,0.37314236264931694,broad,6L-OLS-oracle,3,20,0.003,0.02407049215559854,6.065764023210832
4653,0.11701657380303157,0.10899478735154067,1.0735978907469976,-0.3812277911742673,0.35009671179883944,0.07184816497850123,2.7930795564019997,0.37319556137193394,broad,6L-OLS-oracle,3,20,0.005,0.02407049215559854,6.065764023210832
4653,0.1079179277682153,0.10919247930269625,0.9883274787547619,-0.3922912610894935,0.3490221362561788,0.06273986086397756,2.423852947034892,0.37327535945585943,broad,6L-OLS-oracle,3,20,0.008,0.02407049215559854,6.065764023210832
4653,0.10185216374500447,0.10939175482542807,0.9310771539184505,-0.399565851755896,0.34859230603911456,0.05666765812096182,2.179639377062081,0.3733285581784765,broad,6L-OLS-oracle,3,20,0.01,0.02407049215559854,6.065764023210832
4672,0.2633241078903903,0.09876852052505038,2.6660732234376656,-0.1217283797324632,0.3974743150684932,0.22604377750187923,10.062576034382277,0.3101668336079366,broad,6L-OLS-oracle,5,1,0.0,0.21960616438356165,55.340753424657535
4672,0.18031297775340402,0.0993455834181136,1.815007487494685,-0.13846479170093862,0.385916095890411,0.14292395015382106,6.0808734701110865,0.3110711783234699,broad,6L-OLS-oracle,5,1,0.003,0.21960616438356165,55.340753424657535
4672,0.12497222432874647,0.1002684058672334,1.246376894574585,-0.19122966767655825,0.3773544520547945,0.08751073192178228,3.600517388537861,0.31167407480049236,broad,6L-OLS-oracle,5,1,0.005,0.21960616438356165,55.340753424657535
4672,0.04196109419176016,0.10243072648668859,0.4096533884997216,-0.43250415094487016,0.3655821917808219,0.004390904573724013,0.17119622672016863,0.31257841951602583,broad,6L-OLS-oracle,5,1,0.008,0.21960616438356165,55.340753424657535
4672,-0.013379659232897372,0.10436592424110154,-0.12819949931155955,-0.6663031033736024,0.3598030821917808,-0.05102231365831476,-1.91617409964179,0.31318131599304805,broad,6L-OLS-oracle,5,1,0.01,0.21960616438356165,55.340753424657535
4668,0.13381968489225196,0.10721895906886954,1.2480972213719785,-0.25733648935633613,0.38110539845758357,0.08980148008271902,3.8353755051014673,0.36034770840895336,broad,6L-OLS-oracle,5,5,0.0,0.08590402742073694,21.64781491002571
4668,0.10134796252721343,0.1073235283806723,0.9443219399919114,-0.2975394252841984,0.37617823479005996,0.057349659576916005,2.3920709246013034,0.36018478515027824,broad,6L-OLS-oracle,5,5,0.003,0.08590402742073694,21.64781491002571
4668,0.07970014761718772,0.10762331145575196,0.7405472526270991,-0.3237543239458792,0.37425021422450727,0.0357151125730473,1.464982775089596,0.36007616964449485,broad,6L-OLS-oracle,5,5,0.005,0.08590402742073694,21.64781491002571
4668,0.047228425252149146,0.10841427434757472,0.4356292152151058,-0.36129946689745296,0.3693230505569837,0.0032632920672442728,0.13038423863154391,0.3599132463858199,broad,6L-OLS-oracle,5,5,0.008,0.08590402742073694,21.64781491002571
4668,0.025580610342123444,0.1091652619158933,0.23432921694295114,-0.3851935899272383,0.3665381319622965,-0.018371254936624438,-0.7207889507568832,0.3598046308800365,broad,6L-OLS-oracle,5,5,0.01,0.08590402742073694,21.64781491002571
4663,0.1298791551726243,0.11106893875671017,1.1693562271006908,-0.3301425535562409,0.3836585888912717,0.08251714278205195,3.2079307260752428,0.3882821486101729,broad,6L-OLS-oracle,5,10,0.0,0.041604117520909284,10.484237615269139
4663,0.11415279874972062,0.11116355627053696,1.0268904898284181,-0.34411017921221365,0.38108513832296803,0.06676333425892872,2.5573271782051124,0.38850720577981374,broad,6L-OLS-oracle,5,10,0.003,0.041604117520909284,10.484237615269139
4663,0.10366856113445148,0.11133948003217894,0.9311033346346648,-0.3532711572141478,0.38065622989491743,0.05626079524351319,2.1328904218990945,0.3886572438929077,broad,6L-OLS-oracle,5,10,0.005,0.041604117520909284,10.484237615269139
4663,0.08794220471154775,0.11177156812461025,0.7868029963890641,-0.36679007199549785,0.37765387089856317,0.040506986720389916,1.5111110367098706,0.38888230106254845,broad,6L-OLS-oracle,5,10,0.008,0.041604117520909284,10.484237615269139
4663,0.07745796709627861,0.11217075394018325,0.6905362081954468,-0.3756563885663329,0.37722496247051257,0.0300044477049744,1.106943122309978,0.3890323391756424,broad,6L-OLS-oracle,5,10,0.01,0.041604117520909284,10.484237615269139
4653,0.1360924758531635,0.10976296416009722,1.239876099324931,-0.31984765546150573,0.35933806146572106,0.09026428291828577,3.6860465927838,0.3786469046415608,broad,6L-OLS-oracle,5,20,0.0,0.02278100150440576,5.740812379110252
4653,0.12748125728449813,0.10978548764002186,1.1611849619186405,-0.32997800481128203,0.3580485708145283,0.08164328405188574,3.319731407130243,0.3787277125291629,broad,6L-OLS-oracle,5,20,0.003,0.02278100150440576,5.740812379110252
4653,0.12174044490538789,0.1098643620649871,1.1080976816975083,-0.33665591594241306,0.3580485708145283,0.07589595147428577,3.076261790838398,0.3787815844542308,broad,6L-OLS-oracle,5,20,0.005,0.02278100150440576,5.740812379110252
4653,0.1131292263367225,0.11007818731959351,1.027717017253117,-0.3465605060279441,0.35632924994627124,0.06727495260788577,2.712641103758418,0.3788623923418329,broad,6L-OLS-oracle,5,20,0.008,0.02278100150440576,5.740812379110252
4653,0.10738841395761224,0.11028412516528807,0.973743172887885,-0.35308941239143454,0.35568450462067486,0.06152762003028578,2.4715486214807636,0.3789162642669009,broad,6L-OLS-oracle,5,20,0.01,0.02278100150440576,5.740812379110252
4672,0.24431142141015588,0.09910781244522039,2.4651075972965653,-0.11657399089637621,0.4047517123287671,0.20713131740983462,8.793139419717031,0.3093329648856149,broad,6L-OLS-oracle,10,1,0.0,0.15539383561643835,39.159246575342465
4672,0.18557255154714214,0.09949944648955363,1.8650611445021985,-0.18658271126323112,0.3974743150684932,0.1482161217215489,5.9908612019472125,0.31079996966636636,broad,6L-OLS-oracle,10,1,0.003,0.15539383561643835,39.159246575342465
4672,0.14641330497179966,0.10017333551851866,1.46159957850992,-0.23711997443187283,0.3908390410958904,0.10893932459602505,4.25440544610101,0.31177797285353404,broad,6L-OLS-oracle,10,1,0.005,0.15539383561643835,39.159246575342465
4672,0.08767443510878599,0.10178697203664938,0.8613522276428263,-0.3071837106794262,0.3820633561643836,0.05002412890773933,1.8524149475815923,0.31324497763428555,broad,6L-OLS-oracle,10,1,0.008,0.15539383561643835,39.159246575342465
4672,0.04851518853344351,0.10324994470954153,0.46988101223612694,-0.4471361542756169,0.3779965753424658,0.010747331782215491,0.3838885597732238,0.31422298082145317,broad,6L-OLS-oracle,10,1,0.01,0.15539383561643835,39.159246575342465
4668,0.13652923996032784,0.10945093764955877,1.2474012821842486,-0.28397455977843755,0.39524421593830333,0.09065452713387318,3.4267466505721855,0.37554570233976686,broad,6L-OLS-oracle,10,5,0.0,0.0715509854327335,18.03084832904884
4668,0.10948296746675457,0.10957192129111831,0.9991881695299711,-0.31871151038997514,0.390745501285347,0.06359784207872338,2.3469548324775413,0.375630943042313,broad,6L-OLS-oracle,10,5,0.003,0.0715509854327335,18.03084832904884
4668,0.09145211913770572,0.1098432162985561,0.8325695679661911,-0.3415377671431101,0.3886032562125107,0.045560052041956824,1.653867945180237,0.3756877701773437,broad,6L-OLS-oracle,10,5,0.005,0.0715509854327335,18.03084832904884
4668,0.06440584664413246,0.11053331026394277,0.5826826907683991,-0.3743913530873981,0.3847472150814053,0.018503366986806973,0.6549587998437862,0.37577301087989,broad,6L-OLS-oracle,10,5,0.008,0.0715509854327335,18.03084832904884
4668,0.04637499831508362,0.11117940664220244,0.4171185988096487,-0.3954038505695371,0.3832476435304199,0.0004655769500403991,0.016200358148274068,0.37582983801492076,broad,6L-OLS-oracle,10,5,0.01,0.0715509854327335,18.03084832904884
4663,0.14263540445787498,0.11239285921490863,1.2690788850307562,-0.3103113091876575,0.4025305597254986,0.09423950421654909,3.5418026834327567,0.396758143945887,broad,6L-OLS-oracle,10,10,0.0,0.037315033240403174,9.4033883765816
4663,0.1285303218930026,0.11244008775734218,1.1431005120734599,-0.32353099777102035,0.39995710915719496,0.08009001051626098,2.9683147210948624,0.3971222342835027,broad,6L-OLS-oracle,10,10,0.003,0.037315033240403174,9.4033883765816
4663,0.11912693351642102,0.11257214780947518,1.05822741978806,-0.332981233182153,0.39931374651511903,0.07065701471606889,2.593608089396069,0.39736496117524645,broad,6L-OLS-oracle,10,10,0.005,0.037315033240403174,9.4033883765816
4663,0.1050218509515486,0.11292039369724292,0.9300521147059447,-0.3469269627511006,0.39695475016084064,0.056507521015780805,2.043558652425139,0.39772905151286214,broad,6L-OLS-oracle,10,10,0.008,0.037315033240403174,9.4033883765816
4663,0.095618462574967,0.11325194326037046,0.8442986479723055,-0.3560731746361039,0.39652584173279004,0.0470745252155887,1.6851405697668869,0.39797177840460596,broad,6L-OLS-oracle,10,10,0.01,0.037315033240403174,9.4033883765816
4653,0.13671419313349564,0.1153005894252236,1.1857198112778038,-0.31984765546150573,0.3950139694820546,0.08616070268673033,3.099946684055752,0.4176887948362972,broad,6L-OLS-oracle,10,20,0.0,0.02192134107027724,5.524177949709864
4653,0.12842792620893087,0.11525624400021175,1.1142817235020683,-0.3299780048112817,0.3935095637223297,0.07789082777959745,2.782463992715692,0.4175533588467035,broad,6L-OLS-oracle,10,20,0.003,0.02192134107027724,5.524177949709864
4653,0.12290374825922099,0.11528528220126913,1.066083596383546,-0.3366559159424126,0.3928648183967333,0.07237757784150889,2.572750318907558,0.41746306818697443,broad,6L-OLS-oracle,10,20,0.005,0.02192134107027724,5.524177949709864
4653,0.1146174813346562,0.11541665376609922,0.9930757615528987,-0.34656050602794397,0.39114549752847627,0.06410770293437598,2.261319534491712,0.4173276321973809,broad,6L-OLS-oracle,10,20,0.008,0.02192134107027724,5.524177949709864
4653,0.10909330338494634,0.11556262236477476,0.9440189323550661,-0.3530894123914349,0.3905007522028799,0.05859445299628739,2.055914840197947,0.4172373415376517,broad,6L-OLS-oracle,10,20,0.01,0.02192134107027724,5.524177949709864
4672,0.2159307677336551,0.10108277865174588,2.1361776022955183,-0.163405325697357,0.4148116438356164,0.1774818964304989,7.381791976959884,0.31988892114470696,broad,6L-OLS-oracle,20,1,0.0,0.1035958904109589,26.106164383561644
4672,0.17677152115831268,0.10125087094675277,1.7458765490647066,-0.22157312904022008,0.4092465753424658,0.13831296346313546,5.440981245246342,0.319969510493324,broad,6L-OLS-oracle,20,1,0.003,0.1035958904109589,26.106164383561644
4672,0.15066535677475107,0.1016510176702585,1.48218247320935,-0.2581316685109756,0.4047517123287671,0.1122003414848931,4.246725573205482,0.3200232367257354,broad,6L-OLS-oracle,20,1,0.005,0.1035958904109589,26.106164383561644
4672,0.11150611019940859,0.10267662949109076,1.0859930906583175,-0.31744843113542265,0.3974743150684932,0.07303140851752973,2.6059268759586818,0.3201038260743525,broad,6L-OLS-oracle,20,1,0.008,0.1035958904109589,26.106164383561644
4672,0.08539994581584692,0.1036374169145948,0.8240261901377091,-0.35479365045231126,0.395333904109589,0.04691878653928739,1.6092398579209155,0.320157552306764,broad,6L-OLS-oracle,20,1,0.01,0.1035958904109589,26.106164383561644
4668,0.14766488826445764,0.10738088068821969,1.3751506536177756,-0.23149194120894645,0.4046700942587832,0.10359223570743459,3.9985236808908295,0.3607934358328904,broad,6L-OLS-oracle,20,5,0.0,0.05098543273350471,12.848329048843187
4668,0.12839239469119285,0.10744542722318166,1.1949544807011745,-0.254400709226853,0.4023136246786632,0.08435967670479749,3.161627406327749,0.36046651811613556,broad,6L-OLS-oracle,20,5,0.003,0.05098543273350471,12.848329048843187
4668,0.11554406564234965,0.10763017089667902,1.073528590354722,-0.2721451711506917,0.4001713796058269,0.07153797070303948,2.6282329464655483,0.3602485729716323,broad,6L-OLS-oracle,20,5,0.005,0.05098543273350471,12.848329048843187
4668,0.09627157206908486,0.10811840251170422,0.8904272522770869,-0.29800506603217647,0.397172236503856,0.05230541170040234,1.8645864079435919,0.3599216552548775,broad,6L-OLS-oracle,20,5,0.008,0.05098543273350471,12.848329048843187
4668,0.0834232430202417,0.10858315770959137,0.7682889757485177,-0.3147533101867759,0.39588688946015427,0.03948370569864427,1.3793571727527396,0.35970371011037416,broad,6L-OLS-oracle,20,5,0.01,0.05098543273350471,12.848329048843187
4663,0.14525242526511623,0.11277517732097478,1.287982237897143,-0.30914935862032156,0.41110872828651085,0.09669609205864663,3.685447585277013,0.39807340174997285,broad,6L-OLS-oracle,20,10,0.0,0.03173922367574523,7.998284366287797
4663,0.13325499871568453,0.11286093832562882,1.1807007871156834,-0.32034450298354755,0.4093930945743084,0.08464387523474748,3.1739684189070108,0.39852258210400243,broad,6L-OLS-oracle,20,10,0.003,0.03173922367574523,7.998284366287797
4663,0.12525671434939672,0.1130037925701785,1.1084292969336302,-0.32848868765505546,0.4089641861462578,0.07660906401881476,2.8409560206676883,0.3988220356733554,broad,6L-OLS-oracle,20,10,0.005,0.03173922367574523,7.998284366287797
4663,0.11325928779996502,0.11334594638445378,0.9992354505189378,-0.34053734458829543,0.40746300664808066,0.06455684719491567,2.3537051662922908,0.3992712160273849,broad,6L-OLS-oracle,20,10,0.008,0.03173922367574523,7.998284366287797
4663,0.10526100343367721,0.1136586984279821,0.9261148059017592,-0.348459339502846,0.40681964400600473,0.05652203597898294,2.0371739497451733,0.399570669596738,broad,6L-OLS-oracle,20,10,0.01,0.03173922367574523,7.998284366287797
4653,0.13331589880181005,0.11853554919207211,1.1246912821552648,-0.36283421773050406,0.4119922630560928,0.08007305281178834,2.8795116711457083,0.43990909388630994,broad,6L-OLS-oracle,20,20,0.0,0.018482699333763165,4.657640232108317
4653,0.12632943845364758,0.11852619805624429,1.0658355749646202,-0.37607669317871195,0.41070277240490005,0.07307698812135587,2.6073885846512788,0.43998844797467257,broad,6L-OLS-oracle,20,20,0.003,0.018482699333763165,4.657640232108317
4653,0.12167179822153926,0.11856817913845123,1.026175818045278,-0.3847625345352874,0.41048785729636794,0.06841294499440087,2.427804777737376,0.4400413507002477,broad,6L-OLS-oracle,20,20,0.005,0.018482699333763165,4.657640232108317
4653,0.11468533787337677,0.11870337120918423,0.9661506383948717,-0.3975809799439056,0.4096281968622394,0.06141688030396842,2.1613607665354824,0.44012070478861043,broad,6L-OLS-oracle,20,20,0.008,0.018482699333763165,4.657640232108317
4653,0.11002769764126846,0.11884151842198196,0.925835508518013,-0.405988353472586,0.4087685364281109,0.056752837177013404,1.9857842435990067,0.44017360751418555,broad,6L-OLS-oracle,20,20,0.01,0.018482699333763165,4.657640232108317
