,1711,1717,1727,1742,1785,2360,2467,2493,3010,3030,3114,3178,3305,3339,3402,3413,3455,3467,3535,3551,3583,3663,3680,4720,4722,4749,4755,4764,4768,4772,4949,5222,5234,5434,5493,5536,6207,6208,6223,6277,6438,6510,6515,6532,6613,6658,6664,6667,6683,6706,6725,6735,6788,6789,6823,6829,6877,6895,6909,6937,6953,7556,7631,7704,7728,7730,7751,7769,7795,7810,7822,7828,8027,8091,8374,8383
2012-04-30,3.5652073760608807,0.6199762109072515,1.3856146674172107,1.5669249029259948,3.1862626498206503,1.601944423173169,2.6048656847684852,1.832294156664886,2.559298389767871,1.613799486940103,1.4218274843153753,,2.8122086703738254,2.771802320286769,3.215583790865295,,0.4732436786422731,,2.179297299534369,2.413124122892864,,,,2.6110470061293802,0.7981161678309117,,,,,,,,,3.198920045919094,1.2630965474165798,,2.11289778790661,3.363256693880555,2.6108991619255737,2.989282384097427,,,,,,,,,,,,,,,,,,,,,,,,,,,,,,,,,,1.5242469009167545,2.027153750622971,2.001647764316484
2012-05-31,3.574166239689565,0.6897889868106316,1.4173457709439672,1.3851802499545338,3.06434397692077,1.6273419060924228,2.6325910639486914,1.7542260657887907,2.536406141796367,1.5969644358420958,1.4857487246801548,,2.836944118439395,2.863345258006991,3.0239158496884504,,0.47843519072625823,,2.2075071774616237,2.4510136800760116,,,,2.5949047898965785,1.0014139589517634,,,,,,,,,3.135946339868004,1.2570562424366902,,2.073203431566061,3.2778619423584847,2.6259908172988022,3.0152690879689183,,,,,,,,,,,,,,,,,,,,,,,,,,,,,,,,,,1.4393901768177622,2.0666210715568094,1.890503460594796
2012-06-29,3.496808573296291,0.7366290142370325,1.5085135326966552,1.2945897473834151,2.870655383991596,1.4568859497143476,2.5254354096230403,1.6602250597635284,2.6469496291544763,1.5721855775524183,1.4071853668079481,,2.7754640279072365,2.7930653003812327,2.940405352427725,,0.5064283410127475,,2.2521102485950606,2.4938312522939023,,,,2.6895407341514157,0.9687999271433279,,,,,,,,,3.1717224916494913,1.1957178571858056,,2.150575906404455,3.3767018740191617,2.7750464812141242,2.965641235437883,,,,,,,,,,,,,,,,,,,,,,,,,,,,,,,,,,1.4764803081456566,1.9923258398209085,2.1504070688793493
2012-07-31,3.3665939429543204,0.39375221721812453,1.516167952711324,1.316207053323228,2.6281735783871154,1.4855451609615664,2.5762450175102574,1.9570895765910636,2.7207537655497647,1.4971680411874246,1.369077241631543,,3.044642154303937,2.8107814776448605,2.8234387680042743,,0.5046743588909793,,2.217538282917429,2.4917166839743357,,,,3.2396985758893098,1.2206378158275746,,,,,,,,,3.009296261257586,1.3553261762554918,,2.2297975589209393,3.2576125899447184,2.930264092286533,2.9371798789899466,,,,,,,,,,,,,,,,,,,,,,,,,,,,,,,,,,1.8048894293520292,1.9986909376358446,2.3735440093549105
2012-08-31,2.830779152427155,-0.18786512673855937,1.084519007851055,1.544079677051484,2.39150358501038,1.2992897645451602,2.3249264517280066,1.495532247969284,2.5015990786569677,1.3194008448558898,1.102937778737101,,2.660880176406657,2.6074768291111576,2.344789475243349,,0.5316368256160049,,2.240799489846658,2.479893957687856,,,,3.6633542542147657,1.021883352324853,,,,,,,,,2.6105622814869975,1.1649892802745854,,2.122169821920616,3.010548346049399,2.786376243191017,2.5494310830060165,,,,,,,,,,,,,,,,,,,,,,,,,,,,,,,,,,1.368198289871743,1.9122257368906022,2.3442653844534966
2012-09-28,2.8637998776901794,-0.3626494434496987,1.194069207397864,1.850229786901678,2.402344342808903,1.3221912476009208,2.4927291169937895,1.5212043751181372,2.6936234834643735,1.4241711379285589,1.4252892168135034,,2.561995764797528,2.9110322755209213,2.331886388542471,,0.563530304275415,,2.2613136794462987,2.49066625009245,,,,3.7322062836613656,0.9728211204378986,,,,,,,,,2.5545293313302535,1.2886389967908165,,2.3042103050899545,3.0671500907545,2.914392239231858,2.765792880076676,,,,,,,,,,,,,,,,,,,,,,,,,,,,,,,,,,1.7662587921224826,1.9199831137409697,2.2996571426552923
2012-10-31,3.123695288980233,-0.005582661385344145,1.1683290770685562,1.8901342539654737,2.1588173085897986,1.5926728100484895,2.4390488975860345,1.6321782059805994,2.658979094318951,1.7313238898152208,1.2626335591232654,,2.5928325727178145,2.9090186174309025,2.3341520494701467,,0.6278353982479341,,2.3224442774976617,2.4972483488215262,,,,3.7138160342729036,1.0956042004192097,,,,,,,,,2.4275457283692763,1.0555259982415874,,2.3564484351002117,2.8976900475821563,2.815864474299783,2.6385249964753994,,,,,,,,,,,,,,,,,,,,,,,,,,,,,,,,,,1.6881269455205588,2.141359822232261,2.3337940794857994
2012-11-30,3.106401984890717,-0.10373172341657073,0.9041937609090814,1.8059194194580885,2.4313422004627028,1.6850241218008213,2.188352207856713,1.398726797107233,2.5941340563816557,1.9473983815727665,1.198339416581654,,2.3120130858386823,2.9950683608037147,2.176705389860406,,0.6183249121368681,,2.405402214256851,2.5331608967462933,,,,3.857561889523057,0.9907478474490581,,,,,,,,,2.2237172172786757,0.8992275080271828,,2.3863799750933428,2.7364854637578273,2.708066655820235,2.4099710353765658,,,,,,,,,,,,,,,,,,,,,,,,,,,,,,,,,,1.4537703795402888,2.208627674574275,2.3573888819924824
2012-12-28,3.1799956609692295,0.08841044626100264,1.0464652656418836,2.0065432078970495,2.3807688310438477,1.7711904951855664,2.3284101158208284,1.4409595054909838,2.786856112714078,2.086771916158884,1.371222041296717,,2.3421705053260213,3.003292759667938,2.1461665712923157,,0.6395116107895243,,2.4118504019714715,2.4863703874695586,,,,4.0218794418867905,1.0085528921872493,,,,,,,,,2.2982911956769505,1.0518161232500745,,2.711665465457164,2.9774971044222345,2.8639982943242748,2.367742663106249,,,,,,,,,,,,,,,,,,,,,,,,,,,,,,,,,,1.68986068848138,2.2606425986439875,2.5057066957687515
2013-01-31,3.4272254154277393,0.3418273715327634,1.1008913036329278,2.1509685904174,2.1097861568431373,1.8296459317719735,2.1464957747864015,1.4669276359823067,2.677244237618957,2.388147587095259,1.415669604783281,,2.3531721668701753,2.8798485437024883,2.191455290534017,,0.687555739941133,,2.4456029886302257,2.4764961085624804,,,,3.944966480548394,0.7668959910641666,,,,,,,,,2.5159641430905966,0.8054922617557024,,2.5991976165935227,2.678324016914113,2.877214923594112,2.4969274893592783,,,,,,,,,,,,,,,,,,,,,,,,,,,,,,,,,,1.770805947673384,2.1561488609949273,2.6238826275006484
2013-02-27,3.4166868525975587,0.300980517997966,1.220623558658273,2.085937579686035,1.842140691316297,1.7915343627055809,2.238205931251512,1.616306761104779,2.8523265797148287,2.002524603689758,1.4781551760692857,,2.126289699349047,2.710878031465189,2.053973009371639,,0.8203310468252877,,2.142899442033566,2.4447353051315166,,,,3.884463082342143,0.5978223329652552,,,,,,,,,2.400479504206215,0.7210744191661672,,2.5251107304396734,2.5666571460129752,3.088296964384267,2.34803298924308,,,,,,,,,,,,,,,,,,,,,,,,,,,,,,,,,,1.7451526708925953,2.0238219332849883,2.4456842172809456
2013-03-29,3.1539342323417516,0.36903206902267965,1.1447005717118053,2.168124243882044,2.156545214757224,1.69298414125512,2.4762348453590945,1.8464034890539407,3.071142713719711,2.0764734766591935,1.4475035779453482,,2.34310817671157,2.725898530532324,2.4970450356435006,,0.9136057231362638,,2.36128821248551,2.5074888149195225,,,,3.907921338743383,0.9005905631925463,,,,,,,,,2.538058940705613,1.0602598121077025,,2.5124727376277725,2.561779277000971,3.151878047924684,2.338399185707566,,,,,,,,,,,,,,,,,,,,,,,,,,,,,,,,,,1.9023504744709503,2.3111670541904177,2.65909577066342
2013-04-30,3.048211952029103,0.24744795426334498,0.9912309890256938,2.065884372249491,2.1394175626614906,1.4713256450671983,2.4275174486505793,1.911130312459368,2.9063043794801726,2.016547093411174,1.4128505272605605,,2.2707626579610842,2.499147724837511,2.385836700375665,,1.0687199017679385,,2.450292263888551,2.3022542063003155,,,,3.845251736114499,0.9042556527569526,,,,,,,,,2.3011931080909784,0.9222935638232781,,2.4928751620934437,2.519458235497296,2.8851632910132996,2.251181561011434,,,,,,,,,,,,,,,,,,,,,,,,,,,,,,,,,,1.6189980894851004,2.277472768463886,3.219967533200547
2013-05-31,2.8961851788234942,0.2768544559582145,1.0848876261709948,2.0535311028257204,1.8151449760514378,1.2892680483294163,2.4028029779598747,1.9373830672006391,2.785062218397536,1.8954202345888984,1.3476492053396734,,2.207653847578933,2.551470611219607,2.261030154079648,,1.080616071948959,,2.251969240347013,2.175770764397032,,,,3.530119773977493,0.7796383314057148,,,,,,,,,1.9960068154755033,0.7566611611591151,,2.376077720188922,2.317899276264395,2.5971228986503103,1.9521227932153744,,,,,,,,,,,,,,,,,,,,,,,,,,,,,,,,,,1.7241891362519648,2.00244561480431,3.4760170715441423
2013-06-28,2.7838800407905744,0.2565717525988532,1.2310887211115051,2.103683001240013,1.7344399721053207,1.2816600220416943,2.346136347585811,2.0338983956791363,2.814567164297545,1.9794934143229492,1.3921737315111515,,2.393362719831012,2.580954281322892,2.2995870882709326,,1.0325234657261941,,2.280952024884654,2.2090356113514855,,,,3.6370647527247515,0.8446834463930322,,,,,,,,,2.0408146818587936,0.930111786986586,,2.2671333977283172,2.280885405885454,2.6989304394212765,1.982865877674285,,,,,,,,,,,,,,,,,,,,,,,,,,,,,,,,,,1.715971629066144,2.1101005167427407,3.450805880906392
2013-07-31,2.5795638106177328,0.017398252284508982,1.0930346113389233,2.1815065620695537,1.5671195421844353,1.6340492229350563,2.5185730090889344,1.9495939971366092,3.089237516681887,1.84200532557886,1.3887070208874497,,2.1988136282804627,2.8364403070636093,2.114386025596148,,0.9457444111806296,,2.3134542401669913,2.0641768548089,,,,3.4129260164815864,0.9498165513239865,,,,,,,,,1.9960032161457248,1.0125871804074118,,2.315988185519505,2.256755783221922,2.5685646220652156,2.073926968220068,,,,,,,,,,,,,,,,,,,,,,,,,,,,,,,,,,1.5052380586494662,1.9457537500294715,3.208377054407375
2013-08-30,2.33123552485986,-0.3889145317177084,0.6007626038368383,2.0458059464220804,1.2396836003754912,1.2022883557297046,2.44869960614455,1.5863883312260665,2.9655216459250697,1.6591863130725948,1.2289257148862032,,1.8328806833153943,2.5566148088117324,1.84903710199365,,0.8377524244965266,,2.124147628820134,1.81805184389998,,,,3.0880650847013817,0.662098770044591,,,,,,,,,1.6973399444315405,0.4923850018422388,,1.882439776869465,1.8491705021555984,2.2594111905591454,1.7282060897764704,,,,,,,,,,,,,,,,,,,,,,,,,,,,,,,,,,1.4543625051390554,1.6403012851481675,2.6846450616349253
2013-09-30,2.133468708689095,-0.767367705730451,0.3290616213291577,1.5440381792529683,0.8164853339783863,0.7553869781832498,2.1152050602637904,1.2512206032122668,2.57900765740913,1.2108821141896229,0.8285407445451414,,1.4853539264343654,2.258850006644097,1.5730632923841301,,0.5805225792892285,,1.830145785593688,1.3421923328908796,,,,2.9335953380333146,0.521829141828563,,,,,,,,,1.233986642054932,0.097203488381201,,1.6056705058002587,1.5357945954968335,1.7494432305452934,1.413378697412014,,,,,,,,,,,,,,,,,,,,,,,,,,,,,,,,,,1.1725284981119226,1.3415874793737559,2.3790575950860786
2013-10-31,2.193393962803033,-0.8409340141128355,0.23354547577554108,1.325589127575107,1.0925236236034739,1.0581379483123923,2.269548467616228,1.4190740988085955,2.583266326245677,1.5172283074703485,0.9151986793289926,,1.6847346254631583,2.16312685038318,1.683083128884664,,0.8685980219013182,,1.7957601596585637,1.190871483317487,,,,2.5778272770626427,0.4961857020924383,,,,,,,,,1.1716098669130006,0.11050765043945567,,1.3499990940050088,1.459251884052848,1.9828763052222813,1.2197570371657747,,,,,,,,,,,,,,,,,,,,,,,,,,,,,,,,,,1.0001225679470023,1.315414487857332,2.3415578237347114
2013-11-29,2.3242086242972912,-0.4402406409896919,0.5462011493552588,1.3152481265833167,1.1656666462207892,0.7819565798447725,3.1651617517034873,0.9714522988237161,3.0254498461786072,2.2487649252250463,0.8287568645243483,,2.1391822677864005,2.3601084155425487,1.6574793181859107,,0.9356189439375017,,2.5871510274107337,1.1310752260547468,,,,1.976785652578039,0.8062533173976552,,,,,,,,,1.324474390106352,-0.09501526709929493,,1.9215433321210977,1.2505301393899864,2.132525600287321,1.7699595120088711,,,,,,,,,,,,,,,,,,,,,,,,,,,,,,,,,,1.2329045876218103,1.2419981657422516,1.8599853817345418
2013-12-31,2.5463698754912683,-0.27683292818082644,0.9587302379217377,1.2898487427093033,1.5571564303677126,1.1546633703837277,3.423147865923206,0.8961991514569698,3.5167948996646956,2.7230262206849694,1.2841526633340046,,2.6000676754634293,3.001725998858121,1.7940458253121887,,1.0441983195136202,,3.2367435426370657,1.628472031773382,,,,1.9695041145811845,0.6250715746696579,,,,,,,,,1.560806118894454,0.046486544927158785,,2.117346414243223,1.7087908776159748,2.2557021077349377,1.7543977531251957,,,,,,,,,,,,,,,,,,,,,,,,,,,,,,,,,,1.0407078457952663,1.4153638191276414,1.3938596868847535
2014-01-27,2.449688913569216,-0.2683184051112507,1.0832736645790357,1.4167136680714325,1.3299608614072191,1.030668728077954,3.5949992255533103,0.7411151935674708,3.49633264035019,2.676084264360891,1.3196577799667415,,2.838220402181011,2.746035036791986,2.0944801560651736,,1.1594123882629948,,3.435830812984482,1.5174651554609935,,,,2.2220409571001385,0.48247882294481037,,,,,,,,,1.40756120502063,-0.04468585754487582,,2.4284560818883927,1.438766888118912,2.3278978686062533,1.723806805922361,,,,,,,,,,,,,,,,,,,,,,,,,,,,,,,,,,1.0301079725008944,1.419274572337222,1.55428653468093
2014-02-27,2.7320556938086527,0.03701042796276705,0.7895185417518694,1.9005239437904986,1.637693008019437,1.0818258431578676,4.022810825132947,1.0782931968461116,3.2407895931274533,2.497130618259114,1.5081380553297143,,3.022615433422228,2.9643103121948084,2.243327278045668,,1.4071490816200827,,3.5715587985926365,1.9853581193371168,,,,2.4639650527594203,0.7921765268495615,,,,,,,,,1.2842461695913405,0.13591311004101794,2.707165031530273,2.7121271921417667,1.6827669648000563,2.6804302000078777,1.8698045999112232,,,,,,,,,,,,,,,,,,,,,,,,,,,,,,,,,,1.4301258145967286,1.5688188584102087,1.618909186014553
2014-03-31,3.035444897361543,0.39184920980480176,0.9072418512245458,2.072730021176817,2.400207482045897,1.1833430345508493,3.6635833507277265,1.2271889468823058,3.7772385582403785,3.130572240120883,1.7287412233082444,,3.2960451778838005,2.9959540091123325,2.669239246922291,,1.5247570921333293,,3.7370494773590948,2.216515163696801,,,,2.4342452919634296,0.8301143169588286,,,,,,,,,1.3494048993812056,0.1632302263781825,2.633002693874202,3.0655402932876,1.6666879609435348,2.8445673464901224,1.9275919999396345,,,,,,,,,,,,,,,,,,,,,,,,,,,,,,,,,,1.659486616082492,1.4573945870653153,1.4557240095229165
2014-04-30,2.8918257388852053,-0.14102519491706103,0.7930144086046743,2.397248857124269,2.302787371865974,1.20797457215986,3.748924108928078,0.9555651375965046,3.487896448042619,2.829549197431326,1.886413286840149,,2.8357124890967715,2.7260853469677055,2.4796470597910356,,1.5660301488440727,,3.4784519636080433,1.807283332335231,,,,2.0792244465684755,1.0824818201512796,,,,,,,,,1.007239007257715,-0.3230793697410332,2.550417227868432,3.1677742959292923,1.3344740574154177,2.475034425647412,2.1672431147328988,,,,,,,,,,,,,,,,,,,,,,,,,,,,,,,,,,1.6847114996538828,1.4720847768526866,1.0162434491663879
2014-05-30,2.978820400493192,0.03921247343824042,1.2736949794899943,2.3370112191212735,1.8141455063594631,1.4876147016628385,3.948820804401762,0.9902830310560771,3.972205076830029,2.954573132920932,2.1555444488931843,,2.826537970671524,2.5242565287847962,2.5241432428737554,,1.8912586650090923,,3.738841273487621,1.9535565099237289,,,,1.7520409653708444,1.4502553281727397,,,,,,,,,1.1365293327833357,-0.07126792136136684,2.4910627553450064,3.2358056431986246,1.4134140150860621,2.3977479719983625,2.6703622937972886,,,,,,,,,,,,,,,,,,,,,,,,,,,,,,,,,,1.7071384295287482,1.707058522700275,0.8591225909160268
2014-06-30,3.033911727764479,-0.05393758995751497,1.629566987011833,2.3656144718245913,2.408464549325514,1.5511560204594526,3.7145092363338565,0.4363570201906606,3.68312117570566,3.0467146122854962,2.252335237361049,,2.51920649869087,2.5573423080833044,1.929164250038519,,1.6244735438299058,,3.2939608042923063,1.9682994233890425,,,,1.4054442130277387,1.2254652568759483,,,,,,,,,1.2610159490631339,-0.11930737553531633,2.5080487262454105,2.852198124019999,1.6817628761535635,2.440153557600695,2.461854886965299,,,,,,,,,,,,,,,,,,,,,,,,,,,,,,,,,,1.3312600172184035,1.9894525244426788,0.4213365971635563
2014-07-31,2.8501160282021223,0.18018437375298035,1.6505332594936584,2.439382813189742,2.7693151345802094,1.3957921604954935,3.684911207822014,0.7205550487137923,3.7433502058694446,2.8436224620201482,2.351127904753484,,2.085260827428264,2.468925656045456,1.79552742342819,,2.118114505035839,,3.3822740971228935,1.7053379740922083,,,,1.224399707965566,1.6014895987667426,,,,,,,,,1.1862474603897482,-0.16832313054626988,2.4773977486744516,2.9497046281101063,1.565472332652971,2.477045605361393,2.1287162308427834,,,,,,,,,,,,,,,,,,,,,,,,,,,,,,,,,,2.0382085512881583,2.0961157518814204,0.35856398433132913
2014-08-29,2.2741834444497004,0.013024117374171005,1.3899935711539633,2.338065684571699,2.154752282535668,1.1146019343531206,3.3988773908961503,1.4030594270992536,3.2839452514535816,2.361650087906615,1.6866939564672374,,1.7035943423157636,2.2803524822786407,1.486531752857435,,1.672801676752837,,2.9715764086299075,0.7751407721031177,,,,1.2452900411418732,1.412642171941882,,,,,,,,,1.164064199702803,0.18223374211077586,2.4934141952159896,2.4250555132700855,2.100745419373157,1.985867850716998,1.818275050014209,,,,,,,,,,,,,,,,,,,,,,,,,,,,,,,,,,1.6645483812775943,2.0485925007301904,0.7374992514780138
2014-09-30,2.664535641596135,0.2549220844464597,1.577286197502004,2.223451775572371,2.0830698275011685,1.2760820221891322,3.501820133078033,1.359662787308613,2.8679556078598276,2.4547410430836174,1.674618687785116,,1.2004361027175026,2.1094388847336525,1.2086847074336944,,1.7488688562170531,,3.0758069244149717,0.8407562092873229,,,,1.0454699239692933,1.8582257383593397,,,,,,,,,1.0948982350030771,-0.10131610495059475,2.4736318572058607,2.2226504540933845,2.3670576314655514,2.1093859331432334,1.8175148931424103,,,,,,,,,,,,,,,,,,,,,,,,,,,,,,,,,,1.7273519181648738,2.175512294998175,0.5186758933739055
2014-10-31,2.6812552424463187,0.3193577720567412,1.6632757916093275,2.1186077673111683,2.1249563809300174,1.5858725897155992,3.713838520887404,1.2242396899762864,2.793289446597065,2.2858693942186856,1.55071165890414,,1.333261902836937,2.0483730330067815,1.2315224235557682,,1.9043910221991167,,3.107215121417292,1.2576933000483568,,,,0.8310664101168505,1.7074584212150274,,,,,,,,,1.351126869921581,-0.01445375140944403,2.71403234221258,2.589691238890597,2.5018251271516974,2.417260503181963,1.7518220557853679,,,,,,,,,,,,,,,,,,,,,,,,,,,,,,,,,,1.4731152443211954,2.309057346237254,0.14163878423026707
2014-11-28,2.915902481562124,0.19156918959115393,1.5552856448479175,1.9050218745977763,2.0306928541166216,1.318173809101063,3.412474557112041,1.2786781375628307,2.45815339999067,2.2213992285193815,1.683608922995187,,1.1134801316188152,2.1222788879062793,0.8499316667371419,,1.8437079227254447,,2.993158335684227,1.417993172950507,,,2.678156145203682,0.8910869376133863,1.7382364941791988,,,,,,,,,1.3541468382865451,-0.15100466400157678,2.750762118224144,2.6670053904635553,2.2871310298879775,2.4732907913887368,1.691015401895315,,,,,,,,,,,,,,,,,,,,,,,,,,,,,,,,,,1.8046661169845204,2.4671408693417516,0.46185574956580133
2014-12-31,2.703231521626276,0.10708643836349363,1.4757181352901139,1.881456233017814,1.7451000397790346,1.3915926540284242,3.66091171602811,0.9877973296679091,2.4832754519689058,2.142057004076298,1.7558106503652624,,1.264272028374688,1.8809338765288317,1.0395956610863135,,1.7871614996482394,,2.9993986712452743,1.2595090475234691,,,2.6455571971852816,0.9953787610767002,1.8431176635104876,,,,,,,,,1.2575991747125388,-0.17344763254404677,2.8886776030108217,2.397936337525413,2.4011240267213485,2.3417297042580687,1.4114396054378793,,,,,,,,,,,,,,,,,,,,,,,,,,,,,,,,,,2.17349802924456,2.64440805538513,0.28684908986591184
2015-01-30,2.5910898966495304,0.0037623028487137208,1.0528868520453631,1.9358748978572589,1.6239542480340636,1.2916618535467321,3.2520671330150157,0.750885948808603,2.52936447773619,1.9298404756946876,1.6369897305684855,,1.115050442837841,1.895385389300693,0.7342350535885501,,1.4946223100604623,,3.122981352229861,1.169857998811833,,,2.560136190175243,0.9108025665799564,1.7253270459300398,,,,,,,,,1.237316282378147,-0.31977732325969865,2.904802503390428,2.545518751511414,2.1126718431847906,2.6103704332594546,1.253345118144669,,,,,,,,,,,,,,,,,,,,,,,,,,,,,,,,,,2.659635373821646,2.516739950334268,0.2011256568271574
2015-02-26,2.6502885377266074,0.012718676426508336,1.1923490837003279,1.8516401106351532,1.9630565923099474,1.5437582343538512,3.5322590280495083,0.869567251779644,2.6445109004921896,2.0538290080789343,1.9444083984990665,,1.3106614901700908,2.0112462341916104,0.810485578147857,,1.5327299885641728,,3.3430021384730746,1.4185304583148008,,,2.427817520856959,1.1646606316415797,1.8812840379167806,,,,,,,,,1.4867453078511363,-0.20305091550907153,2.8929689614205287,3.0022679597257627,2.062355900604629,2.743544740485616,1.4582516920968274,,,,,,,,,,,,,,,,,,,,,,,,,,,,,,,,,,2.6909892978190793,2.07650357669641,0.11029580884993193
2015-03-31,2.709562539020897,-0.09582603897031874,1.528005755382127,1.8611366600498962,1.9729825588788636,1.6484155318481124,3.6531815561603223,0.8185894187596777,2.4148408597157673,1.9946214325834413,1.815573063435125,,1.227419332486239,1.9694082725364368,1.0557190547561002,,1.5779989580697924,,3.084791302785051,1.3216583721137383,,,2.5013585067298014,1.1467922722208863,1.685442326644923,,,,,,,,,1.3658215096723005,-0.2347125288596184,2.98436847939479,3.2350668274013374,1.7711567546822775,2.6166311091838783,1.277972437917558,,,,,,,,,,,,,,,,,,,,,,,,,,,,,,,,,,2.4526112506809827,2.135403527734401,-0.010033819842933035
2015-04-30,2.4029820448760044,-0.22114076187663687,1.5936947250345808,1.8273351061989993,1.7186745326841704,1.9156251525252206,3.5640564963953856,0.7010252170477951,2.37892102911905,1.4716986035800628,1.7000119953484047,,1.2830132763419544,1.7533153431053756,1.166828419242997,,1.639265070306682,,2.97340345415456,1.375684226786476,,,2.544318896589233,1.359892926981839,1.5809275289690337,,,,,,,,,1.1947848504185807,-0.07942449319391606,2.9763301352442832,3.237200141067467,1.9314043427609326,2.1016287481295333,1.1812672041232681,,,,,,,,,,,,,,,,,,,,,,,,,,,,,,,,,,2.1354821248210376,2.279935743390327,0.33884049281734646
2015-05-29,2.3537633147976815,-0.33326233995118265,1.4479186386804876,1.538969151166486,1.4356096509642313,1.8965795359607085,3.4641707217491096,0.7057844166006323,2.2766298775252567,1.269013921257407,1.3519048827635791,,1.055585919071601,1.6956526880563811,1.1790461324364587,,1.3318902418469671,,2.8854042881728934,1.0531915036937896,,,2.3372218993205736,1.0824974203391435,1.3678334725505246,,,,,,,,,0.9036389416596796,0.13338683819833974,3.0471533564717745,3.152465609889073,1.8424301134619183,1.9657141410832937,1.1097838624614913,,,,,,,,,,,,,,,,,,,,,,,,,,,,,,,,,,2.160461478047786,1.8683223745429678,0.19550980079204594
2015-06-30,2.3841241333889736,-0.3524483552401017,1.4889846203586194,1.5074283844538567,1.3903787284066609,1.833275495322369,3.351293912898465,0.7542186891242146,2.1782987137908383,1.2494282363958964,1.3731228550523402,,0.9155951551403537,1.742991666778508,1.1609698105759232,,0.9907522944895548,,2.8542259885064487,0.7267194193350508,,,2.327279524248751,0.8791430160464356,1.1826311989563432,,,,,,,,,0.8190478415959157,-0.09908684080508356,2.919146438862363,3.038882629880111,1.7441955531868927,1.9399728066938555,1.2082106389004061,,,,,,,,,,,,,,,,,,,,,,,,,,,,,,,,,,2.291869673282565,1.7405833660629604,-0.00720924930797927
2015-07-31,2.4047968080711954,-0.3221146237843995,1.2662647273697596,1.3711992784002212,1.4999175852273035,1.8981896866358379,3.2778429624863565,0.8215223019129195,2.182555058866001,1.2815394453862128,1.1672101882247705,,0.9050983812847531,1.7540697967470007,1.5861921247089754,,0.9987628193231962,,2.8782065048010828,0.9005687375258148,,,2.4408421205637465,1.0270744089443549,1.0282021015023735,,,,,,,,,1.0020778146923162,0.005808113765707149,2.9330848477884928,2.923513843120851,1.7521830689784552,1.958316813022116,1.240859546198359,,,,,,,,,,,,,,,,,,,,,,,,,,,,,,,,,,2.433751316197234,1.6291107648630374,0.1267028880980202
2015-08-31,2.6562561193742917,-0.03142192715351508,1.3329434584973925,1.3868606116386508,1.6044171475467743,2.1810824398915734,3.270453881315677,0.50866091832692,2.4220437205287135,1.3995342088766536,1.2064235721408778,,1.4494924469967685,1.9203802313448457,2.022354293505739,,0.9727879304572005,,2.945753759106138,0.766857483282816,,,2.3091343304544196,1.3622298961554804,1.2443515058902603,,,,,,,,,1.1706945241806137,0.38083887324488813,2.9639435000372325,3.042400128241911,1.740789844487352,2.0019072395637876,1.273044669910746,,,,,,,,,,,,,,,,,,,,,,,,,,,,,,,,,,2.5216937633779852,1.5594775563234335,0.11512747734556489
2015-09-30,2.8824245302191285,-0.25756745529198793,0.9321333662261118,1.6729367566100144,1.218057383276924,1.9324785264287134,2.944746274035016,0.013208552171531409,1.91481581110794,1.1595542231130078,0.9443234374753047,,1.318559548616199,1.6098181443574135,1.8768171297479255,,0.7302880235398034,,2.816994707797785,0.44646928601910973,,,2.2508818889257496,1.4105016785613949,1.1405812001946534,,,,,,,,,1.005035705436555,0.6772738840681383,2.8726857709795977,3.1074851266925774,1.3645374909856742,1.9920736016802192,1.019083114637902,,,,,,,,,,,,,,,,,,,,,,,,,,,,,,,,,,2.6374256643637004,1.2600219891030877,-0.37163849628113493
2015-10-30,2.761848801686095,-0.45502287558212634,0.735182012050189,1.5653845323045537,0.9127319233678522,1.878263418873456,2.8201269983185613,0.09137132306450381,1.8546566651349967,1.233425632289193,0.7061227350927792,,1.1081279227731735,1.5709339513061369,1.8933950992353172,,0.634070668224961,,2.608931563907287,0.4910041020723217,,,2.3503714326705967,1.0485965201115923,1.140101702754501,,,,,,,,1.8501300688602977,1.0997754382331097,0.5223621105443048,2.671203618429885,3.144065969269025,1.0311615512461243,1.7862175488932424,1.0407137650897997,,,,,,,,,,,,,,,,,,,,,,,,,,,,,,,,,,2.3547910871356517,1.1886264109539466,-0.30356948442733206
2015-11-30,2.568586881712952,-0.4998687801974318,0.7035996300193957,1.8490408340485929,0.9598284371890864,1.6122024056430815,2.5620662102458254,-0.12805104789698443,1.5305068860592421,1.0490707043412801,0.9416364480773319,,1.129977110867378,1.3355429907180292,1.8752279711332465,,0.4049324649827683,,2.531073625042004,0.4095425839706532,,,2.4250130107574948,0.5632283202949664,1.1586587449214003,,,,,,,,1.8959057931611536,0.9558923662348859,0.32306941521508176,2.7938014160594937,3.1833249813454985,1.1373446082947012,1.8315287304160168,1.0421467366779353,,,,,,,,,,,,,,,,,,,,,,,,,,,,,,,,,,1.9691000486360362,1.28891997228865,-0.3942006457714321
2015-12-31,2.190342961976532,-0.5754424207564569,0.7349440502175651,1.6991123222876099,1.0055913375698227,2.0606587875582125,2.5169635653250597,0.0687501076579856,1.6059204380419894,1.2746389770774256,0.999428756853505,,1.1754562622597107,1.3282648316733734,2.1397648036716412,,0.3971610356953751,,2.887381692348282,0.6921726587902229,,,2.570657424898729,0.7427883572291897,1.3916322665835439,,,,,,,,1.9641170221443975,0.944393235780128,0.5847067269414324,3.3877209474637384,3.250066801589801,1.2348964671709637,1.9604475456073343,1.146877254899496,,,,,,,,,,,,,,,,,,,,,,,,,,,,,,,,,,2.204738449084521,1.1728915888825249,-0.44407115167200156
2016-01-30,2.260113575854831,-0.38101802598510043,0.8884718867830933,1.5830995362405909,0.9907952095689281,2.0823299458137727,2.524437598709175,0.12043913913039435,1.5531355513482772,1.3631342456263469,1.0089044572232408,,1.029271306245139,1.3905926160580817,2.1964770624506684,,0.5956692549274053,,2.9083355937866453,0.686407709079995,,,2.6702424405964282,0.7137632771578828,1.6138703230523475,,,,,,,,1.9183397405819524,0.8916977925140959,0.5723519115840212,3.3134854925505715,3.399338851958701,0.9580921486612745,2.030524215500922,1.13416042651914,,,,,,,,,,,,,,,,,,,,,,,,,,,,,,,,,,2.212682683155742,1.0268707665513894,-0.5025878585125382
2016-02-26,2.370770039868924,-0.38468987295530366,1.0278278232210982,1.6157828087222783,1.1473688813199363,2.116950770232438,2.525807702619326,0.11556907122864861,1.588175321695692,1.4739727843401533,1.0912218917683725,,0.7979397492558962,1.3947474428906441,2.2959326789823775,,0.6913976620575019,,2.9512871055629364,0.6776763049743052,,,2.324683503778308,0.6744153909984063,1.7818618386865073,,,,,,,,1.7765287102037888,0.9036201732687655,0.8285396824348324,3.3213765750202,3.538494504673036,0.8222029653091344,2.054833299341575,1.230168489198723,,,,,,,,,,,,,,,,,,,,,,,,,,,,,,,,,,2.3378096240168986,0.998556718715798,-0.6034080748489522
2016-03-31,2.142981310744063,-0.8913960886423286,0.8555298257049379,1.5091503194231533,0.8520706074655373,2.2255685001108882,1.95310358365643,0.5503351255343826,1.3509793651423647,1.5232347304763603,1.1103704805121943,,0.46480197817456004,1.3151830314275443,2.1360239493676696,,0.585918191175251,,2.5467000072579906,0.4159658890738741,,-0.43414201859401713,2.51153362998385,0.7206276150982596,1.9301792845815966,,,,,,,,1.8695738772712127,0.863764489106747,0.5820688166398754,3.03173362496873,3.198971715292177,0.8828034539617101,1.9585736428540799,1.128820523696827,,,,,,,,,,,,,,,,,,,,,,,,,,,,,,,,,,2.334074836624117,0.6030573591925337,-0.3016010536528894
2016-04-29,1.9914311494515708,-0.7242622855870146,0.8562716190306903,1.5890445338918948,0.5050638295760289,2.2060143401028847,1.7372795062514088,0.35394266544655034,1.0873944678702656,1.3959150826888798,1.1706241848115388,,0.4062612811884769,0.6850401274783259,1.8467300578506354,,0.2484528089459492,,2.603271876666146,0.07105277902494636,,-0.8052180430263361,2.120834805650264,0.9998993688623365,1.8543532780791983,,,,,,,,1.831375868747748,0.6222839138517121,0.5421937629485016,2.869762372607188,3.091047117497575,0.623408842409814,1.5655508245557133,0.8666211198398686,,,,,,,,,,,,,,,,,,,,,,,,,,,,,,,,,,2.232239178341132,0.3248832967399833,-0.4530313401459607
2016-05-31,1.8041016646158312,-0.8071549109242745,0.6477373215954154,1.5547914789785182,0.9495102707185629,1.882286129084175,1.7490883699401205,0.6333877669220401,0.7866522278662746,1.48811777136705,1.092699621927195,,0.34240123450208626,0.7117062859945846,1.6928018285222084,,0.005353222624671665,,2.514705341088525,0.425622316482413,,-0.8146875819345123,2.096002445316331,0.597343621360668,1.3288149140723218,,,,,,,,1.7944265044035295,0.548313187922431,0.7685043883556348,2.9255790953013876,2.837023690817446,0.3603176145015112,1.1444478785564203,1.126419481322416,,,,,,,,,,,,,,,,,,,,,,,,,,,,,,,,,,2.3181573073668824,0.6596222853443032,-0.3384754350090381
2016-06-30,1.8257093547936614,-0.724861474130685,0.7860573137378567,1.5987823103634362,1.0124418896534082,2.077727696147355,1.61044198246495,0.9431446256113264,0.8285896524430724,1.8352465730699414,1.1238680956282656,,0.5482109465393938,0.46847662392906997,1.7039883116309287,,0.3399887961911169,,2.723305744047656,0.40021878801807226,0.026133204860135886,-0.7638799004390354,2.20982015963435,0.7277927449435448,1.3634134177365027,,,,,,,,1.8506365315024917,0.742030671939549,0.6568992876855249,2.6534082503464655,2.9526924328329085,0.42863758895356807,1.4300062539796985,1.021023402552628,,,,,,,,,,,,,,,,,,,,,,,,,,,,,,,,,,2.2787974140274163,0.4560829432619355,-0.10048394954419838
2016-07-29,1.8794238359619462,-0.6113663098352784,0.9014411376084088,1.6021058001903798,1.0795180094430272,2.0470826422019006,1.611627174869155,1.1352827727094004,0.8740835059769999,1.8881760552930344,1.5908549163054948,,0.6503065734389246,0.3515280698026481,1.8274828555290068,,0.2865352302494557,,2.879679671625445,0.42348393812595025,-0.06543383200018041,-0.8121729136778952,2.215956857687934,0.6431937387314475,1.357087596438371,,,,,,,,1.767228428418311,0.7969260420172795,0.565237811608088,2.6433476769892215,3.036633783540291,0.4555442457086743,1.2579186887825022,1.0696474306926953,,,,,,,,,,,,,,,,,,,,,,,,,,,,,,,,,,2.287389424497264,0.5614796900991662,-0.13207552847865367
2016-08-31,2.1734577226344984,0.10011371441770522,1.1579823234335123,1.5568760293914727,1.3255885999251926,1.93577408482755,1.5409570169229458,0.6386106741046522,1.2768658199459078,2.403304039533093,1.3496273029230608,,1.2367463884149978,0.30179369731211875,1.8277226224695178,,0.4913477160158746,,3.078621834076203,0.5787993148762577,-0.07963446228604562,-1.0012785678881744,2.2069707276206656,0.7831869968869093,1.001680832207005,,,,,,,,1.6521856867498723,1.10008869730838,0.6758968032434471,2.402645639692615,3.0937156479054275,0.3684450917935466,1.1344689020799559,1.722036441175527,,,,,,,,,,,,,,,,,,,,,,,,,,,,,,,,,,1.9143708266182649,0.9393476342928976,-0.38168871400210286
2016-09-30,1.908409792723589,-0.13181252100451754,0.9554444892927256,1.0986347931734575,1.4416091039974759,1.7051439539678388,1.3429218483245742,0.3817485165804695,1.0601890353627759,2.2713187473188787,0.925611446157831,,1.3309756740943393,0.18728294451327696,2.2358624778209295,,0.580688368559031,,2.834147500268447,0.46533941439785387,-0.12538756767466333,-0.8998547635679506,2.1997555101746578,0.5041236467989043,0.7850829323433565,,,,,,,,1.8868145615688245,0.9268707849108468,0.5463222101229841,2.272219761646828,2.907667785584705,0.19320649506958082,1.0305135281669926,1.5998394161723581,,,,,,,,,,,,,,,,,,,,,,,,,,,,,,,,,,1.7924422595195972,1.091149598971886,-0.6269346563656016
2016-10-31,1.7465965429741654,-0.1411696844651945,0.8839732028163654,1.668038328981538,1.351347163030917,1.596118902390843,1.1397837281136156,0.0642501888639441,0.9614336991013427,2.388011647963363,1.0338946713090196,,1.8824002206077943,0.12130147350800129,2.019405162626051,,0.7563553631260823,,2.6511956121761813,0.4638189540601474,-0.13192613840525633,-1.0228752533087753,1.6047993113788614,0.6342444809653761,0.39278374691289575,,,,,,,,1.8903109332622767,0.6877530531685131,0.5855357556947784,2.4407765462766178,2.7417225302517307,0.03864822745598759,0.8519697518466542,1.6211471223763663,,,,,,,,,,,,,,,,,,,,,,,,,,,,,,,,,,2.040229873720951,0.7955461007265967,-0.5531795474526151
2016-11-30,2.2318591702907353,0.1854702625204911,1.0007481947729675,1.4690349882368914,1.3582877290767967,2.1110866946964704,1.2546486644415986,0.47517298676608427,1.2312733164382494,2.7400624431599714,1.311428212728343,,2.232507316708817,0.2838854372303385,1.8953308410483178,,0.712140250564186,,2.7502216585517023,0.6091335647711027,-0.06636258803048614,-0.9747916052132032,1.6651388136546035,0.6853580530137282,0.6952046764029117,,,,,,,,1.9928623955136784,1.656232527401121,0.7516361638463016,3.073919577407408,2.8035462510459404,-0.019791713866059213,0.9271915977562377,2.522236075632866,,,,,,,,,,,,,,,,,,,,,,,,,,,,,,,,,,2.4805022147730185,1.0553423137781903,-0.5214332499146113
2016-12-30,1.9049887913440635,0.0782981492819334,0.7898436248687511,1.4329831552285532,1.3509260102014216,2.164125116339436,1.076875297399319,0.6083959536864535,1.0507544359013403,2.6647291620971116,1.3337041590452619,,2.2198526358931194,0.2744523815072974,1.8247234060676365,,0.7147891430455312,,2.6654808691211698,0.5437182817383042,-4.145900097551774e-05,-0.8532863553677786,1.4360271913580758,0.46215329199071586,0.47381781923458793,,,,,,,,1.915312218994004,1.5801837517577266,0.7460836632987755,2.897221900077124,2.729722993928107,0.08645422549953054,0.8725976056044725,2.4268177742258414,,,,,,,,,,,,,,,,,,,,,,,,,,,,,,,,,,2.5396230807790348,1.0915873656321728,-0.4941228724742036
2017-01-24,1.6832574060071903,-0.15385465846034735,0.850827981219602,1.4556165618778458,0.937827526247416,2.1335576843387254,0.8831973120361404,0.40722735267835164,0.8088079917580161,2.5718962007314605,1.4828542254281984,,1.937883959369943,-0.07907680977157644,1.7016893430644615,,0.4053252343481149,,2.540037481597349,0.380384288690395,0.0747487184499601,-0.851498169612641,0.9970296002587078,-0.08573448221611124,0.23175655250922592,,,,,,,,1.9392021484356432,1.1375696099994632,0.48287174791193915,2.6359092098792214,2.825472372922585,-0.17256427280726216,0.793330056151183,2.098329327316254,,,,,,,,,,,,,,,,,,,,,,,,,,,,,,,,,,2.388240743608963,0.7442792944396158,-0.4622443854884711
2017-02-24,1.6009464812347305,-0.28503830748109177,0.9981658601631181,1.730326069587167,0.9840227004345135,1.84070950786757,0.7762448644474362,0.5485754252783814,0.34375500795706543,2.04362617418828,1.1571623409704417,,1.9038647029576927,-0.0840162716073548,1.5499449486813377,,0.37015782363477473,,2.956541854674206,0.2956791721930408,0.017151057165341432,-0.7792786530134274,0.9275807431708888,-0.10444771670990939,-0.20227007299326924,,,,,,,,1.9712698065041108,0.5861119148884009,0.24943786028444542,2.3203337130637993,2.5595798919189368,-0.28874313672622975,0.6490966546781753,1.9201238039735433,,,,,,,,,,,,,,,,,,,,,,,,,,,,,,,,,,2.323825473759391,0.34781682162811955,-0.42099163323711314
2017-03-31,1.6237713679788768,-0.14001481127384477,1.3502243765384498,1.4418906836321201,1.0234090139623393,1.7934650312883118,0.6596784332664867,0.7164019232340222,-0.09196879255212147,1.9547714806244798,1.0191684402807193,,1.899950219804087,0.1904135560330154,1.3758771909162002,,0.2381693935136358,,2.9013907631958555,0.062200252372996256,0.061238613495013805,-0.862720738880997,0.6469460671863011,-1.0787419046700304,-0.2403452578387649,,-0.690374461238319,,,,,,2.002063338925851,0.7107586442265003,0.03173421250483594,2.1462597007544852,2.137267082961275,-0.42662839359371,0.5123766093403661,1.7078555942991835,,,,,,,,,,,,,,,,,,,,,,,,,,,,,,,,,,2.2729021829264093,0.06197207158987414,-0.8415833081706658
2017-04-28,1.6284185894632166,-0.019296725050727284,1.3143189463898708,1.4742881506875714,1.0731002433123986,1.9523634573787303,0.7334233255387781,0.7396268626336641,-0.0729172061385188,1.97615271930671,1.0447997541147984,,1.8032056263462857,0.20732981876648082,1.3622333530242634,,0.04814406206694929,,2.71787526083318,0.09671507141211381,0.025807310898285484,-0.8776065396594441,0.6597271737664832,-0.8969295821448452,-0.86641047671347,,-0.7073879610581435,,,,,,2.0077889705839755,0.5603049280002703,-0.032603206113169025,2.0289309879379607,2.3651755740686036,-0.5919997546369749,0.2933100692165288,1.8427746022347788,,,,,,,,,,,,,,,,,,,,,,,,,,,,,,,,,,2.403654046641449,0.15956314758652565,-0.8726453066827305
2017-05-31,1.421595487780889,0.2584728854337753,1.175530462361005,0.9608860987518113,0.7362284584018607,1.8414252584613935,0.4476044805151498,0.3919866840831412,-0.1533771301429423,1.670733904099526,1.058738992004598,,1.6479298273041374,-0.14754927099604856,1.3174913668120387,,-0.44886864368343415,,2.364611587533907,-0.0454804193301807,-0.007175226866140765,-0.9601607168111161,0.4376911325696623,-1.4367884733783676,-1.3507770661920933,,-0.6067269413885393,,,,,,2.0207108378771768,0.23587795718200472,-0.21984577921726925,1.8223027006236663,2.1508065901799824,-0.7463253463079326,0.11945674691539879,1.7524849838638457,,,,,,,,,,,,,,,,,,,,,,,,,,,,,,,,,,2.2077381045806885,-0.12960693144792437,-0.9360233354348744
2017-06-30,1.3813448732159843,0.06541054465058535,1.0762455553373815,1.3950760516248062,0.9778970513057402,1.752860822851774,0.553726536547349,0.3410437437059748,-0.12939828932118266,1.627145032260112,0.9605078151445292,,1.4507414708665045,-0.2513406922128855,1.3853138337237476,,-0.40420735482405196,,2.469757783029841,-0.001285434189130237,-0.12995440581349524,-0.9612028851980704,0.6239731899223988,-1.7928161108500555,-1.4358976391783924,,-0.5843406634983277,,,,,,1.9339525218500322,0.06493613056948123,-0.36078728052172826,1.6414873052078647,2.1879381756482794,-0.5442101638265158,-0.09322287359210331,1.6230564706856092,,,,,,,,,,,,,,,,,,,,,,,,,,,,,,,,,,2.445936048611621,-0.015112967980890787,-0.9143443873042917
2017-07-31,1.2409113913669119,-0.24542587525268716,0.953453744664084,1.1200081364176404,0.7037108218557138,2.0071412671952453,0.2790130367241683,0.06611028539862268,-0.3783240575131596,1.3914095857731574,1.2964238499954241,,1.3148422756061378,-0.5639224152500257,1.313073756227933,,-0.6172684004592269,,2.181234778934733,-0.06339999543414604,-0.1742897007703673,-0.8934097751015954,0.34566237707035885,-1.778247289330676,-1.6369262412546648,,-0.7900510554596382,,,,,,1.9666984703152017,0.002627531183142019,-0.3825371440900076,1.4543834949721348,2.003317085231584,-0.119071441469145,-0.14690000591768726,1.5792441538700075,,,,,,,,,,,,,,,,,,,,,,,,,,,,,,,,,,2.153443443029925,-0.20508417145453836,-1.0619551742753812
2017-08-31,1.461107283510919,-0.02512628012884102,0.9480539977084033,0.8159478835081203,0.9781021214927589,2.1136431982913915,0.02502908893726845,0.009640911180855359,-0.3221145286261438,1.401119638937145,0.8093455215314561,,1.2684839908887815,-0.17600425156949553,1.3909539917929088,,-0.7143643393650658,,1.9276912149734038,0.02016278936248649,-0.24799728007962504,-0.9021031551891432,0.35470383339309264,-1.5430881127921097,-1.69388782984277,,-0.4497139123500296,,,,,,1.915329607033453,-0.13047728623721272,-0.373550372957287,1.126064185559331,1.707490591517128,-0.47394343099341296,-0.18735911509167288,1.5326521510243665,,,,,,,,,,,,,,,,,,,,,,,,,,,,,,,,,,2.280474393570099,-0.12648409636163213,-1.1588633238030888
2017-09-30,1.4778387472788523,0.24968304731045665,0.8120875138272964,0.7102761792132627,0.865456837644258,2.0897657450454825,-0.5092622634814111,-0.131238354987733,-0.46199431675301983,1.3458617396761274,0.46811707990653545,,1.185013924575118,-0.39294268480648403,1.2233594974446809,,-0.8259633300655767,,1.7574360703419647,-0.09937618940525397,-0.4239279103349067,-0.9211691515071534,-0.17906049194710455,-1.6213307234096743,-1.8194524530977472,,-0.9049680274035857,,,,,,1.4676814353548053,-0.23227808392902263,-0.4295834854617753,0.9356902041723937,1.5809374155480083,-0.6361366401676786,-0.47146132900589777,1.5948995399010646,,,,,,,,,,,,,,,,,,,,,,,,,,,,,,,,,,2.345770473183934,-0.4457655956856158,-1.0456600736925374
2017-10-31,1.5140790450431467,0.1237909234559795,0.15524153264627055,0.7069838679327591,0.6880978744754457,2.1928630590040443,-0.4774344660538492,-0.14081768055515803,-0.46825804327159415,1.3918954951922085,0.43553112544673755,,1.1647368081804739,-0.7163218384438397,1.176080918167068,,-0.9415609586645053,,1.5873718100929626,0.11656251224973174,-0.3834502452089025,-0.741923398685244,-0.38767998867481024,-1.4652596312777828,-1.8084379570100426,,-0.6386421640622987,,,,,,1.2101482761397795,-0.06099111829174339,-0.44183068656479757,0.8057947268090492,1.6430006976598261,-0.5596316948675824,-0.4192708090544065,1.4265380544647228,,,,,,,,,,,,,,,,,,,,,,,,,,,,,,,,,,2.374222619810866,-0.008841666815248783,-1.1630750231819067
2017-11-30,1.3872410621865567,0.01321888021594665,0.028074843964189185,0.5944701927904527,0.711264040799379,1.9392170236012525,-0.629803031622272,-0.49371020957969264,-0.9302113580864476,1.354053473555404,0.13976389820119092,,1.0377981490047747,-0.795336206153515,1.3046296123162267,,-1.0792050556600725,,1.4213998336321545,-0.05803309197519628,-0.5296965970300643,-0.6394983253919215,-0.24497068875292655,-1.7195374099020617,-2.0084490981127634,,-0.35618881631731386,,,,,,0.8292839255302359,-0.19532732005619846,-0.46708896074564993,0.8225090176582247,1.4343262235437872,-0.6790312240020485,-0.4749190655174081,1.2933378254887948,,,,,,,,,,,,,,,,,,,,,,,,,,,,,,,,,,2.496860489733769,0.16994616817300398,-1.2550115077109723
2017-12-29,1.3889235952078232,0.04178420632975068,-0.18614243907919234,0.4387412409972089,0.6619593875731686,2.1972443515195677,-0.7280494007381177,-0.524988688629292,-0.490562904199712,1.1351579115666643,0.21447031864882538,,0.9407321628053146,-0.8177505570327049,1.3511025529300928,,-1.0295503111139024,,1.1077615450478457,-0.07119242232058387,-0.14648937336909917,-0.5859891625047666,-0.5441972526791896,-1.7399199166537,-2.1166668522878522,,-0.23084299553853682,,,,,,1.0639782528316464,-0.3031287073245631,-0.4102148012239657,0.8582022471847115,1.5111905966718486,-0.638332081430525,-0.47817999259628724,1.3956082063857407,,,,,,,,,,,,,,,,,,,,,,,,,,,,,,,,,,2.6254622003965835,0.13064219117886366,-1.158551634126547
2018-01-31,1.2036068598628504,-0.22828692644579857,-0.4235092784501373,0.21198681184292625,0.24259347386720576,2.1682856808054876,-0.6846888017510889,-0.6168330422417271,-0.37540600907981714,1.2477080016485913,0.3516781072017049,,0.8452428652142687,-0.7515654187422944,1.3108089059164052,,-0.9690645047007198,,0.980169921164888,0.30051315728865075,-0.0028870168973467707,-0.5071225409351782,-0.5746779284805176,-1.7319605996489498,-2.2006510403996473,,-0.5647992998206489,,,,,,0.9631072390823295,-0.07461302595586479,-0.3304733190010741,0.6741471869925317,1.1911713582743313,-0.5993884118170939,-0.6921865796162886,1.463444094816549,,,,,,,,,,,,,,,,,,,,,,,,,,,,,,,,,,2.749683464164837,0.4946383775779228,-1.434702013201191
2018-02-27,1.2955488597123284,-0.20671084138658635,-0.1908840067286036,0.2309588873026442,0.34448354274320425,2.044126346009969,-0.5202860354268922,-0.44026930224093197,-0.50839468511218,1.7076310293637167,0.2726001535045274,,0.9042188030274129,-1.0016281772081503,1.3064579203579743,,-0.7666166346204295,,1.0502066920225543,0.27078520547158785,0.2594003894281091,-0.5947850148035103,-0.38533277549989003,-1.5693775095771758,-2.1376043036580215,,-0.4410431820789278,,,,,,1.3187513005806033,0.4357799497847018,-0.3356251081681,0.8734742117477404,1.325057574557651,-0.42797525044380624,-0.29886851559847644,1.3778046024144894,,,,,,,,,,,,,,,,,,,,,,,,,,,,,,,,,,3.094548104448743,0.6653893129637874,-1.341570431379209
2018-03-31,1.4519323279925325,-0.009739840469537008,-0.24381304701070275,0.18081337666653058,0.38492354621074454,2.0559840649130705,-0.7676141055695734,-0.6467478305311889,-0.5830086865991222,1.6417088336937753,0.05026154758882486,,0.9327188982229521,-1.0301318503606343,1.1605797274563603,,-0.830092901640982,,1.1462337573183767,0.14699248395010042,0.13586121131653073,-0.8320941266111345,-0.37766710145954413,-1.4293309326547092,-1.9093351220954224,,-0.42858433778030336,,,,,,1.297027821776099,0.6554151617230962,-0.34004420624196474,0.6598216983990166,1.490062191881967,-0.5302385422119887,-0.036743182056453834,1.6436324180113908,,,,,,,,,,,,,,,,,,,,,,,,,,,,,,,,,,2.918637212015246,0.7934403235629431,-1.139856348406702
2018-04-30,1.5140327297497558,0.335717975397323,-0.3328760467735226,-0.581426935956495,0.6259160088976252,2.326787656940897,-0.6448403411970516,-0.6688114988662766,-0.2896258004209204,1.8620447974552814,0.4054810772689845,,0.9091233001225597,-0.9960554611167324,1.2269405205369086,,-0.8793550092201698,,1.3790082360140832,0.22177292371950283,0.13029974820475293,-0.9406455498933177,-0.27192346730840256,-1.170949346579954,-1.8953685736771573,,-0.25173549363930775,,,,,,1.6872652891323667,0.9104261497170821,-0.5939792782442593,1.005938283164462,1.5468847411837656,-0.2440889439201519,0.3144898474723069,1.4689724808749332,,,,,,,,,,,,,,,,,,,,,,,,,,,,,,,,,,2.7984184992010457,0.5635100395363687,-0.8130394373330508
2018-05-31,1.6126107600835453,0.3993554386035734,-0.31919571826681065,-0.3288099492789192,0.5380876659644813,2.307746798368585,-0.6090758705326218,-0.6819595815861685,-0.3234659200094497,1.9553142634181666,0.7102064341686266,,0.954194664267458,-0.868483321543633,1.395537107300091,,-0.7720673291796581,,1.4905756927383,0.3486718998894973,0.14096516568852213,-1.21328840150757,-0.15729083478281847,-0.9211283959287805,-1.6492891505568519,,-0.1905891114747454,,,,,,1.8876433534188184,1.0050072675890938,-0.6174478579418068,0.928539462659288,1.7543439881886298,0.14137122034302602,0.3458999432323453,1.4589957195911656,,,,,,,,,,,,,,,,,,,,,,,,,,,,,,,,,,2.9804782927387103,0.6898156385042161,-0.7318638079755685
2018-06-29,1.4476119538850534,0.3054174175650579,-0.3543702069480497,-0.28419355920381617,0.46194468634547714,2.073856574831397,-0.8328323783291643,-0.6640799647357377,-0.4433728332308215,1.8457199359113992,0.5857072757979452,,1.0345336644210987,-1.0461341852384267,1.457774764197191,,-0.6637507926169397,,1.476594915335939,0.3938970453101561,-0.0763055565160857,-1.522806801157948,-0.25109683524231496,-0.9366763156033083,-1.8554438410861127,,-0.3917873683103759,,,,,,1.7058618464036783,0.8148233613203775,-0.579026521553346,0.7761221854956247,1.9282648580192008,0.12804824131622686,0.2364509384002714,1.6043315246087861,,,,,,,,,,,,,,,,,,,,,,,,,,,,,,,,,,2.697015603692954,0.4345332671931266,-0.8759660041264259
2018-07-31,1.3949080927798925,0.2934020907600169,-0.34240275243513035,-0.588701934426994,0.2441480764875583,1.9088400704133994,-1.015315516183365,-0.7274330504191698,-0.5278561490919638,1.6059571848839407,0.4255867169792992,,1.136659616054267,-1.1123311282082269,1.2884738637280577,,-0.7730765119608031,,1.3062364721031374,0.2397248142212374,-0.07746486402903636,-1.7295386949574236,-0.25974179130756225,-1.0452286831857622,-2.02429894044744,,-0.4123886087060166,,,,,,1.6621494230193743,0.7257960033815921,-0.4936288186897536,0.5827886736346126,1.8251722665780816,0.12987793637908343,0.24078986652383574,1.5606594874493784,,,,,,,,,,,,,,,,,,,,,,,,,,,,,,,,,,2.6773711306502035,0.4759074112439643,-0.8524571674322247
2018-08-31,1.4963459868419562,0.26944745546518334,-0.3597120489335355,-0.5395190760001531,0.29286716572258487,2.0651820902538405,-1.026029616957998,-0.6562322311801733,-0.6005669078834752,1.6426720346427184,0.4562871245954096,,1.2081970971116123,-1.1134211069547388,1.2899284732019407,,-0.8350917167451632,,1.3044523317009986,0.33745186912863245,0.13189620841819336,-1.7531711960125425,-0.043611714594823894,-0.9752775575843824,-2.3431873893438837,,-0.4232951365092789,,,,,,1.620289741217792,0.8327262597219454,-0.23099578058336856,0.7898581280985394,1.7326738705926443,0.17974251117955276,0.3405058141140882,1.7013577604994061,,,,,,,,,,,,,,,,,,,,,,,,,,,,,,,,,,2.768492803739514,0.47745410256175214,-0.7769814151283895
2018-09-28,1.34488570250917,0.14555716611078098,-0.5088919322462843,-0.5276931027353942,0.041463471289916266,2.0533478767584095,-1.2231911977410739,-0.8278124029619516,-0.7505369887226613,1.5454481343983921,0.06664892000112733,,1.1053359508348335,-1.1199645623966838,1.0239327114188894,,-1.0903633523401035,,0.9429541962837177,0.32038381367751795,-0.14754310779745283,-2.1022316815087225,-0.2435697220493303,-1.0464731463915131,-2.3786109534337307,,-0.5010255163460136,,,,,,1.6219804380796665,0.5716945366394224,0.1051651451450094,0.6301148530021751,1.2883130322431922,0.06331709589924409,-0.02022223409890035,1.5821774656890548,,,,,,,,,,,,,,,,,,,,,,,,,,,,,,,,,-0.45680248994196354,2.6469847853527475,0.2614372985785155,-0.8182799192041385
2018-10-31,1.5512639653438107,0.5479454357394624,-0.3693304150610727,-0.18235774428018403,0.47178911066869744,2.237689187730454,-0.8829401531873725,-0.3146580668884693,-0.10893151020733702,2.004662302115183,0.3616046502778802,,1.5606222887592485,-1.113970557623377,1.2516508961236366,1.0673098717143665,-0.36785328978427384,,1.1292620587445776,0.8011275867777574,0.7450013528126302,-1.4446327963489842,0.2844265384765146,-0.383416381323865,-1.6844287700459724,,0.1841019594463387,,,,,,1.9015250252096518,1.15685616510284,0.32585351987881556,1.3487048426128607,1.4972033066510841,0.42841869721412756,0.5264502423044349,1.9617467594777451,,,,,,,,,,,,,,,,,,,,,,,,,,,,,,,,,-0.45440483213217214,3.0604664725768784,0.6987722654013913,-0.6406472881896406
2018-11-30,1.476143338721518,0.6577301986545464,-0.49898574096265025,-0.16410408765314277,0.6327090767429508,2.5370702079563254,-0.95596306457439,-0.45052721231769566,-0.03532079597984703,2.0181751492602253,0.4251551331372858,,1.4394677487539773,-1.2044799399294426,1.4102187879030683,1.1464696452856824,-0.4622490372757035,,1.0022461079630185,1.051143558618382,1.023714550665179,-1.0355746531270753,0.3988680984852959,-0.41540151311209444,-1.7744394878232344,,0.04653720827673599,,,,,,1.8834915847607439,1.1411779854974948,0.44686783448017214,1.1231349557163433,1.6388881750307909,0.26389001818462415,0.6644115672962347,2.027969463379689,,,,,,,,,,,,,,,,,,,,,,,,,,,,,,,,,-0.38250816340057,3.114967673822945,0.5782346554683856,-0.5793201707547472
2018-12-28,1.4497994404457406,0.6884180598874102,-0.5561040070612978,-0.37788483331381073,0.7039341948736212,2.563751499833024,-1.0066723492599698,-0.35631388339814984,0.127603386451882,2.210731163462998,0.7792860005986371,,1.4252613981642142,-1.2618446492900983,1.4649037477616187,1.2227564949189091,-0.6052809318176231,,0.8212287008615937,0.9251461728008337,0.9783105492862199,-1.1581701206742108,0.1572425363169166,-0.5403459070213288,-1.8108995492049853,,0.23518426490706898,,,,,,1.7615687087786924,1.0759754389797527,0.2861526599164753,1.2283921401033089,1.7447801949182762,0.3188469939944956,0.8144295885014461,1.904383683320899,,,,,,,,,,,,,,,,,,,,,,,,,,,,,,,,,-0.028159088488793612,3.3345864429760894,0.5921607523237608,-0.7708197123122219
2019-01-30,1.4762618194957624,0.6425908307037009,-0.6568007442667531,-0.46153112984825145,0.682518623512238,2.6550012525015045,-0.9300911932044311,-0.34402795078350534,0.2217130624992672,2.1822767557635525,0.8970550931792525,,1.49770822693772,-1.3828867469876018,1.4546163331380422,1.36067674886272,-0.6345260839857457,,0.6059516947008278,0.7901944938607093,0.7698631787311496,-0.9992791595774718,0.35299618608663347,-0.4215559662492483,-1.9702635496516216,,0.21197759365467464,,,,,,1.6659732128002431,1.2428022986933538,0.29476951515009936,1.1898041391855234,1.5995313625979266,0.4204539009212636,0.8133945918791161,1.8265452379590863,,,,,,,,,,,,,,,,,,,,,,,,,,,,,,,,,0.015747510022869296,3.529548041879505,0.73726671760431,-0.7387741406619386
2019-02-27,1.835372760913908,0.8664333040953455,-0.6678969137637811,-0.5568079447318334,0.7682594174188774,2.6858409713315714,-0.9838286372143711,-0.39683920114377824,0.15591922707501113,2.341653335047754,0.7996491214809457,,1.1335706198488116,-1.3227282321489786,1.4375790702800153,1.411631230474725,-0.4934912633631418,,0.44075963496143006,0.945731515096963,0.5703733020913797,-1.3734880601093515,0.34778798048815,-0.13343074600286545,-1.8235603591928882,,0.21602372927994684,,,,,,1.395129150418545,1.5274453046824248,0.43166004018214804,1.304222256019947,1.3489111025365152,0.4884954236675399,0.48212440532431133,2.108848492190809,,,,,,,,,,,,,,,,,,,,,,,,,,,,,,,,,0.09213263398780057,3.682896739434211,0.5769026201191537,-0.7377112743527245
2019-03-29,1.884336290988322,1.363887169291806,-0.7211756289531416,-0.7038214090027622,0.5881817153573226,2.565819026927343,-0.9998436112378898,-0.45183147152423414,0.23272511410310961,2.3287541019285265,0.6394586889438755,,1.0726343333207382,-1.4445815257253798,1.3186722913533915,1.4332497365279648,-0.6331569035401721,,0.5731224269089912,0.9204317174848397,0.5294329489309505,-1.3874262545122782,0.24184884996381234,-0.22142217913745177,-1.8956864269524965,,0.16973190353443432,,,,,,1.1702655606869192,1.5651029175591458,0.443468859924919,1.2430042762940974,1.2414033012745596,0.21081991541829526,0.40297591605713734,1.95694779187228,,,,,,,,,,,,,,,,,,,,,,,,,,,,,,,,,0.12551710885490758,3.5224252160850713,0.3692832629944368,-0.6636994380366659
2019-04-30,1.9222009366608368,1.2868310988686413,-0.38053013143899356,-0.7604738842725071,0.5677314287208699,2.7186953368678326,-0.7030419589317852,-0.5790994283538946,0.30802536389729446,2.472435192004528,0.6277806336962009,,1.2237489317219166,-1.512525959978116,1.161203953575954,1.5088908962459462,-0.4073969865942721,,0.8139975347967265,0.9301060575884108,0.6354692835988812,-1.1516679545368638,0.01635902750476066,-0.07252662427287959,-1.9289935888356897,,0.3073099659063932,,,,,,1.347932025225085,1.6443082993094336,0.6844371592011452,1.4272713761117377,1.2609102242128933,0.16850893102849757,0.4302883871895601,1.8661002091401375,,,,,,,,,,,,,,,,,,,,,,,,,,,,,,,,,0.1986135162437993,3.6291578791733956,0.4283337006207315,-0.31404167317557097
2019-05-31,1.8457693329332303,1.253319023051316,-0.5824154376892339,-0.5934548026406038,0.6280822754729829,2.453497925986246,-0.7531593180627462,-0.7241690614393698,0.3289492098043224,2.3573348177356768,0.62748687084056,,1.2378136750724855,-1.3795427648281187,1.360470995194299,1.2720945731222495,-0.4492367253059585,,0.39530307456220376,0.4270611327881163,0.4382532483419766,-1.3377058974762324,0.019720427264894442,-0.19002321761536475,-1.8284437317072717,,0.257808847685,,,,,,1.0102413906686565,1.3795052945077555,0.7815874415041882,1.3185557952090026,1.266652549662301,0.2707832040711716,0.34332512990471137,2.001434237238089,,,,,,,,,,,,,,,,,,,,,,,,,,,,,,,,,0.1555120993501148,3.4324965074936538,0.338170731017634,-0.37412456322727444
2019-06-28,1.5962600441711674,1.1539026372558132,-0.8197683111950015,-0.47390860009317276,0.6721750000672596,2.37615374224372,-0.7660586416061408,-1.0125420065526747,0.15887665924494093,2.3682259814117277,0.5140154941752307,,1.1076421360284363,-1.6442569219180552,1.3246784766928321,1.2321811828137992,-0.7419666894493511,,0.13415417667145635,0.21559526929487727,0.2850994948866047,-1.2995395600204265,-0.32703925026840114,-0.1391801037853561,-2.034327420913984,,0.10654838921275613,,,,,,0.7295054399332805,1.2862264923382127,0.6062466264568223,1.290269823092311,1.1601202948535128,-0.013288112633145529,0.037641729549451095,1.7374920077884375,,,,,,,,,,,,,,,,,,,,,,,,,,,,,,,,,0.1472977205998029,3.432296075368219,0.14939455044616776,-0.5689396242217442
2019-07-31,1.3599889856360656,1.089033585274983,-0.8237659576375942,-0.6269767309554515,0.8341712830463649,2.7166018483742356,-0.5775808975408226,-0.804317000624702,0.026019508543513384,2.573938533204304,0.5153228671829977,,1.3890567004271543,-1.4671038793628164,1.1636591127251283,1.267536376969369,-0.839101826806691,,0.19278842634096488,0.3983017300578206,0.2399265758712925,-1.1899810867482308,-0.37041712125711096,0.6290809602888888,-2.0986591040332248,,-0.007945845775937405,,,,,,0.7766015811500748,1.4496550346020372,0.5582528628727987,1.2928591816231765,1.4018004426751025,0.23408005880943747,0.07247121625993498,1.9241210833086775,,0.9805263174050296,,,,,,,,,,,,,,,,,,,,,,,,,,,,,,,0.11047569040759579,3.4469058848761605,0.35063209111716337,-0.015952716225419956
2019-08-30,1.3982091579493625,0.8023381672992684,-0.997162097538568,-0.7782492647592869,0.8162705017096555,2.587749849091683,-0.5450456763855676,-0.5053460985122237,0.2623321068889349,2.69483943641338,0.5102983255439458,,1.404289723205207,-1.372083873886185,1.3071960695775462,1.2581824100289414,-0.7735376191707165,,0.1514247458119105,0.45545910110381077,0.20309895820067334,-1.0101827878389336,-0.7017344797823761,0.6891566831394509,-2.22104221601975,,0.2455656161868209,,,,,,0.6850826355152647,1.4920337282788076,0.4898397632291241,1.333489991960844,1.3536163121643205,0.17351663786381868,0.2468375279334374,1.7362856382804814,,0.8854261612675245,,,,,,,,,,,,,,,,,,,,,,,,,,,,,,,0.1161660608041313,3.571826204743967,0.35415500167226893,-0.05200315608463043
2019-09-27,1.6732392179723536,0.9873423957345208,-0.9084219160678966,-0.7514046991982577,0.9753430065558578,2.725242152270442,-0.39876073416195784,-0.4112602702455719,0.7371507890269647,2.8020187753394215,0.7404906459159236,,1.5861450511302937,-1.3308722716695784,1.6106643910779492,1.2944498981611945,-0.46253225312026636,,0.3869328376432153,0.5648781868573879,0.2114108288324604,-0.7934758094264479,-0.27084177230359985,0.5440696107641376,-2.0702642500279502,,0.2100238588867372,,,,,,0.6891322948186537,1.466132573707843,0.5808952768793885,1.3120765047946352,1.7141257186793983,0.5399003843665646,0.4232869394064496,2.084164840518645,,1.0472723496423526,,,,,,,,,,,,,,,,,,,,,,,,,,,,,,,5.1648993239212005e-05,3.7269816112047645,0.6385341096182637,0.21072800753500764
2019-10-31,1.596936868337742,1.0844315410508452,-1.0754240028625959,-0.6865450939739186,0.9600387222566518,2.761104221863094,-0.41039742737023305,-0.36112437630962346,0.7180570940300841,2.665564461376634,0.6205014180514268,,1.5087124091770712,-1.4013713073569243,1.5808828751070902,1.1001423572357112,-0.7776759558164238,,0.5032163549614673,0.8763333687219037,-0.07740500521801645,-0.9513109374151069,-0.09766788465540653,0.6848369401651042,-1.9345793253448291,,0.2881081222615267,,,,,,0.48969837894803786,1.5738000331970492,0.7074189828300336,1.1584537588590906,1.876318715788305,0.6596132711444459,0.4794245207257104,2.0534442583806687,,1.29976876059234,,,,,,,,,,,,,,,,,,,,,,,,,,,,,,,-0.11354754721230916,3.732037635726269,0.647243281303657,0.24173189346082471
2019-11-29,1.2000294251211137,0.8954493303880346,-1.2381822613786007,-0.8051451687017299,0.9023026166456531,2.6336419843233663,-0.5294123836686103,-0.6374425691467663,0.4960305566618218,2.635312384450997,0.43010733258880135,,1.3694107461378247,-1.72600151583568,1.3586997710699589,1.2134145097360802,-1.1963749478205128,,0.19306177367077557,0.6699057010455856,-0.05622156640643835,-0.9046156401587792,-0.20613400215493247,0.6049714588947985,-1.953854921387968,,0.29518706471359174,,,,,,0.35326506611646374,1.3073705358957894,0.4432402844337068,0.8545577021466899,1.7121495035881504,0.32022631575747373,0.22664744482115082,2.1370555701311007,,1.32272312080072,,,,,,,,,,,,,,,,,,,,,,,,,,,,,,,-0.19850378147818137,3.7382741879016748,0.5926009769733639,0.11476546819707399
2019-12-31,1.092048692696703,0.7073862290834038,-1.2711426576656244,-0.9564205505800143,0.86528087197908,2.796169124411731,-0.5132035443953129,-0.7577686294181112,0.32308245085403464,2.5925513424589726,0.24044908427717138,,1.2940360658180408,-1.7995952611147235,1.4352947807506193,1.316375032803893,-1.2902041661865367,,0.0015172007893783956,0.43231319795761286,-0.16999109627740386,-0.8092608034898996,-0.3821800981681848,0.6361584783846889,-1.941446622021117,,0.004153993502351006,,,,,,0.24214167959611654,1.439359223049986,0.5646958380829009,0.8655556959235994,1.6355046169093035,0.3760894557418298,0.3762767244937065,2.0444049259105976,,1.2950858545395627,,1.3806722822851545,,,,,,,,,,,,,,,,,,,,,,,,,,,,,-0.1424359635480305,3.78239383562489,0.49151839412319087,-0.007085011200960981
2020-01-31,1.1390333442484457,0.7124578341733392,-1.4352607989800417,-0.9366058122961654,0.9647957296458171,2.847415613112048,-0.3792138805862517,-0.6781570503366072,0.428149438588283,2.5529817265003496,0.3232005732377268,,1.4682808284656905,-1.8617484370086965,1.6365306401077238,1.2525579994341696,-1.0117116380901865,,-0.0481605653222327,0.7879130287871692,0.009640102046576818,-0.5008792006665062,-0.29865816238778037,0.7555020093067204,-1.7040165254494077,,0.13590233095297097,,,,,,0.30317714585029,1.6503170249816317,0.8151801180725182,0.7450989141060529,1.7309383585770541,0.14547509435211367,0.41545579039443564,1.9422894751350626,,1.3870408571015582,,1.7392481077541533,,,,,,,,,,,,,,,,,,,,,,,,,,,,,-0.16044571819783976,4.011776122592535,0.44226809730668204,0.21499743187804363
2020-02-27,1.4588489430257265,0.7854415904818458,-1.4246412997382554,-0.9268726373192716,1.0874635747882624,2.995088392279118,-0.30862613736994,-0.5793334436839518,0.37425250720481684,2.539536624447755,0.5894885609002825,,1.5800554497526098,-1.8093912472451392,1.8198072938488077,1.4240856791116832,-0.8198147789846674,,0.04520515794465448,0.9219387296216639,0.10330172487112604,-0.3507947825019528,-0.39747546591298544,0.7149132897597493,-1.5228386839707948,,0.31448756203496725,,,,,,0.3224794587752629,1.6565623663003446,0.8022889467285654,0.7561951527962704,1.9303343305063028,0.32449259345821574,0.5057446920990378,1.907422817389141,,1.456971811725348,,1.8743577420856838,,,,,,,,,,,,,,,,,,,,,,,,,,,,,-0.07289352324843175,4.067353320543225,0.509984095655913,0.5620499537380821
2020-03-31,2.101978536796754,1.2171630725450284,-0.7794083530468623,-0.021282446799077884,1.5481794628518115,3.322196074672406,0.33294565770675266,0.4652125963027809,1.159420990622868,2.746021360658828,1.2585785193086292,,2.1754717544615327,-1.9894923361450405,1.9223610614753888,1.72085187076918,-0.06236573845403173,,0.5464144176811222,1.4426162340506923,0.5397036394570983,0.18502007227672865,0.018848258958337336,1.2804666900154487,-0.5799458994792187,,0.521724249539602,,,,,,0.7654901823723398,1.9292792563955137,1.0645487073579878,1.08094511531854,2.1948613211036365,0.8367124437091639,0.8754072939553018,2.166505711063108,,1.5576944287221313,,2.034952421140834,,,,,,,,,,,,,,,,,,,,,,,,,,,,,0.48953925164978174,4.4474243032056,0.9289989574908017,1.0612794050202177
2020-04-30,2.3522380245974714,1.5646836037224237,-0.8032081841150427,-0.04234438951930916,1.4135921560676565,3.4362190156439425,0.27947113800172485,0.43074321023847395,1.1364978034478066,2.8006680843851264,1.3630958661887214,,2.089001189538839,-1.9601847981172673,1.9282782466579251,1.9623817407202915,0.07114601160730614,,0.6446495471217547,1.4839763362565233,0.8665298169043696,-0.023219390206064935,0.10304346134415925,1.225372921871358,-0.42001988628957204,,0.6248295323245604,,,,,,0.7826294849105186,1.8858434195745086,1.2079382944934078,1.1784737842918642,2.218835104875418,1.1187696453887013,1.135287946713023,2.51411916297875,,1.835590242466988,,2.0993669502515573,,,,,,,,,,,,,,,,,,,,,,,,,,,,,0.29877279000022045,4.569753822974324,1.0255904373060285,1.1047450743886587
2020-05-29,2.321425275697772,1.9765925039272536,-0.6492945186528876,-0.2916918050551189,1.5233763830287408,3.507250032850628,0.2140338864065774,0.49378044562475376,1.1760475899223353,3.019937132036176,1.3780350860210386,,2.2956963935270824,-1.7848717412251194,1.8524909237727964,1.9518348053514312,0.6364829124945677,,0.6132084638803812,1.362180880526449,0.8731927985985721,-0.07016660531676325,-0.08618709273282438,0.9615992618896287,-0.27344274085868653,,0.4453353185885549,,,,,,0.6970622024144568,2.048726679444285,1.2180818407786633,1.0683621698515147,2.0649184214792533,1.2052627210717273,1.224477807629083,2.638566719294441,,1.7149331285071658,,1.305147982816035,,,,,,,,,,,,,,,,,,,,,,,,,,,,,0.3940311129035183,4.39553125525729,1.1189697017371327,1.1590979260396663
2020-06-30,2.3389053655287406,1.662438051644867,-0.6754174966359707,-0.025974890018724658,0.9027317938432603,3.1813587943887702,0.12373237519001891,0.1394642042002896,1.0676109291033977,3.1666054130774155,1.3737039977624035,,2.2290889778349476,-1.983883147188323,1.6464338549240172,1.8199260440530074,0.6737752304311367,,0.46711129866600554,1.430533137485231,0.6890869525334314,-0.057978656446242886,-0.11081066688282935,0.5038808745237837,-0.3001891370775086,,0.4325764085234703,,,,,,0.6372855478224487,2.006532028150173,1.0795108445521535,0.70750905283698,1.9275355694399852,1.053024553160334,1.2570512952338238,2.4516546692499355,,1.7646921207943562,,1.0083915739407536,,,,,,,,,,,,,,,,,,,,,,,,,,,,,0.12032601460310446,4.002840646787841,1.2782304487997518,1.0747900656524825
2020-07-31,1.8928220893355387,1.7393000757011636,-0.8660694607392094,-0.04940696363454447,0.8129863891102371,3.3082124215433715,-0.1599105414254703,-0.0894751788411333,1.0660690022977068,2.6578721957370828,1.2420998931777336,,2.39061649134689,-1.6478535306111044,1.6148295548571872,1.894824700291185,0.5833958451376514,,0.7721445292641151,1.2190599514876477,-0.40615634638843684,-0.12333343040326883,-0.7037002394542352,0.07729105729755374,-0.34734260615448825,,0.8529350684125072,,,,,,0.3927536462289206,2.1610939077683877,1.2373688245445855,0.37862309324724674,2.064920308190163,1.3595799327725298,1.1310532285907582,2.1351325251671622,1.3106619285904881,1.7512251830421972,,0.2333453268035972,,,,,,,,,,,,,,,,,,,,,,,,,,,,,-0.02743526451976175,2.804218264378582,1.4746784111941864,1.1727674781916302
2020-08-31,1.8905295870191483,2.2787108575987167,-0.856283560970293,-0.08898301170162069,0.9695050425471444,3.4939290097889413,-0.07281108986364271,0.19332775765465104,1.2646065536691806,2.4154168097674367,1.3917063574602302,,2.2988784759022605,-1.46168957151604,1.7097531350109774,2.2358228293042086,0.6962372942415799,,1.0807213320766187,1.4671121236093538,-0.15513648360537183,-0.1085692426050466,-0.5014350377101825,-0.02930391981513026,-0.3015947379625294,,1.0998603519664456,,,,,,0.5980611320468191,2.39824541104363,1.281568366413892,0.3999338520178188,2.071636526766745,1.5467926281194548,1.4214434848416229,2.1128766584923735,1.232040401377087,1.9847734945930182,,0.5517898164603436,,,,,,,,,,,,,,,,,,,,,,,,,,,,,0.11682453041076732,2.9731678303829696,1.332673146312535,1.265474654528549
2020-09-30,1.7308902744472516,1.921735681858068,-1.1779676930957685,-0.05789150536942,0.6218398699267172,3.3430999400369634,-0.4317302274338772,0.00981071441472309,1.3164015268115647,2.2768047667113556,1.249434332501988,,1.8297318095710196,-1.3128309139342833,1.3543990111810624,2.135075924503575,0.7272833650747,,0.9666217344153353,1.513258090875977,-0.10335527767966626,-0.06881787237435782,-0.5700266238835162,-0.5041285573159499,-0.7340352176103957,,0.9898419703667207,,,,,,0.6571309153524512,2.2953220655348714,1.4045703354518875,0.49659977458328763,1.6202943141193498,1.6179326594277665,1.0990012254200465,1.8005713058239365,1.129737799963719,1.9119658642755966,,0.5324145609328897,,,,,,,,,,,,,,,,,,,,,,,,,,,,,-0.13408332074455342,2.889865674606597,1.0953636244263,0.7620934338049667
2020-10-30,1.6335665382726168,1.824054020037613,-1.2321854252576256,-0.10567273657824973,0.6662059363217464,3.4360676149438536,-0.14582894651864126,0.32222191677203565,1.3048397918442378,2.2700482927661216,1.5856474196826824,,1.806666838747136,-1.1838533217322194,1.4931566078063787,1.8885512198573098,0.8752590096484587,,1.1736313007112158,1.693974504057818,-0.010068342115042974,0.06338787780535071,-0.5634505682006021,-0.49104048786123733,-0.5450607304284552,,0.9870952002156038,,,,,,0.6415402991511351,2.32723832050641,1.4468229554880356,0.5483111426528013,1.7659537407696648,1.806264060127963,1.114423690502075,1.618898566335612,0.9791482289566796,1.8814613614226678,,0.46390613778907824,,,,,,,,,,,,,,,,,,,,,,,,,,,,,0.38875336774154506,2.994375020028938,1.3660773244820923,1.4104738619897685
2020-11-30,1.4561295790466482,1.8361469845741178,-1.398189967947294,-0.2646154228293776,0.635884572575783,3.3870708427259006,-0.2880492466235611,0.18294430500402808,1.2237244290030378,1.9789938314724371,1.4609612097176994,,1.8945137605564184,-1.0894749086434223,1.3341339258727523,2.113602144068522,0.8336464831188358,,1.29810521736099,1.5558533402448864,0.008659071226081635,0.12153054859101121,-0.7416399471690602,-0.19262132097853035,-0.5994986879877547,,0.9665301047397707,,,,,,0.5256538687968176,2.1554852761217296,0.9954844507217366,0.6434838415990014,1.8487622853249248,1.5663595417562053,1.1274174656981486,1.4699784849676987,0.9022179624324161,1.8582268640700628,,0.1371194008095228,,,,,,,,,,,,,,,,,,,,,,,,,,,,,0.28760838322731924,3.049140536600412,1.0236468628256599,1.5643572382859459
2020-12-31,1.3236301591194364,1.8140319330435635,-1.3819786475342388,-0.5601284895121763,0.5241147801159659,3.5849267535652576,-0.23112732060941807,0.45455637426642004,1.110140679350461,2.0271533976035454,1.5221256780007153,,2.0662874561307136,-0.7878496071863711,1.2356784287535225,2.0945259754350505,0.8970435200308662,,1.412526864309637,1.5299131574481555,0.04225573616809705,-0.07133337477395783,-0.8547519585955009,-0.17944096485985853,-0.5205755721349175,,1.0553151985953297,,,,,,0.6183667576809422,2.241271805963729,1.2902455256853618,0.5813585718866217,1.745517063963745,1.5524973797376231,0.801537610185592,1.4719601716688018,1.3183933832440502,1.7858850538089164,,0.16933622365564602,,,,,,,,,,,,,,,,,,,,,,,,,,,,,0.14018755914596726,3.216925729354622,0.955658226988763,1.6471270507211622
2021-01-29,1.099921002471805,1.9189444331994132,-1.4178199267482399,-0.610859222802248,0.43877678037453943,3.5726434120986426,-0.08336640581448414,0.25574759357848725,1.3660385954815586,1.8887156432311833,1.2098953940440984,,1.8515060801480503,-0.896502261906514,0.7347707474404583,2.131581051226096,0.8970954121829954,,1.3248198966842168,1.1697846795080185,-0.05513594497581473,-0.3946246476098199,-0.5546339859957337,-0.2763392775740529,-0.2526779792663659,,0.9466895125503345,,,,,,0.5758519453543613,2.5482092904595692,0.9729246019571667,0.3793876891350615,1.7123904564877506,1.5789892354620028,0.8535740505538653,1.221074189179069,1.209086026927413,1.8370743222164474,,-0.08504649063178478,,,,,,,,,,,,,,,,,,,,,,,,,,,,,-0.21788527446137562,2.9124100798709103,0.7906320984167365,1.4020748824454452
2021-02-26,1.324675788936448,2.028015787422339,-1.1221675590790456,-0.5258026718543088,0.3897357066928288,3.3621481697302724,0.407548539329099,0.2348809461652524,1.4403979091767953,1.901452271316943,1.2434384452168077,,2.114245917390603,-0.8176305649531143,0.6355772955469474,2.09034200425695,0.8395626932170419,,1.3376591845507853,1.236653407480311,-0.09564189846526999,-0.22252777901221468,-0.7267801738738503,-0.3956777107392113,-0.18856860921661026,,1.1283768487671104,,,,,,0.4717724501022317,2.5871092830318276,1.0025237286747097,0.6056322553234454,1.727785508332076,1.8607475188278586,0.9810673122727205,1.4106809819961896,1.2547165913292728,1.7345713168436987,,0.06434084626413228,,,,,,,,,,,,,,,,,,,,,,,,,,,,,-0.18822489922405541,2.918026333387979,0.8234310224962693,1.616849321775307
2021-03-31,1.2822512993250572,2.024598283395573,-0.8011493283575173,-0.5283061965496781,0.364941888386788,3.246786944420974,0.3719093567759087,0.2627795235980819,1.3368789307823299,1.7347156099169607,1.4093560913823306,,2.411059862560023,-0.9939478534779688,0.8478466523523644,2.408482797624048,0.5853975563212697,,1.2824393059789645,1.2756367960812156,-0.050455113424978035,-0.12265465607216776,-0.7511418276076255,-0.3164335630795724,-0.08544163866656196,,1.1000666910732901,,,,,,0.5402335161665521,2.7988548695477156,0.8131286094815436,0.5209216458066235,1.7325693020469322,1.877816848584273,0.9220382313034846,1.3403806099584856,1.311445649657591,1.8107772245696832,,0.09928136788325999,,,,,,,,,,,,,,,,,,,,,,,,,,,,,0.006846249876213052,2.948377936015211,0.8974730298133152,1.4907938036583193
2021-04-29,0.2843930791278907,2.419175422492437,-1.474696550539536,-0.510083168794806,0.7681163051374029,3.124844359448316,0.578038558889327,0.40516204958061197,1.4994047098022887,1.9345080024717678,1.5503368132684616,,2.9191308520079744,-0.723170500209669,0.8833168525960862,2.5725787844328982,0.739837284252134,,1.6355452200091076,1.4160811164223626,0.0445598268385724,0.019051038158287098,-0.5555515487162688,0.5577731455660724,-0.06994989202872746,,0.9774568843541525,,,,,,0.8928197158644271,2.99316869469782,0.8691213469552989,0.8538731396049571,1.6768606836209705,1.9340489678682073,0.9897165895629586,1.4625071042679334,1.6079010542077108,2.0581314670322364,,0.2878789277202157,1.257342741108965,,,,,,,,,,,,,,,,,,,,,,,,,,,,0.22192318933466912,3.2939031033228976,1.1107273524798886,1.6117836724567478
2021-05-31,0.916929722237281,2.8324377431418775,-0.4297447931997338,-0.385549226372885,1.0402328766692803,2.9815856928842703,0.9644069404616751,0.6614194960656666,1.6607111571901894,2.067078700808692,2.0287912988675583,,3.1173095303747136,0.1132435621786608,1.3772143863767752,2.881085689696067,1.0940386249604044,,1.9018227787870614,1.5990913826512203,0.22694410838483944,0.4893850531263283,-0.2743380391506974,0.8997964922516164,0.5701769522661179,,1.8437009271554292,1.0372207244839446,,,,,0.9237306038311658,2.834168848224639,0.8306303623133173,1.2260272974965964,2.0669503248085825,2.3452824603904356,0.7659650578698776,1.968019465249874,1.4562601644093711,2.3235647967993316,,0.5902047578746593,1.3699529893117925,,,,,,,,,,,,,,,,,,,,,,,,,,,,0.39893805093091206,3.146365853615639,1.8615655062092347,1.7185844024546146
2021-06-30,0.9199367761387108,2.4158218652196672,-0.19438740366097146,-0.4923084625341505,0.8415187128263736,3.059198752239172,0.7959215525327654,0.942253580912456,1.7053937287718897,2.025186339482763,2.117926172020858,,3.0893855319795844,0.3679877913654755,1.4452409195189475,2.5798666490788853,1.2081652428688128,,1.7426235051978791,1.5023072466392589,0.15902307637255123,0.7262137704865177,-0.3329644687311437,0.8669744137679937,0.5684007623534005,,1.8287130988805766,1.2372333510386617,,,,,0.8139984412727119,2.763337726328803,0.6580816235515219,1.3702065554891758,1.9883164903998773,2.4060117091199316,1.1189802417958719,2.2619103286771813,1.4046817478371127,2.402699491628742,,0.5683148703869394,1.2724250459914765,,,,,,,,,,,,,,,,,,,,,,,,,,,,0.17203022278163047,3.221660155223704,1.8806419553327387,1.5532770396035362
2021-07-30,0.7095542869550784,2.624341824682089,-0.40311932289903973,-0.2224926037300651,1.1811643438396795,2.822626953764349,0.7531879433879719,1.2081199260311608,1.4771722235184739,1.8562106215668503,1.3802447352968101,,2.1242869342793984,-0.20041174253406288,1.6547022505370783,2.628898746794435,1.0399369977363737,,1.8931235965974678,1.0896239366396197,0.18218654750095092,0.46574864718801395,-0.4416238686955427,0.708596717689783,1.2043840442990732,,1.9284221119216471,1.4190862992488547,,,,,0.8125890681170663,2.9665855703490074,0.414462244335303,1.409682757458579,2.055928201052234,2.3728250252460454,0.708970758261608,2.181658354651777,1.2537442259086182,2.5014569506233744,,0.6204381865642135,1.103930014030878,,,,,,,,,,,,,,,,,,,,,,,,,,,,-0.24717203113738678,2.9905021905319735,2.0729620058007328,1.683337350768515
2021-08-31,0.6945007026927829,2.825892287169543,-0.6172367295764785,-0.35075453536051077,1.2868442447432586,2.690459690293627,0.8895020006561255,1.1767887818582619,1.3748839450964976,1.7619157102508647,0.9912044960452142,,1.8182335079337226,0.07994914951824607,1.5723139795770766,2.482977746063391,1.225170799415306,,1.8253230199958108,0.813809757130841,-0.27042020878031753,0.5101133799726623,-0.3130018376751331,0.6815951883343885,1.1371926492821625,,1.9158963790299655,1.4875311567571405,,,,,0.9112611314423619,2.8877911209218965,0.8190907363229418,1.3937130528179122,1.8734775722132715,2.313330287669886,0.47560669497816405,2.192623317306599,0.8100111049127809,2.46715632165783,,0.6216112200516963,1.0716962915165935,,,,,,,,,,,,,,,,,,,,,,,,,,,,-0.259460324979116,2.8821425864061765,2.270897087280522,1.5170697665093176
2021-09-30,0.6991293621663497,2.5392260634538846,0.11096012148797206,-0.6454901267244749,1.0320571266436993,2.6808338913366656,0.7701698926200825,1.4108304040026318,1.4385575190948816,1.7625024209828493,0.9915056952041106,,1.6334971712522015,-0.05888009074979536,1.378787993979398,2.5646964562459016,1.2648243567682824,,1.6508677437240697,0.79575016218717,-0.31452725757774036,0.3206853469006863,-0.5251722784422588,0.6337259411615114,1.2637714883543278,,1.5919385749889847,1.5137866577858046,,,,,0.982320946881716,3.059211561350716,0.8606073618890269,1.5561941032632296,1.855422166856238,2.3690301643334783,0.4405123566544821,2.070405621094247,0.7742697938938379,2.4467549122754715,,0.5784914594221334,1.1017214185510242,,,,,,,,,,,,,,,,,,,,,,,,,,,,0.02217594528508027,2.8600557640341666,2.196137684896102,1.667006494729967
2021-10-29,0.734251134892625,2.3424978484179837,0.43105773441851186,-0.7017272989334981,0.8591430339379769,2.496437693847901,0.7858126115677165,1.292214348919866,1.615732755057095,1.6756568482478502,0.6985685854380956,,1.7212316613899827,-0.2683951685132158,1.3195680014716988,2.347829945246513,1.5321676082752531,,1.5206528408561324,0.5063993452340165,-0.29685226115308355,0.34053601770813463,-0.6914612109447499,0.7214367715151166,1.3399247374692027,,1.4790216236940452,1.6272660015303002,,,,,0.9422285859899245,3.062780147241569,0.7576920404820776,1.5336023817079505,1.8168270620149627,2.311287296114477,0.41826692734436677,1.871142945749401,0.652899493189526,2.3649092736447055,,0.5472339199749652,0.9460382442159426,,,,,,,,,,,,,,,,,,,,,,,,,,,,-0.12404522819115774,3.020997504789782,2.0813251365940055,1.6758902919202485
2021-11-30,0.20335070911928016,1.824923028181293,-0.1813881405556352,-0.7502198441701414,0.6950334786347362,2.5121123508459053,0.7625503890792111,1.3283559860943501,1.6312152509860687,1.7153662726986594,0.6980552481807685,,1.7181234874145275,-0.29819971437925147,1.5393635427856018,2.3923130732750324,1.5825976750074946,,1.2058862152264676,0.4188274981026692,-0.4865753482125818,0.39939988666641746,-0.7365936268444885,0.5224206578115297,0.9738011773624679,,0.5763128896399204,1.6059983641399356,,,,,0.9691724153852416,3.3002621146264715,0.6125961053996571,1.7122724973746746,1.8970740917049151,2.6086574658655723,0.3955908832149026,1.7394062105814254,0.7632212189898055,2.2765211777868917,,0.41759209461179453,0.9974901042039068,,,,,,,,,,,,,,,,,,,,,,,,,,,,-0.12767415008124386,2.9845000293871755,1.9711924332808524,1.7482231713379532
2021-12-30,0.04223037865036896,1.7173360301573821,-0.3814616602448203,-0.6826951810920885,0.6567473455723417,2.5416469149791294,0.6277114654100002,1.2914787016039793,1.7708649077889398,1.589110058864009,0.7800908995740278,,1.6251279401016767,-0.2846379430887665,1.4657619599583729,2.2293257758088965,1.1330264155021696,,1.0823385404638532,0.34211666783083133,-0.7297194944499369,0.2763991978976717,-0.8183413637425754,0.37892310819250796,0.9381313390003535,,0.3622932046358358,1.5760348816894592,,,,,0.3293647488352336,3.1948041541374805,0.5578478538565494,1.4704923522391118,1.5313654542225739,2.4218282224742014,0.3779100942588642,1.5520761370332885,0.7581372980669616,2.1730174853897646,,0.3305675751324277,0.8798940779614192,,1.3998722063911124,,,,,,,,,,,,,,,,,,,,,,,,,,-0.2095053425598362,2.897494306483798,1.9095559664795192,1.5371409569698447
2022-01-26,0.14453963203695505,1.6972310691698373,-0.27695845055784557,-0.6580273894512476,0.7131540606945844,2.3241244951461915,0.9116079702600954,1.3458993206650955,1.9206986956750915,1.541964515050068,0.8727376074131238,,1.7561994423497793,-0.22985823390116775,1.4791542366940418,2.2445094024162353,0.8653185387799677,,1.175958667786269,0.4304505215402279,-0.9361623599683054,0.2913684222749835,-0.5849932327483864,0.15888559806139058,1.0564279284548632,,0.40390644673931086,1.589221704525644,,,,,0.6166717684790001,3.0059191635603986,0.6378309094859506,1.4816724405929202,1.492970069029958,2.4640876121854114,0.34254538991500316,1.4602766599937502,0.7324767104193703,2.223056059805069,,0.4220015610127825,0.8609177756722698,,1.368492729712037,,,,,,,,,,,,,,,,,,,,,,,,,,-0.12260958229697216,2.813580136488385,1.7947600174161866,1.519191902431345
2022-02-25,0.061493097276421264,1.820191274915289,-0.35682473800481573,-0.4430737417567526,0.752930997022661,2.2617461419905007,0.8798915211535762,1.360331798883816,1.587113500104011,1.4711266696620424,0.6962780895013849,,1.676711287672059,-0.2478352167272114,1.461470750248212,2.2855620655399025,0.3528909768024926,,0.9598019081244619,0.3667260169880696,-0.9467762839415975,0.13464828520418767,-0.5897265754359281,0.1485426174863018,0.6101917482667454,,0.44526412879744,1.7140886641163162,,,,,0.42005399642946,3.0537009079777055,0.6440737348624214,1.0923054710173565,1.390660689116052,2.351189379274652,0.27196413834864896,1.43205456656959,0.6710973689726565,2.2367389882581707,,0.34335931600093533,0.5173491503960603,,1.2197989234002953,,,,,,,,,,,,,,,,,,,,,,,,,,-0.2911858582477143,2.617889278196381,1.8590598547468375,1.5020021523232079
2022-03-31,0.1572851742993897,1.8839037854210108,-0.15940294712720882,-0.5287698590927655,0.6208426525995453,2.441814360413976,1.0723280378746953,1.403924572414844,1.6538643634089014,1.464178030709809,0.7565203132500622,0.607476824744043,1.853526134853279,-0.2862041105473114,1.3242901908157683,2.3288731824530777,0.5185330216187786,,1.0064377418227424,0.5104439530951455,-0.9461061017890151,0.23509966423049727,-0.471737709633546,0.06850991796147103,0.8577593590534293,,0.43857957265602404,1.6269559174835302,,,,,0.39660919357356456,3.1534001439975885,0.7066504405877282,1.1885454250714924,1.5356221537969945,2.3116446468784906,0.2862816651751448,1.6168814213043519,0.8727652049731672,2.3023562987071844,,0.41093553471995975,0.47708754378951074,,1.4674024860834847,-0.29925364494930123,,,,,,,,,,,,,,,,,,,,,,,,,-0.1406403907577043,2.780282783381525,1.9087406648554792,1.3890138054334213
2022-04-29,0.415413165380757,1.9697065566115424,0.05683545108842372,-0.4981133632513031,0.848940339991513,2.782401952728492,1.3921308104119785,1.6255139120959163,2.0458965920196603,1.914917865894862,0.9940363872034909,0.9115287443704779,2.2161728598057557,-0.15715363887929673,1.6230567981373898,2.4626070284951,0.9636573682756789,,1.3339163110955568,0.6444728101705444,-0.5777526644104338,0.5165159780575578,-0.047190009020920166,0.3686069052948385,1.176735698612577,,0.7518741017755098,1.6196049879221324,,,,,0.8094346010416675,3.675444974911096,1.1821059940334362,1.4407307016048998,1.9773596948707124,2.5920404540513817,0.5567648843467848,1.7347511260067165,1.1104799672603007,2.609320930042273,,0.5700967858207323,0.6649293709949252,,1.845731233922881,0.021197534397639307,,,,,,,,,,,,,,,,,,,,,,,,,0.20222535409326162,3.079315870022262,2.1188186147495345,1.4302822892248421
2022-05-31,0.5371414964840919,1.920321583090644,-0.0040091964816496364,-0.456847695012926,0.7369696689540467,2.8633253795941345,1.4064117694116074,1.710667590763284,2.1131764584382133,1.6886704486739246,1.0504649732947295,0.9478882665244859,2.149976089721161,-0.0700730071738309,1.6315229678080412,2.66762026944125,1.0581596499270527,,1.31248672251431,0.7492151083544684,-0.662032424918356,0.4964082635579386,-0.09016082560329274,0.5098395643397186,1.247040767996835,,0.776913081467502,1.6046640359858981,,,,,0.7507146831216498,3.7965003493551253,1.6794303457821136,1.3943256008426324,1.832908313424967,2.5801912606909645,0.6121813019616391,1.5733209500651932,1.1096324433334515,2.6460235848990483,,0.6417596613909476,0.7565312573070031,,2.118699225288722,0.08085450933168276,,,,,,,,,,,,,,,,,,,,,,,,,0.1745592978341771,3.1809191406495163,2.0671179828762116,1.4968475883967052
2022-06-30,0.6661025909810397,2.0537006320578555,0.2819755144918567,-0.38021459372578237,0.8967163206838965,2.9280617251941705,1.3949004598285017,1.8106460469428043,2.2257273843979664,1.7574620320912542,1.1553372055075497,0.8599184990081445,2.2898167261006215,0.019040775618731524,1.7795754944657598,2.909769566687315,1.427679622532039,,1.4141495136033386,0.9261132486179396,-0.47891986146649185,0.482441754664982,0.07667632716564736,0.6689330112683923,1.598456309581166,,1.0809309717388775,1.7406458439879657,,,,,0.9267162642358113,3.929941085862795,1.854648288521825,1.5541472044496294,1.9775382003853612,2.674558680569592,0.7789493299607189,1.6531904388558007,1.4107336289347052,2.96780798265253,,0.8385496258863282,0.8672682675747405,,2.3537194090361484,0.35027600836595996,,,,,,,,,,,,,,,,,,,,,,,,,0.2929233297349143,3.305026413522457,2.1564241291386295,1.6052884159120862
2022-07-29,0.9448463888005412,2.252048780825356,0.6945865143909181,-0.32250697513647136,1.051028579831191,2.731040209299327,1.3379294037577951,2.2976024827950057,2.5530978819195473,2.0466073986392015,1.3226553410654096,1.1564761161880677,2.5245915902240705,0.12653485215690446,2.0361516391577426,3.021899425667591,1.4330698041248295,,1.558525484659902,1.2344964957547366,-0.3065611245573106,0.5133479345364507,0.23802617843832255,0.8730857631133478,1.86954591471995,,1.5340087072962372,1.7542469430999603,,,,,1.3984315592100842,4.10795828089012,2.0156685660708438,1.7399502973654266,2.11085986390712,2.7242538167039028,1.0907789106362789,1.5826854609040337,1.4306492239003803,2.8803557679438003,,0.876612315080585,1.059169749252441,,2.5815029648402668,0.5926905525725237,,,,,,,,,,,,,,,,,,,,,,,,,0.6045612326522956,3.3114614239527045,2.0115361657514628,1.5718068310487459
2022-08-31,1.0236139660811627,2.2914188140774296,0.9134025082200898,-0.3722200376167213,1.2799428536523463,2.605778057384469,1.37643191795067,2.5279187655285567,2.6672336215415973,2.2191171589396017,1.4208580723238093,1.2406660370586458,2.738591529123331,0.26695041233996414,1.9951654260257567,3.059594167566714,1.5611061169612164,,1.9070989015757625,1.3071111437071663,-0.05549428020546159,0.648074380155705,0.3938793472304477,0.9586980811264093,1.9765612532201313,,1.895255375518739,1.7144760240227201,,,,,1.5708995175753075,4.164515310989075,1.9794200562465425,1.854050293342384,1.9864357970686106,2.563985890979692,1.2049537133238886,1.8683119139789104,1.58315487954209,3.0473502715795884,,0.9905123209141391,1.006759360201785,,2.5255092579525735,0.7434397210683068,0.22561352514748936,,,,,,,,,,,,,,,,,,,,,,,,0.9621934846911991,3.5305855914271347,2.1355503901301516,1.5590136097863736
2022-09-30,1.0673606051822941,2.3753530896898973,0.9969813946921375,-0.20594504500062627,1.2198331407374052,2.550625716452825,1.5430044755323933,2.566551096716938,2.6947147525194883,2.245060230780959,1.5956150824239739,1.3496070689750925,2.996115513890773,0.022492873154128616,1.994375956525544,3.076568375505621,1.616848687796633,,2.093424831113708,1.3160657786788539,0.026900855565474092,0.7069202803090885,0.46945041747459004,1.133880203903546,2.0768996242634272,,1.883039913445833,1.7479964941286203,,,,,1.6095334660623286,4.294008152791867,1.9793018105740061,1.966126609685812,2.1500962952156493,2.589619247281426,1.2211278610249963,1.916130155402513,1.7060816953169817,3.0712297170660503,,0.9717752987723708,1.1104088003901997,,2.5668775058965374,0.6762884455379827,0.2723022116168287,,,,,,,,,,,,,,,,,,,,,,,,1.2328182310651101,3.5278944438463213,2.161858682887,1.5754717131184703
2022-10-31,1.0893354797830082,2.240847330008883,1.2295239690920632,0.1597105425448526,1.3645903382500537,2.614709078199907,1.8850402841572083,2.7370947264789054,2.9746696226584284,2.5334956382889646,1.8520538954718504,1.5244047118295512,3.1321352971750227,0.166082646712882,2.243786543114949,3.139337245187364,1.987388566225874,,2.4915672538108398,1.6245124322117783,0.20224324386743195,0.860267637444511,0.6778970883620176,1.3584097484442594,2.2068950652457016,,2.0858641799628916,1.8375551658761333,,,,,2.055790762841587,4.434025903131396,2.2085211902850803,2.385350166239407,2.4199890661787116,2.769616599944098,1.415210744262757,1.9885853794508792,1.8945615389545936,3.2028865224030048,,1.1279043646153883,1.4954784964874954,,2.7658627212109748,0.7865116564593178,0.4038538431294245,,,,,,,,,,,,,,,,,,,,,,,,1.4274673504554982,3.6510876821557603,2.3448992689681205,1.5997452595612605
2022-11-30,0.9388848179153687,2.2078663409446975,1.134112243642453,-0.04459003176410502,1.3430449998921914,2.38487176663842,1.8691544739064725,2.7347012441042864,3.0442056817099794,2.506236251156679,1.869712377569092,1.4146113669949214,3.126402290144048,0.3446795811671415,2.231371179511227,3.1056454316317215,2.0076447717055608,,2.3716502523592218,1.533922877972873,0.08092787922218589,0.7999610701564291,0.5534024395679391,1.2585068319851613,2.225866638961739,,1.7217421381497187,1.315090385959665,,,,,2.131300547770865,4.227056677326628,2.1196299030078634,2.378743226180011,2.2949862952874818,2.7336290853921947,1.4541093533601737,2.055335766225795,1.9621449694172137,3.0146450619568754,,0.9661142928113984,1.5173152919112334,,2.7510677839455546,0.7382108070113557,0.36647444834002474,,,,,,,,,,,,,,,,,,,,,,,,1.4173187702240069,3.549324576795648,2.285205575413516,1.2996293992755639
2022-12-30,0.834751847860625,2.1349865118501885,1.023817286473841,0.031112430400379282,1.354069887045572,2.1629819569895985,1.8254213298299662,2.727825009021921,3.1011888056418075,2.5185122368728567,1.9851952710119098,1.4035650317347264,3.063791475865392,0.4170319033035144,2.108541582443202,2.9655431410322786,1.9126424317157626,,2.349750387891474,1.5895407172435783,0.1649674388895291,0.7862604731292302,0.3881871908897135,1.1265323320268614,2.425058632211696,,1.523509833065032,1.26043333552464,,,,,2.1872447272096287,4.137768718756463,2.106125079058769,2.3644844898086674,2.3258897924706434,2.806838899041516,1.3068710571241997,2.029923543075827,1.9815344903745347,3.0428999217979165,,0.9799593944155319,1.666352816560898,,2.6948584876235757,0.8139735009342476,0.31866351480804933,,,,,,,,,,,,,,,,,,,,,,,,1.332355542431437,3.3363056060661798,1.7954516843999744,1.3054977739309632
2023-01-31,0.8449752841354146,2.1663047550921837,0.9885536276781418,0.059370408180232564,1.33732285712401,2.065476340803492,1.8495532349518327,2.7306084238885417,3.0698679944739737,2.4939785556329914,1.9898753765030663,1.5150862467196684,3.1702853269720555,0.37219679951151713,2.103400973806414,2.885400086734568,1.9637856400782607,,2.312536407379417,1.643341765089767,0.13724996110497462,0.7332209013407422,0.3306618087156665,1.1952876233795495,2.3014839997765906,,1.5914448920005,1.2252469645159987,,,,,2.2000710304738615,4.211822615911586,2.0331446388832433,2.516861707183594,2.28476817253926,2.7587924210595216,1.2734234296787899,2.0723286875133553,2.0028887533781923,3.0297708389370563,,1.0681588027149442,1.680816931104519,,2.6843125702712345,0.8139840462004124,0.2928331541207879,,,,,,,,,,,,,,,,,,,,,,,,1.3207672515629179,3.2178371762995424,1.6945645498659223,1.3363603012286818
2023-02-24,0.7921240809695884,2.093959646430553,1.000926423576741,0.14827601816955863,1.400902329836686,1.958303571714629,1.7473830411364497,2.678889474414304,3.0011121521026034,2.4843184227532222,1.957739439018967,1.366269209919769,3.0202977876059554,0.40289283058613196,2.0451069790811873,2.609873649455819,1.8472368912473083,,2.2595861346940374,1.5387521191929743,-0.04817357280679836,0.7390881575575478,0.2836865392117255,1.1863137096567142,2.2485886190786477,,1.446736558761764,1.1823843649051173,,,,,2.070660876988939,3.966604198517525,1.9383114331717706,2.3352908626620996,2.1108842586717533,2.902619054574021,1.0263070855162173,1.9620456097031305,1.945012100739008,2.769662725660477,,0.9914242071304248,1.6011253782354942,,2.8076545537015636,0.6859776886601426,0.12100281218262247,,,,,,,,,,,,,,,,,,,,,,,,1.2988388480508972,2.9216629270032444,1.548435364271114,1.0713613512136047
2023-03-31,0.7508515304918851,2.0383529908521023,0.8932479344190063,0.13992792567191725,1.4006190673664956,1.8874450783596834,1.6561052395702642,2.634696396136077,2.984706501625859,2.341347561841799,1.8557775967605907,1.330048065774644,2.8966570052319707,0.4938522251856285,2.1333587561281266,2.4233855107208537,1.7704850727218482,,2.1696797516163104,1.3602024409763527,-0.1299332626357338,0.6169066831057266,0.27878717230605216,1.1082143486649927,2.2514076944668373,,1.337106447202348,0.9345481118732991,,,,,2.0623875467668307,3.7308370201737477,2.0013992262368974,2.300628112777584,2.246781675738586,2.6298451982729785,0.7308939878684266,1.1418164638984765,1.8008032576830655,2.6848458752549345,,0.8771462794303534,1.5830149012605543,,2.705407842681261,0.6231657680162971,0.09888981559561215,,,,,,,,,,,,,,,,,,,,,,,,1.1938179338376615,2.660886516022778,1.3203049890735314,1.0204358245276832
2023-04-28,0.7272800930677505,2.1023403893018506,0.768197520997271,0.24341577871043352,1.3745208278226653,1.894679544960545,1.7304123349565996,2.6287303015655183,3.082400451556927,2.2118715350755,2.0088086058027814,1.3994253457954224,2.9697975128676672,0.615477092671729,2.210743311800526,2.6492768332459007,1.7767537496488244,,2.295920076167904,1.5456275634123162,-0.23821066544765626,0.6652672522883208,0.1922364851257282,1.0266739720448868,2.3264278262992995,,1.3929096759865913,1.0583773091913922,,,,,2.0639969774171507,3.762554398645657,1.9988423559040505,2.645314105856639,2.254341275207881,2.687136515272052,0.7393792966121567,1.2592563798744651,1.8127144878737573,2.945298930634727,,0.8612435556828177,1.6676905727261702,,2.8704067782090807,0.6451561982674461,0.10386320863468157,1.8866462662973915,,,,,,,,,,,,,,,,,,,,,,,1.2887299055231631,2.4065511783609894,1.4579130905528785,1.1056159254942604
2023-05-31,0.6800084553676735,1.9964770224523054,0.7899048978970026,0.5274152303351636,1.4471219720878117,1.956690607592139,1.8164289341634146,2.724900177562113,3.058167859216634,2.0981172309481777,2.1072310269415486,1.428452295384399,3.0124716962440545,0.585237640393659,2.2149754824581045,2.6223065110690995,1.8103568210140641,,2.343324234318707,1.5010483580523928,-0.28911386395335764,0.6369638892269011,-0.020686128227988355,1.0380067566932125,2.110264946857872,,1.2997110843700281,1.0067296613957837,,,,,2.196510710328519,3.7666659275438152,1.829415328940002,2.5760507095177303,2.2206556986614716,2.6737452452035053,0.5970323151405168,1.1852153916273065,1.9301753103698112,3.2289544882895638,,0.7707336411088372,1.6840352864263939,,2.9808950015578386,0.6913380974378108,0.10264278058178354,1.868774547843618,,,,,,,,,,,,,,,,,,,,,,,1.074646635378169,2.360642969229253,2.0090459010168016,1.182019038582504
2023-06-30,0.5129812027398383,1.880847948319192,0.7659816282496018,0.9578608426934668,1.3421759209993729,2.0103489628463387,1.6531970819549857,2.743090343632089,2.9274906509739576,1.9504704209132442,2.0405190290358455,1.3864592604061536,2.9741939718286816,0.48000063673467475,2.168286231397777,2.624521545180152,1.7879743417388618,,2.2655903268374216,1.3481372703311214,-0.35735881731723923,0.6266705904493638,-0.1186665954269198,1.041216811805161,2.0589216744091425,,1.3347687054934585,0.9354066255697361,,,,,2.009099924861296,3.766798330475204,1.8025382278758217,2.549188245752228,2.3734540316108386,2.51345673517807,0.5013216302206395,1.5067960935430373,1.8548976452502144,3.1166590799679508,,0.7375370279288725,1.6120557500666475,,3.205012251863056,0.7526869676293368,0.1704950661779812,1.8628828831178392,,,,,,,,,,,,,,,,,,,,,,,0.6785194682421036,2.3485682928682294,1.7930277093123739,0.9987978711329539
2023-07-31,0.4636747771970546,1.9229813004303222,0.7807450599195203,0.9903763177444289,1.2767112141971944,2.0781519685782284,1.7134279825791805,2.6565763733302443,2.971159480541003,2.0252897964378014,1.956912718781627,1.4116657419337277,2.923785351433836,0.7114661794715532,1.969053039210898,2.503406282698742,1.8256390781634717,,2.2490870259928473,1.4896404393976668,-0.24650129247932154,0.6210543476988077,-0.09036745567674864,1.0148566433209927,2.0899140471838216,,1.4922195152894044,0.5797056233398026,,,,,2.0460347884824177,3.725599472309611,1.8140228345076486,2.5101302915650994,2.36305801606773,2.3383438746957896,0.5400966750298525,1.5431258235448542,1.9177446153391082,3.0816836038869417,,0.8118836275773006,1.4176112253031004,,3.222664502275827,0.8055688701056245,0.19366598739854632,1.860390692633029,,,,,,,,,,,,,,,,,,,,,,,0.8767541624292708,2.373409663475994,1.8867802350323606,1.0685355327655963
2023-08-31,0.4716092904909313,1.9478507130085787,0.8023942749974625,0.9413063746342811,1.3861142280683398,2.23543787761965,1.8352156988829502,2.8771630885447395,2.988224316047808,2.179861205234235,2.0879866476846334,1.430620926101237,2.9393288219193847,0.7467589250588679,1.9866639555173187,2.69859565503617,1.8025846296408763,,2.3526101654742817,1.5706349822099606,-0.3185665348768263,0.6803907707892851,-0.042485947803769096,0.9913425324845165,2.0314860313717977,,1.5778733215794825,0.6743721591360589,,,,,2.1309760199716337,3.7609506878277177,1.7960509317219642,2.7122488316797475,2.406677028402209,2.3484965805986673,0.510689760332926,1.4448552236470906,2.026403653461091,3.1644395241501164,,0.8725724069677075,1.3011612940729353,,3.5091924940387984,0.7851475906686664,0.24005217875588586,1.927874469503039,,,,,,,,,,,,,,,,,,,,,,,0.7931082316702267,2.4507190717419327,1.9545504347387894,1.0661195765032063
2023-09-28,0.4973764728595966,2.084407087569225,0.854037040056008,1.157392112758004,1.4594913236349776,2.2386067593745214,1.9389692530210496,2.9531427497571117,3.077135613678001,2.0900983235767927,2.099372720144179,1.3720571611144274,2.9819691316577335,0.794318409211707,1.9682388032629854,2.7447170111824044,1.8301943616687049,,2.3514579356923715,1.6200753260504377,-0.2805566943285352,0.5968508573133179,0.08600956664382939,1.0663154514413389,2.061852568282863,,1.586966274928971,0.8149036577301979,,,,,2.1671005185137906,3.8752218224275685,1.7569945853361952,2.810008339222384,2.4685687815559336,2.287498830184125,0.6151964792536054,1.4111761325263643,2.0565081354418178,3.3546851446684762,,0.850847624236523,1.4069153032351083,,3.6278192050088953,0.7931455904434088,0.2923037236494363,1.9646532525680616,,,,,,,,,,,,,,,,,,,,,,,0.7655591655776746,2.4809383186673752,2.046353918083141,1.1011516155151226
2023-10-31,0.46199220314248435,1.9794158811684144,0.7750698583455348,1.1260993328338285,1.5322441127745663,1.9226838828807773,1.8755543524543272,2.724965003169459,2.916656710651944,1.8747545246217987,2.1233659514191427,1.15057475012858,2.900402925552755,0.8528021862177656,1.9338963997615526,2.64674788046288,1.8414805335132252,,2.1902365007476323,1.4224517158870646,-0.3875377198812298,0.48065835212496444,-0.04541853906966589,0.9595200003030494,2.0142359296226156,,1.5577138214804593,0.7566301680457111,,,,,1.7279849333731183,3.9652688566875773,1.3105781619497439,2.474912741751009,2.4486444408235157,2.3063265789860403,0.5401913380248945,1.0288713029971366,2.090176325961802,3.3237021052984397,,0.9019491262148264,1.1764957735952248,,3.3079877023557547,0.7221493940166313,0.2784477445057999,1.8009093664461944,,,,,,,,,,,,,,,,,,,,,,,0.6253137952813752,2.3880691197181982,1.9708142277889251,1.1018019749287764
2023-11-30,0.4450085992377744,1.8417799393387493,0.7251529280876994,1.189428064959615,1.2970102478787016,2.1890864615781505,1.903420366995847,2.530789321809215,2.828624979011383,1.6282036846112435,1.9980638397576516,1.1794140313311803,2.924150731489232,0.9482108266120789,1.786944421824651,2.572824983304264,1.6179649426291458,,2.2850684933746725,1.2592254093119977,-0.48306544786212124,0.36631642188094854,-0.17703578121538716,1.0373147597563772,1.9016471345497348,,1.2670458811985583,0.5913151418583087,,,,,1.4331482660515695,3.7671059204299167,1.2820342914165157,2.3539472366279104,2.2730362747035318,2.2184062375931393,0.3338870110101272,0.8350397053466131,2.056640236214866,3.2039688014235996,,0.42793752932330203,1.2909036608547606,,2.9616180101931016,0.8361141191702319,0.22019808795202164,1.8158337813603853,,,,,,,,,,,,,,,,,,,,,,,0.8190104429576521,2.193074273646094,1.888684102448724,0.890162714272783
2023-12-29,0.3625854964530991,1.820702157281632,0.5707954258545348,1.122866773221726,1.3299037673417349,1.9566258263307865,1.5747079753129927,2.6872058622321453,2.752369940536886,1.569723676469495,2.012869662136381,1.072657115029515,2.953239860050463,1.0151970144395384,1.8487463658614953,2.6299083515467476,1.6200142644033126,,2.2670686371334057,1.2649233814930945,-0.6778256252488213,0.32554056893575134,-0.2905960719858026,1.022454983753075,1.8581154685429522,,1.2845938517369315,0.5760339541824617,,,,,1.6943144112908775,3.8224297662355315,1.351494558014779,2.3257878925685396,2.0183673816278094,2.2996369333662714,0.31597873782820707,1.1091901578554733,2.062385987061584,3.127493667759242,,0.4665233753437259,1.0427015732334022,,2.9612857115032285,0.947466524800138,0.03042392972729248,1.759896363776079,,,,,,,,,,,,,,,,,,,,,,,0.8881373479280532,2.176965563406357,1.9519996398330641,0.8642782189236605
2024-01-31,0.33516199599424257,1.7672307623336405,0.5441557137348866,0.9939874312524969,1.255646207845662,1.7268161639805686,1.3747228964863942,2.689880287040174,2.627388399364376,1.404611976014722,1.8328087740053978,0.9640355175525351,2.949895358777443,0.7815145554019047,1.6501854665572773,2.4076363302936077,1.8216561779074036,,2.1310003122007624,1.1709100616302637,-0.7546357244060256,0.26482863565003195,-0.19951310365539546,1.0038402700840818,1.733349603813611,,1.1702671891307714,0.34990610252914317,,,,,1.5823271237589072,3.695209118785223,1.2486259458839124,2.129587840185223,1.86373012366264,2.2884950816040495,0.03401457063258892,1.0035728312823238,2.015448273880741,2.798753732497524,,0.3668856931230191,0.8311427063284541,,2.64096250028494,1.0338559042343605,-0.016004577647775027,1.7371656173462593,,,,,,,,,,,,,,,,,,,,,,,0.7054177346189973,1.9549506116358952,1.8247542632049245,0.7991444098020222
2024-02-29,0.3532694323231806,1.7222970197041834,0.4829940852507989,1.037147365796158,1.1705649722308515,1.6915401257321898,0.9604425920851001,2.7028375688911654,2.293054390856541,1.4954047873728422,1.6467610160568196,0.9173144066905338,2.8329866730414395,0.8473982124568418,1.2725352913206551,2.2207311823657045,1.9191964230405556,,2.1820144860412296,0.9183021034318619,-0.9986923260055837,0.27291125512837994,-0.29537041813910747,0.7089143379899497,1.5079967695279752,,1.2010615414835695,0.3169495568959828,,,,,1.667725300988447,3.758981175720525,1.088168592650194,1.8158355090022031,1.5468384759584126,2.351835942367979,-0.20005108474210925,0.9735883016148723,1.9243281491696798,2.7431463541960897,,0.3039991184583661,0.5439092775583794,,2.538579601243847,0.8022219009110589,0.00912197606939672,1.6524413281795287,,,,,,,,,,,,,,,,,,,,,,,0.6903505760607953,1.718239123748271,1.834601666600312,0.7790238315186111
2024-03-29,0.42023391404971583,1.6676487829878395,0.7071029323517173,1.060412809164191,1.0378841446918845,1.6411685330023609,1.3776307336152813,2.830789911198715,2.2800414233824995,1.5968944038101431,1.6588726124889455,1.1614599131791052,2.9353807684108046,0.8906810325661255,1.5599506344308234,2.201664334919887,1.8030260673930123,,2.401462280918211,0.9597163454963193,-0.505648431614703,0.1634045111825705,-0.14521506519123678,0.7808054143520339,1.7085265282236974,,1.5263945170203606,0.5329138762440406,,,,,1.725494157581543,3.4372707008236865,0.6795899030904159,1.9703364289504333,1.812488695967619,2.5245190080049693,0.1921039158075937,0.9400940399534321,2.224267552204856,2.8643797280239647,,0.6519309106401072,0.45909919390519505,,2.729247618123396,0.6630696672882557,0.2534569139849086,1.8062813161537117,,,,,,,,,,,,,,,,,,,,,,,0.8923027270806657,1.759284400100399,1.4873600479481088,1.154904787960981
2024-04-30,0.5716917994403229,1.6818423251438162,0.8702847262115625,0.9072237377642854,1.2329397646549585,1.6366329552622134,2.0655792950352154,3.197269976843398,2.782589083594973,1.2958112794244532,1.7038732134536683,1.2676152463467805,2.978449432480685,1.0887319831414455,1.9059779456476298,2.400428745758094,1.8523439021202408,,2.8157682492180918,1.2959366967002668,-0.2153061197164067,0.19961404112903994,0.15105672765618583,0.807964033398098,1.8836767620470467,,1.762092799324576,0.5076602316131911,,,,,2.1995855821902315,3.8485136464807312,0.7963891479393528,1.9437623684755758,2.191260035534866,2.618401052815462,0.31303891206532014,1.0386225783873866,2.505502498023069,3.028223728539552,,0.9509505933891325,0.3131848574216906,,2.849659831111402,1.0200415619955308,0.4532088447434683,2.0072761957904124,,,,,,,,,,,,2.659684036935202,,,,,,,,,,,1.1514927148546685,1.9469772421569325,1.5546897113289184,1.494895745995543
2024-05-31,0.5032997345170095,1.6418310008568309,0.8823031827915359,0.9375755576191476,1.3001010297626945,1.5565816249191602,2.31583752388456,3.3038062256729988,2.3622491671921617,1.0290379053350132,1.6383486787824435,1.2518581884732325,2.965091271661468,1.1054735293200868,2.0381479377804523,2.3571884598998487,1.715727893435104,,2.5278398689350827,1.1304789002972195,-0.06258229060138863,0.29446739148356443,0.26147042301132756,0.6346854011259859,1.8302492751111876,,1.7381586053037883,0.8109978774469008,,,,,2.3491857368060276,3.6906957203580317,0.9571648961723979,2.1707845453566272,2.2159665947595872,2.700500106424051,0.3289851705467298,1.1300214060966793,2.5059409656939797,3.0457865944849596,1.8996398261672958,0.9129137206078753,0.39692473991562377,,2.5062715885773943,1.0157860900279867,0.48882296638911643,1.7274329393484387,,,,,,,,,,,,2.685086502482163,,,,,,,,,,,1.2303570072552092,1.9451006345662243,2.100602895909578,1.4869808527785922
2024-06-28,0.46939749076239873,1.6291878296470268,0.8855584889064485,1.011436151840972,1.388459861459003,1.6600801771796185,2.400232956978286,3.2254009655671565,2.108791987788161,0.8291092239681337,1.6910679044860149,1.338618144920871,2.858058842586733,1.1240847330876291,1.971175023405889,2.4263307045956064,1.7305634746842757,,2.4318414277531715,1.2768085680835668,0.01926639306570677,0.31256376967238314,0.2032536763428901,0.5447232834780131,1.8057806102390472,,1.7669706142249828,0.5600458057779275,,,,,2.3916557721363243,3.761559666694905,0.9144108099881209,2.051643157356122,2.1955550041484324,2.746445254415153,0.4048940612884495,1.0727971050048297,2.6419980995313557,3.0579831171624083,1.9906726080788069,1.019775799936438,0.5798758601630853,,2.5247978168434733,1.0716542210267557,0.3378474597365479,1.6170350052744284,,,,,,,,,,,,2.73647398840198,,,,,,,,,,,1.1231126239772036,2.009679627239463,2.0349847486420374,1.516236803224838
2024-07-31,0.36183837471830915,1.6522721305239856,0.9345860188764027,0.9840749857694507,1.6758355850270035,1.5258441183575489,2.169777439882438,3.26119285251637,2.150155254234451,1.0544528600808751,1.7271902649395379,1.493544259897417,2.9585992931610727,1.3026401819115043,2.243041116431091,2.449099195127298,1.491895445470741,,2.6948431553647314,1.527187371410713,-0.08029922246159384,0.28576585055473624,0.2736055068506958,0.615404892948801,1.8342858864321079,,1.8325479242434233,0.759304043414992,,,,,2.5879602657145786,3.752606391741224,1.2759232231599886,2.3375191170487777,2.276863121906984,2.8998869968550625,0.7419772770142893,0.8932754926464921,2.6836671706283495,3.2026313513695355,2.2653290650563314,1.217879313547758,0.6318314582615239,,2.6647240571733737,1.2079857802107217,0.4325993348191224,1.9278567382370138,,,,,,,,,,,,2.794944647512249,,,,,,,,,,,1.3029131316339302,2.1071463951206346,2.3587277607764108,1.7557275174714844
2024-08-30,0.27739328200871105,1.880733610293328,0.8006650723118157,0.8220758574081725,1.931312268629336,1.7303296763117832,2.1676847143074705,3.358774772752897,1.9369976073027455,1.1309892387550446,1.7273053230071,1.607381813315102,2.6993448480134,1.3045615005713336,2.3101783106308527,2.5667824571547357,1.5421471770588446,,2.664092820904424,1.6196753131944759,0.03800750404753262,0.31994102554380743,0.4368917133342139,0.7471818152299793,1.953802517169782,,1.8540994197199994,0.9076513784694594,,,,,2.4956915410531564,3.982732842728827,1.2432478167809997,2.5237154752179043,2.394867043167923,3.1927755061616203,0.7172485532965153,0.9699920919717793,2.8082847573464202,3.1792042714465283,2.0337283120670073,1.1725008251183142,0.8083540143645815,,2.6868922835556694,1.1915086738370164,0.4552001077341278,1.9675594455936478,,,,,,,,,,,,2.8693338372899864,,,,,,,,,,,1.2678534418143828,2.000045652087371,1.5241995822621057,1.6655919746738461
2024-09-30,0.2944951381599258,1.9768997644799828,0.7829622652619128,0.810010150966602,1.8689651276938062,1.908483710297981,2.149765116890942,3.517392382782594,1.9961170197055187,1.2576734824269453,1.7146293729325315,1.7198324485071417,2.5804649956161048,1.2227336283936108,2.3244162159219792,2.6767533147563727,1.40995395377491,,2.8008811494971595,1.6783406931735463,-0.09058032036638385,0.4027629714853332,0.6307994488863716,0.6497368357820685,2.0630346809558646,,1.8383036160170565,0.8798108060086409,,,,,2.2886863739397185,3.966984041086898,1.1440210616238748,2.4715145492230195,2.2414799619555468,3.348095842913742,0.71502577059359,0.8414337260501259,2.61383740635361,3.6859749766139913,2.0338766829097943,1.16621030727413,0.7604205273209762,,2.7952578158382275,1.2144269308549163,0.6080187869340925,2.033098161580704,,,,,,,,,,,,2.8244676712788093,,,,,,,,,,,1.2243969582516454,1.9926687029688814,1.277336256252486,1.869527984787114
2024-10-30,0.23275950282400473,2.072078030327868,0.771494424157812,0.650141094293982,1.9394896550798602,2.096610715852564,2.0592182892663784,3.8599314458102847,2.086848296971182,1.4322397186535187,1.6585976612048483,1.7448483706263385,2.7179042698204077,1.2786804278809736,2.234213420760031,2.622545466116414,1.4534215076731902,,2.8568299017359053,1.4279847783974287,-0.10536265834927894,0.3673298477483043,0.7641775484108364,0.7028190380668995,1.9586496937442408,,1.8729820757330526,0.9459122598897779,,,,,2.425488076435594,4.0058082419540595,1.3008127604961943,2.4535893715162964,2.320339276599779,3.2076802964472364,0.7402977965653321,0.9592574698827302,2.2558230995298207,3.6193304892429556,2.0945310755138897,1.0223435561400396,0.917646817592983,,2.633320830191674,1.358235070242377,0.7143101485618255,2.247448603968999,,,,,,,,,,,,2.7887198825124524,,,,,,,,,,,1.332381347566164,2.1478607634859745,1.3877600824590606,1.9854553031571915
2024-11-29,0.3104089727089424,2.118997656892351,0.8975454837175043,0.6093083762859738,1.9038831454633245,2.048031367093399,1.9991008427356922,4.011967703018423,2.228377713605443,1.533449954705659,1.692551900311404,1.7918896957263697,2.7334091082686616,1.3678169654859422,2.3756655175860044,2.674559666331104,1.6993225153333014,,3.010903380422718,1.583613743973712,0.036966524888993504,0.4888067721348121,0.7823618774731617,0.8105362556423819,2.073425122344098,,1.8130262142352045,0.9915265556773369,,,,,2.6810494235681444,3.9797875099777813,1.3246558567481481,2.672037568848309,2.3935987246629487,3.2747543103077668,0.8732778928905275,0.9971907452909035,2.391120671783608,3.54576971971711,2.15845889754605,0.9707709390937088,1.0015784511959824,,2.7533349484692953,1.3905100886799098,0.6094666569311429,2.375427412609757,,,,,,,,,,,,2.8625606565070356,,,,,,,,,,,1.433693721777769,2.292351783277244,1.4839446231732183,2.0709246673029598
2024-12-31,0.3411761760646556,2.0864390985414114,0.9134140553304692,0.6067624066702907,1.8311678859944673,1.8134357188007861,2.117171199427393,3.965831456135224,2.260249775039601,1.6873558564540179,1.7607001207325748,1.6608691597485754,2.7003233391506494,1.3325708568438681,2.2761144129087785,2.7988613227631363,1.7799632568554673,,3.088628357855528,1.6247459021978983,0.09168009926314913,0.5147956384727497,0.6640903261757399,0.7295233304906316,2.0812631401016604,,1.886824077848667,0.9588955668858596,,,,,2.480542316876923,3.9469595263505655,1.2348252925692573,2.721667019638473,2.262366461815423,3.1354761557411064,0.959596579549959,1.0819345245297767,2.340930945497593,3.208991599772612,2.118642360443458,0.9432018881877604,0.9689003234989124,,2.74735729419437,1.4015392152376613,0.5896184354059313,2.1883592948969537,,,,,,,,,,,,2.7780498689811424,,,,,,,,,,,1.3814926194900592,2.2099407783297225,1.4125824787503154,2.2723366363712354
2025-01-22,0.36926504584955916,2.139175385173987,0.9410905555901827,0.7140696066736372,1.8831542603623408,2.0226835489626325,2.1600049743921286,4.117197309474173,2.3548720950370066,1.7274481811570874,1.8012168156886077,1.6529545004545874,2.8110088484424423,1.5317923620542622,2.4032062222260833,2.801248927128189,1.8992232452313007,,3.1284447651684806,1.4455056608526289,0.10462341868816864,0.613753488645896,0.852838238515537,0.7439992975791321,2.076216278021016,,1.9267193701952177,0.9286313018498371,,,,,2.462609047929009,4.019477637399527,1.3919805590778693,2.542666227111536,2.4344263101819474,3.219093161217652,1.0547377367958652,1.0756433862632924,2.5455995410371197,3.251219383649655,2.135648876142946,0.9087730802549001,1.1121559611800313,,2.7994785372428477,1.4585729200956865,0.6103553137849813,2.2944739322523207,,,1.7024209656713793,,,,,,,,,2.9470092861754473,,,,,,,,,,,1.5123190982122954,2.1943310554077855,1.487062424977678,2.3693905368193593
2025-02-27,0.4543698435401475,2.195802353800692,1.0157222640158374,0.6473140696130123,1.9543364631293727,2.246541906814096,2.225994049772199,4.240249893669402,2.404830573689497,1.7627058535509978,1.8437470921856287,1.755213161097773,2.996461230571568,1.5195300740139142,2.5418056070560793,2.8949208885697844,2.1558673655075467,,3.2617224820123036,1.676083321544336,0.25270616828389997,0.7105136917952124,0.9577357212746378,0.7987960732859302,1.828552063810342,,2.1355461287362703,0.9149970559184337,,,,2.925097970016873,2.4070456036361088,4.060836193369194,1.370677307678501,2.6661043692301822,2.473806081938068,3.2992520663258946,1.276239138239598,1.153177565347901,2.798264847753454,3.2861531012657963,2.39317780244995,1.0029858748860823,1.335732161305748,,2.917269822479649,1.5569349187026396,0.7260877724943102,2.447338133530114,,,1.7631954295379346,,,,,,,,,3.063033871825128,,,,,,,,,,,1.6092663806031473,2.2086284163896566,1.5988925085702075,2.4413980371855843
2025-03-31,0.38434339831698683,2.1156617181969164,0.9678858237508793,0.6354887999638167,1.838678676081316,2.128042574695465,2.1010434564517015,4.047999049473286,2.3040010228053274,1.6532323309457087,1.6999279373662581,1.6876055521685556,2.9213798521313845,1.542136412699643,2.402470891583597,2.8455556657786216,1.948466610802638,,3.1713064480959314,1.5598663044079115,0.17255257963736859,0.616340165865441,0.8479977398322593,0.6726980671432051,1.5365647237518425,,2.00156628719955,0.9033883450811462,,,,2.899434298055905,2.321661408314136,3.8483154652884624,1.2265663278768129,2.4280611637054337,2.3310458749117826,3.1413486878854973,1.2346523503583184,1.1236397716870001,2.696016396023479,3.150404079459678,2.3497059064851498,0.7840941045941439,1.116006083931452,,2.734861538577539,1.350521270813589,0.6229864287099774,2.2865417599952087,,,1.6858322637937495,,,,,,,,,3.032775998391591,,,,,,,,,,,1.5816597223098727,2.0799926485005624,1.465175845643568,2.3794227067370377
2025-04-30,0.0717364980345995,2.3878007658868654,0.8923262175319693,0.6831591995620803,1.859355588830315,1.4264106511932966,1.590973301172657,2.901756211053162,2.1152142992737426,1.096576937274182,1.492717263469809,1.3254720037190868,2.7018085940767973,1.322752767850813,2.010079554756915,2.2161413659366977,1.6134326440756406,,3.0928741322726547,1.4587928189222163,-0.32157848600466754,0.694887708904874,0.3557291699988567,0.5286286441389783,0.7366670216179606,,1.5876858880404239,0.5234128926576572,,,,2.4655598291653713,1.3459096058693645,3.1613269495956593,0.9371238188155916,1.3486259698302194,2.111269496668531,3.489774076714735,0.868181003962745,0.9130870994885458,2.4839065070637742,2.4090447765670837,1.997948223419581,0.36082301724520666,0.6053450215755337,,2.190334596586279,1.0021043829755725,0.4881500802610651,2.263316433081381,,,0.8258098203038435,,,,,,,,,2.8110051184435116,,,,,,,,,,,1.0399831608489702,1.9772217939642436,1.0054192857049105,1.8485892727396214
2025-05-29,-0.25348447435716337,2.1068372129657176,0.7338436235201043,0.4136068391438784,1.715705221767418,1.2165525573304083,1.4678646566027882,2.605820372107486,1.8777848222058289,0.7547722755048272,1.0817175187632448,1.2521694216272314,2.386866008179705,1.420585046047945,1.8230964380962744,1.9910080521409839,1.3121985378636194,,2.9625332002463676,1.1864412101295072,-0.4442170031855571,0.5670878981416306,0.31507502313647523,0.12439067449455078,0.3042195585899209,,1.4329404874969118,0.14695718312862682,,,,2.5226138248459766,1.0550532295707076,3.0169095420093175,0.6696001418059364,1.0643205198808687,1.9533427885234151,3.395699869299277,0.5468539802605401,0.6276184361370293,2.2257859610607245,2.001035999391552,1.9582002150314206,0.15383213709900562,0.3730138332327893,,1.8927627308446284,0.9845709517246952,0.46193475106739323,2.1895713300554998,,,0.8933346800292153,,,,,,,,,2.77019419494487,,,,,,,,,,,0.8989786633127256,1.5654327959729006,0.9175694244518844,1.5456913079557169
2025-06-30,-0.3285020332469804,1.8442243212987188,0.6822671179269473,0.7304977153152195,1.7457313390730578,1.338767986046806,1.372055916297244,2.6516112752759793,1.868015272476087,0.6896364404468611,1.0703127285907095,1.2561838917624146,2.2961612385653267,1.4718840027593925,1.8192275251481618,1.851849552537548,1.2491620165612352,,3.002623582760744,1.1527548062265858,-0.5433245924509451,0.5861785297222082,0.6007883809515746,0.3731293831687121,0.23923773800327092,,1.4597605874217057,0.282508007288368,,,,2.528210318760268,1.0732825550212888,2.92372430407043,0.6567952164160089,1.018585945195196,2.022821546136291,3.3759876038236647,0.527983602008943,0.36553736868088793,2.1541083127274376,1.9941294718704219,1.9137727843803805,0.5588693678650326,0.4024807006816416,,1.8503985656720325,1.280416259274292,0.5015058110447157,2.302244082253075,,,0.9215448561600309,,,0.9407878953475425,,,,,,2.7283823515406525,,,,,,,,,,,0.8624867290910848,1.6825257882213387,0.8879438638140187,1.4960097926509512
2025-07-31,-0.2656480613523171,1.7961708375716974,0.5940325098915747,0.845170843079331,2.0631401694891354,1.2532147834491272,1.4994005910985022,2.8699550715760616,2.008707448709132,0.5919713725392315,1.0933931774150647,1.2818200963900257,2.1654294826804263,1.5479808970461062,1.9789054812290046,1.839073371720888,1.0737135624539775,,3.085237690911397,1.2710911254452193,-0.5109561769042503,0.5367735490815777,0.8236155793536354,0.28865893454937647,0.037853708696508434,,1.5377589194494565,0.27479474239594104,0.11805607311812095,,,2.6186973047765876,1.1678646624163438,2.9136727596918046,0.5598561379377681,1.1132798484368387,2.072883715747146,3.7862617739201823,0.5205162664932845,0.514752542814063,2.221075184936028,1.9110854343656505,1.8697816997785046,0.7040473645844851,0.5391071337390377,,1.911164373369187,1.2756727081577655,0.6122680280308994,2.3333070634496966,,,0.9017474317299534,,,0.9761032556184877,,,,,,2.7246136932307414,,,,,,,,,,,1.0544568439229858,1.8453194143945222,0.9614166353511675,1.5700649249559204
2025-08-29,-0.555530068708711,2.0536596239265332,0.528065283088523,0.8224331295744198,2.4372730521381327,1.353346470476382,1.7381430938721187,2.75791036003035,2.1450240327245855,0.47172131768647446,1.1510650701544853,1.5414744361731476,1.9913483211788754,1.697471355026355,2.176447176866227,1.8613004530977972,1.2630343022368526,,2.9113511235897223,1.0910137025755926,-0.5205400749000473,0.6510689433602038,0.9615426894016667,0.5049708246706688,-0.21891224722767844,,1.2970327678007927,0.23780770108679233,-0.0264307165471997,,,2.5793203603480515,1.2559319402115476,2.958225586753429,0.5183939252906422,1.2084195038121446,2.0373587899362087,3.706919768555465,0.7558684946093082,0.7461995813544677,2.115668472417235,1.5854276695621032,1.9784207302670085,0.8003833582896578,0.5258094463736308,,1.8666052059483154,1.2345470674542451,0.7351139137013747,2.5314943852008027,,,0.878543259248073,,,1.0623157510185928,,,,,,2.7290755186699958,,,,,,,,,,,1.168618324206161,2.2032881604802386,1.1565744392661677,1.6539023519604703
2025-09-30,-0.5215107009903137,1.4387068756600756,0.37605421721471566,0.8201422487552924,2.4782159148537155,1.2672627051299947,1.8653983890446724,2.7618186891863545,2.2182863971814872,0.5888949153891894,1.194213714353093,1.749071030023454,1.7833249692856254,1.4051555500581794,2.216101516852671,1.7622374089544792,1.3397324990733983,,2.6189149854297837,1.2878519006852898,0.10945532181876398,0.6802287398161272,1.0726570810549194,0.6072196359142044,-0.17942842217199725,,1.337022673602964,0.37900039457652296,0.01669756787776824,,,2.4458294809332166,0.9982816519762716,2.855311607899975,0.6351639518322657,1.1231096298727825,2.260878223468487,4.001328183477949,0.6077577770960295,0.8441235739016727,2.0434034771688814,1.3229100898411923,1.800792062407172,1.2027204092630916,0.5277018447401843,,1.8653726225255134,1.3500718194491488,0.9086529040631406,2.2457591408759887,,1.920100911044884,0.9299268565977651,,,1.0527362599067946,,,,,,2.7219361693427064,,,,,,,,,,,1.3837802723703243,2.6355711130331048,1.1512567601889063,1.8255134915676952
2025-10-31,-0.5275267910029016,1.5157881242560303,0.5453337330273236,0.8171165163576662,2.390323913422026,1.2303021867027442,1.7843551854345885,2.610063042969907,2.1622718308838693,0.557932369239628,1.1954965853517732,1.7094612410669254,1.7774082671712006,1.3545514728882484,1.9953401579022787,1.6351216819817234,1.2722429102346975,,2.4964570118248033,1.1628449665501353,-0.14245610817068755,0.6205693397645594,0.9794674274837941,0.692227282162967,-0.16734400829598794,,1.1787899708235068,0.8250980999095329,0.07085881520910693,,,2.435757556049336,0.841365206824715,2.555338431440989,0.634582841898736,1.0048397098002635,2.181442804553426,3.8089937683323827,0.3325570224867295,0.6980946317647796,2.0883566479710844,1.0241700187129177,1.7655240466655315,0.963808341965347,0.4196391777711127,,1.8034620280442346,1.2419793881852312,0.6832423613486077,2.2658031025546963,,1.6995327998741254,0.8830297371770099,2.4079509422097836,,1.0351903026004285,,,,,,2.7118708935777893,,,,,,,,,,,1.3337308480654033,2.444967637234814,1.134146955191138,1.8136419341704852
2025-11-28,-0.6302202570340999,1.4456843322555135,0.22758276563609672,0.9540660453500215,2.49411590783103,1.0290886574311071,1.6963451333214528,2.6358914237655275,2.0611873451208935,0.3991654151908169,1.2544140002057065,1.6459854876297269,1.8201830194328579,1.2404464674155413,1.8647057482222749,1.4213946690186863,1.2005244477445298,,2.637258844910498,1.1952248087852457,-0.2677028838039294,0.5474812392627133,0.9521770801175208,0.9288286841945955,-0.04416581063586262,,1.3305904014915646,0.8356276669637656,-0.07063014503717059,,,2.2849956193374794,0.8176789817634919,2.245864996856684,0.6135932825513696,0.6138791412038342,2.324101192466457,3.783056399120454,0.19568284053660912,0.9120209011238077,2.134431226897359,0.8708761418262608,1.4119103577383207,1.2560852680964776,0.5412250852184417,,1.8965670835770716,1.2567534641893623,0.5942125974098714,2.0266744968435857,,1.7344014112221549,0.8550222245698758,2.2298610983465257,-0.643734928379423,1.0059694097069514,,,,,,2.77085379781181,,,,,,,,,,,1.440917842515348,2.5195380552774367,1.1263807948415794,1.882651881007878
2025-12-31,-0.5664617939091934,1.5681639817468422,0.20383071911528033,0.9883177121879517,2.482702369434574,1.0519870129459818,1.6373958576499579,2.5853350785672324,2.1588818737127338,0.23833399699905733,1.1728623600138293,1.463816852592349,1.6909275869770615,1.0974090587084548,1.8528114790635661,1.479425658244623,1.245688215052683,,2.611226648112988,1.1241623381220494,-0.232534433677217,0.6139858922368516,0.8976607135041517,0.9388588457575461,-0.07728001540744055,,1.3931772856798894,0.6824992832033017,-0.13079862485396046,,,2.217988389454918,0.8639143126796848,2.2107417929183217,0.6280064663737875,0.6141391309525519,2.3481167025936402,3.799354487814819,0.28340488408543096,1.0843905555052036,2.172149860279666,0.8783821552782071,1.461509253699066,1.3556901222803168,0.4464231709291613,,1.982787607780889,1.2233167429214975,0.6568959638172558,1.9103875349923671,,1.8222664430886903,0.6342044500577619,2.2207429353389383,-0.7606042758254232,0.9906245518041735,,,,,,2.7080785168318107,,,,,,,,,,,1.4311668800444353,2.6001703611707043,1.087597759588137,1.7103083951901956
2026-01-30,-0.6250318078502478,1.517911627490418,0.26160437567875394,1.0967502574396988,2.5426678915637586,1.1425486986881626,1.8525926345113535,2.6394698990016026,2.279623559428558,0.09258148014365157,1.0032689856912074,1.440447211751541,1.4746134867962766,1.2382964663978988,1.7643939527575518,1.3563814277446455,1.0734242990182252,,2.684821384583967,0.9734715795002684,-0.1265046714141826,0.2750216820552847,0.846987292043662,0.8218541033891231,-0.05171351759715116,,1.488525913603956,0.7223846679253948,0.011154030033893448,,,2.2002168053973894,0.9951561074168916,2.2510487839139097,0.7485564469785752,0.3180245913434157,2.2715422406863293,3.8246873548836695,0.4285080465300741,1.0170174215395573,1.8034750922379432,1.0447029979610623,1.6146888358181724,1.4602192979591972,0.42258378591176926,,2.031634506415164,1.2038558165781856,0.8248744614203569,1.7631534408908818,,1.7018718918441846,0.36233263584584063,2.15210556962881,-0.8814527870791905,0.9275577493251059,,,,,,2.6930635896405875,,,,,,,,,,,1.4292155712524546,2.3624928935962295,1.0839208734369619,1.686404597244193
2026-02-26,-0.8415721054981484,1.3830310127979797,0.21102395990434294,0.9559009459851557,2.5215456076321283,0.9502107005499406,1.7016907144409406,2.671959674268263,2.2891439753216747,-0.08229091085997581,0.8848861619867887,1.447585563124076,1.4207791666818013,1.0632483437751474,1.7203876755214145,1.3483095705962997,0.9663628460145468,,2.466419490443266,0.9505495899383773,-0.22451323649184887,0.2976561705599831,0.8369509402135049,0.7529941585138532,-0.10678576489154681,,1.3994874653623404,0.9285031905009087,-0.01404813427076587,,,2.1527782804964546,0.8496292405433796,2.0611514536607216,0.6341614968483744,0.32011306222402713,2.2522606237700606,3.7706493795164806,0.3367239985653528,0.9362480509595887,1.6522449100842134,0.9066281646150604,1.5037178115923218,1.4051802147939647,0.44662514926332686,,1.9397593207411714,1.164805568479783,0.48366167479870237,1.6239355944506428,,1.7371211231188404,0.21889274164606712,2.144333775088047,-0.8837070621631368,0.8915216171576403,,,,,,2.7152411841346846,,,,,,,,,,,1.4181170406050736,2.1530942082711815,1.0532809513695585,1.6239429669626237
2026-03-31,-0.4174370948886101,1.4650327470181685,0.4067525340618389,1.1466080360166724,2.4095496751009886,0.9093303739031776,1.6642096383766136,2.703422877727114,2.287020469688031,0.14454119030889673,1.1635778190295527,1.1681001741343215,1.3766698387502152,1.2569028910190665,1.9619350105074755,1.2294631731066203,0.9395358635698303,,2.6135583824526525,1.1103093417603171,-0.10612746820260167,0.6818108166269132,0.7537539788811791,0.8193774985919867,-0.041525070748710716,,1.7158955911463771,1.4365510879188965,0.16702855225471208,,,2.202400211763441,0.9565354276686078,1.9958209035365628,0.7547352932879781,0.4222014428000587,2.448985812676413,3.7145539446365192,0.4148083925697595,1.1902933581277446,1.6630794124954404,1.0088180728839007,1.521041312071913,1.704695819975605,0.5141976854670924,,1.9797716739619993,1.3083886574658368,0.32542043972340917,1.7150143264838866,,1.83605933129212,0.21564990463632236,2.1820615060547826,-0.7025711160539947,0.9049491894174289,,,,,,2.6921395193910205,,,,,,,,,,,1.844698601572577,2.420698938124635,1.218270601482786,1.8857715448631245
2026-04-30,0.026203041698813063,1.2436513549010835,0.4372783160917872,0.9683297583736825,2.1485789473676924,0.9162073566090257,1.2734374356963236,2.031948677986945,2.357474501109563,-0.029261259939078663,1.028540208947059,0.9064908125740412,0.6790664000892912,0.8991194747831304,2.0853233623194893,1.0228879060360485,0.7757779621549742,,2.2102490184739816,1.1247620466666415,0.102815313766149,0.6086946221994719,0.8493471990696081,1.2277283268040393,0.09483903278343547,,1.883468151221974,1.413124856940036,0.033172045675515315,,,2.3542734658133058,0.9137758689943216,1.5520339131834213,0.5704535706479977,0.6166816398309198,2.2381578840902603,3.5748451570870112,0.24669507127216636,0.7676690102842029,1.4645419219826872,0.965573530370586,1.3956332585935143,1.6504740246013496,0.4922663456668943,,1.719790399600558,1.1565816214321758,0.10610402006680816,1.2584263544409282,,2.218938644118211,0.46835981602979115,2.2279502601559953,-0.5329265831379074,1.551527069322943,,,,,,2.634748289974112,,,,,,,,,,,1.620427651138797,2.1634479047773554,0.9833560194521791,2.277462972819792
