date,Full_EW_net,Full_EW_timed_net,TopN5_net,TopN5_timed_net,TopN10_net,TopN10_timed_net,TopN15_net,TopN15_timed_net,TopN20_net,TopN20_timed_net
2007-04-24,0.0,0.0,0.0,0.0,0.0,0.0,0.0,0.0,0.0,0.0
2007-04-25,0.0,0.0,0.0,0.0,0.0,0.0,0.0,0.0,0.0,0.0
2007-04-26,0.0,0.0,0.0,0.0,0.0,0.0,0.0,0.0,0.0,0.0
2007-04-27,0.0,0.0,0.0,0.0,0.0,0.0,0.0,0.0,0.0,0.0
2007-04-30,0.0,0.0,0.0,0.0,0.0,0.0,0.0,0.0,0.0,0.0
2007-05-02,0.0,0.0,0.0,0.0,0.0,0.0,0.0,0.0,0.0,0.0
2007-05-03,0.0,0.0,0.0,0.0,0.0,0.0,0.0,0.0,0.0,0.0
2007-05-04,0.0,0.0,0.0,0.0,0.0,0.0,0.0,0.0,0.0,0.0
2007-05-07,0.0,0.0,0.0,0.0,0.0,0.0,0.0,0.0,0.0,0.0
2007-05-08,0.0,0.0,0.0,0.0,0.0,0.0,0.0,0.0,0.0,0.0
2007-05-09,0.0,0.0,0.0,0.0,0.0,0.0,0.0,0.0,0.0,0.0
2007-05-10,0.0,0.0,0.0,0.0,0.0,0.0,0.0,0.0,0.0,0.0
2007-05-11,0.0,0.0,0.0,0.0,0.0,0.0,0.0,0.0,0.0,0.0
2007-05-14,0.0,0.0,0.0,0.0,0.0,0.0,0.0,0.0,0.0,0.0
2007-05-15,0.0,0.0,0.0,0.0,0.0,0.0,0.0,0.0,0.0,0.0
2007-05-16,0.0,0.0,0.0,0.0,0.0,0.0,0.0,0.0,0.0,0.0
2007-05-17,0.0,0.0,0.0,0.0,0.0,0.0,0.0,0.0,0.0,0.0
2007-05-18,0.0,0.0,0.0,0.0,0.0,0.0,0.0,0.0,0.0,0.0
2007-05-21,0.0,0.0,0.0,0.0,0.0,0.0,0.0,0.0,0.0,0.0
2007-05-22,0.0,0.0,0.0,0.0,0.0,0.0,0.0,0.0,0.0,0.0
2007-05-23,0.0,0.0,0.0,0.0,0.0,0.0,0.0,0.0,0.0,0.0
2007-05-24,0.0,0.0,0.0,0.0,0.0,0.0,0.0,0.0,0.0,0.0
2007-05-25,0.0,0.0,0.0,0.0,0.0,0.0,0.0,0.0,0.0,0.0
2007-05-28,0.0,0.0,0.0,0.0,0.0,0.0,0.0,0.0,0.0,0.0
2007-05-29,0.0,0.0,0.0,0.0,0.0,0.0,0.0,0.0,0.0,0.0
2007-05-30,0.0,0.0,0.0,0.0,0.0,0.0,0.0,0.0,0.0,0.0
2007-05-31,0.0,0.0,0.0,0.0,0.0,0.0,0.0,0.0,0.0,0.0
2007-06-01,0.0,0.0,0.0,0.0,0.0,0.0,0.0,0.0,0.0,0.0
2007-06-04,0.0,0.0,0.0,0.0,0.0,0.0,0.0,0.0,0.0,0.0
2007-06-05,0.0,0.0,0.0,0.0,0.0,0.0,0.0,0.0,0.0,0.0
2007-06-06,0.0,0.0,0.0,0.0,0.0,0.0,0.0,0.0,0.0,0.0
2007-06-07,0.0,0.0,0.0,0.0,0.0,0.0,0.0,0.0,0.0,0.0
2007-06-08,0.0,0.0,0.0,0.0,0.0,0.0,0.0,0.0,0.0,0.0
2007-06-11,0.0,0.0,0.0,0.0,0.0,0.0,0.0,0.0,0.0,0.0
2007-06-12,0.0,0.0,0.0,0.0,0.0,0.0,0.0,0.0,0.0,0.0
2007-06-13,0.0,0.0,0.0,0.0,0.0,0.0,0.0,0.0,0.0,0.0
2007-06-14,0.0,0.0,0.0,0.0,0.0,0.0,0.0,0.0,0.0,0.0
2007-06-15,0.0,0.0,0.0,0.0,0.0,0.0,0.0,0.0,0.0,0.0
2007-06-20,0.0,0.0,0.0,0.0,0.0,0.0,0.0,0.0,0.0,0.0
2007-06-21,0.0,0.0,0.0,0.0,0.0,0.0,0.0,0.0,0.0,0.0
2007-06-22,0.0,0.0,0.0,0.0,0.0,0.0,0.0,0.0,0.0,0.0
2007-06-23,0.0,0.0,0.0,0.0,0.0,0.0,0.0,0.0,0.0,0.0
2007-06-25,0.0,0.0,0.0,0.0,0.0,0.0,0.0,0.0,0.0,0.0
2007-06-26,0.0,0.0,0.0,0.0,0.0,0.0,0.0,0.0,0.0,0.0
2007-06-27,0.0,0.0,0.0,0.0,0.0,0.0,0.0,0.0,0.0,0.0
2007-06-28,0.0,0.0,0.0,0.0,0.0,0.0,0.0,0.0,0.0,0.0
2007-06-29,0.0,0.0,0.0,0.0,0.0,0.0,0.0,0.0,0.0,0.0
2007-07-02,0.0,0.0,0.0,0.0,0.0,0.0,0.0,0.0,0.0,0.0
2007-07-03,0.0,0.0,0.0,0.0,0.0,0.0,0.0,0.0,0.0,0.0
2007-07-04,0.0,0.0,0.0,0.0,0.0,0.0,0.0,0.0,0.0,0.0
2007-07-05,0.0,0.0,0.0,0.0,0.0,0.0,0.0,0.0,0.0,0.0
2007-07-06,0.0,0.0,0.0,0.0,0.0,0.0,0.0,0.0,0.0,0.0
2007-07-09,0.0,0.0,0.0,0.0,0.0,0.0,0.0,0.0,0.0,0.0
2007-07-10,0.0,0.0,0.0,0.0,0.0,0.0,0.0,0.0,0.0,0.0
2007-07-11,0.0,0.0,0.0,0.0,0.0,0.0,0.0,0.0,0.0,0.0
2007-07-12,0.0,0.0,0.0,0.0,0.0,0.0,0.0,0.0,0.0,0.0
2007-07-13,0.0,0.0,0.0,0.0,0.0,0.0,0.0,0.0,0.0,0.0
2007-07-16,0.0,0.0,0.0,0.0,0.0,0.0,0.0,0.0,0.0,0.0
2007-07-17,0.0,0.0,0.0,0.0,0.0,0.0,0.0,0.0,0.0,0.0
2007-07-18,0.0,0.0,0.0,0.0,0.0,0.0,0.0,0.0,0.0,0.0
2007-07-19,0.0,0.0,0.0,0.0,0.0,0.0,0.0,0.0,0.0,0.0
2007-07-20,0.0,0.0,0.0,0.0,0.0,0.0,0.0,0.0,0.0,0.0
2007-07-23,0.0,0.0,0.0,0.0,0.0,0.0,0.0,0.0,0.0,0.0
2007-07-24,0.0,0.0,0.0,0.0,0.0,0.0,0.0,0.0,0.0,0.0
2007-07-25,0.0,0.0,0.0,0.0,0.0,0.0,0.0,0.0,0.0,0.0
2007-07-26,0.0,0.0,0.0,0.0,0.0,0.0,0.0,0.0,0.0,0.0
2007-07-27,0.0,0.0,0.0,0.0,0.0,0.0,0.0,0.0,0.0,0.0
2007-07-30,0.0,0.0,0.0,0.0,0.0,0.0,0.0,0.0,0.0,0.0
2007-07-31,0.0,0.0,0.0,0.0,0.0,0.0,0.0,0.0,0.0,0.0
2007-08-01,0.0,0.0,0.0,0.0,0.0,0.0,0.0,0.0,0.0,0.0
2007-08-02,0.0,0.0,0.0,0.0,0.0,0.0,0.0,0.0,0.0,0.0
2007-08-03,0.0,0.0,0.0,0.0,0.0,0.0,0.0,0.0,0.0,0.0
2007-08-06,0.0,0.0,0.0,0.0,0.0,0.0,0.0,0.0,0.0,0.0
2007-08-07,0.0,0.0,0.0,0.0,0.0,0.0,0.0,0.0,0.0,0.0
2007-08-08,0.0,0.0,0.0,0.0,0.0,0.0,0.0,0.0,0.0,0.0
2007-08-09,0.0,0.0,0.0,0.0,0.0,0.0,0.0,0.0,0.0,0.0
2007-08-10,0.0,0.0,0.0,0.0,0.0,0.0,0.0,0.0,0.0,0.0
2007-08-13,0.0,0.0,0.0,0.0,0.0,0.0,0.0,0.0,0.0,0.0
2007-08-14,0.0,0.0,0.0,0.0,0.0,0.0,0.0,0.0,0.0,0.0
2007-08-15,0.0,0.0,0.0,0.0,0.0,0.0,0.0,0.0,0.0,0.0
2007-08-16,0.0,0.0,0.0,0.0,0.0,0.0,0.0,0.0,0.0,0.0
2007-08-17,0.0,0.0,0.0,0.0,0.0,0.0,0.0,0.0,0.0,0.0
2007-08-20,0.0,0.0,0.0,0.0,0.0,0.0,0.0,0.0,0.0,0.0
2007-08-21,0.0,0.0,0.0,0.0,0.0,0.0,0.0,0.0,0.0,0.0
2007-08-22,0.0,0.0,0.0,0.0,0.0,0.0,0.0,0.0,0.0,0.0
2007-08-23,0.0,0.0,0.0,0.0,0.0,0.0,0.0,0.0,0.0,0.0
2007-08-24,0.0,0.0,0.0,0.0,0.0,0.0,0.0,0.0,0.0,0.0
2007-08-27,0.0,0.0,0.0,0.0,0.0,0.0,0.0,0.0,0.0,0.0
2007-08-28,0.0,0.0,0.0,0.0,0.0,0.0,0.0,0.0,0.0,0.0
2007-08-29,0.0,0.0,0.0,0.0,0.0,0.0,0.0,0.0,0.0,0.0
2007-08-30,0.0,0.0,0.0,0.0,0.0,0.0,0.0,0.0,0.0,0.0
2007-08-31,0.0,0.0,0.0,0.0,0.0,0.0,0.0,0.0,0.0,0.0
2007-09-03,0.0,0.0,0.0,0.0,0.0,0.0,0.0,0.0,0.0,0.0
2007-09-04,0.0,0.0,0.0,0.0,0.0,0.0,0.0,0.0,0.0,0.0
2007-09-05,0.0,0.0,0.0,0.0,0.0,0.0,0.0,0.0,0.0,0.0
2007-09-06,0.0,0.0,0.0,0.0,0.0,0.0,0.0,0.0,0.0,0.0
2007-09-07,0.0,0.0,0.0,0.0,0.0,0.0,0.0,0.0,0.0,0.0
2007-09-10,0.0,0.0,0.0,0.0,0.0,0.0,0.0,0.0,0.0,0.0
2007-09-11,0.0,0.0,0.0,0.0,0.0,0.0,0.0,0.0,0.0,0.0
2007-09-12,0.0,0.0,0.0,0.0,0.0,0.0,0.0,0.0,0.0,0.0
2007-09-13,0.0,0.0,0.0,0.0,0.0,0.0,0.0,0.0,0.0,0.0
2007-09-14,0.0,0.0,0.0,0.0,0.0,0.0,0.0,0.0,0.0,0.0
2007-09-17,0.0,0.0,0.0,0.0,0.0,0.0,0.0,0.0,0.0,0.0
2007-09-19,0.0,0.0,0.0,0.0,0.0,0.0,0.0,0.0,0.0,0.0
2007-09-20,0.0,0.0,0.0,0.0,0.0,0.0,0.0,0.0,0.0,0.0
2007-09-21,0.0,0.0,0.0,0.0,0.0,0.0,0.0,0.0,0.0,0.0
2007-09-26,0.0,0.0,0.0,0.0,0.0,0.0,0.0,0.0,0.0,0.0
2007-09-27,0.0,0.0,0.0,0.0,0.0,0.0,0.0,0.0,0.0,0.0
2007-09-28,0.0,0.0,0.0,0.0,0.0,0.0,0.0,0.0,0.0,0.0
2007-09-29,0.0,0.0,0.0,0.0,0.0,0.0,0.0,0.0,0.0,0.0
2007-10-01,0.0,0.0,0.0,0.0,0.0,0.0,0.0,0.0,0.0,0.0
2007-10-02,0.0,0.0,0.0,0.0,0.0,0.0,0.0,0.0,0.0,0.0
2007-10-03,0.0,0.0,0.0,0.0,0.0,0.0,0.0,0.0,0.0,0.0
2007-10-04,0.0,0.0,0.0,0.0,0.0,0.0,0.0,0.0,0.0,0.0
2007-10-05,0.0,0.0,0.0,0.0,0.0,0.0,0.0,0.0,0.0,0.0
2007-10-08,0.0,0.0,0.0,0.0,0.0,0.0,0.0,0.0,0.0,0.0
2007-10-09,0.0,0.0,0.0,0.0,0.0,0.0,0.0,0.0,0.0,0.0
2007-10-11,0.0,0.0,0.0,0.0,0.0,0.0,0.0,0.0,0.0,0.0
2007-10-12,0.0,0.0,0.0,0.0,0.0,0.0,0.0,0.0,0.0,0.0
2007-10-15,0.0,0.0,0.0,0.0,0.0,0.0,0.0,0.0,0.0,0.0
2007-10-16,0.0,0.0,0.0,0.0,0.0,0.0,0.0,0.0,0.0,0.0
2007-10-17,0.0,0.0,0.0,0.0,0.0,0.0,0.0,0.0,0.0,0.0
2007-10-18,0.0,0.0,0.0,0.0,0.0,0.0,0.0,0.0,0.0,0.0
2007-10-19,0.0,0.0,0.0,0.0,0.0,0.0,0.0,0.0,0.0,0.0
2007-10-22,0.0,0.0,0.0,0.0,0.0,0.0,0.0,0.0,0.0,0.0
2007-10-23,0.0,0.0,0.0,0.0,0.0,0.0,0.0,0.0,0.0,0.0
2007-10-24,0.0,0.0,0.0,0.0,0.0,0.0,0.0,0.0,0.0,0.0
2007-10-25,0.0,0.0,0.0,0.0,0.0,0.0,0.0,0.0,0.0,0.0
2007-10-26,0.0,0.0,0.0,0.0,0.0,0.0,0.0,0.0,0.0,0.0
2007-10-29,0.0,0.0,0.0,0.0,0.0,0.0,0.0,0.0,0.0,0.0
2007-10-30,0.0,0.0,0.0,0.0,0.0,0.0,0.0,0.0,0.0,0.0
2007-10-31,0.0,0.0,0.0,0.0,0.0,0.0,0.0,0.0,0.0,0.0
2007-11-01,0.0,0.0,0.0,0.0,0.0,0.0,0.0,0.0,0.0,0.0
2007-11-02,0.0,0.0,0.0,0.0,0.0,0.0,0.0,0.0,0.0,0.0
2007-11-05,0.0,0.0,0.0,0.0,0.0,0.0,0.0,0.0,0.0,0.0
2007-11-06,0.0,0.0,0.0,0.0,0.0,0.0,0.0,0.0,0.0,0.0
2007-11-07,0.0,0.0,0.0,0.0,0.0,0.0,0.0,0.0,0.0,0.0
2007-11-08,0.0,0.0,0.0,0.0,0.0,0.0,0.0,0.0,0.0,0.0
2007-11-09,0.0,0.0,0.0,0.0,0.0,0.0,0.0,0.0,0.0,0.0
2007-11-12,0.0,0.0,0.0,0.0,0.0,0.0,0.0,0.0,0.0,0.0
2007-11-13,0.0,0.0,0.0,0.0,0.0,0.0,0.0,0.0,0.0,0.0
2007-11-14,0.0,0.0,0.0,0.0,0.0,0.0,0.0,0.0,0.0,0.0
2007-11-15,0.0,0.0,0.0,0.0,0.0,0.0,0.0,0.0,0.0,0.0
2007-11-16,0.0,0.0,0.0,0.0,0.0,0.0,0.0,0.0,0.0,0.0
2007-11-19,0.0,0.0,0.0,0.0,0.0,0.0,0.0,0.0,0.0,0.0
2007-11-20,0.0,0.0,0.0,0.0,0.0,0.0,0.0,0.0,0.0,0.0
2007-11-21,0.0,0.0,0.0,0.0,0.0,0.0,0.0,0.0,0.0,0.0
2007-11-22,0.0,0.0,0.0,0.0,0.0,0.0,0.0,0.0,0.0,0.0
2007-11-23,0.0,0.0,0.0,0.0,0.0,0.0,0.0,0.0,0.0,0.0
2007-11-26,0.0,0.0,0.0,0.0,0.0,0.0,0.0,0.0,0.0,0.0
2007-11-27,0.0,0.0,0.0,0.0,0.0,0.0,0.0,0.0,0.0,0.0
2007-11-28,0.0,0.0,0.0,0.0,0.0,0.0,0.0,0.0,0.0,0.0
2007-11-29,0.0,0.0,0.0,0.0,0.0,0.0,0.0,0.0,0.0,0.0
2007-11-30,0.0,0.0,0.0,0.0,0.0,0.0,0.0,0.0,0.0,0.0
2007-12-03,0.0,0.0,0.0,0.0,0.0,0.0,0.0,0.0,0.0,0.0
2007-12-04,0.0,0.0,0.0,0.0,0.0,0.0,0.0,0.0,0.0,0.0
2007-12-05,0.0,0.0,0.0,0.0,0.0,0.0,0.0,0.0,0.0,0.0
2007-12-06,0.0,0.0,0.0,0.0,0.0,0.0,0.0,0.0,0.0,0.0
2007-12-07,0.0,0.0,0.0,0.0,0.0,0.0,0.0,0.0,0.0,0.0
2007-12-10,0.0,0.0,0.0,0.0,0.0,0.0,0.0,0.0,0.0,0.0
2007-12-11,0.0,0.0,0.0,0.0,0.0,0.0,0.0,0.0,0.0,0.0
2007-12-12,0.0,0.0,0.0,0.0,0.0,0.0,0.0,0.0,0.0,0.0
2007-12-13,0.0,0.0,0.0,0.0,0.0,0.0,0.0,0.0,0.0,0.0
2007-12-14,0.0,0.0,0.0,0.0,0.0,0.0,0.0,0.0,0.0,0.0
2007-12-17,0.0,0.0,0.0,0.0,0.0,0.0,0.0,0.0,0.0,0.0
2007-12-18,0.0,0.0,0.0,0.0,0.0,0.0,0.0,0.0,0.0,0.0
2007-12-19,0.0,0.0,0.0,0.0,0.0,0.0,0.0,0.0,0.0,0.0
2007-12-20,0.0,0.0,0.0,0.0,0.0,0.0,0.0,0.0,0.0,0.0
2007-12-21,0.0,0.0,0.0,0.0,0.0,0.0,0.0,0.0,0.0,0.0
2007-12-24,0.0,0.0,0.0,0.0,0.0,0.0,0.0,0.0,0.0,0.0
2007-12-25,0.0,0.0,0.0,0.0,0.0,0.0,0.0,0.0,0.0,0.0
2007-12-26,0.0,0.0,0.0,0.0,0.0,0.0,0.0,0.0,0.0,0.0
2007-12-27,0.0,0.0,0.0,0.0,0.0,0.0,0.0,0.0,0.0,0.0
2007-12-28,0.0,0.0,0.0,0.0,0.0,0.0,0.0,0.0,0.0,0.0
2007-12-31,0.0,0.0,0.0,0.0,0.0,0.0,0.0,0.0,0.0,0.0
2008-01-02,0.0,0.0,0.0,0.0,0.0,0.0,0.0,0.0,0.0,0.0
2008-01-03,0.0,0.0,0.0,0.0,0.0,0.0,0.0,0.0,0.0,0.0
2008-01-04,0.0,0.0,0.0,0.0,0.0,0.0,0.0,0.0,0.0,0.0
2008-01-07,0.0,0.0,0.0,0.0,0.0,0.0,0.0,0.0,0.0,0.0
2008-01-08,0.0,0.0,0.0,0.0,0.0,0.0,0.0,0.0,0.0,0.0
2008-01-09,0.0,0.0,0.0,0.0,0.0,0.0,0.0,0.0,0.0,0.0
2008-01-10,0.0,0.0,0.0,0.0,0.0,0.0,0.0,0.0,0.0,0.0
2008-01-11,0.0,0.0,0.0,0.0,0.0,0.0,0.0,0.0,0.0,0.0
2008-01-14,0.0,0.0,0.0,0.0,0.0,0.0,0.0,0.0,0.0,0.0
2008-01-15,0.0,0.0,0.0,0.0,0.0,0.0,0.0,0.0,0.0,0.0
2008-01-16,0.0,0.0,0.0,0.0,0.0,0.0,0.0,0.0,0.0,0.0
2008-01-17,0.0,0.0,0.0,0.0,0.0,0.0,0.0,0.0,0.0,0.0
2008-01-18,0.0,0.0,0.0,0.0,0.0,0.0,0.0,0.0,0.0,0.0
2008-01-21,0.0,0.0,0.0,0.0,0.0,0.0,0.0,0.0,0.0,0.0
2008-01-22,0.0,0.0,0.0,0.0,0.0,0.0,0.0,0.0,0.0,0.0
2008-01-23,0.0,0.0,0.0,0.0,0.0,0.0,0.0,0.0,0.0,0.0
2008-01-24,0.0,0.0,0.0,0.0,0.0,0.0,0.0,0.0,0.0,0.0
2008-01-25,0.0,0.0,0.0,0.0,0.0,0.0,0.0,0.0,0.0,0.0
2008-01-28,0.0,0.0,0.0,0.0,0.0,0.0,0.0,0.0,0.0,0.0
2008-01-29,0.0,0.0,0.0,0.0,0.0,0.0,0.0,0.0,0.0,0.0
2008-01-30,0.0,0.0,0.0,0.0,0.0,0.0,0.0,0.0,0.0,0.0
2008-01-31,0.0,0.0,0.0,0.0,0.0,0.0,0.0,0.0,0.0,0.0
2008-02-01,0.0,0.0,0.0,0.0,0.0,0.0,0.0,0.0,0.0,0.0
2008-02-12,0.0,0.0,0.0,0.0,0.0,0.0,0.0,0.0,0.0,0.0
2008-02-13,0.0,0.0,0.0,0.0,0.0,0.0,0.0,0.0,0.0,0.0
2008-02-14,0.0,0.0,0.0,0.0,0.0,0.0,0.0,0.0,0.0,0.0
2008-02-15,0.0,0.0,0.0,0.0,0.0,0.0,0.0,0.0,0.0,0.0
2008-02-18,0.0,0.0,0.0,0.0,0.0,0.0,0.0,0.0,0.0,0.0
2008-02-19,0.0,0.0,0.0,0.0,0.0,0.0,0.0,0.0,0.0,0.0
2008-02-20,0.0,0.0,0.0,0.0,0.0,0.0,0.0,0.0,0.0,0.0
2008-02-21,0.0,0.0,0.0,0.0,0.0,0.0,0.0,0.0,0.0,0.0
2008-02-22,0.0,0.0,0.0,0.0,0.0,0.0,0.0,0.0,0.0,0.0
2008-02-25,0.0,0.0,0.0,0.0,0.0,0.0,0.0,0.0,0.0,0.0
2008-02-26,0.0,0.0,0.0,0.0,0.0,0.0,0.0,0.0,0.0,0.0
2008-02-27,0.0,0.0,0.0,0.0,0.0,0.0,0.0,0.0,0.0,0.0
2008-02-29,0.0,0.0,0.0,0.0,0.0,0.0,0.0,0.0,0.0,0.0
2008-03-03,0.0,0.0,0.0,0.0,0.0,0.0,0.0,0.0,0.0,0.0
2008-03-04,0.0,0.0,0.0,0.0,0.0,0.0,0.0,0.0,0.0,0.0
2008-03-05,0.0,0.0,0.0,0.0,0.0,0.0,0.0,0.0,0.0,0.0
2008-03-06,0.0,0.0,0.0,0.0,0.0,0.0,0.0,0.0,0.0,0.0
2008-03-07,0.0,0.0,0.0,0.0,0.0,0.0,0.0,0.0,0.0,0.0
2008-03-10,0.0,0.0,0.0,0.0,0.0,0.0,0.0,0.0,0.0,0.0
2008-03-11,0.0,0.0,0.0,0.0,0.0,0.0,0.0,0.0,0.0,0.0
2008-03-12,0.0,0.0,0.0,0.0,0.0,0.0,0.0,0.0,0.0,0.0
2008-03-13,0.0,0.0,0.0,0.0,0.0,0.0,0.0,0.0,0.0,0.0
2008-03-14,0.0,0.0,0.0,0.0,0.0,0.0,0.0,0.0,0.0,0.0
2008-03-17,0.0,0.0,0.0,0.0,0.0,0.0,0.0,0.0,0.0,0.0
2008-03-18,0.0,0.0,0.0,0.0,0.0,0.0,0.0,0.0,0.0,0.0
2008-03-19,0.0,0.0,0.0,0.0,0.0,0.0,0.0,0.0,0.0,0.0
2008-03-20,0.0,0.0,0.0,0.0,0.0,0.0,0.0,0.0,0.0,0.0
2008-03-21,0.0,0.0,0.0,0.0,0.0,0.0,0.0,0.0,0.0,0.0
2008-03-24,0.0,0.0,0.0,0.0,0.0,0.0,0.0,0.0,0.0,0.0
2008-03-25,0.0,0.0,0.0,0.0,0.0,0.0,0.0,0.0,0.0,0.0
2008-03-26,0.0,0.0,0.0,0.0,0.0,0.0,0.0,0.0,0.0,0.0
2008-03-27,0.0,0.0,0.0,0.0,0.0,0.0,0.0,0.0,0.0,0.0
2008-03-28,0.0,0.0,0.0,0.0,0.0,0.0,0.0,0.0,0.0,0.0
2008-03-31,0.0,0.0,0.0,0.0,0.0,0.0,0.0,0.0,0.0,0.0
2008-04-01,0.0,0.0,0.0,0.0,0.0,0.0,0.0,0.0,0.0,0.0
2008-04-02,0.0,0.0,0.0,0.0,0.0,0.0,0.0,0.0,0.0,0.0
2008-04-03,0.0,0.0,0.0,0.0,0.0,0.0,0.0,0.0,0.0,0.0
2008-04-07,0.0,0.0,0.0,0.0,0.0,0.0,0.0,0.0,0.0,0.0
2008-04-08,0.0,0.0,0.0,0.0,0.0,0.0,0.0,0.0,0.0,0.0
2008-04-09,0.0,0.0,0.0,0.0,0.0,0.0,0.0,0.0,0.0,0.0
2008-04-10,0.0,0.0,0.0,0.0,0.0,0.0,0.0,0.0,0.0,0.0
2008-04-11,0.0,0.0,0.0,0.0,0.0,0.0,0.0,0.0,0.0,0.0
2008-04-14,0.0,0.0,0.0,0.0,0.0,0.0,0.0,0.0,0.0,0.0
2008-04-15,0.0,0.0,0.0,0.0,0.0,0.0,0.0,0.0,0.0,0.0
2008-04-16,0.0,0.0,0.0,0.0,0.0,0.0,0.0,0.0,0.0,0.0
2008-04-17,0.0,0.0,0.0,0.0,0.0,0.0,0.0,0.0,0.0,0.0
2008-04-18,0.0,0.0,0.0,0.0,0.0,0.0,0.0,0.0,0.0,0.0
2008-04-21,0.0,0.0,0.0,0.0,0.0,0.0,0.0,0.0,0.0,0.0
2008-04-22,0.0,0.0,0.0,0.0,0.0,0.0,0.0,0.0,0.0,0.0
2008-04-23,0.0,0.0,0.0,0.0,0.0,0.0,0.0,0.0,0.0,0.0
2008-04-24,0.0,0.0,0.0,0.0,0.0,0.0,0.0,0.0,0.0,0.0
2008-04-25,0.0,0.0,0.0,0.0,0.0,0.0,0.0,0.0,0.0,0.0
2008-04-28,0.0,0.0,0.0,0.0,0.0,0.0,0.0,0.0,0.0,0.0
2008-04-29,0.0,0.0,0.0,0.0,0.0,0.0,0.0,0.0,0.0,0.0
2008-04-30,0.0,0.0,0.0,0.0,0.0,0.0,0.0,0.0,0.0,0.0
2008-05-02,0.0,0.0,0.0,0.0,0.0,0.0,0.0,0.0,0.0,0.0
2008-05-05,0.0,0.0,0.0,0.0,0.0,0.0,0.0,0.0,0.0,0.0
2008-05-06,0.0,0.0,0.0,0.0,0.0,0.0,0.0,0.0,0.0,0.0
2008-05-07,0.0,0.0,0.0,0.0,0.0,0.0,0.0,0.0,0.0,0.0
2008-05-08,0.0,0.0,0.0,0.0,0.0,0.0,0.0,0.0,0.0,0.0
2008-05-09,0.0,0.0,0.0,0.0,0.0,0.0,0.0,0.0,0.0,0.0
2008-05-12,0.0,0.0,0.0,0.0,0.0,0.0,0.0,0.0,0.0,0.0
2008-05-13,0.0,0.0,0.0,0.0,0.0,0.0,0.0,0.0,0.0,0.0
2008-05-14,0.0,0.0,0.0,0.0,0.0,0.0,0.0,0.0,0.0,0.0
2008-05-15,0.0,0.0,0.0,0.0,0.0,0.0,0.0,0.0,0.0,0.0
2008-05-16,0.0,0.0,0.0,0.0,0.0,0.0,0.0,0.0,0.0,0.0
2008-05-19,0.0,0.0,0.0,0.0,0.0,0.0,0.0,0.0,0.0,0.0
2008-05-20,0.0,0.0,0.0,0.0,0.0,0.0,0.0,0.0,0.0,0.0
2008-05-21,0.0,0.0,0.0,0.0,0.0,0.0,0.0,0.0,0.0,0.0
2008-05-22,0.0,0.0,0.0,0.0,0.0,0.0,0.0,0.0,0.0,0.0
2008-05-23,0.0,0.0,0.0,0.0,0.0,0.0,0.0,0.0,0.0,0.0
2008-05-26,0.0,0.0,0.0,0.0,0.0,0.0,0.0,0.0,0.0,0.0
2008-05-27,0.0,0.0,0.0,0.0,0.0,0.0,0.0,0.0,0.0,0.0
2008-05-28,0.0,0.0,0.0,0.0,0.0,0.0,0.0,0.0,0.0,0.0
2008-05-29,0.0,0.0,0.0,0.0,0.0,0.0,0.0,0.0,0.0,0.0
2008-05-30,0.0,0.0,0.0,0.0,0.0,0.0,0.0,0.0,0.0,0.0
2008-06-02,0.0,0.0,0.0,0.0,0.0,0.0,0.0,0.0,0.0,0.0
2008-06-03,0.0,0.0,0.0,0.0,0.0,0.0,0.0,0.0,0.0,0.0
2008-06-04,0.0,0.0,0.0,0.0,0.0,0.0,0.0,0.0,0.0,0.0
2008-06-05,0.0,0.0,0.0,0.0,0.0,0.0,0.0,0.0,0.0,0.0
2008-06-06,0.0,0.0,0.0,0.0,0.0,0.0,0.0,0.0,0.0,0.0
2008-06-09,0.0,0.0,0.0,0.0,0.0,0.0,0.0,0.0,0.0,0.0
2008-06-10,0.0,0.0,0.0,0.0,0.0,0.0,0.0,0.0,0.0,0.0
2008-06-11,0.0,0.0,0.0,0.0,0.0,0.0,0.0,0.0,0.0,0.0
2008-06-12,0.0,0.0,0.0,0.0,0.0,0.0,0.0,0.0,0.0,0.0
2008-06-13,0.0,0.0,0.0,0.0,0.0,0.0,0.0,0.0,0.0,0.0
2008-06-16,0.0,0.0,0.0,0.0,0.0,0.0,0.0,0.0,0.0,0.0
2008-06-17,0.0,0.0,0.0,0.0,0.0,0.0,0.0,0.0,0.0,0.0
2008-06-18,0.0,0.0,0.0,0.0,0.0,0.0,0.0,0.0,0.0,0.0
2008-06-19,0.0,0.0,0.0,0.0,0.0,0.0,0.0,0.0,0.0,0.0
2008-06-20,0.0,0.0,0.0,0.0,0.0,0.0,0.0,0.0,0.0,0.0
2008-06-23,0.0,0.0,0.0,0.0,0.0,0.0,0.0,0.0,0.0,0.0
2008-06-24,0.0,0.0,0.0,0.0,0.0,0.0,0.0,0.0,0.0,0.0
2008-06-25,0.0,0.0,0.0,0.0,0.0,0.0,0.0,0.0,0.0,0.0
2008-06-26,0.0,0.0,0.0,0.0,0.0,0.0,0.0,0.0,0.0,0.0
2008-06-27,0.0,0.0,0.0,0.0,0.0,0.0,0.0,0.0,0.0,0.0
2008-06-30,0.0,0.0,0.0,0.0,0.0,0.0,0.0,0.0,0.0,0.0
2008-07-01,0.0,0.0,0.0,0.0,0.0,0.0,0.0,0.0,0.0,0.0
2008-07-02,0.0,0.0,0.0,0.0,0.0,0.0,0.0,0.0,0.0,0.0
2008-07-03,0.0,0.0,0.0,0.0,0.0,0.0,0.0,0.0,0.0,0.0
2008-07-04,0.0,0.0,0.0,0.0,0.0,0.0,0.0,0.0,0.0,0.0
2008-07-07,0.0,0.0,0.0,0.0,0.0,0.0,0.0,0.0,0.0,0.0
2008-07-08,0.0,0.0,0.0,0.0,0.0,0.0,0.0,0.0,0.0,0.0
2008-07-09,0.0,0.0,0.0,0.0,0.0,0.0,0.0,0.0,0.0,0.0
2008-07-10,0.0,0.0,0.0,0.0,0.0,0.0,0.0,0.0,0.0,0.0
2008-07-11,0.0,0.0,0.0,0.0,0.0,0.0,0.0,0.0,0.0,0.0
2008-07-14,0.0,0.0,0.0,0.0,0.0,0.0,0.0,0.0,0.0,0.0
2008-07-15,0.0,0.0,0.0,0.0,0.0,0.0,0.0,0.0,0.0,0.0
2008-07-16,0.0,0.0,0.0,0.0,0.0,0.0,0.0,0.0,0.0,0.0
2008-07-17,0.0,0.0,0.0,0.0,0.0,0.0,0.0,0.0,0.0,0.0
2008-07-18,0.0,0.0,0.0,0.0,0.0,0.0,0.0,0.0,0.0,0.0
2008-07-21,0.0,0.0,0.0,0.0,0.0,0.0,0.0,0.0,0.0,0.0
2008-07-22,0.0,0.0,0.0,0.0,0.0,0.0,0.0,0.0,0.0,0.0
2008-07-23,0.0,0.0,0.0,0.0,0.0,0.0,0.0,0.0,0.0,0.0
2008-07-24,0.0,0.0,0.0,0.0,0.0,0.0,0.0,0.0,0.0,0.0
2008-07-25,0.0,0.0,0.0,0.0,0.0,0.0,0.0,0.0,0.0,0.0
2008-07-29,0.0,0.0,0.0,0.0,0.0,0.0,0.0,0.0,0.0,0.0
2008-07-30,0.0,0.0,0.0,0.0,0.0,0.0,0.0,0.0,0.0,0.0
2008-07-31,0.0,0.0,0.0,0.0,0.0,0.0,0.0,0.0,0.0,0.0
2008-08-01,0.0,0.0,0.0,0.0,0.0,0.0,0.0,0.0,0.0,0.0
2008-08-04,0.0,0.0,0.0,0.0,0.0,0.0,0.0,0.0,0.0,0.0
2008-08-05,0.0,0.0,0.0,0.0,0.0,0.0,0.0,0.0,0.0,0.0
2008-08-06,0.0,0.0,0.0,0.0,0.0,0.0,0.0,0.0,0.0,0.0
2008-08-07,0.0,0.0,0.0,0.0,0.0,0.0,0.0,0.0,0.0,0.0
2008-08-08,0.0,0.0,0.0,0.0,0.0,0.0,0.0,0.0,0.0,0.0
2008-08-11,0.0,0.0,0.0,0.0,0.0,0.0,0.0,0.0,0.0,0.0
2008-08-12,0.0,0.0,0.0,0.0,0.0,0.0,0.0,0.0,0.0,0.0
2008-08-13,0.0,0.0,0.0,0.0,0.0,0.0,0.0,0.0,0.0,0.0
2008-08-14,0.0,0.0,0.0,0.0,0.0,0.0,0.0,0.0,0.0,0.0
2008-08-15,0.0,0.0,0.0,0.0,0.0,0.0,0.0,0.0,0.0,0.0
2008-08-18,0.0,0.0,0.0,0.0,0.0,0.0,0.0,0.0,0.0,0.0
2008-08-19,0.0,0.0,0.0,0.0,0.0,0.0,0.0,0.0,0.0,0.0
2008-08-20,0.0,0.0,0.0,0.0,0.0,0.0,0.0,0.0,0.0,0.0
2008-08-21,0.0,0.0,0.0,0.0,0.0,0.0,0.0,0.0,0.0,0.0
2008-08-22,0.0,0.0,0.0,0.0,0.0,0.0,0.0,0.0,0.0,0.0
2008-08-25,0.0,0.0,0.0,0.0,0.0,0.0,0.0,0.0,0.0,0.0
2008-08-26,0.0,0.0,0.0,0.0,0.0,0.0,0.0,0.0,0.0,0.0
2008-08-27,0.0,0.0,0.0,0.0,0.0,0.0,0.0,0.0,0.0,0.0
2008-08-28,0.0,0.0,0.0,0.0,0.0,0.0,0.0,0.0,0.0,0.0
2008-08-29,0.0,0.0,0.0,0.0,0.0,0.0,0.0,0.0,0.0,0.0
2008-09-01,0.0,0.0,0.0,0.0,0.0,0.0,0.0,0.0,0.0,0.0
2008-09-02,0.0,0.0,0.0,0.0,0.0,0.0,0.0,0.0,0.0,0.0
2008-09-03,0.0,0.0,0.0,0.0,0.0,0.0,0.0,0.0,0.0,0.0
2008-09-04,0.0,0.0,0.0,0.0,0.0,0.0,0.0,0.0,0.0,0.0
2008-09-05,0.0,0.0,0.0,0.0,0.0,0.0,0.0,0.0,0.0,0.0
2008-09-08,0.0,0.0,0.0,0.0,0.0,0.0,0.0,0.0,0.0,0.0
2008-09-09,0.0,0.0,0.0,0.0,0.0,0.0,0.0,0.0,0.0,0.0
2008-09-10,0.0,0.0,0.0,0.0,0.0,0.0,0.0,0.0,0.0,0.0
2008-09-11,0.0,0.0,0.0,0.0,0.0,0.0,0.0,0.0,0.0,0.0
2008-09-12,0.0,0.0,0.0,0.0,0.0,0.0,0.0,0.0,0.0,0.0
2008-09-15,0.0,0.0,0.0,0.0,0.0,0.0,0.0,0.0,0.0,0.0
2008-09-16,0.0,0.0,0.0,0.0,0.0,0.0,0.0,0.0,0.0,0.0
2008-09-17,0.0,0.0,0.0,0.0,0.0,0.0,0.0,0.0,0.0,0.0
2008-09-18,0.0,0.0,0.0,0.0,0.0,0.0,0.0,0.0,0.0,0.0
2008-09-19,0.0,0.0,0.0,0.0,0.0,0.0,0.0,0.0,0.0,0.0
2008-09-22,0.0,0.0,0.0,0.0,0.0,0.0,0.0,0.0,0.0,0.0
2008-09-23,0.0,0.0,0.0,0.0,0.0,0.0,0.0,0.0,0.0,0.0
2008-09-24,0.0,0.0,0.0,0.0,0.0,0.0,0.0,0.0,0.0,0.0
2008-09-25,0.0,0.0,0.0,0.0,0.0,0.0,0.0,0.0,0.0,0.0
2008-09-26,0.0,0.0,0.0,0.0,0.0,0.0,0.0,0.0,0.0,0.0
2008-09-30,0.0,0.0,0.0,0.0,0.0,0.0,0.0,0.0,0.0,0.0
2008-10-01,0.0,0.0,0.0,0.0,0.0,0.0,0.0,0.0,0.0,0.0
2008-10-02,0.0,0.0,0.0,0.0,0.0,0.0,0.0,0.0,0.0,0.0
2008-10-03,0.0,0.0,0.0,0.0,0.0,0.0,0.0,0.0,0.0,0.0
2008-10-06,0.0,0.0,0.0,0.0,0.0,0.0,0.0,0.0,0.0,0.0
2008-10-07,0.0,0.0,0.0,0.0,0.0,0.0,0.0,0.0,0.0,0.0
2008-10-08,0.0,0.0,0.0,0.0,0.0,0.0,0.0,0.0,0.0,0.0
2008-10-09,0.0,0.0,0.0,0.0,0.0,0.0,0.0,0.0,0.0,0.0
2008-10-13,0.0,0.0,0.0,0.0,0.0,0.0,0.0,0.0,0.0,0.0
2008-10-14,0.0,0.0,0.0,0.0,0.0,0.0,0.0,0.0,0.0,0.0
2008-10-15,0.0,0.0,0.0,0.0,0.0,0.0,0.0,0.0,0.0,0.0
2008-10-16,0.0,0.0,0.0,0.0,0.0,0.0,0.0,0.0,0.0,0.0
2008-10-17,0.0,0.0,0.0,0.0,0.0,0.0,0.0,0.0,0.0,0.0
2008-10-20,0.0,0.0,0.0,0.0,0.0,0.0,0.0,0.0,0.0,0.0
2008-10-21,0.0,0.0,0.0,0.0,0.0,0.0,0.0,0.0,0.0,0.0
2008-10-22,0.0,0.0,0.0,0.0,0.0,0.0,0.0,0.0,0.0,0.0
2008-10-23,0.0,0.0,0.0,0.0,0.0,0.0,0.0,0.0,0.0,0.0
2008-10-24,0.0,0.0,0.0,0.0,0.0,0.0,0.0,0.0,0.0,0.0
2008-10-27,0.0,0.0,0.0,0.0,0.0,0.0,0.0,0.0,0.0,0.0
2008-10-28,0.0,0.0,0.0,0.0,0.0,0.0,0.0,0.0,0.0,0.0
2008-10-29,0.0,0.0,0.0,0.0,0.0,0.0,0.0,0.0,0.0,0.0
2008-10-30,0.0,0.0,0.0,0.0,0.0,0.0,0.0,0.0,0.0,0.0
2008-10-31,0.0,0.0,0.0,0.0,0.0,0.0,0.0,0.0,0.0,0.0
2008-11-03,0.0,0.0,0.0,0.0,0.0,0.0,0.0,0.0,0.0,0.0
2008-11-04,0.0,0.0,0.0,0.0,0.0,0.0,0.0,0.0,0.0,0.0
2008-11-05,0.0,0.0,0.0,0.0,0.0,0.0,0.0,0.0,0.0,0.0
2008-11-06,0.0,0.0,0.0,0.0,0.0,0.0,0.0,0.0,0.0,0.0
2008-11-07,0.0,0.0,0.0,0.0,0.0,0.0,0.0,0.0,0.0,0.0
2008-11-10,0.0,0.0,0.0,0.0,0.0,0.0,0.0,0.0,0.0,0.0
2008-11-11,0.0,0.0,0.0,0.0,0.0,0.0,0.0,0.0,0.0,0.0
2008-11-12,0.0,0.0,0.0,0.0,0.0,0.0,0.0,0.0,0.0,0.0
2008-11-13,0.0,0.0,0.0,0.0,0.0,0.0,0.0,0.0,0.0,0.0
2008-11-14,0.0,0.0,0.0,0.0,0.0,0.0,0.0,0.0,0.0,0.0
2008-11-17,0.0,0.0,0.0,0.0,0.0,0.0,0.0,0.0,0.0,0.0
2008-11-18,0.0,0.0,0.0,0.0,0.0,0.0,0.0,0.0,0.0,0.0
2008-11-19,0.0,0.0,0.0,0.0,0.0,0.0,0.0,0.0,0.0,0.0
2008-11-20,0.0,0.0,0.0,0.0,0.0,0.0,0.0,0.0,0.0,0.0
2008-11-21,0.0,0.0,0.0,0.0,0.0,0.0,0.0,0.0,0.0,0.0
2008-11-24,0.0,0.0,0.0,0.0,0.0,0.0,0.0,0.0,0.0,0.0
2008-11-25,0.0,0.0,0.0,0.0,0.0,0.0,0.0,0.0,0.0,0.0
2008-11-26,0.0,0.0,0.0,0.0,0.0,0.0,0.0,0.0,0.0,0.0
2008-11-27,0.0,0.0,0.0,0.0,0.0,0.0,0.0,0.0,0.0,0.0
2008-11-28,0.0,0.0,0.0,0.0,0.0,0.0,0.0,0.0,0.0,0.0
2008-12-01,0.0,0.0,0.0,0.0,0.0,0.0,0.0,0.0,0.0,0.0
2008-12-02,0.0,0.0,0.0,0.0,0.0,0.0,0.0,0.0,0.0,0.0
2008-12-03,0.0,0.0,0.0,0.0,0.0,0.0,0.0,0.0,0.0,0.0
2008-12-04,0.0,0.0,0.0,0.0,0.0,0.0,0.0,0.0,0.0,0.0
2008-12-05,0.0,0.0,0.0,0.0,0.0,0.0,0.0,0.0,0.0,0.0
2008-12-08,0.0,0.0,0.0,0.0,0.0,0.0,0.0,0.0,0.0,0.0
2008-12-09,0.0,0.0,0.0,0.0,0.0,0.0,0.0,0.0,0.0,0.0
2008-12-10,0.0,0.0,0.0,0.0,0.0,0.0,0.0,0.0,0.0,0.0
2008-12-11,0.0,0.0,0.0,0.0,0.0,0.0,0.0,0.0,0.0,0.0
2008-12-12,0.0,0.0,0.0,0.0,0.0,0.0,0.0,0.0,0.0,0.0
2008-12-15,0.0,0.0,0.0,0.0,0.0,0.0,0.0,0.0,0.0,0.0
2008-12-16,0.0,0.0,0.0,0.0,0.0,0.0,0.0,0.0,0.0,0.0
2008-12-17,0.0,0.0,0.0,0.0,0.0,0.0,0.0,0.0,0.0,0.0
2008-12-18,0.0,0.0,0.0,0.0,0.0,0.0,0.0,0.0,0.0,0.0
2008-12-19,0.0,0.0,0.0,0.0,0.0,0.0,0.0,0.0,0.0,0.0
2008-12-22,0.0,0.0,0.0,0.0,0.0,0.0,0.0,0.0,0.0,0.0
2008-12-23,0.0,0.0,0.0,0.0,0.0,0.0,0.0,0.0,0.0,0.0
2008-12-24,0.0,0.0,0.0,0.0,0.0,0.0,0.0,0.0,0.0,0.0
2008-12-25,0.0,0.0,0.0,0.0,0.0,0.0,0.0,0.0,0.0,0.0
2008-12-26,0.0,0.0,0.0,0.0,0.0,0.0,0.0,0.0,0.0,0.0
2008-12-29,0.0,0.0,0.0,0.0,0.0,0.0,0.0,0.0,0.0,0.0
2008-12-30,0.0,0.0,0.0,0.0,0.0,0.0,0.0,0.0,0.0,0.0
2008-12-31,0.0,0.0,0.0,0.0,0.0,0.0,0.0,0.0,0.0,0.0
2009-01-05,0.0,0.0,0.0,0.0,0.0,0.0,0.0,0.0,0.0,0.0
2009-01-06,0.0,0.0,0.0,0.0,0.0,0.0,0.0,0.0,0.0,0.0
2009-01-07,0.0,0.0,0.0,0.0,0.0,0.0,0.0,0.0,0.0,0.0
2009-01-08,0.0,0.0,0.0,0.0,0.0,0.0,0.0,0.0,0.0,0.0
2009-01-09,0.0,0.0,0.0,0.0,0.0,0.0,0.0,0.0,0.0,0.0
2009-01-10,0.0,0.0,0.0,0.0,0.0,0.0,0.0,0.0,0.0,0.0
2009-01-12,0.0,0.0,0.0,0.0,0.0,0.0,0.0,0.0,0.0,0.0
2009-01-13,0.0,0.0,0.0,0.0,0.0,0.0,0.0,0.0,0.0,0.0
2009-01-14,0.0,0.0,0.0,0.0,0.0,0.0,0.0,0.0,0.0,0.0
2009-01-15,0.0,0.0,0.0,0.0,0.0,0.0,0.0,0.0,0.0,0.0
2009-01-16,0.0,0.0,0.0,0.0,0.0,0.0,0.0,0.0,0.0,0.0
2009-01-17,0.0,0.0,0.0,0.0,0.0,0.0,0.0,0.0,0.0,0.0
2009-01-19,0.0,0.0,0.0,0.0,0.0,0.0,0.0,0.0,0.0,0.0
2009-01-20,0.0,0.0,0.0,0.0,0.0,0.0,0.0,0.0,0.0,0.0
2009-01-21,0.0,0.0,0.0,0.0,0.0,0.0,0.0,0.0,0.0,0.0
2009-02-02,0.0,0.0,0.0,0.0,0.0,0.0,0.0,0.0,0.0,0.0
2009-02-03,0.0,0.0,0.0,0.0,0.0,0.0,0.0,0.0,0.0,0.0
2009-02-04,0.0,0.0,0.0,0.0,0.0,0.0,0.0,0.0,0.0,0.0
2009-02-05,0.0,0.0,0.0,0.0,0.0,0.0,0.0,0.0,0.0,0.0
2009-02-06,0.0,0.0,0.0,0.0,0.0,0.0,0.0,0.0,0.0,0.0
2009-02-09,0.0,0.0,0.0,0.0,0.0,0.0,0.0,0.0,0.0,0.0
2009-02-10,0.0,0.0,0.0,0.0,0.0,0.0,0.0,0.0,0.0,0.0
2009-02-11,0.0,0.0,0.0,0.0,0.0,0.0,0.0,0.0,0.0,0.0
2009-02-12,0.0,0.0,0.0,0.0,0.0,0.0,0.0,0.0,0.0,0.0
2009-02-13,0.0,0.0,0.0,0.0,0.0,0.0,0.0,0.0,0.0,0.0
2009-02-16,0.0,0.0,0.0,0.0,0.0,0.0,0.0,0.0,0.0,0.0
2009-02-17,0.0,0.0,0.0,0.0,0.0,0.0,0.0,0.0,0.0,0.0
2009-02-18,0.0,0.0,0.0,0.0,0.0,0.0,0.0,0.0,0.0,0.0
2009-02-19,0.0,0.0,0.0,0.0,0.0,0.0,0.0,0.0,0.0,0.0
2009-02-20,0.0,0.0,0.0,0.0,0.0,0.0,0.0,0.0,0.0,0.0
2009-02-23,0.0,0.0,0.0,0.0,0.0,0.0,0.0,0.0,0.0,0.0
2009-02-24,0.0,0.0,0.0,0.0,0.0,0.0,0.0,0.0,0.0,0.0
2009-02-25,0.0,0.0,0.0,0.0,0.0,0.0,0.0,0.0,0.0,0.0
2009-02-26,0.0,0.0,0.0,0.0,0.0,0.0,0.0,0.0,0.0,0.0
2009-02-27,0.0,0.0,0.0,0.0,0.0,0.0,0.0,0.0,0.0,0.0
2009-03-02,0.0,0.0,0.0,0.0,0.0,0.0,0.0,0.0,0.0,0.0
2009-03-03,0.0,0.0,0.0,0.0,0.0,0.0,0.0,0.0,0.0,0.0
2009-03-04,0.0,0.0,0.0,0.0,0.0,0.0,0.0,0.0,0.0,0.0
2009-03-05,0.0,0.0,0.0,0.0,0.0,0.0,0.0,0.0,0.0,0.0
2009-03-06,0.0,0.0,0.0,0.0,0.0,0.0,0.0,0.0,0.0,0.0
2009-03-09,0.0,0.0,0.0,0.0,0.0,0.0,0.0,0.0,0.0,0.0
2009-03-10,0.0,0.0,0.0,0.0,0.0,0.0,0.0,0.0,0.0,0.0
2009-03-11,0.0,0.0,0.0,0.0,0.0,0.0,0.0,0.0,0.0,0.0
2009-03-12,0.0,0.0,0.0,0.0,0.0,0.0,0.0,0.0,0.0,0.0
2009-03-13,0.0,0.0,0.0,0.0,0.0,0.0,0.0,0.0,0.0,0.0
2009-03-16,0.0,0.0,0.0,0.0,0.0,0.0,0.0,0.0,0.0,0.0
2009-03-17,0.0,0.0,0.0,0.0,0.0,0.0,0.0,0.0,0.0,0.0
2009-03-18,0.0,0.0,0.0,0.0,0.0,0.0,0.0,0.0,0.0,0.0
2009-03-19,0.0,0.0,0.0,0.0,0.0,0.0,0.0,0.0,0.0,0.0
2009-03-20,0.0,0.0,0.0,0.0,0.0,0.0,0.0,0.0,0.0,0.0
2009-03-23,0.0,0.0,0.0,0.0,0.0,0.0,0.0,0.0,0.0,0.0
2009-03-24,0.0,0.0,0.0,0.0,0.0,0.0,0.0,0.0,0.0,0.0
2009-03-25,0.0,0.0,0.0,0.0,0.0,0.0,0.0,0.0,0.0,0.0
2009-03-26,0.0,0.0,0.0,0.0,0.0,0.0,0.0,0.0,0.0,0.0
2009-03-27,0.0,0.0,0.0,0.0,0.0,0.0,0.0,0.0,0.0,0.0
2009-03-30,0.0,0.0,0.0,0.0,0.0,0.0,0.0,0.0,0.0,0.0
2009-03-31,0.0,0.0,0.0,0.0,0.0,0.0,0.0,0.0,0.0,0.0
2009-04-01,0.0,0.0,0.0,0.0,0.0,0.0,0.0,0.0,0.0,0.0
2009-04-02,0.0,0.0,0.0,0.0,0.0,0.0,0.0,0.0,0.0,0.0
2009-04-03,0.0,0.0,0.0,0.0,0.0,0.0,0.0,0.0,0.0,0.0
2009-04-06,0.0,0.0,0.0,0.0,0.0,0.0,0.0,0.0,0.0,0.0
2009-04-07,0.0,0.0,0.0,0.0,0.0,0.0,0.0,0.0,0.0,0.0
2009-04-08,0.0,0.0,0.0,0.0,0.0,0.0,0.0,0.0,0.0,0.0
2009-04-09,0.0,0.0,0.0,0.0,0.0,0.0,0.0,0.0,0.0,0.0
2009-04-10,0.0,0.0,0.0,0.0,0.0,0.0,0.0,0.0,0.0,0.0
2009-04-13,0.0,0.0,0.0,0.0,0.0,0.0,0.0,0.0,0.0,0.0
2009-04-14,0.0,0.0,0.0,0.0,0.0,0.0,0.0,0.0,0.0,0.0
2009-04-15,0.0,0.0,0.0,0.0,0.0,0.0,0.0,0.0,0.0,0.0
2009-04-16,0.0,0.0,0.0,0.0,0.0,0.0,0.0,0.0,0.0,0.0
2009-04-17,0.0,0.0,0.0,0.0,0.0,0.0,0.0,0.0,0.0,0.0
2009-04-20,0.0,0.0,0.0,0.0,0.0,0.0,0.0,0.0,0.0,0.0
2009-04-21,0.0,0.0,0.0,0.0,0.0,0.0,0.0,0.0,0.0,0.0
2009-04-22,0.0,0.0,0.0,0.0,0.0,0.0,0.0,0.0,0.0,0.0
2009-04-23,0.0,0.0,0.0,0.0,0.0,0.0,0.0,0.0,0.0,0.0
2009-04-24,0.0,0.0,0.0,0.0,0.0,0.0,0.0,0.0,0.0,0.0
2009-04-27,0.0,0.0,0.0,0.0,0.0,0.0,0.0,0.0,0.0,0.0
2009-04-28,0.0,0.0,0.0,0.0,0.0,0.0,0.0,0.0,0.0,0.0
2009-04-29,0.0,0.0,0.0,0.0,0.0,0.0,0.0,0.0,0.0,0.0
2009-04-30,0.0,0.0,0.0,0.0,0.0,0.0,0.0,0.0,0.0,0.0
2009-05-04,0.0,0.0,0.0,0.0,0.0,0.0,0.0,0.0,0.0,0.0
2009-05-05,0.0,0.0,0.0,0.0,0.0,0.0,0.0,0.0,0.0,0.0
2009-05-06,0.0,0.0,0.0,0.0,0.0,0.0,0.0,0.0,0.0,0.0
2009-05-07,0.0,0.0,0.0,0.0,0.0,0.0,0.0,0.0,0.0,0.0
2009-05-08,0.0,0.0,0.0,0.0,0.0,0.0,0.0,0.0,0.0,0.0
2009-05-11,0.0,0.0,0.0,0.0,0.0,0.0,0.0,0.0,0.0,0.0
2009-05-12,0.0,0.0,0.0,0.0,0.0,0.0,0.0,0.0,0.0,0.0
2009-05-13,0.0,0.0,0.0,0.0,0.0,0.0,0.0,0.0,0.0,0.0
2009-05-14,0.0,0.0,0.0,0.0,0.0,0.0,0.0,0.0,0.0,0.0
2009-05-15,0.0,0.0,0.0,0.0,0.0,0.0,0.0,0.0,0.0,0.0
2009-05-18,0.0,0.0,0.0,0.0,0.0,0.0,0.0,0.0,0.0,0.0
2009-05-19,0.0,0.0,0.0,0.0,0.0,0.0,0.0,0.0,0.0,0.0
2009-05-20,0.0,0.0,0.0,0.0,0.0,0.0,0.0,0.0,0.0,0.0
2009-05-21,0.0,0.0,0.0,0.0,0.0,0.0,0.0,0.0,0.0,0.0
2009-05-22,0.0,0.0,0.0,0.0,0.0,0.0,0.0,0.0,0.0,0.0
2009-05-25,0.0,0.0,0.0,0.0,0.0,0.0,0.0,0.0,0.0,0.0
2009-05-26,0.0,0.0,0.0,0.0,0.0,0.0,0.0,0.0,0.0,0.0
2009-05-27,0.0,0.0,0.0,0.0,0.0,0.0,0.0,0.0,0.0,0.0
2009-06-01,0.0,0.0,0.0,0.0,0.0,0.0,0.0,0.0,0.0,0.0
2009-06-02,0.0,0.0,0.0,0.0,0.0,0.0,0.0,0.0,0.0,0.0
2009-06-03,0.0,0.0,0.0,0.0,0.0,0.0,0.0,0.0,0.0,0.0
2009-06-04,0.0,0.0,0.0,0.0,0.0,0.0,0.0,0.0,0.0,0.0
2009-06-05,0.0,0.0,0.0,0.0,0.0,0.0,0.0,0.0,0.0,0.0
2009-06-06,0.0,0.0,0.0,0.0,0.0,0.0,0.0,0.0,0.0,0.0
2009-06-08,0.0,0.0,0.0,0.0,0.0,0.0,0.0,0.0,0.0,0.0
2009-06-09,0.0,0.0,0.0,0.0,0.0,0.0,0.0,0.0,0.0,0.0
2009-06-10,0.0,0.0,0.0,0.0,0.0,0.0,0.0,0.0,0.0,0.0
2009-06-11,0.0,0.0,0.0,0.0,0.0,0.0,0.0,0.0,0.0,0.0
2009-06-12,0.0,0.0,0.0,0.0,0.0,0.0,0.0,0.0,0.0,0.0
2009-06-15,0.0,0.0,0.0,0.0,0.0,0.0,0.0,0.0,0.0,0.0
2009-06-16,0.0,0.0,0.0,0.0,0.0,0.0,0.0,0.0,0.0,0.0
2009-06-17,0.0,0.0,0.0,0.0,0.0,0.0,0.0,0.0,0.0,0.0
2009-06-18,0.0,0.0,0.0,0.0,0.0,0.0,0.0,0.0,0.0,0.0
2009-06-19,0.0,0.0,0.0,0.0,0.0,0.0,0.0,0.0,0.0,0.0
2009-06-22,0.0,0.0,0.0,0.0,0.0,0.0,0.0,0.0,0.0,0.0
2009-06-23,0.0,0.0,0.0,0.0,0.0,0.0,0.0,0.0,0.0,0.0
2009-06-24,0.0,0.0,0.0,0.0,0.0,0.0,0.0,0.0,0.0,0.0
2009-06-25,0.0,0.0,0.0,0.0,0.0,0.0,0.0,0.0,0.0,0.0
2009-06-26,0.0,0.0,0.0,0.0,0.0,0.0,0.0,0.0,0.0,0.0
2009-06-29,0.0,0.0,0.0,0.0,0.0,0.0,0.0,0.0,0.0,0.0
2009-06-30,0.0,0.0,0.0,0.0,0.0,0.0,0.0,0.0,0.0,0.0
2009-07-01,0.0,0.0,0.0,0.0,0.0,0.0,0.0,0.0,0.0,0.0
2009-07-02,0.0,0.0,0.0,0.0,0.0,0.0,0.0,0.0,0.0,0.0
2009-07-03,0.0,0.0,0.0,0.0,0.0,0.0,0.0,0.0,0.0,0.0
2009-07-06,0.0,0.0,0.0,0.0,0.0,0.0,0.0,0.0,0.0,0.0
2009-07-07,0.0,0.0,0.0,0.0,0.0,0.0,0.0,0.0,0.0,0.0
2009-07-08,0.0,0.0,0.0,0.0,0.0,0.0,0.0,0.0,0.0,0.0
2009-07-09,0.0,0.0,0.0,0.0,0.0,0.0,0.0,0.0,0.0,0.0
2009-07-10,0.0,0.0,0.0,0.0,0.0,0.0,0.0,0.0,0.0,0.0
2009-07-13,0.0,0.0,0.0,0.0,0.0,0.0,0.0,0.0,0.0,0.0
2009-07-14,0.0,0.0,0.0,0.0,0.0,0.0,0.0,0.0,0.0,0.0
2009-07-15,0.0,0.0,0.0,0.0,0.0,0.0,0.0,0.0,0.0,0.0
2009-07-16,0.0,0.0,0.0,0.0,0.0,0.0,0.0,0.0,0.0,0.0
2009-07-17,0.0,0.0,0.0,0.0,0.0,0.0,0.0,0.0,0.0,0.0
2009-07-20,0.0,0.0,0.0,0.0,0.0,0.0,0.0,0.0,0.0,0.0
2009-07-21,0.0,0.0,0.0,0.0,0.0,0.0,0.0,0.0,0.0,0.0
2009-07-22,0.0,0.0,0.0,0.0,0.0,0.0,0.0,0.0,0.0,0.0
2009-07-23,0.0,0.0,0.0,0.0,0.0,0.0,0.0,0.0,0.0,0.0
2009-07-24,0.0,0.0,0.0,0.0,0.0,0.0,0.0,0.0,0.0,0.0
2009-07-27,0.0,0.0,0.0,0.0,0.0,0.0,0.0,0.0,0.0,0.0
2009-07-28,0.0,0.0,0.0,0.0,0.0,0.0,0.0,0.0,0.0,0.0
2009-07-29,0.0,0.0,0.0,0.0,0.0,0.0,0.0,0.0,0.0,0.0
2009-07-30,0.0,0.0,0.0,0.0,0.0,0.0,0.0,0.0,0.0,0.0
2009-07-31,0.0,0.0,0.0,0.0,0.0,0.0,0.0,0.0,0.0,0.0
2009-08-03,0.0,0.0,0.0,0.0,0.0,0.0,0.0,0.0,0.0,0.0
2009-08-04,0.0,0.0,0.0,0.0,0.0,0.0,0.0,0.0,0.0,0.0
2009-08-05,0.0,0.0,0.0,0.0,0.0,0.0,0.0,0.0,0.0,0.0
2009-08-06,0.0,0.0,0.0,0.0,0.0,0.0,0.0,0.0,0.0,0.0
2009-08-10,0.0,0.0,0.0,0.0,0.0,0.0,0.0,0.0,0.0,0.0
2009-08-11,0.0,0.0,0.0,0.0,0.0,0.0,0.0,0.0,0.0,0.0
2009-08-12,0.0,0.0,0.0,0.0,0.0,0.0,0.0,0.0,0.0,0.0
2009-08-13,0.0,0.0,0.0,0.0,0.0,0.0,0.0,0.0,0.0,0.0
2009-08-14,0.0,0.0,0.0,0.0,0.0,0.0,0.0,0.0,0.0,0.0
2009-08-17,0.0,0.0,0.0,0.0,0.0,0.0,0.0,0.0,0.0,0.0
2009-08-18,0.0,0.0,0.0,0.0,0.0,0.0,0.0,0.0,0.0,0.0
2009-08-19,0.0,0.0,0.0,0.0,0.0,0.0,0.0,0.0,0.0,0.0
2009-08-20,0.0,0.0,0.0,0.0,0.0,0.0,0.0,0.0,0.0,0.0
2009-08-21,0.0,0.0,0.0,0.0,0.0,0.0,0.0,0.0,0.0,0.0
2009-08-24,0.0,0.0,0.0,0.0,0.0,0.0,0.0,0.0,0.0,0.0
2009-08-25,0.0,0.0,0.0,0.0,0.0,0.0,0.0,0.0,0.0,0.0
2009-08-26,0.0,0.0,0.0,0.0,0.0,0.0,0.0,0.0,0.0,0.0
2009-08-27,0.0,0.0,0.0,0.0,0.0,0.0,0.0,0.0,0.0,0.0
2009-08-28,0.0,0.0,0.0,0.0,0.0,0.0,0.0,0.0,0.0,0.0
2009-08-31,0.0,0.0,0.0,0.0,0.0,0.0,0.0,0.0,0.0,0.0
2009-09-01,0.0,0.0,0.0,0.0,0.0,0.0,0.0,0.0,0.0,0.0
2009-09-02,0.0,0.0,0.0,0.0,0.0,0.0,0.0,0.0,0.0,0.0
2009-09-03,0.0,0.0,0.0,0.0,0.0,0.0,0.0,0.0,0.0,0.0
2009-09-04,0.0,0.0,0.0,0.0,0.0,0.0,0.0,0.0,0.0,0.0
2009-09-07,0.0,0.0,0.0,0.0,0.0,0.0,0.0,0.0,0.0,0.0
2009-09-08,0.0,0.0,0.0,0.0,0.0,0.0,0.0,0.0,0.0,0.0
2009-09-09,0.0,0.0,0.0,0.0,0.0,0.0,0.0,0.0,0.0,0.0
2009-09-10,0.0,0.0,0.0,0.0,0.0,0.0,0.0,0.0,0.0,0.0
2009-09-11,0.0,0.0,0.0,0.0,0.0,0.0,0.0,0.0,0.0,0.0
2009-09-14,0.0,0.0,0.0,0.0,0.0,0.0,0.0,0.0,0.0,0.0
2009-09-15,0.0,0.0,0.0,0.0,0.0,0.0,0.0,0.0,0.0,0.0
2009-09-16,0.0,0.0,0.0,0.0,0.0,0.0,0.0,0.0,0.0,0.0
2009-09-17,0.0,0.0,0.0,0.0,0.0,0.0,0.0,0.0,0.0,0.0
2009-09-18,0.0,0.0,0.0,0.0,0.0,0.0,0.0,0.0,0.0,0.0
2009-09-21,0.0,0.0,0.0,0.0,0.0,0.0,0.0,0.0,0.0,0.0
2009-09-22,0.0,0.0,0.0,0.0,0.0,0.0,0.0,0.0,0.0,0.0
2009-09-23,0.0,0.0,0.0,0.0,0.0,0.0,0.0,0.0,0.0,0.0
2009-09-24,0.0,0.0,0.0,0.0,0.0,0.0,0.0,0.0,0.0,0.0
2009-09-25,0.0,0.0,0.0,0.0,0.0,0.0,0.0,0.0,0.0,0.0
2009-09-28,0.0,0.0,0.0,0.0,0.0,0.0,0.0,0.0,0.0,0.0
2009-09-29,0.0,0.0,0.0,0.0,0.0,0.0,0.0,0.0,0.0,0.0
2009-09-30,0.0,0.0,0.0,0.0,0.0,0.0,0.0,0.0,0.0,0.0
2009-10-01,0.0,0.0,0.0,0.0,0.0,0.0,0.0,0.0,0.0,0.0
2009-10-02,0.0,0.0,0.0,0.0,0.0,0.0,0.0,0.0,0.0,0.0
2009-10-05,0.0,0.0,0.0,0.0,0.0,0.0,0.0,0.0,0.0,0.0
2009-10-06,0.0,0.0,0.0,0.0,0.0,0.0,0.0,0.0,0.0,0.0
2009-10-07,0.0,0.0,0.0,0.0,0.0,0.0,0.0,0.0,0.0,0.0
2009-10-08,0.0,0.0,0.0,0.0,0.0,0.0,0.0,0.0,0.0,0.0
2009-10-09,0.0,0.0,0.0,0.0,0.0,0.0,0.0,0.0,0.0,0.0
2009-10-12,0.0,0.0,0.0,0.0,0.0,0.0,0.0,0.0,0.0,0.0
2009-10-13,0.0,0.0,0.0,0.0,0.0,0.0,0.0,0.0,0.0,0.0
2009-10-14,0.0,0.0,0.0,0.0,0.0,0.0,0.0,0.0,0.0,0.0
2009-10-15,0.0,0.0,0.0,0.0,0.0,0.0,0.0,0.0,0.0,0.0
2009-10-16,0.0,0.0,0.0,0.0,0.0,0.0,0.0,0.0,0.0,0.0
2009-10-19,0.0,0.0,0.0,0.0,0.0,0.0,0.0,0.0,0.0,0.0
2009-10-20,0.0,0.0,0.0,0.0,0.0,0.0,0.0,0.0,0.0,0.0
2009-10-21,0.0,0.0,0.0,0.0,0.0,0.0,0.0,0.0,0.0,0.0
2009-10-22,0.0,0.0,0.0,0.0,0.0,0.0,0.0,0.0,0.0,0.0
2009-10-23,0.0,0.0,0.0,0.0,0.0,0.0,0.0,0.0,0.0,0.0
2009-10-26,0.0,0.0,0.0,0.0,0.0,0.0,0.0,0.0,0.0,0.0
2009-10-27,0.0,0.0,0.0,0.0,0.0,0.0,0.0,0.0,0.0,0.0
2009-10-28,0.0,0.0,0.0,0.0,0.0,0.0,0.0,0.0,0.0,0.0
2009-10-29,0.0,0.0,0.0,0.0,0.0,0.0,0.0,0.0,0.0,0.0
2009-10-30,0.0,0.0,0.0,0.0,0.0,0.0,0.0,0.0,0.0,0.0
2009-11-02,0.0,0.0,0.0,0.0,0.0,0.0,0.0,0.0,0.0,0.0
2009-11-03,0.0,0.0,0.0,0.0,0.0,0.0,0.0,0.0,0.0,0.0
2009-11-04,0.0,0.0,0.0,0.0,0.0,0.0,0.0,0.0,0.0,0.0
2009-11-05,0.0,0.0,0.0,0.0,0.0,0.0,0.0,0.0,0.0,0.0
2009-11-06,0.0,0.0,0.0,0.0,0.0,0.0,0.0,0.0,0.0,0.0
2009-11-09,0.0,0.0,0.0,0.0,0.0,0.0,0.0,0.0,0.0,0.0
2009-11-10,0.0,0.0,0.0,0.0,0.0,0.0,0.0,0.0,0.0,0.0
2009-11-11,0.0,0.0,0.0,0.0,0.0,0.0,0.0,0.0,0.0,0.0
2009-11-12,0.0,0.0,0.0,0.0,0.0,0.0,0.0,0.0,0.0,0.0
2009-11-13,0.0,0.0,0.0,0.0,0.0,0.0,0.0,0.0,0.0,0.0
2009-11-16,0.0,0.0,0.0,0.0,0.0,0.0,0.0,0.0,0.0,0.0
2009-11-17,0.0,0.0,0.0,0.0,0.0,0.0,0.0,0.0,0.0,0.0
2009-11-18,0.0,0.0,0.0,0.0,0.0,0.0,0.0,0.0,0.0,0.0
2009-11-19,0.0,0.0,0.0,0.0,0.0,0.0,0.0,0.0,0.0,0.0
2009-11-20,0.0,0.0,0.0,0.0,0.0,0.0,0.0,0.0,0.0,0.0
2009-11-23,0.0,0.0,0.0,0.0,0.0,0.0,0.0,0.0,0.0,0.0
2009-11-24,0.0,0.0,0.0,0.0,0.0,0.0,0.0,0.0,0.0,0.0
2009-11-25,0.0,0.0,0.0,0.0,0.0,0.0,0.0,0.0,0.0,0.0
2009-11-26,0.0,0.0,0.0,0.0,0.0,0.0,0.0,0.0,0.0,0.0
2009-11-27,0.0,0.0,0.0,0.0,0.0,0.0,0.0,0.0,0.0,0.0
2009-11-30,0.0,0.0,0.0,0.0,0.0,0.0,0.0,0.0,0.0,0.0
2009-12-01,0.0,0.0,0.0,0.0,0.0,0.0,0.0,0.0,0.0,0.0
2009-12-02,0.0,0.0,0.0,0.0,0.0,0.0,0.0,0.0,0.0,0.0
2009-12-03,0.0,0.0,0.0,0.0,0.0,0.0,0.0,0.0,0.0,0.0
2009-12-04,0.0,0.0,0.0,0.0,0.0,0.0,0.0,0.0,0.0,0.0
2009-12-07,0.0,0.0,0.0,0.0,0.0,0.0,0.0,0.0,0.0,0.0
2009-12-08,0.0,0.0,0.0,0.0,0.0,0.0,0.0,0.0,0.0,0.0
2009-12-09,0.0,0.0,0.0,0.0,0.0,0.0,0.0,0.0,0.0,0.0
2009-12-10,0.0,0.0,0.0,0.0,0.0,0.0,0.0,0.0,0.0,0.0
2009-12-11,0.0,0.0,0.0,0.0,0.0,0.0,0.0,0.0,0.0,0.0
2009-12-14,0.0,0.0,0.0,0.0,0.0,0.0,0.0,0.0,0.0,0.0
2009-12-15,0.0,0.0,0.0,0.0,0.0,0.0,0.0,0.0,0.0,0.0
2009-12-16,0.0,0.0,0.0,0.0,0.0,0.0,0.0,0.0,0.0,0.0
2009-12-17,0.0,0.0,0.0,0.0,0.0,0.0,0.0,0.0,0.0,0.0
2009-12-18,0.0,0.0,0.0,0.0,0.0,0.0,0.0,0.0,0.0,0.0
2009-12-21,0.0,0.0,0.0,0.0,0.0,0.0,0.0,0.0,0.0,0.0
2009-12-22,0.0,0.0,0.0,0.0,0.0,0.0,0.0,0.0,0.0,0.0
2009-12-23,0.0,0.0,0.0,0.0,0.0,0.0,0.0,0.0,0.0,0.0
2009-12-24,0.0,0.0,0.0,0.0,0.0,0.0,0.0,0.0,0.0,0.0
2009-12-25,0.0,0.0,0.0,0.0,0.0,0.0,0.0,0.0,0.0,0.0
2009-12-28,0.0,0.0,0.0,0.0,0.0,0.0,0.0,0.0,0.0,0.0
2009-12-29,0.0,0.0,0.0,0.0,0.0,0.0,0.0,0.0,0.0,0.0
2009-12-30,0.0,0.0,0.0,0.0,0.0,0.0,0.0,0.0,0.0,0.0
2009-12-31,0.0,0.0,0.0,0.0,0.0,0.0,0.0,0.0,0.0,0.0
2010-01-04,0.0,0.0,0.0,0.0,0.0,0.0,0.0,0.0,0.0,0.0
2010-01-05,0.0,0.0,0.0,0.0,0.0,0.0,0.0,0.0,0.0,0.0
2010-01-06,0.0,0.0,0.0,0.0,0.0,0.0,0.0,0.0,0.0,0.0
2010-01-07,0.0,0.0,0.0,0.0,0.0,0.0,0.0,0.0,0.0,0.0
2010-01-08,0.0,0.0,0.0,0.0,0.0,0.0,0.0,0.0,0.0,0.0
2010-01-11,0.0,0.0,0.0,0.0,0.0,0.0,0.0,0.0,0.0,0.0
2010-01-12,0.0,0.0,0.0,0.0,0.0,0.0,0.0,0.0,0.0,0.0
2010-01-13,0.0,0.0,0.0,0.0,0.0,0.0,0.0,0.0,0.0,0.0
2010-01-14,0.0,0.0,0.0,0.0,0.0,0.0,0.0,0.0,0.0,0.0
2010-01-15,0.0,0.0,0.0,0.0,0.0,0.0,0.0,0.0,0.0,0.0
2010-01-18,0.0,0.0,0.0,0.0,0.0,0.0,0.0,0.0,0.0,0.0
2010-01-19,0.0,0.0,0.0,0.0,0.0,0.0,0.0,0.0,0.0,0.0
2010-01-20,0.0,0.0,0.0,0.0,0.0,0.0,0.0,0.0,0.0,0.0
2010-01-21,0.0,0.0,0.0,0.0,0.0,0.0,0.0,0.0,0.0,0.0
2010-01-22,0.0,0.0,0.0,0.0,0.0,0.0,0.0,0.0,0.0,0.0
2010-01-25,0.0,0.0,0.0,0.0,0.0,0.0,0.0,0.0,0.0,0.0
2010-01-26,0.0,0.0,0.0,0.0,0.0,0.0,0.0,0.0,0.0,0.0
2010-01-27,0.0,0.0,0.0,0.0,0.0,0.0,0.0,0.0,0.0,0.0
2010-01-28,0.0,0.0,0.0,0.0,0.0,0.0,0.0,0.0,0.0,0.0
2010-01-29,0.0,0.0,0.0,0.0,0.0,0.0,0.0,0.0,0.0,0.0
2010-02-01,0.0,0.0,0.0,0.0,0.0,0.0,0.0,0.0,0.0,0.0
2010-02-02,0.0,0.0,0.0,0.0,0.0,0.0,0.0,0.0,0.0,0.0
2010-02-03,0.0,0.0,0.0,0.0,0.0,0.0,0.0,0.0,0.0,0.0
2010-02-04,0.0,0.0,0.0,0.0,0.0,0.0,0.0,0.0,0.0,0.0
2010-02-05,0.0,0.0,0.0,0.0,0.0,0.0,0.0,0.0,0.0,0.0
2010-02-06,0.0,0.0,0.0,0.0,0.0,0.0,0.0,0.0,0.0,0.0
2010-02-08,0.0,0.0,0.0,0.0,0.0,0.0,0.0,0.0,0.0,0.0
2010-02-09,0.0,0.0,0.0,0.0,0.0,0.0,0.0,0.0,0.0,0.0
2010-02-10,0.0,0.0,0.0,0.0,0.0,0.0,0.0,0.0,0.0,0.0
2010-02-22,0.0,0.0,0.0,0.0,0.0,0.0,0.0,0.0,0.0,0.0
2010-02-23,0.0,0.0,0.0,0.0,0.0,0.0,0.0,0.0,0.0,0.0
2010-02-24,0.0,0.0,0.0,0.0,0.0,0.0,0.0,0.0,0.0,0.0
2010-02-25,0.0,0.0,0.0,0.0,0.0,0.0,0.0,0.0,0.0,0.0
2010-02-26,0.0,0.0,0.0,0.0,0.0,0.0,0.0,0.0,0.0,0.0
2010-03-01,0.0,0.0,0.0,0.0,0.0,0.0,0.0,0.0,0.0,0.0
2010-03-02,0.0,0.0,0.0,0.0,0.0,0.0,0.0,0.0,0.0,0.0
2010-03-03,0.0,0.0,0.0,0.0,0.0,0.0,0.0,0.0,0.0,0.0
2010-03-04,0.0,0.0,0.0,0.0,0.0,0.0,0.0,0.0,0.0,0.0
2010-03-05,0.0,0.0,0.0,0.0,0.0,0.0,0.0,0.0,0.0,0.0
2010-03-08,0.0,0.0,0.0,0.0,0.0,0.0,0.0,0.0,0.0,0.0
2010-03-09,0.0,0.0,0.0,0.0,0.0,0.0,0.0,0.0,0.0,0.0
2010-03-10,0.0,0.0,0.0,0.0,0.0,0.0,0.0,0.0,0.0,0.0
2010-03-11,0.0,0.0,0.0,0.0,0.0,0.0,0.0,0.0,0.0,0.0
2010-03-12,0.0,0.0,0.0,0.0,0.0,0.0,0.0,0.0,0.0,0.0
2010-03-15,0.0,0.0,0.0,0.0,0.0,0.0,0.0,0.0,0.0,0.0
2010-03-16,0.0,0.0,0.0,0.0,0.0,0.0,0.0,0.0,0.0,0.0
2010-03-17,0.0,0.0,0.0,0.0,0.0,0.0,0.0,0.0,0.0,0.0
2010-03-18,0.0,0.0,0.0,0.0,0.0,0.0,0.0,0.0,0.0,0.0
2010-03-19,0.0,0.0,0.0,0.0,0.0,0.0,0.0,0.0,0.0,0.0
2010-03-22,0.0,0.0,0.0,0.0,0.0,0.0,0.0,0.0,0.0,0.0
2010-03-23,0.0,0.0,0.0,0.0,0.0,0.0,0.0,0.0,0.0,0.0
2010-03-24,0.0,0.0,0.0,0.0,0.0,0.0,0.0,0.0,0.0,0.0
2010-03-25,0.0,0.0,0.0,0.0,0.0,0.0,0.0,0.0,0.0,0.0
2010-03-26,0.0,0.0,0.0,0.0,0.0,0.0,0.0,0.0,0.0,0.0
2010-03-29,0.0,0.0,0.0,0.0,0.0,0.0,0.0,0.0,0.0,0.0
2010-03-30,0.0,0.0,0.0,0.0,0.0,0.0,0.0,0.0,0.0,0.0
2010-03-31,0.0,0.0,0.0,0.0,0.0,0.0,0.0,0.0,0.0,0.0
2010-04-01,0.0,0.0,0.0,0.0,0.0,0.0,0.0,0.0,0.0,0.0
2010-04-02,0.0,0.0,0.0,0.0,0.0,0.0,0.0,0.0,0.0,0.0
2010-04-06,0.0,0.0,0.0,0.0,0.0,0.0,0.0,0.0,0.0,0.0
2010-04-07,0.0,0.0,0.0,0.0,0.0,0.0,0.0,0.0,0.0,0.0
2010-04-08,0.0,0.0,0.0,0.0,0.0,0.0,0.0,0.0,0.0,0.0
2010-04-09,0.0,0.0,0.0,0.0,0.0,0.0,0.0,0.0,0.0,0.0
2010-04-12,0.0,0.0,0.0,0.0,0.0,0.0,0.0,0.0,0.0,0.0
2010-04-13,0.0,0.0,0.0,0.0,0.0,0.0,0.0,0.0,0.0,0.0
2010-04-14,0.0,0.0,0.0,0.0,0.0,0.0,0.0,0.0,0.0,0.0
2010-04-15,0.0,0.0,0.0,0.0,0.0,0.0,0.0,0.0,0.0,0.0
2010-04-16,0.0,0.0,0.0,0.0,0.0,0.0,0.0,0.0,0.0,0.0
2010-04-19,0.0,0.0,0.0,0.0,0.0,0.0,0.0,0.0,0.0,0.0
2010-04-20,0.0,0.0,0.0,0.0,0.0,0.0,0.0,0.0,0.0,0.0
2010-04-21,0.0,0.0,0.0,0.0,0.0,0.0,0.0,0.0,0.0,0.0
2010-04-22,0.0,0.0,0.0,0.0,0.0,0.0,0.0,0.0,0.0,0.0
2010-04-23,0.0,0.0,0.0,0.0,0.0,0.0,0.0,0.0,0.0,0.0
2010-04-26,0.0,0.0,0.0,0.0,0.0,0.0,0.0,0.0,0.0,0.0
2010-04-27,0.0,0.0,0.0,0.0,0.0,0.0,0.0,0.0,0.0,0.0
2010-04-28,0.0,0.0,0.0,0.0,0.0,0.0,0.0,0.0,0.0,0.0
2010-04-29,0.0,0.0,0.0,0.0,0.0,0.0,0.0,0.0,0.0,0.0
2010-04-30,0.0,0.0,0.0,0.0,0.0,0.0,0.0,0.0,0.0,0.0
2010-05-03,0.0,0.0,0.0,0.0,0.0,0.0,0.0,0.0,0.0,0.0
2010-05-04,0.0,0.0,0.0,0.0,0.0,0.0,0.0,0.0,0.0,0.0
2010-05-05,0.0,0.0,0.0,0.0,0.0,0.0,0.0,0.0,0.0,0.0
2010-05-06,0.0,0.0,0.0,0.0,0.0,0.0,0.0,0.0,0.0,0.0
2010-05-07,0.0,0.0,0.0,0.0,0.0,0.0,0.0,0.0,0.0,0.0
2010-05-10,0.0,0.0,0.0,0.0,0.0,0.0,0.0,0.0,0.0,0.0
2010-05-11,0.0,0.0,0.0,0.0,0.0,0.0,0.0,0.0,0.0,0.0
2010-05-12,0.0,0.0,0.0,0.0,0.0,0.0,0.0,0.0,0.0,0.0
2010-05-13,0.0,0.0,0.0,0.0,0.0,0.0,0.0,0.0,0.0,0.0
2010-05-14,0.0,0.0,0.0,0.0,0.0,0.0,0.0,0.0,0.0,0.0
2010-05-17,0.0,0.0,0.0,0.0,0.0,0.0,0.0,0.0,0.0,0.0
2010-05-18,0.0,0.0,0.0,0.0,0.0,0.0,0.0,0.0,0.0,0.0
2010-05-19,0.0,0.0,0.0,0.0,0.0,0.0,0.0,0.0,0.0,0.0
2010-05-20,0.0,0.0,0.0,0.0,0.0,0.0,0.0,0.0,0.0,0.0
2010-05-21,0.0,0.0,0.0,0.0,0.0,0.0,0.0,0.0,0.0,0.0
2010-05-24,0.0,0.0,0.0,0.0,0.0,0.0,0.0,0.0,0.0,0.0
2010-05-25,0.0,0.0,0.0,0.0,0.0,0.0,0.0,0.0,0.0,0.0
2010-05-26,0.0,0.0,0.0,0.0,0.0,0.0,0.0,0.0,0.0,0.0
2010-05-27,0.0,0.0,0.0,0.0,0.0,0.0,0.0,0.0,0.0,0.0
2010-05-28,0.0,0.0,0.0,0.0,0.0,0.0,0.0,0.0,0.0,0.0
2010-05-31,0.0,0.0,0.0,0.0,0.0,0.0,0.0,0.0,0.0,0.0
2010-06-01,0.0,0.0,0.0,0.0,0.0,0.0,0.0,0.0,0.0,0.0
2010-06-02,0.0,0.0,0.0,0.0,0.0,0.0,0.0,0.0,0.0,0.0
2010-06-03,0.0,0.0,0.0,0.0,0.0,0.0,0.0,0.0,0.0,0.0
2010-06-04,0.0,0.0,0.0,0.0,0.0,0.0,0.0,0.0,0.0,0.0
2010-06-07,0.0,0.0,0.0,0.0,0.0,0.0,0.0,0.0,0.0,0.0
2010-06-08,0.0,0.0,0.0,0.0,0.0,0.0,0.0,0.0,0.0,0.0
2010-06-09,0.0,0.0,0.0,0.0,0.0,0.0,0.0,0.0,0.0,0.0
2010-06-10,0.0,0.0,0.0,0.0,0.0,0.0,0.0,0.0,0.0,0.0
2010-06-11,0.0,0.0,0.0,0.0,0.0,0.0,0.0,0.0,0.0,0.0
2010-06-14,0.0,0.0,0.0,0.0,0.0,0.0,0.0,0.0,0.0,0.0
2010-06-15,0.0,0.0,0.0,0.0,0.0,0.0,0.0,0.0,0.0,0.0
2010-06-17,0.0,0.0,0.0,0.0,0.0,0.0,0.0,0.0,0.0,0.0
2010-06-18,0.0,0.0,0.0,0.0,0.0,0.0,0.0,0.0,0.0,0.0
2010-06-21,0.0,0.0,0.0,0.0,0.0,0.0,0.0,0.0,0.0,0.0
2010-06-22,0.0,0.0,0.0,0.0,0.0,0.0,0.0,0.0,0.0,0.0
2010-06-23,0.0,0.0,0.0,0.0,0.0,0.0,0.0,0.0,0.0,0.0
2010-06-24,0.0,0.0,0.0,0.0,0.0,0.0,0.0,0.0,0.0,0.0
2010-06-25,0.0,0.0,0.0,0.0,0.0,0.0,0.0,0.0,0.0,0.0
2010-06-28,0.0,0.0,0.0,0.0,0.0,0.0,0.0,0.0,0.0,0.0
2010-06-29,0.0,0.0,0.0,0.0,0.0,0.0,0.0,0.0,0.0,0.0
2010-06-30,0.0,0.0,0.0,0.0,0.0,0.0,0.0,0.0,0.0,0.0
2010-07-01,0.0,0.0,0.0,0.0,0.0,0.0,0.0,0.0,0.0,0.0
2010-07-02,0.0,0.0,0.0,0.0,0.0,0.0,0.0,0.0,0.0,0.0
2010-07-05,0.0,0.0,0.0,0.0,0.0,0.0,0.0,0.0,0.0,0.0
2010-07-06,0.0,0.0,0.0,0.0,0.0,0.0,0.0,0.0,0.0,0.0
2010-07-07,0.0,0.0,0.0,0.0,0.0,0.0,0.0,0.0,0.0,0.0
2010-07-08,0.0,0.0,0.0,0.0,0.0,0.0,0.0,0.0,0.0,0.0
2010-07-09,0.0,0.0,0.0,0.0,0.0,0.0,0.0,0.0,0.0,0.0
2010-07-12,0.0,0.0,0.0,0.0,0.0,0.0,0.0,0.0,0.0,0.0
2010-07-13,0.0,0.0,0.0,0.0,0.0,0.0,0.0,0.0,0.0,0.0
2010-07-14,0.0,0.0,0.0,0.0,0.0,0.0,0.0,0.0,0.0,0.0
2010-07-15,0.0,0.0,0.0,0.0,0.0,0.0,0.0,0.0,0.0,0.0
2010-07-16,0.0,0.0,0.0,0.0,0.0,0.0,0.0,0.0,0.0,0.0
2010-07-19,0.0,0.0,0.0,0.0,0.0,0.0,0.0,0.0,0.0,0.0
2010-07-20,0.0,0.0,0.0,0.0,0.0,0.0,0.0,0.0,0.0,0.0
2010-07-21,0.0,0.0,0.0,0.0,0.0,0.0,0.0,0.0,0.0,0.0
2010-07-22,0.0,0.0,0.0,0.0,0.0,0.0,0.0,0.0,0.0,0.0
2010-07-23,0.0,0.0,0.0,0.0,0.0,0.0,0.0,0.0,0.0,0.0
2010-07-26,0.0,0.0,0.0,0.0,0.0,0.0,0.0,0.0,0.0,0.0
2010-07-27,0.0,0.0,0.0,0.0,0.0,0.0,0.0,0.0,0.0,0.0
2010-07-28,0.0,0.0,0.0,0.0,0.0,0.0,0.0,0.0,0.0,0.0
2010-07-29,0.0,0.0,0.0,0.0,0.0,0.0,0.0,0.0,0.0,0.0
2010-07-30,0.0,0.0,0.0,0.0,0.0,0.0,0.0,0.0,0.0,0.0
2010-08-02,0.0,0.0,0.0,0.0,0.0,0.0,0.0,0.0,0.0,0.0
2010-08-03,0.0,0.0,0.0,0.0,0.0,0.0,0.0,0.0,0.0,0.0
2010-08-04,0.0,0.0,0.0,0.0,0.0,0.0,0.0,0.0,0.0,0.0
2010-08-05,0.0,0.0,0.0,0.0,0.0,0.0,0.0,0.0,0.0,0.0
2010-08-06,0.0,0.0,0.0,0.0,0.0,0.0,0.0,0.0,0.0,0.0
2010-08-09,0.0,0.0,0.0,0.0,0.0,0.0,0.0,0.0,0.0,0.0
2010-08-10,0.0,0.0,0.0,0.0,0.0,0.0,0.0,0.0,0.0,0.0
2010-08-11,0.0,0.0,0.0,0.0,0.0,0.0,0.0,0.0,0.0,0.0
2010-08-12,0.0,0.0,0.0,0.0,0.0,0.0,0.0,0.0,0.0,0.0
2010-08-13,0.0,0.0,0.0,0.0,0.0,0.0,0.0,0.0,0.0,0.0
2010-08-16,0.0,0.0,0.0,0.0,0.0,0.0,0.0,0.0,0.0,0.0
2010-08-17,0.0,0.0,0.0,0.0,0.0,0.0,0.0,0.0,0.0,0.0
2010-08-18,0.0,0.0,0.0,0.0,0.0,0.0,0.0,0.0,0.0,0.0
2010-08-19,0.0,0.0,0.0,0.0,0.0,0.0,0.0,0.0,0.0,0.0
2010-08-20,0.0,0.0,0.0,0.0,0.0,0.0,0.0,0.0,0.0,0.0
2010-08-23,0.0,0.0,0.0,0.0,0.0,0.0,0.0,0.0,0.0,0.0
2010-08-24,0.0,0.0,0.0,0.0,0.0,0.0,0.0,0.0,0.0,0.0
2010-08-25,0.0,0.0,0.0,0.0,0.0,0.0,0.0,0.0,0.0,0.0
2010-08-26,0.0,0.0,0.0,0.0,0.0,0.0,0.0,0.0,0.0,0.0
2010-08-27,0.0,0.0,0.0,0.0,0.0,0.0,0.0,0.0,0.0,0.0
2010-08-30,0.0,0.0,0.0,0.0,0.0,0.0,0.0,0.0,0.0,0.0
2010-08-31,0.0,0.0,0.0,0.0,0.0,0.0,0.0,0.0,0.0,0.0
2010-09-01,0.0,0.0,0.0,0.0,0.0,0.0,0.0,0.0,0.0,0.0
2010-09-02,0.0,0.0,0.0,0.0,0.0,0.0,0.0,0.0,0.0,0.0
2010-09-03,0.0,0.0,0.0,0.0,0.0,0.0,0.0,0.0,0.0,0.0
2010-09-06,0.0,0.0,0.0,0.0,0.0,0.0,0.0,0.0,0.0,0.0
2010-09-07,0.0,0.0,0.0,0.0,0.0,0.0,0.0,0.0,0.0,0.0
2010-09-08,0.0,0.0,0.0,0.0,0.0,0.0,0.0,0.0,0.0,0.0
2010-09-09,0.0,0.0,0.0,0.0,0.0,0.0,0.0,0.0,0.0,0.0
2010-09-10,0.0,0.0,0.0,0.0,0.0,0.0,0.0,0.0,0.0,0.0
2010-09-13,0.0,0.0,0.0,0.0,0.0,0.0,0.0,0.0,0.0,0.0
2010-09-14,0.0,0.0,0.0,0.0,0.0,0.0,0.0,0.0,0.0,0.0
2010-09-15,0.0,0.0,0.0,0.0,0.0,0.0,0.0,0.0,0.0,0.0
2010-09-16,0.0,0.0,0.0,0.0,0.0,0.0,0.0,0.0,0.0,0.0
2010-09-17,0.0,0.0,0.0,0.0,0.0,0.0,0.0,0.0,0.0,0.0
2010-09-20,0.0,0.0,0.0,0.0,0.0,0.0,0.0,0.0,0.0,0.0
2010-09-21,0.0,0.0,0.0,0.0,0.0,0.0,0.0,0.0,0.0,0.0
2010-09-23,0.0,0.0,0.0,0.0,0.0,0.0,0.0,0.0,0.0,0.0
2010-09-24,0.0,0.0,0.0,0.0,0.0,0.0,0.0,0.0,0.0,0.0
2010-09-27,0.0,0.0,0.0,0.0,0.0,0.0,0.0,0.0,0.0,0.0
2010-09-28,0.0,0.0,0.0,0.0,0.0,0.0,0.0,0.0,0.0,0.0
2010-09-29,0.0,0.0,0.0,0.0,0.0,0.0,0.0,0.0,0.0,0.0
2010-09-30,0.0,0.0,0.0,0.0,0.0,0.0,0.0,0.0,0.0,0.0
2010-10-01,0.0,0.0,0.0,0.0,0.0,0.0,0.0,0.0,0.0,0.0
2010-10-04,0.0,0.0,0.0,0.0,0.0,0.0,0.0,0.0,0.0,0.0
2010-10-05,0.0,0.0,0.0,0.0,0.0,0.0,0.0,0.0,0.0,0.0
2010-10-06,0.0,0.0,0.0,0.0,0.0,0.0,0.0,0.0,0.0,0.0
2010-10-07,0.0,0.0,0.0,0.0,0.0,0.0,0.0,0.0,0.0,0.0
2010-10-08,0.0,0.0,0.0,0.0,0.0,0.0,0.0,0.0,0.0,0.0
2010-10-11,0.0,0.0,0.0,0.0,0.0,0.0,0.0,0.0,0.0,0.0
2010-10-12,0.0,0.0,0.0,0.0,0.0,0.0,0.0,0.0,0.0,0.0
2010-10-13,0.0,0.0,0.0,0.0,0.0,0.0,0.0,0.0,0.0,0.0
2010-10-14,0.0,0.0,0.0,0.0,0.0,0.0,0.0,0.0,0.0,0.0
2010-10-15,0.0,0.0,0.0,0.0,0.0,0.0,0.0,0.0,0.0,0.0
2010-10-18,0.0,0.0,0.0,0.0,0.0,0.0,0.0,0.0,0.0,0.0
2010-10-19,0.0,0.0,0.0,0.0,0.0,0.0,0.0,0.0,0.0,0.0
2010-10-20,0.0,0.0,0.0,0.0,0.0,0.0,0.0,0.0,0.0,0.0
2010-10-21,0.0,0.0,0.0,0.0,0.0,0.0,0.0,0.0,0.0,0.0
2010-10-22,0.0,0.0,0.0,0.0,0.0,0.0,0.0,0.0,0.0,0.0
2010-10-25,0.0,0.0,0.0,0.0,0.0,0.0,0.0,0.0,0.0,0.0
2010-10-26,0.0,0.0,0.0,0.0,0.0,0.0,0.0,0.0,0.0,0.0
2010-10-27,0.0,0.0,0.0,0.0,0.0,0.0,0.0,0.0,0.0,0.0
2010-10-28,0.0,0.0,0.0,0.0,0.0,0.0,0.0,0.0,0.0,0.0
2010-10-29,0.0,0.0,0.0,0.0,0.0,0.0,0.0,0.0,0.0,0.0
2010-11-01,0.0,0.0,0.0,0.0,0.0,0.0,0.0,0.0,0.0,0.0
2010-11-02,0.0,0.0,0.0,0.0,0.0,0.0,0.0,0.0,0.0,0.0
2010-11-03,0.0,0.0,0.0,0.0,0.0,0.0,0.0,0.0,0.0,0.0
2010-11-04,0.0,0.0,0.0,0.0,0.0,0.0,0.0,0.0,0.0,0.0
2010-11-05,0.0,0.0,0.0,0.0,0.0,0.0,0.0,0.0,0.0,0.0
2010-11-08,0.0,0.0,0.0,0.0,0.0,0.0,0.0,0.0,0.0,0.0
2010-11-09,0.0,0.0,0.0,0.0,0.0,0.0,0.0,0.0,0.0,0.0
2010-11-10,0.0,0.0,0.0,0.0,0.0,0.0,0.0,0.0,0.0,0.0
2010-11-11,0.0,0.0,0.0,0.0,0.0,0.0,0.0,0.0,0.0,0.0
2010-11-12,0.0,0.0,0.0,0.0,0.0,0.0,0.0,0.0,0.0,0.0
2010-11-15,0.0,0.0,0.0,0.0,0.0,0.0,0.0,0.0,0.0,0.0
2010-11-16,0.0,0.0,0.0,0.0,0.0,0.0,0.0,0.0,0.0,0.0
2010-11-17,0.0,0.0,0.0,0.0,0.0,0.0,0.0,0.0,0.0,0.0
2010-11-18,0.0,0.0,0.0,0.0,0.0,0.0,0.0,0.0,0.0,0.0
2010-11-19,0.0,0.0,0.0,0.0,0.0,0.0,0.0,0.0,0.0,0.0
2010-11-22,0.0,0.0,0.0,0.0,0.0,0.0,0.0,0.0,0.0,0.0
2010-11-23,0.0,0.0,0.0,0.0,0.0,0.0,0.0,0.0,0.0,0.0
2010-11-24,0.0,0.0,0.0,0.0,0.0,0.0,0.0,0.0,0.0,0.0
2010-11-25,0.0,0.0,0.0,0.0,0.0,0.0,0.0,0.0,0.0,0.0
2010-11-26,0.0,0.0,0.0,0.0,0.0,0.0,0.0,0.0,0.0,0.0
2010-11-29,0.0,0.0,0.0,0.0,0.0,0.0,0.0,0.0,0.0,0.0
2010-11-30,0.0,0.0,0.0,0.0,0.0,0.0,0.0,0.0,0.0,0.0
2010-12-01,0.0,0.0,0.0,0.0,0.0,0.0,0.0,0.0,0.0,0.0
2010-12-02,0.0,0.0,0.0,0.0,0.0,0.0,0.0,0.0,0.0,0.0
2010-12-03,0.0,0.0,0.0,0.0,0.0,0.0,0.0,0.0,0.0,0.0
2010-12-06,0.0,0.0,0.0,0.0,0.0,0.0,0.0,0.0,0.0,0.0
2010-12-07,0.0,0.0,0.0,0.0,0.0,0.0,0.0,0.0,0.0,0.0
2010-12-08,0.0,0.0,0.0,0.0,0.0,0.0,0.0,0.0,0.0,0.0
2010-12-09,0.0,0.0,0.0,0.0,0.0,0.0,0.0,0.0,0.0,0.0
2010-12-10,0.0,0.0,0.0,0.0,0.0,0.0,0.0,0.0,0.0,0.0
2010-12-13,0.0,0.0,0.0,0.0,0.0,0.0,0.0,0.0,0.0,0.0
2010-12-14,0.0,0.0,0.0,0.0,0.0,0.0,0.0,0.0,0.0,0.0
2010-12-15,0.0,0.0,0.0,0.0,0.0,0.0,0.0,0.0,0.0,0.0
2010-12-16,0.0,0.0,0.0,0.0,0.0,0.0,0.0,0.0,0.0,0.0
2010-12-17,0.0,0.0,0.0,0.0,0.0,0.0,0.0,0.0,0.0,0.0
2010-12-20,0.0,0.0,0.0,0.0,0.0,0.0,0.0,0.0,0.0,0.0
2010-12-21,0.0,0.0,0.0,0.0,0.0,0.0,0.0,0.0,0.0,0.0
2010-12-22,0.0,0.0,0.0,0.0,0.0,0.0,0.0,0.0,0.0,0.0
2010-12-23,0.0,0.0,0.0,0.0,0.0,0.0,0.0,0.0,0.0,0.0
2010-12-24,0.0,0.0,0.0,0.0,0.0,0.0,0.0,0.0,0.0,0.0
2010-12-27,0.0,0.0,0.0,0.0,0.0,0.0,0.0,0.0,0.0,0.0
2010-12-28,0.0,0.0,0.0,0.0,0.0,0.0,0.0,0.0,0.0,0.0
2010-12-29,0.0,0.0,0.0,0.0,0.0,0.0,0.0,0.0,0.0,0.0
2010-12-30,0.0,0.0,0.0,0.0,0.0,0.0,0.0,0.0,0.0,0.0
2010-12-31,0.0,0.0,0.0,0.0,0.0,0.0,0.0,0.0,0.0,0.0
2011-01-03,0.0,0.0,0.0,0.0,0.0,0.0,0.0,0.0,0.0,0.0
2011-01-04,0.0,0.0,0.0,0.0,0.0,0.0,0.0,0.0,0.0,0.0
2011-01-05,0.0,0.0,0.0,0.0,0.0,0.0,0.0,0.0,0.0,0.0
2011-01-06,0.0,0.0,0.0,0.0,0.0,0.0,0.0,0.0,0.0,0.0
2011-01-07,0.0,0.0,0.0,0.0,0.0,0.0,0.0,0.0,0.0,0.0
2011-01-10,0.0,0.0,0.0,0.0,0.0,0.0,0.0,0.0,0.0,0.0
2011-01-11,0.0,0.0,0.0,0.0,0.0,0.0,0.0,0.0,0.0,0.0
2011-01-12,0.0,0.0,0.0,0.0,0.0,0.0,0.0,0.0,0.0,0.0
2011-01-13,0.0,0.0,0.0,0.0,0.0,0.0,0.0,0.0,0.0,0.0
2011-01-14,0.0,0.0,0.0,0.0,0.0,0.0,0.0,0.0,0.0,0.0
2011-01-17,0.0,0.0,0.0,0.0,0.0,0.0,0.0,0.0,0.0,0.0
2011-01-18,0.0,0.0,0.0,0.0,0.0,0.0,0.0,0.0,0.0,0.0
2011-01-19,0.0,0.0,0.0,0.0,0.0,0.0,0.0,0.0,0.0,0.0
2011-01-20,0.0,0.0,0.0,0.0,0.0,0.0,0.0,0.0,0.0,0.0
2011-01-21,0.0,0.0,0.0,0.0,0.0,0.0,0.0,0.0,0.0,0.0
2011-01-24,0.0,0.0,0.0,0.0,0.0,0.0,0.0,0.0,0.0,0.0
2011-01-25,0.0,0.0,0.0,0.0,0.0,0.0,0.0,0.0,0.0,0.0
2011-01-26,0.0,0.0,0.0,0.0,0.0,0.0,0.0,0.0,0.0,0.0
2011-01-27,0.0,0.0,0.0,0.0,0.0,0.0,0.0,0.0,0.0,0.0
2011-01-28,0.0,0.0,0.0,0.0,0.0,0.0,0.0,0.0,0.0,0.0
2011-02-08,0.0,0.0,0.0,0.0,0.0,0.0,0.0,0.0,0.0,0.0
2011-02-09,0.0,0.0,0.0,0.0,0.0,0.0,0.0,0.0,0.0,0.0
2011-02-10,0.0,0.0,0.0,0.0,0.0,0.0,0.0,0.0,0.0,0.0
2011-02-11,0.0,0.0,0.0,0.0,0.0,0.0,0.0,0.0,0.0,0.0
2011-02-14,0.0,0.0,0.0,0.0,0.0,0.0,0.0,0.0,0.0,0.0
2011-02-15,0.0,0.0,0.0,0.0,0.0,0.0,0.0,0.0,0.0,0.0
2011-02-16,0.0,0.0,0.0,0.0,0.0,0.0,0.0,0.0,0.0,0.0
2011-02-17,0.0,0.0,0.0,0.0,0.0,0.0,0.0,0.0,0.0,0.0
2011-02-18,0.0,0.0,0.0,0.0,0.0,0.0,0.0,0.0,0.0,0.0
2011-02-21,0.0,0.0,0.0,0.0,0.0,0.0,0.0,0.0,0.0,0.0
2011-02-22,0.0,0.0,0.0,0.0,0.0,0.0,0.0,0.0,0.0,0.0
2011-02-23,0.0,0.0,0.0,0.0,0.0,0.0,0.0,0.0,0.0,0.0
2011-02-24,0.0,0.0,0.0,0.0,0.0,0.0,0.0,0.0,0.0,0.0
2011-02-25,0.0,0.0,0.0,0.0,0.0,0.0,0.0,0.0,0.0,0.0
2011-03-01,0.0,0.0,0.0,0.0,0.0,0.0,0.0,0.0,0.0,0.0
2011-03-02,0.0,0.0,0.0,0.0,0.0,0.0,0.0,0.0,0.0,0.0
2011-03-03,0.0,0.0,0.0,0.0,0.0,0.0,0.0,0.0,0.0,0.0
2011-03-04,0.0,0.0,0.0,0.0,0.0,0.0,0.0,0.0,0.0,0.0
2011-03-07,0.0,0.0,0.0,0.0,0.0,0.0,0.0,0.0,0.0,0.0
2011-03-08,0.0,0.0,0.0,0.0,0.0,0.0,0.0,0.0,0.0,0.0
2011-03-09,0.0,0.0,0.0,0.0,0.0,0.0,0.0,0.0,0.0,0.0
2011-03-10,0.0,0.0,0.0,0.0,0.0,0.0,0.0,0.0,0.0,0.0
2011-03-11,0.0,0.0,0.0,0.0,0.0,0.0,0.0,0.0,0.0,0.0
2011-03-14,0.0,0.0,0.0,0.0,0.0,0.0,0.0,0.0,0.0,0.0
2011-03-15,0.0,0.0,0.0,0.0,0.0,0.0,0.0,0.0,0.0,0.0
2011-03-16,0.0,0.0,0.0,0.0,0.0,0.0,0.0,0.0,0.0,0.0
2011-03-17,0.0,0.0,0.0,0.0,0.0,0.0,0.0,0.0,0.0,0.0
2011-03-18,0.0,0.0,0.0,0.0,0.0,0.0,0.0,0.0,0.0,0.0
2011-03-21,0.0,0.0,0.0,0.0,0.0,0.0,0.0,0.0,0.0,0.0
2011-03-22,0.0,0.0,0.0,0.0,0.0,0.0,0.0,0.0,0.0,0.0
2011-03-23,0.0,0.0,0.0,0.0,0.0,0.0,0.0,0.0,0.0,0.0
2011-03-24,0.0,0.0,0.0,0.0,0.0,0.0,0.0,0.0,0.0,0.0
2011-03-25,0.0,0.0,0.0,0.0,0.0,0.0,0.0,0.0,0.0,0.0
2011-03-28,0.0,0.0,0.0,0.0,0.0,0.0,0.0,0.0,0.0,0.0
2011-03-29,0.0,0.0,0.0,0.0,0.0,0.0,0.0,0.0,0.0,0.0
2011-03-30,0.0,0.0,0.0,0.0,0.0,0.0,0.0,0.0,0.0,0.0
2011-03-31,0.0,0.0,0.0,0.0,0.0,0.0,0.0,0.0,0.0,0.0
2011-04-01,0.0,0.0,0.0,0.0,0.0,0.0,0.0,0.0,0.0,0.0
2011-04-06,0.0,0.0,0.0,0.0,0.0,0.0,0.0,0.0,0.0,0.0
2011-04-07,0.0,0.0,0.0,0.0,0.0,0.0,0.0,0.0,0.0,0.0
2011-04-08,0.0,0.0,0.0,0.0,0.0,0.0,0.0,0.0,0.0,0.0
2011-04-11,0.0,0.0,0.0,0.0,0.0,0.0,0.0,0.0,0.0,0.0
2011-04-12,0.0,0.0,0.0,0.0,0.0,0.0,0.0,0.0,0.0,0.0
2011-04-13,0.0,0.0,0.0,0.0,0.0,0.0,0.0,0.0,0.0,0.0
2011-04-14,0.0,0.0,0.0,0.0,0.0,0.0,0.0,0.0,0.0,0.0
2011-04-15,0.0,0.0,0.0,0.0,0.0,0.0,0.0,0.0,0.0,0.0
2011-04-18,0.0,0.0,0.0,0.0,0.0,0.0,0.0,0.0,0.0,0.0
2011-04-19,0.0,0.0,0.0,0.0,0.0,0.0,0.0,0.0,0.0,0.0
2011-04-20,0.0,0.0,0.0,0.0,0.0,0.0,0.0,0.0,0.0,0.0
2011-04-21,0.0,0.0,0.0,0.0,0.0,0.0,0.0,0.0,0.0,0.0
2011-04-22,0.0,0.0,0.0,0.0,0.0,0.0,0.0,0.0,0.0,0.0
2011-04-25,0.0,0.0,0.0,0.0,0.0,0.0,0.0,0.0,0.0,0.0
2011-04-26,0.0,0.0,0.0,0.0,0.0,0.0,0.0,0.0,0.0,0.0
2011-04-27,0.0,0.0,0.0,0.0,0.0,0.0,0.0,0.0,0.0,0.0
2011-04-28,0.0,0.0,0.0,0.0,0.0,0.0,0.0,0.0,0.0,0.0
2011-04-29,0.0,0.0,0.0,0.0,0.0,0.0,0.0,0.0,0.0,0.0
2011-05-03,0.0,0.0,0.0,0.0,0.0,0.0,0.0,0.0,0.0,0.0
2011-05-04,0.0,0.0,0.0,0.0,0.0,0.0,0.0,0.0,0.0,0.0
2011-05-05,0.0,0.0,0.0,0.0,0.0,0.0,0.0,0.0,0.0,0.0
2011-05-06,0.0,0.0,0.0,0.0,0.0,0.0,0.0,0.0,0.0,0.0
2011-05-09,0.0,0.0,0.0,0.0,0.0,0.0,0.0,0.0,0.0,0.0
2011-05-10,0.0,0.0,0.0,0.0,0.0,0.0,0.0,0.0,0.0,0.0
2011-05-11,0.0,0.0,0.0,0.0,0.0,0.0,0.0,0.0,0.0,0.0
2011-05-12,0.0,0.0,0.0,0.0,0.0,0.0,0.0,0.0,0.0,0.0
2011-05-13,0.0,0.0,0.0,0.0,0.0,0.0,0.0,0.0,0.0,0.0
2011-05-16,0.0,0.0,0.0,0.0,0.0,0.0,0.0,0.0,0.0,0.0
2011-05-17,0.0,0.0,0.0,0.0,0.0,0.0,0.0,0.0,0.0,0.0
2011-05-18,0.0,0.0,0.0,0.0,0.0,0.0,0.0,0.0,0.0,0.0
2011-05-19,0.0,0.0,0.0,0.0,0.0,0.0,0.0,0.0,0.0,0.0
2011-05-20,0.0,0.0,0.0,0.0,0.0,0.0,0.0,0.0,0.0,0.0
2011-05-23,0.0,0.0,0.0,0.0,0.0,0.0,0.0,0.0,0.0,0.0
2011-05-24,0.0,0.0,0.0,0.0,0.0,0.0,0.0,0.0,0.0,0.0
2011-05-25,0.0,0.0,0.0,0.0,0.0,0.0,0.0,0.0,0.0,0.0
2011-05-26,0.0,0.0,0.0,0.0,0.0,0.0,0.0,0.0,0.0,0.0
2011-05-27,0.0,0.0,0.0,0.0,0.0,0.0,0.0,0.0,0.0,0.0
2011-05-30,0.0,0.0,0.0,0.0,0.0,0.0,0.0,0.0,0.0,0.0
2011-05-31,0.0,0.0,0.0,0.0,0.0,0.0,0.0,0.0,0.0,0.0
2011-06-01,0.0,0.0,0.0,0.0,0.0,0.0,0.0,0.0,0.0,0.0
2011-06-02,0.0,0.0,0.0,0.0,0.0,0.0,0.0,0.0,0.0,0.0
2011-06-03,0.0,0.0,0.0,0.0,0.0,0.0,0.0,0.0,0.0,0.0
2011-06-07,0.0,0.0,0.0,0.0,0.0,0.0,0.0,0.0,0.0,0.0
2011-06-08,0.0,0.0,0.0,0.0,0.0,0.0,0.0,0.0,0.0,0.0
2011-06-09,0.0,0.0,0.0,0.0,0.0,0.0,0.0,0.0,0.0,0.0
2011-06-10,0.0,0.0,0.0,0.0,0.0,0.0,0.0,0.0,0.0,0.0
2011-06-13,0.0,0.0,0.0,0.0,0.0,0.0,0.0,0.0,0.0,0.0
2011-06-14,0.0,0.0,0.0,0.0,0.0,0.0,0.0,0.0,0.0,0.0
2011-06-15,0.0,0.0,0.0,0.0,0.0,0.0,0.0,0.0,0.0,0.0
2011-06-16,0.0,0.0,0.0,0.0,0.0,0.0,0.0,0.0,0.0,0.0
2011-06-17,0.0,0.0,0.0,0.0,0.0,0.0,0.0,0.0,0.0,0.0
2011-06-20,0.0,0.0,0.0,0.0,0.0,0.0,0.0,0.0,0.0,0.0
2011-06-21,0.0,0.0,0.0,0.0,0.0,0.0,0.0,0.0,0.0,0.0
2011-06-22,0.0,0.0,0.0,0.0,0.0,0.0,0.0,0.0,0.0,0.0
2011-06-23,0.0,0.0,0.0,0.0,0.0,0.0,0.0,0.0,0.0,0.0
2011-06-24,0.0,0.0,0.0,0.0,0.0,0.0,0.0,0.0,0.0,0.0
2011-06-27,0.0,0.0,0.0,0.0,0.0,0.0,0.0,0.0,0.0,0.0
2011-06-28,0.0,0.0,0.0,0.0,0.0,0.0,0.0,0.0,0.0,0.0
2011-06-29,0.0,0.0,0.0,0.0,0.0,0.0,0.0,0.0,0.0,0.0
2011-06-30,0.0,0.0,0.0,0.0,0.0,0.0,0.0,0.0,0.0,0.0
2011-07-01,0.0,0.0,0.0,0.0,0.0,0.0,0.0,0.0,0.0,0.0
2011-07-04,0.0,0.0,0.0,0.0,0.0,0.0,0.0,0.0,0.0,0.0
2011-07-05,0.0,0.0,0.0,0.0,0.0,0.0,0.0,0.0,0.0,0.0
2011-07-06,0.0,0.0,0.0,0.0,0.0,0.0,0.0,0.0,0.0,0.0
2011-07-07,0.0,0.0,0.0,0.0,0.0,0.0,0.0,0.0,0.0,0.0
2011-07-08,0.0,0.0,0.0,0.0,0.0,0.0,0.0,0.0,0.0,0.0
2011-07-11,0.0,0.0,0.0,0.0,0.0,0.0,0.0,0.0,0.0,0.0
2011-07-12,0.0,0.0,0.0,0.0,0.0,0.0,0.0,0.0,0.0,0.0
2011-07-13,0.0,0.0,0.0,0.0,0.0,0.0,0.0,0.0,0.0,0.0
2011-07-14,0.0,0.0,0.0,0.0,0.0,0.0,0.0,0.0,0.0,0.0
2011-07-15,0.0,0.0,0.0,0.0,0.0,0.0,0.0,0.0,0.0,0.0
2011-07-18,0.0,0.0,0.0,0.0,0.0,0.0,0.0,0.0,0.0,0.0
2011-07-19,0.0,0.0,0.0,0.0,0.0,0.0,0.0,0.0,0.0,0.0
2011-07-20,0.0,0.0,0.0,0.0,0.0,0.0,0.0,0.0,0.0,0.0
2011-07-21,0.0,0.0,0.0,0.0,0.0,0.0,0.0,0.0,0.0,0.0
2011-07-22,0.0,0.0,0.0,0.0,0.0,0.0,0.0,0.0,0.0,0.0
2011-07-25,0.0,0.0,0.0,0.0,0.0,0.0,0.0,0.0,0.0,0.0
2011-07-26,0.0,0.0,0.0,0.0,0.0,0.0,0.0,0.0,0.0,0.0
2011-07-27,0.0,0.0,0.0,0.0,0.0,0.0,0.0,0.0,0.0,0.0
2011-07-28,0.0,0.0,0.0,0.0,0.0,0.0,0.0,0.0,0.0,0.0
2011-07-29,0.0,0.0,0.0,0.0,0.0,0.0,0.0,0.0,0.0,0.0
2011-08-01,0.0,0.0,0.0,0.0,0.0,0.0,0.0,0.0,0.0,0.0
2011-08-02,0.0,0.0,0.0,0.0,0.0,0.0,0.0,0.0,0.0,0.0
2011-08-03,0.0,0.0,0.0,0.0,0.0,0.0,0.0,0.0,0.0,0.0
2011-08-04,0.0,0.0,0.0,0.0,0.0,0.0,0.0,0.0,0.0,0.0
2011-08-05,0.0,0.0,0.0,0.0,0.0,0.0,0.0,0.0,0.0,0.0
2011-08-08,0.0,0.0,0.0,0.0,0.0,0.0,0.0,0.0,0.0,0.0
2011-08-09,0.0,0.0,0.0,0.0,0.0,0.0,0.0,0.0,0.0,0.0
2011-08-10,0.0,0.0,0.0,0.0,0.0,0.0,0.0,0.0,0.0,0.0
2011-08-11,0.0,0.0,0.0,0.0,0.0,0.0,0.0,0.0,0.0,0.0
2011-08-12,0.0,0.0,0.0,0.0,0.0,0.0,0.0,0.0,0.0,0.0
2011-08-15,0.0,0.0,0.0,0.0,0.0,0.0,0.0,0.0,0.0,0.0
2011-08-16,0.0,0.0,0.0,0.0,0.0,0.0,0.0,0.0,0.0,0.0
2011-08-17,0.0,0.0,0.0,0.0,0.0,0.0,0.0,0.0,0.0,0.0
2011-08-18,0.0,0.0,0.0,0.0,0.0,0.0,0.0,0.0,0.0,0.0
2011-08-19,0.0,0.0,0.0,0.0,0.0,0.0,0.0,0.0,0.0,0.0
2011-08-22,0.0,0.0,0.0,0.0,0.0,0.0,0.0,0.0,0.0,0.0
2011-08-23,0.0,0.0,0.0,0.0,0.0,0.0,0.0,0.0,0.0,0.0
2011-08-24,0.0,0.0,0.0,0.0,0.0,0.0,0.0,0.0,0.0,0.0
2011-08-25,0.0,0.0,0.0,0.0,0.0,0.0,0.0,0.0,0.0,0.0
2011-08-26,0.0,0.0,0.0,0.0,0.0,0.0,0.0,0.0,0.0,0.0
2011-08-29,0.0,0.0,0.0,0.0,0.0,0.0,0.0,0.0,0.0,0.0
2011-08-30,0.0,0.0,0.0,0.0,0.0,0.0,0.0,0.0,0.0,0.0
2011-08-31,0.0,0.0,0.0,0.0,0.0,0.0,0.0,0.0,0.0,0.0
2011-09-01,0.0,0.0,0.0,0.0,0.0,0.0,0.0,0.0,0.0,0.0
2011-09-02,0.0,0.0,0.0,0.0,0.0,0.0,0.0,0.0,0.0,0.0
2011-09-05,0.0,0.0,0.0,0.0,0.0,0.0,0.0,0.0,0.0,0.0
2011-09-06,0.0,0.0,0.0,0.0,0.0,0.0,0.0,0.0,0.0,0.0
2011-09-07,0.0,0.0,0.0,0.0,0.0,0.0,0.0,0.0,0.0,0.0
2011-09-08,0.0,0.0,0.0,0.0,0.0,0.0,0.0,0.0,0.0,0.0
2011-09-09,0.0,0.0,0.0,0.0,0.0,0.0,0.0,0.0,0.0,0.0
2011-09-13,0.0,0.0,0.0,0.0,0.0,0.0,0.0,0.0,0.0,0.0
2011-09-14,0.0,0.0,0.0,0.0,0.0,0.0,0.0,0.0,0.0,0.0
2011-09-15,0.0,0.0,0.0,0.0,0.0,0.0,0.0,0.0,0.0,0.0
2011-09-16,0.0,0.0,0.0,0.0,0.0,0.0,0.0,0.0,0.0,0.0
2011-09-19,0.0,0.0,0.0,0.0,0.0,0.0,0.0,0.0,0.0,0.0
2011-09-20,0.0,0.0,0.0,0.0,0.0,0.0,0.0,0.0,0.0,0.0
2011-09-21,0.0,0.0,0.0,0.0,0.0,0.0,0.0,0.0,0.0,0.0
2011-09-22,0.0,0.0,0.0,0.0,0.0,0.0,0.0,0.0,0.0,0.0
2011-09-23,0.0,0.0,0.0,0.0,0.0,0.0,0.0,0.0,0.0,0.0
2011-09-26,0.0,0.0,0.0,0.0,0.0,0.0,0.0,0.0,0.0,0.0
2011-09-27,0.0,0.0,0.0,0.0,0.0,0.0,0.0,0.0,0.0,0.0
2011-09-28,0.0,0.0,0.0,0.0,0.0,0.0,0.0,0.0,0.0,0.0
2011-09-29,0.0,0.0,0.0,0.0,0.0,0.0,0.0,0.0,0.0,0.0
2011-09-30,0.0,0.0,0.0,0.0,0.0,0.0,0.0,0.0,0.0,0.0
2011-10-03,0.0,0.0,0.0,0.0,0.0,0.0,0.0,0.0,0.0,0.0
2011-10-04,0.0,0.0,0.0,0.0,0.0,0.0,0.0,0.0,0.0,0.0
2011-10-05,0.0,0.0,0.0,0.0,0.0,0.0,0.0,0.0,0.0,0.0
2011-10-06,0.0,0.0,0.0,0.0,0.0,0.0,0.0,0.0,0.0,0.0
2011-10-07,0.0,0.0,0.0,0.0,0.0,0.0,0.0,0.0,0.0,0.0
2011-10-11,0.0,0.0,0.0,0.0,0.0,0.0,0.0,0.0,0.0,0.0
2011-10-12,0.0,0.0,0.0,0.0,0.0,0.0,0.0,0.0,0.0,0.0
2011-10-13,0.0,0.0,0.0,0.0,0.0,0.0,0.0,0.0,0.0,0.0
2011-10-14,0.0,0.0,0.0,0.0,0.0,0.0,0.0,0.0,0.0,0.0
2011-10-17,0.0,0.0,0.0,0.0,0.0,0.0,0.0,0.0,0.0,0.0
2011-10-18,0.0,0.0,0.0,0.0,0.0,0.0,0.0,0.0,0.0,0.0
2011-10-19,0.0,0.0,0.0,0.0,0.0,0.0,0.0,0.0,0.0,0.0
2011-10-20,0.0,0.0,0.0,0.0,0.0,0.0,0.0,0.0,0.0,0.0
2011-10-21,0.0,0.0,0.0,0.0,0.0,0.0,0.0,0.0,0.0,0.0
2011-10-24,0.0,0.0,0.0,0.0,0.0,0.0,0.0,0.0,0.0,0.0
2011-10-25,0.0,0.0,0.0,0.0,0.0,0.0,0.0,0.0,0.0,0.0
2011-10-26,0.0,0.0,0.0,0.0,0.0,0.0,0.0,0.0,0.0,0.0
2011-10-27,0.0,0.0,0.0,0.0,0.0,0.0,0.0,0.0,0.0,0.0
2011-10-28,0.0,0.0,0.0,0.0,0.0,0.0,0.0,0.0,0.0,0.0
2011-10-31,0.0,0.0,0.0,0.0,0.0,0.0,0.0,0.0,0.0,0.0
2011-11-01,0.0,0.0,0.0,0.0,0.0,0.0,0.0,0.0,0.0,0.0
2011-11-02,0.0,0.0,0.0,0.0,0.0,0.0,0.0,0.0,0.0,0.0
2011-11-03,0.0,0.0,0.0,0.0,0.0,0.0,0.0,0.0,0.0,0.0
2011-11-04,0.0,0.0,0.0,0.0,0.0,0.0,0.0,0.0,0.0,0.0
2011-11-07,0.0,0.0,0.0,0.0,0.0,0.0,0.0,0.0,0.0,0.0
2011-11-08,0.0,0.0,0.0,0.0,0.0,0.0,0.0,0.0,0.0,0.0
2011-11-09,0.0,0.0,0.0,0.0,0.0,0.0,0.0,0.0,0.0,0.0
2011-11-10,0.0,0.0,0.0,0.0,0.0,0.0,0.0,0.0,0.0,0.0
2011-11-11,0.0,0.0,0.0,0.0,0.0,0.0,0.0,0.0,0.0,0.0
2011-11-14,0.0,0.0,0.0,0.0,0.0,0.0,0.0,0.0,0.0,0.0
2011-11-15,0.0,0.0,0.0,0.0,0.0,0.0,0.0,0.0,0.0,0.0
2011-11-16,0.0,0.0,0.0,0.0,0.0,0.0,0.0,0.0,0.0,0.0
2011-11-17,0.0,0.0,0.0,0.0,0.0,0.0,0.0,0.0,0.0,0.0
2011-11-18,0.0,0.0,0.0,0.0,0.0,0.0,0.0,0.0,0.0,0.0
2011-11-21,0.0,0.0,0.0,0.0,0.0,0.0,0.0,0.0,0.0,0.0
2011-11-22,0.0,0.0,0.0,0.0,0.0,0.0,0.0,0.0,0.0,0.0
2011-11-23,0.0,0.0,0.0,0.0,0.0,0.0,0.0,0.0,0.0,0.0
2011-11-24,0.0,0.0,0.0,0.0,0.0,0.0,0.0,0.0,0.0,0.0
2011-11-25,0.0,0.0,0.0,0.0,0.0,0.0,0.0,0.0,0.0,0.0
2011-11-28,0.0,0.0,0.0,0.0,0.0,0.0,0.0,0.0,0.0,0.0
2011-11-29,0.0,0.0,0.0,0.0,0.0,0.0,0.0,0.0,0.0,0.0
2011-11-30,0.0,0.0,0.0,0.0,0.0,0.0,0.0,0.0,0.0,0.0
2011-12-01,0.0,0.0,0.0,0.0,0.0,0.0,0.0,0.0,0.0,0.0
2011-12-02,0.0,0.0,0.0,0.0,0.0,0.0,0.0,0.0,0.0,0.0
2011-12-05,0.0,0.0,0.0,0.0,0.0,0.0,0.0,0.0,0.0,0.0
2011-12-06,0.0,0.0,0.0,0.0,0.0,0.0,0.0,0.0,0.0,0.0
2011-12-07,0.0,0.0,0.0,0.0,0.0,0.0,0.0,0.0,0.0,0.0
2011-12-08,0.0,0.0,0.0,0.0,0.0,0.0,0.0,0.0,0.0,0.0
2011-12-09,0.0,0.0,0.0,0.0,0.0,0.0,0.0,0.0,0.0,0.0
2011-12-12,0.0,0.0,0.0,0.0,0.0,0.0,0.0,0.0,0.0,0.0
2011-12-13,0.0,0.0,0.0,0.0,0.0,0.0,0.0,0.0,0.0,0.0
2011-12-14,0.0,0.0,0.0,0.0,0.0,0.0,0.0,0.0,0.0,0.0
2011-12-15,0.0,0.0,0.0,0.0,0.0,0.0,0.0,0.0,0.0,0.0
2011-12-16,0.0,0.0,0.0,0.0,0.0,0.0,0.0,0.0,0.0,0.0
2011-12-19,0.0,0.0,0.0,0.0,0.0,0.0,0.0,0.0,0.0,0.0
2011-12-20,0.0,0.0,0.0,0.0,0.0,0.0,0.0,0.0,0.0,0.0
2011-12-21,0.0,0.0,0.0,0.0,0.0,0.0,0.0,0.0,0.0,0.0
2011-12-22,0.0,0.0,0.0,0.0,0.0,0.0,0.0,0.0,0.0,0.0
2011-12-23,0.0,0.0,0.0,0.0,0.0,0.0,0.0,0.0,0.0,0.0
2011-12-26,0.0,0.0,0.0,0.0,0.0,0.0,0.0,0.0,0.0,0.0
2011-12-27,0.0,0.0,0.0,0.0,0.0,0.0,0.0,0.0,0.0,0.0
2011-12-28,0.0,0.0,0.0,0.0,0.0,0.0,0.0,0.0,0.0,0.0
2011-12-29,0.0,0.0,0.0,0.0,0.0,0.0,0.0,0.0,0.0,0.0
2011-12-30,0.0,0.0,0.0,0.0,0.0,0.0,0.0,0.0,0.0,0.0
2012-01-02,0.0,0.0,0.0,0.0,0.0,0.0,0.0,0.0,0.0,0.0
2012-01-03,0.0,0.0,0.0,0.0,0.0,0.0,0.0,0.0,0.0,0.0
2012-01-04,0.0,0.0,0.0,0.0,0.0,0.0,0.0,0.0,0.0,0.0
2012-01-05,0.0,0.0,0.0,0.0,0.0,0.0,0.0,0.0,0.0,0.0
2012-01-06,0.0,0.0,0.0,0.0,0.0,0.0,0.0,0.0,0.0,0.0
2012-01-09,0.0,0.0,0.0,0.0,0.0,0.0,0.0,0.0,0.0,0.0
2012-01-10,0.0,0.0,0.0,0.0,0.0,0.0,0.0,0.0,0.0,0.0
2012-01-11,0.0,0.0,0.0,0.0,0.0,0.0,0.0,0.0,0.0,0.0
2012-01-12,0.0,0.0,0.0,0.0,0.0,0.0,0.0,0.0,0.0,0.0
2012-01-13,0.0,0.0,0.0,0.0,0.0,0.0,0.0,0.0,0.0,0.0
2012-01-16,0.0,0.0,0.0,0.0,0.0,0.0,0.0,0.0,0.0,0.0
2012-01-17,0.0,0.0,0.0,0.0,0.0,0.0,0.0,0.0,0.0,0.0
2012-01-18,0.0,0.0,0.0,0.0,0.0,0.0,0.0,0.0,0.0,0.0
2012-01-30,0.0,0.0,0.0,0.0,0.0,0.0,0.0,0.0,0.0,0.0
2012-01-31,0.0,0.0,0.0,0.0,0.0,0.0,0.0,0.0,0.0,0.0
2012-02-01,0.0,0.0,0.0,0.0,0.0,0.0,0.0,0.0,0.0,0.0
2012-02-02,0.0,0.0,0.0,0.0,0.0,0.0,0.0,0.0,0.0,0.0
2012-02-03,0.0,0.0,0.0,0.0,0.0,0.0,0.0,0.0,0.0,0.0
2012-02-04,0.0,0.0,0.0,0.0,0.0,0.0,0.0,0.0,0.0,0.0
2012-02-06,0.0,0.0,0.0,0.0,0.0,0.0,0.0,0.0,0.0,0.0
2012-02-07,0.0,0.0,0.0,0.0,0.0,0.0,0.0,0.0,0.0,0.0
2012-02-08,0.0,0.0,0.0,0.0,0.0,0.0,0.0,0.0,0.0,0.0
2012-02-09,0.0,0.0,0.0,0.0,0.0,0.0,0.0,0.0,0.0,0.0
2012-02-10,0.0,0.0,0.0,0.0,0.0,0.0,0.0,0.0,0.0,0.0
2012-02-13,0.0,0.0,0.0,0.0,0.0,0.0,0.0,0.0,0.0,0.0
2012-02-14,0.0,0.0,0.0,0.0,0.0,0.0,0.0,0.0,0.0,0.0
2012-02-15,0.0,0.0,0.0,0.0,0.0,0.0,0.0,0.0,0.0,0.0
2012-02-16,0.0,0.0,0.0,0.0,0.0,0.0,0.0,0.0,0.0,0.0
2012-02-17,0.0,0.0,0.0,0.0,0.0,0.0,0.0,0.0,0.0,0.0
2012-02-20,0.0,0.0,0.0,0.0,0.0,0.0,0.0,0.0,0.0,0.0
2012-02-21,0.0,0.0,0.0,0.0,0.0,0.0,0.0,0.0,0.0,0.0
2012-02-22,0.0,0.0,0.0,0.0,0.0,0.0,0.0,0.0,0.0,0.0
2012-02-23,0.0,0.0,0.0,0.0,0.0,0.0,0.0,0.0,0.0,0.0
2012-02-24,0.0,0.0,0.0,0.0,0.0,0.0,0.0,0.0,0.0,0.0
2012-02-29,0.0,0.0,0.0,0.0,0.0,0.0,0.0,0.0,0.0,0.0
2012-03-01,0.0,0.0,0.0,0.0,0.0,0.0,0.0,0.0,0.0,0.0
2012-03-02,0.0,0.0,0.0,0.0,0.0,0.0,0.0,0.0,0.0,0.0
2012-03-03,0.0,0.0,0.0,0.0,0.0,0.0,0.0,0.0,0.0,0.0
2012-03-05,0.0,0.0,0.0,0.0,0.0,0.0,0.0,0.0,0.0,0.0
2012-03-06,0.0,0.0,0.0,0.0,0.0,0.0,0.0,0.0,0.0,0.0
2012-03-07,0.0,0.0,0.0,0.0,0.0,0.0,0.0,0.0,0.0,0.0
2012-03-08,0.0,0.0,0.0,0.0,0.0,0.0,0.0,0.0,0.0,0.0
2012-03-09,0.0,0.0,0.0,0.0,0.0,0.0,0.0,0.0,0.0,0.0
2012-03-12,0.0,0.0,0.0,0.0,0.0,0.0,0.0,0.0,0.0,0.0
2012-03-13,0.0,0.0,0.0,0.0,0.0,0.0,0.0,0.0,0.0,0.0
2012-03-14,0.0,0.0,0.0,0.0,0.0,0.0,0.0,0.0,0.0,0.0
2012-03-15,0.0,0.0,0.0,0.0,0.0,0.0,0.0,0.0,0.0,0.0
2012-03-16,0.0,0.0,0.0,0.0,0.0,0.0,0.0,0.0,0.0,0.0
2012-03-19,0.0,0.0,0.0,0.0,0.0,0.0,0.0,0.0,0.0,0.0
2012-03-20,0.0,0.0,0.0,0.0,0.0,0.0,0.0,0.0,0.0,0.0
2012-03-21,0.0,0.0,0.0,0.0,0.0,0.0,0.0,0.0,0.0,0.0
2012-03-22,0.0,0.0,0.0,0.0,0.0,0.0,0.0,0.0,0.0,0.0
2012-03-23,0.0,0.0,0.0,0.0,0.0,0.0,0.0,0.0,0.0,0.0
2012-03-26,0.0,0.0,0.0,0.0,0.0,0.0,0.0,0.0,0.0,0.0
2012-03-27,0.0,0.0,0.0,0.0,0.0,0.0,0.0,0.0,0.0,0.0
2012-03-28,0.0,0.0,0.0,0.0,0.0,0.0,0.0,0.0,0.0,0.0
2012-03-29,0.0,0.0,0.0,0.0,0.0,0.0,0.0,0.0,0.0,0.0
2012-03-30,0.0,0.0,0.0,0.0,0.0,0.0,0.0,0.0,0.0,0.0
2012-04-02,0.0,0.0,0.0,0.0,0.0,0.0,0.0,0.0,0.0,0.0
2012-04-03,0.0,0.0,0.0,0.0,0.0,0.0,0.0,0.0,0.0,0.0
2012-04-05,0.0,0.0,0.0,0.0,0.0,0.0,0.0,0.0,0.0,0.0
2012-04-06,0.0,0.0,0.0,0.0,0.0,0.0,0.0,0.0,0.0,0.0
2012-04-09,0.0,0.0,0.0,0.0,0.0,0.0,0.0,0.0,0.0,0.0
2012-04-10,0.0,0.0,0.0,0.0,0.0,0.0,0.0,0.0,0.0,0.0
2012-04-11,0.0,0.0,0.0,0.0,0.0,0.0,0.0,0.0,0.0,0.0
2012-04-12,0.0,0.0,0.0,0.0,0.0,0.0,0.0,0.0,0.0,0.0
2012-04-13,0.0,0.0,0.0,0.0,0.0,0.0,0.0,0.0,0.0,0.0
2012-04-16,0.0,0.0,0.0,0.0,0.0,0.0,0.0,0.0,0.0,0.0
2012-04-17,0.0,0.0,0.0,0.0,0.0,0.0,0.0,0.0,0.0,0.0
2012-04-18,0.0,0.0,0.0,0.0,0.0,0.0,0.0,0.0,0.0,0.0
2012-04-19,0.0,0.0,0.0,0.0,0.0,0.0,0.0,0.0,0.0,0.0
2012-04-20,0.0,0.0,0.0,0.0,0.0,0.0,0.0,0.0,0.0,0.0
2012-04-23,0.0,0.0,0.0,0.0,0.0,0.0,0.0,0.0,0.0,0.0
2012-04-24,0.0,0.0,0.0,0.0,0.0,0.0,0.0,0.0,0.0,0.0
2012-04-25,0.0,0.0,0.0,0.0,0.0,0.0,0.0,0.0,0.0,0.0
2012-04-26,0.0,0.0,0.0,0.0,0.0,0.0,0.0,0.0,0.0,0.0
2012-04-27,0.0,0.0,0.0,0.0,0.0,0.0,0.0,0.0,0.0,0.0
2012-04-30,-0.005255687670962814,0.0,0.0,0.0,0.0,0.0,0.0,0.0,0.0,0.0
2012-05-02,0.030876329651743088,0.0,0.0263533413610097,0.0,0.0256154361555094,0.0,0.026946591179094148,0.0,0.02645133873889046,0.0
2012-05-03,-0.006176213347227078,-0.008676213347227077,-0.005696874377171746,-0.008196874377171747,-0.0012999086986910215,-0.0037999086986910216,-0.004438046482540492,-0.006938046482540492,-0.004260581227731481,-0.006760581227731481
2012-05-04,0.006827711789665507,0.006827711789665507,0.009138155590091747,0.009138155590091747,0.007582167893301928,0.007582167893301928,0.007866564106930962,0.007866564106930962,0.008172816511399962,0.008172816511399962
2012-05-07,-0.015308503853386774,-0.015308503853386774,-0.014815453921783786,-0.014815453921783786,-0.013438193646070108,-0.013438193646070108,-0.014843577225635243,-0.014843577225635243,-0.015930006787642014,-0.015930006787642014
2012-05-08,-0.00042847651880372937,-0.00042847651880372937,-0.000796756905358431,-0.000796756905358431,-0.002646208040811848,-0.002646208040811848,-0.0019874352098139033,-0.0019874352098139033,-0.0012234537490157737,-0.0012234537490157737
2012-05-09,-0.00817032569720867,-0.00817032569720867,-0.009989797766172415,-0.009989797766172415,-0.009323408538303725,-0.009323408538303725,-0.007194742130860554,-0.007194742130860554,-0.006608265762574966,-0.006608265762574966
2012-05-10,-0.0057046098209111405,-0.0025,-0.004161862145882522,-0.0025,-0.008831673496918992,-0.0025,-0.008294847050480973,-0.0025,-0.00841302768375949,-0.0025000000000000005
2012-05-11,-0.014296023397729833,0.0,-0.014877961263859608,0.0,-0.020513394268583864,0.0,-0.01776000724780642,0.0,-0.015921756609500678,0.0
2012-05-14,-0.008446454323193332,0.0,-0.004545929626063283,0.0,-0.009470992178833815,0.0,-0.008630151824121596,0.0,-0.008105026524003456,0.0
2012-05-15,9.87036903885945e-05,0.0,-0.001177792401609401,0.0,0.00035726791659308494,0.0,-0.0007982116785556343,0.0,0.00021976151144872415,0.0
2012-05-16,-0.01751032885361965,0.0,-0.012983624200617473,0.0,-0.014069304927951054,0.0,-0.014822444756085192,0.0,-0.015448590646758693,0.0
2012-05-17,0.010857281875921783,0.0,0.023513525252655664,0.0,0.016214549923776158,0.0,0.01350566232741118,0.0,0.011430854249648058,0.0
2012-05-18,-0.03178444597901457,0.0,-0.03506389181132932,0.0,-0.034902804138852585,0.0,-0.032354419909016774,0.0,-0.03146446279782391,0.0
2012-05-21,0.0039002220062468603,0.0,0.00166147961166363,0.0,0.005487438964648806,0.0,0.0031202538891121827,0.0,0.0014655523267491088,0.0
2012-05-22,0.018368352590819165,0.0,0.010923411039988017,0.0,0.01769567202098712,0.0,0.015921045008561938,0.0,0.015128167189253635,0.0
2012-05-23,-0.014615276723323859,0.0,-0.020719463132972373,0.0,-0.01574544486105807,0.0,-0.014700237536971694,0.0,-0.014213794427862114,0.0
2012-05-24,-0.014306427956589365,0.0,-0.006668981987699095,0.0,-0.012743252109358129,0.0,-0.012701474541414926,0.0,-0.014696568965568297,0.0
2012-05-25,-0.003538182659169571,0.0,0.0030979447104680694,0.0,-0.005135846230670938,0.0,-0.001962960743700103,0.0,-0.002674443283239053,0.0
2012-05-28,0.005933552527804549,0.0,0.004892993820612412,0.0,0.008562427728307242,0.0,0.007124174021375515,0.0,0.007898791969715657,0.0
2012-05-29,0.03725915772506398,0.0,0.030510735898310017,0.0,0.036517689252342535,0.0,0.03653977769889108,0.0,0.038252645303371004,0.0
2012-05-30,-0.006125932943998902,-0.008625932943998903,-0.005543688385378643,-0.008043688385378642,-0.008658903813596743,-0.011158903813596743,-0.005943925987263876,-0.008443925987263876,-0.0036320471314736534,-0.006132047131473654
2012-05-31,0.0037555141827398083,0.0037555141827398083,0.003936129709585746,0.003936129709585746,0.0036603525267334238,0.0036603525267334238,0.00548269706802232,0.00548269706802232,0.003645899109578633,0.003645899109578633
2012-06-01,-0.02627150427684661,-0.02627150427684661,-0.01735402211643966,-0.01735402211643966,-0.022514919128056435,-0.022514919128056435,-0.02403597174105443,-0.02403597174105443,-0.023981895746394886,-0.023981895746394886
2012-06-04,-0.046868425762764,-0.0025,-0.053356825315353684,-0.0025,-0.04810275470557388,-0.0025,-0.04574499013420152,-0.0025,-0.04735569964657946,-0.0025000000000000005
2012-06-05,0.01934721382523426,0.0,0.019956475057540057,0.0,0.018248920044799166,0.0,0.019134130208671222,0.0,0.021085071492017562,0.0
2012-06-06,0.014777217515350712,0.0,0.011940730448392545,0.0,0.01516998618054586,0.0,0.014363410633598302,0.0,0.013770405466380763,0.0
2012-06-07,0.0006755981271750217,-0.0018244018728249783,0.0010457934486812542,-0.0014542065513187459,-0.001029126380802303,-0.0035291263808023034,0.0004779915825745255,-0.0020220084174254744,0.0009191800451239185,-0.001580819954876082
2012-06-08,-0.005160173458765145,-0.0025,-0.004632460255871763,-0.0025,-0.007659803602098259,-0.0025,-0.009552916300766549,-0.0025,-0.007236979059775971,-0.0025000000000000005
2012-06-11,0.008280450130171715,0.0,0.006776071084171376,0.0,0.007777338201770712,0.0,0.010880327993260892,0.0,0.009746084965092298,0.0
2012-06-12,0.002118088841997008,-0.00038191115800299217,-0.004010037135908973,-0.006510037135908973,-0.0033689547638159458,-0.005868954763815945,-0.004119959957194578,-0.006619959957194579,-0.0027657086361415006,-0.0052657086361415015
2012-06-13,0.005270731770527674,-0.0025,0.006043516122819725,-0.0025,0.003889750330846964,-0.0025,0.007741282870502353,-0.0025,0.007853366573904641,-0.0025000000000000005
2012-06-14,-0.0017357334673539023,-0.004235733467353902,-0.0013309826342450485,-0.0038309826342450485,-0.0014155801713784835,-0.0039155801713784836,-0.003134318824522723,-0.005634318824522724,-0.0015416607822624283,-0.004041660782262429
2012-06-15,0.014163139912559373,0.014163139912559373,0.006457128930652535,0.006457128930652535,0.013717352934007887,0.013717352934007887,0.014495517555611546,0.014495517555611546,0.01894506009097838,0.01894506009097838
2012-06-18,0.018942417969917247,0.018942417969917247,0.02389357737310225,0.02389357737310225,0.021107589520176707,0.021107589520176707,0.020110408763495444,0.020110408763495444,0.01782296996907603,0.01782296996907603
2012-06-19,-0.010144125077935065,-0.010144125077935065,-0.008155871002736492,-0.008155871002736492,-0.007440084108731016,-0.007440084108731016,-0.008724601403544963,-0.008724601403544963,-0.008401317835353262,-0.008401317835353262
2012-06-20,0.012824683000165432,0.012824683000165432,0.006807569879837195,0.006807569879837195,0.009747524462615354,0.009747524462615354,0.011788759357188372,0.011788759357188372,0.012419500083051717,0.012419500083051717
2012-06-21,0.0013925362181120876,0.0013925362181120876,0.0027697836751213296,0.0027697836751213296,0.0024588058144819685,0.0024588058144819685,0.0017344542611517598,0.0017344542611517598,0.001952052592034703,0.001952052592034703
2012-06-22,0.0008696861323648585,0.0008696861323648585,0.004099469928665944,0.004099469928665944,-0.0008059843130959867,-0.0008059843130959867,0.0004233759168195644,0.0004233759168195644,-0.00012157886959253677,-0.00012157886959253677
2012-06-25,-0.002889892616610154,-0.002889892616610154,-0.0035673732272827772,-0.0035673732272827772,-0.003237661018463156,-0.003237661018463156,-0.0028550688967019806,-0.0028550688967019806,-0.002401741883089431,-0.002401741883089431
2012-06-26,-0.00683270830107295,-0.00683270830107295,-0.0012448856173394862,-0.0012448856173394862,-0.006418409545102377,-0.006418409545102377,-0.0064211878710335405,-0.0064211878710335405,-0.008449165477472648,-0.008449165477472648
2012-06-27,0.005688815681253171,-0.0025,0.013885527823265353,-0.0025,0.00942279234201362,-0.0025,0.009320139319777865,-0.0025,0.008122804383605627,-0.0025000000000000005
2012-06-28,-0.001214233357015486,-0.003714233357015486,0.0030533294724660156,0.0005533294724660155,0.0017334307117419347,-0.0007665692882580654,-0.0008919698493578359,-0.0033919698493578357,-0.00033884055711134726,-0.002838840557111348
2012-06-29,0.009053561966980721,0.009053561966980721,0.0032186393710285977,0.0032186393710285977,0.006881587485376795,0.006881587485376795,0.0054863066570828515,0.0054863066570828515,0.0069131783857727235,0.0069131783857727235
2012-07-02,0.010226328478679943,0.010226328478679943,0.012510000714764557,0.012510000714764557,0.006668522280167144,0.006668522280167144,0.0062760272152439026,0.0062760272152439026,0.007649766109129957,0.007649766109129957
2012-07-03,0.007940413279682776,0.007940413279682776,0.004162826864547098,0.004162826864547098,0.0072588670066323635,0.0072588670066323635,0.0053252016893967045,0.0053252016893967045,0.00519625556016573,0.00519625556016573
2012-07-04,0.007393881072101607,0.007393881072101607,0.011736418534044281,0.011736418534044281,0.006904266496827628,0.006904266496827628,0.00644348433760995,0.00644348433760995,0.007381524731054045,0.007381524731054045
2012-07-05,-0.000981929277048994,-0.000981929277048994,-0.0046824630975855095,-0.0046824630975855095,-0.0041123108038919835,-0.0041123108038919835,0.0012667117481863486,0.0012667117481863486,0.0005566762914969877,0.0005566762914969877
2012-07-06,-0.0012885891801501495,-0.0012885891801501495,-0.0031706217983858975,-0.0031706217983858975,-0.005294945162131382,-0.005294945162131382,-0.003060175848444927,-0.003060175848444927,-0.0031035178130453035,-0.0031035178130453035
2012-07-09,-0.006692846699199827,-0.006692846699199827,-0.004359330667549543,-0.004359330667549543,-0.007373649137609129,-0.007373649137609129,-0.010343863149974332,-0.010343863149974332,-0.006272951178629442,-0.006272951178629442
2012-07-10,-0.00763637608147217,-0.0025,-0.010749141223695658,-0.0025,-0.00966256722453549,-0.0025,-0.009480435903830898,-0.0025,-0.009867961249124091,-0.0025000000000000005
2012-07-11,0.0019573699411820334,0.0,0.0006171506022677243,0.0,0.0010655237042360378,0.0,0.0016234916896662828,0.0,0.0023342925606365367,0.0
2012-07-12,-0.009619916069435254,0.0,-0.009324913374698563,0.0,-0.01355636598528308,0.0,-0.014533513788401412,0.0,-0.012346099211216498,0.0
2012-07-13,-0.009508643893396649,0.0,-0.0033635587740064926,0.0,-0.008153941095106542,0.0,-0.009932674149348692,0.0,-0.01139903353649861,0.0
2012-07-16,-0.007519355303437199,0.0,-0.010047949361366238,0.0,-0.011791276458212943,0.0,-0.009004513176709073,0.0,-0.008994309896267405,0.0
2012-07-17,0.0073481400603022376,0.0,0.00047601836270467785,0.0,0.0046677366786474946,0.0,0.0046970413906192755,0.0,0.006198692421390573,0.0
2012-07-18,-0.005600564576968018,0.0,-0.015127171982526801,0.0,-0.009609589737869373,0.0,-0.009095393444427623,0.0,-0.008445568742698598,0.0
2012-07-19,0.006955578389403677,0.0,0.005429133855899605,0.0,0.006256840775588236,0.0,0.0076890983926305445,0.0,0.008677616018372303,0.0
2012-07-20,0.0033511828537906066,0.0,0.0024153288171518735,0.0,0.000734838734627652,0.0,0.0014710994195799836,0.0,0.0012055323129930462,0.0
2012-07-23,-0.011749865797817921,0.0,-0.007263382074355507,0.0,-0.014368756168785246,0.0,-0.015198734500671314,0.0,-0.014320852527810174,0.0
2012-07-24,-0.004683583877857174,0.0,-0.004492967659323122,0.0,-0.0018826424837534053,0.0,-0.006562627406213562,0.0,-0.0041324914642103805,0.0
2012-07-25,0.0016534383314165983,0.0,-0.00420715098180422,0.0,-0.003445403647431645,0.0,-0.002075927943170952,0.0,-0.001449538751842977,0.0
2012-07-26,0.0018123130744800142,0.0,0.0027686121930836863,0.0,0.002223828659402738,0.0,0.001474093556631602,0.0,0.001551489206656648,0.0
2012-07-27,0.011565242215551056,0.0,0.010941588696896787,0.0,0.011471847398590852,0.0,0.01359854098202175,0.0,0.013476602857705673,0.0
2012-07-30,0.0056285869620828904,0.003128586962082891,0.004460749304186185,0.001960749304186185,0.004438195819854286,0.0019381958198542858,0.002810476591200676,0.00031047659120067616,0.00698422592053653,0.0044842259205365295
2012-07-31,0.004270814266140128,0.004270814266140128,0.003870489260507615,0.003870489260507615,0.0057486284996192795,0.0057486284996192795,0.005835614400007676,0.005835614400007676,0.005575214364154235,0.005575214364154235
2012-08-01,0.00418073575857386,0.00418073575857386,0.0021217718208564676,0.0021217718208564676,0.00027536028977408547,0.00027536028977408547,0.0034939749188886387,0.0034939749188886387,0.0028744316740624883,0.0028744316740624883
2012-08-03,-0.0020427072073494726,-0.0020427072073494726,-0.004664318401500057,-0.004664318401500057,-0.0021392111638954604,-0.0021392111638954604,-0.0047381335253837776,-0.0047381335253837776,-0.0038698630638406848,-0.0038698630638406848
2012-08-06,0.000600427580216533,0.000600427580216533,0.0011060240963855828,0.0011060240963855828,0.001763098966134935,0.001763098966134935,0.002724481861518776,0.002724481861518776,0.0023166692777051136,0.0023166692777051136
2012-08-07,-0.00629802916735908,-0.00629802916735908,-0.0024454940548393365,-0.0024454940548393365,-0.007975618013867281,-0.007975618013867281,-0.006561872983114213,-0.006561872983114213,-0.00852527389985457,-0.00852527389985457
2012-08-08,0.005083289026736686,-0.0024999999999999996,0.008828835759168508,-0.0025,0.007799169247973803,-0.0025,0.006551831364278452,-0.0025,0.006634995021955253,-0.0025000000000000005
2012-08-09,0.01381776093575076,0.011317760935750761,0.012838419039258843,0.010338419039258842,0.007633137677999692,0.005133137677999692,0.014283609299084817,0.011783609299084816,0.016902211026873226,0.014402211026873226
2012-08-10,0.005531607571266222,0.005531607571266222,0.010643133274063033,0.010643133274063033,0.012482565357740262,0.012482565357740262,0.005382791134770047,0.005382791134770047,0.005185999856868913,0.005185999856868913
2012-08-13,0.010454770597996698,0.010454770597996698,0.009296214850512352,0.009296214850512352,0.010596581199060606,0.010596581199060606,0.006792590554341117,0.006792590554341117,0.007335474579085633,0.007335474579085633
2012-08-14,0.006377701041044647,0.006377701041044647,-0.003994497192069414,-0.003994497192069414,0.004974380316878958,0.004974380316878958,0.0023389575295414294,0.0023389575295414294,0.004807981902295089,0.004807981902295089
2012-08-15,0.0023470970947852645,0.0023470970947852645,0.001239621034703009,0.001239621034703009,-0.0008585182155501636,-0.0008585182155501636,0.00046702747464805563,0.00046702747464805563,0.0010685161041662447,0.0010685161041662447
2012-08-16,0.005115297212099124,0.005115297212099124,0.008446738373124197,0.008446738373124197,0.006524464214820747,0.006524464214820747,0.0066012174894958765,0.0066012174894958765,0.00566725707514248,0.00566725707514248
2012-08-17,0.005608296069172641,0.005608296069172641,0.003997068879148524,0.003997068879148524,0.0003566731150847491,0.0003566731150847491,0.0006961084169247566,0.0006961084169247566,0.0033644025872469844,0.0033644025872469844
2012-08-20,-0.004406977553179002,-0.004406977553179002,-0.0038075029984771204,-0.0038075029984771204,-0.004262842564736236,-0.004262842564736236,-0.0074845335409636565,-0.0074845335409636565,-0.006426731111176294,-0.006426731111176294
2012-08-21,0.005508493998959266,0.005508493998959266,0.010733907602184402,0.010733907602184402,0.003973455746617639,0.003973455746617639,0.006385704007195463,0.006385704007195463,0.007502713842260444,0.007502713842260444
2012-08-22,0.0021488256748961026,0.0021488256748961026,-0.0035400521943542485,-0.0035400521943542485,2.540836615174671e-05,2.540836615174671e-05,0.0005857301896392774,0.0005857301896392774,0.0016517563028603912,0.0016517563028603912
2012-08-23,-0.0012778884543518279,-0.0012778884543518279,-0.003171759991142987,-0.003171759991142987,0.0004383646561204827,0.0004383646561204827,3.7094995890714724e-05,3.7094995890714724e-05,-1.4350796769058171e-05,-1.4350796769058171e-05
2012-08-24,0.0021023641159856723,0.0021023641159856723,0.003227090058928384,0.003227090058928384,0.0016551652055086354,0.0016551652055086354,0.0018248102089704508,0.0018248102089704508,0.003206963665440055,0.003206963665440055
2012-08-27,-0.007057811291065086,-0.007057811291065086,0.002738931703064474,0.002738931703064474,-0.0019083303769271251,-0.0019083303769271251,-0.002809608972347018,-0.002809608972347018,-0.003447779993540784,-0.003447779993540784
2012-08-28,-0.014895209696770861,-0.014895209696770861,-0.008525777506340426,-0.008525777506340426,-0.01288985687260662,-0.01288985687260662,-0.013626926117632809,-0.013626926117632809,-0.014849469341222499,-0.014849469341222499
2012-08-29,0.009548189507365537,-0.0024999999999999996,5.1236000720366985e-05,-0.0025,0.0023651387412843556,-0.0025,0.001908503263092139,-0.0025,0.009815519040190391,-0.0025000000000000005
2012-08-30,-0.0028202614034205523,0.0,6.653877309041871e-05,0.0,0.001037741366798395,0.0,-0.0022183716082863443,0.0,-0.004226476901692934,0.0
2012-08-31,-0.0038947083687793254,0.0,-0.0018245169711474053,0.0,-0.0017757651553174322,0.0,-0.0028058758581633726,0.0,-0.003970096551503622,0.0
2012-09-03,0.0037854936563078774,0.0012854936563078778,0.006616865024056584,0.005116865024056585,0.0085768870106961,0.0065768870106961,0.00831463591812723,0.006147969251460562,0.005616540765961481,0.0033665407659614803
2012-09-04,0.005773930212562694,0.005773930212562694,0.00046957062481036696,0.00046957062481036696,0.0020713047320267686,0.0020713047320267686,0.004040240180595641,0.004040240180595641,0.0034463594368513706,0.0034463594368513706
2012-09-05,-0.0028057054047013353,-0.0028057054047013353,-0.006677092964021325,-0.006677092964021325,-0.0063425160657757836,-0.0063425160657757836,-0.002455894303273287,-0.002455894303273287,-0.0028722956547292786,-0.0028722956547292786
2012-09-06,-0.006238897888655224,-0.006238897888655224,-0.005708575675070882,-0.005708575675070882,-0.004057433699301094,-0.004057433699301094,-0.006684037557370732,-0.006684037557370732,-0.006709915827759039,-0.006709915827759039
2012-09-07,0.00696359776319295,0.00696359776319295,0.004645007173397953,0.004645007173397953,0.0035229712104054237,0.0035229712104054237,0.005884813952692468,0.005884813952692468,0.007052960613438219,0.007052960613438219
2012-09-10,0.003358492953860005,0.003358492953860005,0.002752988420174995,0.002752988420174995,0.0012830296873227896,0.0012830296873227896,0.00406979304946422,0.00406979304946422,0.003760413746482,0.003760413746482
2012-09-11,-0.0004984636597943166,-0.0004984636597943166,0.002953565412572545,0.002953565412572545,0.003622898369980965,0.003622898369980965,0.006719191749370923,0.006719191749370923,0.0021552704022805846,0.0021552704022805846
2012-09-12,0.009444781085012309,0.009444781085012309,0.01688243190039347,0.01688243190039347,0.00953377553585899,0.00953377553585899,0.01230054079992174,0.01230054079992174,0.009226194626925623,0.009226194626925623
2012-09-13,0.00838784324219574,0.00838784324219574,0.0003036670863849843,0.0003036670863849843,0.002288515422141791,0.002288515422141791,0.007823769886385726,0.007823769886385726,0.009518118921944879,0.009518118921944879
2012-09-14,0.005765051924141989,0.005765051924141989,0.00043976767205744483,0.00043976767205744483,0.0037410660922553183,0.0037410660922553183,0.004233989425002941,0.004233989425002941,0.007444600983787053,0.007444600983787053
2012-09-17,-0.00038365221305100507,-0.00038365221305100507,0.002144019003734199,0.002144019003734199,-0.0017523479222352869,-0.0017523479222352869,0.00332887957406182,0.00332887957406182,0.004198293660300861,0.004198293660300861
2012-09-18,-0.0024165642466235306,-0.0024165642466235306,-0.0027418562694398133,-0.0027418562694398133,-0.0024035986977586246,-0.0024035986977586246,-0.002307002998470302,-0.002307002998470302,-0.00422868229489869,-0.00422868229489869
2012-09-19,0.004036654289194903,0.004036654289194903,0.00535720112693292,0.00535720112693292,0.00523594065997991,0.00523594065997991,0.006487397263906888,0.006487397263906888,0.004006378363356512,0.004006378363356512
2012-09-20,-0.001489775215374071,-0.001489775215374071,-0.003130931135191606,-0.003130931135191606,-0.0028852268557884144,-0.0028852268557884144,0.0018262187626643333,0.0018262187626643333,1.7898730007259635e-05,1.7898730007259635e-05
2012-09-21,0.0029796155900359326,0.0029796155900359326,0.003925564485266042,0.003925564485266042,0.002227680449328129,0.002227680449328129,0.00103766596631949,0.00103766596631949,0.0034363864922820064,0.0034363864922820064
2012-09-24,0.0008328822298122309,0.0008328822298122309,0.0006810035288106861,0.0006810035288106861,0.007718156674382425,0.007718156674382425,0.001798290275310805,0.001798290275310805,0.0019771352132377518,0.0019771352132377518
2012-09-25,-0.0035738453365853568,-0.0035738453365853568,-0.0006200972693201083,-0.0006200972693201083,-0.00014870752216260502,-0.00014870752216260502,-0.003043292294608484,-0.003043292294608484,-0.004421430340828763,-0.004421430340828763
2012-09-26,-0.007503301752639115,-0.007503301752639115,-0.003499749419672504,-0.003499749419672504,-0.00880172717033798,-0.00880172717033798,-0.008454407023648155,-0.008454407023648155,-0.0085439579386488,-0.0085439579386488
2012-09-27,0.0029555319689560738,-0.0024999999999999996,0.016348013311089458,-0.0025,0.00612865709655348,-0.0025,0.004799084765747366,-0.0025000000000000005,0.005365311243825255,-0.0025000000000000005
2012-09-28,-0.0039033166659447854,0.0,-0.01166613124114493,0.0,-0.004553655127096979,0.0,-0.00653150912197141,0.0,-0.005891119167674958,0.0
2012-10-01,-0.0026300379831625175,0.0,-0.014360597747312753,0.0,-0.008009684250255234,0.0,-8.295151339112643e-08,0.0,-0.0021612341390191466,0.0
2012-10-02,0.0018674301921935048,0.0,0.0028094745125659465,0.0,0.0019314335834869857,0.0,0.001396364772141704,0.0,0.00026257108299583814,0.0
2012-10-03,-0.002889387937855053,0.0,-0.0032688634440581014,0.0,-0.005340227970349432,0.0,-0.005394663739451855,0.0,-0.0032200043931825354,0.0
2012-10-04,-0.0033166580580798483,-0.005816658058079848,-0.007055961395625011,-0.009555961395625012,-0.006059399079114859,-0.00855939907911486,-0.006159390355864502,-0.008659390355864502,-0.00622410829432074,-0.008724108294320741
2012-10-05,-9.764445739321006e-05,-0.0024999999999999996,-0.004791205041518931,-0.0025,-0.003281351466916449,-0.0025,-0.00295863619612818,-0.0025,-0.0026968416679177764,-0.0025000000000000005
2012-10-08,-0.010848813186457515,0.0,-0.002122547944365461,0.0,-0.005075899164712561,0.0,-0.005276310086717679,0.0,-0.009240565947517078,0.0
2012-10-09,-0.015323435249355666,0.0,-0.025800186213648792,0.0,-0.016397266883215057,0.0,-0.01267177408810635,0.0,-0.017915419890159098,0.0
2012-10-11,-0.01503450812385986,0.0,-0.01438102314064731,0.0,-0.016436429887647732,0.0,-0.015770420937463746,0.0,-0.015171727624472392,0.0
2012-10-12,-0.0012610625830215424,0.0,0.0012118818256937392,0.0,0.0012811641575430578,0.0,0.0014279112509246517,0.0,9.420613660020548e-05,0.0
2012-10-15,-0.0076705230221726945,0.0,-0.012704230501132585,0.0,-0.009173656171414135,0.0,-0.007687529107981805,0.0,-0.007040810578645756,0.0
2012-10-16,0.004130715556804811,0.0,0.0073182606375883814,0.0,0.006516631350363023,0.0,0.004150521882312878,0.0,0.004173693827334596,0.0
2012-10-17,0.0040494088408382645,0.0,0.004989677868143172,0.0,0.0022257293427782043,0.0,0.003916200426900403,0.0,0.005391215096221508,0.0
2012-10-18,0.0026853893806211204,0.0,-0.0018253327545451063,0.0,-0.0012811967319846461,0.0,0.0019607448913875475,0.0,0.00023422351201082782,0.0
2012-10-19,-0.0072630679442781945,0.0,0.002206500068455064,0.0,-0.002488658548368916,0.0,-0.003813473770188043,0.0,-0.007035981317179691,0.0
2012-10-22,0.0011829012009515476,0.0,0.009915877670716423,0.0,-0.0003114371739321828,0.0,0.0016120847404280285,0.0,0.002495854707030704,0.0
2012-10-23,-0.0027516230064180227,0.0,-0.003881681401805071,0.0,-0.0016541791630281133,0.0,-0.002293136615379643,0.0,-0.0007745130780136225,0.0
2012-10-24,-0.003279717523112982,0.0,0.00428017718715399,0.0,-0.0010846186810642422,0.0,-0.003529654209283394,0.0,-0.0034066881952546477,0.0
2012-10-25,-0.014774612384819363,0.0,-0.02506673852496113,0.0,-0.014605643706329875,0.0,-0.014784303498486457,0.0,-0.016388792062064804,0.0
2012-10-26,-0.03543902481748636,0.0,-0.036709469278368136,0.0,-0.0324612765533852,0.0,-0.038287978200144214,0.0,-0.03732620090697685,0.0
2012-10-29,-0.02491084722675986,0.0,-0.038051238298466954,0.0,-0.0267283713077644,0.0,-0.027395283347699476,0.0,-0.029173716183162657,0.0
2012-10-30,0.01225473411065967,0.0,0.010758149404634532,0.0,0.014016113586613987,0.0,0.014885464250870287,0.0,0.013426956493902726,0.0
2012-10-31,-0.005562659649195652,0.0,0.0004849769476749305,0.0,-0.0022525372360240777,0.0,-0.0088806858528091,0.0,-0.008566966849461172,0.0
2012-11-01,0.006588854427916059,0.0,0.02681069236564122,0.0,0.009223265002194536,0.0,0.006531497039511065,0.0,0.0033173725008727676,0.0
2012-11-02,0.003020375411269273,0.0,0.00015622544256148617,0.0,0.005500823058464122,0.0,0.0047755556050263675,0.0,0.00627345570675092,0.0
2012-11-05,-0.008681777043818804,0.0,-0.007837211759355854,0.0,-0.00672599370118938,0.0,-0.006455638081227281,0.0,-0.011294390969010592,0.0
2012-11-06,0.008814222881100512,0.0,0.006865299201094932,0.0,0.0075450960495503485,0.0,0.006518168420837389,0.0,0.004236138896722302,0.0
2012-11-07,0.013222504593100544,0.0,0.02223302958084643,0.0,0.014040094379954305,0.0,0.01435802875357853,0.0,0.014819953871386238,0.0
2012-11-08,-0.0029797624537129578,0.0,0.00015081889949333273,0.0,-0.0048343190679908336,0.0,-0.0056646281789080564,0.0,-0.002124569739042548,0.0
2012-11-09,0.018871397651766243,0.0,0.015085155482011415,0.0,0.009619811876726714,0.0,0.011464308762929558,0.0,0.015886225092687657,0.0
2012-11-12,-0.0006704443883117784,-0.0031704443883117783,-0.0041751248103038645,-0.006675124810303865,-0.0019700677767883978,-0.004470067776788398,-0.002369279602113357,-0.004869279602113358,-0.0038880638966602493,-0.00638806389666025
2012-11-13,-0.014478327504630312,-0.0024999999999999996,-0.024704137061021102,-0.0025,-0.01580477895433373,-0.0025,-0.01669604601629581,-0.0025000000000000005,-0.015426399364877726,-0.0025000000000000005
2012-11-14,-0.0010960513627253426,0.0,0.0028588097415123137,0.0,0.0017468414731367065,0.0,0.0015932836122438602,0.0,0.0005151607207271869,0.0
2012-11-15,-0.0030726532019679825,0.0,-0.011935720156665264,0.0,-0.004946933408950716,0.0,-0.0046154282864363,0.0,-0.003429102095618625,0.0
2012-11-16,-0.00017194837798003323,0.0,0.0006691685287032465,0.0,0.0010184020955387957,0.0,0.0005709358968581275,0.0,0.00012374947762506822,0.0
2012-11-19,-0.009099713904096605,0.0,-0.01764736184138285,0.0,-0.009268146983353098,0.0,-0.004879886336903052,0.0,-0.008962832196931569,0.0
2012-11-20,-0.00639261100491365,0.0,-0.007178650688499433,0.0,-0.005348657581276062,0.0,-0.006809283499961586,0.0,-0.00495319213872783,0.0
2012-11-21,-0.007520254811327863,0.0,-0.005227341738517443,0.0,-0.007929971389889268,0.0,-0.009513802822948964,0.0,-0.009584402939205027,0.0
2012-11-22,0.0009576247547822027,0.0,-0.002207184048222955,0.0,4.036485681677658e-05,0.0,-0.0009612995357304089,0.0,-0.0001571119629497799,0.0
2012-11-23,0.020569211522645816,0.0,0.0244651664070954,0.0,0.018665876252376923,0.0,0.020298013948307728,0.0,0.021934898361111878,0.0
2012-11-26,0.01493546454600294,0.01243546454600294,0.008003213769040762,0.0055032137690407615,0.009064578259866174,0.0065645782598661735,0.010554750797916382,0.008054750797916382,0.01657481875805823,0.014074818758058228
2012-11-27,0.006558378370081729,0.006558378370081729,0.0155321649321448,0.0155321649321448,0.00833675990473035,0.00833675990473035,0.006040574131546172,0.006040574131546172,0.006542188833193807,0.006542188833193807
2012-11-28,0.007391807462962221,0.007391807462962221,0.00407108115007202,0.00407108115007202,0.0011446895384943034,0.0011446895384943034,0.0020089097732461482,0.0020089097732461482,0.003007949510844704,0.003007949510844704
2012-11-29,0.012830338491657014,0.012830338491657014,0.016854282228793174,0.016854282228793174,0.012918643468887216,0.012918643468887216,0.012546214406545552,0.012546214406545552,0.010382831445718844,0.010382831445718844
2012-11-30,0.007210482176551687,0.007210482176551687,0.007452016885164793,0.007452016885164793,0.00583358422669894,0.00583358422669894,0.009013438378218188,0.009013438378218188,0.005953901267746331,0.005953901267746331
2012-12-03,0.008134158061585427,0.008134158061585427,0.007306321307431408,0.007306321307431408,0.008612833898448392,0.008612833898448392,0.008723826518459,0.008723826518459,0.008465644153501007,0.008465644153501007
2012-12-04,0.013483994865164724,0.013483994865164724,0.02201271981437263,0.02201271981437263,0.012925023987572904,0.012925023987572904,0.011122570208424429,0.011122570208424429,0.010358395491955176,0.010358395491955176
2012-12-05,0.010838699679987188,0.010838699679987188,0.01994182806077198,0.01994182806077198,0.009261941817632579,0.009261941817632579,0.010252265511906241,0.010252265511906241,0.008508409740275901,0.008508409740275901
2012-12-06,-0.003856176427058041,-0.003856176427058041,-0.006859891052645883,-0.006859891052645883,-0.005534947748256547,-0.005534947748256547,-0.005244529953104573,-0.005244529953104573,-0.004680384838808843,-0.004680384838808843
2012-12-07,-0.0030729632272277,-0.0030729632272277,-0.010677636703241844,-0.010677636703241844,-0.009233055923034817,-0.009233055923034817,-0.00811120511243278,-0.00811120511243278,-0.007374700714957351,-0.007374700714957351
2012-12-10,-0.009392978178653814,-0.009392978178653814,-0.008445162065138434,-0.008445162065138434,-0.006707450153036998,-0.006707450153036998,-0.008495901043201673,-0.008495901043201673,-0.008042599667250983,-0.008042599667250983
2012-12-11,-0.005976202049312495,-0.005976202049312495,-0.017191681892348255,-0.017191681892348255,-0.006932863181330274,-0.006932863181330274,-0.003904910115058906,-0.003904910115058906,-0.004867309669201337,-0.004867309669201337
2012-12-12,0.0077950777486091305,-0.0025,0.01519542946203627,-0.0025,0.008924611116801595,-0.0025,0.008922211590647513,-0.0025000000000000005,0.006466829408651747,-0.0025000000000000005
2012-12-13,0.011419289220001249,0.008919289220001249,0.016205468808131764,0.013705468808131763,0.017744308391892297,0.015244308391892296,0.018578783253311602,0.0160787832533116,0.017555559524449416,0.015055559524449416
2012-12-14,-0.004641080060238983,-0.004641080060238983,-0.013492959439799581,-0.013492959439799581,-0.010672577609160362,-0.010672577609160362,-0.009767100747166099,-0.009767100747166099,-0.006097123041605585,-0.006097123041605585
2012-12-17,-0.0019053315698293154,-0.0019053315698293154,0.0021984518817385734,0.0021984518817385734,-0.004720634757979869,-0.004720634757979869,-0.004299354623590192,-0.004299354623590192,-0.004139153996756705,-0.004139153996756705
2012-12-18,0.011341087968768069,0.011341087968768069,0.03223850044155339,0.03223850044155339,0.023007195321655335,0.023007195321655335,0.01729596365024319,0.01729596365024319,0.012986089469279016,0.012986089469279016
2012-12-19,0.005229955818972416,0.005229955818972416,-0.0035005188684875247,-0.0035005188684875247,0.006122920646596296,0.006122920646596296,0.006567039684225392,0.006567039684225392,0.007320909848798763,0.007320909848798763
2012-12-20,3.384883046487694e-05,3.384883046487694e-05,-0.009953997084396683,-0.009953997084396683,-0.0028163037530224313,-0.0028163037530224313,0.0014219623006710429,0.0014219623006710429,0.0028971740453911103,0.0028971740453911103
2012-12-21,-0.008951141507636085,-0.008951141507636085,-0.01073840239596533,-0.01073840239596533,-0.011120493039687674,-0.011120493039687674,-0.009573212023216192,-0.009573212023216192,-0.009607730154809865,-0.009607730154809865
2012-12-22,0.00048127655848883774,-0.0025,0.0037149085454635244,-0.0025,0.0013841521633025321,-0.0025,-0.0017856044555519665,-0.0025000000000000005,-0.0009563963312784864,-0.0025000000000000005
2012-12-24,0.0010917006437574893,-0.0014082993562425108,0.013515524652997568,0.011015524652997568,0.003588255969845511,0.001088255969845511,0.0027156645752502468,0.00021566457525024627,0.0026076743345449516,0.00010767433454495108
2012-12-25,0.009225825132885009,0.009225825132885009,0.009942148384397019,0.009942148384397019,0.009123605212165865,0.009123605212165865,0.00773280413274361,0.00773280413274361,0.009083242213639228,0.009083242213639228
2012-12-26,0.000554627802765946,0.000554627802765946,-0.005106353565597743,-0.005106353565597743,-0.0028807624044140164,-0.0028807624044140164,-0.002613628280475762,-0.002613628280475762,-0.00032712450381170436,-0.00032712450381170436
2012-12-27,0.003958216934544168,0.003958216934544168,0.0014812661288926777,0.0014812661288926777,0.006477342529165819,0.006477342529165819,0.00434274611103643,0.00434274611103643,0.0023720071357248686,0.0023720071357248686
2012-12-28,0.0016874095428022866,0.0016874095428022866,-0.0002773904727877642,-0.0002773904727877642,-0.00010072766006175021,-0.00010072766006175021,0.002473951873883958,0.002473951873883958,-0.0005979254333820629,-0.0005979254333820629
2013-01-02,0.005851970200742879,0.005851970200742879,0.0008571160359845064,0.0008571160359845064,0.006046840560652512,0.006046840560652512,0.008134594739263656,0.008134594739263656,0.008205481815724015,0.008205481815724015
2013-01-03,0.00454430637145891,0.00454430637145891,0.010654176097238777,0.010654176097238777,0.006317833188976795,0.006317833188976795,0.004064115827170433,0.004064115827170433,0.0056114786786827815,0.0056114786786827815
2013-01-04,-0.000693091048321038,-0.000693091048321038,0.0022862821947875708,0.0022862821947875708,0.0006807729833856249,0.0006807729833856249,-0.0003740048403049794,-0.0003740048403049794,-0.001983724317420638,-0.001983724317420638
2013-01-07,-0.0023303222599752663,-0.0023303222599752663,-0.004525960867101575,-0.004525960867101575,-0.005431094664584857,-0.005431094664584857,-0.002031599695075588,-0.002031599695075588,-0.0023816904280900995,-0.0023816904280900995
2013-01-08,-0.007503455542884684,-0.007503455542884684,-0.0005578470557173979,-0.0005578470557173979,-0.003878039614110274,-0.003878039614110274,-0.005293614244352913,-0.005293614244352913,-0.003962788825327357,-0.003962788825327357
2013-01-09,0.0034350302155036865,-0.0025,0.009452275448905522,-0.0025,0.006574607622293404,-0.0025,0.005373428334120955,-0.0025000000000000005,0.0041189188861987915,-0.0025000000000000005
2013-01-10,0.012195698840826562,0.009695698840826562,0.009879450653923462,0.0073794506539234615,0.01038398934881022,0.00788398934881022,0.008347598903598204,0.005847598903598204,0.007547427507999123,0.005047427507999122
2013-01-11,0.003969634697978577,0.003969634697978577,0.009261382556783037,0.009261382556783037,0.00416090097057119,0.00416090097057119,0.00466609558622623,0.00466609558622623,0.003915964061120792,0.003915964061120792
2013-01-14,0.0047728870961470556,0.0047728870961470556,-0.007972771701035986,-0.007972771701035986,-0.001098238405773144,-0.001098238405773144,0.0009251716415374107,0.0009251716415374107,-0.0024425772517214393,-0.0024425772517214393
2013-01-15,-0.0008175069635568619,-0.0008175069635568619,0.02353861323801847,0.02353861323801847,0.010532043789695758,0.010532043789695758,0.006630347147801225,0.006630347147801225,0.00330833858180985,0.00330833858180985
2013-01-16,-0.006353039222289927,-0.006353039222289927,-0.02271455617065066,-0.02271455617065066,0.0021666358599276014,0.0021666358599276014,-0.0019678533697094092,-0.0019678533697094092,-0.003046947977690694,-0.003046947977690694
2013-01-17,-0.02486787452790728,-0.02486787452790728,-0.04070344534100301,-0.04070344534100301,-0.029049933420009433,-0.029049933420009433,-0.025803379601951285,-0.025803379601951285,-0.023968283037679197,-0.023968283037679197
2013-01-18,0.011949951123149508,-0.0025,0.014294493848335477,-0.0025,0.014731530895701884,-0.0025,0.012923446375722713,-0.0025000000000000005,0.012249514345523384,-0.0025000000000000005
2013-01-21,0.0049363487400126485,0.0,0.000785993708566335,0.0,0.001400933935647475,0.0,0.003095590240057781,0.0,0.0004719499267672735,0.0
2013-01-22,0.007489597372336464,0.0,-0.00025896525120552285,0.0,0.008735915272651851,0.0,0.007558202496626657,0.0,0.009510775151152246,0.0
2013-01-23,-0.0017351751509910966,0.0,0.005908395592667537,0.0,-0.0024980152046056203,0.0,-0.0012935890747786194,0.0,-0.00027794873676537606,0.0
2013-01-24,0.0007767289522099298,-0.0017232710477900703,-0.0018385536335207234,-0.004338553633520724,-0.0007763934949651993,-0.0032763934949651993,-0.0025573523066115527,-0.005057352306611553,-0.00013438884606936088,-0.0026343888460693614
2013-01-25,-0.0019866742802826937,-0.0019866742802826937,-0.006365936966131592,-0.006365936966131592,-0.009165853214782072,-0.009165853214782072,-0.0075147637551725415,-0.0075147637551725415,-0.002262228226724022,-0.002262228226724022
2013-01-28,0.00497854565197961,-0.0025,0.0022662099278490055,-0.0025,0.0018675366837195503,-0.0025,0.0009864861303375532,-0.0025000000000000005,0.004005916904810197,-0.0025000000000000005
2013-01-29,0.0103074085800479,0.007807408580047899,0.008208703063347245,0.005708703063347245,0.010280743243524404,0.0077807432435244035,0.010314147486503797,0.007814147486503796,0.008216037978978236,0.0057160379789782355
2013-01-30,0.003831922436343716,0.003831922436343716,0.00881786824669073,0.00881786824669073,0.0016294162521540588,0.0016294162521540588,0.0027938304019974255,0.0027938304019974255,0.00626879205344026,0.00626879205344026
2013-01-31,-0.0011968902364216036,-0.0011968902364216036,0.005499020791023935,0.005499020791023935,0.002821320771981229,0.002821320771981229,0.0008388760201556654,0.0008388760201556654,0.0017550407120513316,0.0017550407120513316
2013-02-01,0.0025779327626028886,0.0025779327626028886,-2.8829570177290762e-05,-2.8829570177290762e-05,0.0025002339471186584,0.0025002339471186584,0.0029895008111155757,0.0029895008111155757,0.0006319354583595228,0.0006319354583595228
2013-02-04,-0.0023756835592669105,-0.0023756835592669105,-0.007789541837407855,-0.007789541837407855,-0.00373530881148958,-0.00373530881148958,-0.0048981586774755545,-0.0048981586774755545,-0.0020612619183678904,-0.0020612619183678904
2013-02-05,-0.0033944688990275966,-0.0033944688990275966,-0.004776871442969854,-0.004776871442969854,-0.004745877196885617,-0.004745877196885617,-0.005013329501040824,-0.005013329501040824,-0.002661468551470569,-0.002661468551470569
2013-02-06,-0.005092646849413563,-0.0025,-0.013762714647446671,-0.0025,-0.006331123834911978,-0.0025000000000000005,-0.00732851523177597,-0.0025,-0.008288098653752253,-0.0025000000000000005
2013-02-18,0.018381910560750378,0.0,0.0184722030249616,0.0,0.01664379641661795,0.0,0.0116417578487047,0.0,0.012382108381608851,0.0
2013-02-19,0.007286526393961389,0.0,0.0028285718971397867,0.0,0.008062521532844702,0.0,0.007558386955042946,0.0,0.007659716685594802,0.0
2013-02-20,0.0044955846952052965,0.0019955846952052964,0.0017595863274814773,-0.0007404136725185227,0.0037103494998953603,0.0012103494998953598,0.002850855189680157,0.00035085518968015674,0.0009779038045144633,-0.0015220961954855372
2013-02-21,-0.008005966067844188,-0.008005966067844188,-0.009787950309827176,-0.009787950309827176,-0.007723250022587237,-0.007723250022587237,-0.008404027271986629,-0.008404027271986629,-0.0060075115826066115,-0.0060075115826066115
2013-02-22,0.003471757229621387,0.003471757229621387,-0.0052077868486325,-0.0052077868486325,0.0006467054201613419,0.0006467054201613419,0.0004908042125893054,0.0004908042125893054,0.000798209183943721,0.000798209183943721
2013-02-23,0.012827296747550267,0.012827296747550267,0.019389365041331444,0.019389365041331444,0.01573175071237977,0.01573175071237977,0.013206107450475263,0.013206107450475263,0.010677754294432065,0.010677754294432065
2013-02-25,0.0009167166870243972,0.0009167166870243972,0.002559953391759851,0.002559953391759851,-0.00043627911788756205,-0.00043627911788756205,-0.0008820166579642426,-0.0008820166579642426,-0.0009349471071643464,-0.0009349471071643464
2013-02-26,-0.0030063226528527186,-0.0030063226528527186,-0.006183772260958432,-0.006183772260958432,-0.009090851750925779,-0.009090851750925779,-0.004444030349778508,-0.004444030349778508,-0.003228650059761024,-0.003228650059761024
2013-02-27,0.0019053723060394948,0.0019053723060394948,0.01417138586523068,0.01417138586523068,0.010743458843070295,0.010743458843070295,0.006090942345622589,0.006090942345622589,0.00310831226194323,0.00310831226194323
2013-03-01,0.010337623118420236,0.010337623118420236,0.022219727610120144,0.022219727610120144,0.020301160602827703,0.020301160602827703,0.014786747587624795,0.014786747587624795,0.013265918209107525,0.013265918209107525
2013-03-04,-0.005019475811235782,-0.005019475811235782,-0.017954186869849578,-0.017954186869849578,-0.0040770625767021056,-0.0040770625767021056,-0.00805200525703492,-0.00805200525703492,-0.003717575371347614,-0.003717575371347614
2013-03-05,0.011383804647097102,0.011383804647097102,0.004065881759488477,0.004065881759488477,0.007428814060737743,0.007428814060737743,0.012293766902191194,0.012293766902191194,0.009371786735686083,0.009371786735686083
2013-03-06,0.006617730042911885,0.006617730042911885,0.00615337264325746,0.00615337264325746,0.007989846162605308,0.007989846162605308,0.007409619658639436,0.007409619658639436,0.006268603988997135,0.006268603988997135
2013-03-07,0.011079910587767444,0.011079910587767444,0.009686292903442674,0.009686292903442674,0.01604233949931353,0.01604233949931353,0.01048554927988916,0.01048554927988916,0.008899606246767468,0.008899606246767468
2013-03-08,0.007156745370516037,0.007156745370516037,0.0074922623024417335,0.0074922623024417335,0.0057933575550140224,0.0057933575550140224,0.008743547942015853,0.008743547942015853,0.007665033043318687,0.007665033043318687
2013-03-11,0.010817281045573349,0.010817281045573349,0.0026714545551811183,0.0026714545551811183,0.010457715505083377,0.010457715505083377,0.0182210556377306,0.0182210556377306,0.012450164520844293,0.012450164520844293
2013-03-12,-0.013200483619562654,-0.013200483619562654,-0.01338145422374475,-0.01338145422374475,-0.016455471375444862,-0.016455471375444862,-0.01599458675400563,-0.01599458675400563,-0.013758909184726647,-0.013758909184726647
2013-03-13,0.005383663206488782,0.005383663206488782,0.0001522223675416433,0.0001522223675416433,0.0027754122100782097,0.0027754122100782097,0.0039999995951500575,0.0039999995951500575,0.003449857211145552,0.003449857211145552
2013-03-14,-0.01061574657961245,-0.0025,-0.013044916561256014,-0.0025,-0.009461816200669283,-0.0025,-0.005235416305935485,-0.0025,-0.006688037894202088,-0.0025000000000000005
2013-03-15,-0.0024155567809150793,0.0,0.000401966569520362,0.0,0.0012934159539891741,0.0,0.0026437440199717386,0.0,0.001953810974538195,0.0
2013-03-18,-0.016866213086506356,0.0,-0.011229792352112057,0.0,-0.012544261077835597,0.0,-0.01810624546510182,0.0,-0.017622558507090203,0.0
2013-03-19,0.01180890813444295,0.0,0.0060206190006205865,0.0,0.012194476484574814,0.0,0.01575009523933506,0.0,0.012787363239358519,0.0
2013-03-20,0.0006872570537396611,0.0,-0.0017466135133298974,0.0,-0.003831557683416642,0.0,-0.0013194707299642706,0.0,-0.00048815054845689483,0.0
2013-03-21,0.0033341462618612606,0.0,0.003494220121402036,0.0,0.0007099140245070299,0.0,0.0016629662503339234,0.0,0.0030932010576277926,0.0
2013-03-22,-0.0011667298748834077,0.0,0.00037427212907683595,0.0,0.0017297688502789232,0.0,-0.0010301338017265627,0.0,-0.0020591695824828393,0.0
2013-03-25,0.0053795764059634535,0.0,0.014796867436208939,0.0,0.00832704824560374,0.0,0.008376208468189095,0.0,0.006593527682084093,0.0
2013-03-26,-0.0017571467782364829,-0.004257146778236483,-0.0006436513437172886,-0.003143651343717289,-0.0043473993055674455,-0.006847399305567445,-0.006533941390084955,-0.009033941390084956,-0.004187783008795493,-0.006687783008795493
2013-03-27,0.01126424827728186,0.01126424827728186,-0.00541648320567858,-0.00541648320567858,0.0020635244185963192,0.0020635244185963192,0.004496981160238696,0.004496981160238696,0.005052145193859526,0.005052145193859526
2013-03-28,0.002161369243787434,0.002161369243787434,-0.0038154887222691556,-0.0038154887222691556,-0.0024682945760876596,-0.0024682945760876596,0.00010156452146810736,0.00010156452146810736,0.0016498798749799036,0.0016498798749799036
2013-03-29,0.005768651194566465,0.005768651194566465,0.012459689357315807,0.012459689357315807,0.0036212330199296384,0.0036212330199296384,0.0026837823060138263,0.0026837823060138263,0.00010295922101160628,0.00010295922101160628
2013-04-01,-0.006948886569241999,-0.006948886569241999,-0.004623497172284008,-0.004623497172284008,-0.009372483762222317,-0.009372483762222317,-0.008824431609379579,-0.008824431609379579,-0.0038952577235916554,-0.0038952577235916554
2013-04-02,0.010481064815678372,-0.0025,0.01418586081116411,-0.0025,0.013471371127318221,-0.0025,0.010716950883976905,-0.0025000000000000005,0.011689554709541472,-0.0025000000000000005
2013-04-03,0.005681025799323068,0.003181025799323068,0.012450898947266299,0.009950898947266298,0.009968277741015441,0.007468277741015441,0.005629683990982559,0.0031296839909825585,0.0018653017354063385,-0.000634698264593662
2013-04-08,-0.03568390912447209,-0.03568390912447209,-0.04011302623295881,-0.04011302623295881,-0.03772960409171239,-0.03772960409171239,-0.03610010110796033,-0.03610010110796033,-0.03659144064122607,-0.03659144064122607
2013-04-09,-0.0008289899027907758,-0.0025,0.014595671149116352,-0.0025,0.007769446127196323,-0.0025,0.003902204619548221,-0.0025000000000000005,0.0027561507000990024,-0.0025000000000000005
2013-04-10,-0.003201292159908016,0.0,0.0017256165096964263,0.0,-0.001813520826838866,0.0,-0.00019082714653253504,0.0,-0.0010133785020145281,0.0
2013-04-11,0.002789262375310876,0.0,-0.0035811497705831694,0.0,-0.00192916042925384,0.0,-0.00015540720341931892,0.0,0.003884440466574829,0.0
2013-04-12,-0.006068441425750501,0.0,-0.011457068393323855,0.0,-0.012177227766908027,0.0,-0.009414309499187326,0.0,-0.007367326584818084,0.0
2013-04-15,-0.010522434558033006,0.0,-0.0034428347571303424,0.0,-0.008132379189203766,0.0,-0.008380022266401844,0.0,-0.010548999852791181,0.0
2013-04-16,0.00267758886612583,0.0,-0.0018057369635805951,0.0,0.002642079391342012,0.0,0.0009139129976796147,0.0,0.0018284022077234008,0.0
2013-04-17,0.005619693312817887,0.0,-0.0002942116815948699,0.0,0.0017838013321844312,0.0,0.006764229211383392,0.0,0.00904661425318638,0.0
2013-04-18,-0.00022693477860534538,-0.0027269347786053454,-0.0037907565912252304,-0.00629075659122523,-0.004057527729546418,-0.0065575277295464186,-0.004026464899788914,-0.0065264648997889144,-0.004380155189880908,-0.0068801551898809085
2013-04-19,0.013468808917596425,0.013468808917596425,0.013569706046140783,0.013569706046140783,0.018541748545890514,0.018541748545890514,0.016181997100396774,0.016181997100396774,0.013982085314838256,0.013982085314838256
2013-04-22,-0.004113730284930827,-0.004113730284930827,-0.0033490475525550295,-0.0033490475525550295,-0.0028732073647358414,-0.0028732073647358414,-0.0035160887728063355,-0.0035160887728063355,-0.0048973063518722324,-0.0048973063518722324
2013-04-23,-0.0001818168071028338,-0.0001818168071028338,0.004794565859125211,0.004794565859125211,0.0027928957768467155,0.0027928957768467155,0.0021004820632389253,0.0021004820632389253,0.0009708143187961984,0.0009708143187961984
2013-04-24,0.009478703132242732,0.009478703132242732,0.004062570157221601,0.004062570157221601,0.004964621502513256,0.004964621502513256,0.008089671430298803,0.008089671430298803,0.011468480656703613,0.011468480656703613
2013-04-25,-0.005386475506869162,-0.005386475506869162,-0.0024962219744828484,-0.0024962219744828484,-0.0021492717358057804,-0.0021492717358057804,-0.0021337467670380656,-0.0021337467670380656,-0.003340377762989549,-0.003340377762989549
2013-04-26,-0.003441761634518494,-0.003441761634518494,-0.001561980887762715,-0.001561980887762715,-0.0021354869348231167,-0.0021354869348231167,-0.002771220769149204,-0.002771220769149204,-0.004944448152870823,-0.004944448152870823
2013-04-29,-0.004121310126613112,-0.004121310126613112,0.006116256756312154,0.006116256756312154,0.0011195853927733032,0.0011195853927733032,0.0004671853567908813,0.0004671853567908813,-0.001330081384289195,-0.001330081384289195
2013-04-30,0.0034751500552382573,0.0034751500552382573,-0.004412466031937634,-0.004412466031937634,0.000712386354856409,0.000712386354856409,0.0004211008966539179,0.0004211008966539179,0.0022150779738006224,0.0022150779738006224
2013-05-02,0.0009311272958795727,0.0009311272958795727,-0.0016242046665013493,-0.0016242046665013493,-0.003586419807689433,-0.003586419807689433,-0.00022945559155346527,-0.00022945559155346527,-0.0006866935787424977,-0.0006866935787424977
2013-05-03,0.002362681338933524,0.002362681338933524,0.0052663794696933275,0.0052663794696933275,0.0075220718108319875,0.0075220718108319875,0.003976439727942334,0.003976439727942334,0.0034807645973053583,0.0034807645973053583
2013-05-06,0.004140710896424921,0.004140710896424921,-0.002402272809004891,-0.002402272809004891,-0.0006899759310348367,-0.0006899759310348367,0.007916003563821258,0.007916003563821258,0.005095200030206731,0.005095200030206731
2013-05-07,-0.0034209409892181743,-0.0034209409892181743,-0.005335679916149028,-0.005335679916149028,-0.0043263593548510055,-0.0043263593548510055,-0.0005591395334533012,-0.0005591395334533012,-0.0016231975098839446,-0.0016231975098839446
2013-05-08,0.0003095999149953812,0.0003095999149953812,-0.005419445032724601,-0.005419445032724601,-0.004887990121364417,-0.004887990121364417,-0.003124712075060554,-0.003124712075060554,-0.0005585135212748781,-0.0005585135212748781
2013-05-09,-0.001779359853630855,-0.001779359853630855,-0.007485405490069952,-0.007485405490069952,0.000777319665392562,0.000777319665392562,0.0009011438423249218,0.0009011438423249218,-0.00018557619298745258,-0.00018557619298745258
2013-05-10,-0.003090213015262819,-0.003090213015262819,-0.004844736261350291,-0.004844736261350291,-0.003456146726047349,-0.003456146726047349,-0.004415663000610996,-0.004415663000610996,-0.001180124332472427,-0.001180124332472427
2013-05-13,-0.001416105863987717,-0.001416105863987717,-0.005364965845335723,-0.005364965845335723,0.0019002855890409502,0.0019002855890409502,0.00019206708840682285,0.00019206708840682285,-0.0024018657755553734,-0.0024018657755553734
2013-05-14,-0.004984190046998175,-0.004984190046998175,0.004775389721406609,0.004775389721406609,0.002582785313963576,0.002582785313963576,0.0025891529999086792,0.0025891529999086792,-0.0031415839444819964,-0.0031415839444819964
2013-05-15,-0.003390985405463593,-0.0025,0.007686743585995171,-0.0025,0.002907609110493303,-0.0025000000000000005,0.0019465284453491567,-0.0025,-0.0005995220167922533,-0.0025000000000000005
2013-05-16,0.000515169104347891,0.0,0.0019081107748067261,0.0,0.0016529391075287615,0.0,-0.0006138670672867218,0.0,0.0005108826027587609,0.0
2013-05-17,0.0024141725715456732,-8.582742845432683e-05,-0.002361967660976516,-0.004861967660976517,0.008472285240269927,0.005972285240269926,0.008145028298722894,0.0056450282987228935,0.005224510265846676,0.0027245102658466757
2013-05-20,0.0004386675200937108,0.0004386675200937108,0.005060626677197777,0.005060626677197777,0.008125356055734632,0.008125356055734632,0.005920918431321631,0.005920918431321631,0.004586431923340849,0.004586431923340849
2013-05-21,0.006424062850868011,0.006424062850868011,-0.005109856272849012,-0.005109856272849012,0.008031269285975508,0.008031269285975508,0.004819435983170954,0.004819435983170954,0.00472679941416757,0.00472679941416757
2013-05-22,0.0055511468148597715,0.0055511468148597715,0.0043363494726749606,0.0043363494726749606,0.002978583022490533,0.002978583022490533,0.00302991822239019,0.00302991822239019,0.003102253239008296,0.003102253239008296
2013-05-23,-0.009228467927910537,-0.009228467927910537,-0.010026928212087128,-0.010026928212087128,-0.009234778396044453,-0.009234778396044453,-0.009090505764812547,-0.009090505764812547,-0.00885648363676258,-0.00885648363676258
2013-05-24,-0.004598694962558024,-0.004598694962558024,-0.009197592694491585,-0.009197592694491585,-0.011918760217227032,-0.011918760217227032,-0.010520443418034849,-0.010520443418034849,-0.009705456922262956,-0.009705456922262956
2013-05-27,0.005411856119237167,0.005411856119237167,0.002144650034568074,0.002144650034568074,0.0031015720043563125,0.0031015720043563125,0.003603032086027014,0.003603032086027014,0.0023129790839698404,0.0023129790839698404
2013-05-28,0.004071860942578306,0.004071860942578306,0.004857941706718605,0.004857941706718605,0.003081025755013378,0.003081025755013378,0.0032672718489440943,0.0032672718489440943,0.0052336052813751754,0.0052336052813751754
2013-05-29,0.005289126869188987,0.005289126869188987,0.009551849874581998,0.009551849874581998,0.008696626543624198,0.008696626543624198,0.007455319295488252,0.007455319295488252,0.006364688246178219,0.006364688246178219
2013-05-30,-0.0017997515834975377,-0.0017997515834975377,-0.0011742420351639636,-0.0011742420351639636,-0.0034702591155304162,-0.0034702591155304162,-0.004908353251378853,-0.004908353251378853,-0.0037627836913908474,-0.0037627836913908474
2013-05-31,-0.0020349897138973827,-0.0020349897138973827,0.001050346483034792,0.001050346483034792,-0.0008203923559963466,-0.0008203923559963466,-0.0027948058294525136,-0.0027948058294525136,-0.001930092405522421,-0.001930092405522421
2013-06-03,0.0011105401787571913,0.0011105401787571913,-0.002229234253249302,-0.002229234253249302,-0.00023657219322539293,-0.00023657219322539293,-0.0011260151169012165,-0.0011260151169012165,-0.0009173854613435787,-0.0009173854613435787
2013-06-04,-0.002415824168223707,-0.002415824168223707,0.006092612241502171,0.006092612241502171,0.0027944728427164557,0.0027944728427164557,0.0016013737207311025,0.0016013737207311025,0.0019167799863114513,0.0019167799863114513
2013-06-05,-0.0056171641337052405,-0.0056171641337052405,0.01030448653970566,0.01030448653970566,0.010620447638887365,0.010620447638887365,0.006899226852011697,0.006899226852011697,0.002027757024299636,0.002027757024299636
2013-06-06,-0.0008516021985053507,-0.0008516021985053507,-0.001493137427983671,-0.001493137427983671,-0.0028084478351608436,-0.0028084478351608436,-0.006633848400090913,-0.006633848400090913,-0.007494507148428282,-0.007494507148428282
2013-06-07,-0.015937353879292224,-0.015937353879292224,-0.012205758392758281,-0.012205758392758281,-0.014671149619541236,-0.014671149619541236,-0.016966773983158934,-0.016966773983158934,-0.013433211849813524,-0.013433211849813524
2013-06-10,0.0043600244445234655,-0.0025,0.0030540528671633817,-0.0025,0.006322571898570029,-0.0025000000000000005,0.005380307934823521,-0.0025,0.0022179758722094987,-0.0025000000000000005
2013-06-11,-0.0035467375947259997,0.0,0.0013564307586061198,0.0,-0.0033041585058615204,0.0,-0.0067715413104957245,0.0,-0.006606685716564676,0.0
2013-06-13,-0.019045659234421426,0.0,-0.016980705328452684,0.0,-0.015434774432987087,0.0,-0.01757067560143656,0.0,-0.016743414626598414,0.0
2013-06-14,-0.009803827242484998,0.0,-0.014718154680380357,0.0,-0.010643324487623007,0.0,-0.011436903778779092,0.0,-0.009905136889730323,0.0
2013-06-17,0.009295005050109939,0.0,0.008815830014395943,0.0,0.007728455519753764,0.0,0.008679209993467859,0.0,0.008017513980710855,0.0
2013-06-18,0.013832446209764652,0.0,0.0077198879372647475,0.0,0.0030652703785355342,0.0,0.010696787886159694,0.0,0.01041153097177507,0.0
2013-06-19,0.010853245137647419,0.008353245137647418,0.02347293306521392,0.02097293306521392,0.014284014250481647,0.011784014250481646,0.01325084089821511,0.01075084089821511,0.011026714322626393,0.008526714322626392
2013-06-20,-0.009968616875723278,-0.009968616875723278,-0.009691836841134794,-0.009691836841134794,-0.009269019939278134,-0.009269019939278134,-0.0075805920710587974,-0.0075805920710587974,-0.007010130662694986,-0.007010130662694986
2013-06-21,-0.009107668859230198,-0.0025,-0.008799381228039005,-0.0025,-0.008994238578132708,-0.0025000000000000005,-0.008347113453610907,-0.0025,-0.009476028229175728,-0.0025000000000000005
2013-06-24,0.005950872328587276,0.0,-0.005491720903087915,0.0,-0.002573256751478725,0.0,0.00028617917464934773,0.0,0.0019462999515065089,0.0
2013-06-25,-0.02200442272115353,0.0,-0.025757637397440546,0.0,-0.019219912254758952,0.0,-0.021557351956406394,0.0,-0.018249229041426458,0.0
2013-06-26,0.0012980236585088836,0.0,0.006370993510288115,0.0,0.0042604393461457175,0.0,0.005248707900876445,0.0,0.004663831371674809,0.0
2013-06-27,0.01873192867487171,0.0,0.026402105824254465,0.0,0.01677566509121098,0.0,0.015450502822684179,0.0,0.01587707918057476,0.0
2013-06-28,-0.0059601638435171625,0.0,0.001663566272968953,0.0,-0.0007538781291785648,0.0,-0.0009143982617151845,0.0,-0.0013298589876127478,0.0
2013-07-01,0.011296614828650516,0.008796614828650516,0.00926051786506905,0.00676051786506905,0.008431608693824491,0.00693160869382449,0.010266325082910489,0.0077663250829104885,0.011682459187954332,0.009182459187954331
2013-07-02,0.002911756145620703,0.002911756145620703,-0.0010309278350515427,-0.0010309278350515427,0.0003749400991453378,0.0003749400991453378,0.0015470369386860604,0.0015470369386860604,0.00300417541028008,0.00300417541028008
2013-07-03,-0.004677460814585222,-0.004677460814585222,-0.0060117843489097215,-0.0060117843489097215,-0.00461292834296465,-0.00461292834296465,-0.004696997594714721,-0.004696997594714721,-0.006117018150028648,-0.006117018150028648
2013-07-04,-0.006303377206326351,-0.006303377206326351,-0.0005561194397113887,-0.0005561194397113887,-0.0021235583557243196,-0.0021235583557243196,-0.004816143284366665,-0.004816143284366665,-0.004839698493152823,-0.004839698493152823
2013-07-05,0.005903347010642257,-0.0025,0.015782879262004237,-0.0025,0.005537073568435137,-0.0025000000000000005,0.006109860203294322,-0.0025,0.005765968332664306,-0.0025000000000000005
2013-07-08,-0.0038594559049620887,-0.006359455904962089,-0.005853143445773567,-0.008353143445773568,-0.0013823508148644967,-0.003882350814864497,-0.003838961149371352,-0.006338961149371353,-0.006059766839484205,-0.008559766839484204
2013-07-09,0.0001782187149772352,-0.0025,0.0031842187714314907,-0.0025,0.0010310499453560886,-0.0025000000000000005,0.0005027001104605187,-0.0025,0.0010205663493030649,-0.0025000000000000005
2013-07-10,0.00409523327196489,0.0,-0.0018289660413059797,0.0,-0.0009269440910499638,0.0,0.0023681392336804665,0.0,0.0028940884211278387,0.0
2013-07-11,0.010879934488834501,0.0,0.002379296526037589,0.0,0.0027617746497842323,0.0,0.005120414265106299,0.0,0.0046710414486663635,0.0
2013-07-12,0.0054560376175244885,0.0,-0.0005560000820664436,0.0,0.001111792093915054,0.0,0.006390812345628659,0.0,0.008724633950999518,0.0
2013-07-15,0.008667771236415824,0.006167771236415823,0.009343675639360916,0.006843675639360915,0.011893348218531984,0.009393348218531983,0.010802675165482388,0.008302675165482387,0.01142312905189203,0.008923129051892029
2013-07-16,0.005220353326362779,0.005220353326362779,0.003136093406596152,0.003136093406596152,0.0017106876699907513,0.0017106876699907513,0.0017963376793777317,0.0017963376793777317,0.0018025301616765798,0.0018025301616765798
2013-07-17,0.00476687910109824,0.00476687910109824,0.001826432502046971,0.001826432502046971,-0.0013885936664687069,-0.0013885936664687069,-0.0004134490227284259,-0.0004134490227284259,8.149332004951364e-05,8.149332004951364e-05
2013-07-18,-0.005309789593928374,-0.005309789593928374,0.0015776646268438107,0.0015776646268438107,-0.003979824702157142,-0.003979824702157142,-0.005938315775928655,-0.005938315775928655,-0.004453898393638928,-0.004453898393638928
2013-07-19,-0.01641027798483935,-0.01641027798483935,-0.010247445703002778,-0.010247445703002778,-0.007032233879894245,-0.007032233879894245,-0.010634040571739266,-0.010634040571739266,-0.01211483341245952,-0.01211483341245952
2013-07-22,0.0070236330837764906,-0.0025,0.011469349674482944,-0.0025,0.007035580617997195,-0.0025000000000000005,0.00918085957472307,-0.0025,0.008393092600333923,-0.0025000000000000005
2013-07-23,0.00807418915838848,0.0,0.008453926973803183,0.0,0.007152588884867217,0.0,0.006779881812939648,0.0,0.009410263622977878,0.0
2013-07-24,-0.000600945030122636,-0.003100945030122636,-0.003888286986878553,-0.006388286986878553,0.0002557622987133135,-0.002244237701286687,0.00042121520116236147,-0.0020787847988376386,0.0009552765593766666,-0.0015447234406233338
2013-07-25,0.0018764897033870347,0.0018764897033870347,-0.0051952799778887115,-0.0051952799778887115,-0.00220657382696885,-0.00220657382696885,0.000366768520240868,0.000366768520240868,0.0005940610825635241,0.0005940610825635241
2013-07-26,-0.000644990634080916,-0.000644990634080916,-7.291493318586396e-05,-7.291493318586396e-05,-0.0012700817629253576,-0.0012700817629253576,-0.001084926989150126,-0.001084926989150126,-0.0004068230655136227,-0.0004068230655136227
2013-07-29,-0.0041319238914034615,-0.0041319238914034615,-0.007807366155555397,-0.007807366155555397,-0.0065958225864788615,-0.0065958225864788615,-0.00620221260310807,-0.00620221260310807,-0.007408938157364142,-0.007408938157364142
2013-07-30,0.0037892892126711103,-0.0025,-0.0022773923675444953,-0.0025,-0.00022461460218791134,-0.0025000000000000005,0.0014228832512127364,-0.0025,0.0004941918936869353,-0.0025000000000000005
2013-07-31,-0.013620463703104067,-0.016120463703104066,-0.003577934288434781,-0.006077934288434781,-0.007084951059538414,-0.009584951059538414,-0.009456324765598495,-0.011956324765598495,-0.010504140433255975,-0.013004140433255975
2013-08-01,-0.0005458586273147776,-0.0025,0.008927536231884026,-0.0025,0.0026646913979967556,-0.0025000000000000005,0.00037121984472122336,-0.0025,0.00031096134634491803,-0.0025000000000000005
2013-08-02,-0.0024270509677076003,0.0,-0.0019927838100269437,0.0,0.00010690444497939427,0.0,-3.9258326145834104e-05,0.0,0.0016096039573334777,0.0
2013-08-05,0.0009618404475258261,0.0,0.002298994401888144,0.0,0.0003653227749909503,0.0,0.0017099398617698531,0.0,0.0021656012270840964,0.0
2013-08-06,-0.0019759862388772616,0.0,-0.0038594529500776357,0.0,-0.004423922029131444,0.0,-0.002605533521977417,0.0,-0.0020851833055202055,0.0
2013-08-07,-0.0122279296782666,0.0,-0.013487719586272064,0.0,-0.010063187960335885,0.0,-0.012699552818421507,0.0,-0.011432553300233312,0.0
2013-08-08,0.000900062167371781,0.0,-0.0002506265664160123,0.0,-0.0012936450999310623,0.0,0.0004936706614114381,0.0,0.0006328754059964913,0.0
2013-08-09,-0.0027610063981618896,0.0,0.001591899426333465,0.0,-0.0012375294535143413,0.0,4.130725421232662e-05,0.0,-0.0027540369607861382,0.0
2013-08-12,-0.006513523796748525,0.0,0.0008851695656736823,0.0,-0.011685671248685726,0.0,-0.005277203686593945,0.0,-0.004732207497018105,0.0
2013-08-13,0.005071036121508354,0.0,0.00982949256648309,0.0,0.006174990559822725,0.0,0.004053599496023426,0.0,0.008226419987473916,0.0
2013-08-14,0.0018035814728051538,0.0,-0.003040515717940706,0.0,-0.00048230885889043455,0.0,-0.0003218546296335226,0.0,0.0020477239366941957,0.0
2013-08-15,-0.0030363017376893314,-0.005536301737689332,-0.0031145151186488633,-0.005614515118648864,-0.005580846475991942,-0.008080846475991943,0.0020957840206873007,-0.0004042159793126998,0.0008966153002155088,-0.0016033846997844917
2013-08-16,-0.0011318211006100933,-0.0025,-0.005346908461592026,-0.0025,-0.007362377027623379,-0.0025000000000000005,-0.0007412879483530642,-0.0025000000000000005,0.000661035613383193,-0.0025000000000000005
2013-08-19,0.0014162969686769386,0.0,0.003656046557671,0.0,0.0010963108319221536,0.0,-0.0012721310422594131,0.0,-0.0019233457216078944,0.0
2013-08-20,-0.008835887828131371,0.0,-0.015257662517853323,0.0,-0.014904757564645175,0.0,-0.013287907562920124,0.0,-0.010207570394414984,0.0
2013-08-22,-0.0020648864681621667,0.0,-0.0005046248318743676,0.0,-0.0002809720568658803,0.0,-0.0002935489364978747,0.0,-0.002222243946745173,0.0
2013-08-23,0.008021185661156472,0.0,0.004379521775394224,0.0,0.007250332089670698,0.0,0.008576296915214028,0.0,0.006156719681096352,0.0
2013-08-26,0.00692411966198558,0.00442411966198558,-4.468576391314372e-05,-0.0025446857639131438,0.007799042007558344,0.005299042007558343,0.004998670513102958,0.0024986705131029574,0.005966080976716487,0.003466080976716486
2013-08-27,-0.007299788089842339,-0.007299788089842339,-0.002882892093126377,-0.002882892093126377,-0.005194012567287166,-0.005194012567287166,-0.00742973508800595,-0.00742973508800595,-0.00759669261883756,-0.00759669261883756
2013-08-28,-0.010320983351725066,-0.0025,0.0008400674358543855,-0.0025,-0.0040719883805668145,-0.0025000000000000005,-0.009124538379114658,-0.0025000000000000005,-0.006841256983500938,-0.0025000000000000005
2013-08-29,0.007641590965662596,0.0,0.0028839794554476055,0.0,0.0029884166878615397,0.0,0.004384914657406528,0.0,0.007861868434555564,0.0
2013-08-30,0.0058614744417775835,0.0,0.0017216323616678461,0.0,-0.0020680836991851417,0.0,0.001005282162131286,0.0,0.0027182549279694823,0.0
2013-09-02,0.016323799603168435,0.013823799603168435,0.01669490902800521,0.01519490902800521,0.010601745798835382,0.008601745798835382,0.014475271112411299,0.011975271112411298,0.015513876051098316,0.013263876051098316
2013-09-03,0.010523776371663195,0.010523776371663195,0.0048668350512524935,0.0048668350512524935,0.017721787270292767,0.017721787270292767,0.012561144132089063,0.012561144132089063,0.012926192185104865,0.012926192185104865
2013-09-04,0.006634517642727857,0.006634517642727857,0.006834299318400539,0.006834299318400539,0.010242574016716079,0.010242574016716079,0.009790665664288574,0.009790665664288574,0.007134527686518578,0.007134527686518578
2013-09-05,0.012333170511086818,0.012333170511086818,0.009188557203091419,0.009188557203091419,0.014030823414314563,0.014030823414314563,0.011580406268666788,0.011580406268666788,0.013655657026291419,0.013655657026291419
2013-09-06,-0.0019096925435508523,-0.0019096925435508523,-0.0003713725381195186,-0.0003713725381195186,-0.001235818158871038,-0.001235818158871038,0.0011096510145043907,0.0011096510145043907,0.0014436782707725254,0.0014436782707725254
2013-09-09,-0.011261718708981917,-0.011261718708981917,-0.008665868654907705,-0.008665868654907705,-0.010845912167438777,-0.010845912167438777,-0.013215311609586,-0.013215311609586,-0.010495218594577431,-0.010495218594577431
2013-09-10,-0.00981638410907923,-0.00981638410907923,-0.0018564203324794137,-0.0018564203324794137,-0.006537422123218539,-0.006537422123218539,-0.009101220661029726,-0.009101220661029726,-0.009830458027851579,-0.009830458027851579
2013-09-11,0.0031230308089567056,0.0031230308089567056,-0.00493591141059031,-0.00493591141059031,0.005180513654937491,0.005180513654937491,0.0033665275328617445,0.0033665275328617445,0.0012629531573470968,0.0012629531573470968
2013-09-12,0.003765093025171591,0.003765093025171591,-0.0012249022450682822,-0.0012249022450682822,0.006287038026137082,0.006287038026137082,0.004933114390734842,0.004933114390734842,0.0038714757541242484,0.0038714757541242484
2013-09-13,1.468412105429999e-05,1.468412105429999e-05,-0.003180812455586302,-0.003180812455586302,-0.00858022532583984,-0.00858022532583984,0.000390932671376332,0.000390932671376332,-0.0005169599688088112,-0.0005169599688088112
2013-09-14,0.00010832294563520387,0.00010832294563520387,-0.0057135931042896935,-0.0057135931042896935,-0.0043907086500826085,-0.0043907086500826085,-0.0046507282344784295,-0.0046507282344784295,-0.003005247957655943,-0.003005247957655943
2013-09-16,0.0011157575472374355,-0.0025,0.002720205660531283,-0.0025,-0.0006690216240225364,-0.0025,-0.0005932735462429897,-0.0025000000000000005,0.0009425567691026984,-0.0025000000000000005
2013-09-17,-0.003964263879610612,-0.006464263879610611,-0.0019244124676816242,-0.004424412467681624,-0.002410923269359355,-0.004910923269359355,-0.001686811744136807,-0.004186811744136807,-0.0010368818213005115,-0.003536881821300512
2013-09-18,0.0003496674394569753,0.0003496674394569753,-0.0017296199679847747,-0.0017296199679847747,0.004938201841214062,0.004938201841214062,0.0020880731399729457,0.0020880731399729457,0.00030677254789005485,0.00030677254789005485
2013-09-23,0.005681840457746347,0.005681840457746347,0.006404417723841416,0.006404417723841416,0.007847967980832416,0.007847967980832416,0.006861864397805613,0.006861864397805613,0.005009902344451806,0.005009902344451806
2013-09-24,0.004530269662319121,0.004530269662319121,0.005920267739950979,0.005920267739950979,0.004511603888264715,0.004511603888264715,0.0020534288329426545,0.0020534288329426545,0.0026572017887089468,0.0026572017887089468
2013-09-25,0.00438251104117131,0.00438251104117131,0.007778050030743789,0.007778050030743789,0.003969132055884539,0.003969132055884539,0.004952967055371034,0.004952967055371034,0.0043907826520928105,0.0043907826520928105
2013-09-26,-0.007416547501476211,-0.007416547501476211,-0.008394809436077134,-0.008394809436077134,-0.0005496602438767706,-0.0005496602438767706,-0.0017303242531491773,-0.0017303242531491773,-0.0013772719186332053,-0.0013772719186332053
2013-09-27,0.004240968015295406,-0.0025,0.009578802211005533,-0.0025,0.007008845755024151,-0.0025,0.006186202871027335,-0.0025000000000000005,0.005180425864038746,-0.0025000000000000005
2013-09-30,-0.0022955558332677147,-0.004795555833267715,0.00043775052343228947,-0.0020622494765677106,-0.005609824851735623,-0.008109824851735623,-0.0039285867380272,-0.0064285867380272,-0.004692874004278363,-0.007192874004278363
2013-10-01,0.006009697122156007,-0.0025,0.015971044938947274,-0.0025,0.009936983319441683,-0.0025,0.008015509615872635,-0.0025000000000000005,0.00534671708509173,-0.0025000000000000005
2013-10-02,0.005007834648038299,0.0025078346480382993,-0.003047620920076377,-0.005547620920076378,-0.0006782812414085184,-0.003178281241408519,0.0008967058900491687,-0.0016032941099508318,0.0022223590114452355,-0.00027764098855476496
2013-10-03,0.008836483889303004,-0.0025,0.00464973761143983,-0.0025,0.0063307861804797975,-0.0025000000000000005,0.007465816989369989,-0.0025000000000000005,0.005974721398489136,-0.0025000000000000005
2013-10-04,0.0024350741087279812,-6.492589127201883e-05,0.0074913514997674065,0.004991351499767406,0.0008339665177834021,-0.0016660334822165984,0.003160365700452543,0.0006603657004525423,0.0006933831416704559,-0.0018066168583295446
2013-10-07,-0.000981681896170233,-0.000981681896170233,0.01307972895122691,0.01307972895122691,0.005656977999896041,0.005656977999896041,0.0052544822275891676,0.0052544822275891676,0.002990399185778125,0.002990399185778125
2013-10-08,0.000360369955488133,-0.0025,-0.009435530233335787,-0.0025,-0.004120939594683704,-0.0025000000000000005,-0.0033747374540076995,-0.0025000000000000005,-0.00047542865129981417,-0.0025000000000000005
2013-10-09,-0.012217677918694263,0.0,-0.016054431443955953,0.0,-0.015485508036126618,0.0,-0.012126834645497842,0.0,-0.01193364043086979,0.0
2013-10-11,2.7515198902825725e-06,0.0,0.0011924040432177438,0.0,0.0019891235874912707,0.0,0.0013153314589339363,0.0,0.002259193407838556,0.0
2013-10-14,-0.016634102019268182,0.0,-0.012491881282708818,0.0,-0.01980364759521154,0.0,-0.01698415048065837,0.0,-0.010553819564755736,0.0
2013-10-15,0.01626464196276797,0.0,0.01928337769808182,0.0,0.01732480728774262,0.0,0.02049348195706592,0.0,0.016802312837291646,0.0
2013-10-16,0.006774483575272412,0.0,0.011664893797480768,0.0,0.009223113440502962,0.0,0.0074652862363169415,0.0,0.006728732957382972,0.0
2013-10-17,0.006974981600072641,0.0,-0.0008205276743251666,0.0,0.0042224837178374,0.0,0.006305116659235173,0.0,0.007100591302296117,0.0
2013-10-18,0.01087307884369521,0.0,0.034882407662411734,0.0,0.019054169362644494,0.0,0.012811969535005765,0.0,0.009182302911536645,0.0
2013-10-21,0.006303163575284592,0.003803163575284592,0.018704135726752048,0.01620413572675205,0.013877964189128622,0.011377964189128622,0.014724826868314236,0.012224826868314236,0.009883336788207587,0.007383336788207587
2013-10-22,0.005166626749370323,0.005166626749370323,0.01370404441915678,0.01370404441915678,0.009597710185346454,0.009597710185346454,0.005832479811903194,0.005832479811903194,0.007745211396747943,0.007745211396747943
2013-10-23,-0.0030269262915310975,-0.0030269262915310975,0.0063299732290347695,0.0063299732290347695,-0.0007626666013685669,-0.0007626666013685669,-0.001363812622640958,-0.001363812622640958,-0.0011187478533019823,-0.0011187478533019823
2013-10-24,0.004896873882540783,0.004896873882540783,0.012505963492337326,0.012505963492337326,0.006670545452692878,0.006670545452692878,0.006618227648840635,0.006618227648840635,0.00752299702734704,0.00752299702734704
2013-10-25,0.0028593611992700613,0.0028593611992700613,0.013408183086490034,0.013408183086490034,0.007780044640048602,0.007780044640048602,0.006247893496135555,0.006247893496135555,0.003861997704632276,0.003861997704632276
2013-10-28,-0.00013497530167340377,-0.00013497530167340377,0.0020630740868127443,0.0020630740868127443,0.003637012262597417,0.003637012262597417,0.003339653553660505,0.003339653553660505,0.0014552297567695317,0.0014552297567695317
2013-10-29,-0.0019128379238137498,-0.0019128379238137498,-0.0027027994246406235,-0.0027027994246406235,-0.0030330145906802167,-0.0030330145906802167,-0.0038711625820842784,-0.0038711625820842784,-0.0035412479822898744,-0.0035412479822898744
2013-10-30,0.010697204706694502,0.010697204706694502,0.01096880713741042,0.01096880713741042,0.01034757620896054,0.01034757620896054,0.0122492604933175,0.0122492604933175,0.011598599689762618,0.011598599689762618
2013-10-31,-0.0016079431449853342,-0.0016079431449853342,-0.002229638587568017,-0.002229638587568017,-0.003475821909593513,-0.003475821909593513,-0.003241105324293906,-0.003241105324293906,-0.0036664865401821846,-0.0036664865401821846
2013-11-01,-0.003738688804539002,-0.003738688804539002,0.0005923454874160695,0.0005923454874160695,-0.003136501458671869,-0.003136501458671869,-0.002623709412783477,-0.002623709412783477,-0.002396116216209548,-0.002396116216209548
2013-11-04,-0.0072217200256001115,-0.0025,-0.015049355592268988,-0.0025,-0.015004553555861,-0.0025000000000000005,-0.00915892027161016,-0.0025000000000000005,-0.011107826109401298,-0.0025000000000000005
2013-11-05,-0.009246730900067666,0.0,-0.0031089955579938653,0.0,-0.006724067713347671,0.0,-0.005563906394025597,0.0,-0.008596712234957912,0.0
2013-11-06,0.0005026399156920541,0.0,0.00013194710411699138,0.0,-0.002172112887532363,0.0,-0.0030293862111930346,0.0,-0.00010099389123864903,0.0
2013-11-07,0.0015847307526403813,0.0,-0.0053179791234599484,0.0,-0.0010668934445842385,0.0,-9.77082418509548e-06,0.0,0.0019069447351454491,0.0
2013-11-08,-0.01243666379817163,0.0,-0.011014059965379784,0.0,-0.016716588885919304,0.0,-0.012545709853128114,0.0,-0.01396377159490932,0.0
2013-11-11,-0.010310735207777652,0.0,-0.016877030273495942,0.0,-0.01686106626976637,0.0,-0.016148398366504228,0.0,-0.016225933506381924,0.0
2013-11-12,-0.011627876875510586,0.0,-0.007371690029397726,0.0,-0.006209825524275526,0.0,-0.004432957757308816,0.0,-0.007488968214242486,0.0
2013-11-13,-0.0036167200823326133,0.0,0.0024725906433287204,0.0,0.003021739356154651,0.0,-0.0008633006053756569,0.0,-0.00078404204132358,0.0
2013-11-14,0.010547121813011701,0.0,0.008370552707868639,0.0,0.002595450901107366,0.0,0.002882387689851932,0.0,0.006958389289028878,0.0
2013-11-15,0.0029666819119760577,0.0,-0.0012877071629275871,0.0,0.00232143844370375,0.0,0.0034208150370190903,0.0,0.0020763965636750926,0.0
2013-11-18,-0.00023628579230422378,0.0,0.0026504793322737366,0.0,0.00028433341463277484,0.0,-0.0006851484235109363,0.0,-4.965855962911275e-05,0.0
2013-11-19,0.006622211061562144,0.0,0.004582869830097414,0.0,0.006188060719855371,0.0,0.005723996164861469,0.0,0.006574263349011689,0.0
2013-11-20,0.0011625055128679288,-0.0013374944871320713,-0.0036610173454267652,-0.006161017345426765,0.006573104149357057,0.004073104149357056,0.003994432270678779,0.0014944322706787784,0.002378762984661826,-0.00012123701533817447
2013-11-21,-0.01200736032353338,-0.0025,-0.013745014537515511,-0.0025,-0.01958364930774059,-0.0025000000000000005,-0.013588538188258455,-0.0025000000000000005,-0.013315979476170213,-0.0025000000000000005
2013-11-22,-0.004991608730589835,0.0,-0.008981643511153492,0.0,-0.011396646988621795,0.0,-0.008671347902066006,0.0,-0.0069551189048000514,0.0
2013-11-25,0.005404060205375293,0.0,-0.0010549731737343757,0.0,0.00979474529451636,0.0,0.0086392568833039,0.0,0.007751763556062136,0.0
2013-11-26,0.009184723008830161,0.0,-0.0013659463331604062,0.0,0.007918036496486626,0.0,0.00846128618905931,0.0,0.008185919626079138,0.0
2013-11-27,0.004574960188792221,0.002074960188792221,-0.00011323304322208229,-0.0026132330432220826,0.002249061686132681,-0.0002509383138673193,0.0066539665522359565,0.004153966552235956,0.006347836917062971,0.00384783691706297
2013-11-28,0.006613106877676448,0.006613106877676448,0.013766334751199063,0.013766334751199063,0.009512712272075308,0.009512712272075308,0.009563174447850775,0.009563174447850775,0.011518684047408636,0.011518684047408636
2013-11-29,0.0035325570788922764,0.0035325570788922764,0.006531898172900385,0.006531898172900385,0.002009502747972824,0.002009502747972824,0.001253039511635638,0.001253039511635638,0.00353207369886947,0.00353207369886947
2013-12-02,0.0030734167956644512,0.0030734167956644512,0.00221811914215826,0.00221811914215826,0.0010547865623073537,0.0010547865623073537,0.0034099485795449753,0.0034099485795449753,0.004719863548673753,0.004719863548673753
2013-12-03,0.0030662683480135655,0.0030662683480135655,-0.0004706997582917482,-0.0004706997582917482,0.005447847136098961,0.005447847136098961,0.004861943608874998,0.004861943608874998,0.0030849523116672664,0.0030849523116672664
2013-12-04,0.0022466301549949334,0.0022466301549949334,0.0004990385297327432,0.0004990385297327432,-0.0031831756048360414,-0.0031831756048360414,-0.0038447246547386777,-0.0038447246547386777,-0.003318335732473171,-0.003318335732473171
2013-12-05,-0.0038559716814200646,-0.0038559716814200646,-0.005458783932403066,-0.005458783932403066,-0.005957544835929507,-0.005957544835929507,-0.006057200442894536,-0.006057200442894536,-0.004786867971831027,-0.004786867971831027
2013-12-06,0.002889989757691571,0.002889989757691571,0.0017081477760739984,0.0017081477760739984,0.00527495690234947,0.00527495690234947,0.004554495853969906,0.004554495853969906,0.004952623130168005,0.004952623130168005
2013-12-09,0.004086241678922013,0.004086241678922013,0.02406223321934573,0.02406223321934573,0.019046472439762287,0.019046472439762287,0.01172134388508057,0.01172134388508057,0.009940948139453006,0.009940948139453006
2013-12-10,-0.008270416452131906,-0.008270416452131906,-0.012634563396956145,-0.012634563396956145,-0.010257363757084892,-0.010257363757084892,-0.012733329621174991,-0.012733329621174991,-0.011754210583703933,-0.011754210583703933
2013-12-11,-0.005292305873320889,-0.005292305873320889,0.008251650212987172,0.008251650212987172,-0.0035760464100751625,-0.0035760464100751625,-0.0035729657804193906,-0.0035729657804193906,-0.0017516859163546564,-0.0017516859163546564
2013-12-12,0.003342181202743345,0.003342181202743345,0.014161236954148528,0.014161236954148528,0.010638182094039716,0.010638182094039716,0.011199337864469153,0.011199337864469153,0.0073789812714677334,0.0073789812714677334
2013-12-13,0.006914663602683609,0.006914663602683609,0.02948834496776134,0.02948834496776134,0.015792759329899087,0.015792759329899087,0.012366812580730063,0.012366812580730063,0.009805630535812588,0.009805630535812588
2013-12-16,4.697176542862922e-05,4.697176542862922e-05,0.013535883425777051,0.013535883425777051,0.00018935434974276435,0.00018935434974276435,0.0009929281759148022,0.0009929281759148022,5.131819453285132e-05,5.131819453285132e-05
2013-12-17,-0.0012197704493068064,-0.0012197704493068064,-0.0017703383915550488,-0.0017703383915550488,-0.0009991790364957897,-0.0009991790364957897,-0.0037873163263236827,-0.0037873163263236827,-0.0009041514285299315,-0.0009041514285299315
2013-12-18,0.0046470050659843075,0.0046470050659843075,0.015019900496422923,0.015019900496422923,0.008603112067808338,0.008603112067808338,0.0077527243835863935,0.0077527243835863935,0.005238430767518959,0.005238430767518959
2013-12-19,-0.00020750233924429588,-0.00020750233924429588,0.005615018976268971,0.005615018976268971,0.003145687350423521,0.003145687350423521,0.00202732663670245,0.00202732663670245,0.000510331645125739,0.000510331645125739
2013-12-20,0.002509941156268997,0.002509941156268997,-0.018322772235815712,-0.018322772235815712,-0.006139112880083542,-0.006139112880083542,-0.0007424948077575811,-0.0007424948077575811,0.004235520275455512,0.004235520275455512
2013-12-23,0.00696933104638871,0.00696933104638871,-0.0011925432000179817,-0.0011925432000179817,0.001123860782208197,0.001123860782208197,0.009348343372780728,0.009348343372780728,0.00977329125141293,0.00977329125141293
2013-12-24,0.004868349347748111,0.004868349347748111,0.0014104808275860361,0.0014104808275860361,0.0006949513619079139,0.0006949513619079139,0.0011185086893577964,0.0011185086893577964,0.0020494900004949025,0.0020494900004949025
2013-12-25,0.004869315820513465,0.004869315820513465,-0.0026579417841308796,-0.0026579417841308796,0.004362922943793868,0.004362922943793868,0.008230898185451899,0.008230898185451899,0.005812677186604487,0.005812677186604487
2013-12-26,0.007216511263562285,0.007216511263562285,0.018778377151224993,0.018778377151224993,0.013253582124769715,0.013253582124769715,0.009335643000491679,0.009335643000491679,0.0075870485710828614,0.0075870485710828614
2013-12-27,-0.0007572278684074417,-0.0007572278684074417,-0.012182876430493629,-0.012182876430493629,-0.007009205712572774,-0.007009205712572774,-0.0012269723296269705,-0.0012269723296269705,-0.0004311302966000138,-0.0004311302966000138
2013-12-30,0.008750460062680546,0.008750460062680546,0.007313494293545198,0.007313494293545198,0.006499448966173349,0.006499448966173349,0.007095841423714199,0.007095841423714199,0.005961219174969074,0.005961219174969074
2013-12-31,2.0146262548896056e-06,2.0146262548896056e-06,-0.005219620518371593,-0.005219620518371593,-0.004355761188702744,-0.004355761188702744,-0.0037137545529234654,-0.0037137545529234654,-0.003144062467868686,-0.003144062467868686
2014-01-02,0.008872649594054274,0.008872649594054274,0.016811785839450245,0.016811785839450245,0.01635181085706443,0.01635181085706443,0.010624361206440947,0.010624361206440947,0.009681525371616512,0.009681525371616512
2014-01-03,0.008638948308310818,0.008638948308310818,0.02601854207074141,0.02601854207074141,0.015065876363373178,0.015065876363373178,0.009463018590045776,0.009463018590045776,0.012881081846048371,0.012881081846048371
2014-01-06,-0.0030789503103961094,-0.0030789503103961094,0.0030043292556350513,0.0030043292556350513,-0.0018936224549486735,-0.0018936224549486735,-0.0077024429850805,-0.0077024429850805,0.0001718687821192159,0.0001718687821192159
2014-01-07,0.01413438696707742,0.01413438696707742,0.017705342122693105,0.017705342122693105,0.02423767546648752,0.02423767546648752,0.01862143872463804,0.01862143872463804,0.016086192004061663,0.016086192004061663
2014-01-08,0.012899186673905716,0.012899186673905716,0.02364804052558167,0.02364804052558167,0.02132041078519036,0.02132041078519036,0.014610440178519408,0.014610440178519408,0.014896518581849962,0.014896518581849962
2014-01-09,-0.0018916864205123047,-0.0018916864205123047,0.0033451690356198997,0.0033451690356198997,0.005868082925497353,0.005868082925497353,0.00015667225528759278,0.00015667225528759278,-0.003264887511938247,-0.003264887511938247
2014-01-10,0.008085971246540565,0.008085971246540565,0.02500075214832367,0.02500075214832367,0.0201525725743677,0.0201525725743677,0.01688342655341169,0.01688342655341169,0.011820129406479791,0.011820129406479791
2014-01-13,-0.002231342376681665,-0.002231342376681665,-0.004664862626687927,-0.004664862626687927,-0.004537469142159613,-0.004537469142159613,-0.0007430042945892378,-0.0007430042945892378,0.0011143793487257136,0.0011143793487257136
2014-01-14,-0.0012989470287835328,-0.0012989470287835328,0.020250721137374052,0.020250721137374052,0.008239951169959304,0.008239951169959304,0.004139284872386181,0.004139284872386181,-0.0009523685359737906,-0.0009523685359737906
2014-01-15,0.0038604580246586295,0.0038604580246586295,0.0038437427221837527,0.0038437427221837527,0.006030790916443918,0.006030790916443918,0.0018359349912099301,0.0018359349912099301,0.00404686327912656,0.00404686327912656
2014-01-16,-0.002205735566180993,-0.002205735566180993,-0.01972133143702113,-0.01972133143702113,-0.014163370624337946,-0.014163370624337946,-0.008053764189624045,-0.008053764189624045,-0.0022890369998637807,-0.0022890369998637807
2014-01-17,4.963927867906689e-05,4.963927867906689e-05,0.0019586158239124356,0.0019586158239124356,0.0023074124838270097,0.0023074124838270097,0.0006702507333433772,0.0006702507333433772,-0.001063573186680178,-0.001063573186680178
2014-01-20,0.003022722795511288,0.003022722795511288,0.004117219240156178,0.004117219240156178,0.0016515408192269375,0.0016515408192269375,0.002717998213918427,0.002717998213918427,0.0018973714311771195,0.0018973714311771195
2014-01-21,0.00025028572088971787,0.00025028572088971787,0.0075132507597706075,0.0075132507597706075,0.012084843237624465,0.012084843237624465,0.006092075093224959,0.006092075093224959,0.0038910549784740957,0.0038910549784740957
2014-01-22,-0.002844855112340939,-0.002844855112340939,-0.010098214998423628,-0.010098214998423628,-0.005407667167556974,-0.005407667167556974,-0.005788145359055112,-0.005788145359055112,-0.003537015682701811,-0.003537015682701811
2014-01-23,-0.001938019139745617,-0.001938019139745617,0.004708247234514418,0.004708247234514418,-0.001161955498990586,-0.001161955498990586,0.0005691178979711388,0.0005691178979711388,-0.0009612153332671181,-0.0009612153332671181
2014-01-24,-0.0006585214751333508,-0.0006585214751333508,-0.008079947314293534,-0.008079947314293534,1.5212315818916716e-08,1.5212315818916716e-08,-6.842452397665469e-05,-6.842452397665469e-05,-0.0013068656188762076,-0.0013068656188762076
2014-01-27,-0.017753356932083214,-0.0025,-0.02788308040253782,-0.0025,-0.017621572600481784,-0.0025,-0.017857572071570838,-0.0025,-0.019820769221688763,-0.0025
2014-02-05,-0.003981215077915483,0.0,0.007787791082008046,0.0,0.005030454259586149,0.0,-0.001986926996361042,0.0,-0.004841686472811946,0.0
2014-02-06,0.015103387356236779,0.0,0.020694137451619854,0.0,0.01871197654633472,0.0,0.020125762560601917,0.0,0.01767888646363301,0.0
2014-02-07,0.002685804106025042,0.00018580410602504196,-0.006971358339779044,-0.009471358339779044,-0.009070737457272195,-0.011570737457272195,0.004177730012249555,0.0016777300122495543,0.0032645957872083913,0.0007645957872083912
2014-02-10,0.0011373501068121126,0.0011373501068121126,-0.0022578542218139484,-0.0022578542218139484,0.0036307678876958743,0.0036307678876958743,0.0062236779894357126,0.0062236779894357126,0.007219161265718223,0.007219161265718223
2014-02-11,0.000915865936636765,-0.0025,0.01812641912886244,-0.0025,0.008017597529618326,-0.0025,0.0031540218360970687,-0.0025000000000000005,0.0010627781424201394,-0.0025
2014-02-12,0.007919726380985048,0.005419726380985047,0.0193245597986639,0.0168245597986639,0.012603384475470561,0.01010338447547056,0.012084336105690064,0.009584336105690063,0.014276889128441217,0.011776889128441216
2014-02-13,-0.0002643223033911388,-0.0002643223033911388,-0.005884167845606103,-0.005884167845606103,-0.003371993712368881,-0.003371993712368881,0.0019599632763627715,0.0019599632763627715,0.00028458447939500075,0.00028458447939500075
2014-02-14,-0.003997872549523626,-0.003997872549523626,-0.0017908041714558953,-0.0017908041714558953,-0.00278221553515251,-0.00278221553515251,-0.005443778156813014,-0.005443778156813014,-0.006005999019036029,-0.006005999019036029
2014-02-17,0.005715588219191341,-0.0025,0.006969636773151301,-0.0025,0.007420766088598088,-0.0025,0.008268382219746646,-0.0025000000000000005,0.0060936102058445855,-0.0025
2014-02-18,0.01148847874706971,0.00898847874706971,0.0020893694486955987,-0.00041063055130440137,0.015548606733920669,0.013048606733920668,0.01600442902852549,0.013504429028525491,0.01261605599204474,0.01011605599204474
2014-02-19,0.016846273404172944,0.016846273404172944,0.007359951941382238,0.007359951941382238,0.01835372678642118,0.01835372678642118,0.021866464345771643,0.021866464345771643,0.02038279233050475,0.02038279233050475
2014-02-20,0.0021451578082461262,0.0021451578082461262,-0.002119443524118925,-0.002119443524118925,-0.003464537658227485,-0.003464537658227485,0.0031854754926924876,0.0031854754926924876,0.0075279942826129275,0.0075279942826129275
2014-02-21,0.007974967541175097,0.007974967541175097,0.015665381277313054,0.015665381277313054,0.010587465786471063,0.010587465786471063,0.017414360781222153,0.017414360781222153,0.0122244592071543,0.0122244592071543
2014-02-24,0.002269977689603511,0.002269977689603511,0.009177529349377279,0.009177529349377279,0.0160322377723101,0.0160322377723101,0.010373800225922011,0.010373800225922011,0.005333885439396441,0.005333885439396441
2014-02-25,0.0029149813962330426,0.0029149813962330426,-6.873425812299605e-07,-6.873425812299605e-07,0.00370367620661839,0.00370367620661839,0.0047073749861437746,0.0047073749861437746,0.005177345133961497,0.005177345133961497
2014-02-26,0.007235732320211116,0.007235732320211116,0.011625980706883986,0.011625980706883986,0.0018722521085851266,0.0018722521085851266,0.007163874778428896,0.007163874778428896,0.006036706488021277,0.006036706488021277
2014-02-27,0.004505205575488286,0.004505205575488286,0.006673319086124562,0.006673319086124562,0.0038177632808573444,0.0038177632808573444,0.00019723511952100294,0.00019723511952100294,0.0022317597050248777,0.0022317597050248777
2014-03-03,-0.005618894819127652,-0.005618894819127652,0.001051367797584524,0.001051367797584524,-0.001176021100211699,-0.001176021100211699,-0.003056767748257908,-0.003056767748257908,-0.0018633813827560908,-0.0018633813827560908
2014-03-04,-0.0008224015033382842,-0.0008224015033382842,0.012818011641549831,0.012818011641549831,0.00184839061791563,0.00184839061791563,-0.0017789664758006624,-0.0017789664758006624,0.0015246090444154487,0.0015246090444154487
2014-03-05,0.014126599421807594,0.014126599421807594,0.0287749213443532,0.0287749213443532,0.022356187048550337,0.022356187048550337,0.02282919096917132,0.02282919096917132,0.01765762316776659,0.01765762316776659
2014-03-06,0.012180552647160505,0.012180552647160505,-0.0019398674465590073,-0.0019398674465590073,0.00583112549206174,0.00583112549206174,0.011144823127815173,0.011144823127815173,0.009847162848036054,0.009847162848036054
2014-03-07,-0.0147033840774727,-0.0147033840774727,-0.025457869450308455,-0.025457869450308455,-0.026312132109645284,-0.026312132109645284,-0.017226053174191326,-0.017226053174191326,-0.021056422132261946,-0.021056422132261946
2014-03-10,0.007838660486382263,0.007838660486382263,0.012411055538109152,0.012411055538109152,0.007315201932328342,0.007315201932328342,0.01014696632317363,0.01014696632317363,0.011604737828848011,0.011604737828848011
2014-03-11,0.005574396244623669,0.005574396244623669,0.002449339843347343,0.002449339843347343,0.0058208907250302715,0.0058208907250302715,0.008970112485410369,0.008970112485410369,0.009676828502816627,0.009676828502816627
2014-03-12,0.004415668907300982,0.004415668907300982,-0.0070133821829339695,-0.0070133821829339695,-0.006086393084395725,-0.006086393084395725,0.0024103480411305305,0.0024103480411305305,0.0003133751569908583,0.0003133751569908583
2014-03-13,0.0052605137902365,0.0052605137902365,0.0004163212018451826,0.0004163212018451826,0.0011589989097430474,0.0011589989097430474,0.0017835715381135189,0.0017835715381135189,0.002871690053996256,0.002871690053996256
2014-03-14,-0.003517693699556617,-0.003517693699556617,-0.004354312431168905,-0.004354312431168905,-0.003245309593132628,-0.003245309593132628,-0.0055279653457257424,-0.0055279653457257424,-0.0027688962659404128,-0.0027688962659404128
2014-03-17,0.0073784865752678334,0.0073784865752678334,0.006412288005926903,0.006412288005926903,0.003791325662869405,0.003791325662869405,0.009272507505907432,0.009272507505907432,0.012551477202838357,0.012551477202838357
2014-03-18,0.0062876616072381755,0.0062876616072381755,0.0025693553191783467,0.0025693553191783467,0.009389763861535873,0.009389763861535873,0.010846222893437642,0.010846222893437642,0.011429807196498788,0.011429807196498788
2014-03-19,-0.0074064186303471665,-0.0074064186303471665,-0.018610335392970835,-0.018610335392970835,-0.015041868421566807,-0.015041868421566807,-0.012367529620356359,-0.012367529620356359,-0.005150569793892966,-0.005150569793892966
2014-03-20,-0.009731561707692465,-0.009731561707692465,0.0019424560638559463,0.0019424560638559463,-0.009689905222596284,-0.009689905222596284,-0.006653695256161351,-0.006653695256161351,-0.012645672156905263,-0.012645672156905263
2014-03-21,-0.008952216402202525,-0.008952216402202525,-0.00861354302688111,-0.00861354302688111,-0.003258647980321328,-0.003258647980321328,-0.006882986886087216,-0.006882986886087216,-0.00997352721862614,-0.00997352721862614
2014-03-24,-0.014948707268665377,-0.014948707268665377,-0.023845062804272434,-0.023845062804272434,-0.014134797898980757,-0.014134797898980757,-0.019550062456219187,-0.019550062456219187,-0.01815511330005529,-0.01815511330005529
2014-03-25,0.01959437671213974,-0.0025,0.02550304071856964,-0.0025,0.020213510800077963,-0.0025,0.018811651020827144,-0.0025,0.021301970860936468,-0.0025
2014-03-26,0.006025021198359842,0.0035250211983598417,0.022256592063575397,0.0197565920635754,0.010150535502886991,0.007650535502886991,0.008260833385501246,0.0057608333855012454,0.00566023358905024,0.0031602335890502397
2014-03-27,0.008603280511885369,0.008603280511885369,-0.0009219893437403485,-0.0009219893437403485,0.007775409264484035,0.007775409264484035,0.010286223929467719,0.010286223929467719,0.012150740530573263,0.012150740530573263
2014-03-28,-0.009691676019334945,-0.009691676019334945,-0.004683515557280683,-0.004683515557280683,-0.006461374767555218,-0.006461374767555218,-0.009515000625775955,-0.009515000625775955,-0.007911712211545713,-0.007911712211545713
2014-03-31,0.012668855729015358,0.012668855729015358,0.02234532805139158,0.02234532805139158,0.015576526819163852,0.015576526819163852,0.01340047879861142,0.01340047879861142,0.016541321154327455,0.016541321154327455
2014-04-01,-0.00039945514576676775,-0.00039945514576676775,0.007350130400885326,0.007350130400885326,6.040221671627121e-05,6.040221671627121e-05,-0.003221050976617549,-0.003221050976617549,-0.0024580071988788694,-0.0024580071988788694
2014-04-02,0.009076833622700276,0.009076833622700276,0.009353901487644256,0.009353901487644256,0.007157238117346443,0.007157238117346443,0.00916567853796911,0.00916567853796911,0.009163527829113494,0.009163527829113494
2014-04-03,0.0015683569024386554,0.0015683569024386554,0.006193053373133384,0.006193053373133384,0.004104779315615403,0.004104779315615403,0.004499413428725315,0.004499413428725315,0.0024550376995944702,0.0024550376995944702
2014-04-07,0.001386795597616247,0.001386795597616247,-0.0017512154047417024,-0.0017512154047417024,0.005012028358861664,0.005012028358861664,0.0031739378669686977,0.0031739378669686977,0.004266117619065002,0.004266117619065002
2014-04-08,0.001794610003668912,0.001794610003668912,0.01529408041199103,0.01529408041199103,0.009924102905838629,0.009924102905838629,0.008708436116986573,0.008708436116986573,0.004729962556582624,0.004729962556582624
2014-04-09,0.008600084887759912,0.008600084887759912,0.004167355338233581,0.004167355338233581,0.0032292799174903687,0.0032292799174903687,0.010615880331388309,0.010615880331388309,0.009542529535566396,0.009542529535566396
2014-04-10,-0.0008716155529094362,-0.0008716155529094362,-0.0032222052291773105,-0.0032222052291773105,-0.004236508364541137,-0.004236508364541137,0.0013482963020749208,0.0013482963020749208,0.0021341513321479267,0.0021341513321479267
2014-04-11,-0.007785727746384641,-0.007785727746384641,-0.004270781139626445,-0.004270781139626445,-0.010439718800550092,-0.010439718800550092,-0.009454866640658272,-0.009454866640658272,-0.007091806705517712,-0.007091806705517712
2014-04-14,-0.008550738740021187,-0.0025,-0.027300221393384172,-0.0025,-0.017131025108727216,-0.0025,-0.008015465412175378,-0.0025,-0.008627116661009132,-0.0025
2014-04-15,0.006389384290778451,0.0,0.008574375223829023,0.0,-7.930099949210543e-05,0.0,0.002790461297136315,0.0,0.005448274905522904,0.0
2014-04-16,0.002189008876676564,0.0,0.008870095912322596,0.0,0.0036799540733864263,0.0,0.003533098661107907,0.0,0.0020627224113733524,0.0
2014-04-17,0.0027386445369312895,0.0,0.0016571973716056124,0.0,0.008632573723688131,0.0,0.006120585121590609,0.0,0.006744652917142457,0.0
2014-04-18,0.004355885609923076,0.0018558856099230758,0.005708004037222893,0.003208004037222893,-0.002236263118244276,-0.0047362631182442765,0.003258394258734502,0.000758394258734502,0.0027670727492458296,0.0002670727492458296
2014-04-21,0.00036357093460738136,0.00036357093460738136,0.0022620248738883138,0.0022620248738883138,-0.0029320197818528564,-0.0029320197818528564,0.002578803828002329,0.002578803828002329,0.0019658263801597907,0.0019658263801597907
2014-04-22,0.001955215541904916,0.001955215541904916,0.008730060184315037,0.008730060184315037,0.004086119476785067,0.004086119476785067,0.006613504921796354,0.006613504921796354,0.004639100641986072,0.004639100641986072
2014-04-23,-0.003273598953770149,-0.003273598953770149,0.003920470881124306,0.003920470881124306,-0.0010615255657363757,-0.0010615255657363757,-0.00681230478210119,-0.00681230478210119,-0.006930073902651191,-0.006930073902651191
2014-04-24,-0.015976010365004147,-0.015976010365004147,-0.017934666897267304,-0.017934666897267304,-0.022250959540521247,-0.022250959540521247,-0.01572182423187912,-0.01572182423187912,-0.019556541275640216,-0.019556541275640216
2014-04-25,-0.032150612477335076,-0.0025,-0.029797634096593664,-0.0025,-0.024559149992184226,-0.0025,-0.02481329600946475,-0.0025,-0.02718117623035493,-0.0025
2014-04-28,-0.0027824352908095273,0.0,-0.000893777865216717,0.0,0.0025873856334479137,0.0,-0.0018046037742560335,0.0,-0.005980387274924693,0.0
2014-04-29,0.013160882023867608,0.0,0.014359743660056191,0.0,0.007717686532291346,0.0,0.005728280134348939,0.0,0.012328435817577194,0.0
2014-04-30,-0.013753603982744568,0.0,-0.015401732465115805,0.0,-0.01934016351679251,0.0,-0.01702446905524589,0.0,-0.015869740384351544,0.0
2014-05-02,0.011786242351044347,0.0,0.002575864928182339,0.0,0.007062122438067342,0.0,0.012172127985732506,0.0,0.010984052924789317,0.0
2014-05-05,0.0028311704684934307,0.00033117046849343067,0.008525907802361954,0.006025907802361953,-0.0020461445258948556,-0.004546144525894856,0.0033854176921266355,0.0008854176921266354,0.0027002926861229293,0.00020029268612292922
2014-05-06,0.0028850295917787596,0.0028850295917787596,0.00845144806625664,0.00845144806625664,0.0008810502896569707,0.0008810502896569707,0.001959597759588154,0.001959597759588154,0.0033376782638320003,0.0033376782638320003
2014-05-07,-0.0004410324007836561,-0.0004410324007836561,0.0020633959729769564,0.0020633959729769564,-0.0001987301223050909,-0.0001987301223050909,0.003301470809305835,0.003301470809305835,0.0007382353134190002,0.0007382353134190002
2014-05-08,0.007294315595471883,0.007294315595471883,0.02285284561194443,0.02285284561194443,0.013004775528800928,0.013004775528800928,0.014045112826971332,0.014045112826971332,0.01113195009264974,0.01113195009264974
2014-05-09,-0.011741208462397313,-0.011741208462397313,-0.021354535488098583,-0.021354535488098583,-0.014673122385362681,-0.014673122385362681,-0.016894645515386858,-0.016894645515386858,-0.01480273946052622,-0.01480273946052622
2014-05-12,-0.013713289914856677,-0.0025,-0.025400445652114547,-0.0025,-0.01977301513638897,-0.0025,-0.012503507801417447,-0.0025,-0.013540686263610125,-0.0025
2014-05-13,-0.013378678523135427,0.0,-0.02510404422264323,0.0,-0.018741435360710837,0.0,-0.01616997730253579,0.0,-0.015171369757461212,0.0
2014-05-14,-0.0014551621927629105,0.0,-0.0045461636213495644,0.0,-0.007389023483090363,0.0,-0.003563146371443667,0.0,-0.005294406504774668,0.0
2014-05-15,0.005926446804215783,0.0,0.002047049464443007,0.0,0.004029304240373455,0.0,0.006378016911860632,0.0,0.007250475147336168,0.0
2014-05-16,-0.0009972101249145003,0.0,0.004021404534517646,0.0,-0.0021737297884745106,0.0,0.0023027545776272457,0.0,0.002166551369156122,0.0
2014-05-19,0.009234328851155741,0.0,0.001689024951412099,0.0,0.0027268695509421125,0.0,0.011719668718908392,0.0,0.006414762077261089,0.0
2014-05-20,0.0001618392590145943,-0.0023381607409854056,0.005588115922949789,0.003088115922949789,0.0017934351214572873,-0.0007065648785427128,-0.0012080827760980887,-0.0037080827760980887,0.00033233735721708874,-0.0021676626427829114
2014-05-21,-0.0022780325131262586,-0.0022780325131262586,-0.009575489645971947,-0.009575489645971947,-0.004618277054037656,-0.004618277054037656,-0.0006964565606761316,-0.0006964565606761316,-0.00236848933604587,-0.00236848933604587
2014-05-22,0.009908347328305372,0.009908347328305372,0.004173769771403935,0.004173769771403935,0.004875428174766005,0.004875428174766005,0.00561321476478324,0.00561321476478324,0.008929633481773242,0.008929633481773242
2014-05-23,0.0060896323036636,0.0060896323036636,0.006058754771717734,0.006058754771717734,0.005165773560220599,0.005165773560220599,0.0006504763839424962,0.0006504763839424962,0.0034578137781540955,0.0034578137781540955
2014-05-26,0.006418006703419684,0.006418006703419684,0.0021487015153200282,0.0021487015153200282,0.008546512542889396,0.008546512542889396,0.006568690161080652,0.006568690161080652,0.00723549197991662,0.00723549197991662
2014-05-27,-3.3165119572676994e-05,-3.3165119572676994e-05,0.003804312215272132,0.003804312215272132,-0.004012250738266532,-0.004012250738266532,-0.0005859035588840962,-0.0005859035588840962,0.0038431850660359933,0.0038431850660359933
2014-05-28,0.0030296587399259774,0.0030296587399259774,0.006928386279852705,0.006928386279852705,0.0029449736090160555,0.0029449736090160555,0.003173435388848496,0.003173435388848496,0.0020295369918187484,0.0020295369918187484
2014-05-29,0.0013426964465707277,0.0013426964465707277,0.014029944435594776,0.014029944435594776,0.0045105950869109065,0.0045105950869109065,0.001486729643733946,0.001486729643733946,0.003953811601497593,0.003953811601497593
2014-05-30,-0.001813538656870007,-0.001813538656870007,0.010958323326744358,0.010958323326744358,-0.004287851139311494,-0.004287851139311494,-0.005122837320374855,-0.005122837320374855,-0.0056295778870201095,-0.0056295778870201095
2014-06-03,0.00037324042209724593,0.00037324042209724593,-0.006384959680766778,-0.006384959680766778,-0.003958598143061087,-0.003958598143061087,-0.004590683048778921,-0.004590683048778921,-0.003440757081405477,-0.003440757081405477
2014-06-04,0.0054153171293038595,0.0054153171293038595,0.01574406532332069,0.01574406532332069,0.005346664879135665,0.005346664879135665,0.004799716931147913,0.004799716931147913,0.0036555012125323917,0.0036555012125323917
2014-06-05,-2.3126887394459396e-05,-2.3126887394459396e-05,-0.0061076934748584,-0.0061076934748584,-0.00483006659667512,-0.00483006659667512,0.0035414508653483986,0.0035414508653483986,0.0019384454534610127,0.0019384454534610127
2014-06-06,0.00543556188019339,0.00543556188019339,0.012086761156234218,0.012086761156234218,0.01180371629687902,0.01180371629687902,0.007110804604186064,0.007110804604186064,0.005767998879357173,0.005767998879357173
2014-06-09,0.006055767233000407,0.006055767233000407,0.003781849681975258,0.003781849681975258,0.006805301918091632,0.006805301918091632,0.005258640298557227,0.005258640298557227,0.006651878228837538,0.006651878228837538
2014-06-10,-0.00045980351523171087,-0.00045980351523171087,0.0150522883163295,0.0150522883163295,0.008634562813374191,0.008634562813374191,0.002913581377105053,0.002913581377105053,0.0014259532363903094,0.0014259532363903094
2014-06-11,0.002902302295763473,0.002902302295763473,0.01391323881904747,0.01391323881904747,0.004157150582124403,0.004157150582124403,0.0026318898676114177,0.0026318898676114177,0.002761090794388521,0.002761090794388521
2014-06-12,0.00541509129918,0.00541509129918,0.010597649360910233,0.010597649360910233,0.008527322285862282,0.008527322285862282,0.007173424037550347,0.007173424037550347,0.006192032545357445,0.006192032545357445
2014-06-13,0.007173607250956702,0.007173607250956702,0.014726705798318428,0.014726705798318428,0.003596732729631158,0.003596732729631158,0.012216642684855198,0.012216642684855198,0.009528038270456842,0.009528038270456842
2014-06-16,0.002940462520335954,0.002940462520335954,0.005056673150905855,0.005056673150905855,2.029982472152598e-05,2.029982472152598e-05,0.0004569633950259368,0.0004569633950259368,0.0005235768507449607,0.0005235768507449607
2014-06-17,0.002582825868707483,0.002582825868707483,0.0051665916530383,0.0051665916530383,0.0020674707625184642,0.0020674707625184642,0.006138467098717711,0.006138467098717711,0.0046248606149829966,0.0046248606149829966
2014-06-18,0.0002150981556603295,0.0002150981556603295,0.004626521843730736,0.004626521843730736,0.0015348934479884509,0.0015348934479884509,-0.0022629633989758183,-0.0022629633989758183,-0.003833387473821115,-0.003833387473821115
2014-06-19,0.004154635456865488,0.004154635456865488,0.002764238146302644,0.002764238146302644,-0.0005985431438797926,-0.0005985431438797926,0.004965195374754528,0.004965195374754528,0.006169303936756965,0.006169303936756965
2014-06-20,-0.005461419487766702,-0.005461419487766702,-0.011733335036789506,-0.011733335036789506,-0.00033800708726854437,-0.00033800708726854437,-0.0035552746551627138,-0.0035552746551627138,-0.003275576142735665,-0.003275576142735665
2014-06-23,-0.01815052011543097,-0.01815052011543097,-0.029176809787096823,-0.029176809787096823,-0.027646866895453245,-0.027646866895453245,-0.021357979743899642,-0.021357979743899642,-0.018372623039552168,-0.018372623039552168
2014-06-24,0.0063420744761522735,-0.0025,0.019223697604615,-0.0025,0.013353384837701944,-0.0025,0.008835179158318203,-0.0025,0.007381475977359719,-0.0025
2014-06-25,0.0031701720263900934,0.0,0.008913259748181402,0.0,0.009050234021046056,0.0,0.007101272105809724,0.0,0.005631800478584304,0.0
2014-06-26,0.008070948523936446,0.0055709485239364455,0.014979555628239072,0.012479555628239072,0.010903813018850317,0.008403813018850317,0.012612950657394399,0.010112950657394398,0.01059988414437023,0.00809988414437023
2014-06-27,0.005898920150737844,0.005898920150737844,0.012999834378121933,0.012999834378121933,0.0020753979400412797,0.0020753979400412797,0.004562240913921368,0.004562240913921368,0.007069917686698196,0.007069917686698196
2014-06-30,0.013295355614090159,0.013295355614090159,0.015556574290166504,0.015556574290166504,0.01364557331971896,0.01364557331971896,0.013937603979007859,0.013937603979007859,0.014880226861367345,0.014880226861367345
2014-07-01,0.0058055691645990965,0.0058055691645990965,0.009471718942163723,0.009471718942163723,0.012033393347203426,0.012033393347203426,0.0027638187877713446,0.0027638187877713446,0.005282236869322632,0.005282236869322632
2014-07-02,-0.010331803419190997,-0.010331803419190997,-0.00636125186131924,-0.00636125186131924,-0.008171247267663207,-0.008171247267663207,-0.007896483115015103,-0.007896483115015103,-0.011273471025451615,-0.011273471025451615
2014-07-03,0.007958414009167393,0.007958414009167393,0.010722458927933864,0.010722458927933864,0.017870152662558546,0.017870152662558546,0.01352628800066494,0.01352628800066494,0.010942330162982966,0.010942330162982966
2014-07-04,-0.003419026279134795,-0.003419026279134795,-0.008251489591197281,-0.008251489591197281,-0.010655139318978359,-0.010655139318978359,-0.004421598218322465,-0.004421598218322465,-0.003463818824389825,-0.003463818824389825
2014-07-07,-0.00121459282691284,-0.00121459282691284,0.0016220544075143286,0.0016220544075143286,0.0022376907440818106,0.0022376907440818106,-0.0032924932494018764,-0.0032924932494018764,-0.0016539601580029158,-0.0016539601580029158
2014-07-08,0.0024918064513015045,0.0024918064513015045,0.0039055635216689753,0.0039055635216689753,0.002498958056671907,0.002498958056671907,-8.590485686744357e-05,-8.590485686744357e-05,-0.000880055632190624,-0.000880055632190624
2014-07-09,-0.0005874488655759642,-0.0005874488655759642,0.008096929865687908,0.008096929865687908,0.0014114854775750588,0.0014114854775750588,-0.001792541247670461,-0.001792541247670461,0.0010565568989206017,0.0010565568989206017
2014-07-10,0.006376183715312926,-0.0025,0.011890959324767003,-0.0025,0.003139997578282705,-0.0025,5.2328109826168374e-05,-0.0025,0.006792623525118458,-0.0025
2014-07-11,-0.021424752327562215,-0.023924752327562214,-0.039534409753852785,-0.04203440975385279,-0.03284236134584351,-0.03534236134584351,-0.03121170886248502,-0.03371170886248502,-0.025062442111648358,-0.027562442111648357
2014-07-14,0.007273107796623534,-0.0025,0.009508343535634301,-0.0025,0.009302652224755705,-0.0025,0.004072440412832567,-0.0025,0.010578083150331501,-0.0025
2014-07-15,0.007593476508350826,0.0,0.016373326316457958,0.0,0.008840494529927046,0.0,0.011057472877451815,0.0,0.0077496305140762065,0.0
2014-07-16,-0.003469588099335514,0.0,-0.006898076656929498,0.0,-0.004988811022637507,0.0,-0.0070881965901862755,0.0,-0.005528653559149072,0.0
2014-07-17,0.0024985617750403985,-1.4382249596016014e-06,0.007636147595664068,0.005136147595664067,0.0020591523435532283,-0.0004408476564467718,0.003048883157173561,0.0005488831571735611,0.0012490575100487353,-0.0012509424899512648
2014-07-18,-0.005049964391423238,-0.0025,-0.004031828012072402,-0.0025,-0.0073015429684456625,-0.0025,-0.006511062782009731,-0.0025,-0.007639988031526624,-0.0025
2014-07-21,0.0011926102970521565,0.0,0.01076485966226788,0.0,0.006783935371816175,0.0,0.002043920501917847,0.0,0.001527572086984336,0.0
2014-07-22,0.0046583615144881645,0.0,0.013900094754035995,0.0,0.009381922406634392,0.0,0.008425889316330207,0.0,0.007896279662664717,0.0
2014-07-24,0.006160872606380687,0.0,0.002231129249812636,0.0,0.0009109519497189857,0.0,-0.00012081095570343572,0.0,0.006312850586671316,0.0
2014-07-25,-0.003276451873747483,-0.0057764518737474825,0.003395287003142,0.0008952870031419999,0.00022646926127242164,-0.0022735307387275784,0.003092129783210725,0.0005921297832107248,-0.0017459387321154434,-0.004245938732115443
2014-07-28,-0.011777896170523732,-0.0025,-0.020700894473527257,-0.0025,-0.014432680302681812,-0.0025,-0.016266322901944845,-0.0025,-0.014543333332959365,-0.0025
2014-07-29,-0.01946674532694318,0.0,-0.019564394425038902,0.0,-0.021307630878143226,0.0,-0.026475186983061248,0.0,-0.025147383251401072,0.0
2014-07-30,0.0025812831176733183,0.0,0.012435381229660659,0.0,0.004953397264429183,0.0,0.00515717101632723,0.0,0.004694016888734737,0.0
2014-07-31,0.0012126259779720464,0.0,-0.0007544718763639934,0.0,-0.0008232661494599559,0.0,-0.00017083768750227914,0.0,0.0003835285015570956,0.0
2014-08-01,-0.0022207918185594457,0.0,0.005139065764341623,0.0,-0.0035232669065581195,0.0,-0.0041456157065053265,0.0,-0.0021614829587481782,0.0
2014-08-04,0.002924116770394512,0.0,-0.006802911977122796,0.0,0.003995067195691227,0.0,0.004780826830933134,0.0,0.003860017619119499,0.0
2014-08-05,0.0037856306633740713,0.0,0.009354970675534612,0.0,0.0024781113296682093,0.0,0.005924967615886464,0.0,0.002674320595503532,0.0
2014-08-06,-0.015059300304426404,0.0,-0.007701893834616948,0.0,-0.01708206961445232,0.0,-0.018937279527566766,0.0,-0.012039895460795485,0.0
2014-08-07,-0.003503603706739137,0.0,-0.006217079462207509,0.0,-0.011139441590906518,0.0,-0.005294416648099879,0.0,-0.004718044245547265,0.0
2014-08-08,-0.009006148148976875,0.0,-0.008607551754887033,0.0,-0.0072612426514783845,0.0,-0.008888079349520265,0.0,-0.006626286056363789,0.0
2014-08-11,0.01749337248696365,0.0,0.015717072815803635,0.0,0.025059876977393983,0.0,0.02619931007265985,0.0,0.022763927051663056,0.0
2014-08-12,0.0020100325794989533,0.0,-6.654474127794135e-05,0.0,-0.0025739785356154957,0.0,-0.00431969192803856,0.0,-0.003310423134419527,0.0
2014-08-13,0.007525346517422257,0.0,-0.0019418462475907726,0.0,0.011442585143008178,0.0,0.009585389964018485,0.0,0.008067680918791242,0.0
2014-08-14,-0.004363944608315455,0.0,-0.0015281834697963735,0.0,-0.001050117944201889,0.0,-0.002733467360244971,0.0,-0.0038912977311931496,0.0
2014-08-15,-0.006166363479197902,-0.008666363479197902,-0.009808645456079514,-0.012308645456079514,-0.0034043914657363567,-0.005904391465736357,-0.007235493004727574,-0.009735493004727574,-0.0075873484605187835,-0.010087348460518784
2014-08-18,-0.022662425325488372,-0.022662425325488372,-0.02443965344121404,-0.02443965344121404,-0.020233501744768824,-0.020233501744768824,-0.026085180784319928,-0.026085180784319928,-0.025789293234121866,-0.025789293234121866
2014-08-19,0.009980185336284572,-0.0025,0.008327179411688946,-0.0025,0.009041263603883465,-0.0025,0.011879834096667694,-0.0025,0.010128708376494105,-0.0025
2014-08-20,-0.002645019186502784,0.0,-0.0012474128604229137,0.0,-0.0052497988932189935,0.0,-0.0052590949669665335,0.0,-0.007258744318807742,0.0
2014-08-21,-0.0045567057329053764,0.0,-0.005860900074912091,0.0,-0.005938043583204922,0.0,-0.005713706136524954,0.0,-0.006595901170161334,0.0
2014-08-22,0.011434445488556573,0.0,0.029445729268887492,0.0,0.016266497290111617,0.0,0.014519945707674394,0.0,0.013354412818144708,0.0
2014-08-25,0.003252090460753414,0.0,0.010547864522202488,0.0,0.0046449916126262035,0.0,0.0031783865629842808,0.0,0.003628899654816864,0.0
2014-08-26,0.012122083693646936,0.009622083693646935,0.01619510554568939,0.01369510554568939,0.009633676629424248,0.007133676629424247,0.008674925530886935,0.006174925530886935,0.011396256030407422,0.008896256030407421
2014-08-27,0.012855172068499662,0.012855172068499662,0.019967085133968457,0.019967085133968457,0.018460101788788062,0.018460101788788062,0.011740544851362961,0.011740544851362961,0.011399356813187185,0.011399356813187185
2014-08-28,-0.0024791705675307686,-0.0024791705675307686,-0.0007042518340160788,-0.0007042518340160788,-0.0004234409124546758,-0.0004234409124546758,0.0014387390893876675,0.0014387390893876675,-0.0013916266583384965,-0.0013916266583384965
2014-08-29,0.007165721173571236,0.007165721173571236,0.00543662814017294,0.00543662814017294,0.006034412584926607,0.006034412584926607,0.008397015672270587,0.008397015672270587,0.006903293589647635,0.006903293589647635
2014-09-01,0.004640610801179872,0.004640610801179872,-0.0005718294800561843,-0.0005718294800561843,-0.0012192372713579532,-0.0012192372713579532,-0.0036024918235388966,-0.0036024918235388966,-0.00025639879988841843,-0.00025639879988841843
2014-09-02,-0.010602293498179457,-0.010602293498179457,-0.011931195346033508,-0.011931195346033508,-0.01072764189593941,-0.01072764189593941,-0.01403299491205373,-0.01403299491205373,-0.014268385568360967,-0.014268385568360967
2014-09-03,-0.0010912278080123614,-0.0010912278080123614,-0.004117441081122997,-0.004117441081122997,0.0024253890121609945,0.0024253890121609945,-0.0026126738862973274,-0.0026126738862973274,-0.002076999881285236,-0.002076999881285236
2014-09-04,-5.8624575356067734e-05,-5.8624575356067734e-05,0.0031569726350578094,0.0031569726350578094,-0.005452492226752582,-0.005452492226752582,-0.002662192783144354,-0.002662192783144354,-0.002233593138673484,-0.002233593138673484
2014-09-05,0.0020330749963912024,-0.0025,0.005022327291830786,-0.0025,0.002345197130060639,-0.0025,0.0020341868742872844,-0.0025000000000000005,0.00044360348003788557,-0.0025
2014-09-09,0.0035839421866491663,0.0010839421866491662,0.018690715720454068,0.01619071572045407,0.005275986706827841,0.002775986706827841,0.005204865904657821,0.0027048659046578208,0.006743146190498062,0.0042431461904980615
2014-09-10,-0.0019401260967212618,-0.0019401260967212618,-0.0034158051891353125,-0.0034158051891353125,-0.007284737249201578,-0.007284737249201578,-0.0051913409511738385,-0.0051913409511738385,-0.00459698393097085,-0.00459698393097085
2014-09-11,0.00041714595365268737,0.00041714595365268737,-0.019587873076610453,-0.019587873076610453,-0.012060678451249696,-0.012060678451249696,-0.0038377209249334174,-0.0038377209249334174,0.0035604936471081428,0.0035604936471081428
2014-09-12,-0.008890211734052147,-0.0025,-0.008096737486598959,-0.0025,-0.012087752222596837,-0.0025,-0.01374505384652424,-0.0025000000000000005,-0.012058220988170604,-0.0025
2014-09-15,-0.003293113851873655,0.0,-0.017398219174654228,0.0,-0.009178714259532107,0.0,-0.007971383896959786,0.0,-0.0035018062289254403,0.0
2014-09-16,-0.007665933831164686,0.0,-0.014142862110263565,0.0,-0.00870214614501541,0.0,-0.010770163247001469,0.0,-0.009234338702782684,0.0
2014-09-17,0.004381572728705495,0.0,0.005227286044988011,0.0,0.0027786572867884774,0.0,0.007341605687347845,0.0,0.006787888766172968,0.0
2014-09-18,0.0020810183796206383,-0.0004189816203793617,-0.0009818938398539645,-0.003481893839853965,0.008797690091056676,0.006297690091056676,0.00868862642232092,0.006188626422320919,0.0043177238098444865,0.0018177238098444864
2014-09-19,0.006029344331886014,0.006029344331886014,0.004362270297791283,0.004362270297791283,-0.0004354067307305589,-0.0004354067307305589,-0.0011965041058947874,-0.0011965041058947874,0.004267256544086501,0.004267256544086501
2014-09-22,-0.0042602132574352,-0.0042602132574352,-0.0019681228606177603,-0.0019681228606177603,-0.005114868919872439,-0.005114868919872439,-0.008097785861489208,-0.008097785861489208,-0.007784944348196004,-0.007784944348196004
2014-09-23,-0.004661560257679703,-0.004661560257679703,0.0026897716252215938,0.0026897716252215938,-0.0007739969047707573,-0.0007739969047707573,-0.0017534877629117244,-0.0017534877629117244,-0.003096606822345893,-0.003096606822345893
2014-09-24,0.0004584714453333968,-0.0025,-0.004140970449606885,-0.0025,-0.003077767252437103,-0.0025,-0.0028011988461873615,-0.0025000000000000005,-0.0018209635876261952,-0.0025
2014-09-25,-0.012847042084713265,0.0,-0.014543785320158233,0.0,-0.012251376182309348,0.0,-0.01361927291697269,0.0,-0.014706669264225609,0.0
2014-09-26,-0.005768208633402177,0.0,-0.0021376867959405745,0.0,-0.0038466048274914183,0.0,-0.003361327817861729,0.0,-0.00407994757640039,0.0
2014-09-29,0.004892412731106172,0.0,0.004438572260929475,0.0,0.006225537658933911,0.0,0.007316562686094789,0.0,0.006297438194657839,0.0
2014-09-30,0.001514957990698706,0.0,0.0029440696506861873,0.0,0.0007358715234190402,0.0,0.00013222909862622436,0.0,0.0010356772209278997,0.0
2014-10-01,-2.4990330934520824e-05,0.0,-0.0016466630393845653,0.0,0.003219344777264211,0.0,0.0033317897225786748,0.0,0.0016568061124191905,0.0
2014-10-02,0.00615217018290837,0.0,-0.0019467176787716814,0.0,0.0060247647392812735,0.0,0.009250609366629204,0.0,0.009190674298997724,0.0
2014-10-03,0.006410320038392153,0.0,0.012985305000446035,0.0,0.007820843025262049,0.0,0.007011069271838262,0.0,0.00833622874395621,0.0
2014-10-06,0.0011149351436490435,-0.0013850648563509566,-1.6183002426006787e-05,-0.002516183002426007,0.001416805189253989,-0.0010831948107460116,-0.00015333190338942732,-0.0026533319033894276,0.0015785858338512651,-0.0009214141661487349
2014-10-07,-0.009798222157489536,-0.009798222157489536,-0.010638143746462903,-0.010638143746462903,-0.017021505904307767,-0.017021505904307767,-0.011837350078920979,-0.011837350078920979,-0.012043676380606333,-0.012043676380606333
2014-10-08,-0.00902821788176605,-0.0025,-0.008461827909574615,-0.0025,-0.008423496770889705,-0.0025000000000000005,-0.010105854448717425,-0.0025,-0.010778418726443507,-0.0025
2014-10-09,-0.008146036928123868,0.0,-0.0018371838707616829,0.0,-0.012601657023671286,0.0,-0.010323582216328883,0.0,-0.010644104517264748,0.0
2014-10-13,-0.04037216193064463,0.0,-0.05308323834438347,0.0,-0.05330416570651169,0.0,-0.04995758261468467,0.0,-0.04604786280943328,0.0
2014-10-14,-0.0039269142567984585,0.0,-0.029724957628635584,0.0,-0.0070876974147614175,0.0,-0.0059606003991041386,0.0,-0.003464651581555595,0.0
2014-10-15,-0.01740345745524068,0.0,-0.02402790997670308,0.0,-0.01705133082278465,0.0,-0.0203417610776006,0.0,-0.017874502666196373,0.0
2014-10-16,-0.012238669559220297,0.0,-0.02273216423801754,0.0,-0.01917651020582828,0.0,-0.018005050739550832,0.0,-0.012679445425971225,0.0
2014-10-17,-0.01945941780172799,0.0,-0.007412674530626329,0.0,-0.01602578824293407,0.0,-0.01760476740083489,0.0,-0.016280219764120786,0.0
2014-10-20,0.018580704963898926,0.0,0.032994475828915217,0.0,0.03370325072433513,0.0,0.02671885354026305,0.0,0.022606432853007296,0.0
2014-10-21,-0.00046252833396026604,0.0,-0.005667894344937153,0.0,-0.005614709413739528,0.0,-0.00349486173677828,0.0,-0.0027030554420801214,0.0
2014-10-22,0.011477450400449854,0.0,0.010226789993652164,0.0,0.011504687590333053,0.0,0.011837966682667322,0.0,0.010761259577695399,0.0
2014-10-23,-0.00927152671542476,0.0,-0.012419711484616468,0.0,-0.010401168353004399,0.0,-0.009797678500328295,0.0,-0.009265887558845987,0.0
2014-10-24,-0.01042888652731436,0.0,-0.0075946991787658735,0.0,-0.00834066115714055,0.0,-0.008060823715729101,0.0,-0.007091603037477707,0.0
2014-10-27,-0.02991086875780894,0.0,-0.0260807390299471,0.0,-0.03794085836731312,0.0,-0.034957465905994786,0.0,-0.031092114962609635,0.0
2014-10-28,0.020653884715633737,0.0,0.022470459057409364,0.0,0.02638356456318902,0.0,0.021807694274657508,0.0,0.021407096528547043,0.0
2014-10-29,0.021047642173656955,0.0,0.02067817534578094,0.0,0.024014861046612903,0.0,0.025726888619936508,0.0,0.022875065371322244,0.0
2014-10-30,-0.001246672946886998,-0.003746672946886998,-0.011005847003372971,-0.013505847003372972,-0.004805829066076638,-0.007305829066076639,-0.00526830630125441,-0.0077683063012544094,-0.002660060720101131,-0.005160060720101131
2014-10-31,0.007640739089349951,0.007640739089349951,0.013800961646995846,0.013800961646995846,0.009543615868634359,0.009543615868634359,0.009176199759324311,0.009176199759324311,0.007312732510832648,0.007312732510832648
2014-11-03,0.011861838874917296,0.011861838874917296,0.016851947985447112,0.016851947985447112,0.016085284322763304,0.016085284322763304,0.011367638602177984,0.011367638602177984,0.013447745978720177,0.013447745978720177
2014-11-04,-0.00018894276566506964,-0.00018894276566506964,-0.004861052836194557,-0.004861052836194557,0.004338907920859981,0.004338907920859981,0.0019840063541459504,0.0019840063541459504,0.0024523839120187524,0.0024523839120187524
2014-11-05,0.000873371680834574,0.000873371680834574,-0.006153030958224148,-0.006153030958224148,-0.007610617424283882,-0.007610617424283882,-0.004952038733320233,-0.004952038733320233,-0.0007353650484990757,-0.0007353650484990757
2014-11-06,-0.00902775568724711,-0.00902775568724711,-0.010667514468442007,-0.010667514468442007,-0.009181440649734939,-0.009181440649734939,-0.007806643893957932,-0.007806643893957932,-0.008400894334162714,-0.008400894334162714
2014-11-07,0.010281733341325964,-0.0025,0.0106161351408272,-0.0025,0.0145751552998165,-0.0025,0.009992509413674681,-0.0025,0.012317175077268499,-0.0025
2014-11-10,0.0046869403864008615,0.0021869403864008615,0.0033216224700554735,0.0008216224700554734,0.0001924261946323778,-0.0023075738053676222,0.0062305796516885685,0.0037305796516885685,0.004856062990617838,0.002356062990617838
2014-11-11,-0.001898365929789114,-0.001898365929789114,-0.007768095497747951,-0.007768095497747951,-0.0029498783522560077,-0.0029498783522560077,-0.005581374709401958,-0.005581374709401958,-0.004261009846305041,-0.004261009846305041
2014-11-12,-0.003893464782746668,-0.003893464782746668,-0.007456871084901962,-0.007456871084901962,-0.0027097978548656916,-0.0027097978548656916,-0.00595517137671105,-0.00595517137671105,-0.004976355612305022,-0.004976355612305022
2014-11-13,-0.0013129426134843288,-0.0013129426134843288,-0.0018253002066606957,-0.0018253002066606957,-0.004814686383210953,-0.004814686383210953,-0.0032409241466806312,-0.0032409241466806312,-0.001604995636049361,-0.001604995636049361
2014-11-14,0.003483883012753101,0.003483883012753101,-0.0012273703211818086,-0.0012273703211818086,0.0013603739027750138,0.0013603739027750138,0.004226452870522353,0.004226452870522353,0.004610981505379142,0.004610981505379142
2014-11-17,-0.008553119371955605,-0.008553119371955605,-0.013860565900581736,-0.013860565900581736,-0.01549274925050046,-0.01549274925050046,-0.00931307116663355,-0.00931307116663355,-0.007575700608429931,-0.007575700608429931
2014-11-18,-0.012653418377649286,-0.0025,-0.01619966188703157,-0.0025,-0.014351346488475717,-0.0025,-0.01192259564740396,-0.0025,-0.014077261337387922,-0.0025
2014-11-19,0.002390590766502404,0.0,0.003756267838549832,0.0,0.004958589028746641,0.0,0.0007856817194590896,0.0,0.0016577959335581484,0.0
2014-11-20,0.013045643222259831,0.0,0.017437455995090813,0.0,0.02393553386122727,0.0,0.01770884591295494,0.0,0.016062201617680818,0.0
2014-11-21,0.005719014096533461,0.0032190140965334606,0.0024767952432337877,-2.320475676621239e-05,0.0023689274030272104,-0.00013107259697278965,0.007602688900988357,0.005102688900988356,0.007493680004593956,0.004993680004593956
2014-11-24,0.005960667834110211,0.005960667834110211,0.0030609176797603108,0.0030609176797603108,0.0023348930628823926,0.0023348930628823926,0.009339753147834116,0.009339753147834116,0.008877066639835526,0.008877066639835526
2014-11-25,0.006512599486183196,0.006512599486183196,-0.0021957539132754444,-0.0021957539132754444,0.007846604152090242,0.007846604152090242,0.01539023666908123,0.01539023666908123,0.011442861058173942,0.011442861058173942
2014-11-26,0.003990266902887327,0.003990266902887327,0.008900785396368183,0.008900785396368183,0.015616347627059246,0.015616347627059246,0.00902301638700366,0.00902301638700366,0.0053277215907699795,0.0053277215907699795
2014-11-27,0.0012526444178685326,0.0012526444178685326,0.004330022351186069,0.004330022351186069,0.00345733642126036,0.00345733642126036,0.0018488008647373389,0.0018488008647373389,0.0016771193905189712,0.0016771193905189712
2014-11-28,-0.000669145019775941,-0.000669145019775941,-0.008287698155257539,-0.008287698155257539,0.0012084380967523286,0.0012084380967523286,0.0007763986021404567,0.0007763986021404567,-0.0003356347898269778,-0.0003356347898269778
2014-12-01,0.0038879556385677887,0.0038879556385677887,0.0063231029249029265,0.0063231029249029265,0.0032627421732067904,0.0032627421732067904,0.007285086075308777,0.007285086075308777,0.0038797388326508534,0.0038797388326508534
2014-12-02,0.005532720738210615,0.005532720738210615,0.012077616767950716,0.012077616767950716,0.0026345967245346887,0.0026345967245346887,0.007057202697924878,0.007057202697924878,0.008057361710535612,0.008057361710535612
2014-12-03,0.015957833795656767,0.015957833795656767,0.02784795590562821,0.02784795590562821,0.019961596216412626,0.019961596216412626,0.01607402666943632,0.01607402666943632,0.015052543551195846,0.015052543551195846
2014-12-04,0.0025076280517385644,0.0025076280517385644,-0.0036349942050733827,-0.0036349942050733827,-0.009695109920919865,-0.009695109920919865,-0.0051945073036310605,-0.0051945073036310605,-0.00214193597533286,-0.00214193597533286
2014-12-05,0.007706003719702598,0.007706003719702598,0.0002646916901905439,0.0002646916901905439,0.007812193661848034,0.007812193661848034,0.005738163912766315,0.005738163912766315,0.008582026660938087,0.008582026660938087
2014-12-08,0.0038508222686295685,0.0038508222686295685,0.0033477623484919005,0.0033477623484919005,0.006726804935801545,0.006726804935801545,0.0023588348426303307,0.0023588348426303307,0.0043212329747020885,0.0043212329747020885
2014-12-09,-0.0032973419044441234,-0.0032973419044441234,0.002869234784117935,0.002869234784117935,-0.001560333629068678,-0.001560333629068678,-0.0014236833860261423,-0.0014236833860261423,-0.004896885458252171,-0.004896885458252171
2014-12-10,-0.009188371590373102,-0.009188371590373102,-0.008584550319466321,-0.008584550319466321,-0.011118162678192711,-0.011118162678192711,-0.0016431647776019504,-0.0016431647776019504,-0.002461218229708362,-0.002461218229708362
2014-12-11,0.0009246996040022402,0.0009246996040022402,0.004015905064040415,0.004015905064040415,0.00220555658842817,0.00220555658842817,-0.001890825590238173,-0.001890825590238173,0.004003298564511842,0.004003298564511842
2014-12-12,0.00466295665738733,0.00466295665738733,0.00952538577210862,0.00952538577210862,0.005368494563795568,0.005368494563795568,0.005606814224220394,0.005606814224220394,0.0039615006712066195,0.0039615006712066195
2014-12-15,8.80754418749989e-05,8.80754418749989e-05,-0.005305240053744576,-0.005305240053744576,-0.002732990450972538,-0.002732990450972538,-0.0015467967153827292,-0.0015467967153827292,0.0003481813342350818,0.0003481813342350818
2014-12-16,-0.0035007833250781085,-0.0035007833250781085,0.0073492077053514135,0.0073492077053514135,0.004260492920751091,0.004260492920751091,-0.0028074800866112986,-0.0028074800866112986,-0.00429531905755961,-0.00429531905755961
2014-12-17,-0.0032009135175678,-0.0032009135175678,-0.009269305066086942,-0.009269305066086942,-0.004918447465107445,-0.004918447465107445,-0.0042318153361084795,-0.0042318153361084795,-0.005324633989148153,-0.005324633989148153
2014-12-18,0.0011141923101288225,0.0011141923101288225,0.003370356302033706,0.003370356302033706,0.007598710855321611,0.007598710855321611,0.003028267659738432,0.003028267659738432,0.0019655441754224015,0.0019655441754224015
2014-12-19,-0.005417225783541947,-0.005417225783541947,-0.009659952169698439,-0.009659952169698439,-0.008501025263205652,-0.008501025263205652,-0.009376976056698199,-0.009376976056698199,-0.008345481186171705,-0.008345481186171705
2014-12-22,0.008803550353080229,0.008803550353080229,0.005499573610366593,0.005499573610366593,0.012782623719714305,0.012782623719714305,0.011282877521492698,0.011282877521492698,0.009183428979222497,0.009183428979222497
2014-12-23,0.0014378246612809964,0.0014378246612809964,0.004198143887308703,0.004198143887308703,0.0022401549266905076,0.0022401549266905076,-0.00035271121891495823,-0.00035271121891495823,0.0007215487484583228,0.0007215487484583228
2014-12-24,0.007929713452099836,0.007929713452099836,0.014542202687632934,0.014542202687632934,0.00903837296920469,0.00903837296920469,0.008987481549999421,0.008987481549999421,0.00978565797296913,0.00978565797296913
2014-12-25,0.0015113123182546612,0.0015113123182546612,-2.475804241519608e-05,-2.475804241519608e-05,-0.001685967195823246,-0.001685967195823246,0.0030965437116328596,0.0030965437116328596,0.001103419298879694,0.001103419298879694
2014-12-26,0.003600113921913343,0.003600113921913343,0.019898021378631194,0.019898021378631194,0.004074529372737146,0.004074529372737146,0.009346477060771562,0.009346477060771562,0.0067258907010349376,0.0067258907010349376
2014-12-27,0.008050566606680978,0.008050566606680978,0.002602735132051781,0.002602735132051781,0.0069622964038099765,0.0069622964038099765,0.004625872255746932,0.004625872255746932,0.004878371924445674,0.004878371924445674
2014-12-29,0.0018250638436890787,0.0018250638436890787,0.013303226311016237,0.013303226311016237,0.002108926881466888,0.002108926881466888,-0.0003806803069523593,-0.0003806803069523593,0.0005397059911964375,0.0005397059911964375
2014-12-30,-0.003568153189098833,-0.003568153189098833,0.005691986959930762,0.005691986959930762,0.0032357711419679584,0.0032357711419679584,0.00022350381929489365,0.00022350381929489365,-0.0013415922333678667,-0.0013415922333678667
2014-12-31,0.004555743681464154,0.004555743681464154,0.011264737091909494,0.011264737091909494,0.008682246812337358,0.008682246812337358,0.006796502165757039,0.006796502165757039,0.005662503214377756,0.005662503214377756
2015-01-05,0.0058840645289944,0.0058840645289944,0.011123335617214613,0.011123335617214613,0.012301981217500303,0.012301981217500303,0.0062519778484334855,0.0062519778484334855,0.005521588061889166,0.005521588061889166
2015-01-06,-0.010054442019285105,-0.010054442019285105,-0.015756168044351027,-0.015756168044351027,-0.016658124175745758,-0.016658124175745758,-0.015845923450808035,-0.015845923450808035,-0.014681014081898324,-0.014681014081898324
2015-01-07,0.007057602279057747,-0.0025,-0.000790192292874781,-0.0025,0.009601009028363618,-0.0025,0.008475811919709364,-0.0025,0.009387675965236925,-0.0025
2015-01-08,0.000921623948845426,0.0,0.004534253497738661,0.0,0.002861549882304015,0.0,0.0035932597730407695,0.0,0.0032391882070206155,0.0
2015-01-09,0.004895022535366605,0.002395022535366605,0.0194014141112572,0.0169014141112572,0.006307663712563516,0.0038076637125635158,0.0007766799491400651,-0.001723320050859935,0.002719307541704929,0.00021930754170492893
2015-01-12,0.002881776605584174,0.002881776605584174,0.010665081468700578,0.010665081468700578,0.00011121976327056553,0.00011121976327056553,-0.0008422446798995061,-0.0008422446798995061,0.004071057309334292,0.004071057309334292
2015-01-13,-0.0005550124272665114,-0.0005550124272665114,-0.014459230036664028,-0.014459230036664028,-0.002805754294164608,-0.002805754294164608,-0.00018149832775284916,-0.00018149832775284916,0.0008100284628472621,0.0008100284628472621
2015-01-14,-0.000636273768869655,-0.0025,-0.00013176079264680683,-0.0025,-0.0010529322062792557,-0.0025,-0.0013013754964736448,-0.0025,0.0005278175826622434,-0.0025
2015-01-15,-0.0026545679042951093,0.0,-0.0048081036454014955,0.0,-0.003847958873842239,0.0,-0.002300397126845769,0.0,-0.0035796830154828426,0.0
2015-01-16,-0.0076207288926515805,0.0,-0.016750569740422726,0.0,-0.013844219040046147,0.0,-0.013468867556430087,0.0,-0.014879180438018846,0.0
2015-01-19,-0.006525032634411751,0.0,-0.0021611576402406074,0.0,-0.0021241715887296508,0.0,-0.00577417476042692,0.0,-0.005112671294501625,0.0
2015-01-20,0.007276637845529756,0.0,0.01161330093719708,0.0,0.010737277537738033,0.0,0.009543372220149086,0.0,0.008855223230452935,0.0
2015-01-21,0.0018124789287446105,0.0,-0.0058027411384596,0.0,0.0029041679167210346,0.0,0.004354805968653711,0.0,0.0011204347609014402,0.0
2015-01-22,0.005083046126152996,0.0,0.015170231699385583,0.0,0.010136544420191641,0.0,0.007844842601419495,0.0,0.006518946996363501,0.0
2015-01-23,-0.0026078560519183906,-0.005107856051918391,-0.004829151952566369,-0.0073291519525663686,-0.005436775963614483,-0.007936775963614483,-0.003824161180634392,-0.006324161180634392,-0.003866932097346743,-0.006366932097346743
2015-01-26,-0.003039222972403646,-0.003039222972403646,-0.0006602014977641344,-0.0006602014977641344,-0.001229309457162808,-0.001229309457162808,-0.002053863698082425,-0.002053863698082425,-0.0012763765518218335,-0.0012763765518218335
2015-01-27,0.00017510824420269292,0.00017510824420269292,0.0008754138648298325,0.0008754138648298325,0.0013812739302359266,0.0013812739302359266,0.0010407085689135543,0.0010407085689135543,-4.954502598900125e-05,-4.954502598900125e-05
2015-01-28,0.0005961358417554506,0.0005961358417554506,-0.0011761291485876241,-0.0011761291485876241,0.004568909783291232,0.004568909783291232,0.0027177738886346257,0.0027177738886346257,0.0023002002774069608,0.0023002002774069608
2015-01-29,-0.0023086425445653026,-0.0023086425445653026,-0.009906358085475441,-0.009906358085475441,-0.007235438125369997,-0.007235438125369997,-0.005535303540391926,-0.005535303540391926,-0.005845675063120999,-0.005845675063120999
2015-01-30,-0.00414785138676896,-0.00414785138676896,-0.0072920431678028756,-0.0072920431678028756,-0.0037895657875416933,-0.0037895657875416933,-0.002904311202035566,-0.002904311202035566,-0.0024327703082333064,-0.0024327703082333064
2015-02-02,0.00010625251292702706,-0.0025,-0.012762706335126217,-0.0025,0.003891330432575791,-0.0025,4.0952694348369515e-05,-0.0025,-0.0007527396366675762,-0.0025
2015-02-03,0.00412553241112101,0.0,0.011759009424424538,0.0,0.006659367674310324,0.0,0.007325264175232982,0.0,0.006886770368940632,0.0
2015-02-04,0.0023692195617652004,0.0,0.0028562885668294907,0.0,0.00042672950937407985,0.0,0.0018425167118085728,0.0,0.002384491171958742,0.0
2015-02-05,0.004482989812276086,0.0,0.004621362516619842,0.0,0.0027088642503930727,0.0,0.002202995201671458,0.0,0.002077805038736791,0.0
2015-02-06,-0.004279898247439668,0.0,-0.003938691319291254,0.0,-0.011425829847914959,0.0,-0.0069079733446609694,0.0,-0.00694412694232211,0.0
2015-02-09,-0.003244732672850071,0.0,-0.0005894953229749209,0.0,-0.005134711863012843,0.0,-0.005204803176898953,0.0,-0.004100247959704373,0.0
2015-02-10,-0.004385147823701918,0.0,-0.0023224588868857813,0.0,-0.010320715539659053,0.0,-0.00878074365704109,0.0,-0.0055571788273347245,0.0
2015-02-11,-0.003007282627848506,0.0,-0.005465593773491473,0.0,-0.0034487395690882996,0.0,-0.0004715372659941003,0.0,-0.003379723050895767,0.0
2015-02-12,-0.002215408070871084,0.0,0.0072587454079634526,0.0,-0.0007933417696575293,0.0,-0.0021620969474040576,0.0,-0.001976368688523666,0.0
2015-02-13,0.002352810042842761,0.0,0.0002636140970740052,0.0,0.0043536775706826455,0.0,0.0032235202210435963,0.0,0.0013708146685343205,0.0
2015-02-24,0.0069369903682957885,0.0,0.011865830720712057,0.0,0.011869176294391149,0.0,0.01258463716407361,0.0,0.011086468470216755,0.0
2015-02-25,0.0059222311667254425,0.0034222311667254425,0.009626354162131692,0.007126354162131691,0.005453203111583494,0.0029532031115834943,0.007983633831672518,0.005483633831672517,0.007722903452985869,0.0052229034529858685
2015-02-26,-0.00047703331215845856,-0.00047703331215845856,-0.0010414064724313832,-0.0010414064724313832,0.0012268249648758167,0.0012268249648758167,0.00011582179941832166,0.00011582179941832166,-0.0007394263116909384,-0.0007394263116909384
2015-03-02,-0.0014535386783738925,-0.0014535386783738925,-0.0018623684165483426,-0.0018623684165483426,0.0041977710131858356,0.0041977710131858356,0.0014985401727230624,0.0014985401727230624,-0.0030824605121630606,-0.0030824605121630606
2015-03-03,-3.3784639699883316e-06,-3.3784639699883316e-06,-0.003087136975576099,-0.003087136975576099,-0.004932415361835974,-0.004932415361835974,-0.0010946354899501831,-0.0010946354899501831,0.002594661799875914,0.002594661799875914
2015-03-04,-0.002463160562383271,-0.002463160562383271,-0.004079320786177853,-0.004079320786177853,-0.003284957982083925,-0.003284957982083925,-0.0023760918070075817,-0.0023760918070075817,-0.0027260165901015435,-0.0027260165901015435
2015-03-05,0.007856003584367638,0.007856003584367638,0.004294299326735907,0.004294299326735907,0.009052083631740173,0.009052083631740173,0.007533160580008591,0.007533160580008591,0.007829852530962262,0.007829852530962262
2015-03-06,0.004293420227717683,0.004293420227717683,-0.00011520919167058502,-0.00011520919167058502,0.0004754877997393156,0.0004754877997393156,0.004534139707078396,0.004534139707078396,0.003512039743288636,0.003512039743288636
2015-03-09,-0.00013996937476981787,-0.00013996937476981787,-0.008727232756124394,-0.008727232756124394,-0.0023851599584986836,-0.0023851599584986836,0.00420955871046531,0.00420955871046531,0.002325257295641092,0.002325257295641092
2015-03-10,-0.004803334717032752,-0.004803334717032752,-0.006403669540816903,-0.006403669540816903,-0.005641130488235369,-0.005641130488235369,-0.004991341958577711,-0.004991341958577711,-0.0034789761451191506,-0.0034789761451191506
2015-03-11,-0.003999871057377911,-0.003999871057377911,-0.00463129045889703,-0.00463129045889703,-0.005015380807087321,-0.005015380807087321,-0.0032014232922437397,-0.0032014232922437397,-0.0026960348015054973,-0.0026960348015054973
2015-03-12,0.005596406253196119,0.005596406253196119,0.01567907559479944,0.01567907559479944,0.008905698309988842,0.008905698309988842,0.00481980748509984,0.00481980748509984,0.007100575015765948,0.007100575015765948
2015-03-13,0.0055379145635249824,0.0055379145635249824,0.022150473385154437,0.022150473385154437,0.013630962825558835,0.013630962825558835,0.01209476985042514,0.01209476985042514,0.009626853525625945,0.009626853525625945
2015-03-16,0.0020588779101970143,0.0020588779101970143,-0.008515724501303869,-0.008515724501303869,-0.0026606207045640432,-0.0026606207045640432,-0.0023961276356695873,-0.0023961276356695873,-0.0010317993519650018,-0.0010317993519650018
2015-03-17,-0.001266712563198217,-0.001266712563198217,-0.007072544324831243,-0.007072544324831243,0.0066221832478820086,0.0066221832478820086,0.0023468109849707148,0.0023468109849707148,0.0009999118774170926,0.0009999118774170926
2015-03-18,0.0037937733791477885,0.0037937733791477885,0.004546128389368942,0.004546128389368942,0.0019084517797232634,0.0019084517797232634,0.0015891703621697965,0.0015891703621697965,0.0017113890246317487,0.0017113890246317487
2015-03-19,0.007861372699235683,0.007861372699235683,0.0023987701071556348,0.0023987701071556348,0.005351685292274689,0.005351685292274689,0.006398336853626889,0.006398336853626889,0.005568019588129059,0.005568019588129059
2015-03-20,0.0008960898410259041,0.0008960898410259041,0.009250556792134513,0.009250556792134513,0.00655112167263322,0.00655112167263322,0.002659221812044891,0.002659221812044891,0.0023726511278283234,0.0023726511278283234
2015-03-23,-0.003297665413139858,-0.003297665413139858,-0.00925260811142663,-0.00925260811142663,-0.010761515428326096,-0.010761515428326096,-0.005648507598942635,-0.005648507598942635,-0.0035634805181625536,-0.0035634805181625536
2015-03-24,-0.000492494373197316,-0.000492494373197316,-0.012704111605437874,-0.012704111605437874,-0.00622967080756992,-0.00622967080756992,-0.005827004596624211,-0.005827004596624211,-0.003218327018959971,-0.003218327018959971
2015-03-25,-0.009428192546830616,-0.009428192546830616,-0.021856946696767965,-0.021856946696767965,-0.015313625192696221,-0.015313625192696221,-0.014110923348169368,-0.014110923348169368,-0.012397068491715202,-0.012397068491715202
2015-03-26,-0.0036309853394848896,-0.0036309853394848896,-0.005040764808784881,-0.005040764808784881,-0.004002548249224281,-0.004002548249224281,-0.005115710448346718,-0.005115710448346718,-0.0043005327308441536,-0.0043005327308441536
2015-03-27,-0.0012840937777567022,-0.0025,0.0018947387461858206,-0.0025,-0.0011554544349111182,-0.0025,-0.0028999086261334668,-0.0025,-0.001111893698887523,-0.0025
2015-03-30,-0.005191381173884777,0.0,-0.025956290094665692,0.0,-0.01597256970298372,0.0,-0.01441741769249935,0.0,-0.005722755909322531,0.0
2015-03-31,0.003782657472165822,0.0,0.004265259775357988,0.0,0.004578045330991621,0.0,0.00368061184262017,0.0,0.005181271185576325,0.0
2015-04-01,-0.005999544882558373,0.0,-0.005271231606998029,0.0,-0.007652590828608953,0.0,-0.010048925430669077,0.0,-0.006714775619903657,0.0
2015-04-02,0.008037793237056324,0.0,0.0010734350625834833,0.0,0.006173056440756564,0.0,0.007891848745050282,0.0,0.009776583055720163,0.0
2015-04-07,0.011349745800400417,0.0,0.004808431470674313,0.0,0.002633446579000243,0.0,0.006894787389327302,0.0,0.01106964907351407,0.0
2015-04-08,0.002817634788338418,0.0,-0.008680832709371165,0.0,-0.006758270766416686,0.0,0.0014305165514583527,0.0,0.005618460707005158,0.0
2015-04-09,-0.00563962300995816,0.0,-0.007770832492208669,0.0,-0.006610161321544772,0.0,-0.005435047979788288,0.0,-0.008179830137999361,0.0
2015-04-10,0.003946695722656088,0.0,-0.0022100923157889253,0.0,0.004881473434119621,0.0,0.00526848440902438,0.0,0.006968852568317962,0.0
2015-04-13,0.0009988735216132669,0.0,0.00526092397420217,0.0,0.00417787676118555,0.0,0.0030803434854524375,0.0,-0.0005852123060014091,0.0
2015-04-14,0.00470880851729787,0.0,-0.0034981317733782102,0.0,0.00418976550018,0.0,0.006608050289248704,0.0,0.0061563709097973715,0.0
2015-04-15,-0.005880022406361142,-0.008380022406361142,0.0009468427905187759,-0.0015531572094812241,-0.00330239630217708,-0.00580239630217708,-0.005981452712503248,-0.008481452712503248,-0.005470025775784287,-0.007970025775784288
2015-04-16,0.00034173223066482684,-0.0025,0.0008596326738658402,-0.0025,0.0029318030110438657,-0.0025,0.0025395039107390864,-0.0025,-0.0007211653223936739,-0.0025
2015-04-17,-0.00231695263427203,-0.00481695263427203,-0.0017974750653148908,-0.004297475065314891,-0.006759007278702956,-0.009259007278702956,-0.0036241090512892935,-0.006124109051289293,-0.003202661975792526,-0.005702661975792526
2015-04-20,-0.009716852072489032,-0.0025,-0.00719507831882691,-0.0025,-0.012679252545107655,-0.0025,-0.013095350365819087,-0.0025,-0.011735393672225392,-0.0025
2015-04-21,-0.01437456770117291,0.0,-0.02009207722783877,0.0,-0.013112671846119962,0.0,-0.01469407359004274,0.0,-0.015527685482891941,0.0
2015-04-22,0.00350934231825664,0.0,-0.0007686755163571092,0.0,-0.001202358495309841,0.0,0.0009972013155845547,0.0,0.005110422470443027,0.0
2015-04-23,0.007163388778423299,0.0,0.014885807424706868,0.0,0.015959879224663343,0.0,0.010025088523270057,0.0,0.007607370496644934,0.0
2015-04-24,0.0032981075203513603,0.0,0.00011944842561297788,0.0,-0.003914642158309323,0.0,-0.0031375267898705443,0.0,0.0009882105031713269,0.0
2015-04-27,0.0035269547103713734,0.0010269547103713733,0.004770822804849816,0.002270822804849816,0.004151851996150269,0.0016518519961502688,0.001946954993849396,-0.000553045006150604,0.0031065574905008277,0.0006065574905008276
2015-04-28,0.0022078026752293334,0.0022078026752293334,-0.003895821475483929,-0.003895821475483929,0.001655119998162147,0.001655119998162147,0.0015698779180731038,0.0015698779180731038,0.0015889272042311942,0.0015889272042311942
2015-04-29,-0.005861214771677375,-0.005861214771677375,-0.008045414593515422,-0.008045414593515422,-0.004796982182974984,-0.004796982182974984,-0.006449055323671645,-0.006449055323671645,-0.008621586211350755,-0.008621586211350755
2015-04-30,0.003843787622947854,-0.0025,0.0013897752966286034,-0.0025,0.0022158156941415427,-0.0025,0.0050743793943404635,-0.0025,0.002576553581393076,-0.0025
2015-05-04,-0.010374489438079742,0.0,-0.009348666668049121,0.0,-0.009478882851343774,0.0,-0.014242193820524171,0.0,-0.012646373697383117,0.0
2015-05-05,-0.00784911330427449,0.0,0.002732139236492803,0.0,-0.0006960336301448991,0.0,-0.008170721385988674,0.0,-0.009703559843888643,0.0
2015-05-06,0.006005943445487592,0.0,0.001136665838790063,0.0,0.007553795386145668,0.0,0.0110653649357716,0.0,0.009918967089453473,0.0
2015-05-07,-0.004714519782132087,-0.007214519782132087,-0.0005550942418836689,-0.003055094241883669,-0.00417384341723811,-0.006673843417238111,-0.001845146471732329,-0.00434514647173233,-0.005868593354919894,-0.008368593354919894
2015-05-08,-0.009387615799454806,-0.0025,0.003936705125087481,-0.0025,-0.005512386173964578,-0.0025,-0.007622753015088027,-0.0025000000000000005,-0.011675673231404844,-0.0025
2015-05-11,-0.02281645979764397,0.0,-0.024631378128557826,0.0,-0.03196082175991691,0.0,-0.02970219328949181,0.0,-0.02661581399907478,0.0
2015-05-12,0.0009563937274482812,0.0,-0.008129543135677488,0.0,-0.0013601264826321965,0.0,-0.002334982291841518,0.0,0.0017027982620201221,0.0
2015-05-13,0.004188167791144625,0.0,-0.0006051480846622328,0.0,-0.0018039535773721417,0.0,0.004596520987061158,0.0,0.004706482008072792,0.0
2015-05-14,-0.00449580731364615,0.0,-0.0020856674997845608,0.0,7.821384419636184e-05,0.0,-0.0005903665048638223,0.0,-0.0008625470033445215,0.0
2015-05-15,-0.008551610398046337,0.0,-0.014483427373956272,0.0,-0.01616173188418645,0.0,-0.012947565033626315,0.0,-0.012532307905556988,0.0
2015-05-18,-0.014240843223855703,0.0,-0.022548379932864848,0.0,-0.018034413160841457,0.0,-0.018960262250798738,0.0,-0.017784750303882182,0.0
2015-05-19,0.004052967328794727,0.0,-0.00518103039825113,0.0,0.00594294595759386,0.0,-0.0007037216932923793,0.0,0.006346179168726535,0.0
2015-05-20,0.001121489989255094,0.0,-0.0010884942177391776,0.0,0.0017303369977585083,0.0,-0.00027270068044823813,0.0,0.001732751243113745,0.0
2015-05-21,-0.0042193203933349535,0.0,0.0002425136747898904,0.0,-0.0027874237342329525,0.0,-0.004225413960233956,0.0,-0.004786133282163446,0.0
2015-05-22,0.004687655332597714,0.0,0.0025080939596575196,0.0,0.000509337929396891,0.0,0.0012810773371370635,0.0,0.0015742444875104448,0.0
2015-05-25,-0.00047102114067610137,0.0,0.010213064145289217,0.0,0.0007203919024238335,0.0,-0.0006333844359244372,0.0,-0.001955799332152303,0.0
2015-05-26,0.006827318401755966,0.0,0.008151131086845531,0.0,0.01831441386969084,0.0,0.0096180762592476,0.0,0.008845183153092403,0.0
2015-05-27,0.0026972854164135592,0.00019728541641355919,0.0032280064568200434,0.0007280064568200434,0.00035566257903449946,-0.002144337420965501,0.0029248510065744103,0.0004248510065744098,0.007917237274101529,0.005417237274101528
2015-05-28,0.005429468037166054,0.005429468037166054,0.008354887058530582,0.008354887058530582,0.009872027959710228,0.009872027959710228,0.01021550647543512,0.01021550647543512,0.006413226544499933,0.006413226544499933
2015-05-29,0.0011227832369865316,0.0011227832369865316,-0.007904562388127024,-0.007904562388127024,-0.003555610588740576,-0.003555610588740576,0.0003024082097140777,0.0003024082097140777,0.00350018305360304,0.00350018305360304
2015-06-01,-0.001377899935921934,-0.001377899935921934,-0.004441171239122598,-0.004441171239122598,-0.004902394705007796,-0.004902394705007796,-0.007067835377006325,-0.007067835377006325,-0.0004577285054195525,-0.0004577285054195525
2015-06-02,0.0029316937836376027,0.0029316937836376027,0.005352705554395866,0.005352705554395866,0.0059072249511831106,0.0059072249511831106,0.0042384449876899264,0.0042384449876899264,-0.00023496194334210463,-0.00023496194334210463
2015-06-03,-0.011213444898708303,-0.011213444898708303,-0.0149049282635771,-0.0149049282635771,-0.01378294032130658,-0.01378294032130658,-0.012092843776393799,-0.012092843776393799,-0.01454383378201219,-0.01454383378201219
2015-06-04,-0.022315606328068897,-0.022315606328068897,-0.028834768607373197,-0.028834768607373197,-0.028353857418884954,-0.028353857418884954,-0.02713394690048439,-0.02713394690048439,-0.02425302019514364,-0.02425302019514364
2015-06-05,-0.007977830008117843,-0.0025,-0.014747836611131972,-0.0025,-0.007289641715357043,-0.0025,-0.008917830098817983,-0.0025,-0.00789241470699158,-0.0025
2015-06-08,-0.0025268302526454465,0.0,-0.004934766217447839,0.0,-0.0004695476879663428,0.0,-0.007411797297436646,0.0,-0.005504217752977464,0.0
2015-06-09,-0.04577895254101424,0.0,-0.05361256474061862,0.0,-0.042857616270181385,0.0,-0.05415645707714953,0.0,-0.053359221216214885,0.0
2015-06-10,0.012443152266023917,0.0,0.008380538249305226,0.0,0.013763033161128813,0.0,0.006826177163768773,0.0,0.009531414125592148,0.0
2015-06-11,0.004805636753119548,0.0,-0.005835150064688089,0.0,-0.0041302206740911574,0.0,0.0020149986280952065,0.0,0.0005501273137175354,0.0
2015-06-12,-0.00030552586435556126,0.0,0.007198711602888053,0.0,-0.002106432181366702,0.0,0.0033798633481047606,0.0,0.0005395887963205724,0.0
2015-06-15,0.0024856021795659103,0.0,-0.0014778761541265112,0.0,-0.0066808863759206475,0.0,-0.005369620692530812,0.0,4.6997931104847206e-05,0.0
2015-06-16,-0.0076357168633683446,0.0,0.007408069240180693,0.0,-0.00467453926519108,0.0,-0.004975012776673485,0.0,-0.005728657366595097,0.0
2015-06-17,0.00459804900253153,0.0,0.015352153048153207,0.0,0.005311982053140318,0.0,0.0021396853019832,0.0,0.004942937822361782,0.0
2015-06-18,0.013583166021530747,0.0,0.009807915192016714,0.0,0.014835279594797812,0.0,0.01964144692064097,0.0,0.01578289536072812,0.0
2015-06-22,0.005724306309359777,0.0032243063093597766,-0.004822856458130477,-0.007322856458130477,0.007579405254840621,0.005079405254840621,0.011981935740406248,0.009481935740406247,0.010347755840366018,0.007847755840366018
2015-06-23,0.01623188877190931,0.01623188877190931,0.013189614926430315,0.013189614926430315,0.0055221448015703506,0.0055221448015703506,0.011493641942220734,0.011493641942220734,0.01201041037521649,0.01201041037521649
2015-06-24,0.0004526339745460747,0.0004526339745460747,0.014821474694053262,0.014821474694053262,0.010553415404730749,0.010553415404730749,0.010896767015207646,0.010896767015207646,0.0073366137455005654,0.0073366137455005654
2015-06-25,0.0072847234369194155,0.0072847234369194155,0.0013517088344471746,0.0013517088344471746,0.008385446862218971,0.008385446862218971,0.008808129588746305,0.008808129588746305,0.005849793177843821,0.005849793177843821
2015-06-26,0.0008959767846346701,0.0008959767846346701,0.006585708958611615,0.006585708958611615,0.0022317841890690197,0.0022317841890690197,-0.0019138023878528876,-0.0019138023878528876,8.204046213625138e-05,8.204046213625138e-05
2015-06-29,-0.019728675724617485,-0.019728675724617485,-0.037602778410236695,-0.037602778410236695,-0.02947768396916587,-0.02947768396916587,-0.02109085660067994,-0.02109085660067994,-0.02173315665219655,-0.02173315665219655
2015-06-30,0.005059193328907892,-0.0025,0.006929267901996217,-0.0025,0.010013296999967792,-0.0025,0.005013526125151468,-0.0025,0.003786593565071367,-0.0025
2015-07-01,0.005600167802597864,0.0,0.004130716525509714,0.0,0.004507519675886617,0.0,0.0011649380707535817,0.0,0.0027313337140721042,0.0
2015-07-02,0.005463443743772983,0.0029634437437729834,0.007762963534965795,0.005262963534965795,0.005118783142203553,0.0026187831422035527,0.002584015395773383,8.401539577338303e-05,0.002750590098501782,0.000250590098501782
2015-07-03,-0.001318218291761987,-0.001318218291761987,-0.002483327664890767,-0.002483327664890767,-0.0010282249346207032,-0.0010282249346207032,0.007441058552641692,0.007441058552641692,0.0010631904149119638,0.0010631904149119638
2015-07-06,-0.007880885475280191,-0.007880885475280191,-0.007465480249673285,-0.007465480249673285,-0.00834686424660357,-0.00834686424660357,-0.008516332803466139,-0.008516332803466139,-0.0074636775500525445,-0.0074636775500525445
2015-07-07,0.004669428475240722,-0.0025,0.006589287407006728,-0.0025,0.004591023616422363,-0.0025,0.0018935871346129243,-0.0025,0.005823961623558516,-0.0025
2015-07-08,-0.02962958397410616,0.0,-0.03139035560327223,0.0,-0.02848171087093178,0.0,-0.03192183016087202,0.0,-0.031378385916735224,0.0
2015-07-09,-0.0012717461512379868,0.0,0.007115320840792584,0.0,-0.004049252038319727,0.0,-0.00027423512844019626,0.0,-0.0008231496982816721,0.0
2015-07-13,0.023160861273294267,0.0,0.028617848152099914,0.0,0.0254241137962911,0.0,0.01706803112737383,0.0,0.016984290087333532,0.0
2015-07-14,-0.00310269229317252,0.0,-0.00062210664872151,0.0,-0.0015424261344029082,0.0,4.5708119487023564e-05,0.0,-0.0022347496458109796,0.0
2015-07-15,0.0006668767833251385,0.0,-0.009132360393712081,0.0,-0.0025796108376842323,0.0,-0.0046389003847897205,0.0,-0.001098073418943196,0.0
2015-07-16,6.279251564981402e-05,0.0,-0.001748217147856822,0.0,-0.003808076840497954,0.0,-0.003695839888381372,0.0,-0.0007193770146584841,0.0
2015-07-17,-0.005700527015879216,0.0,0.0022937764738860666,0.0,-0.0026811284499683734,0.0,-0.0037539471438140437,0.0,-0.007424283992772657,0.0
2015-07-20,-0.009120522680536067,0.0,0.0012582312047132007,0.0,-0.009266166788131391,0.0,-0.01189372265541168,0.0,-0.00997187320133106,0.0
2015-07-21,-0.010362323145458038,0.0,-0.011510070474515645,0.0,-0.014457195268052538,0.0,-0.01206984558031534,0.0,-0.010553427866207443,0.0
2015-07-22,-0.007862079229437817,0.0,-0.005149703393092798,0.0,0.0018629207562577133,0.0,-0.001458484288552382,0.0,-0.00376262669906542,0.0
2015-07-23,-0.012836135350131481,0.0,-0.013182520275667377,0.0,-0.012564364851737155,0.0,-0.020854644469639378,0.0,-0.019856859318790516,0.0
2015-07-24,-0.013003380589162908,0.0,-0.002118985570115895,0.0,-0.008143249223749394,0.0,-0.01053521647427942,0.0,-0.012564361206357805,0.0
2015-07-27,-0.049155046339212666,0.0,-0.048967684885697714,0.0,-0.044837894957275845,0.0,-0.052422091199420484,0.0,-0.05154167402715182,0.0
2015-07-28,0.004477839961382947,0.0,-0.027792696738113024,0.0,-0.01637593794893594,0.0,-0.010271318558070367,0.0,-0.0008164003558264148,0.0
2015-07-29,-0.005736137692409462,0.0,0.004761624443822443,0.0,-0.004819014317703708,0.0,-0.0075106287279902715,0.0,-0.00666143554292113,0.0
2015-07-30,0.010455755869019676,0.0,0.010670830109222384,0.0,0.010511233435988221,0.0,0.014512066291661567,0.0,0.015035322379195155,0.0
2015-07-31,-0.004813434088280055,0.0,0.013525492261013072,0.0,0.0028415721376146676,0.0,0.0014832400040464039,0.0,0.002303637498602474,0.0
2015-08-03,-0.025218861736723934,0.0,-0.006714401112343738,0.0,-0.025048117221329345,0.0,-0.02218884395326714,0.0,-0.02257673824343252,0.0
2015-08-04,-0.018941399139073268,0.0,-0.0483075578323833,0.0,-0.039566839179828256,0.0,-0.03312096758096328,0.0,-0.02753295618363091,0.0
2015-08-05,0.01882466594323444,0.0,0.006322001279123192,0.0,0.023490533243316826,0.0,0.017778527117959155,0.0,0.01356949323036677,0.0
2015-08-06,0.0038642216629138112,0.0,-0.007196768928042352,0.0,-0.001373553701838658,0.0,0.01050459415224767,0.0,0.00823324886271628,0.0
2015-08-07,0.010964238386614113,0.0,0.013865131766315875,0.0,0.00877033503916903,0.0,0.005342775661595562,0.0,0.0030851707155188247,0.0
2015-08-10,0.015502177841625327,0.0,0.015290061665287704,0.0,0.014217532592526637,0.0,0.012131683215012568,0.0,0.012209045520237634,0.0
2015-08-11,-0.007073886519013809,-0.00957388651901381,-0.003864736968503291,-0.006364736968503291,-0.011310238592780752,-0.013810238592780752,-0.006706208177304777,-0.009206208177304777,-0.0067757508551276775,-0.009275750855127678
2015-08-12,-0.009652894287094612,-0.0025,-0.013110912823870093,-0.0025,-0.007513880320296219,-0.0025,-0.008055193180386765,-0.0025,-0.010246540906108027,-0.0025
2015-08-13,0.003798297186566891,0.0,0.015378411902424704,0.0,0.011612480153351246,0.0,0.008599145601519908,0.0,0.005366502778350524,0.0
2015-08-14,-0.004046152940585351,-0.0065461529405853505,0.010250906023708662,0.007750906023708662,0.004395254020399775,0.001895254020399775,0.0009414222892392579,-0.0015585777107607422,-0.002602389082146439,-0.0051023890821464395
2015-08-17,-0.012224412526330226,-0.0025,-0.0032746458335859647,-0.0025,-0.011587024657778923,-0.0025,-0.007183683310304515,-0.0025,-0.011729025663699766,-0.0025
2015-08-18,-0.008072874502306397,0.0,0.0008161741549992832,0.0,0.0017786151404854292,0.0,-0.002909735879037756,0.0,-0.007806624200378337,0.0
2015-08-19,-0.03285713210360917,0.0,-0.028448777972281625,0.0,-0.026142848505707274,0.0,-0.02647049899205214,0.0,-0.033860757685929506,0.0
2015-08-20,0.00163647837034001,0.0,-0.013295643025908934,0.0,-0.0023764621535502526,0.0,-0.00024525403898350065,0.0,-0.001389427639906338,0.0
2015-08-21,-0.03167848707196582,0.0,-0.045085564557002564,0.0,-0.044493821650078175,0.0,-0.04146290938281972,0.0,-0.03129086541054355,0.0
2015-08-24,-0.07674050098334043,0.0,-0.0923978099578687,0.0,-0.08541770528390022,0.0,-0.08098985580058922,0.0,-0.07879598065137897,0.0
2015-08-25,0.014366361259438262,0.0,0.0064131776240362575,0.0,0.01604761625329506,0.0,0.013146776286603913,0.0,0.012338236530938114,0.0
2015-08-26,0.022034977968068425,0.0,0.02746786915903439,0.0,0.02266691155626517,0.0,0.026736044521807452,0.0,0.027492170985109348,0.0
2015-08-27,0.029985524255185234,0.0,0.03812108832457288,0.0,0.032359884125052335,0.0,0.026724204857811833,0.0,0.030409243045261995,0.0
2015-08-28,0.025239429038098074,0.0,0.02998704317630754,0.0,0.030277688364305503,0.0,0.02874886792910003,0.0,0.027738634582765983,0.0
2015-08-31,0.009679353130747895,0.007179353130747895,0.021632263836159415,0.019132263836159416,0.011549251455744623,0.009049251455744622,0.013836908121793175,0.011336908121793174,0.01180452026861804,0.00930452026861804
2015-09-01,0.0013929124287887166,0.0013929124287887166,-0.003685172168761763,-0.003685172168761763,0.001596062120906528,0.001596062120906528,0.0032793660336144204,0.0032793660336144204,0.0016768885280956662,0.0016768885280956662
2015-09-02,0.00144275098813086,0.00144275098813086,-0.002491245735913772,-0.002491245735913772,-0.001406294856390522,-0.001406294856390522,-0.0011513889245709915,-0.0011513889245709915,0.0005995513610460466,0.0005995513610460466
2015-09-03,0.017935276582527748,0.017935276582527748,0.0208119046323616,0.0208119046323616,0.01752148984778719,0.01752148984778719,0.023547977486845922,0.023547977486845922,0.015499079008580875,0.015499079008580875
2015-09-04,-0.004877527277214237,-0.004877527277214237,-0.003385796965208998,-0.003385796965208998,-0.0024204526061160966,-0.0024204526061160966,0.0038456229983562917,0.0038456229983562917,0.0024398268112838526,0.0024398268112838526
2015-09-07,-7.264719642974568e-05,-7.264719642974568e-05,-0.00109265560267926,-0.00109265560267926,0.007552797088934115,0.007552797088934115,-0.0006594705221475642,-0.0006594705221475642,0.0006637922632374944,0.0006637922632374944
2015-09-08,0.0043341063182137434,0.0043341063182137434,-0.006359213380146711,-0.006359213380146711,-0.000693777047518762,-0.000693777047518762,-0.0004204240634573257,-0.0004204240634573257,-0.00016964923970407298,-0.00016964923970407298
2015-09-09,0.01858569271393979,0.01858569271393979,0.019842324376577115,0.019842324376577115,0.020310756897241204,0.020310756897241204,0.024294201142191475,0.024294201142191475,0.019689404023927232,0.019689404023927232
2015-09-10,0.008003653470374659,0.008003653470374659,0.011471748095730818,0.011471748095730818,0.010901101412897629,0.010901101412897629,0.01313954026825007,0.01313954026825007,0.010250598566014762,0.010250598566014762
2015-09-11,0.014915096426623455,0.014915096426623455,0.03458572675329963,0.03458572675329963,0.021688426991628207,0.021688426991628207,0.021875691283409503,0.021875691283409503,0.011172571212252869,0.011172571212252869
2015-09-14,0.0007172407281099817,0.0007172407281099817,0.008512993784341871,0.008512993784341871,0.001749537652012989,0.001749537652012989,-0.004916444232751614,-0.004916444232751614,-0.0034957413313716325,-0.0034957413313716325
2015-09-15,-0.0053485892261035065,-0.0053485892261035065,-0.01685392018364829,-0.01685392018364829,-0.012773528456977282,-0.012773528456977282,-0.013461916241845784,-0.013461916241845784,-0.011137978722925884,-0.011137978722925884
2015-09-16,0.005662636975859733,0.005662636975859733,0.0002380673026883169,0.0002380673026883169,-5.673039007942932e-05,-5.673039007942932e-05,0.0009342594434441187,0.0009342594434441187,0.001533940370631881,0.001533940370631881
2015-09-17,0.014089798818782598,0.014089798818782598,0.01220735220624989,0.01220735220624989,0.009201036929445471,0.009201036929445471,0.017759112797798425,0.017759112797798425,0.015333097824402543,0.015333097824402543
2015-09-18,0.013347177867990175,0.013347177867990175,0.019912252341847524,0.019912252341847524,0.0195595141050952,0.0195595141050952,0.018309229796184448,0.018309229796184448,0.01599940580324635,0.01599940580324635
2015-09-21,-0.01862339100323298,-0.01862339100323298,-0.020469929997305306,-0.020469929997305306,-0.01925262743627689,-0.01925262743627689,-0.02332211998742286,-0.02332211998742286,-0.021486982123996093,-0.021486982123996093
2015-09-22,0.005058974958614943,0.005058974958614943,0.013557820639318941,0.013557820639318941,0.009039821422135275,0.009039821422135275,0.010183091740158344,0.010183091740158344,0.009761224612614423,0.009761224612614423
2015-09-23,-0.016812382262242822,-0.016812382262242822,-0.015953252281746134,-0.015953252281746134,-0.012316892693818539,-0.012316892693818539,-0.01697617304959007,-0.01697617304959007,-0.017236341942765285,-0.017236341942765285
2015-09-24,-0.007768556791110545,-0.0025,-0.01678350272749387,-0.0025,-0.013245795756350643,-0.0025,-0.012780563075159252,-0.0025,-0.01235686378123001,-0.0025000000000000005
2015-09-25,0.002930554057039138,0.0,0.008599618182734338,0.0,0.004711298684146737,0.0,-0.0006732912685173623,0.0,0.0010795402402653815,0.0
2015-09-30,-1.7304189649026188e-06,0.0,-0.005769630184184438,0.0,-0.009538047351129286,0.0,-0.0033622576320739687,0.0,-0.003887587335449566,0.0
2015-10-01,0.01019172798207908,0.0,0.01058839769227127,0.0,0.016242353650674526,0.0,0.011323340108234659,0.0,0.011806256478494332,0.0
2015-10-02,0.006930404011694447,0.004430404011694446,-0.0006270156481047008,-0.003127015648104701,0.0015083250360925728,-0.0009916749639074273,0.0027201860582391087,0.00022018605823910867,0.0030936739006941333,0.0005936739006941328
2015-10-05,0.013453130724288196,0.013453130724288196,0.015901366864433754,0.015901366864433754,0.011245513241166693,0.011245513241166693,0.01119111125614772,0.01119111125614772,0.010514601351618842,0.010514601351618842
2015-10-06,0.00392216347951812,0.00392216347951812,0.014146032157474543,0.014146032157474543,0.005536306540295267,0.005536306540295267,0.005217152732181892,0.005217152732181892,0.0083043586985182,0.0083043586985182
2015-10-07,0.011159711970201876,0.011159711970201876,0.005961902898537198,0.005961902898537198,0.010222186067636254,0.010222186067636254,0.007684889378770609,0.007684889378770609,0.008255729906134067,0.008255729906134067
2015-10-08,-0.009079782546342816,-0.009079782546342816,-0.0081586485877712,-0.0081586485877712,-0.00447509571884136,-0.00447509571884136,0.0003927684045974241,0.0003927684045974241,-0.003608375090308653,-0.003608375090308653
2015-10-12,0.006911060776561418,0.006911060776561418,0.017483693838192885,0.017483693838192885,0.010100917541204903,0.010100917541204903,0.009776150834634243,0.009776150834634243,0.011224253705678656,0.011224253705678656
2015-10-13,0.0025862937917168816,0.0025862937917168816,0.0016976950821180111,0.0016976950821180111,0.000799799029553405,0.000799799029553405,-0.004365219827040389,-0.004365219827040389,-0.00048585832461505156,-0.00048585832461505156
2015-10-14,0.007607609260774148,0.007607609260774148,-0.002041201013132721,-0.002041201013132721,0.004824048713591012,0.004824048713591012,0.008748631894737091,0.008748631894737091,0.005797367632283284,0.005797367632283284
2015-10-15,0.0015047147432253822,0.0015047147432253822,0.0002589374846049264,0.0002589374846049264,0.003274098273443815,0.003274098273443815,0.0013330633900514293,0.0013330633900514293,0.0025469733897864394,0.0025469733897864394
2015-10-16,0.010314793200510873,0.010314793200510873,0.011560105579003045,0.011560105579003045,0.013204114419418279,0.013204114419418279,0.013960714195044657,0.013960714195044657,0.011462346458691342,0.011462346458691342
2015-10-19,0.011024365899635048,0.011024365899635048,0.03798233363757686,0.03798233363757686,0.018965896138537264,0.018965896138537264,0.016127732327523358,0.016127732327523358,0.01466156999649218,0.01466156999649218
2015-10-20,0.014120636953663727,0.014120636953663727,0.00979483389927307,0.00979483389927307,0.013163310693898311,0.013163310693898311,0.019326125989815215,0.019326125989815215,0.016467211976641073,0.016467211976641073
2015-10-21,0.0027709823068632062,0.0027709823068632062,0.008445229562675596,0.008445229562675596,0.0006839390360088521,0.0006839390360088521,-0.0016171308428706145,-0.0016171308428706145,0.004004717438794842,0.004004717438794842
2015-10-22,0.008592787853001578,0.008592787853001578,0.03679656752256329,0.03679656752256329,0.027121420838026156,0.027121420838026156,0.01498238825362932,0.01498238825362932,0.011078742424088106,0.011078742424088106
2015-10-23,0.0009697023364716609,0.0009697023364716609,-0.0042572117716960685,-0.0042572117716960685,0.0020502501791588297,0.0020502501791588297,-5.652125462175068e-05,-5.652125462175068e-05,-0.001902056988326262,-0.001902056988326262
2015-10-26,0.0028166113007652947,0.0028166113007652947,-0.0038082109487811216,-0.0038082109487811216,0.006617076341576345,0.006617076341576345,0.0011133509618591825,0.0011133509618591825,0.0002746217095006109,0.0002746217095006109
2015-10-27,-0.0029712976610084016,-0.0029712976610084016,0.014065276032148358,0.014065276032148358,0.003891129118205541,0.003891129118205541,0.0002824372311113953,0.0002824372311113953,-0.0011847781876993197,-0.0011847781876993197
2015-10-28,-0.0033485760153892275,-0.0033485760153892275,0.012582263837425356,0.012582263837425356,-0.00215594892640052,-0.00215594892640052,-0.0025972037209871144,-0.0025972037209871144,-0.0026580029390837704,-0.0026580029390837704
2015-10-29,-0.013107177207894309,-0.013107177207894309,-0.016554106251771117,-0.016554106251771117,-0.014920230486213671,-0.014920230486213671,-0.01408175936904492,-0.01408175936904492,-0.013304785471550824,-0.013304785471550824
2015-10-30,-0.0075342318381591295,-0.0075342318381591295,-0.008431225435831923,-0.008431225435831923,-0.011223426173281092,-0.011223426173281092,-0.014304642365803175,-0.014304642365803175,-0.012535401873347443,-0.012535401873347443
2015-11-02,0.009953054212000753,-0.0025,0.00454642386907187,-0.0025,0.005076725188344101,-0.0025,0.010910301435186573,-0.0025,0.008698027752691287,-0.0025000000000000005
2015-11-03,0.010879824272944153,0.008379824272944153,0.0020743487879807177,-0.0004256512120192823,0.0022344933092122267,-0.0002655066907877733,0.009161411973168509,0.006661411973168508,0.009951896352980879,0.007451896352980878
2015-11-04,0.005042188585330944,0.005042188585330944,0.003070343799150721,0.003070343799150721,0.0030192814236077122,0.0030192814236077122,0.009084567965020255,0.009084567965020255,0.008464173151726434,0.008464173151726434
2015-11-05,0.004376523266986145,0.004376523266986145,0.002918104003490996,0.002918104003490996,0.0057539159504627745,0.0057539159504627745,0.005556010876084239,0.005556010876084239,0.004056794061157876,0.004056794061157876
2015-11-06,-0.004449832674346435,-0.004449832674346435,-0.01136023192083171,-0.01136023192083171,-0.008387283234835428,-0.008387283234835428,-0.007316797599344079,-0.007316797599344079,-0.007978892434978452,-0.007978892434978452
2015-11-09,-0.013217624033151527,-0.013217624033151527,-0.019905267682780715,-0.019905267682780715,-0.013223695702877078,-0.013223695702877078,-0.015510568794202546,-0.015510568794202546,-0.01595575487814735,-0.01595575487814735
2015-11-10,-0.0013818469817696117,-0.0025,0.005882782120990448,-0.0025,0.003252558364829461,-0.0025,-0.0017849398072015206,-0.0025,-0.0025483764053582715,-0.0025000000000000005
2015-11-11,-0.017194892990486477,0.0,-0.010846283900759878,0.0,-0.01638830890864933,0.0,-0.02447301807865221,0.0,-0.02343669867152197,0.0
2015-11-12,-0.003171633301446671,0.0,-0.01975539113223288,0.0,-0.010731844419186455,0.0,-0.012927663023960194,0.0,-0.00833641208142205,0.0
2015-11-13,-0.010463802626411282,0.0,-0.009056998300683473,0.0,-0.004971906596022481,0.0,-0.011126062606682955,0.0,-0.012234492162873985,0.0
2015-11-16,-0.005897444708902814,0.0,-0.012585125516863284,0.0,-0.011494298526136183,0.0,-0.0020373750047467513,0.0,-0.003577916930578362,0.0
2015-11-17,0.012921079857904185,0.0,0.01790014431270994,0.0,0.017439678777387037,0.0,0.015091628200151965,0.0,0.015031554323000997,0.0
2015-11-18,0.0006246172970465296,0.0,0.002879997452010752,0.0,-0.0016151517628122721,0.0,-0.0015182102337421167,0.0,-0.0024916551282125996,0.0
2015-11-19,0.011187251898831964,0.0,0.01766705491092595,0.0,0.012896301383846676,0.0,0.013221463814313394,0.0,0.014049652283613729,0.0
2015-11-20,0.010345414000562084,0.007845414000562084,0.01076893119204141,0.008268931192041409,0.0056097241380102195,0.0031097241380102195,0.0018864834006117716,-0.0006135165993882284,0.006250837739504995,0.0037508377395049945
2015-11-23,0.004116594982334486,0.004116594982334486,-0.0026953498359219676,-0.0026953498359219676,0.001961637111373282,0.001961637111373282,-0.0006004501202448334,-0.0006004501202448334,0.002455043062875062,0.002455043062875062
2015-11-24,-0.014330141017091885,-0.0025,-0.016731842746441038,-0.0025,-0.01557723871668394,-0.0025,-0.018209202332796465,-0.0025,-0.017532993185504674,-0.0025000000000000005
2015-11-25,-0.010108789616896131,0.0,-0.008506812013524679,0.0,-0.008488044332039247,0.0,-0.010555851889006939,0.0,-0.010193697264745118,0.0
2015-11-26,0.008246855481272547,0.0,0.012020313307158182,0.0,0.00852543221961096,0.0,0.010034093797111562,0.0,0.008106407804077198,0.0
2015-11-27,-0.0051365658636978295,0.0,-0.012705109546107618,0.0,-0.007501043639071215,0.0,-0.006746172397811404,0.0,-0.004860127362586525,0.0
2015-11-30,-0.009117989968397276,0.0,-0.009615993513966137,0.0,-0.008408652349853185,0.0,-0.01196770258807307,0.0,-0.007901924604926207,0.0
2015-12-01,0.020345774845663,0.0,0.02928934496889806,0.0,0.023239057026781796,0.0,0.020016293290154176,0.0,0.02226480348862597,0.0
2015-12-02,0.0021386594957643404,-0.00036134050423565966,0.0026840316824616743,0.00018403168246167428,0.0018688399273769642,-0.0006311600726230358,0.006248818950453408,0.0037488189504534084,0.005625956090515905,0.003125956090515905
2015-12-03,0.004131687089762415,0.004131687089762415,-0.0030332062881111236,-0.0030332062881111236,0.000892076114329732,0.000892076114329732,0.007652967584199538,0.007652967584199538,0.004606777108476444,0.004606777108476444
2015-12-04,0.0012357053220049012,0.0012357053220049012,-0.005991726024631384,-0.005991726024631384,-5.6893500133148246e-05,-5.6893500133148246e-05,0.006222176439935655,0.006222176439935655,0.003918784774984924,0.003918784774984924
2015-12-07,0.011915035310797148,0.011915035310797148,0.00012956365358138787,0.00012956365358138787,0.011671833546381018,0.011671833546381018,0.011883249870522597,0.011883249870522597,0.008752104037245646,0.008752104037245646
2015-12-08,-0.004260421510197353,-0.004260421510197353,-0.015182135407408249,-0.015182135407408249,-0.013208675055540554,-0.013208675055540554,-0.016813071347126226,-0.016813071347126226,-0.009593255338109091,-0.009593255338109091
2015-12-09,-0.028068757163262237,-0.028068757163262237,-0.023824994222155782,-0.023824994222155782,-0.0287686915937892,-0.0287686915937892,-0.028334303105733528,-0.028334303105733528,-0.029893175708866255,-0.029893175708866255
2015-12-10,-0.00025812586201791484,-0.0025,-0.005761875771067727,-0.0025,-0.0007529728963026612,-0.0025,-0.0009625534112095286,-0.0025,-0.0020957582810527727,-0.0025
2015-12-11,-0.019077021037742732,0.0,-0.01816265981030878,0.0,-0.010879220002501456,0.0,-0.019680901813644056,0.0,-0.018751787632357547,0.0
2015-12-14,-0.015539379796474137,0.0,-0.017075492835655372,0.0,-0.01327670938688842,0.0,-0.011554424802797359,0.0,-0.01313281429099899,0.0
2015-12-15,0.008629946308715716,0.0,0.004183584675590502,0.0,0.00891656555616568,0.0,0.012491187859642873,0.0,0.011351241460315006,0.0
2015-12-16,0.00916892785989793,0.0,0.009412840327086136,0.0,0.007433343843648733,0.0,0.013694610887998594,0.0,0.01252670407736768,0.0
2015-12-17,0.014010114090543884,0.011510114090543883,0.0187630821568356,0.0162630821568356,0.016500790272607493,0.014000790272607493,0.011453923772004626,0.008953923772004626,0.013242940341841454,0.010742940341841454
2015-12-18,0.0013325185183385153,0.0013325185183385153,0.00665499635056357,0.00665499635056357,5.343256803056525e-05,5.343256803056525e-05,0.0035688781767160213,0.0035688781767160213,0.00022013751282988752,0.00022013751282988752
2015-12-21,0.003908422191733307,0.003908422191733307,0.00928380032798537,0.00928380032798537,0.009632142926731903,0.009632142926731903,0.009771130656983288,0.009771130656983288,0.007952379976119896,0.007952379976119896
2015-12-22,-0.003353628602559481,-0.003353628602559481,-0.007327673711818372,-0.007327673711818372,-0.0041670100058691095,-0.0041670100058691095,-0.006304494230968786,-0.006304494230968786,-0.005641106925129081,-0.005641106925129081
2015-12-23,-0.002797453206826809,-0.002797453206826809,-0.0029310890428869696,-0.0029310890428869696,-0.0054886665109645915,-0.0054886665109645915,-0.004014262478506174,-0.004014262478506174,-0.0020271778127626035,-0.0020271778127626035
2015-12-24,-0.005231557937439802,-0.005231557937439802,-0.006193062168923503,-0.006193062168923503,-0.00873885345637221,-0.00873885345637221,-0.006516389167903128,-0.006516389167903128,-0.005865555166526215,-0.005865555166526215
2015-12-25,0.00330590598277514,-0.0025,0.006454283003367279,-0.0025,0.00020543271422780447,-0.0025,0.002543097629272376,-0.0025,0.0027575769664913378,-0.0025
2015-12-28,-0.0033371960399815725,-0.005837196039981573,-0.0013147194985867695,-0.0038147194985867694,-0.006117044166601171,-0.008617044166601171,-0.006364956658093971,-0.008864956658093972,-0.006140220453431921,-0.008640220453431921
2015-12-29,-0.0014576574230986932,-0.0025,-0.0029594473750498063,-0.0025,0.0032834096831467767,-0.0025,-0.002255637165449639,-0.0025,-0.0009684043729584257,-0.0025
2015-12-30,-0.0016886547098102622,0.0,-0.002609594034920515,0.0,-0.0028647386184920912,0.0,-0.0025455443778483818,0.0,-0.0016890480516169315,0.0
2015-12-31,0.0012527107134782383,0.0,0.0031278980163374163,0.0,0.0047661677483162536,0.0,-0.00013201182034339924,0.0,0.0015416749909522359,0.0
2016-01-04,-0.008509913521663644,0.0,-0.010431518689426756,0.0,-0.010184779271818878,0.0,-0.007731552207129458,0.0,-0.009005245065856694,0.0
2016-01-05,-0.005816927625766287,0.0,-0.008166412300783965,0.0,-0.007458793739650783,0.0,-0.008635498338462295,0.0,-0.008273836308810246,0.0
2016-01-06,-0.011562631478284664,0.0,-0.01430086763412939,0.0,-0.010598814970158178,0.0,-0.010917028638886188,0.0,-0.010617732605586884,0.0
2016-01-07,-0.02282744609706648,0.0,-0.031939306995224896,0.0,-0.033555479057588725,0.0,-0.028622820590743975,0.0,-0.027001872669644617,0.0
2016-01-08,0.012564234418670207,0.0,0.01647093798487209,0.0,0.015346710614603343,0.0,0.01026952101194806,0.0,0.01067184875625078,0.0
2016-01-11,-0.010731878013988653,0.0,-0.01951854329154448,0.0,-0.011494875616094047,0.0,-0.010303772893569851,0.0,-0.012187537722179365,0.0
2016-01-12,-0.015465141778098613,0.0,-0.013575857903798626,0.0,-0.013732499938233358,0.0,-0.013267905557602409,0.0,-0.013820147102017805,0.0
2016-01-13,0.0008226018895028386,0.0,-0.00886304573968022,0.0,-0.005976552129792757,0.0,-0.0014989496208467714,0.0,-0.001128379846435401,0.0
2016-01-14,-0.013317865042607503,0.0,-0.026763465206301285,0.0,-0.017967564412227747,0.0,-0.01492706156121401,0.0,-0.015333469474409596,0.0
2016-01-15,-0.0009730660393132012,0.0,0.010745078272091525,0.0,0.008107002290633516,0.0,0.0034738924476014122,0.0,0.0031387899068944405,0.0
2016-01-18,0.019660042868491566,0.0,0.013932788157889809,0.0,0.015732365347958042,0.0,0.018862963242783463,0.0,0.021067202006183165,0.0
2016-01-19,0.01073425164662363,0.00823425164662363,0.019638835070053907,0.01713883507005391,0.015541083878661757,0.013041083878661756,0.013285135062014002,0.010785135062014001,0.01293758115477212,0.01043758115477212
2016-01-20,-0.015872342299614952,-0.015872342299614952,-0.030443049315593163,-0.030443049315593163,-0.02371523977489628,-0.02371523977489628,-0.019412525525405563,-0.019412525525405563,-0.012576858363204834,-0.012576858363204834
2016-01-21,-0.0009677410276893217,-0.0025,0.0016683186702317384,-0.0025,0.002030419289650154,-0.0025,0.0009201074784547828,-0.0025,-0.00321501786078251,-0.0025
2016-01-22,0.0037739811454983634,0.0,0.0073187498866335915,0.0,0.003568074484254136,0.0,0.003118752289551903,0.0,0.005189143123515133,0.0
2016-01-25,0.013836802239117846,0.0,0.018234986987181224,0.0,0.01599409682709827,0.0,0.01338682525573464,0.0,0.013714886105808222,0.0
2016-01-26,-0.0021600081386354735,-0.004521119249746585,-0.008662571722680723,-0.011162571722680724,-0.004618965933068409,-0.007118965933068409,-0.005445861205038428,-0.007945861205038427,-0.0036135491314526753,-0.006113549131452675
2016-01-27,-0.0038265864880740103,-0.0038265864880740103,-0.0025288694268732477,-0.0025288694268732477,-0.004187821535872993,-0.004187821535872993,-0.005848121589740818,-0.005848121589740818,-0.00506632940428744,-0.00506632940428744
2016-01-28,0.006055371972400599,0.006055371972400599,0.005202886439837684,0.005202886439837684,0.010143118626036032,0.010143118626036032,0.008156194314587842,0.008156194314587842,0.005561782111316838,0.005561782111316838
2016-01-29,0.011515075726292756,0.011515075726292756,0.008702802291576318,0.008702802291576318,0.01119289097275893,0.01119289097275893,0.013430793472979981,0.013430793472979981,0.01166553281230902,0.01166553281230902
2016-01-30,0.01642668871697442,0.01642668871697442,0.030999972113185684,0.030999972113185684,0.01770078794989122,0.01770078794989122,0.022251402273514145,0.022251402273514145,0.02004103064040634,0.02004103064040634
2016-02-01,-0.000856279785345828,-0.000856279785345828,0.00209242922102042,0.00209242922102042,-0.0009455239087285284,-0.0009455239087285284,-0.000571101158473534,-0.000571101158473534,-0.0026430844078518473,-0.0026430844078518473
2016-02-02,0.0005183167005288832,0.0005183167005288832,0.01138071702259238,0.01138071702259238,0.0069997450086586865,0.0069997450086586865,0.0032530951481799368,0.0032530951481799368,0.0005001514594115739,0.0005001514594115739
2016-02-03,-0.004866711650073961,-0.004866711650073961,-0.012711608877261572,-0.012711608877261572,-0.010179106957385387,-0.010179106957385387,-0.00792856277626801,-0.00792856277626801,-0.006448786261217504,-0.006448786261217504
2016-02-15,0.007534577452789048,0.007534577452789048,0.0030377334749316365,0.0030377334749316365,-0.0031990619594037136,-0.0031990619594037136,-0.0047623408999499205,-0.0047623408999499205,-0.0017102039207896604,-0.0017102039207896604
2016-02-16,0.017788933524498975,0.017788933524498975,0.03416373668813932,0.03416373668813932,0.03364684110475718,0.03364684110475718,0.024873952551459796,0.024873952551459796,0.022394999440998167,0.022394999440998167
2016-02-17,0.003679770790342546,0.003679770790342546,0.00496587408354361,0.00496587408354361,0.0004989503264119068,0.0004989503264119068,0.006210072293563599,0.006210072293563599,0.005721022230873245,0.005721022230873245
2016-02-18,0.011956391126749925,0.011956391126749925,0.007555056557535345,0.007555056557535345,0.008888808361765466,0.008888808361765466,0.0073668186769038895,0.0073668186769038895,0.008907167757975882,0.008907167757975882
2016-02-19,0.00430056313866566,0.00430056313866566,0.008251877918673723,0.008251877918673723,0.007656499630377845,0.007656499630377845,0.00231041586756422,0.00231041586756422,0.00028556173408145235,0.00028556173408145235
2016-02-22,0.004968030698075157,0.004968030698075157,0.0040223525071982685,0.0040223525071982685,0.01016218978362531,0.01016218978362531,0.0069355058898553715,0.0069355058898553715,0.00951759873336085,0.00951759873336085
2016-02-23,0.006035278947122148,0.006035278947122148,0.023286216073818936,0.023286216073818936,0.023023316339886815,0.023023316339886815,0.016321204281228296,0.016321204281228296,0.010523940684482492,0.010523940684482492
2016-02-24,-0.0009728518205018052,-0.0009728518205018052,0.012408294427235168,0.012408294427235168,0.006115851340523103,0.006115851340523103,0.0023862932528654493,0.0023862932528654493,4.0531580769249134e-05,4.0531580769249134e-05
2016-02-25,0.010299377905288443,0.010299377905288443,0.01577389975968648,0.01577389975968648,0.017362473950609216,0.017362473950609216,0.01781842298517102,0.01781842298517102,0.016621559579188025,0.016621559579188025
2016-02-26,0.003922197338438482,0.003922197338438482,-0.0033179805830246155,-0.0033179805830246155,0.0016288501759785137,0.0016288501759785137,0.0024873663380328443,0.0024873663380328443,0.0033608462262082806,0.0033608462262082806
2016-03-01,0.009464789697648537,0.009464789697648537,0.008397334097765153,0.008397334097765153,0.013655977468958969,0.013655977468958969,0.012607195305109653,0.012607195305109653,0.010540073322308862,0.010540073322308862
2016-03-02,0.012250718835985722,0.012250718835985722,0.0018930533694209162,0.0018930533694209162,0.0036236086630943025,0.0036236086630943025,0.009860896412077687,0.009860896412077687,0.009998358507968574,0.009998358507968574
2016-03-03,0.004107964890046031,0.004107964890046031,0.0007082462474126581,0.0007082462474126581,0.0026461880745941137,0.0026461880745941137,0.012738813698082439,0.012738813698082439,0.008501794115840206,0.008501794115840206
2016-03-04,0.004579336228426089,0.004579336228426089,0.01341869542890799,0.01341869542890799,0.003700593809638275,0.003700593809638275,0.004191365426285821,0.004191365426285821,0.005613201317060712,0.005613201317060712
2016-03-07,0.004027444591280349,0.004027444591280349,-0.0009347640517338059,-0.0009347640517338059,-0.0009176367005016558,-0.0009176367005016558,0.0010571876161434915,0.0010571876161434915,0.005885996658833332,0.005885996658833332
2016-03-08,0.006673544196590959,0.006673544196590959,0.007192637388244407,0.007192637388244407,0.004121462384312237,0.004121462384312237,0.00723138806323298,0.00723138806323298,0.007384423863333408,0.007384423863333408
2016-03-09,-0.0026712999956173015,-0.0026712999956173015,0.002610823476893587,0.002610823476893587,-0.0033363612834291347,-0.0033363612834291347,-0.005155632040735799,-0.005155632040735799,-0.002233529909241805,-0.002233529909241805
2016-03-10,0.004170937343070506,0.004170937343070506,-0.00835921636030268,-0.00835921636030268,0.0035804458918730075,0.0035804458918730075,0.002515578863677421,0.002515578863677421,0.0012317710544765212,0.0012317710544765212
2016-03-11,0.0031529793592956303,0.0031529793592956303,0.009707958291923656,0.009707958291923656,0.007735124121436301,0.007735124121436301,0.004127725144055439,0.004127725144055439,0.0040784708210445395,0.0040784708210445395
2016-03-14,0.01544978055305838,0.01544978055305838,0.0009751735714388808,0.0009751735714388808,0.02039497074538469,0.02039497074538469,0.015769905841121458,0.015769905841121458,0.012930917474374979,0.012930917474374979
2016-03-15,-0.023737588353427885,-0.023737588353427885,-0.006750165414440845,-0.006750165414440845,-0.018619498271246128,-0.018619498271246128,-0.01896873801776371,-0.01896873801776371,-0.023087967538372237,-0.023087967538372237
2016-03-16,0.01361858693786105,-0.0025,0.008968786834588325,-0.0025,0.022497645362842204,-0.0025000000000000005,0.015555636853237628,-0.0025,0.015268779841385206,-0.0025
2016-03-17,0.0019046314538826406,-0.0005953685461173594,0.025751866823222638,0.02325186682322264,0.014838170168481503,0.012338170168481502,0.0061515617878873975,0.0036515617878873975,0.0019687928345254735,-0.0005312071654745266
2016-03-18,0.006553614447245814,-0.0025,0.027988076780047822,-0.0025,0.01879321768510637,-0.0025000000000000005,0.011514321603446868,-0.0025,0.00957937638981453,-0.0025
2016-03-21,0.002383315977605102,-0.00011668402239489815,0.019628120364822,0.017128120364822003,0.012224323183953245,0.009724323183953245,0.011541566815969111,0.009041566815969111,0.005080033928303691,0.002580033928303691
2016-03-22,-0.0025595766888760075,-0.0025595766888760075,-0.00234007738562072,-0.00234007738562072,-0.0061257955003542475,-0.0061257955003542475,-0.0044446247054794686,-0.0044446247054794686,-0.002156091511342356,-0.002156091511342356
2016-03-23,-0.005802574370322028,-0.005802574370322028,0.0004001030575727652,0.0004001030575727652,-0.010911679809763876,-0.010911679809763876,-0.004668776226402694,-0.004668776226402694,-0.007592650472029712,-0.007592650472029712
2016-03-24,-0.009182378136664534,-0.0025,0.00010266501054474481,-0.0025,-0.011913563254643579,-0.0025000000000000005,-0.010981694448143965,-0.0025,-0.012596562779004995,-0.0025
2016-03-25,-0.0005745069123487507,0.0,-0.01113143082189143,0.0,-0.013014332823546736,0.0,-0.010384891486712422,0.0,-0.00820688125595524,0.0
2016-03-28,-0.0026354847573999813,0.0,0.01209883408277246,0.0,-0.0006302378434088433,0.0,-0.0009201548975472226,0.0,-0.003301173648270283,0.0
2016-03-29,-0.017872070156770004,0.0,-0.02698017669455244,0.0,-0.023722234821510837,0.0,-0.014947312352763859,0.0,-0.014015408270039059,0.0
2016-03-30,0.010391528172954188,0.0,0.016545149880277336,0.0,0.0156587257906866,0.0,0.00784911192695145,0.0,0.009572805083501956,0.0
2016-03-31,-0.00029453277264472036,0.0,-0.007050276601110684,0.0,-0.002626762591446363,0.0,-0.0011931799720316628,0.0,-0.0021910404711661556,0.0
2016-04-01,-0.002353475831183865,0.0,0.0065935596539769895,0.0,0.0019365237602657515,0.0,0.0019845411458422474,0.0,-0.002295780998326252,0.0
2016-04-06,-0.0025164626765647297,0.0,0.018367645655788967,0.0,0.0065839564496177555,0.0,0.0005463475517112422,0.0,-0.006657470062570992,0.0
2016-04-07,-0.004970698209589899,0.0,-0.011296623565564757,0.0,-0.0012299740757405254,0.0,-0.0017362961848470897,0.0,-0.004739516665560168,0.0
2016-04-08,0.0020339571866295663,0.0,0.0027529895841928997,0.0,0.005165423563319105,0.0,0.0032338285532582814,0.0,-0.0040146548412590246,0.0
2016-04-11,0.0037847342553212872,0.0,-0.0024434144329917883,0.0,-0.0014051779890014258,0.0,-0.004367489911988485,0.0,0.00273099312806625,0.0
2016-04-12,-0.01665677417001668,-0.01915677417001668,-0.008020186507393265,-0.010520186507393265,-0.011183955761548613,-0.013683955761548613,-0.009122358675704184,-0.011622358675704185,-0.014370583520853415,-0.016870583520853414
2016-04-13,0.009938748487838375,-0.0024999999999999996,0.01896125738211867,-0.0025,0.013262025509378694,-0.0025000000000000005,0.008539522638703249,-0.0025,0.006633373503791045,-0.0025
2016-04-14,0.006256306608194204,0.0,0.01022398647589822,0.0,-0.005949735801786692,0.0,-0.0021891928465333013,0.0,0.0013766370828477207,0.0
2016-04-15,-0.006137815907190008,-0.008637815907190007,-0.006980002564242804,-0.009480002564242805,0.0017208812490603468,-0.0007791187509396536,0.0007035613201566906,-0.0017964386798433095,-0.0031788583330596984,-0.005678858333059698
2016-04-18,0.0010992336328912381,0.0010992336328912381,-0.01886837602027565,-0.01886837602027565,-0.004212977773891624,-0.004212977773891624,-0.0044254184607971665,-0.0044254184607971665,-0.0003636555378955463,-0.0003636555378955463
2016-04-19,0.004092657391214416,0.004092657391214416,0.0022050123753128317,0.0022050123753128317,0.0011303774801328938,0.0011303774801328938,-0.0007032753636251185,-0.0007032753636251185,0.0037052024617889147,0.0037052024617889147
2016-04-20,-0.011410706138994454,-0.011410706138994454,-0.019033524405595473,-0.019033524405595473,-0.01866301134776006,-0.01866301134776006,-0.01404324137419386,-0.01404324137419386,-0.01531274124838387,-0.01531274124838387
2016-04-21,-0.00015988014387850784,-0.0024999999999999996,-0.007246355939588023,-0.0025,-0.0053089735245770205,-0.0025000000000000005,-0.001422687581788636,-0.0025,-0.0015342131354434295,-0.0025
2016-04-22,-0.01095146228774935,0.0,-0.03258561123005006,0.0,-0.022759629694892314,0.0,-0.01751667561272945,0.0,-0.013085659422321583,0.0
2016-04-25,-0.006961093094271692,0.0,-0.0037791540197845705,0.0,-0.010760228361259295,0.0,-0.0059827046829464756,0.0,-0.00887436573185389,0.0
2016-04-26,0.0037378366552582717,0.0,-0.0031481609239423446,0.0,0.006737586625372172,0.0,0.004551738600767045,0.0,0.008150658164234626,0.0
2016-04-27,-0.00717589841132902,0.0,-0.0022255603225142867,0.0,-0.0039158663859990344,0.0,-0.006139320101486286,0.0,-0.0070852770696663405,0.0
2016-04-28,-0.0049606038954590715,0.0,-0.006819042241254092,0.0,-0.006489253952554331,0.0,-0.004886420806446849,0.0,-0.004106933537352403,0.0
2016-04-29,-0.005956365466905396,0.0,0.005561949244608644,0.0,0.0030265741940339926,0.0,-0.0001879553422784602,0.0,-0.0022121674964991405,0.0
2016-05-03,-0.0065542328258920285,0.0,-0.005425721001367556,0.0,-0.010713254810289674,0.0,-0.0075322389035333975,0.0,-0.006299888349867722,0.0
2016-05-04,-0.00597788307866056,0.0,-0.006243018592365668,0.0,-0.012936575075713254,0.0,-0.009363800125058842,0.0,-0.007429789715898355,0.0
2016-05-05,0.004659756072532316,0.0,0.010144817389133864,0.0,0.00751021366108111,0.0,0.007122459189276083,0.0,0.00838861789229044,0.0
2016-05-06,0.002504236936483093,0.0,0.004612902332347124,0.0,0.009674566106866846,0.0,0.0063455910862752,0.0,0.0020144188054261156,0.0
2016-05-09,-0.009500974309845374,0.0,-0.01684493450038278,0.0,-0.007965400455169103,0.0,-0.005662077998051348,0.0,-0.0005642288083735232,0.0
2016-05-10,0.001341958413156874,0.0,-0.001503458765779464,0.0,0.0034141987498297888,0.0,0.003285002428227083,0.0,0.0019021897648082427,0.0
2016-05-11,-0.004778013351058043,0.0,0.015168871199538915,0.0,0.007351423218751308,0.0,0.001705398672347647,0.0,0.0013347174917414113,0.0
2016-05-12,-0.015863749470580574,0.0,-0.005053300515222615,0.0,-0.013015814464571342,0.0,-0.014358779579660643,0.0,-0.013444572980146025,0.0
2016-05-13,-0.0033344068824448323,0.0,-0.008780235422543671,0.0,-0.0077283951954769,0.0,-0.005474799277547845,0.0,-0.0016592258689286763,0.0
2016-05-16,-0.007216465174380245,0.0,-0.01225127166940334,0.0,-0.0013196890839707537,0.0,-0.008429642778355954,0.0,-0.005879756802083337,0.0
2016-05-17,0.004991309656399417,0.0,0.017307607750821054,0.0,0.01734975010605018,0.0,0.013886411185818176,0.0,0.005897059302612006,0.0
2016-05-18,0.005488054552850911,0.0,0.007086606465637568,0.0,0.0033321761289709317,0.0,0.0011124455180410388,0.0,0.004856573645220619,0.0
2016-05-19,-0.005277829339449406,0.0,-0.009372762228913967,0.0,-0.00900602984092176,0.0,-0.009840277645394354,0.0,-0.007587734122685636,0.0
2016-05-20,0.002508623290288626,0.0,0.005176384146774394,0.0,0.005047642380167161,0.0,0.001137939085484459,0.0,0.00022177266421956646,0.0
2016-05-23,0.018307893740933407,0.0,0.019728287493944088,0.0,0.01937522740821849,0.0,0.017887101290250135,0.0,0.015664882247761674,0.0
2016-05-24,-0.002991241257335396,-0.005491241257335396,-0.00184229151374784,-0.00434229151374784,-0.0014354977174514286,-0.003935497717451429,-0.005048752049761267,-0.007548752049761267,-0.003033338631176469,-0.005533338631176469
2016-05-25,0.006550817962279924,0.006550817962279924,-0.000665654169258012,-0.000665654169258012,0.0022001508284762326,0.0022001508284762326,0.009344872591047569,0.009344872591047569,0.006463837433108921,0.006463837433108921
2016-05-26,0.00034473685280622646,0.00034473685280622646,0.010116801949133093,0.010116801949133093,0.007287762286782873,0.007287762286782873,0.006359463993039453,0.006359463993039453,0.0016290087504719883,0.0016290087504719883
2016-05-27,0.005820744436417755,0.005820744436417755,0.003185317848780978,0.003185317848780978,0.009462885272501831,0.009462885272501831,0.009806602163407526,0.009806602163407526,0.008448238778386536,0.008448238778386536
2016-05-30,0.00784360310621152,0.00784360310621152,0.004339478649976858,0.004339478649976858,0.007267310898324055,0.007267310898324055,0.00696752992484868,0.00696752992484868,0.00959279842000759,0.00959279842000759
2016-05-31,-0.00427023695297209,-0.00427023695297209,-0.007100895569652543,-0.007100895569652543,-0.009011473893341539,-0.009011473893341539,-0.004638417132453276,-0.004638417132453276,-0.0036081323938205565,-0.0036081323938205565
2016-06-01,0.01150892766685569,0.01150892766685569,0.02334349302341492,0.02334349302341492,0.015014338193493538,0.015014338193493538,0.012491625979232169,0.012491625979232169,0.012415277326128338,0.012415277326128338
2016-06-02,-0.00733744279849839,-0.00733744279849839,-0.015735823847066708,-0.015735823847066708,-0.012001053191813403,-0.012001053191813403,-0.007616063660668538,-0.007616063660668538,-0.008453494208062124,-0.008453494208062124
2016-06-03,0.0032686184837244035,0.0032686184837244035,-0.005363601497375714,-0.005363601497375714,0.0020852427175425906,0.0020852427175425906,0.0004392869969008264,0.0004392869969008264,0.0016028932312982525,0.0016028932312982525
2016-06-04,0.0028165260556298165,-0.0025,0.002418137607474358,-0.0025,0.004934597873479395,-0.0025,0.00393529733131032,-0.0025,0.0035341418560799363,-0.0025
2016-06-06,-0.0008055678480617328,-0.003305567848061733,-0.004067071730249561,-0.006567071730249561,-0.003507977296921639,-0.0060079772969216395,-0.002191330982761763,-0.004691330982761763,-0.0007240758806922824,-0.0032240758806922824
2016-06-07,0.0030302324439150435,0.0030302324439150435,0.002109900914408169,0.002109900914408169,0.004705876068090154,0.004705876068090154,0.00638008070437058,0.00638008070437058,0.005126228552883238,0.005126228552883238
2016-06-08,0.000945639553559699,0.000945639553559699,0.029326043100551424,0.029326043100551424,0.020213249860777983,0.020213249860777983,0.013194721526407103,0.013194721526407103,0.005937886153895077,0.005937886153895077
2016-06-13,-0.0160258609908831,-0.0160258609908831,-0.009305047261120802,-0.009305047261120802,-0.015930546960019054,-0.015930546960019054,-0.016200346570366293,-0.016200346570366293,-0.012175608841623735,-0.012175608841623735
2016-06-14,0.0031545640625770684,-0.0025,0.0036635896595601514,-0.0025,0.0015644956929647736,-0.0025,0.002479166421437188,-0.0025,0.0015466504156757487,-0.0025
2016-06-15,0.0021197881713455016,0.0,0.009769089510996223,0.0,0.005102363969887936,0.0,0.0025506951052483386,0.0,0.001859083896358038,0.0
2016-06-16,-0.0050472568611661045,0.0,-0.0008088602663268267,0.0,8.501936825094968e-05,0.0,-0.0038285393918613855,0.0,-0.005207824424431235,0.0
2016-06-17,0.0033388284904660474,0.0,-0.005255311182404765,0.0,-0.0021475517849740004,0.0,-0.0009194756893372789,0.0,0.0025228510551534964,0.0
2016-06-20,0.007293615054998449,0.0,0.0017407257495807738,0.0,0.0047233152448970086,0.0,0.00826937065620151,0.0,0.008267407761111584,0.0
2016-06-21,0.001956602261186204,-0.0005433977388137959,0.011524500394840433,0.009024500394840432,0.0054240825537030584,0.0029240825537030584,0.006316036770820436,0.0038160367708204358,0.004790272115637967,0.002290272115637967
2016-06-22,0.005518570079353295,0.005518570079353295,-0.0058319047632459315,-0.0058319047632459315,0.0012932835941902312,0.0012932835941902312,0.007177173082779201,0.007177173082779201,0.007211371959917684,0.007211371959917684
2016-06-23,0.0032264601394055136,0.0032264601394055136,-0.0057338217904220785,-0.0057338217904220785,0.0031258217052677947,0.0031258217052677947,0.007958646850108098,0.007958646850108098,0.00802196998859181,0.00802196998859181
2016-06-24,-0.018559684615517182,-0.018559684615517182,-0.033218658655007595,-0.033218658655007595,-0.02953252264282106,-0.02953252264282106,-0.01949675520884327,-0.01949675520884327,-0.018081965496405894,-0.018081965496405894
2016-06-27,0.011868042639068327,-0.0025,0.011764999928817632,-0.0025,0.013961616823896229,-0.0025,0.014324256894874434,-0.0025,0.015190025011821305,-0.0025
2016-06-28,0.004969239494986816,0.0,0.016831442175564718,0.0,0.009582674670258596,0.0,0.009754503578469468,0.0,0.006242513529609028,0.0
2016-06-29,0.007983147504575603,0.0054831475045756025,0.009265002382785293,0.006765002382785292,0.012962188258218222,0.010462188258218222,0.009343474124413408,0.006843474124413407,0.008318817622951865,0.005818817622951864
2016-06-30,0.0031624097741517554,0.0031624097741517554,0.01943585098090799,0.01943585098090799,0.009766634492759775,0.009766634492759775,0.009652986899564103,0.009652986899564103,0.005170420655814896,0.005170420655814896
2016-07-01,0.005914191376162098,0.005914191376162098,-0.0009759870675080996,-0.0009759870675080996,-0.0014297833018999447,-0.0014297833018999447,0.0015419205621421443,0.0015419205621421443,0.0021039949601431695,0.0021039949601431695
2016-07-04,0.0031772855607963366,0.0031772855607963366,-0.0041623478243196345,-0.0041623478243196345,0.0013635641139223555,0.0013635641139223555,-0.0006276783341571562,-0.0006276783341571562,-0.00017393771082242998,-0.00017393771082242998
2016-07-05,0.0029569824479579996,0.0029569824479579996,0.004549778172865038,0.004549778172865038,0.008103256212875888,0.008103256212875888,0.007245544731397587,0.007245544731397587,0.004958428752791806,0.004958428752791806
2016-07-06,-0.005213385865901605,-0.005213385865901605,-0.0030334092850822893,-0.0030334092850822893,-0.0032295671874915553,-0.0032295671874915553,-0.005881001215292973,-0.005881001215292973,-0.004778250163008846,-0.004778250163008846
2016-07-07,0.006056452000140267,0.006056452000140267,0.016099724531556593,0.016099724531556593,0.013484966535320053,0.013484966535320053,0.010600348254549984,0.010600348254549984,0.009092769915848642,0.009092769915848642
2016-07-11,0.0072048081950061085,0.0072048081950061085,0.006761766797319192,0.006761766797319192,0.011662733505028168,0.011662733505028168,0.009625513183557156,0.009625513183557156,0.0069329902672550445,0.0069329902672550445
2016-07-12,-0.0023906025560418032,-0.0023906025560418032,-7.808281816337227e-05,-7.808281816337227e-05,-0.0002642137834986682,-0.0002642137834986682,-0.008021082358252267,-0.008021082358252267,-0.0041397781974877755,-0.0041397781974877755
2016-07-13,0.010045428949676704,0.010045428949676704,0.010657579688704578,0.010657579688704578,0.006251616127847293,0.006251616127847293,0.014062423170691958,0.014062423170691958,0.012664477941682626,0.012664477941682626
2016-07-14,0.006271618615876821,0.006271618615876821,0.0022954507481735445,0.0022954507481735445,0.0032225591262937782,0.0032225591262937782,0.0007808077799506209,0.0007808077799506209,0.001705989992491508,0.001705989992491508
2016-07-15,0.005878381558512325,0.005878381558512325,0.013013872735441369,0.013013872735441369,0.0016316162626628496,0.0016316162626628496,0.0043456400665411385,0.0043456400665411385,0.003403782579088732,0.003403782579088732
2016-07-18,-0.0002775923319974505,-0.0002775923319974505,-0.008071081919211444,-0.008071081919211444,-0.005317430105007582,-0.005317430105007582,-0.003512754315930411,-0.003512754315930411,-0.004001119207998454,-0.004001119207998454
2016-07-19,0.001207320941191759,0.001207320941191759,0.0024977081638381414,0.0024977081638381414,0.0005685880508976337,0.0005685880508976337,-0.0004668481677611913,-0.0004668481677611913,-0.00034097375035793676,-0.00034097375035793676
2016-07-20,-0.0026893453809960994,-0.0026893453809960994,-0.01304819808771174,-0.01304819808771174,-0.005344126667637983,-0.005344126667637983,-0.004425153383384102,-0.004425153383384102,-0.004105732625146191,-0.004105732625146191
2016-07-21,0.008737577051513094,0.008737577051513094,0.011036307391435327,0.011036307391435327,0.006629926984265843,0.006629926984265843,0.006445844567455517,0.006445844567455517,0.004987002360570997,0.004987002360570997
2016-07-22,-0.004609452028693423,-0.004609452028693423,-0.006716793697107936,-0.006716793697107936,-0.0030489015930824205,-0.0030489015930824205,-0.0026019871199663763,-0.0026019871199663763,-0.0010084037950119753,-0.0010084037950119753
2016-07-25,0.002406964679504468,0.002406964679504468,0.007211430132368869,0.007211430132368869,0.002133097434097053,0.002133097434097053,0.001342773549209057,0.001342773549209057,-0.0007725594641285023,-0.0007725594641285023
2016-07-26,0.0019776548791750797,0.0019776548791750797,0.008289529497681202,0.008289529497681202,0.006725843630623774,0.006725843630623774,0.004545682067860501,0.004545682067860501,0.003042880788106778,0.003042880788106778
2016-07-27,-0.0006199047229477649,-0.0006199047229477649,0.0009104989585700051,0.0009104989585700051,-0.002016570436598153,-0.002016570436598153,-0.0031088401335929603,-0.0031088401335929603,-0.0018125647922645925,-0.0018125647922645925
2016-07-28,0.0008563713355061453,0.0008563713355061453,-0.00896479809760329,-0.00896479809760329,0.000521078754867632,0.000521078754867632,-0.0010167658360532201,-0.0010167658360532201,-0.0006613958972839504,-0.0006613958972839504
2016-07-29,-0.0018141116567711568,-0.0018141116567711568,-0.005974851077999711,-0.005974851077999711,-0.0010030500929722355,-0.0010030500929722355,0.0008917408137520732,0.0008917408137520732,0.0007268611181253215,0.0007268611181253215
2016-08-01,0.010333757674716672,0.010333757674716672,0.011308218293861994,0.011308218293861994,0.011582168687415996,0.011582168687415996,0.01152102831208058,0.01152102831208058,0.010606475353710105,0.010606475353710105
2016-08-02,0.008307863868966965,0.008307863868966965,0.01094286659787913,0.01094286659787913,0.00965936054868374,0.00965936054868374,0.012625475013318099,0.012625475013318099,0.010999226692092906,0.010999226692092906
2016-08-03,-0.0017012140441282416,-0.0017012140441282416,0.0013414650468245972,0.0013414650468245972,-0.003233321958111458,-0.003233321958111458,-0.006970524045539365,-0.006970524045539365,-0.005570523308910181,-0.005570523308910181
2016-08-04,0.005320071644345871,0.005320071644345871,-0.002552813217713679,-0.002552813217713679,-0.0027787830258907296,-0.0027787830258907296,-0.0013186926138406623,-0.0013186926138406623,-0.0003878170555708771,-0.0003878170555708771
2016-08-05,0.0072303999750617295,0.0072303999750617295,0.0007780364691846841,0.0007780364691846841,0.012680956693064273,0.012680956693064273,0.008733018707088142,0.008733018707088142,0.007977075119496125,0.007977075119496125
2016-08-08,0.0034897238947286515,0.0034897238947286515,0.0020431185887324066,0.0020431185887324066,0.005767348529971028,0.005767348529971028,0.004674217059772142,0.004674217059772142,0.004772310400074265,0.004772310400074265
2016-08-09,-0.0014960813089100926,-0.0014960813089100926,0.006821926537005774,0.006821926537005774,-0.0037592565892923145,-0.0037592565892923145,-0.0022373686818906537,-0.0022373686818906537,-0.0031590052810180737,-0.0031590052810180737
2016-08-10,-0.00473688262659487,-0.0025,-0.005632031907337654,-0.0025,-0.009720191416690007,-0.0025,-0.010638081442637655,-0.0025,-0.008215877768462587,-0.0025
2016-08-11,-0.0013136536739871015,0.0,-0.011382871147172048,0.0,-0.002861071956198069,0.0,-0.0020698931101439683,0.0,-0.0010893463348661534,0.0
2016-08-12,0.007189391100107665,0.0,-0.010636608166036132,0.0,-0.008315090457086793,0.0,-0.004834346974024088,0.0,-0.0034223784242966905,0.0
2016-08-15,0.006177515368688651,0.0,-0.00654385116572851,0.0,0.0003209677454321879,0.0,-0.0012959519286139883,0.0,-0.002219231993967402,0.0
2016-08-16,0.0025981960502634177,0.0,0.008285423275731275,0.0,0.004447855279542068,0.0,0.0017881873284070426,0.0,0.0005697824461741996,0.0
2016-08-17,-0.004224168250441091,0.0,-0.006605219220200298,0.0,-0.006287123888846224,0.0,-0.0058181811246029135,0.0,-0.004292363559386925,0.0
2016-08-18,0.009909457809960285,0.0,-0.0001436247677865988,0.0,0.0028215979388731436,0.0,0.002601524442081164,0.0,0.0026403624267562708,0.0
2016-08-19,-0.006186945205130673,0.0,-0.0009155964008755509,0.0,-0.002675452363094577,0.0,-0.002008405527836795,0.0,-0.0029812646536805263,0.0
2016-08-22,-0.0073303466538963994,0.0,-0.006312118818302848,0.0,-0.008300863904465862,0.0,-0.01154880541484858,0.0,-0.008474562766537541,0.0
2016-08-23,0.0027669473440904485,0.0,-0.003360119810099071,0.0,-0.0007283355917608203,0.0,-0.000788550802260124,0.0,-0.0010798108587936287,0.0
2016-08-24,0.0037387541000624444,0.0013776429889513333,-0.013379604263045342,-0.01587960426304534,-0.005373210221833358,-0.007873210221833358,-0.0009058385631053095,-0.0034058385631053094,-0.00021701277308732746,-0.0027170127730873276
2016-08-25,0.0034738867121692687,-0.0025,0.010584109951708554,-0.0025,0.008947374229108273,-0.0025,0.007667489372725011,-0.0025,0.006214043347138365,-0.0025
2016-08-26,0.006657239224807879,0.004157239224807879,-0.00020275461963452628,-0.0027027546196345263,0.003295248006833929,0.000795248006833929,0.005946067791901425,0.003446067791901425,0.003638421538883008,0.0011384215388830078
2016-08-29,0.004617249604557418,0.004617249604557418,0.0037652537288038303,0.0037652537288038303,0.0011408770417260519,0.0011408770417260519,0.0007164021153033127,0.0007164021153033127,0.0010025505434787362,0.0010025505434787362
2016-08-30,0.004552876918975732,0.004552876918975732,0.009949571872395247,0.009949571872395247,0.007967860627425105,0.007967860627425105,0.00854257136022439,0.00854257136022439,0.007244922347756583,0.007244922347756583
2016-08-31,0.006530911561136622,0.006530911561136622,0.004702623478183777,0.004702623478183777,-0.00013182529774518074,-0.00013182529774518074,-0.0008157229643999191,-0.0008157229643999191,-0.0003431963075960669,-0.0003431963075960669
2016-09-01,0.00038028411103777136,0.00038028411103777136,-0.0023978754218151313,-0.0023978754218151313,-0.009199038179170706,-0.009199038179170706,-0.0009778256379935923,-0.0009778256379935923,0.0001070510020434142,0.0001070510020434142
2016-09-02,-0.007429586203279949,-0.007429586203279949,-0.014435859831281862,-0.014435859831281862,-0.007457460039169684,-0.007457460039169684,0.0013135665643332645,0.0013135665643332645,-0.002811372155920023,-0.002811372155920023
2016-09-05,0.011069716714896663,-0.0025,0.002042111487271314,-0.0025,0.0009478204570638081,-0.0025,0.007683994252724687,-0.0025,0.0067297922052141365,-0.0025
2016-09-06,0.005302085014111489,0.0028020850141114886,0.00911142080188312,0.006611420801883119,0.009814412097941294,0.007314412097941293,0.009286620782525793,0.006786620782525793,0.010731422776152721,0.00823142277615272
2016-09-07,0.006090617549970244,0.006090617549970244,-0.0001973251810686973,-0.0001973251810686973,0.002258558832597901,0.002258558832597901,0.0017373869732711937,0.0017373869732711937,0.00422512744558462,0.00422512744558462
2016-09-08,0.0090636381442698,0.0090636381442698,0.02034072697792238,0.02034072697792238,0.015582487303899085,0.015582487303899085,0.00445129726634806,0.00445129726634806,0.005377319178041569,0.005377319178041569
2016-09-09,0.001409887167119727,0.001409887167119727,-0.0014317196451191674,-0.0014317196451191674,0.002072052738268249,0.002072052738268249,0.0036689279627539683,0.0036689279627539683,0.002661272529882109,0.002661272529882109
2016-09-10,-0.008012786417015243,-0.008012786417015243,-0.013770669169983752,-0.013770669169983752,-0.009082145867600632,-0.009082145867600632,-0.007083049868785739,-0.007083049868785739,-0.009048023481737479,-0.009048023481737479
2016-09-12,-0.001069980770745268,-0.001069980770745268,0.007024092713297313,0.007024092713297313,0.0030478404246016997,0.0030478404246016997,0.005924624253404943,0.005924624253404943,0.0035027387345575923,0.0035027387345575923
2016-09-13,-0.003082221529596338,-0.003082221529596338,-0.013741714381100634,-0.013741714381100634,-0.008975713991378554,-0.008975713991378554,-0.006937541123391237,-0.006937541123391237,-0.007371466039773828,-0.007371466039773828
2016-09-14,0.0010126811638392198,0.0010126811638392198,-0.00912424663357947,-0.00912424663357947,-0.007728545784088903,-0.007728545784088903,0.0005225762118626767,0.0005225762118626767,-0.00027424725144232186,-0.00027424725144232186
2016-09-19,0.005546733474080508,0.005546733474080508,0.003384278627143101,0.003384278627143101,0.006183525612549446,0.006183525612549446,-0.005031035624488211,-0.005031035624488211,-0.0009276764621765132,-0.0009276764621765132
2016-09-20,0.003379951241273851,0.003379951241273851,-0.001137603611900851,-0.001137603611900851,0.0016625744805323745,0.0016625744805323745,0.0018619126817277431,0.0018619126817277431,0.007043788918374606,0.007043788918374606
2016-09-21,0.003561880570769403,0.003561880570769403,0.009499774057466472,0.009499774057466472,0.006420347114099812,0.006420347114099812,0.004265371303298906,0.004265371303298906,0.005009703876760524,0.005009703876760524
2016-09-22,-0.001150054314314743,-0.001150054314314743,-0.001521012322201809,-0.001521012322201809,-0.002023724013705297,-0.002023724013705297,0.004169756467651075,0.004169756467651075,0.0011875101292039393,0.0011875101292039393
2016-09-23,0.00015776040374447915,0.00015776040374447915,0.004301030359037995,0.004301030359037995,0.005116992062403647,0.005116992062403647,0.0019081216156346871,0.0019081216156346871,0.0008312586543463064,0.0008312586543463064
2016-09-26,-0.009064107674023806,-0.009064107674023806,-0.007788736128544227,-0.007788736128544227,-0.00475711067495147,-0.00475711067495147,-0.005239951744535449,-0.005239951744535449,-0.0073418097261721505,-0.0073418097261721505
2016-09-29,0.002740569184885056,0.002740569184885056,-0.004802392531760912,-0.004802392531760912,-0.001455183631215085,-0.001455183631215085,-0.002238235821666838,-0.002238235821666838,7.517978099124984e-06,7.517978099124984e-06
2016-09-30,-0.0008025057167549822,-0.0008025057167549822,0.0035082386644662124,0.0035082386644662124,0.0017396053085452893,0.0017396053085452893,0.0019851543036504566,0.0019851543036504566,0.00041687689393927205,0.00041687689393927205
2016-10-03,-0.0010590464695521635,-0.0025,0.002565763400601751,-0.0025,0.0055993503002921274,-0.0025,0.00026075662002416846,-0.0025,-0.0008660166103807214,-0.0025
2016-10-04,0.00550713534798548,0.0030071353479854796,0.005245601890019413,0.002745601890019413,0.00038384007997870366,-0.0021161599200212964,0.0018246368275300097,-0.0006753631724699903,0.00857833570974063,0.00607833570974063
2016-10-05,0.001358462812965686,0.001358462812965686,0.019801234659146027,0.019801234659146027,0.012253115477310983,0.012253115477310983,0.011833001527832763,0.011833001527832763,0.006333987133847735,0.006333987133847735
2016-10-06,0.0037902300105599144,0.0037902300105599144,-0.008831346600792723,-0.008831346600792723,-0.0044046711769666355,-0.0044046711769666355,-0.00019725202112666636,-0.00019725202112666636,0.0011579812109189067,0.0011579812109189067
2016-10-07,-0.004351836084596864,-0.004351836084596864,0.002675872869304219,0.002675872869304219,0.0030773785744108604,0.0030773785744108604,-0.00204032813340005,-0.00204032813340005,-0.00309813183292777,-0.00309813183292777
2016-10-11,-0.026246388909093765,-0.026246388909093765,-0.02106042228918379,-0.02106042228918379,-0.01590950969300703,-0.01590950969300703,-0.01946104619812302,-0.01946104619812302,-0.021492422139868787,-0.021492422139868787
2016-10-12,0.003075226247153811,-0.0025,0.0016603095549493573,-0.0025,-0.0009772534597199403,-0.0025,0.0016238846105982138,-0.0025,-0.003197714451179251,-0.0025
2016-10-13,-0.006744533955405776,0.0,-0.0024141966468020255,0.0,-0.008864274558092824,0.0,-0.007222342985231743,0.0,-0.007834938546578652,0.0
2016-10-14,-0.01283634059578014,0.0,-0.014583059956629297,0.0,-0.012913072980853247,0.0,-0.00992481695549121,0.0,-0.013030111657166102,0.0
2016-10-17,0.0012292969618031492,0.0,0.0022742147455800284,0.0,0.004119380594536326,0.0,0.0048422083857802,0.0,0.0050634943233291985,0.0
2016-10-18,0.0037140860348641746,0.0,0.001277748437364501,0.0,0.000596261143430421,0.0,0.002956891495185395,0.0,0.004172196011524032,0.0
2016-10-19,-0.001920302107169191,0.0,-0.0007582381987204291,0.0,0.001502246655403472,0.0,-0.0038292488963920825,0.0,-0.004161883262301042,0.0
2016-10-20,0.002769134762421097,0.0,0.020381483839038175,0.0,0.013142220029100005,0.0,0.007280633497603061,0.0,0.005733825341406435,0.0
2016-10-21,0.0066341701534954,0.0,0.014213862118735833,0.0,0.01101174103626773,0.0,0.015190154740958018,0.0,0.01284721517255445,0.0
2016-10-24,0.0008122496405104431,0.0,0.0017909651765472207,0.0,0.0019400401007721112,0.0,-0.0018889440373968485,0.0,-0.0017181561298623472,0.0
2016-10-25,-0.0009818795477765877,-0.0034818795477765873,0.003627420831177686,0.0011274208311776858,-0.0028077221045021976,-0.005307722104502198,-0.0009949063643588903,-0.00349490636435889,-0.0010991711693877028,-0.0035991711693877026
2016-10-26,0.0027041190040842968,0.0027041190040842968,0.02127618245057634,0.02127618245057634,0.008781211802497834,0.008781211802497834,0.006132933893430593,0.006132933893430593,0.004344298711416955,0.004344298711416955
2016-10-27,-0.0016832576117873667,-0.0016832576117873667,-0.006010936553217538,-0.006010936553217538,-0.0027960834742967286,-0.0027960834742967286,-0.00041522389766908874,-0.00041522389766908874,-0.0006508595152053323,-0.0006508595152053323
2016-10-28,-0.0040875168680009405,-0.0040875168680009405,-0.01138511566339211,-0.01138511566339211,-0.006291294201953324,-0.006291294201953324,-0.001602615073222095,-0.001602615073222095,-0.002881118960859475,-0.002881118960859475
2016-10-31,-0.0010070339215670849,-0.0025,0.0019222593452645985,-0.0025,2.657101424540225e-05,-0.0025,0.0008644364031662465,-0.0025,0.0013813130723270837,-0.0025
2016-11-01,-0.004533945697436994,0.0,0.004047238621488303,0.0,-0.0031799327313928086,0.0,8.291865872092077e-05,0.0,-0.0010354578808837995,0.0
2016-11-02,-0.013087570935447762,0.0,-0.01606061988988541,0.0,-0.014894344763038705,0.0,-0.013373351662393788,0.0,-0.012835877938652424,0.0
2016-11-03,-0.00902519480353746,0.0,-0.009827097679088716,0.0,-0.014458628370843041,0.0,-0.011186943293337803,0.0,-0.010975353538278543,0.0
2016-11-04,0.0014139621720895203,0.0,-0.0026339115786091273,0.0,0.0008821605702224234,0.0,0.00010786668171462255,0.0,0.000985109140449336,0.0
2016-11-07,0.0038359146639012436,0.0,0.001586589500889768,0.0,0.0018077164620203252,0.0,0.0042949539743022775,0.0,0.0032631201501024274,0.0
2016-11-08,-0.0003696199694376349,0.0,0.0034345821941677013,0.0,0.0006333333144012852,0.0,-0.001976269075341666,0.0,-0.002640407083727431,0.0
2016-11-09,-0.036584085092654886,0.0,-0.028369829185350273,0.0,-0.03255218962312002,0.0,-0.030596800362638607,0.0,-0.0283831362617344,0.0
2016-11-10,0.026543320556044744,0.0,0.020624293196046042,0.0,0.025260332867445515,0.0,0.02671883609860976,0.0,0.025337871463358863,0.0
2016-11-11,-0.008043579154082032,0.0,-0.020267718846958594,0.0,-0.012949391903831698,0.0,-0.01295969015405507,0.0,-0.006841542693580617,0.0
2016-11-14,0.001275208892324086,0.0,-0.007391968043991582,0.0,0.0008061455574077119,0.0,-0.0002996009839036323,0.0,-0.0004492648838406107,0.0
2016-11-15,0.0010884654911894015,0.0,-0.007234605512215131,0.0,-0.006200189637226317,0.0,-0.00036624982478541436,0.0,-2.2010933116916893e-05,0.0
2016-11-16,-0.00047447269458256213,0.0,0.009208744595124642,0.0,0.006013987296234414,0.0,0.0007462587284763271,0.0,0.001287394471551617,0.0
2016-11-17,-0.002095545031303165,0.0,-0.0005443638828292795,0.0,-0.006121544928773826,0.0,-0.0045820439556428635,0.0,-0.0038935615919608035,0.0
2016-11-18,0.004995474317811372,0.0,0.007861541044744768,0.0,0.0027481887363423273,0.0,0.00363822241144541,0.0,0.0037936024766312636,0.0
2016-11-21,0.005325923562697164,0.002825923562697164,0.013497246994879263,0.010997246994879263,0.006023144851604878,0.0035231448516048775,0.003501719941904313,0.001001719941904313,0.0024284693935928805,-7.15306064071196e-05
2016-11-22,0.010416814154149762,0.010416814154149762,0.008042882343415481,0.008042882343415481,0.01638936610842986,0.01638936610842986,0.010552272075930798,0.010552272075930798,0.011671666521781927,0.011671666521781927
2016-11-23,0.0005644536258637695,0.0005644536258637695,-0.003789826146720255,-0.003789826146720255,0.001218536647232471,0.001218536647232471,0.001918308552170271,0.001918308552170271,0.007832594904286528,0.007832594904286528
2016-11-24,-0.0008861492427216964,-0.0008861492427216964,-0.00498650870916053,-0.00498650870916053,-0.00047831316530361207,-0.00047831316530361207,-0.0011932003820995423,-0.0011932003820995423,-0.0010190938583841736,-0.0010190938583841736
2016-11-25,-0.0011938735085705234,-0.0011938735085705234,0.0014778669559722289,0.0014778669559722289,-0.0034715472018635564,-0.0034715472018635564,-0.0018041209855920541,-0.0018041209855920541,-0.0004443253766981349,-0.0004443253766981349
2016-11-28,0.0013690666381134015,0.0013690666381134015,0.0008786515173110575,0.0008786515173110575,0.0009627422358748029,0.0009627422358748029,0.00285484210057408,0.00285484210057408,0.00047027078247829923,0.00047027078247829923
2016-11-29,-0.001126688022144452,-0.001126688022144452,0.0031521865110528905,0.0031521865110528905,0.0019340601231097156,0.0019340601231097156,0.0015904273713793844,0.0015904273713793844,-0.00025495067848234663,-0.00025495067848234663
2016-11-30,0.0019258101944476026,0.0019258101944476026,-0.0012981074522197436,-0.0012981074522197436,-0.0024190209251871986,-0.0024190209251871986,-0.0012782593145038489,-0.0012782593145038489,0.00017220648689895111,0.00017220648689895111
2016-12-01,0.004340589077330288,0.004340589077330288,0.01851757951247264,0.01851757951247264,0.009881971583636996,0.009881971583636996,0.007182299297472272,0.007182299297472272,0.005760721480283221,0.005760721480283221
2016-12-02,-0.002594136953413517,-0.002594136953413517,0.0002351868589211437,0.0002351868589211437,-0.0038015120610249142,-0.0038015120610249142,-0.004015779961374892,-0.004015779961374892,-0.0006885636215378081,-0.0006885636215378081
2016-12-05,0.0026222617013981365,0.0026222617013981365,0.007761831471701441,0.007761831471701441,0.002563517263933235,0.002563517263933235,0.0020516025536895465,0.0020516025536895465,0.0015765434285482161,0.0015765434285482161
2016-12-06,0.005761460802013716,0.005761460802013716,0.005534426771718959,0.005534426771718959,0.003456446118133838,0.003456446118133838,0.004361349485197603,0.004361349485197603,0.0034108621139955944,0.0034108621139955944
2016-12-07,0.008511321870408728,0.008511321870408728,0.006629638126327797,0.006629638126327797,0.0048266491281688025,0.0048266491281688025,0.012752867015751845,0.012752867015751845,0.009341331084482086,0.009341331084482086
2016-12-08,0.0027702577280925185,0.0027702577280925185,0.0021213340342509882,0.0021213340342509882,0.00022655662634800682,0.00022655662634800682,0.001184461418468678,0.001184461418468678,0.003881576431380096,0.003881576431380096
2016-12-09,0.0027645940689143096,0.0027645940689143096,0.004295611880295836,0.004295611880295836,0.00207220933527531,0.00207220933527531,0.00036415161557383795,0.00036415161557383795,-0.0013077083284480486,-0.0013077083284480486
2016-12-12,-0.001691389278553902,-0.001691389278553902,-0.009825338024301723,-0.009825338024301723,-0.006326640594994148,-0.006326640594994148,-0.0061633666514607326,-0.0061633666514607326,-0.004961966017790082,-0.004961966017790082
2016-12-13,0.007595278814196038,0.007595278814196038,-0.00015259908417604158,-0.00015259908417604158,0.0013270096729829932,0.0013270096729829932,0.0005499032485942968,0.0005499032485942968,0.007393441746711032,0.007393441746711032
2016-12-14,0.004103398498174574,0.004103398498174574,0.0008660405092462131,0.0008660405092462131,0.0011753820673483513,0.0011753820673483513,0.0011432844975696635,0.0011432844975696635,0.010682838121664585,0.010682838121664585
2016-12-15,0.0005519395221925624,0.0005519395221925624,0.00568169734902042,0.00568169734902042,0.0025408960634144885,0.0025408960634144885,0.0017654189993555763,0.0017654189993555763,0.005761571108621177,0.005761571108621177
2016-12-16,0.0026072505250197137,0.0026072505250197137,0.005721271015735519,0.005721271015735519,0.008431478334418298,0.008431478334418298,0.005836040582713009,0.005836040582713009,0.006391678701509475,0.006391678701509475
2016-12-19,-0.0015653066638709329,-0.0015653066638709329,-0.0006555398231358644,-0.0006555398231358644,-0.005123728252608396,-0.005123728252608396,0.0032694944084573118,0.0032694944084573118,0.0002515951376227065,0.0002515951376227065
2016-12-20,0.003071715491237352,0.003071715491237352,0.003468185011709357,0.003468185011709357,-0.0015989934884401147,-0.0015989934884401147,-0.00011168348730049242,-0.00011168348730049242,0.0031704058377062033,0.0031704058377062033
2016-12-21,0.0007040451358395212,0.0007040451358395212,0.0071173671665819335,0.0071173671665819335,0.007198122174396961,0.007198122174396961,0.0031351724634186935,0.0031351724634186935,0.0018961040649715824,0.0018961040649715824
2016-12-22,-0.009958635866985303,-0.009958635866985303,-0.008078420646312923,-0.008078420646312923,-0.005675437854395415,-0.005675437854395415,-0.008007500803609421,-0.008007500803609421,-0.01129649168498036,-0.01129649168498036
2016-12-23,0.0011934395410247987,0.0011934395410247987,-0.0013538064043970845,-0.0013538064043970845,0.0013002832545223719,0.0013002832545223719,0.0013900852122702943,0.0013900852122702943,0.0005320568981783736,0.0005320568981783736
2016-12-26,0.0002986744313442012,0.0002986744313442012,-0.0032197265268184335,-0.0032197265268184335,-0.0002809195655560253,-0.0002809195655560253,-0.0005096497765387934,-0.0005096497765387934,-0.0004168856438023503,-0.0004168856438023503
2016-12-27,-0.0009470474747153794,-0.0009470474747153794,-0.0009986676307486507,-0.0009986676307486507,-0.0011596838982159683,-0.0011596838982159683,0.0018907397305166107,0.0018907397305166107,0.0007694184181810171,0.0007694184181810171
2016-12-28,0.0060255168612318505,0.0060255168612318505,0.0024741852172358806,0.0024741852172358806,0.0029334634084915547,0.0029334634084915547,0.0024089842425528032,0.0024089842425528032,0.0030252068902650977,0.0030252068902650977
2016-12-29,0.00439414480613599,0.00439414480613599,-0.00023838806064506717,-0.00023838806064506717,0.00021565510115789676,0.00021565510115789676,-0.001471173231121566,-0.001471173231121566,0.005124414864483097,0.005124414864483097
2016-12-30,0.0014533247674228481,0.0014533247674228481,0.006353900141044222,0.006353900141044222,0.00371242693495133,0.00371242693495133,0.0033995436446279926,0.0033995436446279926,0.002108291489517639,0.002108291489517639
2017-01-03,0.004773865010175477,0.004773865010175477,-0.0024381456704530395,-0.0024381456704530395,1.9997250092962295e-05,1.9997250092962295e-05,0.0028182403886505203,0.0028182403886505203,0.003980612672799018,0.003980612672799018
2017-01-04,0.007082152212547608,0.007082152212547608,0.0036850665946474015,0.0036850665946474015,0.004026716600072601,0.004026716600072601,0.009513979258005213,0.009513979258005213,0.01036336979972351,0.01036336979972351
2017-01-05,0.005010469569274729,0.005010469569274729,0.006285871667797949,0.006285871667797949,0.006011221642302045,0.006011221642302045,0.010233220010398881,0.010233220010398881,0.00834304274663572,0.00834304274663572
2017-01-06,0.012607498227925102,0.012607498227925102,0.012159973864496455,0.012159973864496455,0.027657997612166595,0.027657997612166595,0.02665144899668551,0.02665144899668551,0.019551354303495173,0.019551354303495173
2017-01-09,0.0011318937623448465,0.0011318937623448465,0.0006853576328304414,0.0006853576328304414,-0.004579126724164317,-0.004579126724164317,0.0023950292275813985,0.0023950292275813985,-0.0005019852977878824,-0.0005019852977878824
2017-01-10,-0.0023726979481790145,-0.0023726979481790145,-0.00556795076564951,-0.00556795076564951,0.0006384015992235259,0.0006384015992235259,0.0006928039577096906,0.0006928039577096906,-0.0003035229174978783,-0.0003035229174978783
2017-01-11,-0.004859003650893342,-0.004859003650893342,-0.013078712656854874,-0.013078712656854874,-0.0069296678609647505,-0.0069296678609647505,-0.00938185853595746,-0.00938185853595746,-0.006575380544924287,-0.006575380544924287
2017-01-12,0.006075733584832478,0.006075733584832478,0.002201520901968768,0.002201520901968768,0.0009379181692452448,0.0009379181692452448,0.002017213773983562,0.002017213773983562,0.006481920242877016,0.006481920242877016
2017-01-13,-0.0008194240454589565,-0.0008194240454589565,-0.002030740794785757,-0.002030740794785757,-0.0056711688492196875,-0.0056711688492196875,0.00036373957044112735,0.00036373957044112735,-0.001092297064560477,-0.001092297064560477
2017-01-16,-0.006010844999379311,-0.006010844999379311,-0.002963101128301804,-0.002963101128301804,-0.006268378735359414,-0.006268378735359414,-0.0047955895258522995,-0.0047955895258522995,-0.005579549116454152,-0.005579549116454152
2017-01-17,0.008048733125827195,-0.0024999999999999996,0.0026975709448217033,-0.0025,0.0043805850151002025,-0.0025,0.012467985570432718,-0.0025,0.009860661666152343,-0.0025
2017-01-18,0.009002961377261297,0.0065029613772612975,0.018112767458724123,0.015612767458724123,0.009102949294756649,0.006602949294756648,0.011433185490252289,0.008933185490252288,0.011382887356843601,0.0088828873568436
2017-01-19,-0.0018675280170248416,-0.0018675280170248416,-0.0027248219562150838,-0.0027248219562150838,-0.0029325681728622714,-0.0029325681728622714,-0.0014001388828178843,-0.0014001388828178843,-0.0038660578822603377,-0.0038660578822603377
2017-01-20,-0.0023648495527478263,-0.0023648495527478263,-0.001717619755325761,-0.001717619755325761,0.0009204317993115274,0.0009204317993115274,-0.0008827547839439436,-0.0008827547839439436,-0.0015769480626194763,-0.0015769480626194763
2017-01-23,0.003930664532065139,0.003930664532065139,0.003111102536399679,0.003111102536399679,-0.00011220014785701121,-0.00011220014785701121,0.0029898194966131884,0.0029898194966131884,0.004837586163833458,0.004837586163833458
2017-01-24,0.0024026256291522804,0.0024026256291522804,0.0065449264246984825,0.0065449264246984825,0.004080193513078001,0.004080193513078001,0.006038193945011165,0.006038193945011165,0.0045172582531889495,0.0045172582531889495
2017-02-02,0.005784117147062103,0.005784117147062103,3.497679923747366e-05,3.497679923747366e-05,0.006047244965990075,0.006047244965990075,0.011708806601696856,0.011708806601696856,0.011354681353802038,0.011354681353802038
2017-02-03,0.00762926433178267,0.00762926433178267,0.003807085560553159,0.003807085560553159,0.005397603972540454,0.005397603972540454,0.004161375153922646,0.004161375153922646,0.0030461249716224824,0.0030461249716224824
2017-02-06,0.006883818305897548,0.006883818305897548,0.002587855154547092,0.002587855154547092,0.0034225697344506096,0.0034225697344506096,0.01082485711051085,0.01082485711051085,0.0039684137218592265,0.0039684137218592265
2017-02-07,-0.0015182277090741798,-0.0015182277090741798,-0.0019284789387453486,-0.0019284789387453486,-0.000425662525212678,-0.000425662525212678,-0.0014951893088716098,-0.0014951893088716098,-0.0009253910665321832,-0.0009253910665321832
2017-02-08,0.008680551630816522,0.008680551630816522,-0.0037777518637632347,-0.0037777518637632347,0.0056873814482592995,0.0056873814482592995,0.00502912452449702,0.00502912452449702,0.0020542607311786693,0.0020542607311786693
2017-02-09,0.001665817133246638,0.001665817133246638,-0.002648858876777238,-0.002648858876777238,0.000918658486809609,0.000918658486809609,0.0002662134114989427,0.0002662134114989427,0.0016570295387725478,0.0016570295387725478
2017-02-10,-0.005182143774936965,-0.005182143774936965,-0.0066608900637798564,-0.0066608900637798564,-0.0070335471093342485,-0.0070335471093342485,-0.004932251309247741,-0.004932251309247741,-0.005378029753080809,-0.005378029753080809
2017-02-13,-3.070980939043626e-06,-3.070980939043626e-06,0.013740531346018737,0.013740531346018737,0.01119003582147422,0.01119003582147422,0.008380576994747634,0.008380576994747634,0.003449621510434003,0.003449621510434003
2017-02-14,-0.0021227003574800416,-0.0021227003574800416,0.0006950993382664359,0.0006950993382664359,-0.0033512248635390375,-0.0033512248635390375,-0.0014108373839298858,-0.0014108373839298858,0.00048447125110631076,0.00048447125110631076
2017-02-15,0.003575805949580207,0.003575805949580207,0.007454661108882687,0.007454661108882687,0.0024651359691833627,0.0024651359691833627,0.0021803286521446807,0.0021803286521446807,0.004140105503201541,0.004140105503201541
2017-02-16,0.0001958754565811296,0.0001958754565811296,-0.004320204049431831,-0.004320204049431831,-0.0039539443910433965,-0.0039539443910433965,0.0004447023436210912,0.0004447023436210912,0.0015598168295173462,0.0015598168295173462
2017-02-17,0.005637820296598896,0.005637820296598896,-0.0014246964964300893,-0.0014246964964300893,0.0023975555154063023,0.0023975555154063023,7.892801886946136e-05,7.892801886946136e-05,0.00030150370304338745,0.00030150370304338745
2017-02-18,0.00922354188355497,0.00922354188355497,0.003260292273289789,0.003260292273289789,0.006221828482448078,0.006221828482448078,0.010353382532665335,0.010353382532665335,0.010584531189245364,0.010584531189245364
2017-02-20,0.006012036528574641,0.006012036528574641,0.010898788516049307,0.010898788516049307,0.007846035671919493,0.007846035671919493,0.005261167653413349,0.005261167653413349,0.0014025650261788479,0.0014025650261788479
2017-02-21,0.00045855652822553806,0.00045855652822553806,0.003387589004250202,0.003387589004250202,0.0012243004156097582,0.0012243004156097582,0.001417738387919565,0.001417738387919565,0.0006416120228083743,0.0006416120228083743
2017-02-22,0.0036828880459694137,0.0036828880459694137,0.012194785390225537,0.012194785390225537,0.014770744039670483,0.014770744039670483,0.00935983643004723,0.00935983643004723,0.007210954635952006,0.007210954635952006
2017-02-23,0.005347253309046349,0.005347253309046349,0.022182065453309894,0.022182065453309894,0.007996980660658315,0.007996980660658315,0.0066049726817447,0.0066049726817447,0.0041122563869929515,0.0041122563869929515
2017-02-24,0.013224042275943803,0.013224042275943803,0.04050722196797054,0.04050722196797054,0.02280137094625604,0.02280137094625604,0.019080722373154405,0.019080722373154405,0.015063770484673136,0.015063770484673136
2017-03-01,-0.00017376920831321623,-0.00017376920831321623,0.020891416353196135,0.020891416353196135,0.0032534168620624985,0.0032534168620624985,-0.00013324503211703108,-0.00013324503211703108,0.00036416925642907623,0.00036416925642907623
2017-03-02,-0.0035435348503820023,-0.0035435348503820023,0.001056517151889014,0.001056517151889014,-0.004760465581725759,-0.004760465581725759,-0.0058145317436218685,-0.0058145317436218685,-0.006792184608538943,-0.006792184608538943
2017-03-03,-0.0008961836188695239,-0.0008961836188695239,-0.0023620225866047614,-0.0023620225866047614,0.0010838870191491328,0.0010838870191491328,0.0005538041224985096,0.0005538041224985096,-0.002080141876500452,-0.002080141876500452
2017-03-06,-0.0012024405829336757,-0.0012024405829336757,0.004450350147703431,0.004450350147703431,-0.0015845781728622155,-0.0015845781728622155,-0.0022936072040409036,-0.0022936072040409036,-0.004044600519757234,-0.004044600519757234
2017-03-07,0.002121459747449269,0.002121459747449269,-0.006375771204818559,-0.006375771204818559,-0.001994265777650383,-0.001994265777650383,0.004391355747392615,0.004391355747392615,0.00427525473088029,0.00427525473088029
2017-03-08,0.005156155411918873,0.005156155411918873,0.001958184046590716,0.001958184046590716,0.0005563284329275662,0.0005563284329275662,0.0028216668180075437,0.0028216668180075437,0.004492865994203527,0.004492865994203527
2017-03-09,0.0032699442395899285,0.0032699442395899285,0.005070937737200154,0.005070937737200154,0.0038692369253460973,0.0038692369253460973,0.0007391428262876348,0.0007391428262876348,0.005521781480168625,0.005521781480168625
2017-03-10,-0.008116847693160768,-0.008116847693160768,-0.026876555774487575,-0.026876555774487575,-0.00990155666631205,-0.00990155666631205,-0.006561560177488648,-0.006561560177488648,-0.00830083451017245,-0.00830083451017245
2017-03-13,0.010247527587126066,0.010247527587126066,0.012898476127682978,0.012898476127682978,0.016151865379754604,0.016151865379754604,0.011733599058772092,0.011733599058772092,0.008388800578779781,0.008388800578779781
2017-03-14,0.006775250936994372,0.006775250936994372,0.010427711254935535,0.010427711254935535,0.006574610745688348,0.006574610745688348,0.00733732734067792,0.00733732734067792,0.006247806310334231,0.006247806310334231
2017-03-15,-0.0008692938094323741,-0.0008692938094323741,0.005463521530086779,0.005463521530086779,0.0030753047179404415,0.0030753047179404415,0.001926466493254031,0.001926466493254031,0.001677158300021464,0.001677158300021464
2017-03-16,0.004040190521893729,0.004040190521893729,0.01228484231887943,0.01228484231887943,0.007680080032971437,0.007680080032971437,0.004819156966577776,0.004819156966577776,0.00492614796250358,0.00492614796250358
2017-03-17,0.010168443655677793,0.010168443655677793,0.017035253647445493,0.017035253647445493,0.011095429850916383,0.011095429850916383,0.007185841594261203,0.007185841594261203,0.007253230490748958,0.007253230490748958
2017-03-20,-0.003065241222202273,-0.003065241222202273,0.0032774205971438436,0.0032774205971438436,-0.0007154170446089569,-0.0007154170446089569,0.0007182367800315262,0.0007182367800315262,0.0007843666528127185,0.0007843666528127185
2017-03-21,-0.0017331601292983315,-0.0017331601292983315,0.00026262951714379687,0.00026262951714379687,0.0006831675599525688,0.0006831675599525688,-0.0010778016331630669,-0.0010778016331630669,-0.0007877943607563945,-0.0007877943607563945
2017-03-22,-0.0025752814460396965,-0.0025752814460396965,0.0038978864520947012,0.0038978864520947012,-0.0018267021250044867,-0.0018267021250044867,-0.003591530513466612,-0.003591530513466612,-0.0023404604076746388,-0.0023404604076746388
2017-03-23,0.005727082862986963,0.005727082862986963,0.008292655061502584,0.008292655061502584,0.01095629121312588,0.01095629121312588,0.00803864051846197,0.00803864051846197,0.008765001819620977,0.008765001819620977
2017-03-24,-0.0007671966349822037,-0.0007671966349822037,-0.011165151385951179,-0.011165151385951179,-0.007690162862464257,-0.007690162862464257,-0.006211888001183553,-0.006211888001183553,-0.002112381218400245,-0.002112381218400245
2017-03-27,-0.01395835437990309,-0.01395835437990309,-0.03883099735230443,-0.03883099735230443,-0.028041770971315338,-0.028041770971315338,-0.02310187763366988,-0.02310187763366988,-0.020198697446973776,-0.020198697446973776
2017-03-28,-0.01529075283888424,-0.0024999999999999996,-0.023811600066711663,-0.0025,-0.01485160222977775,-0.0025,-0.017032883006882264,-0.0025000000000000005,-0.016222702035648736,-0.0025
2017-03-29,0.006186173000857737,0.0,0.010883265977215872,0.0,0.008773192805757779,0.0,0.003458754131781923,0.0,0.006143122297382014,0.0
2017-03-30,0.005576675373757521,0.0030766753737575215,0.0002096784929669802,-0.00229032150703302,-0.0014563247273693958,-0.003956324727369396,0.0054561904900862985,0.002956190490086298,0.005460176814607532,0.002960176814607532
2017-03-31,0.00029951496739389114,0.00029951496739389114,0.0007517191570313163,0.0007517191570313163,0.0006850579503025144,0.0006850579503025144,-0.0010591151817095211,-0.0010591151817095211,-0.0012414068131796129,-0.0012414068131796129
2017-04-05,0.004807968338187692,0.004807968338187692,0.01891111423695404,0.01891111423695404,0.008944372299322434,0.008944372299322434,0.0023992309605418496,0.0023992309605418496,0.0037762729655124562,0.0037762729655124562
2017-04-06,0.0011523533263377412,0.0011523533263377412,0.002915584575620223,0.002915584575620223,-0.0021092828198293165,-0.0021092828198293165,-0.0012616301323024272,-0.0012616301323024272,0.000596741414998814,0.000596741414998814
2017-04-07,0.005209045243541994,0.005209045243541994,0.027032773544316505,0.027032773544316505,0.012796529368356926,0.012796529368356926,0.00781270360071628,0.00781270360071628,0.006842311141908636,0.006842311141908636
2017-04-10,0.0023812240101094718,0.0023812240101094718,0.02262697762687207,0.02262697762687207,0.006914374430927761,0.006914374430927761,0.004765853585211902,0.004765853585211902,0.003594108380614314,0.003594108380614314
2017-04-11,-0.015160913028041451,-0.015160913028041451,-0.018768437036702168,-0.018768437036702168,-0.01246331431094667,-0.01246331431094667,-0.014072040669811684,-0.014072040669811684,-0.018847279938137066,-0.018847279938137066
2017-04-12,-0.005515296287827095,-0.0024999999999999996,0.011244995980885332,-0.0025,0.004463226558395385,-0.0025,-0.003024212303689596,-0.0025000000000000005,-0.004155904838191733,-0.0025
2017-04-13,-0.002535223308237808,0.0,-0.004031144812710519,0.0,-0.005434679869043358,0.0,-0.0008546202619971477,0.0,0.00026193405334538054,0.0
2017-04-14,-0.02219266630890187,-0.024692666308901868,-0.02708619558962342,-0.02958619558962342,-0.022998610528815664,-0.025498610528815663,-0.020014440364067927,-0.022514440364067925,-0.021273422364508788,-0.023773422364508787
2017-04-17,0.0013673040379156261,-0.0024999999999999996,0.00797439146384289,-0.0025,0.0029711451787901356,-0.0025,0.003188484048988038,-0.0025000000000000005,0.006197029918450042,-0.0025
2017-04-18,0.009801837950282869,0.0,0.03430245637899918,0.0,0.018269830268989585,0.0,0.01291564262744583,0.0,0.009764832151605729,0.0
2017-04-19,0.0008249648723655173,-0.0016750351276344825,-0.000944457383185627,-0.003444457383185627,0.003076536332730439,0.000576536332730439,-3.93675903201722e-05,-0.002539367590320173,0.0010634009520830044,-0.0014365990479169957
2017-04-20,-0.007024126877780659,-0.007024126877780659,-0.014031765870526526,-0.014031765870526526,-0.005740208202903763,-0.005740208202903763,-0.004681438430316039,-0.004681438430316039,-0.00628916168906205,-0.00628916168906205
2017-04-21,0.00663735916852652,-0.0024999999999999996,0.00895887383483669,-0.0025,0.005294133060942686,-0.0025,0.0059195508685668955,-0.0025000000000000005,0.005659403412555691,-0.0025
2017-04-24,-0.004199081568515858,-0.006699081568515858,-0.020765671776842434,-0.023265671776842432,-0.012050812603689289,-0.01455081260368929,-0.011111116332734502,-0.013611116332734503,-0.01052121819775993,-0.013021218197759931
2017-04-25,0.01051099940490657,0.01051099940490657,0.016660968405895992,0.016660968405895992,0.012611204216102756,0.012611204216102756,0.009286678721872913,0.009286678721872913,0.008750957643262865,0.008750957643262865
2017-04-26,0.005516281808568768,0.005516281808568768,0.002998008593085322,0.002998008593085322,0.003948716746255099,0.003948716746255099,0.0033832867380906295,0.0033832867380906295,0.005162329037100994,0.005162329037100994
2017-04-27,-0.002675457519614226,-0.002675457519614226,0.002357521451083166,0.002357521451083166,0.0006911181509173469,0.0006911181509173469,-0.0004529575682960785,-0.0004529575682960785,-3.5276048181248805e-05,-3.5276048181248805e-05
2017-04-28,0.007273242021774305,0.007273242021774305,0.007749885535013013,0.007749885535013013,0.0035505028311625716,0.0035505028311625716,0.0034100424102138905,0.0034100424102138905,0.0024262746587831565,0.0024262746587831565
2017-05-02,-0.0020407914477903635,-0.0020407914477903635,-0.006724383185363192,-0.006724383185363192,-0.004793661179018094,-0.004793661179018094,-0.0045237156688537,-0.0045237156688537,-0.005373570251041672,-0.005373570251041672
2017-05-03,-0.00331276578412927,-0.00331276578412927,-0.003213008737122625,-0.003213008737122625,-0.0032719479112027325,-0.0032719479112027325,-0.003610101411669146,-0.003610101411669146,-0.0024858130452584397,-0.0024858130452584397
2017-05-04,0.008375242058527663,0.008375242058527663,0.001789983859497779,0.001789983859497779,0.004082201266354635,0.004082201266354635,0.003922821612293381,0.003922821612293381,0.002733876688441772,0.002733876688441772
2017-05-05,0.00011045788353232098,0.00011045788353232098,-0.01154645361278104,-0.01154645361278104,-0.009166754864307649,-0.009166754864307649,-0.00876147717764888,-0.00876147717764888,-0.0053823666596688365,-0.0053823666596688365
2017-05-08,-0.0027733458256923756,-0.0027733458256923756,-0.003401204007074665,-0.003401204007074665,-0.0034063077357994074,-0.0034063077357994074,0.0034017428778547673,0.0034017428778547673,0.0029191762148923217,0.0029191762148923217
2017-05-09,-0.015363971868119308,-0.0025,-0.018035281738836596,-0.0025,-0.015270205478830567,-0.0025,-0.014188121190270377,-0.0025000000000000005,-0.018242310857556884,-0.0025
2017-05-10,0.01381715991286049,0.0,0.009365378965990014,0.0,0.011328663204699886,0.0,0.011626118540364558,0.0,0.016719645458386227,0.0
2017-05-11,0.002681219146753268,0.0,0.017904138743165855,0.0,0.007766274734522817,0.0,-0.00010948979545256335,0.0,-0.003054714222739585,0.0
2017-05-12,0.005174627375384618,0.0,0.01607539600430268,0.0,0.006546398182873836,0.0,0.0046466480105926316,0.0,0.0037184566068817317,0.0
2017-05-15,-0.0011206448268112784,0.0,0.0047438496823521085,0.0,0.0010362454858352963,0.0,0.0011190011336963406,0.0,-0.001414328065515153,0.0
2017-05-16,0.0008909503936982763,-0.0016090496063017237,0.011871744383641202,0.009371744383641202,0.005467423323711596,0.0029674233237115956,0.0004538549379371115,-0.0020461450620628888,-0.0006181016411916874,-0.0031181016411916873
2017-05-17,-0.004606338498797873,-0.004606338498797873,0.005477095796957255,0.005477095796957255,0.0010566862623243912,0.0010566862623243912,-0.0028646250662858344,-0.0028646250662858344,-0.0030476391534011273,-0.0030476391534011273
2017-05-18,-0.004758414072443767,-0.0025,-0.006967957682192561,-0.0025,-0.007202223727857693,-0.0025,-0.0029845473737790673,-0.0025000000000000005,-0.004559100843868058,-0.0025
2017-05-19,0.003374694951868219,0.0008746949518682189,0.02385038577114469,0.021350385771144693,0.01178938937486056,0.00928938937486056,0.007863123617557002,0.005363123617557001,0.0033066700614858176,0.0008066700614858175
2017-05-22,0.0005411003256773719,-0.0025,-0.004215957526063784,-0.0025,-0.00043349245173570565,-0.0025,-0.002674093795205283,-0.0025000000000000005,-0.0013395945146558895,-0.0025
2017-05-23,0.01103662024529171,0.0,-0.006111229206355519,0.0,-0.0014595547490534046,0.0,-0.0014845541145450966,0.0,0.0006280407937209354,0.0
2017-05-24,0.0033337259801243684,0.0008337259801243684,-0.0006356408914542256,-0.003135640891454226,0.0035399103319848305,0.0010399103319848305,0.0030575669621416115,0.000557566962141611,0.005385915379577493,0.0028859153795774933
2017-05-25,-0.0011722999003478875,-0.0011722999003478875,-0.005814008939675009,-0.005814008939675009,-0.0009488074205831194,-0.0009488074205831194,0.005503036313191082,0.005503036313191082,0.004108600379893473,0.004108600379893473
2017-05-26,-0.004564598687197555,-0.004564598687197555,-0.004837116566972277,-0.004837116566972277,-0.0010287690924138614,-0.0010287690924138614,-0.0028037532242162658,-0.0028037532242162658,-0.002658479730042096,-0.002658479730042096
2017-05-31,0.0008614134507370747,-0.0025,0.01145165206212302,-0.0025,0.00867860976976218,-0.0025,0.010585732978727084,-0.0025000000000000005,0.006123059615806902,-0.0025
2017-06-01,0.005913363846082264,0.0,0.009345026502608423,0.0,0.003346444622481204,0.0,0.010164056659479096,0.0,0.008754412818395674,0.0
2017-06-02,0.009499451575689537,0.006999451575689536,0.02042757480583948,0.01792757480583948,0.017996817093641336,0.015496817093641336,0.009300963986254168,0.006800963986254167,0.00802430302805116,0.00552430302805116
2017-06-03,0.010803185352672738,0.010803185352672738,0.019955012009806518,0.019955012009806518,0.012460497425612505,0.012460497425612505,0.013522438295413048,0.013522438295413048,0.01108822639320579,0.01108822639320579
2017-06-05,0.002701527224450298,0.002701527224450298,0.0013626940192715156,0.0013626940192715156,-0.0019040323335577929,-0.0019040323335577929,0.001688433885833344,0.001688433885833344,0.0011722015563044143,0.0011722015563044143
2017-06-06,0.002646195863801064,0.002646195863801064,-0.003943429896743699,-0.003943429896743699,-0.0018233214150699005,-0.0018233214150699005,0.00045521552884676014,0.00045521552884676014,-0.0002771780371675521,-0.0002771780371675521
2017-06-07,0.00080246723150909,0.00080246723150909,-0.005399239772698983,-0.005399239772698983,-0.0022862710393247616,-0.0022862710393247616,-0.0048882309131418255,-0.0048882309131418255,-0.003852543654470997,-0.003852543654470997
2017-06-08,-0.005455026111432088,-0.005455026111432088,-0.005420160936224417,-0.005420160936224417,-0.0027208926233764147,-0.0027208926233764147,-0.0023177744094748185,-0.0023177744094748185,0.0005702392201668849,0.0005702392201668849
2017-06-09,-0.013108415578265661,-0.013108415578265661,-0.029223282348864312,-0.029223282348864312,-0.015613755819783984,-0.015613755819783984,-0.012719641829224108,-0.012719641829224108,-0.009925937252822536,-0.009925937252822536
2017-06-12,-0.004352967944835198,-0.004352967944835198,-0.019057551126056272,-0.019057551126056272,-0.009873621038023205,-0.009873621038023205,-0.007189973857900277,-0.007189973857900277,-0.007219516697381134,-0.007219516697381134
2017-06-13,0.0003049492602677661,0.0003049492602677661,0.0021156512519370013,0.0021156512519370013,0.0007143574148146818,0.0007143574148146818,0.0008096268342364431,0.0008096268342364431,-0.000121341107093542,-0.000121341107093542
2017-06-14,-0.01573594317764264,-0.01573594317764264,-0.02077982332606758,-0.02077982332606758,-0.01618451456787211,-0.01618451456787211,-0.01433679134065847,-0.01433679134065847,-0.012448397330844907,-0.012448397330844907
2017-06-15,0.0017677400834326513,-0.0025,0.004933226987984552,-0.0025,0.003797108034921137,-0.0025,0.0004451730142147612,-0.0025000000000000005,0.000828432048249017,-0.0025
2017-06-16,0.006187687624496351,0.0,0.006547424894604914,0.0,0.005877301823176495,0.0,0.006474345600256052,0.0,0.005217682405252316,0.0
2017-06-19,0.0011910446639965377,-0.0013089553360034624,0.007647398883727385,0.005147398883727386,0.0022599358910621484,-0.0002400641089378517,0.006606547663420681,0.004106547663420681,0.006212003965066737,0.003712003965066737
2017-06-20,-0.0016375211114176148,-0.0016375211114176148,-0.002772724197938015,-0.002772724197938015,-0.0020316671425005704,-0.0020316671425005704,-0.002241526776029105,-0.002241526776029105,-0.001271588503028953,-0.001271588503028953
2017-06-21,0.004722809841193233,-0.0025,0.011365345666873371,-0.0025,0.010351714577769044,-0.0025,0.006151159077048278,-0.0025000000000000005,0.0044894374312603735,-0.0025
2017-06-22,0.0015255856517599527,-0.0009744143482400473,0.0019565661611740124,-0.0005434338388259877,0.0014735795490816274,-0.0010264204509183726,-0.0004381220177465192,-0.0029381220177465196,0.0004489860925760592,-0.0020510139074239406
2017-06-23,-0.0032880128767280147,-0.0032880128767280147,-0.004416564631082598,-0.004416564631082598,-0.004176246917845461,-0.004176246917845461,-0.0018459587699694914,-0.0018459587699694914,-0.0015785185354301955,-0.0015785185354301955
2017-06-26,0.003624330430625281,0.003624330430625281,-0.00023057699113637764,-0.00023057699113637764,0.0012796479646636327,0.0012796479646636327,-0.0017925069702886612,-0.0017925069702886612,-0.000536803101112188,-0.000536803101112188
2017-06-27,0.0035151660851423885,0.0035151660851423885,0.005298379930160891,0.005298379930160891,0.0023310577895028226,0.0023310577895028226,0.0017206933486940174,0.0017206933486940174,0.002667278943973195,0.002667278943973195
2017-06-28,-0.001601643127114808,-0.001601643127114808,-0.006719214007746644,-0.006719214007746644,-0.006601820491866485,-0.006601820491866485,-0.005775680511024357,-0.005775680511024357,-0.005784920421620821,-0.005784920421620821
2017-06-29,0.0007095801643099577,0.0007095801643099577,-0.0022714489711919586,-0.0022714489711919586,0.0014616296660814434,0.0014616296660814434,0.003049978778186823,0.003049978778186823,0.0023871248864916037,0.0023871248864916037
2017-06-30,-0.0012397041663530146,-0.0025,-0.004775504349463522,-0.0025,-0.0016569874110169637,-0.0025,-0.0021099683234312512,-0.0025000000000000005,0.000382986333008384,-0.0025
2017-07-03,-0.0011402003813946126,0.0,-0.0036771923728445626,0.0,-0.0028499326240832286,0.0,-0.0019034285245517644,0.0,-0.002220032843963493,0.0
2017-07-04,-0.002554189553444803,0.0,-0.0006487597109666068,0.0,-0.0009218963405461357,0.0,-0.0013892697705158257,0.0,-0.0020285318625899666,0.0
2017-07-05,0.006106660033107393,0.0,-0.00446220434052953,0.0,0.0006867070695001024,0.0,0.004627666380894765,0.0,0.0036614585074321083,0.0
2017-07-06,0.008011843413909281,0.0,0.016391038644434718,0.0,0.005929092309309847,0.0,0.0070396038096393575,0.0,0.004798081994213755,0.0
2017-07-07,-0.0032077242521590323,-0.005707724252159032,-0.008053891119547043,-0.010553891119547043,-0.0021074388645103033,-0.004607438864510304,-0.0032871050771177282,-0.005787105077117729,-0.0037179771383403395,-0.00621797713834034
2017-07-10,-0.0026810099937398433,-0.0026810099937398433,-0.010709807211627287,-0.010709807211627287,-0.010786263170793554,-0.010786263170793554,-0.007944518198254672,-0.007944518198254672,-0.00622406431296328,-0.00622406431296328
2017-07-11,0.0003746115989823676,0.0003746115989823676,0.005782850171950771,0.005782850171950771,0.0023692162024219537,0.0023692162024219537,0.00821412500807673,0.00821412500807673,0.008141176491635404,0.008141176491635404
2017-07-12,0.011164283900496251,0.011164283900496251,0.016499678144527862,0.016499678144527862,0.009052516406433942,0.009052516406433942,0.00951257606573377,0.00951257606573377,0.008525230048112299,0.008525230048112299
2017-07-13,0.008338929696966693,0.008338929696966693,0.010815062154573396,0.010815062154573396,0.007323988357606236,0.007323988357606236,0.005685897563340954,0.005685897563340954,0.005739641503759052,0.005739641503759052
2017-07-14,0.006968538710244554,0.006968538710244554,0.0033715514478382066,0.0033715514478382066,0.00363734022950013,0.00363734022950013,0.0014777817403024487,0.0014777817403024487,0.0017062777265823112,0.0017062777265823112
2017-07-17,0.0004381849882078841,0.0004381849882078841,-0.0062798866242059995,-0.0062798866242059995,-0.0022969270736979634,-0.0022969270736979634,0.0042108907754024125,0.0042108907754024125,0.0016129399362280698,0.0016129399362280698
2017-07-18,0.007623703572826415,0.007623703572826415,0.01341963276214926,0.01341963276214926,0.009505628386024556,0.009505628386024556,0.006516883894457385,0.006516883894457385,0.006443429040142589,0.006443429040142589
2017-07-19,-0.001977430536822695,-0.001977430536822695,0.0014624216147251401,0.0014624216147251401,-0.0018004882623887226,-0.0018004882623887226,-0.001440653335663174,-0.001440653335663174,-0.0013966314843866237,-0.0013966314843866237
2017-07-20,-0.00012059611681364999,-0.00012059611681364999,-0.005084909573874841,-0.005084909573874841,-0.0001934809165610509,-0.0001934809165610509,-0.001970918014851468,-0.001970918014851468,-0.0008099689088719773,-0.0008099689088719773
2017-07-21,0.0038464182994906674,0.0038464182994906674,0.0009891631728243364,0.0009891631728243364,0.0004817015173196545,0.0004817015173196545,0.002806861178432695,0.002806861178432695,0.0016801632188528362,0.0016801632188528362
2017-07-24,0.0021080367262533172,0.0021080367262533172,-0.003200626500340276,-0.003200626500340276,-0.0038383309698923123,-0.0038383309698923123,-0.0027222521467390607,-0.0027222521467390607,-0.0014468205182829263,-0.0014468205182829263
2017-07-25,0.004565661497204157,0.004565661497204157,-0.00230664592749843,-0.00230664592749843,0.0016956193928277074,0.0016956193928277074,0.0011168867093399961,0.0011168867093399961,0.0010522819223834413,0.0010522819223834413
2017-07-26,0.001545459444818081,0.001545459444818081,0.0005088573832312095,0.0005088573832312095,-0.00038729948066099627,-0.00038729948066099627,-0.0011747964567057436,-0.0011747964567057436,-0.0004913456977507223,-0.0004913456977507223
2017-07-27,0.008242755472030096,0.008242755472030096,0.004202895947317509,0.004202895947317509,0.005007731046727261,0.005007731046727261,0.002876766799132787,0.002876766799132787,0.0020784953753096975,0.0020784953753096975
2017-07-28,-0.006502631869476231,-0.006502631869476231,-0.004858746795894509,-0.004858746795894509,-0.0019601966923349476,-0.0019601966923349476,-0.0004648253500781981,-0.0004648253500781981,-0.0007831260726515188,-0.0007831260726515188
2017-07-31,0.0032829768501802356,0.0032829768501802356,0.005345121540924748,0.005345121540924748,0.0037492019531711884,0.0037492019531711884,0.0030071977470155515,0.0030071977470155515,0.0023434443783966865,0.0023434443783966865
2017-08-01,0.007903694802460993,0.007903694802460993,0.003351261306899001,0.003351261306899001,0.003374884157210757,0.003374884157210757,0.0048119076875419615,0.0048119076875419615,0.008634794950894809,0.008634794950894809
2017-08-02,0.009267943204168698,0.009267943204168698,0.0033775114442024636,0.0033775114442024636,0.012018759008456304,0.012018759008456304,0.009983646341033828,0.009983646341033828,0.010114391232123727,0.010114391232123727
2017-08-03,0.0025930378862752696,0.0025930378862752696,0.005549858033113609,0.005549858033113609,0.00853952538424022,0.00853952538424022,0.00974119851267264,0.00974119851267264,0.006888941230368334,0.006888941230368334
2017-08-04,0.001240649135049831,0.001240649135049831,0.003752590944862422,0.003752590944862422,0.0015470505683263915,0.0015470505683263915,0.004525715876145934,0.004525715876145934,0.004934248933012969,0.004934248933012969
2017-08-07,0.0015556980092162032,0.0015556980092162032,0.007039662922477597,0.007039662922477597,-0.006859389284116224,-0.006859389284116224,0.0006707044631193509,0.0006707044631193509,0.001999039345510074,0.001999039345510074
2017-08-08,-0.0028934553410324606,-0.0028934553410324606,-0.009054920904843633,-0.009054920904843633,-0.004846441417469671,-0.004846441417469671,-0.006102862472097919,-0.006102862472097919,-0.004426825106891836,-0.004426825106891836
2017-08-09,-0.008863814525017664,-0.008863814525017664,-0.0061845106067698555,-0.0061845106067698555,-0.007041840691933088,-0.007041840691933088,-0.004585963510322152,-0.004585963510322152,-0.006362954731269216,-0.006362954731269216
2017-08-10,-0.02542135993165164,-0.02542135993165164,-0.015355045433669412,-0.015355045433669412,-0.019494322877243675,-0.019494322877243675,-0.023679288465746157,-0.023679288465746157,-0.02489941003193656,-0.02489941003193656
2017-08-11,0.015594528956990069,-0.0025,-0.003522890398911982,-0.0025,0.003693512358906181,-0.0025,0.012179099670351298,-0.0025000000000000005,0.011451265126566261,-0.0025
2017-08-14,-0.01992289248648275,0.0,-0.016830839949086695,0.0,-0.020680808883438498,0.0,-0.023314654453161988,0.0,-0.022865101139470604,0.0
2017-08-15,0.013096548909391565,0.0,-0.006802908226503204,0.0,-0.002359695087115577,0.0,0.002925991786458479,0.0,0.008744435987584875,0.0
2017-08-16,0.008085842665598619,0.0,0.021054469173490187,0.0,0.01273415214571695,0.0,0.009220539036847683,0.0,0.011077113868804406,0.0
2017-08-17,0.012757084418236673,0.0,0.008943891853981279,0.0,0.00978763540612333,0.0,0.008803453777764458,0.0,0.012819097922634273,0.0
2017-08-18,0.0013541469294460235,-0.0011458530705539766,0.012017549970309925,0.009517549970309925,0.0024918252187880576,-8.174781211942473e-06,0.0019052858455570767,-0.0005947141544429238,0.0022832771918425534,-0.0002167228081574467
2017-08-21,0.00531273746407564,0.00531273746407564,0.001757403616452713,0.001757403616452713,-0.0012883841053500714,-0.0012883841053500714,0.0049637301558493295,0.0049637301558493295,0.0060898486507745386,0.0060898486507745386
2017-08-22,0.0006780541742365972,0.0006780541742365972,0.017949484012292526,0.017949484012292526,0.008739085544040015,0.008739085544040015,0.007434777722014803,0.007434777722014803,0.0033995669772254322,0.0033995669772254322
2017-08-23,0.0011601070911513955,0.0011601070911513955,-0.004372165992813759,-0.004372165992813759,0.0001386834712213238,0.0001386834712213238,-0.0015467860928523479,-0.0015467860928523479,-0.002821347181623618,-0.002821347181623618
2017-08-24,0.0063417419089373175,0.0063417419089373175,0.00474635826048937,0.00474635826048937,0.006954101104037891,0.006954101104037891,0.005769397998511749,0.005769397998511749,0.006406751204112526,0.006406751204112526
2017-08-25,0.005474443479724899,0.005474443479724899,0.015216401553881443,0.015216401553881443,0.008770609151655395,0.008770609151655395,0.009309020011706318,0.009309020011706318,0.006901851484533362,0.006901851484533362
2017-08-28,-0.0023459445983916583,-0.0023459445983916583,-0.005286991515375905,-0.005286991515375905,-0.003793000013437931,-0.003793000013437931,-0.0018500619823015178,-0.0018500619823015178,-0.004240804820384779,-0.004240804820384779
2017-08-29,-0.00014664254568204525,-0.00014664254568204525,-0.0017184326043359066,-0.0017184326043359066,-0.0033594480066561965,-0.0033594480066561965,-0.0022850481370993475,-0.0022850481370993475,-0.0024721423556052337,-0.0024721423556052337
2017-08-30,0.011380353351717417,0.011380353351717417,0.024168921262571353,0.024168921262571353,0.01875388399355782,0.01875388399355782,0.012715495279677547,0.012715495279677547,0.012804193854480957,0.012804193854480957
2017-08-31,0.0033000897307083254,0.0033000897307083254,0.002244368979806976,0.002244368979806976,-0.0005305594754068445,-0.0005305594754068445,0.005571114371190547,0.005571114371190547,0.0036158750587018114,0.0036158750587018114
2017-09-01,0.004471469155456635,0.004471469155456635,-0.005544532319044172,-0.005544532319044172,-0.0038220457583415853,-0.0038220457583415853,0.0007637988922431535,0.0007637988922431535,0.0008178644648296654,0.0008178644648296654
2017-09-04,-0.002953970449186196,-0.002953970449186196,-0.004623412060367426,-0.004623412060367426,0.0006130734584050556,0.0006130734584050556,0.0006100845547825601,0.0006100845547825601,0.0003129565346766786,0.0003129565346766786
2017-09-05,0.008727912786522027,0.008727912786522027,-0.0005765434238317545,-0.0005765434238317545,0.0021513235312899393,0.0021513235312899393,0.00409785514790845,0.00409785514790845,0.0025795415010968882,0.0025795415010968882
2017-09-06,-0.00279205555489435,-0.00279205555489435,0.010344966114408514,0.010344966114408514,0.0043583242674068885,0.0043583242674068885,0.0002798809748500101,0.0002798809748500101,-0.0009638457771625203,-0.0009638457771625203
2017-09-07,-0.0030659620712549566,-0.0030659620712549566,-0.009694568769664102,-0.009694568769664102,-0.0023677522304815565,-0.0023677522304815565,-0.0029491500933722,-0.0029491500933722,-0.0021831265338918097,-0.0021831265338918097
2017-09-08,0.007063928377717298,-0.0025,0.01327759647856881,-0.0025,0.008456233151356695,-0.0025,0.00886920426353701,-0.0025000000000000005,0.012082891197631113,-0.0025
2017-09-11,0.0059963466944067565,0.0034963466944067565,0.0018965126954958228,-0.0006034873045041773,0.006000183894728251,0.0035001838947282507,0.009167345961912075,0.006667345961912074,0.011649921427582956,0.009149921427582955
2017-09-12,0.0024138296215354227,0.0024138296215354227,0.0055889180787526815,0.0055889180787526815,0.0024073193734904684,0.0024073193734904684,-0.000502246349996589,-0.000502246349996589,0.0008436790119432493,0.0008436790119432493
2017-09-13,-0.006905820337522148,-0.006905820337522148,-0.014914545994403474,-0.014914545994403474,-0.007415484834694776,-0.007415484834694776,-0.006614482020932948,-0.006614482020932948,-0.00514500154119445,-0.00514500154119445
2017-09-14,0.008850321877686487,0.008850321877686487,0.014449218721798917,0.014449218721798917,0.005514823356438358,0.005514823356438358,0.0033888237830985196,0.0033888237830985196,0.010173644640021346,0.010173644640021346
2017-09-15,-0.0021934748721953974,-0.0021934748721953974,-0.0037115448503747704,-0.0037115448503747704,-0.0019232196300833727,-0.0019232196300833727,-0.0010632736432805673,-0.0010632736432805673,-0.004381658246778708,-0.004381658246778708
2017-09-18,0.0002817214638328404,0.0002817214638328404,0.00022817057035462419,0.00022817057035462419,-0.0011714632590706822,-0.0011714632590706822,-0.00031258426710460295,-0.00031258426710460295,-0.002334844670355357,-0.002334844670355357
2017-09-19,-0.0025691028599984568,-0.0025691028599984568,-0.006157843034353917,-0.006157843034353917,0.0009691354935916557,0.0009691354935916557,-0.0017065461562058458,-0.0017065461562058458,-0.0005013779264429088,-0.0005013779264429088
2017-09-20,-0.0019441324257319687,-0.0019441324257319687,0.007386759027849932,0.007386759027849932,0.0037521532658558506,0.0037521532658558506,0.0006424805602725622,0.0006424805602725622,-0.0023692506898829965,-0.0023692506898829965
2017-09-21,0.004851768440950824,-0.0024999999999999996,0.009688054047007545,-0.0025,0.0055852620771015046,-0.0025,0.0046964609719459816,-0.0025000000000000005,0.00488138280711155,-0.0025
2017-09-22,-0.011996526221725068,-0.014496526221725068,-0.009319004447570856,-0.011819004447570856,-0.011702732338427349,-0.01420273233842735,-0.014172668409839854,-0.016672668409839855,-0.015013278451564822,-0.01751327845156482
2017-09-25,-0.022046738018277383,-0.0025,-0.016874582524490835,-0.0025,-0.017957641050800523,-0.0025,-0.01483636114226857,-0.0025000000000000005,-0.01557210404639851,-0.0025
2017-09-26,-0.013944129972554946,0.0,-0.020764831683746477,0.0,-0.01323543458721016,0.0,-0.010687232699527515,0.0,-0.011301440848113188,0.0
2017-09-27,0.014634699427423407,0.0,0.012981287938019115,0.0,0.008344543652901427,0.0,0.010999896815765143,0.0,0.01173699987639808,0.0
2017-09-28,0.0025232595794865875,0.0,0.007686700687808768,0.0,0.005332417034620817,0.0,0.002050720148395454,0.0,0.00021361727421498854,0.0
2017-09-29,-0.004334116218462085,-0.006705911090256957,-0.00042148134145303384,-0.002921481341453034,0.002775024479953825,0.00027502447995382496,-0.0002777797492695617,-0.0027777797492695624,0.0001702937338034674,-0.0023297062661965327
2017-09-30,0.016123673312581372,-0.0025,0.012487531007203637,-0.0025,0.011049071935771105,-0.0025,0.013023867359740666,-0.0025000000000000005,0.01490465335912421,-0.0025
2017-10-02,0.013183918811972568,0.010683918811972568,0.010973416438790178,0.009473416438790176,0.008328520169811825,0.0058285201698118246,0.006884963794604763,0.004384963794604763,0.007676396434002818,0.005426396434002818
2017-10-03,-0.0025757308333684207,-0.0025757308333684207,-0.006365856947570082,-0.006365856947570082,-0.006374170407055125,-0.006374170407055125,-0.006737025229733799,-0.006737025229733799,-0.005972665088537488,-0.005972665088537488
2017-10-05,0.01141655964233535,0.01141655964233535,0.01765162238583744,0.01765162238583744,0.015076783284478213,0.015076783284478213,0.014322820986118664,0.014322820986118664,0.012512219868341237,0.012512219868341237
2017-10-06,0.0006703051907341632,0.0006703051907341632,0.012828890880860965,0.012828890880860965,0.005327236146688774,0.005327236146688774,0.004936092193509093,0.004936092193509093,0.0017860769687464808,0.0017860769687464808
2017-10-11,-0.0005601158026449566,-0.0005601158026449566,0.007557257441389288,0.007557257441389288,0.002131503367384591,0.002131503367384591,-0.007094014872790118,-0.007094014872790118,-0.004055597043560266,-0.004055597043560266
2017-10-12,0.0013384159875349016,0.0013384159875349016,0.01300729609589877,0.01300729609589877,0.005021928593391423,0.005021928593391423,0.0043480921255678595,0.0043480921255678595,0.0035086000675517764,0.0035086000675517764
2017-10-13,0.004296043660201226,0.004296043660201226,0.0056466028347886155,0.0056466028347886155,0.0016572094706822187,0.0016572094706822187,0.0020395237342033744,0.0020395237342033744,0.0007313603829699812,0.0007313603829699812
2017-10-16,0.0028444104512292956,0.0028444104512292956,0.0003624216173960136,0.0003624216173960136,-3.5551169125536044e-05,-3.5551169125536044e-05,0.0007926865182046103,0.0007926865182046103,0.002450000923438994,0.002450000923438994
2017-10-17,-0.009067174066687287,-0.009067174066687287,-0.011824994528284205,-0.011824994528284205,-0.007779773053207662,-0.007779773053207662,-0.004935770916196102,-0.004935770916196102,-0.0052615554631762216,-0.0052615554631762216
2017-10-18,-0.002581673554563074,-0.002581673554563074,-0.0003847195981838032,-0.0003847195981838032,-0.0013532854051058196,-0.0013532854051058196,-0.0027283578432115785,-0.0027283578432115785,-0.0028295442929637702,-0.0028295442929637702
2017-10-19,0.010174969866743218,0.010174969866743218,0.027516684618246127,0.027516684618246127,0.01645360522697156,0.01645360522697156,0.011573053285493125,0.011573053285493125,0.009245522661265937,0.009245522661265937
2017-10-20,0.0026066066687963157,0.0026066066687963157,-0.007240706586447509,-0.007240706586447509,0.00677709510625254,0.00677709510625254,0.004882751061925284,0.004882751061925284,0.0024093873234637474,0.0024093873234637474
2017-10-23,0.0023856656205156245,0.0023856656205156245,0.002639396899327906,0.002639396899327906,-0.002201277464559748,-0.002201277464559748,3.496222949096067e-05,3.496222949096067e-05,0.0008782873762839482,0.0008782873762839482
2017-10-24,0.008712614079423649,0.008712614079423649,0.017922453599941646,0.017922453599941646,0.010908217074678072,0.010908217074678072,0.009040454137494583,0.009040454137494583,0.011953275489324178,0.011953275489324178
2017-10-25,-0.00014822773699871248,-0.00014822773699871248,-0.0017731575664384548,-0.0017731575664384548,0.0036914065606028505,0.0036914065606028505,0.0014747391505940321,0.0014747391505940321,0.004356970808960197,0.004356970808960197
2017-10-26,0.0015353152263755246,0.0015353152263755246,0.008485872157443208,0.008485872157443208,0.00405985893698333,0.00405985893698333,-0.0002149170337093204,-0.0002149170337093204,0.0008054772312241606,0.0008054772312241606
2017-10-27,-0.00935289227306145,-0.00935289227306145,-0.011969122197733719,-0.011969122197733719,-0.01154760240077658,-0.01154760240077658,-0.008858773265969296,-0.008858773265969296,-0.008690712562836378,-0.008690712562836378
2017-10-30,-0.00022910047537493035,-0.00022910047537493035,0.01218305213907336,0.01218305213907336,0.0020673585977151196,0.0020673585977151196,-0.00347938634534722,-0.00347938634534722,-0.0035439858269634477,-0.0035439858269634477
2017-10-31,0.007855483199401742,0.007855483199401742,0.022272275000339594,0.022272275000339594,0.01256152359579913,0.01256152359579913,0.009488841827639094,0.009488841827639094,0.00683786223371427,0.00683786223371427
2017-11-01,0.008514556592798945,0.008514556592798945,0.008106865992983669,0.008106865992983669,0.004575241279777754,0.004575241279777754,0.007277073862229554,0.007277073862229554,0.006758363609789509,0.006758363609789509
2017-11-02,0.0015184476197631438,0.0015184476197631438,-0.0048930216261042995,-0.0048930216261042995,-0.004344995571505351,-0.004344995571505351,0.003876281190493229,0.003876281190493229,0.0009045365170003371,0.0009045365170003371
2017-11-03,0.002533821476317639,0.002533821476317639,0.013163796029596962,0.013163796029596962,0.009769204997710612,0.009769204997710612,0.004924000777079943,0.004924000777079943,0.0022714496733627076,0.0022714496733627076
2017-11-06,0.004566491453693638,0.004566491453693638,-0.003909835213919566,-0.003909835213919566,0.00022638601850224517,0.00022638601850224517,0.002479768007845484,0.002479768007845484,0.006927685810096447,0.006927685810096447
2017-11-07,0.0036239449935321776,0.0036239449935321776,0.0022404775675452624,0.0022404775675452624,0.002043352825691125,0.002043352825691125,0.00046860118638993855,0.00046860118638993855,0.0020270338507056116,0.0020270338507056116
2017-11-08,0.002661720916044626,0.002661720916044626,-0.011907293264116593,-0.011907293264116593,-0.006178378980218125,-0.006178378980218125,-0.0023796515910535776,-0.0023796515910535776,-0.0006364366402877076,-0.0006364366402877076
2017-11-09,-0.0028009017449967598,-0.0028009017449967598,0.0013015130198195109,0.0013015130198195109,0.0013210209567649284,0.0013210209567649284,-0.0023531952410989748,-0.0023531952410989748,-0.00022837951685950562,-0.00022837951685950562
2017-11-10,0.003304531057350871,0.003304531057350871,0.008719652039939652,0.008719652039939652,0.008988219199980985,0.008988219199980985,0.007917720728723899,0.007917720728723899,0.0012467511291648463,0.0012467511291648463
2017-11-13,-0.007829754004696498,-0.0025,-0.009707996454910207,-0.0025,-0.005718175719229269,-0.0025,-0.004962776148224889,-0.0025000000000000005,-0.010841649255499446,-0.0025000000000000005
2017-11-14,-0.004732331684949336,0.0,-0.002900382296197557,0.0,-0.0072741795158516205,0.0,-0.006320915281771358,0.0,-0.0078853171364218,0.0
2017-11-15,0.006818108134158515,0.0,-0.0016711961364715977,0.0,-0.001277553262749664,0.0,-0.0026048535880362446,0.0,0.0001415758330787052,0.0
2017-11-16,0.004038872336696752,0.0,0.0017437876279981388,0.0,0.004654646922265315,0.0,4.9031999521131605e-05,0.0,-6.430861472954169e-05,0.0
2017-11-17,0.005674725927899131,0.0,0.0019234736184862156,0.0,0.002265028410751935,0.0,0.004191696851775199,0.0,0.00397740613741136,0.0
2017-11-20,0.000585672989754919,-0.001914327010245081,0.010336471929596925,0.007836471929596925,0.004001811689458756,0.0015018116894587557,0.001746194903401547,-0.0007538050965984534,0.002775329576975854,0.0002753295769758533
2017-11-21,0.0068181289089797315,-0.0025,0.01424852028982997,-0.0025,0.01082731884235334,-0.0025,0.009969522522140081,-0.0025000000000000005,0.010273630093002492,-0.0025000000000000005
2017-11-22,-0.0020296252552512006,-0.004529625255251201,-0.008450342646899879,-0.01095034264689988,-0.0057260790612297064,-0.008226079061229706,0.00328728430628343,0.0007872843062834297,0.0046336726396291284,0.002133672639629128
2017-11-23,0.0056935485822444025,0.0056935485822444025,-0.0012438867229446204,-0.0012438867229446204,0.007704976343216452,0.007704976343216452,0.00688622177548329,0.00688622177548329,0.00555038175335416,0.00555038175335416
2017-11-24,0.0064964527784806,0.0064964527784806,0.001815422437815628,0.001815422437815628,0.0014623781373791062,0.0014623781373791062,0.005086927487206235,0.005086927487206235,0.004685890040426148,0.004685890040426148
2017-11-27,-0.003115276543813773,-0.003115276543813773,0.018382913637434675,0.018382913637434675,0.0060762147424362825,0.0060762147424362825,0.003947225682153207,0.003947225682153207,0.00038040638281601225,0.00038040638281601225
2017-11-28,0.0051277748265986375,0.0051277748265986375,0.017660503854701526,0.017660503854701526,0.014333057005076588,0.014333057005076588,0.01357837345468796,0.01357837345468796,0.00833711215061427,0.00833711215061427
2017-11-29,0.0013471643392272904,0.0013471643392272904,0.0130230975135216,0.0130230975135216,0.007966311450055408,0.007966311450055408,0.006264769012862555,0.006264769012862555,0.0052759967933108665,0.0052759967933108665
2017-11-30,-0.010464383567394446,-0.010464383567394446,-0.01950178940665461,-0.01950178940665461,-0.014729638037689643,-0.014729638037689643,-0.014781119384894459,-0.014781119384894459,-0.013645576695182205,-0.013645576695182205
2017-12-01,-0.010532376332901017,-0.010532376332901017,-0.018937213603179525,-0.018937213603179525,-0.014796428196196433,-0.014796428196196433,-0.014239264860782102,-0.014239264860782102,-0.014282378835581234,-0.014282378835581234
2017-12-04,0.0018342614354206754,-0.0025,-0.00797157532838455,-0.0025,0.0041850538623780745,-0.0025,0.0014456133359943483,-0.0025,0.004741656361835496,-0.0025000000000000005
2017-12-05,-0.01106542139786592,0.0,-0.03154113746184355,0.0,-0.020309132365033945,0.0,-0.016231122208410987,0.0,-0.008679083570396507,0.0
2017-12-06,-0.008009600396848041,0.0,0.013329368587543656,0.0,0.004072516340437327,0.0,-0.003951877720114702,0.0,-0.007849848205692407,0.0
2017-12-07,-0.009200387384197789,0.0,-0.013883264914793282,0.0,-0.008311732519322068,0.0,-0.007423896695834157,0.0,-0.004915558791116143,0.0
2017-12-08,0.004115545980014892,0.0,-0.017439108922630456,0.0,-0.008978873757496952,0.0,-0.002712825626151945,0.0,-0.0030124492905754426,0.0
2017-12-11,0.017320050729667403,0.0,0.014985732322783598,0.0,0.010898205008869156,0.0,0.020641937934823777,0.0,0.016568377483663264,0.0
2017-12-12,-0.0034561441382954944,0.0,-0.0032208223409649016,0.0,0.00762868612862827,0.0,0.0006617612282056632,0.0,-2.463641342182409e-05,0.0
2017-12-13,0.006427821440093526,0.0,0.006898743319370215,0.0,0.006499760556982403,0.0,0.005084622519173832,0.0,0.00691607967219316,0.0
2017-12-14,0.0026561200710867403,0.0001561200710867407,0.003641057235728185,0.0011410572357281848,0.0111239004817996,0.008623900481799599,0.01188921067738921,0.00938921067738921,0.006456736248264401,0.0039567362482644
2017-12-15,-0.0037797780823352442,-0.0037797780823352442,-0.004003714372287326,-0.004003714372287326,-0.0032059779637492185,-0.0032059779637492185,-0.0003485931292147211,-0.0003485931292147211,-0.0020018003045964633,-0.0020018003045964633
2017-12-18,0.001353891746813657,-0.0024999999999999996,0.005147199401305525,-0.0025,0.00371991173012588,-0.0025,0.005161726312447334,-0.0025,0.004029600483252062,-0.0025000000000000005
2017-12-19,-0.005998595051841318,0.0,-0.01541907931551385,0.0,-0.013684004595909549,0.0,-0.012602740026466152,0.0,-0.010799384233571858,0.0
2017-12-20,0.007600127596837796,0.005100127596837796,0.004460577565813506,0.0019605775658135057,0.007712674716194112,0.0052126747161941114,0.010654247274647699,0.008154247274647699,0.008953837627883609,0.006453837627883608
2017-12-21,0.002868184282698356,0.002868184282698356,0.01671533886715642,0.01671533886715642,0.009336943966947965,0.009336943966947965,0.005377268810347072,0.005377268810347072,0.004646788817525688,0.004646788817525688
2017-12-22,0.002731475609061877,0.002731475609061877,-0.00022008576360559246,-0.00022008576360559246,0.0034813138431079582,0.0034813138431079582,0.002085158396529918,0.002085158396529918,0.0026325777065615897,0.0026325777065615897
2017-12-25,0.0021719231275644235,0.0021719231275644235,-0.009015055664656546,-0.009015055664656546,-0.005554025725680867,-0.005554025725680867,0.0005803320201105181,0.0005803320201105181,-0.0005724660658073313,-0.0005724660658073313
2017-12-26,-0.010839892581799867,-0.010839892581799867,-0.019864994587891573,-0.019864994587891573,-0.014337452752780769,-0.014337452752780769,-0.01319425321002469,-0.01319425321002469,-0.008194838331859893,-0.008194838331859893
2017-12-27,0.008689098118068362,-0.0025,0.012390000542870871,-0.0025,0.009186932945249037,-0.0025,0.013688434711569818,-0.0025,0.013699654455565362,-0.0025000000000000005
2017-12-28,0.015954439867169993,0.0,0.03277365852362522,0.0,0.022480304524795925,0.0,0.017212782606959205,0.0,0.01733052046854487,0.0
2017-12-29,0.006621043329187277,0.004246043329187278,-0.00503218188281478,-0.00753218188281478,-0.003013059338720059,-0.00551305933872006,0.0012863165446147077,-0.0012136834553852923,0.0027085215157623076,0.00020852151576230714
2018-01-02,0.009011422765186046,0.009011422765186046,-0.002756108553627356,-0.002756108553627356,0.007656040577233558,0.007656040577233558,0.014816194035693134,0.014816194035693134,0.009968581267089402,0.009968581267089402
2018-01-03,0.013841883827685636,0.013841883827685636,0.02725571862334484,0.02725571862334484,0.022350908365899712,0.022350908365899712,0.019459086696215634,0.019459086696215634,0.014634685085843967,0.014634685085843967
2018-01-04,0.007229120807262768,0.007229120807262768,0.01163780034244637,0.01163780034244637,0.008465044706215908,0.008465044706215908,0.0048793786763097055,0.0048793786763097055,0.004697745696530681,0.004697745696530681
2018-01-05,0.003619041714697977,0.003619041714697977,-0.003588663664139214,-0.003588663664139214,-0.0025566610021119933,-0.0025566610021119933,0.0034410816931494353,0.0034410816931494353,0.0031195584154432576,0.0031195584154432576
2018-01-08,-0.005993328732091266,-0.005993328732091266,-0.01991127382886819,-0.01991127382886819,-0.014624337557024737,-0.014624337557024737,-0.012598828993746793,-0.012598828993746793,-0.009007172943575014,-0.009007172943575014
2018-01-09,0.0029698534292642723,0.0029698534292642723,0.004539388590641846,0.004539388590641846,0.009192281535776671,0.009192281535776671,0.00788811305983217,0.00788811305983217,0.0050832551777000475,0.0050832551777000475
2018-01-10,-0.008113061796897,-0.008113061796897,-0.013065681147288212,-0.013065681147288212,-0.012116729448949051,-0.012116729448949051,-0.007383194619029905,-0.007383194619029905,-0.008352029736784594,-0.008352029736784594
2018-01-11,-0.0033377508224448405,-0.0025,-6.200194623851019e-05,-0.0025,0.005994354160777949,-0.0025,-0.0005674791503075555,-0.0025,-0.002857623840604722,-0.0025
2018-01-12,0.006852479379398656,0.0,0.011700698179140635,0.0,0.01242168048618816,0.0,0.008211176808089448,0.0,0.007369835662906665,0.0
2018-01-15,0.0014086233818439234,0.0,-0.004403103272625853,0.0,-0.004662371674275534,0.0,-0.004183041310460094,0.0,-0.003451813542321364,0.0
2018-01-16,0.008440534585791028,0.005940534585791028,0.00921093812375249,0.006710938123752489,0.009260037499058172,0.0067600374990581715,0.007139012581269595,0.004639012581269595,0.0070712160690571905,0.00457121606905719
2018-01-17,0.0022714132914246595,0.0022714132914246595,0.010204988876154533,0.010204988876154533,0.010148212106007193,0.010148212106007193,0.004087311806659081,0.004087311806659081,0.005175682174855023,0.005175682174855023
2018-01-18,0.00519449994693549,0.00519449994693549,0.013542792558746219,0.013542792558746219,0.006405983121825021,0.006405983121825021,0.0075742253063715,0.0075742253063715,0.0066838613277815815,0.0066838613277815815
2018-01-19,0.0019082271390275913,0.0019082271390275913,-0.009565139738025108,-0.009565139738025108,-0.00043003502774122636,-0.00043003502774122636,-0.001183797648864397,-0.001183797648864397,-0.002189130500695641,-0.002189130500695641
2018-01-22,0.0022859374607046307,0.0022859374607046307,-0.002870155894293225,-0.002870155894293225,-0.004412220016424551,-0.004412220016424551,-0.0006811743106129053,-0.0006811743106129053,-0.004173173439483452,-0.004173173439483452
2018-01-23,0.000688518481081077,0.000688518481081077,0.004006496547167383,0.004006496547167383,-0.0026778114650838685,-0.0026778114650838685,-0.0007768219003157313,-0.0007768219003157313,-0.00032974277033839816,-0.00032974277033839816
2018-01-24,0.0010783896400871887,0.0010783896400871887,-0.011222773977758106,-0.011222773977758106,-0.00561764446262878,-0.00561764446262878,0.00012846978991026478,0.00012846978991026478,-0.0007857178011875187,-0.0007857178011875187
2018-01-25,-0.002250538946768253,-0.002250538946768253,0.0014392474438984061,0.0014392474438984061,-0.0010753406745703576,-0.0010753406745703576,0.0004487467130477469,0.0004487467130477469,-0.0011790603798165545,-0.0011790603798165545
2018-01-26,0.0020759991522818627,0.0020759991522818627,-0.005578672670509844,-0.005578672670509844,-0.0027746953019747614,-0.0027746953019747614,-0.0026452333039925853,-0.0026452333039925853,-0.00166608716502279,-0.00166608716502279
2018-01-29,0.0013159054853013905,0.0013159054853013905,0.004317949224176498,0.004317949224176498,0.005612726130595781,0.005612726130595781,0.003775928822289765,0.003775928822289765,0.0018572446152138548,0.0018572446152138548
2018-01-30,-0.010340508560201078,-0.010340508560201078,-0.007769954273701818,-0.007769954273701818,-0.010386450415348825,-0.010386450415348825,-0.012941066444609387,-0.012941066444609387,-0.010695564100450923,-0.010695564100450923
2018-01-31,0.0027889031887349588,0.0027889031887349588,0.006976561245596669,0.006976561245596669,0.0011614654633314125,0.0011614654633314125,0.00020550053175857848,0.00020550053175857848,0.00012637531365832186,0.00012637531365832186
2018-02-01,0.0016246761569851521,0.0016246761569851521,-0.00014003520682634787,-0.00014003520682634787,-4.436737932318486e-05,-4.436737932318486e-05,-0.0019384803686161166,-0.0019384803686161166,-0.002048414124817882,-0.002048414124817882
2018-02-02,0.0019029372398343216,0.0019029372398343216,0.016664807031898987,0.016664807031898987,0.011117378959356695,0.011117378959356695,0.00876239883702096,0.00876239883702096,0.004515983718257749,0.004515983718257749
2018-02-05,-0.007622312383515886,-0.007622312383515886,0.0022353567018143852,0.0022353567018143852,-0.0037980583128194075,-0.0037980583128194075,-0.005960346525954029,-0.005960346525954029,-0.00714619917512544,-0.00714619917512544
2018-02-06,-0.05560490265756951,-0.0025,-0.03237093355214795,-0.0025,-0.04334290130114267,-0.0025,-0.05281514210563526,-0.0025,-0.05204033822749292,-0.0025
2018-02-07,0.012361792992217388,0.0,0.002705885701271793,0.0,0.01157840747875263,0.0,0.011493248004540532,0.0,0.01022177789389957,0.0
2018-02-08,-0.005611329578443442,0.0,-0.018196538534700026,0.0,-0.006415358368417534,0.0,-0.007315436061037817,0.0,-0.004721379680614917,0.0
2018-02-09,-0.016904240030763122,0.0,-0.008502400925999454,0.0,-0.014937661289694426,0.0,-0.018009115675129233,0.0,-0.014345946218077724,0.0
2018-02-12,0.0009938369668479174,0.0,-0.02144572232084061,0.0,-0.013544797450867953,0.0,-0.0009859839492743741,0.0,-0.0012865104326852225,0.0
2018-02-21,0.035348080580609675,0.0,0.040690751853936294,0.0,0.04275043998482165,0.0,0.043487121984943665,0.0,0.03730201378264749,0.0
2018-02-22,0.010258165025053924,0.007880116244566119,0.028247238545063214,0.025747238545063215,0.029306675493322047,0.02680667549332205,0.019668900511795324,0.017168900511795326,0.01819827148566434,0.015698271485664342
2018-02-23,0.010824269400654896,0.010824269400654896,0.009099727624416533,0.009099727624416533,0.013321290784958941,0.013321290784958941,0.01616770756418722,0.01616770756418722,0.010929817050196291,0.010929817050196291
2018-02-26,0.008172653929713438,0.008172653929713438,-0.013580174499712251,-0.013580174499712251,0.0007890286462129303,0.0007890286462129303,0.003636534704350495,0.003636534704350495,0.002926937056674305,0.002926937056674305
2018-02-27,-0.0020989151744997886,-0.0020989151744997886,0.0028608281681353097,0.0028608281681353097,-0.0017886741669939311,-0.0017886741669939311,0.0020055992113186356,0.0020055992113186356,0.0011103577017569422,0.0011103577017569422
2018-03-01,0.004720012831161802,0.004720012831161802,-0.0029674397002039657,-0.0029674397002039657,0.0026142552713338653,0.0026142552713338653,0.008421669975880536,0.008421669975880536,0.006505975818336929,0.006505975818336929
2018-03-02,-0.004493125406575514,-0.004493125406575514,-0.010944469323627049,-0.010944469323627049,-0.006749889719933133,-0.006749889719933133,-0.003738691765531152,-0.003738691765531152,-0.003889753146939856,-0.003889753146939856
2018-03-05,-0.008656907345592055,-0.008656907345592055,-0.011273950574849548,-0.011273950574849548,-0.00800143484665178,-0.00800143484665178,-0.0036331422411199315,-0.0036331422411199315,-0.004677167239497743,-0.004677167239497743
2018-03-06,0.010358099967106585,0.010358099967106585,0.00736043208310666,0.00736043208310666,0.008572255881796276,0.008572255881796276,0.015860541186769894,0.015860541186769894,0.011912838292917711,0.011912838292917711
2018-03-07,-0.0070190777329752745,-0.0070190777329752745,-0.004141414832877888,-0.004141414832877888,-0.004114584937329457,-0.004114584937329457,-0.00847569834609246,-0.00847569834609246,-0.005947907922768098,-0.005947907922768098
2018-03-08,0.010813427508949569,0.010813427508949569,0.029598515290489118,0.029598515290489118,0.016567234342885106,0.016567234342885106,0.01493152890436257,0.01493152890436257,0.010925241830124827,0.010925241830124827
2018-03-09,0.003986373005123292,0.003986373005123292,-0.007066471612466561,-0.007066471612466561,0.001495773326298134,0.001495773326298134,0.0024360554318876146,0.0024360554318876146,0.0015381943127870065,0.0015381943127870065
2018-03-12,0.0024947673555705853,0.0024947673555705853,0.0013049184397592394,0.0013049184397592394,0.0069257811050075675,0.0069257811050075675,0.003280303310266231,0.003280303310266231,0.00793131393762539,0.00793131393762539
2018-03-13,0.0003290391808836721,0.0003290391808836721,0.0006394623193307193,0.0006394623193307193,-0.0024317463626845064,-0.0024317463626845064,-0.003175479199951426,-0.003175479199951426,-0.002491254355141004,-0.002491254355141004
2018-03-14,0.004005156489050367,0.004005156489050367,0.019302862099828278,0.019302862099828278,0.013268086655454748,0.013268086655454748,0.011453769690465396,0.011453769690465396,0.005163856158612062,0.005163856158612062
2018-03-15,0.003444632308719357,0.003444632308719357,0.003915015490169881,0.003915015490169881,0.00884877432182869,0.00884877432182869,0.012339505625666903,0.012339505625666903,0.010587929602180473,0.010587929602180473
2018-03-16,-0.0047633689553548565,-0.0047633689553548565,-0.004465727936076957,-0.004465727936076957,-0.00034839252862202104,-0.00034839252862202104,-0.003116150047324802,-0.003116150047324802,-0.006050991682329643,-0.006050991682329643
2018-03-19,0.00024908894565591703,0.00024908894565591703,0.007142819023110092,0.007142819023110092,0.002831150047781383,0.002831150047781383,0.002425703995221669,0.002425703995221669,-0.0006751565997446977,-0.0006751565997446977
2018-03-20,-0.0028232763908001045,-0.0028232763908001045,-0.005748777829211527,-0.005748777829211527,0.0012427980358447714,0.0012427980358447714,0.0005238797863634564,0.0005238797863634564,-0.0008100823404644742,-0.0008100823404644742
2018-03-21,0.004800920050240562,0.004800920050240562,0.017699725153485883,0.017699725153485883,0.005535380035965888,0.005535380035965888,0.005107942934740484,0.005107942934740484,0.0019420824968044703,0.0019420824968044703
2018-03-22,-0.010453007816691588,-0.010453007816691588,-0.004155785539254731,-0.004155785539254731,-0.005830663268826674,-0.005830663268826674,-0.00937979930240312,-0.00937979930240312,-0.008782216868180665,-0.008782216868180665
2018-03-23,-0.017861122236833445,-0.017861122236833445,-0.002789352678293988,-0.002789352678293988,-0.002185240979633274,-0.002185240979633274,-0.012334521684640689,-0.012334521684640689,-0.01595739263330091,-0.01595739263330091
2018-03-26,0.0030493877862043817,0.0030493877862043817,0.01115078941055856,0.01115078941055856,0.00748405532377816,0.00748405532377816,0.00628353764999136,0.00628353764999136,0.002301501856608618,0.002301501856608618
2018-03-27,0.006607640157678972,0.006607640157678972,0.010671242963477547,0.010671242963477547,0.0070595775806948655,0.0070595775806948655,0.00855811014729948,0.00855811014729948,0.007151148830993204,0.007151148830993204
2018-03-28,-0.005841101715317489,-0.005841101715317489,-0.00839847070419728,-0.00839847070419728,-0.005319466733947443,-0.005319466733947443,-0.0082188456734261,-0.0082188456734261,-0.008416837151683586,-0.008416837151683586
2018-03-29,0.00223727498564905,0.00223727498564905,0.021838078803525687,0.021838078803525687,0.008881979849451516,0.008881979849451516,0.006453372291825981,0.006453372291825981,0.004154716693874616,0.004154716693874616
2018-03-30,0.0013804378718235305,0.0013804378718235305,-0.008825169959721713,-0.008825169959721713,-0.006926414844468798,-0.006926414844468798,-0.0041332562595489,-0.0041332562595489,-0.001392845180138025,-0.001392845180138025
2018-03-31,0.010086836966929432,0.010086836966929432,0.0035092650905098168,0.0035092650905098168,0.006200927901741404,0.006200927901741404,0.009247148314157589,0.009247148314157589,0.014168992631569094,0.014168992631569094
2018-04-02,0.0030991890027774827,0.0030991890027774827,-0.002213867021718041,-0.002213867021718041,-0.0012720406160376728,-0.0012720406160376728,0.004849242643049334,0.004849242643049334,0.0030078787874238174,0.0030078787874238174
2018-04-03,-0.00742103508343051,-0.00742103508343051,-0.016691139033516534,-0.016691139033516534,-0.012094360733248266,-0.012094360733248266,-0.014190577454302753,-0.014190577454302753,-0.012906141238667995,-0.012906141238667995
2018-04-09,0.0035594575802288466,-0.0025,-0.0007423640186735364,-0.0025,-0.0044244661454633455,-0.0025,-0.005715925234135229,-0.0025,-0.0049746652493173945,-0.0025
2018-04-10,-0.000498149702785876,0.0,-0.0032708236354995982,0.0,-0.0016338464044333366,0.0,0.0042256708280717405,0.0,0.00193575028767487,0.0
2018-04-11,0.010154910634577472,0.0,0.015130969045534992,0.0,0.007821004565945557,0.0,0.008412697250520613,0.0,0.00990076921714568,0.0
2018-04-12,0.0003649944824300737,0.0,-0.002383650648636504,0.0,-0.001681442252671428,0.0,0.006335228031750558,0.0,0.0036751364132341967,0.0
2018-04-13,0.0017558778591600876,0.0,0.012097384947752855,0.0,0.009688198386156734,0.0,0.003973151009549758,0.0,0.002905028571886986,0.0
2018-04-16,-0.006035810151436296,0.0,0.00799392639755432,0.0,-0.004430228767200961,0.0,-0.004869012214974112,0.0,-0.004043432000840592,0.0
2018-04-17,-0.01444360018504084,0.0,-0.007696254998792075,0.0,-0.01106778998123964,0.0,-0.012495195708081552,0.0,-0.014312342443967641,0.0
2018-04-18,-0.0015774159784450465,0.0,0.0005525480768110214,0.0,0.0014045871795401402,0.0,-0.0009892544529467456,0.0,-0.0038373350547473042,0.0
2018-04-19,0.004225389091987639,0.0,0.003751115490971624,0.0,0.00037529588519074134,0.0,0.00849203504867313,0.0,0.00519078309081788,0.0
2018-04-20,-0.0006782979523904727,0.0,-0.013104594242355305,0.0,-0.0034731320765881367,0.0,0.0036984483647755305,0.0,0.0016733752490221032,0.0
2018-04-23,-0.01140393474118167,0.0,-0.011115084508701445,0.0,-0.011400949402984185,0.0,-0.004822058059511835,0.0,-0.00770825255263294,0.0
2018-04-24,-0.017866793157299467,0.0,-0.012105010858846877,0.0,-0.017883813533818706,0.0,-0.01800998165884982,0.0,-0.01721570574002512,0.0
2018-04-25,0.0031956875639044605,0.0,0.0014612409756685762,0.0,0.0021111638919572686,0.0,0.008460085553332048,0.0,0.008410113301097028,0.0
2018-04-26,-0.017052230723758714,0.0,-0.018209131610298447,0.0,-0.016636239784769868,0.0,-0.011881186803893325,0.0,-0.01586289507658481,0.0
2018-04-27,0.00757139274663089,0.0,0.023579201824643504,0.0,0.018426530938669597,0.0,0.008542612339957886,0.0,0.006991517681903659,0.0
2018-04-30,0.006702876622518725,0.0,-0.010597164727917718,0.0,0.0036813608070851442,0.0,0.004071666304310669,0.0,0.005508729680162906,0.0
2018-05-02,0.00231094500607977,0.0,0.014427604290396558,0.0,0.009015290640995367,0.0,0.008508197956924094,0.0,0.007688681424706389,0.0
2018-05-03,-0.00794608815483318,0.0,-0.010270699599367508,0.0,-0.008739149045099193,0.0,-0.007416414053820253,0.0,-0.003388677510307193,0.0
2018-05-04,0.0003191926120379606,0.0,-0.010285080138092595,0.0,-0.0027390633591609873,0.0,0.0011596498531780833,0.0,-0.0031124362851982115,0.0
2018-05-07,0.007360934943371604,0.0,0.027491902933452786,0.0,0.0070924201809227545,0.0,0.008788203351825152,0.0,0.0034721887467466747,0.0
2018-05-08,0.001480391683317941,-0.001019608316682059,-0.012853117787487324,-0.015353117787487325,-0.0027586301845557,-0.0052586301845557,-0.0003362717526544424,-0.0028362717526544427,0.0004463895974566592,-0.0020536104025433415
2018-05-09,-0.002892186317661416,-0.002892186317661416,0.0035575805856416405,0.0035575805856416405,0.00362690033169315,0.00362690033169315,0.0015130734870597794,0.0015130734870597794,0.0004977310982504813,0.0004977310982504813
2018-05-10,0.005177916260409468,0.005177916260409468,0.005783029472762458,0.005783029472762458,0.006762862344748466,0.006762862344748466,0.0052410608361463055,0.0052410608361463055,0.005423782445386438,0.005423782445386438
2018-05-11,0.00311566380087295,0.00311566380087295,0.0026544764690435325,0.0026544764690435325,-0.0006376608015144946,-0.0006376608015144946,0.004449978702850332,0.004449978702850332,0.004746408365842874,0.004746408365842874
2018-05-14,0.004905055538065312,-0.0025,0.03721764638668188,-0.0025,0.019380622186124786,-0.0025,0.01523611717832453,-0.0025,0.010267462587576099,-0.0025000000000000005
2018-05-15,-0.006593507077711502,-0.009093507077711503,-0.004102512305889828,-0.006602512305889829,-0.003633383602039864,-0.006133383602039864,-0.007987235680929464,-0.010487235680929465,-0.007657817023000253,-0.010157817023000254
2018-05-16,0.0023881784148452145,-0.0025,0.020664860817148047,-0.0025,0.011476845645169731,-0.0025,0.005340800191265874,-0.0025,0.0054838484317398135,-0.0025000000000000005
2018-05-17,0.004721862392345618,0.0,-0.020205127198028958,0.0,-0.006730537963206252,0.0,0.002835122678500294,0.0,0.0035830108618536364,0.0
2018-05-18,0.0020404129947054006,0.0,-0.009165944922041392,0.0,-0.0027475712376361927,0.0,-0.00364759903161184,0.0,0.002266941151670376,0.0
2018-05-21,0.00547193050267233,0.0,0.008614069934057512,0.0,0.004156396903482752,0.0,0.005211512113207443,0.0,0.009998497541685303,0.0
2018-05-22,0.0022186933463345646,-0.0002813066536654354,-0.0061115822442587625,-0.008611582244258762,-0.006025668089279458,-0.008525668089279457,0.0022088446830340314,-0.00029115531696596864,0.0010726802770004151,-0.0014273197229995854
2018-05-23,7.885230636407216e-05,7.885230636407216e-05,-0.0016615694612570845,-0.0016615694612570845,-0.0018950474477190896,-0.0018950474477190896,0.003348984540831553,0.003348984540831553,0.0013387948035836037,0.0013387948035836037
2018-05-24,0.0061589668197149115,0.0061589668197149115,0.01236102323000532,0.01236102323000532,0.01750909390045997,0.01750909390045997,0.01176026943527918,0.01176026943527918,0.010733442235607332,0.010733442235607332
2018-05-25,0.0013027795769367102,0.0013027795769367102,-0.005863524573349377,-0.005863524573349377,0.00018935550360037515,0.00018935550360037515,0.0016201523960968302,0.0016201523960968302,0.0008806458114435699,0.0008806458114435699
2018-05-28,0.01175023220859375,0.01175023220859375,0.04913467814386446,0.04913467814386446,0.026118882246606807,0.026118882246606807,0.021728019941689783,0.021728019941689783,0.020864199146327554,0.020864199146327554
2018-05-29,-0.0006730920579956083,-0.0006730920579956083,-0.013994728940879098,-0.013994728940879098,-0.01151267752433276,-0.01151267752433276,-0.010715705920739938,-0.010715705920739938,-0.006434874082027075,-0.006434874082027075
2018-05-30,-0.0014315508993536473,-0.0014315508993536473,0.0032142098347130547,0.0032142098347130547,-0.0027734323102775234,-0.0027734323102775234,-0.005581958827391964,-0.005581958827391964,-0.007001495177692014,-0.007001495177692014
2018-05-31,0.009243915857101957,0.009243915857101957,0.010525530513710612,0.010525530513710612,0.009407689229012561,0.009407689229012561,0.011336310122812384,0.011336310122812384,0.011749973158094678,0.011749973158094678
2018-06-01,0.005124988990635002,0.005124988990635002,0.010935173828652589,0.010935173828652589,0.007577472698639908,0.007577472698639908,0.00936414227461586,0.00936414227461586,0.0077975457424053485,0.0077975457424053485
2018-06-04,0.0216670124325336,0.0216670124325336,0.03986581174007751,0.03986581174007751,0.021331627708997703,0.021331627708997703,0.021880764301800002,0.021880764301800002,0.01488142309791814,0.01488142309791814
2018-06-05,-0.0017410574938289181,-0.0017410574938289181,0.010746795433805922,0.010746795433805922,-0.00021509371815612265,-0.00021509371815612265,-0.0007429471502255147,-0.0007429471502255147,-0.003172661128103844,-0.003172661128103844
2018-06-06,0.004349024648842651,0.004349024648842651,0.0004754495001420881,0.0004754495001420881,0.003917412198819714,0.003917412198819714,0.0012777162386950003,0.0012777162386950003,0.004608565196568408,0.004608565196568408
2018-06-07,0.0009410389454828084,0.0009410389454828084,-0.0029485104217092713,-0.0029485104217092713,-0.0012969607689019553,-0.0012969607689019553,-0.0015714203363788259,-0.0015714203363788259,-0.003445232216436128,-0.003445232216436128
2018-06-08,-0.0024575065095898204,-0.0024575065095898204,0.003194638049908516,0.003194638049908516,0.006566533891322424,0.006566533891322424,0.007598689397380989,0.007598689397380989,0.004900834608996913,0.004900834608996913
2018-06-11,0.005572681487606548,0.005572681487606548,0.024983847571065802,0.024983847571065802,0.01659754594521017,0.01659754594521017,0.019013766573372132,0.019013766573372132,0.014589695162910397,0.014589695162910397
2018-06-12,0.002966647910409583,0.002966647910409583,0.01253614899353983,0.01253614899353983,0.009996188599764455,0.009996188599764455,0.0055213809251480755,0.0055213809251480755,0.004579667691043587,0.004579667691043587
2018-06-13,0.003212633932566929,0.003212633932566929,-0.0020133357027182883,-0.0020133357027182883,0.004025934529958997,0.004025934529958997,0.01068572022287353,0.01068572022287353,0.013441328041863616,0.013441328041863616
2018-06-14,-0.004239135799286511,-0.004239135799286511,-0.014318018704198776,-0.014318018704198776,-0.008724513130726785,-0.008724513130726785,-0.008932594543915283,-0.008932594543915283,-0.007277621873530577,-0.007277621873530577
2018-06-15,0.0011068142016389558,0.0011068142016389558,-0.004912619842711231,-0.004912619842711231,-0.003866700490558728,-0.003866700490558728,0.0006682067603436925,0.0006682067603436925,-0.0006805429573555231,-0.0006805429573555231
2018-06-19,-0.00910462924266004,-0.00910462924266004,-0.013376074954883533,-0.013376074954883533,-0.011772624894682272,-0.011772624894682272,-0.009757873292532653,-0.009757873292532653,-0.009188736920962915,-0.009188736920962915
2018-06-20,-0.009732803458987083,-0.009732803458987083,-0.01309402954968695,-0.01309402954968695,-0.013764427326488603,-0.013764427326488603,-0.012752413322307197,-0.012752413322307197,-0.012953694334501543,-0.012953694334501543
2018-06-21,0.007131921091264518,-0.0025,0.01752507912482444,-0.0025,0.008760150870983687,-0.0025,0.011072274008551486,-0.0025,0.009428351542709606,-0.0025000000000000005
2018-06-22,-0.001909433992231506,-0.004409433992231506,0.01400709901767545,0.01150709901767545,0.0050128198623708865,0.0025128198623708864,0.0037865988860096957,0.0012865988860096956,0.004210343977028157,0.0017103439770281567
2018-06-25,-0.0028226738316677012,-0.0025,-0.028394078879800125,-0.0025,-0.014973410560139278,-0.0025,-0.016682042720087012,-0.0025,-0.008374884873361627,-0.0025000000000000005
2018-06-26,-0.004011403754135996,0.0,0.00819179442894742,0.0,-0.00014629072818593807,0.0,-0.0007119579462067393,0.0,-0.0016998029182002938,0.0
2018-06-27,-0.0019306629314143338,0.0,0.012566261720057306,0.0,0.009585820630296149,0.0,0.005645322588339792,0.0,0.0017502522872100636,0.0
2018-06-28,-0.0017541879204565059,0.0,-0.016376186442074392,0.0,-0.010118842575802546,0.0,-0.011558525068215302,0.0,-0.007966267606614848,0.0
2018-06-29,0.011895173682956098,0.0,0.019027852624875143,0.0,0.012856975994371168,0.0,0.017248971920951307,0.0,0.01667951753367857,0.0
2018-07-02,-0.0010598251584981045,0.0,0.0006494783874826156,0.0,-0.0024928408964387636,0.0,-0.003855892064444944,0.0,-0.003432026031069085,0.0
2018-07-03,-0.011733220070143723,0.0,-0.01319108334460084,0.0,-0.011260278371701527,0.0,-0.010738157114760397,0.0,-0.012175529064549452,0.0
2018-07-04,0.0005874706259376099,0.0,0.014384898968078529,0.0,0.007201774128160188,0.0,0.004711498849230328,0.0,0.003370946926900725,0.0
2018-07-05,-0.014888151887864956,0.0,-0.03112980434027186,0.0,-0.015981184227404088,0.0,-0.013693200862424027,0.0,-0.015086438027457046,0.0
2018-07-06,-0.001811556034204809,0.0,-0.004742421901072435,0.0,-0.004964348368940951,0.0,0.0024337741582057815,0.0,0.0025195681850466623,0.0
2018-07-09,0.0073129501585405534,0.0,0.009978598562057918,0.0,0.005123900533436365,0.0,0.012306229610576976,0.0,0.013903055661734755,0.0
2018-07-10,0.012172700974153813,0.0,0.01568863972948962,0.0,0.016219287064361144,0.0,0.019189705666210522,0.0,0.015923630768670247,0.0
2018-07-11,-0.004921763974062522,0.0,-0.003543096421859371,0.0,-0.0005113109054681431,0.0,-0.0008536574083121732,0.0,-0.000763882461261206,0.0
2018-07-12,0.00635492315458714,0.0,0.008482346326210588,0.0,0.003204579938977781,0.0,0.004651872860132311,0.0,0.006512647691039131,0.0
2018-07-13,0.012248189013604534,0.009748189013604533,0.019563762156007417,0.01706376215600742,0.011958523551525137,0.009458523551525136,0.008324337754175218,0.005824337754175218,0.009357285324239363,0.006857285324239362
2018-07-16,0.006319308665276454,0.006319308665276454,0.006164951886547709,0.006164951886547709,0.0062214774356760365,0.0062214774356760365,0.009444926630673964,0.009444926630673964,0.009103977045449645,0.009103977045449645
2018-07-17,-0.00034099220029281676,-0.00034099220029281676,-0.007132069112566497,-0.007132069112566497,-0.005306319502609314,-0.005306319502609314,-0.004128607272073455,-0.004128607272073455,-0.0015281505316991236,-0.0015281505316991236
2018-07-18,-0.0052071394184703915,-0.0052071394184703915,-0.029289289401121035,-0.029289289401121035,-0.015958268584329104,-0.015958268584329104,-0.01298218998680205,-0.01298218998680205,-0.010448153276771895,-0.010448153276771895
2018-07-19,-0.0007164923031844773,-0.0007164923031844773,0.005487072356866696,0.005487072356866696,0.003285357364620145,0.003285357364620145,-0.005495267022044228,-0.005495267022044228,-0.0020978720807488752,-0.0020978720807488752
2018-07-20,-0.00035432909554612414,-0.00035432909554612414,-0.009353269367036158,-0.009353269367036158,-0.0030624059667329505,-0.0030624059667329505,-0.007816965708462055,-0.007816965708462055,-0.0023596254624807973,-0.0023596254624807973
2018-07-23,-0.0006733942406743686,-0.0006733942406743686,0.012302667086897888,0.012302667086897888,0.0092022456039077,0.0092022456039077,0.005012298742855189,0.005012298742855189,0.000183658096060307,0.000183658096060307
2018-07-24,0.009070995215712469,-0.0025,-0.0005155106422956915,-0.0025,-0.001163376515519776,-0.0025,0.0028071248777461104,-0.0025,0.0019318973771154048,-0.0025000000000000005
2018-07-25,0.006919409607743475,0.0044194096077434745,0.016903218111966913,0.014403218111966912,0.012203216515054805,0.009703216515054805,0.014028164518080836,0.011528164518080836,0.011133124085112711,0.008633124085112711
2018-07-26,0.003302846059508274,0.003302846059508274,0.004775844446772592,0.004775844446772592,0.0030938272303665743,0.0030938272303665743,0.005729584652709179,0.005729584652709179,0.0056602365259158915,0.0056602365259158915
2018-07-27,0.005170922671745581,0.005170922671745581,-0.0035814900942521713,-0.0035814900942521713,0.0011318670482966644,0.0011318670482966644,0.007103089560060798,0.007103089560060798,0.007233967535979642,0.007233967535979642
2018-07-30,-0.009918243288892991,-0.009918243288892991,-0.03142337902595818,-0.03142337902595818,-0.009873183183266488,-0.009873183183266488,-0.015025044870985084,-0.015025044870985084,-0.010879502521116895,-0.010879502521116895
2018-07-31,0.005775693413179116,-0.0025,0.014711633554731306,-0.0025,0.008282794667590021,-0.0025,0.008043557777392792,-0.0025,0.008492379752914208,-0.0025000000000000005
2018-08-01,0.008903917569818849,0.0,0.03890572981264931,0.0,0.01963302168296213,0.0,0.013669037065172446,0.0,0.010692764001964401,0.0
2018-08-02,-0.010435911975513482,-0.012935911975513482,-0.011058477629601304,-0.013558477629601304,-0.010453858287687202,-0.012953858287687203,-0.012424757104700524,-0.014924757104700525,-0.010714710353960516,-0.013214710353960516
2018-08-03,0.007682046035234573,-0.0025,-0.004660763071860984,-0.0025,0.0007735011271988613,-0.0025,0.0018613061710322915,-0.0025000000000000005,0.006066857969715356,-0.0025000000000000005
2018-08-06,0.004692795301902786,0.002192795301902786,0.004148542562681868,0.001648542562681868,0.0021048478051137196,-0.00039515219488628047,0.00205777105234796,-0.0004422289476520404,0.004523375457121482,0.0020233754571214813
2018-08-07,-0.00017448388622887353,-0.00017448388622887353,0.0008227292763791198,0.0008227292763791198,-0.00040453009185886714,-0.00040453009185886714,0.0018978259795512007,0.0018978259795512007,0.0007715553267711895,0.0007715553267711895
2018-08-08,0.0005212360692745211,0.0005212360692745211,0.0033436882132583667,0.0033436882132583667,0.005256416592896918,0.005256416592896918,0.001697266722216077,0.001697266722216077,0.0017744698264359926,0.0017744698264359926
2018-08-09,0.00032122327552775955,0.00032122327552775955,0.00941919426909552,0.00941919426909552,0.006331336670701726,0.006331336670701726,0.0034850315934226825,0.0034850315934226825,0.00400859966598694,0.00400859966598694
2018-08-10,-0.009519081003324333,-0.009519081003324333,-0.012193724698477328,-0.012193724698477328,-0.00895560787823302,-0.00895560787823302,-0.007268201021162108,-0.007268201021162108,-0.009963108541316025,-0.009963108541316025
2018-08-13,-0.030946223396176212,-0.0025,-0.04177960483263235,-0.0025,-0.03582050817843584,-0.0025,-0.028539243846758832,-0.0025000000000000005,-0.02929399670404795,-0.0025000000000000005
2018-08-14,0.012314388601805238,0.0,0.016627300610886887,0.0,0.011454696176740265,0.0,0.01390068029982919,0.0,0.012367288613780154,0.0
2018-08-15,-0.013008280812591486,0.0,-0.022335607651751223,0.0,-0.016478508595460194,0.0,-0.015080242884652402,0.0,-0.014296925181986216,0.0
2018-08-16,-0.0028802439481568193,0.0,0.009906798146083641,0.0,-0.001286117032545697,0.0,-0.002543998185102359,0.0,-0.002956490739340573,0.0
2018-08-17,-0.004450187212048029,0.0,-0.012501077971645102,0.0,-0.005782690008251024,0.0,-0.007136381643034348,0.0,-0.0072184498887485505,0.0
2018-08-20,-0.009273341583404518,0.0,-0.013919679528829245,0.0,-0.008509434410162987,0.0,-0.009581771306343774,0.0,-0.009822624225259013,0.0
2018-08-21,0.009252528667082852,0.0,0.011413082026689959,0.0,0.00936398515105057,0.0,0.009206535635020784,0.0,0.010033008655452175,0.0
2018-08-22,-0.00038567394787575153,0.0,-0.0024879531063815245,0.0,-0.003733545047199272,0.0,-0.006819790019154553,0.0,-0.0031689763311175513,0.0
2018-08-23,-0.0011760568619253074,0.0,-0.0007738308367172044,0.0,0.0009824626309583803,0.0,-0.003662456548742465,0.0,0.0014334832121804925,0.0
2018-08-24,-0.005256103372565662,0.0,-0.011459421030846937,0.0,-0.004688037282824409,0.0,-0.0043446863556549035,0.0,-0.005984259290198142,0.0
2018-08-27,0.011759354806253498,0.0,0.021218244370660024,0.0,0.013344790044434564,0.0,0.013502365361576184,0.0,0.013471540137456897,0.0
2018-08-28,0.007724400182528377,0.005224400182528377,0.008751668411060454,0.006251668411060453,0.007235474149384114,0.004735474149384114,0.005113453080712863,0.0026134530807128626,0.005369987910493191,0.0028699879104931904
2018-08-29,0.0035355845802909807,0.0035355845802909807,0.01188110726828713,0.01188110726828713,0.005023100464606068,0.005023100464606068,0.005879292685007376,0.005879292685007376,0.004378202927361814,0.004378202927361814
2018-08-30,0.0029191023562604042,0.0029191023562604042,-0.003837259856438191,-0.003837259856438191,-0.0024541943469421515,-0.0024541943469421515,-0.0017001851795395671,-0.0017001851795395671,0.001578481340532184,0.001578481340532184
2018-08-31,0.0026856821139954923,0.0026856821139954923,0.001839297577643029,0.001839297577643029,0.00035325372908913123,0.00035325372908913123,-0.0005383052368283328,-0.0005383052368283328,0.0030074865112935836,0.0030074865112935836
2018-09-03,-0.012692622201281662,-0.012692622201281662,-0.01667154952858967,-0.01667154952858967,-0.012875264120688026,-0.012875264120688026,-0.021595325785806103,-0.021595325785806103,-0.01685902774741911,-0.01685902774741911
2018-09-04,0.003444396463549156,-0.0025,-0.011212675358018955,-0.0025,-0.0043563376790094815,-0.0025,-0.00037892295451950447,-0.0025,0.003955361815511028,-0.0025000000000000005
2018-09-05,-0.0029857878505161694,-0.005485787850516169,-0.015039671961142021,-0.01753967196114202,-0.006941206816293167,-0.009441206816293167,-0.006457645078736755,-0.008957645078736755,-0.006440648043158448,-0.008940648043158448
2018-09-06,-0.002278377754351089,-0.002278377754351089,0.001285278174905691,0.001285278174905691,0.006675320395511909,0.006675320395511909,0.006087160991395065,0.006087160991395065,0.0035379835605291237,0.0035379835605291237
2018-09-07,-0.026311181349880215,-0.026311181349880215,-0.0339932343420939,-0.0339932343420939,-0.029655273860643885,-0.029655273860643885,-0.02964868801388788,-0.02964868801388788,-0.031463950693519566,-0.031463950693519566
2018-09-10,-0.033624437822165794,-0.0025,-0.030082849368913967,-0.0025,-0.02979574362580564,-0.0025,-0.03224342238542477,-0.0025,-0.034332552091485634,-0.0025000000000000005
2018-09-11,0.011820016600669909,0.0,0.018208060355561797,0.0,0.01437489450941627,0.0,0.01873525639684112,0.0,0.01689261558172231,0.0
2018-09-12,-0.009135499271954117,0.0,-0.01256205285730745,0.0,-0.012063835951428393,0.0,-0.009049941043503207,0.0,-0.011420698247320098,0.0
2018-09-13,0.0020928811832537277,0.0,0.006947133918262028,0.0,0.008642304400662293,0.0,0.009836016604353705,0.0,0.007263758511097939,0.0
2018-09-14,0.016257223679138438,0.0,0.016393617145048126,0.0,0.018680656103047203,0.0,0.01654052421010003,0.0,0.018474181587185605,0.0
2018-09-17,-0.002977240986340878,0.0,-0.0043144493897983695,0.0,-0.0034160064375679533,0.0,-0.005407251918924379,0.0,-0.004180946294971233,0.0
2018-09-18,-0.008568441188535714,0.0,-0.005316625218429283,0.0,-0.004901209155452557,0.0,-0.007017630890057787,0.0,-0.007777822343660423,0.0
2018-09-19,0.004534149256927702,0.0,-0.003516041201914733,0.0,0.0004648509294610805,0.0,-0.0007850613876004386,0.0,0.001734779174595075,0.0
2018-09-20,-0.008596733228573024,0.0,-0.0016333954975724873,0.0,-0.003064186388090862,0.0,-0.009424843963161997,0.0,-0.009063490659010015,0.0
2018-09-21,0.00751638886877634,0.0,0.012727149789096216,0.0,0.004913401838520981,0.0,0.008218507045268615,0.0,0.00862548207266341,0.0
2018-09-25,0.005649887686599182,0.0,0.005077591745576848,0.0,0.007704709991582315,0.0,0.011593631890193025,0.0,0.011092068911537136,0.0
2018-09-26,-0.0009122135686509625,0.0,-0.00518307050481428,0.0,-0.004101001776514834,0.0,-0.007383230809705155,0.0,-0.005602437106494218,0.0
2018-09-27,-0.002755098723683252,0.0,-0.00935998436930241,0.0,-0.00534132648850767,0.0,-0.004208397592216562,0.0,-0.0018820191376780872,0.0
2018-09-28,-0.0009414310924288901,0.0,-0.007870459397170838,0.0,-0.0066152211572956705,0.0,-0.0033293346516332385,0.0,-0.004590580001629669,0.0
2018-10-01,0.010878286787449969,0.0,0.006519209739515344,0.0,0.006494080218195076,0.0,0.005720939862282918,0.0,0.005832770305879049,0.0
2018-10-02,-0.0022118392096906565,0.0,0.002964261569204041,0.0,0.0006402212856273622,0.0,-0.0008475023849318458,0.0,-0.0007953017685040644,0.0
2018-10-03,-0.005942114295903357,0.0,-0.015503243501223497,0.0,-0.01193221722656309,0.0,-0.010250170923575896,0.0,-0.009477632907272182,0.0
2018-10-04,-0.010025602750102027,0.0,-0.02345384437465372,0.0,-0.015432711870839454,0.0,-0.014547854771796728,0.0,-0.015814161370965536,0.0
2018-10-05,-0.032274564410777674,0.0,-0.01729107617624224,0.0,-0.025121503837534476,0.0,-0.03038576642201307,0.0,-0.0340028734334814,0.0
2018-10-08,-0.01259857763059908,0.0,-0.02025284233736209,0.0,-0.01128771960759033,0.0,-0.009627646982279714,0.0,-0.009560287758416169,0.0
2018-10-09,-0.009656416969010656,0.0,-0.0259389523740716,0.0,-0.01403298589852622,0.0,-0.013116566209824753,0.0,-0.009746606962150278,0.0
2018-10-11,-0.07167379781764423,0.0,-0.04125486399090108,0.0,-0.05372524852871232,0.0,-0.06081384606416049,0.0,-0.061598916199602234,0.0
2018-10-12,0.016359489682820787,0.0,0.020519224447951442,0.0,0.020012658095862404,0.0,0.016947671661595966,0.0,0.017407322053443496,0.0
2018-10-15,0.0011868986691639383,0.0,0.003428576705564757,0.0,0.0012155621613477935,0.0,-0.002117521171690617,0.0,-0.0028140933050397224,0.0
2018-10-16,0.009106876878471188,0.0,0.007162079298295621,0.0,0.007582843221805969,0.0,0.009087374066580705,0.0,0.006702277136499918,0.0
2018-10-17,0.003421064276156695,0.0,0.000977465032539748,0.0,0.0033045785517462844,0.0,0.002161032005470835,0.0,0.002486072587286159,0.0
2018-10-18,-0.00607638444467537,0.0,-0.009526079366928732,0.0,-0.007286044243009494,0.0,-0.007859994412281772,0.0,-0.007933621504584588,0.0
2018-10-19,-0.005504743822711383,0.0,-0.006185799599453557,0.0,-0.004094788851204434,0.0,-0.004552336890029178,0.0,-0.004409267181939414,0.0
2018-10-22,0.008533332692184889,0.0,0.011993696338544392,0.0,0.01050612119217277,0.0,0.008211995982856787,0.0,0.008865510646653502,0.0
2018-10-23,-0.018853384666509855,0.0,-0.03693474112971775,0.0,-0.026473940389388797,0.0,-0.025382085820995194,0.0,-0.023489708764159265,0.0
2018-10-24,-0.0014490196078415557,0.0,-0.0051989291548350195,0.0,-0.0037039879894883217,0.0,-0.0041833174545257805,0.0,-0.003046853521987381,0.0
2018-10-25,-0.03594300119054674,0.0,-0.048738995455765745,0.0,-0.03833360405133123,0.0,-0.036092969491815986,0.0,-0.03753614118060778,0.0
2018-10-26,-0.01052301197844089,0.0,-0.012107923795624132,0.0,-0.004124650265494135,0.0,-0.00534978864354277,0.0,-0.009028453630973033,0.0
2018-10-29,-0.009474977161029473,0.0,-0.02051744930707755,0.0,-0.014938995117316813,0.0,-0.01645173437664214,0.0,-0.013844304217304565,0.0
2018-10-30,0.003605867834893427,0.0,-0.00303017516577031,0.0,-8.1662873531052e-05,0.0,0.00298041176189332,0.0,0.002156542441602699,0.0
2018-10-31,0.02642599938654429,0.0,0.04185395528332947,0.0,0.027593952100398614,0.0,0.028009430806078553,0.0,0.028471287005858492,0.0
2018-11-01,0.016826900299179142,0.0,0.02660817652866563,0.0,0.023947303726799655,0.0,0.02356410391662199,0.0,0.02106182570357114,0.0
2018-11-02,0.00967895763477669,0.007178957634776689,0.02500119810126371,0.022501198101263713,0.01575371576056567,0.01325371576056567,0.013046778509439125,0.010546778509439124,0.012684124753446276,0.010184124753446275
2018-11-05,-0.0020228470502777892,-0.0020228470502777892,0.0015192318656383603,0.0015192318656383603,-0.0035994422075110834,-0.0035994422075110834,-0.002961537970628621,-0.002961537970628621,-0.0015795345125820092,-0.0015795345125820092
2018-11-06,-0.007748200804565539,-0.007748200804565539,-0.015089831973731638,-0.015089831973731638,-0.009471193443322723,-0.009471193443322723,-0.008909199165079356,-0.008909199165079356,-0.007532274827257174,-0.007532274827257174
2018-11-07,0.01666032612952965,-0.0025,0.02838281551242905,-0.0025,0.016220221877140673,-0.0025,0.02242602382846782,-0.0025,0.02338590053504775,-0.0025
2018-11-08,0.004924280813638274,0.0024242808136382735,0.013157874183552078,0.010657874183552078,0.006233751216536044,0.0037337512165360443,0.002430879966173023,-6.912003382697702e-05,0.0020010099240099616,-0.0004989900759900384
2018-11-09,-0.005653392444734201,-0.005653392444734201,-0.012093421170619734,-0.012093421170619734,-0.009579091929552185,-0.009579091929552185,-0.0081629800245693,-0.0081629800245693,-0.006780683438863822,-0.006780683438863822
2018-11-12,0.0032486602492361907,0.0032486602492361907,-0.0025403139266798823,-0.0025403139266798823,-0.002482648072394822,-0.002482648072394822,0.0039139458969035335,0.0039139458969035335,0.0010289637013646488,0.0010289637013646488
2018-11-13,-0.00552570948051475,-0.00552570948051475,-0.03198902394295547,-0.03198902394295547,-0.01811990681559741,-0.01811990681559741,-0.011804848627983788,-0.011804848627983788,-0.009675559310912397,-0.009675559310912397
2018-11-14,0.004175839517874779,-0.0025,-0.0013478400360432694,-0.0025,-0.0010976382535955237,-0.0025,-0.0023054821036160595,-0.0025,0.000957768142893184,-0.0025
2018-11-15,-0.0022860300621968532,0.0,-0.004616630033004032,0.0,0.0001998958707877035,0.0,0.0032344829222781474,0.0,0.002683528905386468,0.0
2018-11-16,0.0035028263723199736,0.001002826372319973,0.005636549225940368,0.003136549225940368,0.0031753807734640318,0.0006753807734640317,0.0020829339100481977,-0.0004170660899518023,0.003926679936054639,0.0014266799360546389
2018-11-19,0.014187657243275106,0.014187657243275106,0.012802370596821855,0.012802370596821855,0.012309164908546968,0.012309164908546968,0.012163495788084986,0.012163495788084986,0.016658503916471112,0.016658503916471112
2018-11-20,-0.004488672709361844,-0.004488672709361844,0.004239110161834869,0.004239110161834869,-0.0013288297594803546,-0.0013288297594803546,-0.0047944816084212645,-0.0047944816084212645,-0.004684978898995462,-0.004684978898995462
2018-11-21,0.00433027168248182,0.00433027168248182,0.005650612262820443,0.005650612262820443,0.004105979094386747,0.004105979094386747,0.005572050879918708,0.005572050879918708,0.00339798369709925,0.00339798369709925
2018-11-22,0.0004044531454619345,0.0004044531454619345,0.0017908180656204921,0.0017908180656204921,0.0026058215404555,0.0026058215404555,0.008456198913530909,0.008456198913530909,0.004674246924245645,0.004674246924245645
2018-11-23,-0.004015638611068267,-0.004015638611068267,-0.003773297369656703,-0.003773297369656703,-0.003942822969195637,-0.003942822969195637,0.0019395901476243862,0.0019395901476243862,-4.3856047069418345e-06,-4.3856047069418345e-06
2018-11-26,0.009308204458891793,-0.0025,0.006070016491160058,-0.0025,0.00699132776506275,-0.0025,0.006844856915165491,-0.0025,0.006341246919024447,-0.0025
2018-11-27,0.010415160788901165,0.008028797152537528,0.010659726444198615,0.008159726444198614,0.00924202817471379,0.006742028174713789,0.009377755299169888,0.006877755299169888,0.009390091263414202,0.006890091263414201
2018-11-28,0.008671900278503708,0.008671900278503708,0.015112982520179586,0.015112982520179586,0.012278236391315502,0.012278236391315502,0.011451474164486847,0.011451474164486847,0.011773870985710195,0.011773870985710195
2018-11-29,0.007861997308209764,0.007861997308209764,0.010675306719542534,0.010675306719542534,0.006753391153540522,0.006753391153540522,0.006698157603827231,0.006698157603827231,0.007266771308339474,0.007266771308339474
2018-11-30,0.007286939537717037,0.007286939537717037,-0.0050747086672610076,-0.0050747086672610076,-0.0032338247415209073,-0.0032338247415209073,0.002423777551290751,0.002423777551290751,0.003237373196665067,0.003237373196665067
2018-12-03,0.021914518642401598,0.021914518642401598,0.038592746259254934,0.038592746259254934,0.03370718905674716,0.03370718905674716,0.0331629873107205,0.0331629873107205,0.02898666502713722,0.02898666502713722
2018-12-04,0.0018618361406753936,0.0018618361406753936,0.00191879636391521,0.00191879636391521,-0.0028352148800921853,-0.0028352148800921853,-0.001975730549887222,-0.001975730549887222,-0.002271855759318098,-0.002271855759318098
2018-12-05,-0.008551339562165161,-0.008551339562165161,-0.023809674372297022,-0.023809674372297022,-0.020156124708149946,-0.020156124708149946,-0.01579375387675325,-0.01579375387675325,-0.015628250258468857,-0.015628250258468857
2018-12-06,-0.02752650716858339,-0.02752650716858339,-0.031692304595513025,-0.031692304595513025,-0.02934225961040674,-0.02934225961040674,-0.02918508524244539,-0.02918508524244539,-0.024533823531044576,-0.024533823531044576
2018-12-07,0.011583881480479445,-0.0025,0.020100902690005997,-0.0025,0.012710422881242312,-0.0025000000000000005,0.011901896620749319,-0.0025,0.011418019734879502,-0.0025
2018-12-10,-0.008566340242275218,-0.011066340242275218,-0.015483941765852108,-0.017983941765852107,-0.01563054110911487,-0.01813054110911487,-0.014663396510069478,-0.017163396510069477,-0.011655277050397251,-0.014155277050397251
2018-12-11,0.008606735136651993,-0.0025,0.0140715502729315,-0.0025,0.010959959191388901,-0.0025000000000000005,0.015672593555390687,-0.0025,0.009244272777565333,-0.0025
2018-12-12,0.012723216868587668,0.010223216868587667,0.03127191270880006,0.02877191270880006,0.02499764386515948,0.022497643865159477,0.021930640800537422,0.019430640800537424,0.017499573199779152,0.014999573199779152
2018-12-13,0.006905508883657814,0.006905508883657814,0.01177349799991143,0.01177349799991143,0.0039459386935981715,0.0039459386935981715,0.001787708051994922,0.001787708051994922,0.005330446877276501,0.005330446877276501
2018-12-14,-0.001957102847782184,-0.001957102847782184,0.0037190711595875827,0.0037190711595875827,0.00023177919094883193,0.00023177919094883193,-3.033197007954846e-05,-3.033197007954846e-05,6.553917919644418e-05,6.553917919644418e-05
2018-12-17,-0.004996149877302741,-0.004996149877302741,0.0009393658699062616,0.0009393658699062616,-0.001365195920744611,-0.001365195920744611,0.0010350506416963408,0.0010350506416963408,-2.9863855030332217e-05,-2.9863855030332217e-05
2018-12-18,-0.010547020732686417,-0.010547020732686417,-0.011651365908578981,-0.011651365908578981,-0.012921282252837486,-0.012921282252837486,-0.014486530329856414,-0.014486530329856414,-0.013858022063427178,-0.013858022063427178
2018-12-19,-0.002102222020047074,-0.0025000000000000005,0.009948564007740003,-0.0025,0.0038657763006332835,-0.0025000000000000005,0.0037375211315580676,-0.0025,-0.001409565116614741,-0.0025
2018-12-20,-0.008746140372761656,0.0,-0.003902305439968479,0.0,-0.006289099464211823,0.0,-0.010548853530545509,0.0,-0.011350232325299197,0.0
2018-12-21,0.006242235248512196,0.0,-0.020402667229017624,0.0,0.0007575137334854934,0.0,0.0022380381745270355,0.0,0.004605149020391891,0.0
2018-12-22,-0.002553361996239141,0.0,-0.0008128651109156502,0.0,-0.005465202305768822,0.0,-0.006971784077782591,0.0,-0.005341848003839767,0.0
2018-12-24,0.002867183373188239,0.0,0.005016548146928802,0.0,0.004020472124966591,0.0,0.0038730258829639355,0.0,0.0034819717148856684,0.0
2018-12-25,-0.010402409664106011,0.0,-0.0100974552566788,0.0,-0.007418152682273716,0.0,-0.009251774251592263,0.0,-0.00858187835261996,0.0
2018-12-26,-0.009905074323877917,0.0,-0.0011509673346243197,0.0,-0.004730604622941426,0.0,-0.007048335338641228,0.0,-0.006156572341539009,0.0
2018-12-27,0.011365729455331012,0.0,0.012015433065671877,0.0,0.01300812645815348,0.0,0.009559627713586937,0.0,0.008444520197715718,0.0
2018-12-28,0.003281293322315559,0.0008949296859519225,0.012440705223430704,0.009940705223430704,0.00656601281404361,0.004066012814043609,0.0026850677649298865,0.0001850677649298865,0.0007344344479105094,-0.0017655655520894906
2019-01-02,0.0001903563608676034,0.0001903563608676034,0.006061181271356288,0.006061181271356288,0.001208336276672251,0.001208336276672251,0.0025978008684749794,0.0025978008684749794,0.0012590327615982163,0.0012590327615982163
2019-01-03,-0.005978739771143619,-0.005978739771143619,-0.009947011999962396,-0.009947011999962396,-0.005339736621235325,-0.005339736621235325,-0.008033094125327081,-0.008033094125327081,-0.007493912200302539,-0.007493912200302539
2019-01-04,-0.00973689233182726,-0.0025,-0.00204745685461658,-0.0025,-0.004307480682007659,-0.0025,-0.009621537801970628,-0.0025,-0.009924910962305451,-0.0025
2019-01-07,0.0148868737574022,0.0,0.029799345234844267,0.0,0.01968986648688692,0.0,0.02052834818419059,0.0,0.01821905507428576,0.0
2019-01-08,0.001510549336626194,0.0,-0.007940799408605016,0.0,-0.0026256042284579233,0.0,0.0009419773768343467,0.0,0.004306643518453639,0.0
2019-01-09,0.010096556054200326,0.0,0.004351879469521003,0.0,0.004232134909825569,0.0,0.007442274495662067,0.0,0.009231233919654408,0.0
2019-01-10,-0.00014231184150523783,-0.002642311841505238,0.005458983852517996,0.002958983852517996,0.0023205245647156094,-0.00017947543528439068,0.0001565102712988231,-0.002343489728701177,0.0030260195990572452,0.0005260195990572452
2019-01-11,0.0010559677906811626,0.0010559677906811626,-0.004351469429121058,-0.004351469429121058,-0.004333053811229703,-0.004333053811229703,0.0013854561254957659,0.0013854561254957659,0.002503199917695703,0.002503199917695703
2019-01-14,-0.003833319788383021,-0.003833319788383021,-0.004381181895070908,-0.004381181895070908,-0.006738264568783048,-0.006738264568783048,-0.007333643027812734,-0.007333643027812734,-0.003598479482287792,-0.003598479482287792
2019-01-15,0.003884632098736826,0.003884632098736826,0.009552269879650788,0.009552269879650788,0.003665863869896236,0.003665863869896236,0.0027951366372171186,0.0027951366372171186,0.0062156121830511946,0.0062156121830511946
2019-01-16,0.007758686003433055,0.007758686003433055,0.0040442358043709,0.0040442358043709,0.002668751309587381,0.002668751309587381,0.0026772745521383315,0.0026772745521383315,0.007720549922501219,0.007720549922501219
2019-01-17,0.00021823565397529693,0.00021823565397529693,0.003918670604481167,0.003918670604481167,0.006090145873392361,0.006090145873392361,0.0017695328502715046,0.0017695328502715046,0.001937532090128119,0.001937532090128119
2019-01-18,0.0027110085913526257,0.0027110085913526257,-0.005024898110710674,-0.005024898110710674,-0.0035302610138027487,-0.0035302610138027487,-0.001178653575314104,-0.001178653575314104,0.0004433552275556094,0.0004433552275556094
2019-01-21,0.0026258467165546943,0.0026258467165546943,-0.007170554910791152,-0.007170554910791152,-0.002402215022333177,-0.002402215022333177,-0.0007336683039128231,-0.0007336683039128231,0.0005271201163704384,0.0005271201163704384
2019-01-22,-0.005724330827737628,-0.005724330827737628,-0.009081961102963332,-0.009081961102963332,-0.004809792185342887,-0.004809792185342887,-0.006229628983191652,-0.006229628983191652,-0.003686016191247887,-0.003686016191247887
2019-01-23,-0.0013592891820082844,-0.0013592891820082844,0.003163066608745946,0.003163066608745946,0.0005710954539352217,0.0005710954539352217,0.002278766541807194,0.002278766541807194,0.0005597664734705073,0.0005597664734705073
2019-01-24,0.004438968863193966,0.004438968863193966,0.01765094407763541,0.01765094407763541,0.012158805372151029,0.012158805372151029,0.009129989903843195,0.009129989903843195,0.008093365866310693,0.008093365866310693
2019-01-25,0.00979810922001852,0.00979810922001852,0.006809823329588682,0.006809823329588682,0.005682415905674176,0.005682415905674176,0.013111789964817478,0.013111789964817478,0.011126738730798289,0.011126738730798289
2019-01-28,0.0019153656070634694,0.0019153656070634694,0.00949844817470471,0.00949844817470471,0.006126236559672049,0.006126236559672049,0.016455983529556815,0.016455983529556815,0.011723279536914643,0.011723279536914643
2019-01-29,-0.004724556467410983,-0.004724556467410983,-0.004869217411484783,-0.004869217411484783,-0.005143651030472152,-0.005143651030472152,-0.0019435644471833473,-0.0019435644471833473,-0.004288480968146474,-0.004288480968146474
2019-01-30,-0.0013344751032023548,-0.0013344751032023548,-0.003371504408677151,-0.003371504408677151,-0.0009267418058335088,-0.0009267418058335088,-0.0005822066365176162,-0.0005822066365176162,-0.0016994758504609634,-0.0016994758504609634
2019-02-11,0.008824972805632991,0.008824972805632991,0.008161276470728396,0.008161276470728396,0.007073742648215309,0.007073742648215309,0.008202200059624644,0.008202200059624644,0.011632863506687609,0.011632863506687609
2019-02-12,0.012070021363232037,0.012070021363232037,0.017965907550765284,0.017965907550765284,0.010239558859128629,0.010239558859128629,0.010852335746165058,0.010852335746165058,0.00996667275644333,0.00996667275644333
2019-02-13,0.008851836358133254,0.008851836358133254,0.005820598872071293,0.005820598872071293,0.0091863026258295,0.0091863026258295,0.011435058831196021,0.011435058831196021,0.01055312547475642,0.01055312547475642
2019-02-14,0.0029387240219429234,0.0029387240219429234,-0.0026948740202549894,-0.0026948740202549894,-0.003029429717588495,-0.003029429717588495,-0.0006032073992443394,-0.0006032073992443394,0.0008978113316731925,0.0008978113316731925
2019-02-15,-0.003578467305218474,-0.003578467305218474,0.0008408490041602826,0.0008408490041602826,-0.0017452022688657523,-0.0017452022688657523,-0.0007088196850931539,-0.0007088196850931539,-0.004688403101100263,-0.004688403101100263
2019-02-18,0.004865842920575381,0.004865842920575381,0.010288437714363254,0.010288437714363254,0.006715588911590965,0.006715588911590965,0.006518275582454813,0.006518275582454813,0.007371720230410967,0.007371720230410967
2019-02-19,0.007386442599133769,0.007386442599133769,0.029437394284720496,0.029437394284720496,0.014721140191090255,0.014721140191090255,0.01377134626679281,0.01377134626679281,0.011107178370109369,0.011107178370109369
2019-02-20,0.009826315158056624,0.009826315158056624,0.010964848120399617,0.010964848120399617,0.014262350999714136,0.014262350999714136,0.006564828399110264,0.006564828399110264,0.008884781647847298,0.008884781647847298
2019-02-21,0.0006818216885164573,0.0006818216885164573,0.005769737942954789,0.005769737942954789,0.0003950140574452089,0.0003950140574452089,0.0045890052109324765,0.0045890052109324765,0.0005632948781655097,0.0005632948781655097
2019-02-22,-0.003448340931524821,-0.003448340931524821,-0.019043327540922993,-0.019043327540922993,-0.008358592186803326,-0.008358592186803326,-0.007202208132598086,-0.007202208132598086,-0.006211701806217667,-0.006211701806217667
2019-02-25,0.003259526678332221,0.003259526678332221,0.01181856837999138,0.01181856837999138,0.013673384020154134,0.013673384020154134,0.011682544962734855,0.011682544962734855,0.007344845627020175,0.007344845627020175
2019-02-26,-0.0021477993880215248,-0.0021477993880215248,-0.023643147293281232,-0.023643147293281232,-0.012247964390379595,-0.012247964390379595,-0.006965067665047888,-0.006965067665047888,-0.004710117507436035,-0.004710117507436035
2019-02-27,0.0021854766356534613,0.0021854766356534613,0.008341613487085576,0.008341613487085576,-0.000924892899185348,-0.000924892899185348,-0.005170823813590107,-0.005170823813590107,-0.0006721324506960447,-0.0006721324506960447
2019-03-04,0.0045605940591902944,0.0045605940591902944,0.018867128612179297,0.018867128612179297,0.011224916188552227,0.011224916188552227,0.007002633120289222,0.007002633120289222,0.0045468685544291015,0.0045468685544291015
2019-03-05,0.0016084644716573076,0.0016084644716573076,0.002718165899593639,0.002718165899593639,-0.00170782311015224,-0.00170782311015224,-0.0014939842261745494,-0.0014939842261745494,-0.0009937416668401478,-0.0009937416668401478
2019-03-06,0.002220721978742755,0.002220721978742755,-0.0008028164330876829,-0.0008028164330876829,0.000897391784784052,0.000897391784784052,0.002197230821918509,0.002197230821918509,0.001654705757979646,0.001654705757979646
2019-03-07,-0.009827251242341864,-0.009827251242341864,-0.006315749931030057,-0.006315749931030057,-0.011551546089501263,-0.011551546089501263,-0.01104223790218212,-0.01104223790218212,-0.011447729417242142,-0.011447729417242142
2019-03-08,0.0029010473597893146,-0.0025,-0.004880583823995544,-0.0025,0.0009205089101860129,-0.0025,0.0026829369643305736,-0.0025000000000000005,0.002761097140052782,-0.0025
2019-03-11,0.0030175501142824523,0.0,0.0071614681559838645,0.0,-0.0024173398591165853,0.0,0.0059868093842645005,0.0,0.004611178259810461,0.0
2019-03-12,0.004063439008160946,0.0,0.004388835131560387,0.0,0.004570214582196475,0.0,0.005947915766800352,0.0,0.007022302766250465,0.0
2019-03-13,0.00195976149330884,0.0,0.010890175027223005,0.0,0.008251357410879245,0.0,0.004949287288388142,0.0,0.0034358848498024126,0.0
2019-03-14,0.000842966318373379,0.0,0.011870489322728496,0.0,0.006451181405299256,0.0,0.005268695619096419,0.0,0.006141412964752557,0.0
2019-03-15,0.00617373574715688,0.0,0.017903768100357452,0.0,0.011466071673698409,0.0,0.008353623671693271,0.0,0.007068783947872943,0.0
2019-03-18,0.008183115273091181,0.005683115273091181,0.0033944987956906264,0.0008944987956906263,0.005120821577774215,0.002620821577774215,0.0036414068055781847,0.0011414068055781842,0.005076890513679217,0.002576890513679217
2019-03-19,-0.0013823014822327488,-0.0013823014822327488,-0.008597096768185786,-0.008597096768185786,-0.0022155796350937563,-0.0022155796350937563,-0.003722489428668678,-0.003722489428668678,0.002780052144299921,0.002780052144299921
2019-03-20,0.00794642811412453,0.00794642811412453,0.0044060248325103815,0.0044060248325103815,0.0008238765782990214,0.0008238765782990214,0.0016812765617395748,0.0016812765617395748,0.002592796410176434,0.002592796410176434
2019-03-21,0.008885030485897123,0.008885030485897123,0.012944919172940385,0.012944919172940385,0.013146208274492832,0.013146208274492832,0.010677672331243808,0.010677672331243808,0.007934285220722228,0.007934285220722228
2019-03-22,0.005636478497226262,0.005636478497226262,0.006435294013913762,0.006435294013913762,0.006605836461215664,0.006605836461215664,0.005454538941788076,0.005454538941788076,0.003172001228636173,0.003172001228636173
2019-03-25,-0.011865778617691341,-0.011865778617691341,-0.011732463264302996,-0.011732463264302996,-0.014089088443722954,-0.014089088443722954,-0.012884742794639026,-0.012884742794639026,-0.015297644075264549,-0.015297644075264549
2019-03-26,0.0055171996182540985,0.0055171996182540985,0.011257720835380703,0.011257720835380703,0.006422236789676317,0.006422236789676317,0.008487011196550489,0.008487011196550489,0.007586180982538105,0.007586180982538105
2019-03-27,0.0037868365919006114,0.0037868365919006114,-0.002520688611929045,-0.002520688611929045,0.003669291591970192,0.003669291591970192,0.0010455655535292151,0.0010455655535292151,0.0007728581255182442,0.0007728581255182442
2019-03-28,-0.0008948824070248796,-0.0008948824070248796,-0.01312849226770927,-0.01312849226770927,-0.006162061828581068,-0.006162061828581068,-0.0013021375184506891,-0.0013021375184506891,-0.001496051711205293,-0.001496051711205293
2019-03-29,0.0018844111771301082,0.0018844111771301082,-0.0008153502280606965,-0.0008153502280606965,0.0010822662955658154,0.0010822662955658154,-0.0017486218782909017,-0.0017486218782909017,0.0038567552547284054,0.0038567552547284054
2019-04-01,0.006138518649792382,0.006138518649792382,0.0002791795358001669,0.0002791795358001669,0.0032890773762948595,0.0032890773762948595,0.00575673658157377,0.00575673658157377,0.0019993259152969738,0.0019993259152969738
2019-04-02,0.009531337236832894,0.009531337236832894,-0.006528578203873958,-0.006528578203873958,-0.000621546708313536,-0.000621546708313536,0.0007347312695250946,0.0007347312695250946,0.009325735900255594,0.009325735900255594
2019-04-03,0.007615131244725497,0.007615131244725497,0.0021660279140411245,0.0021660279140411245,0.0024631923059878938,0.0024631923059878938,0.010589122170875338,0.010589122170875338,0.007961158075348213,0.007961158075348213
2019-04-08,0.004332654449179546,0.004332654449179546,0.011635665716689636,0.011635665716689636,0.008280809662161815,0.008280809662161815,0.012003106905181063,0.012003106905181063,0.009482534839188893,0.009482534839188893
2019-04-09,-0.005518253625175042,-0.005518253625175042,-0.010211846832852634,-0.010211846832852634,-0.004242135635948008,-0.004242135635948008,-0.0060044108001845444,-0.0060044108001845444,-0.006010556674081258,-0.006010556674081258
2019-04-10,0.00020553741631196807,0.00020553741631196807,-0.006084732585004839,-0.006084732585004839,-0.003046286686905231,-0.003046286686905231,0.0005991520122170744,0.0005991520122170744,0.0003893214685863288,0.0003893214685863288
2019-04-11,-0.005068775706985059,-0.005068775706985059,-0.0064235176001075315,-0.0064235176001075315,-0.00838473956463095,-0.00838473956463095,-0.009228311461464477,-0.009228311461464477,-0.009209488614364093,-0.009209488614364093
2019-04-12,-0.005117517630771463,-0.005117517630771463,-0.006051025402287635,-0.006051025402287635,-0.004348954940882143,-0.004348954940882143,-0.006355688446754137,-0.006355688446754137,-0.012635647401241169,-0.012635647401241169
2019-04-15,0.00992452273844956,-0.0025,0.004012721836165013,-0.0025,0.004333527571822749,-0.0025,0.011069737861866002,-0.0025000000000000005,0.012923209280957916,-0.0025
2019-04-16,0.000914412862404212,-0.001585587137595788,0.00877149100109256,0.006271491001092559,0.00936142271794218,0.00686142271794218,0.002577375963095286,7.737596309528557e-05,0.0033595496138779995,0.0008595496138779995
2019-04-17,0.007093216282313977,0.007093216282313977,0.002627319315124388,0.002627319315124388,0.003904846274073315,0.003904846274073315,-0.001174414562224276,-0.001174414562224276,0.007812985283634527,0.007812985283634527
2019-04-18,-0.007820128638410487,-0.007820128638410487,-0.005818117526303968,-0.005818117526303968,-0.008162473217916055,-0.008162473217916055,-0.006909554488090356,-0.006909554488090356,-0.007192286770042367,-0.007192286770042367
2019-04-19,0.0041123595769600885,0.0041123595769600885,0.010532737397904082,0.010532737397904082,0.008702070404082851,0.008702070404082851,0.006980954936677098,0.006980954936677098,0.003773955838854326,0.003773955838854326
2019-04-22,0.001394978949787157,0.001394978949787157,0.0037598617895084896,0.0037598617895084896,0.007226459701620635,0.007226459701620635,0.004246887161800928,0.004246887161800928,0.0016706760011564407,0.0016706760011564407
2019-04-23,-0.005576399298910057,-0.005576399298910057,0.00020623662953784806,0.00020623662953784806,-0.0023636957002089237,-0.0023636957002089237,-0.005714019849739463,-0.005714019849739463,-0.006985742866312323,-0.006985742866312323
2019-04-24,-0.00194916423737184,-0.00194916423737184,0.0009852454430147482,0.0009852454430147482,0.0011911774602595408,0.0011911774602595408,0.0012531777125753076,0.0012531777125753076,-0.00103339494428481,-0.00103339494428481
2019-04-25,-0.0031813910017031133,-0.0031813910017031133,-0.009175798851057104,-0.009175798851057104,-0.002219501125215506,-0.002219501125215506,-0.0038912017287955126,-0.0038912017287955126,-0.004763406630319367,-0.004763406630319367
2019-04-26,-0.004779320833591499,-0.004779320833591499,-0.002188826862033522,-0.002188826862033522,-0.004118156384648031,-0.004118156384648031,-0.010026190885581423,-0.010026190885581423,-0.006920804949081288,-0.006920804949081288
2019-04-29,-0.013907429497501735,-0.0025000000000000005,-0.002940180045019258,-0.0025,-0.0041213150755523235,-0.0025,-0.009139867104875755,-0.0025000000000000005,-0.01347312262451111,-0.0025
2019-04-30,0.005754029683340265,0.0,0.002571926314157413,0.0,0.006253497181825763,0.0,0.010489402480431493,0.0,0.008916827831329379,0.0
2019-05-02,0.007718585509510953,0.0,0.022511635228516468,0.0,0.011064304410827785,0.0,0.015460294178173755,0.0,0.011310706337797969,0.0
2019-05-03,0.0062071216704778455,0.0,0.009465242935160045,0.0,0.006977099240316087,0.0,0.007800520005623361,0.0,0.008942906871882834,0.0
2019-05-06,-0.016473442061902658,-0.018973442061902657,-0.02357061623278807,-0.026070616232788068,-0.02239345697716466,-0.02489345697716466,-0.018316750999120616,-0.020816750999120615,-0.015037876399677963,-0.01753787639967796
2019-05-07,0.007334337637844546,-0.0025000000000000005,0.008017682392787884,-0.0025,0.013247418710786463,-0.0025,0.010109361783460374,-0.0025000000000000005,0.011379962484646644,-0.0025
2019-05-08,-0.004051430887107993,0.0,-0.0075087290309229894,0.0,-0.007631603759475692,0.0,-0.007243895568167025,0.0,-0.008280117443892282,0.0
2019-05-09,-0.014604101417144825,0.0,-0.029539493056934464,0.0,-0.022416293599323137,0.0,-0.020386338734115994,0.0,-0.017392063680618092,0.0
2019-05-10,-0.005718406238058432,0.0,-0.007827494140156445,0.0,-0.012663342464624762,0.0,-0.008007697537591363,0.0,-0.008013554035519253,0.0
2019-05-13,-0.014037213521305833,0.0,-0.020405177426593,0.0,-0.02271532798806285,0.0,-0.01455854659401352,0.0,-0.019159746481417588,0.0
2019-05-14,0.0016851529012724834,0.0,0.007353095900545804,0.0,0.00495886559546681,0.0,0.0026983940206397315,0.0,0.0027310167251580362,0.0
2019-05-15,0.008379782454459875,0.0,-0.0026587849415759205,0.0,0.0026487860952526974,0.0,0.007835263527424703,0.0,0.010085130098994775,0.0
2019-05-16,-0.010518330589501093,0.0,-0.002404285171169729,0.0,-0.007249314898605575,0.0,-0.00939156696257161,0.0,-0.012163436819746475,0.0
2019-05-17,-0.011806475735287711,0.0,-0.007826846571374158,0.0,-0.009846769259254054,0.0,-0.011952923566151378,0.0,-0.011706774645315532,0.0
2019-05-20,-0.002282461973014834,0.0,-0.004481381306368016,0.0,-0.0011718041240525337,0.0,-0.005369430809417519,0.0,-0.00638638132484617,0.0
2019-05-21,0.011718942925272629,0.0,0.006662013010355429,0.0,0.01122605988236668,0.0,0.012400248579042731,0.0,0.015183197643415577,0.0
2019-05-22,-0.002326205776532561,0.0,0.0040583888257268224,0.0,-0.0008921882677246475,0.0,-0.002057272404244056,0.0,-0.002494991229190896,0.0
2019-05-23,-0.013139438661397955,0.0,-0.013616862626152915,0.0,-0.011565314792463366,0.0,-0.0167044848868308,0.0,-0.017075119927783915,0.0
2019-05-24,-0.0002892993499544849,0.0,0.011311807580790756,0.0,0.003465840750279614,0.0,0.0032396756162323373,0.0,0.000336447476165547,0.0
2019-05-27,-0.003344471337231961,0.0,0.003721096044247064,0.0,-0.000579545983955177,0.0,-0.0017794571096416097,0.0,-0.0010803153348319717,0.0
2019-05-28,0.004153285592053533,0.0,-0.009715966022251532,0.0,-0.0033291090987401357,0.0,0.0071777483811581305,0.0,0.00477593719005237,0.0
2019-05-29,-0.0033556197571730445,0.0,-0.003410483027109135,0.0,-0.000649948957028857,0.0,-0.004480948660369454,0.0,-0.0038552382687830405,0.0
2019-05-30,0.007693285290120887,0.0,0.010550068811568681,0.0,0.015671490294371395,0.0,0.012454480255053106,0.0,0.01197367474867877,0.0
2019-05-31,0.005483174800895172,0.0029831748008951713,0.007432617266123121,0.00493261726612312,0.005173328730892479,0.002673328730892479,0.005113481340004481,0.0026134813400044803,0.005399573866646502,0.0028995738666465023
2019-06-03,-0.004416128784804724,-0.004416128784804724,-0.0038820953060518574,-0.0038820953060518574,-0.008275730905022049,-0.008275730905022049,-0.004357745041139652,-0.004357745041139652,-0.004458888915533455,-0.004458888915533455
2019-06-04,0.00023250353217055405,0.00023250353217055405,-0.00719347581898584,-0.00719347581898584,-0.002421063900816578,-0.002421063900816578,0.00017828634951866373,0.00017828634951866373,0.0012659693745715572,0.0012659693745715572
2019-06-05,0.002175195732399407,-0.0025,-0.0025002811832189665,-0.0025,0.0009825893597067087,-0.0025,0.0005895025207520944,-0.0025,-0.0005318108490943553,-0.0025
2019-06-06,-0.006093108676240566,0.0,-0.006360430416620023,0.0,-0.007494939902177123,0.0,-0.006042229675124666,0.0,-0.005669935749078958,0.0
2019-06-10,0.009244917355731883,0.0,0.001540772833992744,0.0,0.002914282174536754,0.0,0.003944866704631093,0.0,0.010184327263208505,0.0
2019-06-11,-0.0009409699791247533,-0.0033298588680136425,0.002611099111207116,0.00011109911120711592,0.0019666440109909256,-0.0005333559890090744,-0.0008542692813215957,-0.003354269281321596,-0.0037225868313816362,-0.006222586831381636
2019-06-12,0.002639495541068785,0.002639495541068785,0.006248602589579155,0.006248602589579155,0.0035805507877654905,0.0035805507877654905,0.005626147380172775,0.005626147380172775,0.005885317585117443,0.005885317585117443
2019-06-13,0.0008163214134077924,0.0008163214134077924,-0.0007698755909416154,-0.0007698755909416154,-0.0007021936950835973,-0.0007021936950835973,0.0011230738921161523,0.0011230738921161523,-0.00028809075493183044,-0.00028809075493183044
2019-06-14,-0.002261011955697649,-0.002261011955697649,-0.0005921946976300552,-0.0005921946976300552,-0.00014596343277898394,-0.00014596343277898394,0.0006307878982853012,0.0006307878982853012,-0.0036080486504030122,-0.0036080486504030122
2019-06-17,0.0009630290481317842,0.0009630290481317842,0.0005825158389536345,0.0005825158389536345,0.00027425035625371346,0.00027425035625371346,-0.0007927184390884136,-0.0007927184390884136,-0.0013609016291441123,-0.0013609016291441123
2019-06-18,-0.003332945851944798,-0.003332945851944798,-0.00740088966555319,-0.00740088966555319,-0.0051779013770213884,-0.0051779013770213884,-0.005515491204465194,-0.005515491204465194,-0.0077245788044764735,-0.0077245788044764735
2019-06-19,0.011359333741321833,0.011359333741321833,0.00842661747146285,0.00842661747146285,0.010395417602678281,0.010395417602678281,0.008604618732300147,0.008604618732300147,0.012612099420515431,0.012612099420515431
2019-06-20,0.0053284626032651,0.0053284626032651,0.0028452463138827436,0.0028452463138827436,0.01088650078700788,0.01088650078700788,0.008757288104996666,0.008757288104996666,0.009675653102976096,0.009675653102976096
2019-06-21,-0.0012956845589902264,-0.0012956845589902264,0.003950110046544286,0.003950110046544286,-0.002284870614681533,-0.002284870614681533,-0.001503269076675809,-0.001503269076675809,-0.0002677573740402341,-0.0002677573740402341
2019-06-24,0.00101330821049537,0.00101330821049537,-0.0022356560728654224,-0.0022356560728654224,0.000998101175411281,0.000998101175411281,0.0004827911607367066,0.0004827911607367066,-0.0008887575461602739,-0.0008887575461602739
2019-06-25,-0.004501540713307822,-0.004501540713307822,-0.004157746339662816,-0.004157746339662816,-0.005115916266628018,-0.005115916266628018,-0.002538873907394453,-0.002538873907394453,-0.004637444584461671,-0.004637444584461671
2019-06-26,-0.0005708197599080082,-0.0005708197599080082,1.6428777617005265e-05,1.6428777617005265e-05,-0.0005121786009974927,-0.0005121786009974927,-0.0012273394320189812,-0.0012273394320189812,-0.0012017986082775937,-0.0012017986082775937
2019-06-27,0.006389706356083407,0.006389706356083407,0.007588081692260529,0.007588081692260529,0.007466616856575193,0.007466616856575193,0.005405599167960928,0.005405599167960928,0.0070082799586082606,0.0070082799586082606
2019-06-28,-0.0010584740108836612,-0.0010584740108836612,-0.0028806346424287586,-0.0028806346424287586,-0.003240534168908549,-0.003240534168908549,-0.003811720068849763,-0.003811720068849763,-0.002087289169670442,-0.002087289169670442
2019-07-01,0.0140336987406583,0.0140336987406583,0.016355185521854932,0.016355185521854932,0.016210932966583293,0.016210932966583293,0.011944946353947257,0.011944946353947257,0.012706847628654058,0.012706847628654058
2019-07-02,0.002238779002969281,0.002238779002969281,0.004919711072561306,0.004919711072561306,0.002969905713023279,0.002969905713023279,0.0003722400594580915,0.0003722400594580915,0.0003307831225221548,0.0003307831225221548
2019-07-03,-0.0012503656202456379,-0.0012503656202456379,-0.003369859980736023,-0.003369859980736023,-0.00430457358792351,-0.00430457358792351,-0.0015260588338282001,-0.0015260588338282001,-0.001218301651471554,-0.001218301651471554
2019-07-04,0.006121529072898061,0.006121529072898061,-0.0008739448004857261,-0.0008739448004857261,0.004843117576112588,0.004843117576112588,0.006591619889706757,0.006591619889706757,0.006799854465781729,0.006799854465781729
2019-07-05,0.0006801133540780392,0.0006801133540780392,0.004208475252385768,0.004208475252385768,0.003269533999011265,0.003269533999011265,0.004073998816273623,0.004073998816273623,0.004026861552980882,0.004026861552980882
2019-07-08,0.00046336885884273735,0.00046336885884273735,0.0038490202658266973,0.0038490202658266973,-0.001097416668086282,-0.001097416668086282,0.00038631269053930996,0.00038631269053930996,0.0010111539811018145,0.0010111539811018145
2019-07-09,-0.004753200172536489,-0.004753200172536489,-0.004525594131719823,-0.004525594131719823,-0.003750448758664649,-0.003750448758664649,-0.003554554100923587,-0.003554554100923587,-0.00389898875042532,-0.00389898875042532
2019-07-10,0.009210068714023889,0.009210068714023889,0.007985636404390584,0.007985636404390584,0.00627988335363433,0.00627988335363433,0.007174727299403183,0.007174727299403183,0.0056286162668782785,0.0056286162668782785
2019-07-11,0.002194583684138348,0.002194583684138348,0.001417065005297458,0.001417065005297458,0.001840335528450188,0.001840335528450188,0.0022761651198859533,0.0022761651198859533,0.005767548015008795,0.005767548015008795
2019-07-12,0.0015502414193767512,0.0015502414193767512,0.008806634042019824,0.008806634042019824,0.00416623353075074,0.00416623353075074,0.003181580414278376,0.003181580414278376,0.0024982750148012938,0.0024982750148012938
2019-07-15,0.0028201502581972947,0.0028201502581972947,0.005272355313866939,0.005272355313866939,0.005199499707023669,0.005199499707023669,0.0030698261733327274,0.0030698261733327274,0.0041017381414514,0.0041017381414514
2019-07-16,0.0015299819109729133,0.0015299819109729133,-0.0037466496766699335,-0.0037466496766699335,-0.00027580543929032184,-0.00027580543929032184,-0.0004366231272173652,-0.0004366231272173652,-0.001256305888603115,-0.001256305888603115
2019-07-17,-0.0035201112112469347,-0.0035201112112469347,-0.006619974499243764,-0.006619974499243764,-0.005004692340864881,-0.005004692340864881,-0.0033013473090560312,-0.0033013473090560312,-0.0024417100330692,-0.0024417100330692
2019-07-18,-0.0031933522688806677,-0.0031933522688806677,-0.002307937783583714,-0.002307937783583714,-0.003483415471702833,-0.003483415471702833,-0.0017244901452651968,-0.0017244901452651968,-0.0019225787271640983,-0.0019225787271640983
2019-07-19,0.007440423681135572,0.007440423681135572,0.0006816272340542274,0.0006816272340542274,0.003176621261209323,0.003176621261209323,0.006335804448550213,0.006335804448550213,0.006694403469857114,0.006694403469857114
2019-07-22,0.003764311723724191,0.003764311723724191,-0.00010970828815117764,-0.00010970828815117764,0.0002072648856966231,0.0002072648856966231,0.004593210634915223,0.004593210634915223,0.00557526768355745,0.00557526768355745
2019-07-23,0.003918343106694909,0.003918343106694909,0.012567463062710615,0.012567463062710615,0.008398873671264939,0.008398873671264939,0.004920281452963844,0.004920281452963844,0.006449829459055289,0.006449829459055289
2019-07-24,0.0018006268532005864,0.0018006268532005864,0.002566031384220424,0.002566031384220424,0.00027313979877069394,0.00027313979877069394,0.0005876783546119906,0.0005876783546119906,-0.00011904720694850277,-0.00011904720694850277
2019-07-25,0.00821439531140887,0.00821439531140887,0.013604241535835858,0.013604241535835858,0.013207120548080908,0.013207120548080908,0.01223086235562731,0.01223086235562731,0.010807287910356607,0.010807287910356607
2019-07-26,0.0014450685248392576,0.0014450685248392576,0.0010510969591429162,0.0010510969591429162,0.0018412628895082882,0.0018412628895082882,0.004181397800779463,0.004181397800779463,0.003445821398466825,0.003445821398466825
2019-07-29,0.007612456727285879,0.007612456727285879,-0.008917694030486435,-0.008917694030486435,-0.005733957962591906,-0.005733957962591906,0.00024846809876781956,0.00024846809876781956,0.006829150503529224,0.006829150503529224
2019-07-30,-0.012428164887233023,-0.012428164887233023,-0.010168548229787322,-0.010168548229787322,-0.012139215025430928,-0.012139215025430928,-0.011835052285771478,-0.011835052285771478,-0.013962566246282428,-0.013962566246282428
2019-07-31,0.004682627189300454,0.004682627189300454,-0.007269880561203702,-0.007269880561203702,-0.004835919798552435,-0.004835919798552435,-0.00039786492773403743,-0.00039786492773403743,3.944419660067847e-06,3.944419660067847e-06
2019-08-01,-8.835904589915919e-05,-8.835904589915919e-05,0.0021099613316509563,0.0021099613316509563,4.697704154280611e-05,4.697704154280611e-05,0.00010559135898047294,0.00010559135898047294,0.00033574773349541193,0.00033574773349541193
2019-08-02,-0.01388727472904948,-0.01388727472904948,-0.015430403916823422,-0.015430403916823422,-0.018982866688198718,-0.018982866688198718,-0.012443349763081889,-0.012443349763081889,-0.01219983686714004,-0.01219983686714004
2019-08-05,-0.014367288301568758,-0.0025000000000000005,-0.030102029290680645,-0.0025,-0.02849073753519271,-0.0025,-0.01747249964703612,-0.0025,-0.01591013089180415,-0.0025
2019-08-06,-0.0014650770846948943,0.0,-0.0014352942511156154,0.0,-0.004749394608454083,0.0,-0.005950181557975584,0.0,-0.005035736604840158,0.0
2019-08-07,0.004322111343030197,0.0,0.013897811108255607,0.0,0.006152388354013028,0.0,0.008961418835288122,0.0,0.006626952885892863,0.0
2019-08-08,0.014229403786868051,0.0,0.019777601242363652,0.0,0.013375539752126209,0.0,0.01601596399385108,0.0,0.012816216985585379,0.0
2019-08-12,0.0037092014147835153,0.0,0.002916920168137227,0.0,-0.0035403602717937292,0.0,0.00121313742219847,0.0,-0.0011716471725586827,0.0
2019-08-13,-0.005538824425577235,0.0,0.00012441275897281424,0.0,-0.001394509768804886,0.0,-0.0052388169748810885,0.0,-0.00353502318968903,0.0
2019-08-14,0.008434438258814835,0.0,0.00805476201892228,0.0,0.013805486885046826,0.0,0.008950311963943795,0.0,0.010824365408867725,0.0
2019-08-15,-0.008411532511958437,0.0,-0.006083722724951968,0.0,-0.00662757875646961,0.0,-0.010659624805311307,0.0,-0.008304576612548522,0.0
2019-08-16,0.00668731678086875,0.0,0.005289392228376721,0.0,0.006386438274222695,0.0,0.006607133431507902,0.0,0.0043796898951416145,0.0
2019-08-19,0.011280320620311061,0.00878032062031106,0.01663741076236298,0.01413741076236298,0.01079873960844212,0.008298739608442119,0.0111029541346037,0.0086029541346037,0.014101915870797043,0.011601915870797043
2019-08-20,0.005915942991720781,0.005915942991720781,-0.004261124586259024,-0.004261124586259024,0.0014181628477587195,0.0014181628477587195,0.0009273313909649692,0.0009273313909649692,2.5384333666494865e-05,2.5384333666494865e-05
2019-08-21,0.011372791133097634,0.011372791133097634,-0.002436229320798789,-0.002436229320798789,0.0015881071526802843,0.0015881071526802843,0.007663648250894131,0.007663648250894131,0.008118559133476073,0.008118559133476073
2019-08-22,0.004279835558114896,0.004279835558114896,0.003437369024658898,0.003437369024658898,0.0028562677895883075,0.0028562677895883075,0.006339501636794753,0.006339501636794753,0.0020572135930823025,0.0020572135930823025
2019-08-23,-0.0005084119650230893,-0.0005084119650230893,-0.007491700439708171,-0.007491700439708171,-0.007198333960774384,-0.007198333960774384,-0.008278388400123012,-0.008278388400123012,-0.006180369050588919,-0.006180369050588919
2019-08-26,-0.015399865264749827,-0.015399865264749827,-0.020660688755696648,-0.020660688755696648,-0.018678528432119767,-0.018678528432119767,-0.015197080127828862,-0.015197080127828862,-0.015073519118171636,-0.015073519118171636
2019-08-27,0.010850357364579748,0.010850357364579748,0.005216408016336938,0.005216408016336938,0.006426408129281802,0.006426408129281802,0.009913589666765832,0.009913589666765832,0.008029196137660411,0.008029196137660411
2019-08-28,-0.003652115345906281,-0.003652115345906281,-0.006269281251009229,-0.006269281251009229,-0.0021418204605015865,-0.0021418204605015865,-0.0005458703485385016,-0.0005458703485385016,-0.0007221415964452638,-0.0007221415964452638
2019-08-29,-0.002224718416645596,-0.002224718416645596,0.006293503705436066,0.006293503705436066,0.001152432857714225,0.001152432857714225,-0.0012048233291975202,-0.0012048233291975202,-0.0005638163010767639,-0.0005638163010767639
2019-08-30,0.00433077035797021,0.00433077035797021,0.018588388878147625,0.018588388878147625,0.014678270738982216,0.014678270738982216,0.01403575789178121,0.01403575789178121,0.011037002278693548,0.011037002278693548
2019-09-02,0.0048307272381675715,0.0048307272381675715,0.013505181693834436,0.013505181693834436,0.01128966453971586,0.01128966453971586,0.007907605443841363,0.007907605443841363,0.006594452232579629,0.006594452232579629
2019-09-03,-0.00017037685771173507,-0.00017037685771173507,-0.0032904468029282046,-0.0032904468029282046,0.001089842369162241,0.001089842369162241,0.0003880217598774584,0.0003880217598774584,-7.692733383667978e-05,-7.692733383667978e-05
2019-09-04,0.0070820601704200455,0.0070820601704200455,0.011003149455494455,0.011003149455494455,0.015626319137819814,0.015626319137819814,0.014789262295618284,0.014789262295618284,0.010883626290957106,0.010883626290957106
2019-09-05,0.0010011358435976889,0.0010011358435976889,-0.0011257253944159107,-0.0011257253944159107,0.00026150465578184145,0.00026150465578184145,-0.0016605232113566719,-0.0016605232113566719,-0.0006194487859136678,-0.0006194487859136678
2019-09-06,-0.0013459732878441377,-0.0013459732878441377,0.0020000756192631646,0.0020000756192631646,-0.0014431383560102764,-0.0014431383560102764,-0.0021942266803051482,-0.0021942266803051482,-0.0022204580937281284,-0.0022204580937281284
2019-09-09,-0.004903681667895023,-0.004903681667895023,-0.003969896892324121,-0.003969896892324121,-0.004914896823942683,-0.004914896823942683,-0.004344320042598874,-0.004344320042598874,-0.0037851065674623713,-0.0037851065674623713
2019-09-10,-0.0021452798845480706,-0.0021452798845480706,-0.013021476333158333,-0.013021476333158333,-0.009432372732913807,-0.009432372732913807,-0.004758483929123932,-0.004758483929123932,-0.0031856397086822033,-0.0031856397086822033
2019-09-11,0.002365746804108454,-0.0025000000000000005,-0.0014289372850271767,-0.0025,-0.0027946957541232225,-0.0025,-0.0025835201547807166,-0.0025,-0.002901099577452393,-0.0025
2019-09-12,0.0015812042867009754,-0.0009187957132990251,0.0006757952323806159,-0.0018242047676193841,0.005746566555963961,0.0032465665559639613,0.008824842866315543,0.0063248428663155425,0.0061818426052766395,0.0036818426052766394
2019-09-16,-0.0051433384824525665,-0.0051433384824525665,0.001709459004568581,0.001709459004568581,-0.0004892959665481646,-0.0004892959665481646,-0.002869442522048652,-0.002869442522048652,-0.004095802028778783,-0.004095802028778783
2019-09-17,-0.00022847579951372225,-0.0025000000000000005,0.0024563186631715757,-0.0025,0.0010247000164621657,-0.0025,0.0005324571383263994,-0.0025,-0.0013710213584455125,-0.0025
2019-09-18,0.005201981072894811,0.002701981072894811,0.00648195307269448,0.0039819530726944805,0.005216625125331321,0.0027166251253313207,0.0029897579251357905,0.0004897579251357904,0.002749137303989396,0.0002491373039893961
2019-09-19,0.0062167441399038695,0.0062167441399038695,0.003517929316547841,0.003517929316547841,0.002366688950470797,0.002366688950470797,0.0076628432396176486,0.0076628432396176486,0.0040171530453996076,0.0040171530453996076
2019-09-20,0.008760501110471495,0.008760501110471495,0.00046295832878100423,0.00046295832878100423,-0.0001942742086945672,-0.0001942742086945672,0.00838417380902122,0.00838417380902122,0.005810939270853467,0.005810939270853467
2019-09-23,0.002560733128080966,0.002560733128080966,0.01410302954620737,0.01410302954620737,0.010199326312450996,0.010199326312450996,0.007067225351130646,0.007067225351130646,0.004898338688624243,0.004898338688624243
2019-09-24,-0.0005706179874150053,-0.0005706179874150053,-0.005880761152668512,-0.005880761152668512,-0.005937697298350076,-0.005937697298350076,-0.005724053668081848,-0.005724053668081848,6.831575312554218e-05,6.831575312554218e-05
2019-09-25,-0.004935289723170201,-0.004935289723170201,-0.008433138926794915,-0.008433138926794915,-0.005080804634574632,-0.005080804634574632,-0.0041893422383662525,-0.0041893422383662525,-0.005899637805017705,-0.005899637805017705
2019-09-26,-0.00045619560834917275,-0.00045619560834917275,-0.003650718612031945,-0.003650718612031945,-0.0027086268420836394,-0.0027086268420836394,-0.0013001945459505688,-0.0013001945459505688,-0.0016401956323980065,-0.0016401956323980065
2019-09-27,-0.010983363925958145,-0.010983363925958145,-0.012665805133536346,-0.012665805133536346,-0.010899090307921477,-0.010899090307921477,-0.013945095860398722,-0.013945095860398722,-0.013269077030352818,-0.013269077030352818
2019-10-01,0.003022489672243572,-0.0025000000000000005,0.0175178607950953,-0.0025,0.010695209801001705,-0.0025,0.009065054637717429,-0.0025,0.006820099054273276,-0.0025
2019-10-02,0.0012981855977097134,0.0,-0.006377525780041338,0.0,-0.0037849296280214055,0.0,-0.0030333031126083725,0.0,-0.0015853994178729402,0.0
2019-10-03,-0.0009182098541791418,-0.0034182098541791425,-0.00418450036924074,-0.00668450036924074,-0.004590477348279098,-0.007090477348279098,-0.0036727712085573645,-0.006172771208557365,-0.0014110063732500234,-0.003911006373250024
2019-10-04,0.0016759940886213625,0.0016759940886213625,-0.0018872586529439465,-0.0018872586529439465,0.0020133627122957748,0.0020133627122957748,0.0031580502747014776,0.0031580502747014776,0.0018192619814854317,0.0018192619814854317
2019-10-07,-0.0027724771209386334,-0.0027724771209386334,0.0006495190929448834,0.0006495190929448834,-0.0008155460106408886,-0.0008155460106408886,0.003532448499401271,0.003532448499401271,0.0024364776608572893,0.0024364776608572893
2019-10-08,-0.0016537190939622925,-0.0016537190939622925,-0.0010270599160130175,-0.0010270599160130175,-0.00133948910832844,-0.00133948910832844,-0.00012474547949424466,-0.00012474547949424466,-0.001841737796858972,-0.001841737796858972
2019-10-09,-0.00448904258242244,-0.00448904258242244,-0.008479959729318963,-0.008479959729318963,-0.005435686862920065,-0.005435686862920065,-0.0075369954369779,-0.0075369954369779,-0.005759434665975073,-0.005759434665975073
2019-10-14,0.0017355031157593626,-0.0025000000000000005,-0.0029493745004938623,-0.0025,0.0037638359552464966,-0.0025,0.0028017858070436587,-0.0025,0.0025694253873630724,-0.0025000000000000005
2019-10-15,0.0025635568075028647,6.355680750286426e-05,-0.00241006877883132,-0.004910068778831321,-0.0006171564396855512,-0.0031171564396855513,-0.0016901440304746057,-0.004190144030474605,-0.001402696584332014,-0.0039026965843320144
2019-10-16,0.004761761391902512,0.004761761391902512,0.011315884725899217,0.011315884725899217,0.008591798954768236,0.008591798954768236,0.007370863792773599,0.007370863792773599,0.0052276066249085824,0.0052276066249085824
2019-10-17,0.010530736256223762,-0.0025000000000000005,-0.003081097118323784,-0.0025,-0.0028074282694877445,-0.0025,0.0061814299862974495,-0.0025,0.006385686357350006,-0.0025000000000000005
2019-10-18,0.0127761545796308,0.010276154579630799,0.0060883093522319034,0.0035883093522319034,0.008552953778139638,0.006052953778139638,0.012836430311895868,0.010336430311895867,0.010760553158903027,0.008260553158903026
2019-10-21,0.0006983539757952004,0.0006983539757952004,-0.010727725455484196,-0.010727725455484196,-0.004521745807143441,-0.004521745807143441,-0.004048314928089117,-0.004048314928089117,-0.0018610431074735816,-0.0018610431074735816
2019-10-22,0.0006509430029741172,0.0006509430029741172,0.0026341398244737802,0.0026341398244737802,0.0011023643000388607,0.0011023643000388607,0.002324558320359841,0.002324558320359841,0.002032805626677936,0.002032805626677936
2019-10-23,0.0017805524703743483,0.0017805524703743483,0.015181875123168733,0.015181875123168733,0.0061192253626465645,0.0061192253626465645,0.0013142016889656025,0.0013142016889656025,-2.2296534358295234e-05,-2.2296534358295234e-05
2019-10-24,0.008067647783590249,0.008067647783590249,0.004467755869486645,0.004467755869486645,0.004836289190980104,0.004836289190980104,0.00727572728022916,0.00727572728022916,0.00555359798013454,0.00555359798013454
2019-10-25,0.004671306561727033,0.004671306561727033,0.00898598589772932,0.00898598589772932,0.0020496658856630438,0.0020496658856630438,0.0006080916420588014,0.0006080916420588014,0.00271483652080785,0.00271483652080785
2019-10-28,0.006040862246675007,0.006040862246675007,0.005858524785945396,0.005858524785945396,0.0021453717206834757,0.0021453717206834757,0.009104761794567009,0.009104761794567009,0.006175807849524662,0.006175807849524662
2019-10-29,-0.004700943276008268,-0.004700943276008268,-0.011142156869075938,-0.011142156869075938,-0.006559267123075885,-0.006559267123075885,-0.000234726644283752,-0.000234726644283752,-0.0001835101047395152,-0.0001835101047395152
2019-10-30,0.0067927725772327485,0.0067927725772327485,0.0049703320861348,0.0049703320861348,0.005977311805199726,0.005977311805199726,0.007169252827765971,0.007169252827765971,0.004532500614271402,0.004532500614271402
2019-10-31,-0.0015337854523616164,-0.0015337854523616164,0.000913997753315199,0.000913997753315199,-0.0016543384277693306,-0.0016543384277693306,-0.00257582864857712,-0.00257582864857712,-6.231898627966927e-05,-6.231898627966927e-05
2019-11-01,0.001296626830844555,-0.0025,-0.0142237996992161,-0.0025,-0.008110039800767688,-0.0025,-0.0026210128087763795,-0.0025,-0.0018093222238478855,-0.0025000000000000005
2019-11-04,0.002078858389619697,-0.00031003049926919216,0.0027752385753928356,0.0002752385753928355,0.00027527131215232536,-0.0022247286878476747,0.002220725428851515,-0.0002792745711484852,0.0036003185745447476,0.0011003185745447472
2019-11-05,2.4829044454673316e-05,-0.0025000000000000005,0.002577987398980475,-0.0025,0.0014024779419407052,-0.0025,0.003357501858411416,-0.0025,0.0012608735732268785,-0.0025000000000000005
2019-11-06,-0.0017576718581448156,-0.004257671858144816,0.006421170700905133,0.003921170700905132,0.003105873993851494,0.000605873993851494,0.0009223274883454499,-0.0015776725116545501,0.00015540461376936112,-0.002344595386230639
2019-11-07,-0.00686882230949226,-0.0025000000000000005,-0.008534101769589597,-0.0025,-0.009352542121200645,-0.0025,-0.006159314778263785,-0.0025,-0.004500564571627114,-0.0025000000000000005
2019-11-08,0.003945574409417809,0.0,0.0007230710417027496,0.0,0.00737539948599606,0.0,0.004532531384171668,0.0,0.0044011820318129,0.0
2019-11-11,-0.017531432696932966,0.0,-0.01878412313682474,0.0,-0.01312258153973116,0.0,-0.013533316245506398,0.0,-0.011793454650661816,0.0
2019-11-12,0.004652554351224274,0.0,0.00961170238691902,0.0,0.00589276499841409,0.0,0.00419448119747395,0.0,0.004133542057469807,0.0
2019-11-13,0.004270599552050772,0.0,0.0005134523322580574,0.0,0.00020685487425770022,0.0,-0.00016616468827006508,0.0,-0.00014126722334680268,0.0
2019-11-14,0.0018791372909241957,0.0,-0.00351701097218935,0.0,0.0031125140916000494,0.0,0.0017503008422610727,0.0,0.0017538813470718449,0.0
2019-11-15,0.007350475372855374,0.0,-0.008021460220881614,0.0,-0.0026184853360162632,0.0,0.004689921968035592,0.0,0.005212327190815824,0.0
2019-11-18,0.008601488501255904,0.0061014885012559035,0.011465866441326189,0.008965866441326189,0.006530739643454165,0.004030739643454165,0.015972167061962982,0.013472167061962982,0.015693464666957792,0.013193464666957791
2019-11-19,-0.006599886791177423,-0.006599886791177423,0.0012073678134124405,0.0012073678134124405,-9.76427586991455e-05,-9.76427586991455e-05,-0.0025475714428430107,-0.0025475714428430107,-0.002710790084185988,-0.002710790084185988
2019-11-20,-0.010343687529365979,-0.010343687529365979,-0.0038755818601369676,-0.0038755818601369676,-0.007506610188140428,-0.007506610188140428,-0.009180404368045628,-0.009180404368045628,-0.0051045825281527905,-0.0051045825281527905
2019-11-21,0.008489659965971452,-0.0025000000000000005,0.0037706474420971417,-0.0025,-0.0010204853479220178,-0.0025,-0.001488865027758372,-0.0025,0.001650749830914933,-0.0025000000000000005
2019-11-22,0.0038392434387580212,0.0,0.0051764288263666195,0.0,0.004056913187926859,0.0,0.0013501668646994278,0.0,0.0005220478332479075,0.0
2019-11-25,0.007476009940144324,0.0,0.0011883036326458376,0.0,0.00259391910417609,0.0,0.006192409170885794,0.0,0.006172640663675955,0.0
2019-11-26,0.003208087681880498,0.0,0.0003293078291684904,0.0,0.005036904373292062,0.0,0.004773591500923972,0.0,0.0026153594740738807,0.0
2019-11-27,0.009037619540740043,0.006537619540740043,0.007098070067419916,0.004598070067419916,0.004531182145480895,0.0020311821454808946,0.00857594787255338,0.00607594787255338,0.005605136010897204,0.003105136010897204
2019-11-28,-0.003137514943665292,-0.003137514943665292,0.0015855756921772765,0.0015855756921772765,-0.003144746068144521,-0.003144746068144521,-0.005197745352338605,-0.005197745352338605,-0.004123344142169455,-0.004123344142169455
2019-11-29,-0.010087417518247772,-0.010087417518247772,-0.012113617363197339,-0.012113617363197339,-0.0075581056885136505,-0.0075581056885136505,-0.0080291378623192,-0.0080291378623192,-0.009032726896015652,-0.009032726896015652
2019-12-02,-0.0018799350651082449,-0.0025,-0.006903944195747625,-0.0025,-0.01127510531931061,-0.0025,-0.0057045587925463655,-0.0025,-0.006422422713503607,-0.0025000000000000005
2019-12-03,0.00445877799784032,0.0,0.0009217993497471435,0.0,0.003650420337317717,0.0,0.00048814544259601067,0.0,0.0014279398951289714,0.0
2019-12-04,-0.0016321651975753932,0.0,5.827340236199698e-05,0.0,0.001503747915532838,0.0,0.0011862429196891548,0.0,0.0006750015093854258,0.0
2019-12-05,0.008148567298298113,0.0,0.01138156892895257,0.0,0.00951039577926105,0.0,0.010203773529840855,0.0,0.011300741179187179,0.0
2019-12-06,0.004062382037505763,0.0015623820375057626,0.0015919591048426662,-0.0009080408951573338,0.015468911523880514,0.012968911523880513,0.00869436206252557,0.00619436206252557,0.0060220618036816,0.0035220618036816
2019-12-09,0.00493089445014495,0.00493089445014495,-0.004027382819220594,-0.004027382819220594,0.005673537491745752,0.005673537491745752,0.004235794553888524,0.004235794553888524,0.004459951591344714,0.004459951591344714
2019-12-10,0.003969241122436259,0.003969241122436259,0.00043791038222409364,0.00043791038222409364,0.0020704062619708364,0.0020704062619708364,0.005400908325108147,0.005400908325108147,0.0038185287374560787,0.0038185287374560787
2019-12-11,0.00621628842943802,0.00621628842943802,0.00587496471535367,0.00587496471535367,0.02010027562565966,0.02010027562565966,0.013989086020793899,0.013989086020793899,0.00987117817675611,0.00987117817675611
2019-12-12,0.01572192430531997,0.01572192430531997,0.00666419925530908,0.00666419925530908,0.023875523244676518,0.023875523244676518,0.018409217325220672,0.018409217325220672,0.014331704491500633,0.014331704491500633
2019-12-13,-0.0028081873101209673,-0.0028081873101209673,-0.01029139867090525,-0.01029139867090525,-0.01136168337937462,-0.01136168337937462,-0.0075744555862497474,-0.0075744555862497474,-0.006369415302383785,-0.006369415302383785
2019-12-16,0.004702541165088047,0.004702541165088047,0.007904579541201563,0.007904579541201563,0.0037513626285722414,0.0037513626285722414,0.0017321189281878238,0.0017321189281878238,0.0018418106215780106,0.0018418106215780106
2019-12-17,1.3904436280038295e-05,1.3904436280038295e-05,0.004708890045217285,0.004708890045217285,0.0022748391479751493,0.0022748391479751493,0.0011303908924403952,0.0011303908924403952,0.0031602490987564904,0.0031602490987564904
2019-12-18,0.0015464815732863383,0.0015464815732863383,0.00843772301240937,0.00843772301240937,0.0005461512228189134,0.0005461512228189134,0.001495662239471655,0.001495662239471655,0.00032284775100933135,0.00032284775100933135
2019-12-19,-0.0029579173047856746,-0.0029579173047856746,-0.0045469252126563164,-0.0045469252126563164,-0.003772791569769407,-0.003772791569769407,-0.004369086381856395,-0.004369086381856395,-0.0037557866422766985,-0.0037557866422766985
2019-12-20,-0.0008033549427675389,-0.0008033549427675389,-0.0047957547710954845,-0.0047957547710954845,-0.009996926578520771,-0.009996926578520771,-0.0072312271584885615,-0.0072312271584885615,-0.003823103401049516,-0.003823103401049516
2019-12-23,0.0005784931752378993,0.0005784931752378993,-0.0015255031000616982,-0.0015255031000616982,0.001879057080214663,0.001879057080214663,0.006585647133946855,0.006585647133946855,0.004878308406433845,0.004878308406433845
2019-12-24,0.0016461903366004162,0.0016461903366004162,-0.0017866757234474397,-0.0017866757234474397,-0.0007244801967787981,-0.0007244801967787981,0.004334259720526019,0.004334259720526019,0.0025356301609150704,0.0025356301609150704
2019-12-25,0.012494813468530572,0.012494813468530572,0.005446200013730485,0.005446200013730485,0.005644845647928476,0.005644845647928476,0.0056147507729837455,0.0056147507729837455,0.004719663704301097,0.004719663704301097
2019-12-26,0.001469082560971632,0.001469082560971632,8.306425042967623e-05,8.306425042967623e-05,-0.0026135038507593467,-0.0026135038507593467,-0.004395045603255831,-0.004395045603255831,-0.0029715009940619154,-0.0029715009940619154
2019-12-27,0.005203212152209704,0.005203212152209704,0.011500026283978705,0.011500026283978705,0.004225900117312243,0.004225900117312243,0.003209953809452896,0.003209953809452896,0.0036578613375372777,0.0036578613375372777
2019-12-30,-0.0017727159795555812,-0.0017727159795555812,0.009523800670650551,0.009523800670650551,0.0012928269509864588,0.0012928269509864588,-0.0013915142691615832,-0.0013915142691615832,-0.0009146299315071713,-0.0009146299315071713
2019-12-31,-0.0014061818609077343,-0.0014061818609077343,-0.003239315277731714,-0.003239315277731714,-0.0025885282816400903,-0.0025885282816400903,-0.0014587019184297168,-0.0014587019184297168,-0.0011761923087054648,-0.0011761923087054648
2020-01-02,0.006934341457405561,0.006934341457405561,0.005812493170181444,0.005812493170181444,0.01038021160618987,0.01038021160618987,0.008157234535333095,0.008157234535333095,0.008196035439911908,0.008196035439911908
2020-01-03,-0.007840454792076864,-0.007840454792076864,0.0028442585341725618,0.0028442585341725618,-0.005122183617917231,-0.005122183617917231,-0.0031310493391486067,-0.0031310493391486067,-0.005737121451590671,-0.005737121451590671
2020-01-06,-0.009163685740083596,-0.009163685740083596,-0.005231627279404761,-0.005231627279404761,-0.006790962722676598,-0.006790962722676598,-0.006947390858254599,-0.006947390858254599,-0.008927542313985088,-0.008927542313985088
2020-01-07,-0.0057438766392530205,-0.0024999999999999996,-0.002030261064116745,-0.0025,0.001255931606504169,-0.0025,-0.0012121654065068378,-0.0025,-0.005238652420420864,-0.0025
2020-01-08,-0.006074338587934461,0.0,-0.007644049560589484,0.0,-0.008345410759512562,0.0,-0.0063029968808992875,0.0,-0.004375516340138542,0.0
2020-01-09,0.011847337819364173,0.0,0.010370496721254988,0.0,0.012524567762241189,0.0,0.008361905509795483,0.0,0.01154656720158292,0.0
2020-01-10,-0.0015155085291648942,0.0,0.001693577318458628,0.0,0.0039891356887067474,0.0,0.004556269423004896,0.0,0.004397179337648394,0.0
2020-01-13,0.013357229009236141,0.010857229009236143,0.021387018381780167,0.01888701838178017,0.018133879480194903,0.015633879480194905,0.014036743315348122,0.011536743315348121,0.017023774375558635,0.014523774375558634
2020-01-14,0.010106128448096994,0.010106128448096994,0.006844407097248296,0.006844407097248296,0.014437769186115789,0.014437769186115789,0.010982500834035906,0.010982500834035906,0.00834452866698391,0.00834452866698391
2020-01-15,-0.005590882025068491,-0.005590882025068491,-0.009863519878603033,-0.009863519878603033,-0.010585394734968945,-0.010585394734968945,-0.007300428721787592,-0.007300428721787592,-0.006221207565804438,-0.006221207565804438
2020-01-16,0.00465413251182591,0.00465413251182591,-0.003332375025024526,-0.003332375025024526,0.004191629684353493,0.004191629684353493,0.005769059752691611,0.005769059752691611,0.004184687871660908,0.004184687871660908
2020-01-17,0.0044935223627872835,0.0044935223627872835,0.0020967468959755655,0.0020967468959755655,0.011206248450827282,0.011206248450827282,0.008616113841155813,0.008616113841155813,0.008187682156255684,0.008187682156255684
2020-01-20,0.003943611388692508,0.003943611388692508,0.0006115038458212932,0.0006115038458212932,-0.000678150129583788,-0.000678150129583788,-0.0006965101478631232,-0.0006965101478631232,0.00433529981584338,0.00433529981584338
2020-01-30,-0.0686372893467741,-0.0686372893467741,-0.05765312699897976,-0.05765312699897976,-0.07019385720956592,-0.07019385720956592,-0.0674670885616964,-0.0674670885616964,-0.06845813926932474,-0.06845813926932474
2020-01-31,0.00744931475040298,-0.0025,0.010253352204376088,-0.0025,0.010893310433803236,-0.0025,0.00933654019010257,-0.0025,0.010770214402154721,-0.0025
2020-02-03,-0.02473933783130873,0.0,-0.03203180579535703,0.0,-0.02453603667934653,0.0,-0.023260570992098682,0.0,-0.021955506694712766,0.0
2020-02-04,0.0200829597926488,0.0,0.01743413183505911,0.0,0.018060806755103673,0.0,0.02307141681025454,0.0,0.021002927607988546,0.0
2020-02-05,-0.001548939992496301,0.0,0.01238504580285793,0.0,0.006020518872463821,0.0,0.002744011436609021,0.0,0.0021712668915219563,0.0
2020-02-06,0.019348475773313306,0.0,0.027092407846463783,0.0,0.01977848012984793,0.0,0.02138779007714744,0.0,0.01789194570669558,0.0
2020-02-07,-0.017377468792202592,0.0,-0.02241802270606863,0.0,-0.017802999135579714,0.0,-0.017878426963932846,0.0,-0.016782377748486794,0.0
2020-02-10,-0.006791042314595442,0.0,-0.009459165674171556,0.0,-0.0042187916942251335,0.0,-0.005734564968636358,0.0,-0.005743096602603127,0.0
2020-02-11,0.015520122108296773,0.0,0.02943808713578329,0.0,0.01775786344026411,0.0,0.014577151929024985,0.0,0.013481343788703422,0.0
2020-02-12,0.013492444769863998,0.0,0.017653285244760623,0.0,0.01683182181423717,0.0,0.01680376478893475,0.0,0.013135314133516858,0.0
2020-02-13,-0.004866127740173758,-0.0073661277401737574,-0.0009356713012117717,-0.0034356713012117716,0.00043512273447976474,-0.0020648772655202353,0.0010811333844275828,-0.0014188666155724172,0.0008108500383206874,-0.0016891499616793126
2020-02-14,0.010913662411652304,0.010913662411652304,0.003910704226807327,0.003910704226807327,-0.003009514789494506,-0.003009514789494506,0.0015629297166032572,0.0015629297166032572,0.006460572030603906,0.006460572030603906
2020-02-17,-0.006984911551578167,-0.006984911551578167,0.010791693487387422,0.010791693487387422,-0.002020751381946551,-0.002020751381946551,-0.004369570873108918,-0.004369570873108918,-0.0058580265084919704,-0.0058580265084919704
2020-02-18,-0.00299790254390444,-0.00299790254390444,-0.002560024022792585,-0.002560024022792585,-0.002123278424872933,-0.002123278424872933,-0.0035461649813571805,-0.0035461649813571805,-0.002856881423271163,-0.002856881423271163
2020-02-19,0.004900567643901454,-0.0024999999999999996,0.0009696970385368654,-0.0025,0.0010835430323015262,-0.0025,0.0016706702708411717,-0.0025,0.0005873525436760282,-0.0025
2020-02-20,0.002334791475951216,-0.00016520852404878356,0.005621307044555191,0.003121307044555191,0.0004619438253768651,-0.002038056174623135,0.001661667188364372,-0.0008383328116356281,0.0020479178244986245,-0.0004520821755013755
2020-02-21,-0.004912181821985962,-0.004912181821985962,-0.011125688810438893,-0.011125688810438893,-0.005758634552181708,-0.005758634552181708,-0.005120359415136126,-0.005120359415136126,-0.0035103883955052485,-0.0035103883955052485
2020-02-24,-0.006656693747120709,-0.006656693747120709,-0.014761660476402616,-0.014761660476402616,-0.009075210718651317,-0.009075210718651317,-0.00792395042473626,-0.00792395042473626,-0.004703810339051406,-0.004703810339051406
2020-02-25,-0.006001476307770373,-0.0025,-0.0029431455900438266,-0.0025,-0.0020570917916424847,-0.0025,-0.004478944021696884,-0.0025,-0.00506722968869307,-0.0025
2020-02-26,-0.0042704489915232294,0.0,-0.001981228070101726,0.0,-0.005639585227045951,0.0,-0.007134899238343946,0.0,-0.004517693372632399,0.0
2020-02-27,-0.021837979436921447,0.0,-0.025086280298878695,0.0,-0.024641113660785193,0.0,-0.02283744203410958,0.0,-0.019074385685654643,0.0
2020-03-02,-0.00549941434578998,0.0,-0.006616392854728325,0.0,-0.005187738494087168,0.0,-0.005036695841923707,0.0,-0.0039916298722154075,0.0
2020-03-03,0.01530671026159856,0.0,0.009356245350941574,0.0,0.010726266261613417,0.0,0.011468488964465721,0.0,0.010685326475453972,0.0
2020-03-04,-0.007532892661355605,0.0,-0.007201800802253278,0.0,-0.006286883027532498,0.0,-0.010754969144250092,0.0,-0.009314465354083696,0.0
2020-03-05,0.01166318444143457,0.0,0.012636529277388852,0.0,0.0180498189492315,0.0,0.015280757557307439,0.0,0.011865413135117863,0.0
2020-03-06,-0.00624771240023322,-0.00874771240023322,-0.006069914650111019,-0.008569914650111018,-0.005947459674343414,-0.008447459674343414,-0.007482332132910682,-0.009982332132910682,-0.003993580325961599,-0.0064935803259615985
2020-03-09,-0.027360209124464605,-0.027360209124464605,-0.017996872074628724,-0.017996872074628724,-0.0124040764199025,-0.0124040764199025,-0.029532499451722555,-0.029532499451722555,-0.026134874504554102,-0.026134874504554102
2020-03-10,-0.0006880431605315526,-0.0024999999999999996,-0.006291826844109316,-0.0025,-0.004807675271316514,-0.0025,-0.005206428103941696,-0.0025,-0.006885864726209829,-0.0025
2020-03-11,-0.011553201907177709,0.0,-0.006437541631085276,0.0,-0.010626981757621147,0.0,-0.011995802561076338,0.0,-0.009978734209377506,0.0
2020-03-12,-0.05728458281104763,0.0,-0.05103645516118259,0.0,-0.05727690419708094,0.0,-0.06579594356520133,0.0,-0.06169014737553434,0.0
2020-03-13,-0.048703899748025976,0.0,-0.03347977519748735,0.0,-0.044704718930280635,0.0,-0.04125835334512477,0.0,-0.04220177839643537,0.0
2020-03-16,-0.04145534758840656,0.0,-0.03732431091724149,0.0,-0.031016090199719515,0.0,-0.03843351990382054,0.0,-0.033792769302895195,0.0
2020-03-17,-0.04381548028049134,0.0,-0.03807458319650192,0.0,-0.038429693194490806,0.0,-0.03779318769297806,0.0,-0.03999139409879196,0.0
2020-03-18,-0.026132299451049463,0.0,-0.022907836148477627,0.0,-0.03842244983026955,0.0,-0.030529410640937973,0.0,-0.024150787987974556,0.0
2020-03-19,-0.09087964128016193,0.0,-0.08823894601488061,0.0,-0.09290681050654252,0.0,-0.09218275225946171,0.0,-0.08840600643352174,0.0
2020-03-20,0.0716470234822854,0.0,0.06554755803596408,0.0,0.06510162744266079,0.0,0.07216162562739002,0.0,0.06918337777863601,0.0
2020-03-23,-0.030357713897095837,0.0,-0.03218062961474544,0.0,-0.03562418842393629,0.0,-0.03850548391737361,0.0,-0.03329044011032809,0.0
2020-03-24,0.05195763055132215,0.0,0.043584521328719865,0.0,0.052758029703405686,0.0,0.05631074403257944,0.0,0.050155334921867814,0.0
2020-03-25,0.04436747543106159,0.0,0.03954875980244848,0.0,0.03773409860562687,0.0,0.04620216373883269,0.0,0.04094332317925098,0.0
2020-03-26,0.016992477139038613,0.014492477139038614,0.020998519339845378,0.01849851933984538,0.01650976350844785,0.01400976350844785,0.021069579342457106,0.018569579342457107,0.015894273013687787,0.013394273013687787
2020-03-27,-0.0022935926025083367,-0.0022935926025083367,0.005292290147128843,0.005292290147128843,0.011863889006625028,0.011863889006625028,0.0017271954814719625,0.0017271954814719625,0.003484029662853755,0.003484029662853755
2020-03-30,-0.00014615833259082372,-0.00014615833259082372,-0.00261357713826178,-0.00261357713826178,-0.004770810681325188,-0.004770810681325188,-0.001743221268077858,-0.001743221268077858,-0.001954863120488465,-0.001954863120488465
2020-03-31,0.002512075427431255,0.002512075427431255,0.007540799641310515,0.007540799641310515,0.005425018803277516,0.005425018803277516,0.004656428828010302,0.004656428828010302,0.0038246346346583523,0.0038246346346583523
2020-04-01,0.0021963143750692075,0.0021963143750692075,-0.0001101120356894014,-0.0001101120356894014,0.0014522606044634848,0.0014522606044634848,-0.0006069198839256567,-0.0006069198839256567,0.00033893326287881586,0.00033893326287881586
2020-04-06,0.015734525064830914,0.015734525064830914,0.0058862414695186605,0.0058862414695186605,0.009116959892363963,0.009116959892363963,0.01617504136270048,0.01617504136270048,0.013074269115546707,0.013074269115546707
2020-04-07,0.026733080429751647,0.026733080429751647,0.03291162412104174,0.03291162412104174,0.03412189257964082,0.03412189257964082,0.03510729265209363,0.03510729265209363,0.028720373388765787,0.028720373388765787
2020-04-08,0.02187960646763942,0.02187960646763942,0.014464987157443822,0.014464987157443822,0.01688210548924698,0.01688210548924698,0.018719441461968377,0.018719441461968377,0.0177468779865584,0.0177468779865584
2020-04-09,0.0017972892112253227,0.0017972892112253227,0.0032200464716328316,0.0032200464716328316,0.002488556681423537,0.002488556681423537,0.0013689901289554531,0.0013689901289554531,0.0009097948372662028,0.0009097948372662028
2020-04-10,0.0076261739659422,0.0076261739659422,0.008900265688908426,0.008900265688908426,0.0066973697996308805,0.0066973697996308805,0.006721192617647979,0.006721192617647979,0.006899949789704846,0.006899949789704846
2020-04-13,-0.0006466382437650263,-0.0006466382437650263,-0.0019999216268840716,-0.0019999216268840716,-0.0034841930951338253,-0.0034841930951338253,-0.006769315413412421,-0.006769315413412421,-0.006726142051160527,-0.006726142051160527
2020-04-14,0.020553955874945077,0.020553955874945077,0.020434589600066878,0.020434589600066878,0.018330891562890472,0.018330891562890472,0.02316104617282303,0.02316104617282303,0.022507817247243746,0.022507817247243746
2020-04-15,0.013390412945232206,0.013390412945232206,0.025272471580814138,0.025272471580814138,0.025614778714591193,0.025614778714591193,0.015502303332624494,0.015502303332624494,0.016137957851048504,0.016137957851048504
2020-04-16,0.001423783322263394,0.001423783322263394,-0.0028818249092277485,-0.0028818249092277485,-3.507615393231176e-05,-3.507615393231176e-05,-0.0032519420307033516,-0.0032519420307033516,-0.003912644214217631,-0.003912644214217631
2020-04-17,0.01026590281408093,0.01026590281408093,0.0006639329551620501,0.0006639329551620501,0.002438087731736549,0.002438087731736549,-0.002682304718590967,-0.002682304718590967,0.0013467731356055503,0.0013467731356055503
2020-04-20,0.003627212261562253,0.003627212261562253,-0.010524386548921138,-0.010524386548921138,-0.0038367189152437417,-0.0038367189152437417,-0.0031951930153977684,-0.0031951930153977684,0.0006601502670536274,0.0006601502670536274
2020-04-21,-0.026014749832066364,-0.026014749832066364,-0.029852729828038903,-0.029852729828038903,-0.023346801767723625,-0.023346801767723625,-0.02826649798343507,-0.02826649798343507,-0.02731302536398806,-0.02731302536398806
2020-04-22,0.012188341187363878,0.012188341187363878,0.006887658243535811,0.006887658243535811,0.009485998917871509,0.009485998917871509,0.013543679209895736,0.013543679209895736,0.01413327042833042,0.01413327042833042
2020-04-23,0.00959054118416331,0.00959054118416331,0.008048710426487072,0.008048710426487072,0.010113438508144036,0.010113438508144036,0.014984626953464747,0.014984626953464747,0.012412081320888772,0.012412081320888772
2020-04-24,0.0004531136637649179,0.0004531136637649179,-0.0013586328118754265,-0.0013586328118754265,0.00226431540647678,0.00226431540647678,0.0020789435513481726,0.0020789435513481726,0.004319347169530059,0.004319347169530059
2020-04-27,0.021836517165715656,0.021836517165715656,0.016392246695854863,0.016392246695854863,0.02086959895064973,0.02086959895064973,0.023390570610856642,0.023390570610856642,0.020822739361867394,0.020822739361867394
2020-04-28,0.014947756553380116,0.014947756553380116,0.011995204559549368,0.011995204559549368,0.015226636145764073,0.015226636145764073,0.020156847992921077,0.020156847992921077,0.01782085972439903,0.01782085972439903
2020-04-29,0.011036899330301907,0.011036899330301907,0.009911176004046363,0.009911176004046363,0.007650109333352573,0.007650109333352573,0.010385696311422417,0.010385696311422417,0.010943288464532375,0.010943288464532375
2020-04-30,0.012071727082059005,0.012071727082059005,0.01051405552904925,0.01051405552904925,0.012046026502035935,0.012046026502035935,0.01092608461348419,0.01092608461348419,0.010459497611118035,0.010459497611118035
2020-05-04,-0.003149142504511945,-0.003149142504511945,-0.0078697631115187,-0.0078697631115187,-0.003927296849065298,-0.003927296849065298,-0.006402154565669207,-0.006402154565669207,-0.0062574684701645015,-0.0062574684701645015
2020-05-05,0.014103787209604198,0.014103787209604198,0.019509281636544376,0.019509281636544376,0.014770474726801621,0.014770474726801621,0.016133838915668768,0.016133838915668768,0.01781092541779227,0.01781092541779227
2020-05-06,0.007143895616804795,0.007143895616804795,-0.0010428672238758543,-0.0010428672238758543,0.01502992373364356,0.01502992373364356,0.009353837666194997,0.009353837666194997,0.012687136231221354,0.012687136231221354
2020-05-07,0.021146958662803406,0.021146958662803406,0.030867028434996162,0.030867028434996162,0.027749304953587905,0.027749304953587905,0.021655079290890243,0.021655079290890243,0.02253248768671023,0.02253248768671023
2020-05-08,0.004469123927932111,0.004469123927932111,-0.012855199481766545,-0.012855199481766545,0.004049908647610722,0.004049908647610722,0.012471269777893656,0.012471269777893656,0.0037526540560501257,0.0037526540560501257
2020-05-11,0.009805868872227176,0.009805868872227176,0.014070735948035719,0.014070735948035719,0.015597245640461456,0.015597245640461456,0.01628104972215535,0.01628104972215535,0.015174569494357987,0.015174569494357987
2020-05-12,0.0028417816628713726,0.0028417816628713726,0.02210161384938727,0.02210161384938727,0.02041262447163499,0.02041262447163499,0.006704754952150401,0.006704754952150401,0.0041074982332210686,0.0041074982332210686
2020-05-13,0.0018597874114969538,0.0018597874114969538,-0.007180793044764688,-0.007180793044764688,0.00040539169841296,0.00040539169841296,0.0027156118483917823,0.0027156118483917823,0.0025230500524198894,0.0025230500524198894
2020-05-14,-0.02468805597937764,-0.02468805597937764,-0.024269155108931174,-0.024269155108931174,-0.038968352050611235,-0.038968352050611235,-0.031670228064758846,-0.031670228064758846,-0.03273824052404013,-0.03273824052404013
2020-05-15,0.0017285496368774599,-0.0025,-0.004378659696711497,-0.0025,0.0010894299344212472,-0.0025000000000000005,0.0021817273014276798,-0.0025,-0.00033086255953174203,-0.0025
2020-05-18,-0.0057247093274237085,-0.008116013675249795,-0.01853011028066274,-0.021030110280662737,-0.01593925696381231,-0.01843925696381231,-0.014507849505374294,-0.017007849505374293,-0.005514823621951994,-0.008014823621951994
2020-05-19,0.007178661093114971,0.007178661093114971,0.0005809550133351716,0.0005809550133351716,0.005517688035602275,0.005517688035602275,0.007572146605614575,0.007572146605614575,0.005100926258287198,0.005100926258287198
2020-05-20,0.010435860714903567,0.010435860714903567,0.009845967621950003,0.009845967621950003,0.011354094207127177,0.011354094207127177,0.0049505997710990405,0.0049505997710990405,0.007057618607744959,0.007057618607744959
2020-05-21,0.018952244709758145,0.018952244709758145,0.013875356090575332,0.013875356090575332,0.018829602074469688,0.018829602074469688,0.022010966003514088,0.022010966003514088,0.01674887229008958,0.01674887229008958
2020-05-22,-0.01090676736590705,-0.01090676736590705,-0.015113555339866936,-0.015113555339866936,-0.016016935065382633,-0.016016935065382633,-0.016149791296580618,-0.016149791296580618,-0.015662212667104443,-0.015662212667104443
2020-05-25,0.009265402750956555,0.009265402750956555,0.01134851049136687,0.01134851049136687,0.0180153633181128,0.0180153633181128,0.015500151717498132,0.015500151717498132,0.009381837268070804,0.009381837268070804
2020-05-26,0.00921982843890557,0.00921982843890557,0.010930583813419183,0.010930583813419183,0.019598535155701514,0.019598535155701514,0.021271594879473235,0.021271594879473235,0.01476054134216671,0.01476054134216671
2020-05-27,0.00698499409520766,0.00698499409520766,0.004977417536835027,0.004977417536835027,0.00016411782998216923,0.00016411782998216923,0.00458237021384468,0.00458237021384468,0.0025423554981851386,0.0025423554981851386
2020-05-28,-0.010143014900212403,-0.010143014900212403,-0.00890373979603032,-0.00890373979603032,-0.01258712029785636,-0.01258712029785636,-0.011711671914346848,-0.011711671914346848,-0.009437511763513273,-0.009437511763513273
2020-05-29,0.007361049426803785,0.007361049426803785,-0.013785990682222705,-0.013785990682222705,0.0015637620302219708,0.0015637620302219708,-0.002055582519803016,-0.002055582519803016,0.0014260133259494205,0.0014260133259494205
2020-06-01,0.015927630869813556,0.015927630869813556,0.0178989881698,0.0178989881698,0.017506151208736664,0.017506151208736664,0.02445007669803344,0.02445007669803344,0.0242127336634457,0.0242127336634457
2020-06-02,0.0002371459448048694,0.0002371459448048694,0.013416657910025376,0.013416657910025376,0.011472572773715453,0.011472572773715453,0.014703067936106352,0.014703067936106352,0.004866288810541514,0.004866288810541514
2020-06-03,0.007572700779065777,0.007572700779065777,0.0042505500932292556,0.0042505500932292556,0.0021254821216444954,0.0021254821216444954,0.007118493805879145,0.007118493805879145,0.005942266398442442,0.005942266398442442
2020-06-04,0.009109444879226901,0.009109444879226901,0.0006207808766368168,0.0006207808766368168,-0.00045077155028149256,-0.00045077155028149256,0.013927812656632241,0.013927812656632241,0.012435889208546247,0.012435889208546247
2020-06-05,0.012847612065646465,0.012847612065646465,0.005098137258115655,0.005098137258115655,0.004972414985625217,0.004972414985625217,0.008467948671672302,0.008467948671672302,0.014978810175673797,0.014978810175673797
2020-06-08,0.005770028976389789,0.005770028976389789,-0.0036010049670459187,-0.0036010049670459187,-0.0021731761780174334,-0.0021731761780174334,0.008370791300609063,0.008370791300609063,0.009480745764954645,0.009480745764954645
2020-06-09,-0.003030107528781431,-0.003030107528781431,0.007696302619820883,0.007696302619820883,0.006670472806178473,0.006670472806178473,0.007112655121803612,0.007112655121803612,0.005010625567609389,0.005010625567609389
2020-06-10,-0.001050399646157272,-0.001050399646157272,0.008306516581089253,0.008306516581089253,-0.0029355157378639367,-0.0029355157378639367,-0.002510060866024432,-0.002510060866024432,-0.0032065664106727893,-0.0032065664106727893
2020-06-11,-0.022281503923986833,-0.022281503923986833,-0.01852580145053453,-0.01852580145053453,-0.017580343407773126,-0.017580343407773126,-0.02244418878254233,-0.02244418878254233,-0.026440679594276033,-0.026440679594276033
2020-06-12,-0.0038722950412708843,-0.0038722950412708843,-0.014050937414116515,-0.014050937414116515,-0.009155661628454992,-0.009155661628454992,-0.001590458500707603,-0.001590458500707603,-0.00022400419306169432,-0.00022400419306169432
2020-06-15,-0.004543290934644769,-0.0024999999999999996,0.01010531685583702,-0.0025,0.004637332994891408,-0.0025,0.0011579549972580373,-0.0025,-0.001544843667034712,-0.0025
2020-06-16,0.02230952251020104,0.0,0.00975815744277635,0.0,0.012441728983218315,0.0,0.014683985276114638,0.0,0.018229124356453515,0.0
2020-06-17,0.006257551624175068,0.003757551624175068,0.024359431932763465,0.021859431932763466,0.018082090418307606,0.015582090418307605,0.014357148078390324,0.011857148078390323,0.011894211654159432,0.009394211654159431
2020-06-18,0.007290041751015993,0.007290041751015993,0.006076704267658607,0.006076704267658607,0.004774165507608953,0.004774165507608953,0.009807588607002217,0.009807588607002217,0.006729866157439512,0.006729866157439512
2020-06-19,0.00047766247192734666,0.00047766247192734666,-0.00617641370971307,-0.00617641370971307,-0.006953403410111382,-0.006953403410111382,-0.0006736081132043161,-0.0006736081132043161,-0.0013439331586310947,-0.0013439331586310947
2020-06-22,0.005442123401987483,0.005442123401987483,-5.725285274356135e-05,-5.725285274356135e-05,0.0063096916952920966,0.0063096916952920966,0.012458264521239725,0.012458264521239725,0.00892446163696412,0.00892446163696412
2020-06-23,-0.0011034906206444574,-0.0011034906206444574,-0.00950358468284076,-0.00950358468284076,-0.009975251811784238,-0.009975251811784238,-0.010865638649414382,-0.010865638649414382,-0.005927249317029166,-0.005927249317029166
2020-06-24,0.0039860665914953596,0.0039860665914953596,-0.0018092024904343917,-0.0018092024904343917,0.003533731857848965,0.003533731857848965,0.004443858022771149,0.004443858022771149,0.007581706161564783,0.007581706161564783
2020-06-29,-0.008865635930531902,-0.008865635930531902,0.0031046565050889324,0.0031046565050889324,-0.004269579764801813,-0.004269579764801813,-0.009200323882788812,-0.009200323882788812,-0.010038148671424767,-0.010038148671424767
2020-06-30,0.013237780216155551,0.013237780216155551,0.0053547046225363775,0.0053547046225363775,0.009606092050855022,0.009606092050855022,0.010226696120811056,0.010226696120811056,0.011792027374124743,0.011792027374124743
2020-07-01,0.017164930158892443,0.017164930158892443,0.0025816867361565746,0.0025816867361565746,0.003699450954239436,0.003699450954239436,0.005422160355601939,0.005422160355601939,0.009878923034850664,0.009878923034850664
2020-07-02,0.021354065639127975,0.021354065639127975,0.018629790387163905,0.018629790387163905,0.02063669540945874,0.02063669540945874,0.0228001746821252,0.0228001746821252,0.026684019603757533,0.026684019603757533
2020-07-03,0.014120681043100883,0.014120681043100883,0.02600517524414081,0.02600517524414081,0.019433075177419323,0.019433075177419323,0.015873050252626544,0.015873050252626544,0.01961045418112733,0.01961045418112733
2020-07-06,0.02575769944368668,0.02575769944368668,0.01874937628182114,0.01874937628182114,0.018601000541420776,0.018601000541420776,0.020081140501093893,0.020081140501093893,0.025261566984004877,0.025261566984004877
2020-07-07,-0.006053264828922372,-0.006053264828922372,-0.010836604088547962,-0.010836604088547962,-0.011130883950661676,-0.011130883950661676,-0.007841765794422455,-0.007841765794422455,-0.002509518758695461,-0.002509518758695461
2020-07-08,0.02103648261784012,0.02103648261784012,0.0415061844826452,0.0415061844826452,0.0313024585094958,0.0313024585094958,0.02945312465350646,0.02945312465350646,0.02551088842091927,0.02551088842091927
2020-07-09,0.007481831929900074,0.007481831929900074,-0.010566901333715273,-0.010566901333715273,0.015992813615348288,0.015992813615348288,0.014341667310700716,0.014341667310700716,0.013678421432740602,0.013678421432740602
2020-07-10,-0.018820897802883763,-0.018820897802883763,-0.01473934921519544,-0.01473934921519544,-0.026427732903029945,-0.026427732903029945,-0.027567873635183825,-0.027567873635183825,-0.02512038104540651,-0.02512038104540651
2020-07-13,0.009623957598671228,0.009623957598671228,-0.004921573345299723,-0.004921573345299723,0.0011454861380247865,0.0011454861380247865,0.005847057761379407,0.005847057761379407,0.007439765256752268,0.007439765256752268
2020-07-14,-0.008525967487771081,-0.008525967487771081,-0.0062686969627629326,-0.0062686969627629326,-0.0048938772616727196,-0.0048938772616727196,-0.007780358492733855,-0.007780358492733855,-0.011642403081709147,-0.011642403081709147
2020-07-15,-0.004350645347268023,-0.004350645347268023,0.008072768061099933,0.008072768061099933,0.00021385085481220303,0.00021385085481220303,-0.001631931809369411,-0.001631931809369411,-0.0031540478241671886,-0.0031540478241671886
2020-07-16,0.004465534124234977,0.004465534124234977,0.009988211939104508,0.009988211939104508,0.0005919209788344823,0.0005919209788344823,0.0018240683233455475,0.0018240683233455475,0.0010902535524961235,0.0010902535524961235
2020-07-17,-0.012930702060416662,-0.012930702060416662,-0.00395567257529823,-0.00395567257529823,-0.006845099006846532,-0.006845099006846532,-0.012532217611867529,-0.012532217611867529,-0.012093326550003025,-0.012093326550003025
2020-07-20,0.0012355968723644275,-0.0024999999999999996,0.013837394117541903,-0.0025,0.00945861334188305,-0.0025,0.008407712545543488,-0.0025,0.009633310534453687,-0.0025000000000000005
2020-07-21,0.01636176629902849,0.0,0.02405226660984696,0.0,0.0176187852187903,0.0,0.014366513168588975,0.0,0.01537666304624353,0.0
2020-07-22,0.011420487580926952,0.008920487580926954,0.01707309970339295,0.014573099703392949,0.012947523806202356,0.010447523806202355,0.01194744392584425,0.00944744392584425,0.010782707605588316,0.008282707605588316
2020-07-23,0.006757902422992516,0.006757902422992516,0.012378680928770702,0.012378680928770702,0.014231252156498566,0.014231252156498566,0.01274588683527676,0.01274588683527676,0.015037353291229922,0.015037353291229922
2020-07-24,-0.01695668063288169,-0.01695668063288169,-0.03333912510941517,-0.03333912510941517,-0.024986758384452967,-0.024986758384452967,-0.021800933408672864,-0.021800933408672864,-0.015095595171615532,-0.015095595171615532
2020-07-27,-0.006353878969245627,-0.006353878969245627,-0.008543729967132641,-0.008543729967132641,-0.0011459679385825042,-0.0011459679385825042,-0.0044735473953829265,-0.0044735473953829265,-0.004281847358870211,-0.004281847358870211
2020-07-28,-0.02562782063175053,-0.02562782063175053,-0.016380305030233043,-0.016380305030233043,-0.01826950795760467,-0.01826950795760467,-0.02218267570047131,-0.02218267570047131,-0.026370183749718747,-0.026370183749718747
2020-07-29,0.013479579475023413,-0.0024999999999999996,0.019736165850320633,-0.0025,0.01355465574592142,-0.0025,0.014748071781474886,-0.0025,0.016898101404806458,-0.0025000000000000005
2020-07-30,0.008044784283730146,0.0,0.016982132741295963,0.0,0.009157211444377023,0.0,0.00869118715084407,0.0,0.007713229362475282,0.0
2020-07-31,0.0017310700536848648,-0.0007689299463151348,-0.011276415911298864,-0.013776415911298865,-0.0011473919378325425,-0.0036473919378325424,-0.0015215880299143773,-0.004021588029914378,-0.0015605706640338336,-0.004060570664033834
2020-08-03,0.0036829560020835215,0.0036829560020835215,0.005832306059472006,0.005832306059472006,0.00259013169404827,0.00259013169404827,0.0017275741367200823,0.0017275741367200823,0.0011271486248366166,0.0011271486248366166
2020-08-04,0.009751806231287977,0.009751806231287977,0.003075857503608437,0.003075857503608437,0.008114486140969235,0.008114486140969235,0.01517613494753749,0.01517613494753749,0.011704324010168084,0.011704324010168084
2020-08-05,0.017073022465137123,0.017073022465137123,0.020325801165663293,0.020325801165663293,0.010245245265697046,0.010245245265697046,0.016216988560874678,0.016216988560874678,0.015552297589053334,0.015552297589053334
2020-08-06,-0.008877548838904055,-0.008877548838904055,-0.005382495509460839,-0.005382495509460839,-0.002052541439450684,-0.002052541439450684,-0.002691827135625065,-0.002691827135625065,-0.0044363741919831055,-0.0044363741919831055
2020-08-07,-0.007034649093744759,-0.007034649093744759,0.0002162412326019332,0.0002162412326019332,-0.0018215152684255783,-0.0018215152684255783,-0.0020939882763678494,-0.0020939882763678494,-0.007818953117833056,-0.007818953117833056
2020-08-10,-0.004628599892823396,-0.004628599892823396,-0.006392999474397043,-0.006392999474397043,-0.005261561719851681,-0.005261561719851681,-0.01032452797482677,-0.01032452797482677,-0.010083262497300122,-0.010083262497300122
2020-08-11,-0.01755027046063728,-0.01755027046063728,-0.01640931723956305,-0.01640931723956305,-0.01872897535792356,-0.01872897535792356,-0.01640663048744758,-0.01640663048744758,-0.01508620800550346,-0.01508620800550346
2020-08-12,0.0009906874138160997,-0.0024999999999999996,0.008214386680182751,-0.0025,0.004823904742017869,-0.0025,0.00421160390295483,-0.0025,0.0036384709811729194,-0.0025000000000000005
2020-08-13,-0.0009316525017261972,0.0,0.021088457784141437,0.0,0.005238096148780947,0.0,0.00037604896208593943,0.0,-0.0009117000991198503,0.0
2020-08-14,0.008797388936234385,0.0,0.01107959325266328,0.0,0.014397472198185525,0.0,0.01386568301568908,0.0,0.0124124344154833,0.0
2020-08-17,0.01053180876090627,0.00803180876090627,0.02912667346472589,0.02662667346472589,0.015946993416539657,0.013446993416539656,0.01400254724439666,0.01150254724439666,0.009570502839912199,0.007070502839912198
2020-08-18,-0.010854281433072878,-0.010854281433072878,-0.008693170058061674,-0.008693170058061674,-0.012345701284671407,-0.012345701284671407,-0.008895235378810073,-0.008895235378810073,-0.010464187855294228,-0.010464187855294228
2020-08-19,-0.008412119793696932,-0.0024999999999999996,-0.006961359096919507,-0.0025,-0.008159085452119352,-0.0025,0.00039575111595639294,-0.0025,-0.004443892539129689,-0.0025000000000000005
2020-08-20,-0.04498113686015654,0.0,-0.042104239426010985,0.0,-0.042087718788369116,0.0,-0.04429851360651628,0.0,-0.04507536623761049,0.0
2020-08-21,0.031887740465431504,0.0,0.04359075609177641,0.0,0.02925638794959633,0.0,0.0318475252776523,0.0,0.032318186528883054,0.0
2020-08-24,0.01374312031378912,0.0,0.018859451648666113,0.0,0.007137384762231125,0.0,0.014589003472988096,0.0,0.012092062807931254,0.0
2020-08-25,0.00574860052283035,0.0,0.002598667148450562,0.0,0.00666485023875304,0.0,0.004032662571973937,0.0,0.006549448988415269,0.0
2020-08-26,0.019771651002143727,0.0,0.013297930500938925,0.0,0.01739854055406973,0.0,0.012507364446142828,0.0,0.014513085106721254,0.0
2020-08-27,-0.0027977850111661185,-0.005297785011166118,-0.010081360468734936,-0.012581360468734936,-0.009749120022880819,-0.01224912002288082,-0.006417764567510575,-0.008917764567510575,-0.004136346878392994,-0.006636346878392994
2020-08-28,-0.001224503509350019,-0.0024999999999999996,-0.007464426434114846,-0.0025,-0.002560812897427255,-0.0025,-0.003498625823560635,-0.0025,-0.0012361959768770856,-0.0025000000000000005
2020-08-31,-0.002426810675118333,0.0,-0.0021490569128177926,0.0,-0.004256550130661796,0.0,-0.0064476439107076094,0.0,-0.003370053524449358,0.0
2020-09-01,0.003443375204024973,0.0,-0.004846167907750565,0.0,-0.0029767977583375566,0.0,-0.0002612493558650155,0.0,0.0017345285121043664,0.0
2020-09-02,0.0028859002572160196,0.00038590025721601997,0.0030746685261111807,0.0005746685261111806,0.0004870068301316095,-0.0020129931698683904,-0.002381527003074472,-0.004881527003074472,-0.000725636960414161,-0.0032256369604141614
2020-09-03,0.0026099086302993845,0.0026099086302993845,0.012521804553978734,0.012521804553978734,0.008164381757105921,0.008164381757105921,0.006503697334763406,0.006503697334763406,0.0048600304252045205,0.0048600304252045205
2020-09-04,-0.0005140709407728326,-0.0005140709407728326,0.014886627299069005,0.014886627299069005,0.006522614651801942,0.006522614651801942,-0.0012681659089862549,-0.0012681659089862549,-0.002822359574682392,-0.002822359574682392
2020-09-07,-0.011724134772364489,-0.011724134772364489,-0.038836862572027564,-0.038836862572027564,-0.023213998236918422,-0.023213998236918422,-0.01664193281511272,-0.01664193281511272,-0.014039952054277832,-0.014039952054277832
2020-09-08,0.0006438797995031273,-0.0024999999999999996,-0.00030652200811238754,-0.0025,0.0007621280238115473,-0.0025,0.0004039175515572716,-0.0025,0.001130674371175782,-0.0025000000000000005
2020-09-09,-0.001323545981241478,0.0,0.007392301709223715,0.0,0.0013240865809133419,0.0,0.002168991224085307,0.0,0.00032471737857610013,0.0
2020-09-10,0.00019807494611261811,0.0,-0.019615602288296598,0.0,-0.004096541993950608,0.0,-0.006845146480806941,0.0,-0.005307212426499723,0.0
2020-09-11,-0.0076081835955185044,0.0,-0.00271285588831216,0.0,-0.004126949147833769,0.0,-0.005042891979476145,0.0,-0.005284493214413566,0.0
2020-09-14,0.01715651054516055,0.0,0.011431195349662727,0.0,0.01761426725944535,0.0,0.014968693548246141,0.0,0.01298118537648374,0.0
2020-09-15,0.001090139559543525,-0.0014098604404564755,0.0028639124881328915,0.0003639124881328914,0.0007652960529804133,-0.0017347039470195866,0.0008860353486147779,-0.001613964651385222,0.0011614516986948322,-0.0013385483013051683
2020-09-16,0.0019049352383253317,0.0019049352383253317,3.694298561069992e-05,3.694298561069992e-05,-0.0024592401826757145,-0.0024592401826757145,0.004833709564743716,0.004833709564743716,0.00447946355685453,0.00447946355685453
2020-09-17,0.0011796592492982995,0.0011796592492982995,0.003944081289875711,0.003944081289875711,0.004754795579602122,0.004754795579602122,0.004255347071483843,0.004255347071483843,0.0028157592489116206,0.0028157592489116206
2020-09-18,0.004117880137605692,0.004117880137605692,8.348533761548234e-06,8.348533761548234e-06,0.0012719134300740228,0.0012719134300740228,0.0015065155211877158,0.0015065155211877158,0.005139623369913039,0.005139623369913039
2020-09-21,-0.006391495404083066,-0.006391495404083066,-0.01812737234034949,-0.01812737234034949,-0.012523467702055258,-0.012523467702055258,-0.015327771211651483,-0.015327771211651483,-0.013456910392974376,-0.013456910392974376
2020-09-22,-0.006427489228273984,-0.006427489228273984,-0.007859729856526944,-0.007859729856526944,-0.008067444793620858,-0.008067444793620858,-0.009657318577049885,-0.009657318577049885,-0.007070568054550468,-0.007070568054550468
2020-09-23,-0.0029499092204184284,-0.0029499092204184284,-0.014001753067812152,-0.014001753067812152,-0.0099301652831037,-0.0099301652831037,-0.006748142187585475,-0.006748142187585475,-0.006231005164483527,-0.006231005164483527
2020-09-24,-0.018754454887210302,-0.018754454887210302,-0.02323409740039784,-0.02323409740039784,-0.024276089574389648,-0.024276089574389648,-0.016057712700429667,-0.016057712700429667,-0.017083428674840608,-0.017083428674840608
2020-09-25,-0.01825271434519303,-0.01825271434519303,-0.014201356707617706,-0.014201356707617706,-0.019539859125607562,-0.019539859125607562,-0.024395150542325293,-0.024395150542325293,-0.02014496112811714,-0.02014496112811714
2020-09-28,0.016611730071296703,-0.0024999999999999996,0.020619010532690576,-0.0025,0.016849701276295148,-0.0025,0.015417046151579003,-0.0025,0.016970632875714535,-0.0025000000000000005
2020-09-29,0.001090470119671595,0.0,-0.005315003139715536,0.0,-0.0008853727482451279,0.0,0.00299228687479709,0.0,0.006543689318487606,0.0
2020-09-30,0.007406701640763307,0.0,0.011199359890413475,0.0,0.009612590572196399,0.0,0.007658115932659918,0.0,0.0046407321389125115,0.0
2020-10-05,0.0071108362299000675,0.004610836229900068,0.009708631167660832,0.008208631167660832,0.007934472735322351,0.005934472735322351,0.004113501823168453,0.001946835156501786,0.004496815490973306,0.002246815490973306
2020-10-06,0.006744843622856855,0.006744843622856855,0.005738435376457041,0.005738435376457041,0.00644008381785075,0.00644008381785075,0.006477712824795551,0.006477712824795551,0.007667257042979342,0.007667257042979342
2020-10-07,0.00011864649703443442,0.00011864649703443442,0.0011912943871706717,0.0011912943871706717,0.0005135178824914655,0.0005135178824914655,0.0011093502271433504,0.0011093502271433504,0.0026738623663976895,0.0026738623663976895
2020-10-08,0.0019878215347170075,0.0019878215347170075,-0.00035257696109014546,-0.00035257696109014546,0.0023808540119933386,0.0023808540119933386,0.0031418569902111966,0.0031418569902111966,0.0009836944783506827,0.0009836944783506827
2020-10-12,-0.007975045574268943,-0.007975045574268943,-0.007577810292609222,-0.007577810292609222,-0.007966389991753198,-0.007966389991753198,-0.0010658330709540996,-0.0010658330709540996,-0.005450319140185328,-0.005450319140185328
2020-10-13,-0.001921693587477924,-0.001921693587477924,-0.001464724511840898,-0.001464724511840898,-0.003108815544141874,-0.003108815544141874,-0.0024283055781443076,-0.0024283055781443076,0.002499967573178586,0.002499967573178586
2020-10-14,0.012024757336353971,0.012024757336353971,0.004584686159186125,0.004584686159186125,0.013251352518789674,0.013251352518789674,0.010033894231317767,0.010033894231317767,0.014049187955029359,0.014049187955029359
2020-10-15,-0.0023042880876124505,-0.0023042880876124505,-0.00489453081854121,-0.00489453081854121,-0.004517498981000123,-0.004517498981000123,-0.002419273287487271,-0.002419273287487271,-0.0060451483347501,-0.0060451483347501
2020-10-16,-0.008784087088797524,-0.008784087088797524,-0.007878891878732275,-0.007878891878732275,-0.01347646952724847,-0.01347646952724847,-0.010914683934860977,-0.010914683934860977,-0.012112984309964797,-0.012112984309964797
2020-10-19,0.005177198301151539,0.005177198301151539,0.013203284504680468,0.013203284504680468,0.013764577611332075,0.013764577611332075,0.008768177804897678,0.008768177804897678,0.008549740018403695,0.008549740018403695
2020-10-20,-0.002281114089662921,-0.002281114089662921,-0.009595582717879548,-0.009595582717879548,-0.006663463062273389,-0.006663463062273389,-0.004568997074372787,-0.004568997074372787,-0.0008341040379040824,-0.0008341040379040824
2020-10-21,0.009423711745943014,0.009423711745943014,0.00188681069063843,0.00188681069063843,0.0030436013471841442,0.0030436013471841442,0.00554116269642276,0.00554116269642276,0.0057505405608473895,0.0057505405608473895
2020-10-22,-0.004643533928300417,-0.004643533928300417,-0.008640641608605204,-0.008640641608605204,-0.009486907475251395,-0.009486907475251395,-0.004773986459992637,-0.004773986459992637,-0.004311646664412517,-0.004311646664412517
2020-10-23,0.004171644035827818,0.004171644035827818,-0.0005571900892135107,-0.0005571900892135107,0.007999077302537738,0.007999077302537738,0.006414922498334507,0.006414922498334507,0.005655729394239173,0.005655729394239173
2020-10-26,-0.00237140293583423,-0.00237140293583423,-0.0039170807063536595,-0.0039170807063536595,-0.006130954472629392,-0.006130954472629392,-0.0015911626468468288,-0.0015911626468468288,-0.0009240351374818271,-0.0009240351374818271
2020-10-27,-0.0015305542234708316,-0.0024999999999999996,-0.00037919823979963856,-0.0025,-0.002061298563416803,-0.0025,-0.003579414249686234,-0.0025,-0.0024954542109246964,-0.0025
2020-10-28,-0.006851318383961457,0.0,-0.004613160655106996,0.0,-0.005608735920827212,0.0,-0.006251329160209148,0.0,-0.0058590326696949975,0.0
2020-10-29,-0.005145191578790707,0.0,-0.011662955172426928,0.0,-0.004307875915493232,0.0,-0.003768940747594056,0.0,-0.002672426794480632,0.0
2020-10-30,-0.010116891552116205,0.0,-0.016511225296063147,0.0,-0.011894137415081364,0.0,-0.008100465955002268,0.0,-0.009315871920483451,0.0
2020-11-02,-0.004872119069363816,0.0,-0.0019008992816615944,0.0,-0.006182400815409993,0.0,-0.0009412849933285647,0.0,-0.0004135438539953068,0.0
2020-11-03,0.013382724396278451,0.0,0.014915693476337255,0.0,0.01915473218204238,0.0,0.01529022835423522,0.0,0.013265041803071448,0.0
2020-11-04,0.006378426567811446,0.0,0.01199542124172668,0.0,0.01184947879144518,0.0,0.007892014164775014,0.0,0.00396021602680951,0.0
2020-11-05,0.003027008858812581,0.0,0.009226843043097465,0.0,0.0038246799148535576,0.0,0.0029060768775780008,0.0,0.002818983304137579,0.0
2020-11-06,0.00021886761974720487,-0.0022811323802527953,0.005262163332206394,0.0027621633322063937,0.0007744203589256872,-0.0017255796410743129,0.0012856508123160416,-0.0012143491876839584,0.0003294737226202548,-0.002170526277379746
2020-11-09,0.011283411857019787,0.011283411857019787,0.017653145448545616,0.017653145448545616,0.015314880450665693,0.015314880450665693,0.010540587954384603,0.010540587954384603,0.007820354942627734,0.007820354942627734
2020-11-10,-0.002215287802733064,-0.002215287802733064,-0.010463845818093032,-0.010463845818093032,-0.007479712705247077,-0.007479712705247077,-0.004446303005726104,-0.004446303005726104,-0.004878610296462582,-0.004878610296462582
2020-11-11,0.015892467638268765,0.015892467638268765,0.010917192323616522,0.010917192323616522,0.021803488622731782,0.021803488622731782,0.01906439765678699,0.01906439765678699,0.02041283536828374,0.02041283536828374
2020-11-12,0.0001587218750537429,0.0001587218750537429,-0.0006933489634620253,-0.0006933489634620253,-0.0053327420853426346,-0.0053327420853426346,-0.004247722315582865,-0.004247722315582865,-0.003975357936640367,-0.003975357936640367
2020-11-13,0.009280464103937975,0.009280464103937975,0.013853028761043353,0.013853028761043353,0.006132021167027624,0.006132021167027624,0.004813961798283447,0.004813961798283447,0.004724867453361299,0.004724867453361299
2020-11-16,0.013025354743164016,0.013025354743164016,0.014175114174031656,0.014175114174031656,0.010655156371006636,0.010655156371006636,0.011903148620982733,0.011903148620982733,0.010318207963503962,0.010318207963503962
2020-11-17,-0.0005738849063062558,-0.0005738849063062558,-0.013428317568714833,-0.013428317568714833,-0.005423606809659399,-0.005423606809659399,-0.003961379365054895,-0.003961379365054895,-0.004175821468138775,-0.004175821468138775
2020-11-18,0.004159349150179959,0.004159349150179959,0.0054984286456020385,0.0054984286456020385,0.0012407719953576924,0.0012407719953576924,0.0015372038058404666,0.0015372038058404666,0.0021635573880894265,0.0021635573880894265
2020-11-19,0.001980764113516655,0.001980764113516655,-0.002200681615014144,-0.002200681615014144,0.0008082232282952797,0.0008082232282952797,-0.00047360126991114674,-0.00047360126991114674,0.0032476914833856896,0.0032476914833856896
2020-11-20,0.005545493678371084,0.005545493678371084,0.014214637991797499,0.014214637991797499,0.009962129157172993,0.009962129157172993,0.006825171146760318,0.006825171146760318,0.004537418346755545,0.004537418346755545
2020-11-23,0.0019003473404490608,0.0019003473404490608,0.0026383905295539914,0.0026383905295539914,0.006040321950721395,0.006040321950721395,0.006371557438939741,0.006371557438939741,0.003284081666536393,0.003284081666536393
2020-11-24,-0.0015043310211443556,-0.0015043310211443556,0.006239614489863721,0.006239614489863721,0.0073396559786421236,0.0073396559786421236,0.003405690413882656,0.003405690413882656,0.0048391078682194725,0.0048391078682194725
2020-11-25,-0.005055245668327204,-0.005055245668327204,-0.009178664195817789,-0.009178664195817789,-0.00992246097033631,-0.00992246097033631,-0.006213067098590286,-0.006213067098590286,-0.004133020208401373,-0.004133020208401373
2020-11-26,0.007888353838093852,0.007888353838093852,0.00027542681755510245,0.00027542681755510245,0.0022842092719066783,0.0022842092719066783,0.004114076069295902,0.004114076069295902,0.005531746368969055,0.005531746368969055
2020-11-27,0.014867124311408955,0.014867124311408955,0.00317424402887696,0.00317424402887696,0.010149991083925213,0.010149991083925213,0.010165755459337473,0.010165755459337473,0.015585368816138114,0.015585368816138114
2020-11-30,-0.0015676007918399004,-0.0015676007918399004,-0.009726987177782642,-0.009726987177782642,-0.0073912519130918015,-0.0073912519130918015,-0.0022762105984948247,-0.0022762105984948247,-0.001955365218046335,-0.001955365218046335
2020-12-01,0.00022501553298567094,0.00022501553298567094,0.013448306691447143,0.013448306691447143,0.006574168812143645,0.006574168812143645,0.0027603276157752493,0.0027603276157752493,0.0026518882742058106,0.0026518882742058106
2020-12-02,0.009412671437994796,0.009412671437994796,0.02087703937840977,0.02087703937840977,0.013639526261960789,0.013639526261960789,0.008667249341474847,0.008667249341474847,0.00695055384424853,0.00695055384424853
2020-12-03,-1.4673805669476216e-05,-1.4673805669476216e-05,0.0022235874886296974,0.0022235874886296974,0.005395711280054516,0.005395711280054516,0.0001109478377509704,0.0001109478377509704,0.001252558895807793,0.001252558895807793
2020-12-04,0.002458439888339284,0.002458439888339284,0.004766236143891224,0.004766236143891224,-0.0004778058674416391,-0.0004778058674416391,0.00032441132280437083,0.00032441132280437083,-0.0019306540317083512,-0.0019306540317083512
2020-12-07,-0.0007073441905688724,-0.0007073441905688724,0.012392465570397637,0.012392465570397637,0.006102155235789276,0.006102155235789276,0.003830274210448688,0.003830274210448688,0.000176840665653555,0.000176840665653555
2020-12-08,0.0075112891529399775,0.0075112891529399775,0.008574266601226444,0.008574266601226444,0.014737205666403252,0.014737205666403252,0.008814259809687131,0.008814259809687131,0.010747137630186752,0.010747137630186752
2020-12-09,0.010502982238306736,0.010502982238306736,0.010949979772570105,0.010949979772570105,0.02124314988554099,0.02124314988554099,0.014125594623607353,0.014125594623607353,0.014715023763207663,0.014715023763207663
2020-12-10,-0.005100532318227356,-0.005100532318227356,-0.0028589129962998563,-0.0028589129962998563,-0.006248298882686065,-0.006248298882686065,0.00023005421056835704,0.00023005421056835704,-0.0022686532198134043,-0.0022686532198134043
2020-12-11,-0.015409138104781058,-0.015409138104781058,-0.01636409085899393,-0.01636409085899393,-0.015757643492144213,-0.015757643492144213,-0.012867202391383082,-0.012867202391383082,-0.015192560956722976,-0.015192560956722976
2020-12-14,0.004988092821524971,0.004988092821524971,0.001957963462910084,0.001957963462910084,0.0032277467196116234,0.0032277467196116234,0.006495209584284133,0.006495209584284133,0.0052870274609452044,0.0052870274609452044
2020-12-15,-0.0158429053267337,-0.0158429053267337,-0.008984483873387395,-0.008984483873387395,-0.00890181514989855,-0.00890181514989855,-0.011415863182327339,-0.011415863182327339,-0.013068361287011627,-0.013068361287011627
2020-12-16,0.011366434348182283,-0.0025,0.002139672159976236,-0.0025,0.01034032705707233,-0.0025,0.00868489847624986,-0.0025,0.010767599733172655,-0.0025000000000000005
2020-12-17,-0.0021543346582039535,-0.004654334658203954,-0.0005059230639702373,-0.0030059230639702373,-0.001276546704841852,-0.003776546704841852,-0.00017147890435669183,-0.0026714789043566917,-0.0029588176258842254,-0.005458817625884226
2020-12-18,-0.004322425749082668,-0.004322425749082668,-0.010805511497542341,-0.010805511497542341,-0.010618779668911482,-0.010618779668911482,-0.009181265378112015,-0.009181265378112015,-0.010841411460559962,-0.010841411460559962
2020-12-21,-0.0009868476718728927,-0.0009868476718728927,0.0005668837227308379,0.0005668837227308379,-0.0018222839833523241,-0.0018222839833523241,-0.002944052472567763,-0.002944052472567763,-0.0029349993196338187,-0.0029349993196338187
2020-12-22,-0.01645751065065244,-0.01645751065065244,-0.021304357536541807,-0.021304357536541807,-0.020818337898569995,-0.020818337898569995,-0.018342684933266136,-0.018342684933266136,-0.017006025290380363,-0.017006025290380363
2020-12-23,0.009269750243685145,-0.0025,0.007258319217967158,-0.0025,0.011427576226061444,-0.0025,0.009441319437169363,-0.0025,0.00926473083452797,-0.0025000000000000005
2020-12-24,0.006747487247162931,0.0,0.0032551067522703196,0.0,0.010544890199781677,0.0,0.009657998768526733,0.0,0.00837538974362299,0.0
2020-12-25,0.003939874807990061,0.0014398748079900606,-0.0007936370877330567,-0.003293637087733057,-0.0030032483035754786,-0.005503248303575479,-0.0009131758984115113,-0.0034131758984115115,-0.00048588383472971124,-0.0029858838347297115
2020-12-28,0.003874260849571989,0.003874260849571989,0.006386864046897077,0.006386864046897077,0.003550767690496703,0.003550767690496703,0.0035440928443801383,0.0035440928443801383,0.005437251759848023,0.005437251759848023
2020-12-29,-0.004150016859182309,-0.004150016859182309,-0.004910367655750658,-0.004910367655750658,0.004566625994645248,0.004566625994645248,0.002830897248788444,0.002830897248788444,0.00011499474032745146,0.00011499474032745146
2020-12-30,0.0073007743305842495,0.0073007743305842495,0.004988760883303867,0.004988760883303867,-0.0010844286410636851,-0.0010844286410636851,0.002952030390057203,0.002952030390057203,0.0032948739142736995,0.0032948739142736995
2020-12-31,0.003309148382630364,0.003309148382630364,0.001462086678573549,0.001462086678573549,-0.004509870642216385,-0.004509870642216385,-0.0032339645013276385,-0.0032339645013276385,-0.0008375813872359357,-0.0008375813872359357
2021-01-04,0.010425118239877712,0.010425118239877712,0.015531526211145952,0.015531526211145952,0.01137167356232277,0.01137167356232277,0.009655312858230078,0.009655312858230078,0.009031404884700616,0.009031404884700616
2021-01-05,0.0005162191818234888,0.0005162191818234888,0.0034436504953870638,0.0034436504953870638,0.0025360423398297586,0.0025360423398297586,-0.00037936172668232937,-0.00037936172668232937,-0.003731682481775717,-0.003731682481775717
2021-01-06,-0.010817202655595737,-0.010817202655595737,-0.01259540582060439,-0.01259540582060439,-0.009487757049604773,-0.009487757049604773,-0.009594983119712986,-0.009594983119712986,-0.00933109362219683,-0.00933109362219683
2021-01-07,0.011755299471257578,0.011755299471257578,0.00030524511550309493,0.00030524511550309493,0.00513204881600573,0.00513204881600573,0.00459840911293424,0.00459840911293424,0.006315352968071397,0.006315352968071397
2021-01-08,-0.002358608905214408,-0.002358608905214408,-0.0008821965245660256,-0.0008821965245660256,0.007700108908967407,0.007700108908967407,0.003550869316107796,0.003550869316107796,0.00222923017244605,0.00222923017244605
2021-01-11,0.010898965618918193,0.010898965618918193,0.0308074529160449,0.0308074529160449,0.014984525274602912,0.014984525274602912,0.01745168871093775,0.01745168871093775,0.014866710888624679,0.014866710888624679
2021-01-12,-0.016990150384228127,-0.016990150384228127,0.009794086394286004,0.009794086394286004,-0.005307339883709251,-0.005307339883709251,-0.007796270156085305,-0.007796270156085305,-0.009406199150872116,-0.009406199150872116
2021-01-13,0.01420060560448149,0.01420060560448149,0.019567333914351566,0.019567333914351566,0.015941466480106994,0.015941466480106994,0.012708565311734567,0.012708565311734567,0.01119341579662262,0.01119341579662262
2021-01-14,0.0014604498352373716,0.0014604498352373716,0.006790358858763868,0.006790358858763868,0.003157339101625323,0.003157339101625323,0.0061419865999693185,0.0061419865999693185,0.005396700293650509,0.005396700293650509
2021-01-15,-0.01068959718754206,-0.01068959718754206,-0.018152909149672318,-0.018152909149672318,-0.01132563911572243,-0.01132563911572243,-0.013228546204484415,-0.013228546204484415,-0.012756390121835605,-0.012756390121835605
2021-01-18,0.006992583161775378,0.006992583161775378,-0.0031671399862692514,-0.0031671399862692514,0.0030159740796974924,0.0030159740796974924,0.0008661607200728838,0.0008661607200728838,0.0020557902772458726,0.0020557902772458726
2021-01-19,0.00732241518638763,0.00732241518638763,0.016625803999086284,0.016625803999086284,0.0078650822652503,0.0078650822652503,0.01081642238650827,0.01081642238650827,0.007451598053423209,0.007451598053423209
2021-01-20,-0.016229816544443745,-0.016229816544443745,-0.02573695729445822,-0.02573695729445822,-0.02288545429081207,-0.02288545429081207,-0.013076995379166477,-0.013076995379166477,-0.01312351443976959,-0.01312351443976959
2021-01-21,0.007945013616361704,0.007945013616361704,0.028584731367890595,0.028584731367890595,0.014531707013950903,0.014531707013950903,0.006437087143514187,0.006437087143514187,0.006108605430207688,0.006108605430207688
2021-01-22,0.015755601369411985,0.015755601369411985,0.03696433182547359,0.03696433182547359,0.023238091333549194,0.023238091333549194,0.012155656884227203,0.012155656884227203,0.010531505103089879,0.010531505103089879
2021-01-25,0.001006109233337967,0.001006109233337967,0.004183497196675679,0.004183497196675679,0.0012034137742634845,0.0012034137742634845,-7.326892674018468e-05,-7.326892674018468e-05,0.0037175478231815783,0.0037175478231815783
2021-01-26,-0.015612501953440654,-0.015612501953440654,-0.027363231010403236,-0.027363231010403236,-0.01602884077963972,-0.01602884077963972,-0.01391821765542723,-0.01391821765542723,-0.015019629689104096,-0.015019629689104096
2021-01-27,0.006185007663289816,0.006185007663289816,0.002435906667677323,0.002435906667677323,0.000426594870835628,0.000426594870835628,0.0021864942177988846,0.0021864942177988846,0.0027190505971336097,0.0027190505971336097
2021-01-28,-0.009737476963586277,-0.009737476963586277,-0.030303207869189254,-0.030303207869189254,-0.021037660741680477,-0.021037660741680477,-0.014336706134257162,-0.014336706134257162,-0.014307368938279514,-0.014307368938279514
2021-01-29,-0.01855020304411416,-0.01855020304411416,-0.029409646275833538,-0.029409646275833538,-0.01891418218530546,-0.01891418218530546,-0.01542095291762075,-0.01542095291762075,-0.01315011732020711,-0.01315011732020711
2021-02-01,-0.009951339211075225,-0.0025,0.010681248756033934,-0.0025,0.0068361735655797055,-0.0025,-0.0013582970023779588,-0.0025,-0.0011297585248711104,-0.0025000000000000005
2021-02-02,0.01579207255069277,0.0,0.027501923375360546,0.0,0.021715581317868538,0.0,0.017182073596978358,0.0,0.014122009938081,0.0
2021-02-03,-0.002749296914109026,-0.005249296914109026,-0.006596304158650269,-0.00909630415865027,-0.0002218050047331886,-0.0027218050047331886,5.338566102344169e-05,-0.0024466143389765584,0.0010511750643684983,-0.0014488249356315022
2021-02-04,0.004319486878689019,0.004319486878689019,0.0038771246594796246,0.0038771246594796246,0.006774328269881114,0.006774328269881114,0.006745105911511991,0.006745105911511991,0.006309152009041841,0.006309152009041841
2021-02-05,-0.002546360873678872,-0.002546360873678872,-0.006748125731522881,-0.006748125731522881,-0.007733486283085834,-0.007733486283085834,-0.0036914212034965337,-0.0036914212034965337,-0.0029169053594772453,-0.0029169053594772453
2021-02-17,0.03108839779942654,0.03108839779942654,0.05242158322296415,0.05242158322296415,0.04682962451727548,0.04682962451727548,0.04083636321842336,0.04083636321842336,0.036860163563396026,0.036860163563396026
2021-02-18,0.015525088490163702,0.015525088490163702,-0.0028625504991870226,-0.0028625504991870226,0.013815260575533329,0.013815260575533329,0.017597158763659727,0.017597158763659727,0.016946975179300282,0.016946975179300282
2021-02-19,0.015299112774166288,0.015299112774166288,0.0163557945300421,0.0163557945300421,0.017845750391116404,0.017845750391116404,0.013938459619049019,0.013938459619049019,0.013917059649604003,0.013917059649604003
2021-02-22,0.01612313366135022,0.01612313366135022,0.006062350909511371,0.006062350909511371,0.0006627344248223309,0.0006627344248223309,0.007600158002880778,0.007600158002880778,0.009495334961259268,0.009495334961259268
2021-02-23,0.0018335928691014876,0.0018335928691014876,-0.005242406705523295,-0.005242406705523295,0.0019138458689603073,0.0019138458689603073,0.0008323135515888294,0.0008323135515888294,-0.00039762712342594753,-0.00039762712342594753
2021-02-24,-0.008488783928092282,-0.008488783928092282,-0.004376742930707911,-0.004376742930707911,-0.00946654297250692,-0.00946654297250692,-0.002602510350861089,-0.002602510350861089,-0.0061954878256618206,-0.0061954878256618206
2021-02-25,0.006144353258748111,0.006144353258748111,-0.005423926912727173,-0.005423926912727173,-0.0036207518625463566,-0.0036207518625463566,-0.003450172615758936,-0.003450172615758936,-0.0010553925616535286,-0.0010553925616535286
2021-02-26,-0.006941726362799816,-0.006941726362799816,-0.013787325935636918,-0.013787325935636918,-0.008634450508374391,-0.008634450508374391,-0.008161875364110838,-0.008161875364110838,-0.006853815156868271,-0.006853815156868271
2021-03-02,-0.013280284180739742,-0.013280284180739742,-0.014810508662076782,-0.014810508662076782,-0.011282384644035049,-0.011282384644035049,-0.015025358515162318,-0.015025358515162318,-0.012207458732912551,-0.012207458732912551
2021-03-03,0.007170641730483072,0.007170641730483072,-0.00263582638683495,-0.00263582638683495,0.003040593027263339,0.003040593027263339,0.005243824623368602,0.005243824623368602,0.004589227391416084,0.004589227391416084
2021-03-04,-0.009039326329255089,-0.009039326329255089,-0.015807856587384574,-0.015807856587384574,-0.012967577308884272,-0.012967577308884272,-0.009101316629983725,-0.009101316629983725,-0.006283832311008247,-0.006283832311008247
2021-03-05,-0.002444140878191501,-0.002444140878191501,-0.008506312495899549,-0.008506312495899549,-0.006012619687038601,-0.006012619687038601,-0.005813712750089061,-0.005813712750089061,-0.003209970276529073,-0.003209970276529073
2021-03-08,-0.004880714413640229,-0.0025,-0.006749716710864373,-0.0025,-0.006766301113925576,-0.0025,-0.00221623200415609,-0.0025,-0.0028647029651751197,-0.0025000000000000005
2021-03-09,-0.003277922567461705,0.0,-0.007160819394093743,0.0,-0.008616599432698612,0.0,-0.004924393991483692,0.0,-0.002539877645103982,0.0
2021-03-10,0.004881702148583688,0.0,-0.0001403839137545049,0.0,0.002385347195021293,0.0,0.001151716361810765,0.0,0.0014434605376401845,0.0
2021-03-11,0.013836554770000745,0.0,0.020070022563883065,0.0,0.01935379759010696,0.0,0.014254564114083983,0.0,0.013110712028995388,0.0
2021-03-12,-0.001342676851051563,-0.003842676851051563,-0.004101910579802181,-0.006601910579802181,-0.0035502321300483813,-0.006050232130048381,-0.0013809784835090576,-0.0038809784835090576,-0.0005805039894382246,-0.003080503989438225
2021-03-15,0.009122747003562836,0.009122747003562836,-0.009069600381812749,-0.009069600381812749,0.0018792960277926871,0.0018792960277926871,0.0011304901857128883,0.0011304901857128883,0.0036273205319440733,0.0036273205319440733
2021-03-16,0.00048336139812458606,0.00048336139812458606,-0.00182476177906421,-0.00182476177906421,0.0016281890199564835,0.0016281890199564835,0.0024505145679442953,0.0024505145679442953,0.0005133636639911736,0.0005133636639911736
2021-03-17,0.005918197626214566,0.005918197626214566,0.018060042118863206,0.018060042118863206,0.010844428876564772,0.010844428876564772,0.012701370705092599,0.012701370705092599,0.009215879174410458,0.009215879174410458
2021-03-18,0.0029862752792490766,0.0029862752792490766,0.005383378620152702,0.005383378620152702,0.0014098007138131701,0.0014098007138131701,-2.4791737216833668e-05,-2.4791737216833668e-05,0.0022315954033669044,0.0022315954033669044
2021-03-19,-0.002562082450259774,-0.002562082450259774,0.0006297269250500117,0.0006297269250500117,0.00124408195306952,0.00124408195306952,-0.000678272216940094,-0.000678272216940094,-0.0005168939108704865,-0.0005168939108704865
2021-03-22,0.0027191283319340925,0.0027191283319340925,0.007243791054954497,0.007243791054954497,0.005954993263696941,0.005954993263696941,0.0039777043220849285,0.0039777043220849285,0.003724076271522409,0.003724076271522409
2021-03-23,0.0003943196549322486,0.0003943196549322486,-0.0014888379121176685,-0.0014888379121176685,0.002960154803401816,0.002960154803401816,0.002931835749112607,0.002931835749112607,0.0011010683928535164,0.0011010683928535164
2021-03-24,-0.0001167032416155033,-0.0001167032416155033,0.005955051911852971,0.005955051911852971,0.006088035488886145,0.006088035488886145,0.004208658320563452,0.004208658320563452,0.0032309808722896073,0.0032309808722896073
2021-03-25,-0.0034387328387970643,-0.0034387328387970643,-0.003951344623282549,-0.003951344623282549,-0.0026926585360847136,-0.0026926585360847136,-0.0028636997051801373,-0.0028636997051801373,-0.0024118936748064763,-0.0024118936748064763
2021-03-26,0.01182193264810009,0.01182193264810009,0.023357034137581726,0.023357034137581726,0.016302093612641868,0.016302093612641868,0.013227852826367676,0.013227852826367676,0.010600583187266466,0.010600583187266466
2021-03-29,0.009433425694261168,0.009433425694261168,0.01960688565533788,0.01960688565533788,0.01045559751516967,0.01045559751516967,0.003980671861054745,0.003980671861054745,0.0060621281372475804,0.0060621281372475804
2021-03-30,0.008894592348262849,0.008894592348262849,0.004896746108565275,0.004896746108565275,0.00404826557959973,0.00404826557959973,0.005313448140793709,0.005313448140793709,0.005995117009065498,0.005995117009065498
2021-03-31,0.001961268287851453,0.001961268287851453,-0.011016102587274347,-0.011016102587274347,-0.0035222566389617968,-0.0035222566389617968,-0.001212931469696676,-0.001212931469696676,-0.00026074893935028,-0.00026074893935028
2021-04-01,0.007901294055802357,0.007901294055802357,0.02363644082648706,0.02363644082648706,0.018625531935725567,0.018625531935725567,0.014811238626802373,0.014811238626802373,0.012349563420526777,0.012349563420526777
2021-04-06,0.025637265326012813,0.025637265326012813,0.04364215216400491,0.04364215216400491,0.0325283547157446,0.0325283547157446,0.02994497119980316,0.02994497119980316,0.02483899682237432,0.02483899682237432
2021-04-07,0.016906796575718617,0.016906796575718617,0.013722263165140004,0.013722263165140004,0.004023077066578017,0.004023077066578017,0.005718597114126922,0.005718597114126922,0.013910224124575762,0.013910224124575762
2021-04-08,0.008097768869627195,0.008097768869627195,0.011698518812686645,0.011698518812686645,0.0071968508324580915,0.0071968508324580915,0.004876493891845619,0.004876493891845619,0.009249833745496521,0.009249833745496521
2021-04-09,-0.005048631245217648,-0.005048631245217648,-0.01507441587274392,-0.01507441587274392,-0.009827142378674792,-0.009827142378674792,-0.007508654960534255,-0.007508654960534255,-0.00668831972847307,-0.00668831972847307
2021-04-12,-0.0013280542139558484,-0.0013280542139558484,-0.009988738795652407,-0.009988738795652407,-0.00981243621843271,-0.00981243621843271,-0.00036253141472336907,-0.00036253141472336907,-0.0050851248617790525,-0.0050851248617790525
2021-04-13,-0.013179799648935902,-0.013179799648935902,-0.031425179231550596,-0.031425179231550596,-0.02218602357996248,-0.02218602357996248,-0.023319524200126427,-0.023319524200126427,-0.015178016323197114,-0.015178016323197114
2021-04-14,-0.011324316325049062,-0.0025,-0.0026872095261667667,-0.0025,-0.011502285828957605,-0.0025,-0.006715149233713798,-0.0025,-0.01279291441178097,-0.0025000000000000005
2021-04-15,0.015365369742291394,0.0,0.013172997146333909,0.0,0.008936765120355294,0.0,0.00686573911396932,0.0,0.01060719573841672,0.0
2021-04-16,0.00232251901156486,-0.00017748098843513999,-0.010866394338598819,-0.01336639433859882,-0.003408864118118327,-0.005908864118118327,-0.0005924913384626271,-0.003092491338462627,-0.0007433230479831022,-0.003243323047983103
2021-04-19,0.004083030319670113,0.004083030319670113,0.015890273046182648,0.015890273046182648,0.008896249556402938,0.008896249556402938,0.001709660034443935,0.001709660034443935,0.005492527358764322,0.005492527358764322
2021-04-20,0.007663599962564341,-0.0025,0.0008555373647518123,-0.0025,0.003917691958908254,-0.0025,0.004920289064912368,-0.0025,0.009719218269886927,-0.0025000000000000005
2021-04-21,0.0004185230896739757,-0.0020814769103260243,0.019258121720065025,0.016758121720065026,0.008202347369430164,0.0057023473694301635,0.006233163340631264,0.0037331633406312644,0.005600538813055823,0.0031005388130558222
2021-04-22,-0.028891800518714948,-0.0025,-0.025456859107279284,-0.0025,-0.025715785995335694,-0.0025,-0.024649447179531384,-0.0025,-0.02625988968650871,-0.0025000000000000005
2021-04-23,0.011261413503111715,0.0,0.01966521693794423,0.0,0.012428993707628868,0.0,0.011262163695946842,0.0,0.010250512758266406,0.0
2021-04-26,0.01587868159393561,0.0,0.011193573873269847,0.0,0.021342521682212783,0.0,0.021422487061332755,0.0,0.016031164905850895,0.0
2021-04-27,0.0012997485905090554,-0.0012002514094909447,-0.006717484433437404,-0.009217484433437404,0.008406376911599425,0.005906376911599424,0.009252554912132949,0.006752554912132948,0.007255110687268061,0.004755110687268061
2021-04-28,-0.004629007967401883,-0.004629007967401883,-0.0020811509146412277,-0.0020811509146412277,-0.005142519190589022,-0.005142519190589022,-0.006509530371743593,-0.006509530371743593,-0.0009063050645344678,-0.0009063050645344678
2021-04-29,-0.005465036827092817,-0.005465036827092817,-0.01564513584414289,-0.01564513584414289,0.0036275924290702817,0.0036275924290702817,0.003914675941190639,0.003914675941190639,-0.0013713069924627844,-0.0013713069924627844
2021-05-03,-0.03210886236402813,-0.03210886236402813,-0.04641570507364397,-0.04641570507364397,-0.03837553675374564,-0.03837553675374564,-0.03405661412903249,-0.03405661412903249,-0.031102459530747924,-0.031102459530747924
2021-05-04,-0.034940527702710014,-0.0025,-0.02190852617027546,-0.0025,-0.028630474438593134,-0.0025,-0.03225630353957383,-0.0025,-0.032936074713670056,-0.0025000000000000005
2021-05-05,-0.006526979640900649,0.0,-0.003102628806345065,0.0,-0.004651439624663844,0.0,-0.006628670667676021,0.0,-0.007823411939218252,0.0
2021-05-06,-0.00012603479512397287,0.0,0.0059666271414184026,0.0,-0.0026680045862328746,0.0,-0.001612007555321204,0.0,-0.0009762898831369162,0.0
2021-05-07,0.027571967057357826,0.0,0.029110018346850362,0.0,0.02885775181948227,0.0,0.028556248018866626,0.0,0.02843380628719236,0.0
2021-05-10,-0.009500898564709414,0.0,-0.022684515220461225,0.0,-0.013521290882207295,0.0,-0.008529331875302203,0.0,-0.008890954532537909,0.0
2021-05-11,-0.04810304223923882,0.0,-0.0472327384408375,0.0,-0.047666197003656034,0.0,-0.04410947054147322,0.0,-0.045748591422973994,0.0
2021-05-12,-0.056867043165549046,0.0,-0.0737183160316855,0.0,-0.06342267527017359,0.0,-0.061123719887595976,0.0,-0.05652654725006362,0.0
2021-05-13,0.0038692152530288293,0.0,0.029050775844686252,0.0,0.011145711237535551,0.0,0.004393943461649259,0.0,0.0014684627828673701,0.0
2021-05-14,-0.0012682081363742312,0.0,0.006924377264370564,0.0,0.00032956325844789574,0.0,0.0015976945118523725,0.0,0.0026837984415156663,0.0
2021-05-17,-0.05362154104443552,0.0,-0.04288845835058217,0.0,-0.05242957730929048,0.0,-0.055950990731376236,0.0,-0.05330046914682068,0.0
2021-05-18,0.06213583707230179,0.0,0.06399821849808279,0.0,0.06867609837046114,0.0,0.06798026084776436,0.0,0.06441923215987969,0.0
2021-05-19,0.005850935105571151,0.0,0.0010025710268293684,0.0,0.009722323639213703,0.0,0.013884601662856707,0.0,0.011816329859174924,0.0
2021-05-20,-0.009754970176067995,0.0,-0.0029689248701587406,0.0,-0.007658485506465729,0.0,-0.009866470626932317,0.0,-0.008996990929857956,0.0
2021-05-21,0.018643794501276605,0.0,0.013351593412881438,0.0,0.01364069731599693,0.0,0.01524744534353464,0.0,0.015331069883755544,0.0
2021-05-24,0.007839416400458514,0.005339416400458513,0.015182435529713437,0.012682435529713437,0.014870633413559166,0.012370633413559165,0.009528534697087601,0.007028534697087601,0.009640740126020465,0.0071407401260204645
2021-05-25,0.01847288222744045,0.01847288222744045,0.02020209092979082,0.02020209092979082,0.013820235484912192,0.013820235484912192,0.01326013867857248,0.01326013867857248,0.012928175827376345,0.012928175827376345
2021-05-26,0.005078209079151801,0.005078209079151801,0.005110063883844008,0.005110063883844008,0.002962553027582371,0.002962553027582371,0.002678526732996385,0.002678526732996385,0.002934375649983495,0.002934375649983495
2021-05-27,-0.0025298407496072615,-0.0025298407496072615,0.0018156484109616016,0.0018156484109616016,-0.0006130955285610807,-0.0006130955285610807,-0.0012157317269039312,-0.0012157317269039312,-0.0018805376798822662,-0.0018805376798822662
2021-05-28,0.009023763057710214,0.009023763057710214,0.006102569441236461,0.006102569441236461,0.0067020288026461315,0.0067020288026461315,0.005808615854151601,0.005808615854151601,0.006676827068263874,0.006676827068263874
2021-05-31,0.008384577050296866,0.008384577050296866,0.022381835991337473,0.022381835991337473,0.015477095524128704,0.015477095524128704,0.014419955336764144,0.014419955336764144,0.012332956196846547,0.012332956196846547
2021-06-01,0.01096570966161409,0.01096570966161409,0.010768565437706946,0.010768565437706946,0.012696111617881024,0.012696111617881024,0.007798321157074811,0.007798321157074811,0.008951515819503519,0.008951515819503519
2021-06-02,-0.0113103372722986,-0.0113103372722986,-0.016947001369468785,-0.016947001369468785,-0.013205868449783763,-0.013205868449783763,-0.0114089604798034,-0.0114089604798034,-0.010935711802576306,-0.010935711802576306
2021-06-03,0.01021539403117602,0.01021539403117602,0.01435488794288964,0.01435488794288964,0.011688811866765625,0.011688811866765625,0.01423632017679902,0.01423632017679902,0.013254280782008342,0.013254280782008342
2021-06-04,-0.0067148414799878065,-0.0067148414799878065,-0.012451471815048354,-0.012451471815048354,-0.00797264421020365,-0.00797264421020365,-0.00858228503927614,-0.00858228503927614,-0.009043064774438309,-0.009043064774438309
2021-06-07,-0.0015631495483082315,-0.0015631495483082315,0.0012794874054626207,0.0012794874054626207,0.0025775587891636587,0.0025775587891636587,-0.0008561749619031564,-0.0008561749619031564,-0.001283526099491367,-0.001283526099491367
2021-06-08,0.00039326936947491964,0.00039326936947491964,-0.00045571416705956157,-0.00045571416705956157,0.0016032549998494356,0.0016032549998494356,0.0022238233565620453,0.0022238233565620453,0.0024407872406289116,0.0024407872406289116
2021-06-09,0.012464744767156127,0.012464744767156127,0.008975632820265455,0.008975632820265455,0.009326009414605228,0.009326009414605228,0.01448589537113112,0.01448589537113112,0.01359843841842578,0.01359843841842578
2021-06-10,0.013316041508144777,0.013316041508144777,0.016882995038808038,0.016882995038808038,0.01020106458837148,0.01020106458837148,0.011498289361701119,0.011498289361701119,0.00881434913644732,0.00881434913644732
2021-06-11,0.003948015853805468,0.003948015853805468,0.012744724931339203,0.012744724931339203,0.00497490926565688,0.00497490926565688,0.003014028642208211,0.003014028642208211,0.0019661920020855603,0.0019661920020855603
2021-06-15,0.009701866271504253,0.009701866271504253,-0.00401238235448771,-0.00401238235448771,0.0009661151533970289,0.0009661151533970289,9.209347368897006e-05,9.209347368897006e-05,0.002289642107997464,0.002289642107997464
2021-06-16,-0.005007836637649192,-0.005007836637649192,-0.009056623114683339,-0.009056623114683339,-0.011658479957492375,-0.011658479957492375,-0.006598795924250848,-0.006598795924250848,-0.006043056155259603,-0.006043056155259603
2021-06-17,0.007944838146336753,0.007944838146336753,-0.0029761155289835814,-0.0029761155289835814,0.0032760527024310987,0.0032760527024310987,0.0035466724975914262,0.0035466724975914262,0.00616875160947179,0.00616875160947179
2021-06-18,-0.0022816640417186373,-0.0022816640417186373,-0.009204921747736418,-0.009204921747736418,-0.005514821672689929,-0.005514821672689929,-0.004732875862995511,-0.004732875862995511,-0.00482507405393392,-0.00482507405393392
2021-06-21,-0.01897730724260551,-0.01897730724260551,-0.01209418840347103,-0.01209418840347103,-0.016913254639324547,-0.016913254639324547,-0.01611360719051271,-0.01611360719051271,-0.014615887629282986,-0.014615887629282986
2021-06-22,-0.001611253529731828,-0.001611253529731828,-0.00470745050807142,-0.00470745050807142,-0.00517302694667211,-0.00517302694667211,-0.00426389416173929,-0.00426389416173929,-0.0033406689013169236,-0.0033406689013169236
2021-06-23,0.01565669418773692,0.01565669418773692,0.015514295114903608,0.015514295114903608,0.014036002726551613,0.014036002726551613,0.010265934390856005,0.010265934390856005,0.009479341238222128,0.009479341238222128
2021-06-24,0.012848637107433168,0.012848637107433168,0.01225653989221891,0.01225653989221891,0.009817786621218072,0.009817786621218072,0.008871080702008921,0.008871080702008921,0.007179691108867931,0.007179691108867931
2021-06-25,0.005900620132946567,0.005900620132946567,0.0013416930827375494,0.0013416930827375494,4.75695600285149e-05,4.75695600285149e-05,0.0005584826334944949,0.0005584826334944949,0.0012850897096988055,0.0012850897096988055
2021-06-28,-0.0013282047479335616,-0.0013282047479335616,0.008823437708388051,0.008823437708388051,0.005091803120787597,0.005091803120787597,0.004425782645348112,0.004425782645348112,0.003420599898954208,0.003420599898954208
2021-06-29,-0.00572660766647755,-0.00572660766647755,-0.0012167472029118716,-0.0012167472029118716,-0.0030102169851023214,-0.0030102169851023214,-0.004058078446967394,-0.004058078446967394,-0.002918524067991374,-0.002918524067991374
2021-06-30,0.004889659363666516,0.004889659363666516,-0.0004246346830703686,-0.0004246346830703686,0.0051998354110127445,0.0051998354110127445,0.003951497346651818,0.003951497346651818,0.003933915250114373,0.003933915250114373
2021-07-01,-0.0056108475829285635,-0.0056108475829285635,0.006046881896064571,0.006046881896064571,0.0017517815065389865,0.0017517815065389865,0.0005995963011716938,0.0005995963011716938,-0.0020230774791789863,-0.0020230774791789863
2021-07-02,0.0058168076040146675,-0.0025,-0.0033076501661583055,-0.0025,0.0001670584039429764,-0.0025,0.0018535094263771716,-0.0025,0.002964232515522952,-0.0025000000000000005
2021-07-05,0.014830196747018276,0.012330196747018275,0.020394250661772473,0.017894250661772474,0.014233947802962254,0.011733947802962254,0.013371111231028455,0.010871111231028454,0.019794438879890488,0.01729443887989049
2021-07-06,-0.0039245156033322764,-0.0039245156033322764,-0.0029579040407074152,-0.0029579040407074152,-0.00019785828401182033,-0.00019785828401182033,-0.002734530223099981,-0.002734530223099981,-0.000532653052981941,-0.000532653052981941
2021-07-07,0.00048174098811323835,0.00048174098811323835,0.012685232756606976,0.012685232756606976,0.005998446740779896,0.005998446740779896,0.0029627964599118362,0.0029627964599118362,0.0017554605773035861,0.0017554605773035861
2021-07-08,-3.865443366119907e-05,-3.865443366119907e-05,-0.0025396693704131668,-0.0025396693704131668,0.0010740746853351135,0.0010740746853351135,0.0012897821362364802,0.0012897821362364802,0.0015798741417991148,0.0015798741417991148
2021-07-09,-0.004287815639402721,-0.004287815639402721,0.008563687737393001,0.008563687737393001,-0.0005859966297309331,-0.0005859966297309331,-0.001091852880673357,-0.001091852880673357,-0.0020847567085402695,-0.0020847567085402695
2021-07-12,0.020232237382182838,0.020232237382182838,0.026890854401083433,0.026890854401083433,0.017343671012729947,0.017343671012729947,0.012579683910238462,0.012579683910238462,0.015475682478625612,0.015475682478625612
2021-07-13,0.0045264575737852825,0.0045264575737852825,-0.0036290066853669426,-0.0036290066853669426,-0.0009944620578855588,-0.0009944620578855588,0.0024142755262303623,0.0024142755262303623,-0.0006580306771178991,-0.0006580306771178991
2021-07-14,0.010526512207724915,0.010526512207724915,-0.013016525965379767,-0.013016525965379767,-0.0024135345104574274,-0.0024135345104574274,0.004614214026306089,0.004614214026306089,0.005382717503252443,0.005382717503252443
2021-07-15,0.014053879369029862,0.014053879369029862,0.008729227145711472,0.008729227145711472,0.010265602850878375,0.010265602850878375,0.013122346799081397,0.013122346799081397,0.01584188493921823,0.01584188493921823
2021-07-16,0.0002155321144263592,0.0002155321144263592,0.011019428343174178,0.011019428343174178,0.0054341109715204785,0.0054341109715204785,0.002598939978738398,0.002598939978738398,0.0025035623611771697,0.0025035623611771697
2021-07-19,-0.001938093863544335,-0.001938093863544335,-0.00295979491694991,-0.00295979491694991,-0.004763500354976524,-0.004763500354976524,-0.005749463445188651,-0.005749463445188651,-0.005414380890465869,-0.005414380890465869
2021-07-20,-0.017673154697885864,-0.017673154697885864,-0.02307000239696664,-0.02307000239696664,-0.019931232127825972,-0.019931232127825972,-0.018175147410933703,-0.018175147410933703,-0.017162637042169897,-0.017162637042169897
2021-07-21,-0.0032726060023467517,-0.0032726060023467517,-0.00837539674039809,-0.00837539674039809,-0.007894907571071043,-0.007894907571071043,-0.003840698738886742,-0.003840698738886742,-0.005390427357216438,-0.005390427357216438
2021-07-22,0.007140614675386507,0.007140614675386507,0.004863098302879854,0.004863098302879854,0.007004390625866108,0.007004390625866108,0.008888024555779904,0.008888024555779904,0.006971430138617657,0.006971430138617657
2021-07-23,0.011718225362370252,0.011718225362370252,0.002467580080777055,0.002467580080777055,0.004122648125823669,0.004122648125823669,0.00923284670143803,0.00923284670143803,0.007343281504839372,0.007343281504839372
2021-07-26,0.015362339820439327,0.015362339820439327,0.016545844473232353,0.016545844473232353,0.012273458294778218,0.012273458294778218,0.009469849866384534,0.009469849866384534,0.012611141471017228,0.012611141471017228
2021-07-27,-0.014182708118606597,-0.014182708118606597,-0.018257034656977103,-0.018257034656977103,-0.009993540180392002,-0.009993540180392002,-0.013177259049521295,-0.013177259049521295,-0.012281656166537975,-0.012281656166537975
2021-07-28,-0.01636612885993819,-0.01636612885993819,-0.022719772305425812,-0.022719772305425812,-0.010666262909905312,-0.010666262909905312,-0.008795482550026823,-0.008795482550026823,-0.012426358389967748,-0.012426358389967748
2021-07-29,0.01791748445633437,-0.0025,0.012048642978439173,-0.0025,0.019513655236553996,-0.0025,0.014834616793324162,-0.0025,0.01377588697226232,-0.0025000000000000005
2021-07-30,-0.00025501019884713576,-0.002755010198847136,-0.009116872871247694,-0.011616872871247694,0.011516068105576807,0.009016068105576806,0.0107134093967905,0.0082134093967905,0.007211778655361656,0.004711778655361655
2021-08-02,0.01127349064974929,-0.0025,0.013501128809411147,-0.0025,0.015539563634736409,-0.0025,0.013559444539559706,-0.0025,0.01605713229939032,-0.0025000000000000005
2021-08-03,0.004228170910851703,0.0017281709108517029,0.004446671842605721,0.0019466718426057205,0.0064614058772773375,0.003961405877277337,0.0035822587776148367,0.0010822587776148367,0.004897753214848944,0.002397753214848943
2021-08-04,-0.00023727993154320446,-0.00023727993154320446,-0.00311506173653453,-0.00311506173653453,-0.0025859587356103723,-0.0025859587356103723,-0.002456273622726986,-0.002456273622726986,-0.0014021109405972395,-0.0014021109405972395
2021-08-05,-0.0016349638075189529,-0.0016349638075189529,-0.006699914380029771,-0.006699914380029771,-0.008917877327779312,-0.008917877327779312,-0.0032471402997643097,-0.0032471402997643097,0.001011570355701501,0.001011570355701501
2021-08-06,-0.0017847142287269976,-0.0017847142287269976,0.002681572976329694,0.002681572976329694,-0.005664139250926159,-0.005664139250926159,-0.005513821478329031,-0.005513821478329031,-0.00388064345517844,-0.00388064345517844
2021-08-09,-0.018267882051758912,-0.0025,-0.013435322813231454,-0.0025,-0.018784177942139036,-0.0025,-0.018356258695821658,-0.0025,-0.01869897859434832,-0.0025000000000000005
2021-08-10,-0.011517518351684849,0.0,-0.0069852912514490675,0.0,-0.010276247265031568,0.0,-0.008858368537530702,0.0,-0.007563785449840455,0.0
2021-08-11,-0.01548029197862593,0.0,-0.016055562739485274,0.0,-0.01809415064676647,0.0,-0.015837099302273644,0.0,-0.014283471376046535,0.0
2021-08-12,0.0077083624994913474,0.0,0.007688137063010371,0.0,0.0022743469753564553,0.0,0.0034987572406161606,0.0,0.003796330938123293,0.0
2021-08-13,-0.017953160282791286,0.0,-0.01593232018525792,0.0,-0.0202482595320896,0.0,-0.015658870484799997,0.0,-0.015160720992834865,0.0
2021-08-16,-0.013414227511526782,0.0,-0.013957216615986104,0.0,-0.019063152292794285,0.0,-0.020012374530195304,0.0,-0.018252364175425813,0.0
2021-08-17,-0.01121822683504282,0.0,-0.010894062432000107,0.0,-0.013999902195645652,0.0,-0.01266513258882993,0.0,-0.012258825689571658,0.0
2021-08-18,0.026514207702035147,0.0,0.030571938636721942,0.0,0.030698713582546368,0.0,0.026189083767087756,0.0,0.02295280212782724,0.0
2021-08-19,-0.01964696080414827,0.0,-0.021426526015200856,0.0,-0.020692036199562936,0.0,-0.02033701681300678,0.0,-0.0207030157111932,0.0
2021-08-20,0.004731110002693232,0.0,0.0012111336959006016,0.0,0.004592222673067414,0.0,0.003138884420641371,0.0,0.001521541293953216,0.0
2021-08-23,0.017365515641612504,0.0,0.014628982613120957,0.0,0.017501874515166785,0.0,0.017018631607421526,0.0,0.010666658599838924,0.0
2021-08-24,-0.0036826138701505588,-0.006182613870150559,0.005347023111316518,0.002847023111316518,-0.00037217842608090464,-0.0028721784260809045,-0.002255062626553927,-0.004755062626553928,-0.005289773149055761,-0.0077897731490557615
2021-08-25,0.014999592879799926,0.014999592879799926,0.011822097085433426,0.011822097085433426,0.01146972209082544,0.01146972209082544,0.01205393592550806,0.01205393592550806,0.011822969724008826,0.011822969724008826
2021-08-26,-0.0013600108524855538,-0.0013600108524855538,3.025965113407931e-05,3.025965113407931e-05,-0.0016574364822658282,-0.0016574364822658282,-0.0022696394754836645,-0.0022696394754836645,0.0003367694519713747,0.0003367694519713747
2021-08-27,0.004177686905880647,0.004177686905880647,0.00035981518676579964,0.00035981518676579964,-0.002015003157151307,-0.002015003157151307,0.0014023953281403932,0.0014023953281403932,0.0013878241737268595,0.0013878241737268595
2021-08-30,0.009747712376733428,0.009747712376733428,0.006267357581961131,0.006267357581961131,0.006396828389914466,0.006396828389914466,0.0055698901217419595,0.0055698901217419595,0.004260898939344577,0.004260898939344577
2021-08-31,0.004544929552668259,0.004544929552668259,0.0015862467007276893,0.0015862467007276893,0.002027550666730227,0.002027550666730227,0.0025299938261134306,0.0025299938261134306,0.004189776563241837,0.004189776563241837
2021-09-01,0.0029512709909909683,0.0029512709909909683,0.013758344975508097,0.013758344975508097,0.00973444721581348,0.00973444721581348,0.008538894676361495,0.008538894676361495,0.007131983774721979,0.007131983774721979
2021-09-02,-0.006490643495190848,-0.006490643495190848,-0.01416488266901097,-0.01416488266901097,-0.009505702681130134,-0.009505702681130134,-0.009776101302174078,-0.009776101302174078,-0.007445671596182979,-0.007445671596182979
2021-09-03,0.013802391855627568,0.013802391855627568,0.03048566732477412,0.03048566732477412,0.027653267340049074,0.027653267340049074,0.019633305679994505,0.019633305679994505,0.016725982371472443,0.016725982371472443
2021-09-06,-0.010329951963261029,-0.010329951963261029,-0.0040819773556229014,-0.0040819773556229014,-0.010694288263456177,-0.010694288263456177,-0.014223362226286618,-0.014223362226286618,-0.010548108842689197,-0.010548108842689197
2021-09-07,-0.008761950609720348,-0.008761950609720348,-0.005121728868506659,-0.005121728868506659,-0.0039628202615402345,-0.0039628202615402345,-0.002245266574464348,-0.002245266574464348,-0.002034075002409047,-0.002034075002409047
2021-09-08,-0.018485341100934086,-0.0025,-0.013596500734648732,-0.0025,-0.011590261614379262,-0.0025,-0.014487761786940853,-0.0025,-0.014789912226574392,-0.0025000000000000005
2021-09-09,0.021894894178752015,0.0,0.013284987354203893,0.0,0.01333711687783783,0.0,0.015626178442178135,0.0,0.014141236027328882,0.0
2021-09-10,0.008045542182092452,0.0,0.010692729037187767,0.0,0.01109358974419138,0.0,0.012738421224845298,0.0,0.010937880965027319,0.0
2021-09-13,0.006550547488927126,0.004050547488927126,0.009175347109768552,0.006675347109768552,0.009724864327076777,0.007224864327076776,0.008117187266223118,0.005617187266223117,0.006150735026025451,0.0036507350260254505
2021-09-14,0.004576625881320491,0.004576625881320491,0.003036605936882442,0.003036605936882442,0.008147746705245196,0.008147746705245196,0.0077002202100624325,0.0077002202100624325,0.007886153695629268,0.007886153695629268
2021-09-15,0.003793138108399979,0.003793138108399979,-0.010515258085914603,-0.010515258085914603,-0.0025262883972196233,-0.0025262883972196233,-0.004166425547925383,-0.004166425547925383,-0.0035875892627767474,-0.0035875892627767474
2021-09-16,-0.0008754853117127831,-0.0025,0.0003458650967011591,-0.0025,0.005135543354554672,-0.0025,0.00360979427887064,-0.0025,0.0030012660861731158,-0.0025000000000000005
2021-09-17,-0.002184760639776684,0.0,0.008991366748335783,0.0,0.00540740762977301,0.0,0.006116568620763892,0.0,0.0038738799395717565,0.0
2021-09-22,-0.012226399266648926,-0.014622232599982259,-0.011993371282866174,-0.014493371282866175,-0.007961783548681746,-0.010461783548681746,-0.009075330530036462,-0.011575330530036463,-0.010296224989404879,-0.01279622498940488
2021-09-23,0.0142185706289454,-0.0025,0.006740441595330627,-0.0025,0.007336817114405569,-0.0025,0.014016579901020978,-0.0025,0.012049930702041156,-0.0025000000000000005
2021-09-24,0.01383027112621773,0.011434437792884397,0.00613562551058895,0.00363562551058895,0.009328864827606599,0.006828864827606598,0.016044047464653443,0.013544047464653442,0.013418748622220873,0.010918748622220873
2021-09-27,0.004586228634707729,0.004586228634707729,0.012270014377795202,0.012270014377795202,0.0033407983938916414,0.0033407983938916414,-0.000926296579080085,-0.000926296579080085,7.608495833199506e-05,7.608495833199506e-05
2021-09-28,-0.008796228323845036,-0.008796228323845036,-0.019236907322340423,-0.019236907322340423,-0.011286321712906488,-0.011286321712906488,-0.009707377252155633,-0.009707377252155633,-0.00869306308720374,-0.00869306308720374
2021-09-29,-0.01811293129613246,-0.01811293129613246,-0.021182069089364243,-0.021182069089364243,-0.015913458228793156,-0.015913458228793156,-0.015515315309645915,-0.015515315309645915,-0.016027656510621578,-0.016027656510621578
2021-09-30,0.014216790525992305,-0.0025,0.001751357345890003,-0.0025,0.0021977043199488343,-0.0025,0.002338942524898265,-0.0025,0.005553260660095376,-0.0025000000000000005
2021-10-01,-0.025344976543950383,0.0,-0.024021299356547024,0.0,-0.02250607893177346,0.0,-0.02243843281471897,0.0,-0.02163447289873449,0.0
2021-10-04,-0.01855069254663299,0.0,-0.013739744107381038,0.0,-0.005840386336245952,0.0,-0.007483926972109052,0.0,-0.00908242439071894,0.0
2021-10-05,0.014059874498970296,0.0,0.013053884305375752,0.0,0.009208001529821208,0.0,0.012809198572358219,0.0,0.009284996306210214,0.0
2021-10-06,-0.006308736706871278,0.0,0.004987035217383552,0.0,-0.0034262256428231877,0.0,-0.003225493427774584,0.0,-0.0032160627579543633,0.0
2021-10-07,0.02050223149171141,0.0,0.010192628459621923,0.0,0.01673312907870619,0.0,0.01827440882718334,0.0,0.01711077691527496,0.0
2021-10-08,0.0008695439489866007,-0.0016304560510133994,-0.0062086689343640936,-0.008708668934364094,0.001537521890741555,-0.0009624781092584451,-0.0007467877121551498,-0.00324678771215515,0.0006772861529718455,-0.001822713847028155
2021-10-12,-0.00574205765982727,-0.00574205765982727,-0.010788081908316573,-0.010788081908316573,-0.01604952365747232,-0.01604952365747232,-0.010792862195985069,-0.010792862195985069,-0.010849679414595371,-0.010849679414595371
2021-10-13,-0.006410759408366818,-0.006410759408366818,-0.007520673260652467,-0.007520673260652467,-0.007989740971336036,-0.007989740971336036,-0.00970980332072208,-0.00970980332072208,-0.007907595853115153,-0.007907595853115153
2021-10-14,0.0023399343030042173,-0.0025,-5.574673187984662e-05,-0.0025,0.0045071887150595295,-0.0025,0.006599240907924046,-0.0025,0.0048875134375835905,-0.0025000000000000005
2021-10-15,0.02236039460360968,0.0,0.018869139678374006,0.0,0.01767946378731571,0.0,0.014009385960750253,0.0,0.011950651346619939,0.0
2021-10-18,0.007421654630962766,0.004921654630962766,0.005544498127367836,0.003044498127367836,0.002375784205273468,-0.00012421579472653198,0.01027566937782549,0.00777566937782549,0.007879195606183177,0.005379195606183176
2021-10-19,0.007943052584833877,0.007943052584833877,0.009634022854951987,0.009634022854951987,0.007320103973868019,0.007320103973868019,0.005545855680248279,0.005545855680248279,0.005774276594763711,0.005774276594763711
2021-10-20,0.005829937108423589,0.005829937108423589,-0.004091935047106143,-0.004091935047106143,-0.0006992901601148849,-0.0006992901601148849,-0.0009356908446056743,-0.0009356908446056743,-0.0009930595164811984,-0.0009930595164811984
2021-10-21,-0.0004557259418780745,-0.0004557259418780745,-0.007044585429884066,-0.007044585429884066,0.0016356741722937662,0.0016356741722937662,-0.0008167566709668045,-0.0008167566709668045,0.00012685062690505057,0.00012685062690505057
2021-10-22,0.0016435824610530982,0.0016435824610530982,-0.0011429946083933774,-0.0011429946083933774,0.0009956078529066218,0.0009956078529066218,0.00155085062445175,0.00155085062445175,0.0019998498521152154,0.0019998498521152154
2021-10-25,0.004839910065521559,0.004839910065521559,0.000889750233209541,0.000889750233209541,0.002967026931238459,0.002967026931238459,0.005158043667063027,0.005158043667063027,0.005349257750314318,0.005349257750314318
2021-10-26,0.0031191518153375845,0.0031191518153375845,0.009986270304804945,0.009986270304804945,0.0034614566915444848,0.0034614566915444848,0.0015084187383770156,0.0015084187383770156,0.0031326169248728558,0.0031326169248728558
2021-10-27,0.011628355686513318,0.011628355686513318,-0.003436638294727845,-0.003436638294727845,0.0017612997862109904,0.0017612997862109904,0.0042020225019943,0.0042020225019943,0.003699930598212703,0.003699930598212703
2021-10-28,-0.0008138930928748863,-0.0008138930928748863,0.01417550072064222,0.01417550072064222,0.004554118641796779,0.004554118641796779,0.00521192219651793,0.00521192219651793,0.0062292873120340765,0.0062292873120340765
2021-10-29,0.0035211828476788966,0.0035211828476788966,0.00020063503721674553,0.00020063503721674553,0.009193226823785039,0.009193226823785039,0.012298315061668239,0.012298315061668239,0.010537256240720045,0.010537256240720045
2021-11-01,0.01801729303868581,0.01801729303868581,0.006267869052673893,0.006267869052673893,0.005828404669074928,0.005828404669074928,0.0109024640976473,0.0109024640976473,0.01054055047938949,0.01054055047938949
2021-11-02,-0.006557979431794779,-0.006557979431794779,-0.016290790381796195,-0.016290790381796195,-0.0022225465112703166,-0.0022225465112703166,-0.00019038185749453604,-0.00019038185749453604,-0.0016217713452533976,-0.0016217713452533976
2021-11-03,0.0077953066179435385,0.0077953066179435385,-0.0015494176556126733,-0.0015494176556126733,0.002060432916290177,0.002060432916290177,0.0031717991120238324,0.0031717991120238324,0.007463673193179699,0.007463673193179699
2021-11-04,0.01550166240666183,0.01550166240666183,0.01254098604319136,0.01254098604319136,0.014016597317986901,0.014016597317986901,0.008470389600974711,0.008470389600974711,0.0159361187372332,0.0159361187372332
2021-11-05,0.006714059911331306,0.006714059911331306,-0.0007016120599826036,-0.0007016120599826036,0.0008453390856122405,0.0008453390856122405,0.002687426602171702,0.002687426602171702,0.00939448930035137,0.00939448930035137
2021-11-08,-0.009543372883721582,-0.009543372883721582,-0.0013687401236652575,-0.0013687401236652575,-0.007321399652674299,-0.007321399652674299,-0.005847929989091553,-0.005847929989091553,-0.00793861839122949,-0.00793861839122949
2021-11-09,0.014422506338134597,0.014422506338134597,0.00781443573896401,0.00781443573896401,0.01073875797256505,0.01073875797256505,0.011719490666715935,0.011719490666715935,0.020171732686644045,0.020171732686644045
2021-11-10,0.0074546820766674595,0.0074546820766674595,0.012802089209078061,0.012802089209078061,0.00807418947718015,0.00807418947718015,0.004087698025846135,0.004087698025846135,0.0016801282855195224,0.0016801282855195224
2021-11-11,-0.0009553544026894059,-0.0009553544026894059,0.003064504469152384,0.003064504469152384,-0.0019955155811135937,-0.0019955155811135937,-0.0026609200761230707,-0.0026609200761230707,-0.006748134361448167,-0.006748134361448167
2021-11-12,0.001167031649411625,0.001167031649411625,0.003904613623458597,0.003904613623458597,0.001448470913607436,0.001448470913607436,0.0009127617524537095,0.0009127617524537095,-1.640194205365837e-06,-1.640194205365837e-06
2021-11-15,0.013922610840026004,0.013922610840026004,0.011809195156609921,0.011809195156609921,0.00856883146583749,0.00856883146583749,0.010886835961176327,0.010886835961176327,0.011230305999335966,0.011230305999335966
2021-11-16,-0.001228344515179951,-0.001228344515179951,-0.001919078343431347,-0.001919078343431347,0.008963323764701825,0.008963323764701825,0.008648148374020068,0.008648148374020068,0.0022698147921910664,0.0022698147921910664
2021-11-17,0.006417952545752368,0.006417952545752368,2.3858522845388377e-05,2.3858522845388377e-05,0.0005956277105315434,0.0005956277105315434,2.3912763151227607e-05,2.3912763151227607e-05,0.0026007204112962643,0.0026007204112962643
2021-11-18,-0.011285955925886304,-0.011285955925886304,-0.004118358942962974,-0.004118358942962974,-0.004707983851862242,-0.004707983851862242,-0.0038607788791727334,-0.0038607788791727334,-0.0037256897383886383,-0.0037256897383886383
2021-11-19,2.2980836652322394e-05,2.2980836652322394e-05,-0.0176584397832118,-0.0176584397832118,-0.011135033268556105,-0.011135033268556105,-0.004002025796679986,-0.004002025796679986,-0.00035212620981930323,-0.00035212620981930323
2021-11-22,0.005320581285245646,0.005320581285245646,0.009797290248474111,0.009797290248474111,0.0059721574743319735,0.0059721574743319735,0.0036626963786238645,0.0036626963786238645,0.00293501958362703,0.00293501958362703
2021-11-23,-0.00721698363483764,-0.00721698363483764,-0.01572366771485998,-0.01572366771485998,-0.006650123362287874,-0.006650123362287874,-0.009074475162360892,-0.009074475162360892,-0.009255361161049086,-0.009255361161049086
2021-11-24,0.008974859819350934,0.008974859819350934,0.002598816473244759,0.002598816473244759,0.0036728276983285734,0.0036728276983285734,0.0030222805222656964,0.0030222805222656964,0.003895820920359766,0.003895820920359766
2021-11-25,-0.0005952023269118567,-0.0005952023269118567,-0.0022469599617740863,-0.0022469599617740863,0.0005137074614680493,0.0005137074614680493,-0.002596942482522557,-0.002596942482522557,-0.0016664061364099478,-0.0016664061364099478
2021-11-26,-0.019549473392590524,-0.0025000000000000005,-0.01127047987250176,-0.0025,-0.012912110098067232,-0.0025,-0.011442654965470811,-0.0025,-0.01432867982314352,-0.0025000000000000005
2021-11-29,-0.007438834939802177,0.0,-0.005465996689735065,0.0,-0.0085916535183734,0.0,-0.006937401596674894,0.0,-0.004947397714163321,0.0
2021-11-30,0.017386559918904556,0.0,0.015822886313417196,0.0,0.009697356720626748,0.0,0.013712296702947404,0.0,0.016469846629095522,0.0
2021-12-01,0.008344764374733266,0.005844764374733266,0.013812311286951418,0.012312311286951419,0.010336267873729833,0.008336267873729833,0.004839960306273339,0.002673293639606672,0.004933503754323493,0.002933503754323492
2021-12-02,-0.012126684546319164,-0.012126684546319164,-0.014230649438081434,-0.014230649438081434,-0.008675176203788437,-0.008675176203788437,-0.01033586289780936,-0.01033586289780936,-0.014288474855687239,-0.014288474855687239
2021-12-03,0.013543779371912526,0.013543779371912526,0.0117881531725339,0.0117881531725339,0.005529928318863142,0.005529928318863142,0.004417295141003967,0.004417295141003967,0.004051161461677348,0.004051161461677348
2021-12-06,0.004737477898941285,0.004737477898941285,0.014340364340364387,0.014340364340364387,0.004423224116030644,0.004423224116030644,0.004414906416977039,0.004414906416977039,0.004850504868119931,0.004850504868119931
2021-12-07,-0.0028921411684311887,-0.0028921411684311887,-0.013652393359372184,-0.013652393359372184,-0.00876386781187808,-0.00876386781187808,-0.004270385329841727,-0.004270385329841727,-0.005727561513336533,-0.005727561513336533
2021-12-08,0.010091698349752785,-0.0025000000000000005,0.010355108384208167,-0.0025,0.0038687361728202527,-0.0025,0.004939343487343403,-0.0025,0.007230751095259508,-0.0025000000000000005
2021-12-09,-0.0038099560547718166,-0.0063099560547718175,-0.007076737907530583,-0.009576737907530584,-0.002395264928417362,-0.004895264928417362,-0.0030222065362623947,-0.005522206536262395,-0.00070229862859551,-0.0032022986285955104
2021-12-10,0.0019294374375699206,-0.0025000000000000005,-0.0013452822944676425,-0.0025,-0.0005396997598506426,-0.0025,-0.0005441043096730215,-0.0025,0.002107553440430604,-0.0025000000000000005
2021-12-13,-0.0001224465517507285,0.0,0.0037981050436706625,0.0,0.011903031218053806,0.0,0.00991552135184849,0.0,0.004506570960989637,0.0
2021-12-14,-0.01915539996964216,0.0,-0.01927452175637692,0.0,-0.010370006517357123,0.0,-0.012728336365928909,0.0,-0.012404505771538255,0.0
2021-12-15,0.008664788542674091,0.0,0.007593677871243676,0.0,0.004630627688947164,0.0,0.003775577869210212,0.0,0.0027988068287883197,0.0
2021-12-16,0.01161233514372334,0.0,0.006005269398762248,0.0,0.002353166792359873,0.0,0.005168846492051352,0.0,0.0037609727271321726,0.0
2021-12-17,-0.008900528632632403,-0.011400528632632403,-0.0074680425175304155,-0.009968042517530416,-0.002769370368490365,-0.005269370368490366,-0.002120544756505295,-0.004620544756505295,-0.003895138726434383,-0.006395138726434383
2021-12-20,0.00016822926899935406,0.00016822926899935406,0.0028868275071014756,0.0028868275071014756,-0.00205702140916103,-0.00205702140916103,0.0014155736438400844,0.0014155736438400844,0.0006484628435066868,0.0006484628435066868
2021-12-21,0.008999132733425062,-0.0025000000000000005,0.010996119149519121,-0.0025,0.00951227090142942,-0.0025,0.006000170522423046,-0.0025,0.005899307480658899,-0.0025000000000000005
2021-12-22,0.005203095979816233,0.0027030959798162325,0.009101433946374905,0.006601433946374904,0.004202016818239041,0.001702016818239041,0.005898777838801135,0.0033987778388011353,0.005054747212200539,0.002554747212200539
2021-12-23,0.009063550184316697,0.009063550184316697,0.02463670514440244,0.02463670514440244,0.015715764803639943,0.015715764803639943,0.018877639555747224,0.018877639555747224,0.014730890189542122,0.014730890189542122
2021-12-24,0.0029875626497981858,0.0029875626497981858,0.0032936472359208716,0.0032936472359208716,0.013105317367692637,0.013105317367692637,0.006657964430041762,0.006657964430041762,0.004899654011722421,0.004899654011722421
2021-12-27,0.01139692070871021,0.01139692070871021,0.02050462962946502,0.02050462962946502,0.018085480744683094,0.018085480744683094,0.015323856630964562,0.015323856630964562,0.012688289009948485,0.012688289009948485
2021-12-28,0.005537609495903427,0.005537609495903427,0.018445086364842544,0.018445086364842544,0.014383314982576868,0.014383314982576868,0.008228743773495074,0.008228743773495074,0.0070088089214653095,0.0070088089214653095
2021-12-29,0.02797854025206577,0.02797854025206577,0.028089267397504104,0.028089267397504104,0.027289431244461006,0.027289431244461006,0.02133451582211713,0.02133451582211713,0.02442827083758331,0.02442827083758331
2021-12-30,0.0121216651495351,0.0121216651495351,-0.014187207829744143,-0.014187207829744143,-0.005940054295779674,-0.005940054295779674,0.0009335695025384598,0.0009335695025384598,0.0013742360141337786,0.0013742360141337786
2022-01-03,-0.0025506122730053734,-0.0025506122730053734,-0.014196871440918635,-0.014196871440918635,-0.013342518423934205,-0.013342518423934205,-0.009996797775712664,-0.009996797775712664,-0.007833909759177944,-0.007833909759177944
2022-01-04,0.005312798798235381,0.005312798798235381,0.02271113341246991,0.02271113341246991,0.018653314588909835,0.018653314588909835,0.012694463482518658,0.012694463482518658,0.013430896697899613,0.013430896697899613
2022-01-05,-0.008215644824242205,-0.0025000000000000005,-0.006992391447932024,-0.0025,0.00227598535339385,-0.0025,-0.00045076679884631095,-0.0025,0.0014643980849865777,-0.0025000000000000005
2022-01-06,-0.00453502223152553,0.0,0.007407094425756977,0.0,-6.516124357905948e-05,0.0,0.0005580383605515123,0.0,0.0036056244247798346,0.0
2022-01-07,-0.01755893490546759,0.0,-0.0030953405966195786,0.0,-0.01746694594219188,0.0,-0.01320641645551964,0.0,-0.011293812817967121,0.0
2022-01-10,0.00849464433512225,0.0,0.015089942691153022,0.0,0.006685459517137926,0.0,0.00616611585680947,0.0,0.0028883728380308888,0.0
2022-01-11,-0.011532607103123966,0.0,0.003588698748483199,0.0,-0.0056428512784523766,0.0,-0.006754520994981736,0.0,-0.006500120429853435,0.0
2022-01-12,0.012953802697933049,0.0,0.027055515803633058,0.0,0.014346450416937074,0.0,0.009435004180193874,0.0,0.01346472575228175,0.0
2022-01-13,-0.012607370898864321,0.0,-0.031328445891097005,0.0,-0.017293095177488272,0.0,-0.01397355847880326,0.0,-0.014783553359549012,0.0
2022-01-14,-0.015703584802600347,0.0,-0.02208278240873811,0.0,-0.014881117154171352,0.0,-0.009340789238740339,0.0,-0.010880613630068188,0.0
2022-01-17,0.01809749824526897,0.0,0.04157432935790455,0.0,0.029672792898636117,0.0,0.019686493374405024,0.0,0.018877426360238064,0.0
2022-01-18,-0.0014542136706408916,0.0,0.010519146652506394,0.0,0.0021057138841089505,0.0,0.0019436328948919663,0.0,0.0018432592986338866,0.0
2022-01-19,-0.004345984756560943,0.0,7.262937610035339e-05,0.0,-0.004132236156495261,0.0,-0.0023252069542333206,0.0,-0.000370398167758496,0.0
2022-01-20,0.003339977470214004,0.0,-0.0076536389949763755,0.0,-0.0038382014678608137,0.0,-0.002880951565192798,0.0,0.0010071788727157192,0.0
2022-01-21,-0.0312814038925233,0.0,-0.033115262456848704,0.0,-0.027576351973637996,0.0,-0.022406466268199348,0.0,-0.023965012783494326,0.0
2022-01-24,-0.005757492272402963,0.0,0.0036757417418469716,0.0,-0.0010966775896904097,0.0,-2.0883696196105753e-05,0.0,-0.0004263629564014383,0.0
2022-01-25,-0.022462031655907745,0.0,-0.035004769878257805,0.0,-0.025972855234933114,0.0,-0.020119302799161323,0.0,-0.02060638505807626,0.0
2022-01-26,0.0027785450820689015,0.0,0.0015200068679481092,0.0,-0.0004885517029332709,0.0,0.0006984790186446892,0.0,0.002745171590583007,0.0
2022-02-07,0.027228862583452307,0.0,0.028146645127777203,0.0,0.025455076133245116,0.0,0.0213448669345061,0.0,0.02433894404284993,0.0
2022-02-08,0.01827124842251164,0.0,0.011672286181522318,0.0,0.009383077982028653,0.0,0.012377647283380125,0.0,0.016332584160122877,0.0
2022-02-09,0.012416517030646433,0.009916517030646433,0.008483851447667902,0.005983851447667901,0.0076879685605348415,0.005187968560534842,0.005878827669439168,0.0033788276694391678,0.005808813145134284,0.003308813145134284
2022-02-10,-0.0023082480120270267,-0.0023082480120270267,-0.019631850502394643,-0.019631850502394643,-0.010620100250853205,-0.010620100250853205,-0.007997127603780907,-0.007997127603780907,-0.006775866616746568,-0.006775866616746568
2022-02-11,0.0009313264692805017,0.0009313264692805017,-0.001846771766313959,-0.001846771766313959,-0.0018375667066162118,-0.0018375667066162118,0.0006045463018230433,0.0006045463018230433,0.0009386168292491282,0.0009386168292491282
2022-02-14,-0.019321075929522827,-0.019321075929522827,-0.02570110259184584,-0.02570110259184584,-0.01912374676098155,-0.01912374676098155,-0.015116982581851516,-0.015116982581851516,-0.010308684268377371,-0.010308684268377371
2022-02-15,0.00545502048404489,0.00545502048404489,0.0021585912963894673,0.0021585912963894673,0.008620331611927056,0.008620331611927056,0.00446387915240322,0.00446387915240322,0.0012332999915013196,0.0012332999915013196
2022-02-16,0.01300173994602568,0.01300173994602568,0.020778450416089236,0.020778450416089236,0.012299991672166355,0.012299991672166355,0.011188163618122684,0.011188163618122684,0.013185177994255035,0.013185177994255035
2022-02-17,-0.0019843480642562747,-0.0019843480642562747,0.012486069042780358,0.012486069042780358,0.00513962058630072,0.00513962058630072,0.0009188397743311965,0.0009188397743311965,-0.001618695938052689,-0.001618695938052689
2022-02-18,0.004711475806405689,0.004711475806405689,0.003958856120603538,0.003958856120603538,0.0023321275718111044,0.0023321275718111044,0.0046739925342607885,0.0046739925342607885,0.004475845159565001,0.004475845159565001
2022-02-21,-0.003689695663295958,-0.003689695663295958,-0.008791807782501838,-0.008791807782501838,-0.003928452239339153,-0.003928452239339153,-0.0028887895805750578,-0.0028887895805750578,-0.0017460105331974676,-0.0017460105331974676
2022-02-22,-0.01748036126829305,-0.01748036126829305,-0.013037977537258171,-0.013037977537258171,-0.015932358280064507,-0.015932358280064507,-0.015525334295723808,-0.015525334295723808,-0.014650790858846493,-0.014650790858846493
2022-02-23,0.01416102181382257,-0.0025000000000000005,0.0010848600819056919,-0.0025,0.002211084110542538,-0.0025,0.005338371595576145,-0.0025,0.009851092583498105,-0.0025000000000000005
2022-02-24,-0.028628950720303515,0.0,-0.03264970961425495,0.0,-0.025132491522551148,0.0,-0.022275873666767004,0.0,-0.019843492040868837,0.0
2022-02-25,0.0031859103266692564,0.0,0.013331401674354804,0.0,0.008869394072526916,0.0,0.005593950115336928,0.0,0.005104507959139316,0.0
2022-03-01,0.018570277155262264,0.0,0.02350038419763254,0.0,0.01942382432726819,0.0,0.014206490515212406,0.0,0.014802809753425177,0.0
2022-03-02,0.006688295471892607,0.0041882954718926065,-0.0008625261940118588,-0.003362526194011859,0.0009148205072215254,-0.0015851794927784746,0.0021020443155986093,-0.0003979556844013908,0.001197886007195853,-0.0013021139928041474
2022-03-03,0.004819615788336617,0.004819615788336617,0.002968459386182576,0.002968459386182576,0.0025192050308694867,0.0025192050308694867,0.003457326742398766,0.003457326742398766,0.006567682272480951,0.006567682272480951
2022-03-04,-0.009299100782316027,-0.009299100782316027,-0.006486849403225502,-0.006486849403225502,0.0032614223690311207,0.0032614223690311207,-0.002905194433275799,-0.002905194433275799,-0.006440828098240891,-0.006440828098240891
2022-03-07,-0.03254651743861428,-0.03254651743861428,-0.029434460785201223,-0.029434460785201223,-0.028444356445921058,-0.028444356445921058,-0.025915972358006512,-0.025915972358006512,-0.025474806704833805,-0.025474806704833805
2022-03-08,-0.024417334570809718,-0.0025000000000000005,-0.021136440039664774,-0.0025,-0.02270526754154959,-0.0025,-0.015041095511127998,-0.0025,-0.014012188733982267,-0.0025000000000000005
2022-03-09,0.017818025719651617,0.0,0.023722945755011392,0.0,0.01546998540073099,0.0,0.016045101753240643,0.0,0.01457785910452143,0.0
2022-03-10,0.018007434763381826,0.0,0.014948186304374621,0.0,0.016967106258167452,0.0,0.011340572101055222,0.0,0.011084653388541855,0.0
2022-03-11,-0.006464541579350772,-0.008964541579350772,0.0007717073994387251,-0.001728292600561275,-0.0036325213172897722,-0.006132521317289773,-0.000353820200771267,-0.002853820200771267,-0.0015972358549061485,-0.004097235854906149
2022-03-14,-0.0008448740211880034,-0.0025000000000000005,0.0027141382704525927,-0.0025,0.0006926582099662125,-0.0025,-0.00034364634159672955,-0.0025,-0.0008172853420913007,-0.0025000000000000005
2022-03-15,-0.02367589393696722,0.0,-0.01643739333429999,0.0,-0.015897426619371324,0.0,-0.014044843811293362,0.0,-0.016819921826052908,0.0
2022-03-16,0.003824534496989743,0.0,-0.0038108078296009264,0.0,-0.0017805951926915253,0.0,0.0021428323105946007,0.0,0.0006027884238825163,0.0
2022-03-17,0.030057324155340195,0.0,0.0327834605708969,0.0,0.026610301045978082,0.0,0.021695867149428668,0.0,0.022742692717948442,0.0
2022-03-18,0.010342434617901866,0.007842434617901866,0.010493102209851534,0.007993102209851534,0.006590394598778315,0.004090394598778316,0.0048884563262921125,0.0023884563262921124,0.006375036456854705,0.0038750364568547043
2022-03-21,0.010014520131981872,0.010014520131981872,-0.001195064156980208,-0.001195064156980208,-0.0020093674662904795,-0.0020093674662904795,5.6695922720328854e-05,5.6695922720328854e-05,0.0015153937579114594,0.0015153937579114594
2022-03-22,0.010961565273104672,0.010961565273104672,0.009397445218931688,0.009397445218931688,0.0067000403568311375,0.0067000403568311375,0.00535544548343793,0.00535544548343793,0.005670360151002074,0.005670360151002074
2022-03-23,0.0039372285432898975,0.0039372285432898975,0.009132632405378361,0.009132632405378361,0.010229739055182575,0.010229739055182575,0.010019251823612052,0.010019251823612052,0.006232425824145516,0.006232425824145516
2022-03-24,0.003307326759592762,0.003307326759592762,0.002727899436386361,0.002727899436386361,0.0044558851139591795,0.0044558851139591795,0.0027748694130984054,0.0027748694130984054,0.003150556520949799,0.003150556520949799
2022-03-25,-0.006936329655689442,-0.006936329655689442,-0.01255474689511855,-0.01255474689511855,-0.0018600324923236824,-0.0018600324923236824,-0.0014600912873710642,-0.0014600912873710642,-0.0037042147812382195,-0.0037042147812382195
2022-03-28,-0.002317615913922229,-0.002317615913922229,-0.007483847660874044,-0.007483847660874044,-0.0047096788417890665,-0.0047096788417890665,-0.002941077499096342,-0.002941077499096342,-0.002375006996879475,-0.002375006996879475
2022-03-29,0.006190949941749889,0.006190949941749889,-0.002012046697433601,-0.002012046697433601,-0.006691563497120812,-0.006691563497120812,-0.002351424709843678,-0.002351424709843678,0.0004829283264463362,0.0004829283264463362
2022-03-30,0.0028943061360207213,0.0028943061360207213,0.011315546227646278,0.011315546227646278,0.005666177851626086,0.005666177851626086,0.004488632299937004,0.004488632299937004,0.0026861994865063294,0.0026861994865063294
2022-03-31,-0.007955159366016776,-0.007955159366016776,-0.005682486650280571,-0.005682486650280571,-0.007486193432509725,-0.007486193432509725,-0.006165321341923254,-0.006165321341923254,-0.0036824459961570634,-0.0036824459961570634
2022-04-01,-0.0010972157757835476,-0.0010972157757835476,0.00047515743167909604,0.00047515743167909604,-0.001357528185291945,-0.001357528185291945,-0.000881248833842499,-0.000881248833842499,-0.0006782612382328911,-0.0006782612382328911
2022-04-06,0.0011799787416567834,0.0011799787416567834,0.008818230839022799,0.008818230839022799,0.008409442497649144,0.008409442497649144,0.010393937833013279,0.010393937833013279,0.006382775134113052,0.006382775134113052
2022-04-07,-0.02917849728729534,-0.0025000000000000005,-0.03241043610520757,-0.0025,-0.028002983727664056,-0.0025,-0.02296925383084904,-0.0025,-0.02204063353035351,-0.0025
2022-04-08,0.013313362003638215,0.0,0.0009789579115538464,0.0,0.0065553095821794145,0.0,0.007329116249699644,0.0,0.0073349809410435726,0.0
2022-04-11,-0.024391466826805097,0.0,-0.028882950122089995,0.0,-0.022169845269115442,0.0,-0.018361269180386483,0.0,-0.01685044996086972,0.0
2022-04-12,-0.004505752816678418,0.0,0.010784924320839308,0.0,0.002135257386957268,0.0,-0.0002781407563919204,0.0,-0.0011373481725833914,0.0
2022-04-13,0.009967541308292012,0.0,0.007715452924493915,0.0,0.010907429120938363,0.0,0.00948756537603556,0.0,0.008992863537845171,0.0
2022-04-14,0.004498642097630167,0.0,0.009326977268521207,0.0,0.009297485764461322,0.0,0.0056798700891165085,0.0,0.0043454523032526735,0.0
2022-04-15,-0.020195371298559216,0.0,-0.016299978606598486,0.0,-0.020655570306860504,0.0,-0.018615744574023596,0.0,-0.016152590068247683,0.0
2022-04-18,-0.006032070282197368,0.0,-0.009396226591363833,0.0,-0.012052040255916297,0.0,-0.01026859927100292,0.0,-0.0087407770436266,0.0
2022-04-19,0.006513930136592247,0.0,0.013721605500183955,0.0,0.007994094167929712,0.0,0.0060039254203071955,0.0,0.005937115607787751,0.0
2022-04-20,0.0014537241458396765,0.0,-0.0036671230432081983,0.0,-0.0015130035565097733,0.0,0.00014653194394200755,0.0,0.001496153707438913,0.0
2022-04-21,-0.0002876146137214881,0.0,0.0021230784753248464,0.0,0.001139278973665614,0.0,0.0020187940747381354,0.0,0.0020201324790446178,0.0
2022-04-22,-0.00673695903967714,0.0,-0.013670865186725334,0.0,0.002403280488137471,0.0,-0.0006591213084458833,0.0,-0.0018779073958632502,0.0
2022-04-25,-0.03065910024834472,0.0,-0.02490058729082334,0.0,-0.02644930451611502,0.0,-0.02468324146602741,0.0,-0.02359801340845581,0.0
2022-04-26,-0.0027065927400115645,0.0,-0.005605992230817215,0.0,-0.009785062228490328,0.0,-0.005571435317762333,0.0,-0.004711607850798799,0.0
2022-04-27,-0.0148880498400534,0.0,-0.012529869934618175,0.0,-0.010949660208251378,0.0,-0.009204367858674652,0.0,-0.010049839818345785,0.0
2022-04-28,0.006539059959491983,0.0,0.011304809273380734,0.0,0.008515168471660606,0.0,0.012122365257005687,0.0,0.010829504415592073,0.0
2022-04-29,0.0050248580452595774,0.0,0.009844925025059537,0.0,0.0005287770807104746,0.0,-0.0012037320006752132,0.0,0.0006236360266063833,0.0
2022-05-03,-0.002613784130925164,0.0,0.005655834814961481,0.0,-0.00025770430943332584,0.0,0.0008024345577529735,0.0,0.0011962072060074658,0.0
2022-05-04,0.004375310765496244,0.0,0.007032928337677614,0.0,0.004826918059075292,0.0,-0.002494428976443445,0.0,-0.0010663861171014528,0.0
2022-05-05,0.010837425184366357,0.008337425184366356,0.011018429934572251,0.00851842993457225,0.012109888722160069,0.009609888722160068,0.00997571122917804,0.007475711229178039,0.009919629836190907,0.007419629836190907
2022-05-06,-0.008858926687377531,-0.008858926687377531,-0.016961048362785804,-0.016961048362785804,-0.010656515795476575,-0.010656515795476575,-0.005341227669059015,-0.005341227669059015,-0.00545887562192477,-0.00545887562192477
2022-05-09,-0.020520214966652326,-0.020520214966652326,-0.022863231405490826,-0.022863231405490826,-0.023968568282317883,-0.023968568282317883,-0.02446777517930548,-0.02446777517930548,-0.022508051691886972,-0.022508051691886972
2022-05-10,0.011793033047121941,-0.0025,0.014646014645956851,-0.0025,0.011509988515134852,-0.0025,0.009687487764944687,-0.0025,0.0071012434610142165,-0.0025
2022-05-11,-0.008907803471243205,0.0,-0.01731229358053743,0.0,-0.013872216738105882,0.0,-0.007788367873745173,0.0,-0.009706796621896373,0.0
2022-05-12,-0.01755818222137275,0.0,-0.016253130584814146,0.0,-0.022777835025173467,0.0,-0.020602456116445015,0.0,-0.019716150622865313,0.0
2022-05-13,0.021488826959821645,0.0,0.0230262909900834,0.0,0.01704773686041663,0.0,0.014134252375854103,0.0,0.01419373317073925,0.0
2022-05-16,0.004014968388796127,0.001514968388796127,0.005436434933054679,0.002936434933054679,0.004860899448082457,0.0023608994480824566,0.00518114074890638,0.0026811407489063803,0.003828484032306373,0.0013284840323063729
2022-05-17,0.018566117327761877,0.018566117327761877,0.011800679466314737,0.011800679466314737,0.01271718395980178,0.01271718395980178,0.011076275323059286,0.011076275323059286,0.010412217962923064,0.010412217962923064
2022-05-18,0.007540121643402899,0.007540121643402899,0.007723716367423373,0.007723716367423373,0.008022516176542916,0.008022516176542916,0.005961077112790258,0.005961077112790258,0.004606603367644724,0.004606603367644724
2022-05-19,-0.0013260366923597033,-0.0013260366923597033,-0.0068171875956627,-0.0068171875956627,-0.004776740283186832,-0.004776740283186832,-0.0037520197342577758,-0.0037520197342577758,-0.0035572266965644534,-0.0035572266965644534
2022-05-20,0.002862678390678398,0.002862678390678398,0.002988596228686591,0.002988596228686591,0.0020062071707330877,0.0020062071707330877,0.003768067790938863,0.003768067790938863,0.003779525153724367,0.003779525153724367
2022-05-23,0.0003390689296610637,0.0003390689296610637,-0.006653601066796889,-0.006653601066796889,-0.003544712012104834,-0.003544712012104834,0.001674556708488306,0.001674556708488306,0.0013919777051558612,0.0013919777051558612
2022-05-24,-0.013546690449320598,-0.013546690449320598,-0.013511069908872008,-0.013511069908872008,-0.011241273527996674,-0.011241273527996674,-0.010252075082633054,-0.010252075082633054,-0.009854207501058037,-0.009854207501058037
2022-05-25,0.010883241628669134,-0.0025,0.004942640267945664,-0.0025,0.005700648228515715,-0.0025,0.006582818505565065,-0.0025,0.008182343638570384,-0.0025
2022-05-26,-0.0022796608662454007,-0.004779660866245401,-0.0032670562461359683,-0.005767056246135969,-0.003221419420869731,-0.005721419420869732,0.00010418420922858981,-0.00239581579077141,-0.0014178079510115348,-0.003917807951011535
2022-05-27,0.00924913428517307,-0.0025,0.007816999596149454,-0.0025,0.0052912009556176365,-0.0025,0.0057664068748443905,-0.0025,0.0059425358318168425,-0.0025
2022-05-30,0.02003561113690109,0.01753561113690109,0.01764817830447929,0.015148178304479289,0.016452806324824733,0.013952806324824733,0.01306627365058035,0.01056627365058035,0.0121727679577486,0.0096727679577486
2022-05-31,0.007400009294149687,0.007400009294149687,0.008327198395731372,0.008327198395731372,0.007231743678332294,0.007231743678332294,0.006813977827036824,0.006813977827036824,0.0052811247000728034,0.0052811247000728034
2022-06-01,0.010280840715034907,0.010280840715034907,0.005523785501333258,0.005523785501333258,0.006973442849313494,0.006973442849313494,0.007088591252435602,0.007088591252435602,0.0059199700515634515,0.0059199700515634515
2022-06-02,0.0019722781784811587,0.0019722781784811587,-0.014509653044183102,-0.014509653044183102,-0.009761715590580965,-0.009761715590580965,-0.005770599386078106,-0.005770599386078106,-0.004976243191574597,-0.004976243191574597
2022-06-06,-0.004037828028029912,-0.004037828028029912,0.004575126559322329,0.004575126559322329,-0.0026326840169097923,-0.0026326840169097923,-0.002594011138900276,-0.002594011138900276,-0.0008097384047704157,-0.0008097384047704157
2022-06-07,-0.0030514142224648292,-0.0030514142224648292,-0.004122035486264086,-0.004122035486264086,0.002096890436814425,0.002096890436814425,0.0011905962097079686,0.0011905962097079686,0.0012363551770187555,0.0012363551770187555
2022-06-08,0.0040069226372696975,0.0040069226372696975,0.005409681334761807,0.005409681334761807,0.004628777388902117,0.004628777388902117,0.0033787031935425134,0.0033787031935425134,0.002273404170750898,0.002273404170750898
2022-06-09,0.0038470488521549127,0.0038470488521549127,-0.003968180256700471,-0.003968180256700471,0.00042683791039086513,0.00042683791039086513,4.0307276138277235e-06,4.0307276138277235e-06,0.0022881005688710327,0.0022881005688710327
2022-06-10,-0.0025465889991592027,-0.0025465889991592027,-0.0017962202270729978,-0.0017962202270729978,0.002004999862100354,0.002004999862100354,-0.00027929172193297237,-0.00027929172193297237,0.0001706675079586993,0.0001706675079586993
2022-06-13,-0.015730940980409152,-0.0025,-0.030602357394845292,-0.0025,-0.027202067364682093,-0.0025,-0.022939346509558256,-0.0025,-0.020486692166577593,-0.0025
2022-06-14,-0.0053128527337341575,0.0,0.000873990103184208,0.0,-0.0034573930426443633,0.0,-0.004042707363570944,0.0,-0.0038664201304637047,0.0
2022-06-15,0.0016884316075236661,0.0,0.0010689117992845887,0.0,-0.0019630664039497424,0.0,0.0001784035673018838,0.0,0.0029566028156417794,0.0
2022-06-16,-0.021404976538801246,0.0,-0.02644229869964714,0.0,-0.024064137592097447,0.0,-0.02213233570947282,0.0,-0.01946496564584126,0.0
2022-06-17,-0.009583329751183122,0.0,-0.015294263690740875,0.0,-0.01614636583016783,0.0,-0.013083007039074872,0.0,-0.012264484415773156,0.0
2022-06-20,-0.035449065854947066,0.0,-0.03616576574664594,0.0,-0.039297545463147704,0.0,-0.03586467167049865,0.0,-0.030759616715409204,0.0
2022-06-21,0.02714682821363554,0.0,0.03410711765801953,0.0,0.0283783428797473,0.0,0.025343217977891064,0.0,0.02161079054304663,0.0
2022-06-22,-0.033071386590163385,0.0,-0.02866848287270718,0.0,-0.034176120978323205,0.0,-0.030725929502379186,0.0,-0.026548934610418205,0.0
2022-06-23,-0.0070377557063939136,0.0,-0.01001626156243405,0.0,-0.0044702478997999725,0.0,-0.0012415736396353295,0.0,-0.0032696061461340246,0.0
2022-06-24,0.007018622520098456,0.0,0.00036615269270878813,0.0,0.005918269411021338,0.0,0.01055150886561164,0.0,0.011529809081503924,0.0
2022-06-27,0.024730003732479855,0.0,0.0256007173358106,0.0,0.02585221725785243,0.0,0.020476323290730934,0.0,0.017082731817983195,0.0
2022-06-28,-0.008764379741045956,0.0,-0.01632253415366285,0.0,-0.014649451104009469,0.0,-0.010545502923260775,0.0,-0.009169055239524366,0.0
2022-06-29,-0.00847858114407219,0.0,-0.014563658337281994,0.0,-0.00976169911760052,0.0,-0.008106768826786596,0.0,-0.006055803881829042,0.0
2022-06-30,-0.030332080743364968,0.0,-0.02605650055538833,0.0,-0.030048313219804616,0.0,-0.0269252039395226,0.0,-0.02429446160622458,0.0
2022-07-01,-0.04682047511068518,0.0,-0.04849346636471499,0.0,-0.04074853632552049,0.0,-0.036492727267568664,0.0,-0.0321454690720832,0.0
2022-07-04,-0.0029472774717890504,0.0,-0.0020315235854244666,0.0,0.0038461395722169003,0.0,0.0011831845646854914,0.0,0.0006394309801569078,0.0
2022-07-05,0.014318425731899382,0.0,0.015469504053071103,0.0,0.01504796556300607,0.0,0.013985823858063419,0.0,0.012216285930050285,0.0
2022-07-06,-0.026020811977058945,0.0,-0.031634499652530894,0.0,-0.02613623139141815,0.0,-0.021733591972417938,0.0,-0.02011790313358139,0.0
2022-07-07,0.020817378558514562,0.0,0.02973982457494322,0.0,0.027941284433726343,0.0,0.022677667847304524,0.0,0.01914947433276591,0.0
2022-07-08,0.016776711734784913,0.0,0.02973198653723257,0.0,0.02312553388480784,0.0,0.026020617176013953,0.0,0.023132760308216083,0.0
2022-07-11,-0.004881826655396631,0.0,-0.0017693454660224987,0.0,-0.00844916605800228,0.0,-0.004333427036623013,0.0,-0.0051688539789282685,0.0
2022-07-12,-0.03472533588605499,0.0,-0.019358829542031407,0.0,-0.02197375940353928,0.0,-0.02084410177778038,0.0,-0.018104043590105506,0.0
2022-07-13,0.022203855236617213,0.0,0.027194592018323905,0.0,0.022185986225528344,0.0,0.020372346864326044,0.0,0.01819831482591481,0.0
2022-07-14,0.015120760500058669,0.0,0.01760053587896708,0.0,0.01239922563010373,0.0,0.010339599741688668,0.0,0.008687884751286313,0.0
2022-07-15,0.01375143342394854,0.0,0.009903621372142225,0.0,0.010365050627314954,0.0,0.01074686410139288,0.0,0.007321786368154448,0.0
2022-07-18,0.014349918741020042,0.011849918741020041,0.016079841996650048,0.013579841996650048,0.020297945192038827,0.01779794519203883,0.019012691252861248,0.01651269125286125,0.015446249459631757,0.012946249459631756
2022-07-19,0.0010915631824927393,0.0010915631824927393,-0.0022574955908289066,-0.0022574955908289066,-0.002197557238679715,-0.002197557238679715,0.0034771898846828477,0.0034771898846828477,0.0037192170531655244,0.0037192170531655244
2022-07-20,0.009197740260973204,0.009197740260973204,0.014712888659636648,0.014712888659636648,0.009795600869584389,0.009795600869584389,0.007638983869594385,0.007638983869594385,0.00694413569843549,0.00694413569843549
2022-07-21,0.01974543577071474,0.01974543577071474,0.016096416714749085,0.016096416714749085,0.012553681120891481,0.012553681120891481,0.012024549293663122,0.012024549293663122,0.011089020805188188,0.011089020805188188
2022-07-22,0.004631954756343383,0.004631954756343383,-0.0031737686735070487,-0.0031737686735070487,0.000516252790780325,0.000516252790780325,0.002301127057493398,0.002301127057493398,0.0026847923366541955,0.0026847923366541955
2022-07-25,-0.0004964450804119261,-0.0004964450804119261,-0.004981627288208746,-0.004981627288208746,-0.0029352095147930583,-0.0029352095147930583,-0.0021032931798621608,-0.0021032931798621608,-0.0003901066039105231,-0.0003901066039105231
2022-07-26,-0.010162706053048635,-0.010162706053048635,-0.011260281304200316,-0.011260281304200316,-0.008058730283857852,-0.008058730283857852,-0.006505291033173818,-0.006505291033173818,-0.004021086700213916,-0.004021086700213916
2022-07-27,0.009818935720861005,0.009818935720861005,0.012422584129515114,0.012422584129515114,0.012333676769384407,0.012333676769384407,0.010470583241339064,0.010470583241339064,0.007772294102034878,0.007772294102034878
2022-07-28,-0.003512618880949637,-0.003512618880949637,0.012800272639119495,0.012800272639119495,0.005697867872381446,0.005697867872381446,0.002765572371378408,0.002765572371378408,0.0006577625722297861,0.0006577625722297861
2022-07-29,0.013695741726899517,-0.0025,0.046373359745045084,-0.0025,0.027923437239674043,-0.0025,0.019688579527652985,-0.0025,0.015386677131061576,-0.0025000000000000005
2022-08-01,0.0023238054164661398,-0.0001761945835338603,0.006506629970760347,0.0040066299707603465,0.0018225624558995909,-0.0001774375441004096,0.0035050241214353924,0.0013383574547687258,0.004463434752353923,0.0022134347523539225
2022-08-02,-0.017950132860767208,-0.0025,-0.018976746456476092,-0.0025,-0.012409551454461822,-0.0025000000000000005,-0.013281623849952314,-0.0025,-0.012259649317461856,-0.0025000000000000005
2022-08-03,-0.006321748884714762,0.0,0.010632915584471835,0.0,-0.00046819002619311707,0.0,-0.005603702218647477,0.0,-0.003381344060706527,0.0
2022-08-04,-0.0034357587844103684,0.0,-0.0036839270634058344,0.0,-0.002613898203623111,0.0,-0.0023422499865543385,0.0,-0.0015434810603504878,0.0
2022-08-05,0.016653128444461665,0.0,0.00960609410153539,0.0,0.015378303424614891,0.0,0.0155418644152629,0.0,0.013501863435196293,0.0
2022-08-08,0.0017853763412817385,-0.0007146236587182615,-0.0024353213308492714,-0.004935321330849271,0.0021172178108474935,-0.00038278218915250694,0.0014031186017179117,-0.0010968813982820884,0.0008729532519585806,-0.0016270467480414199
2022-08-09,0.006672083453844995,0.006672083453844995,0.01570257504717363,0.01570257504717363,0.012547071794236463,0.012547071794236463,0.010492375654387395,0.010492375654387395,0.008308981432298542,0.008308981432298542
2022-08-10,-0.003156620284479547,-0.003156620284479547,-0.004479464454531223,-0.004479464454531223,-0.008231679499513422,-0.008231679499513422,-0.004399649464271996,-0.004399649464271996,-0.0036775334730585196,-0.0036775334730585196
2022-08-11,0.00905036775137837,-0.0025,0.015735223730832183,-0.0025,0.012448119245462897,-0.0025000000000000005,0.011285713697733702,-0.0025,0.010442670089710006,-0.0025000000000000005
2022-08-12,0.009451996731525098,0.00704290582243419,0.011551175917153645,0.009051175917153645,0.013154130745718874,0.010654130745718873,0.012096351022335632,0.009596351022335631,0.009574225827138206,0.007074225827138205
2022-08-15,0.012410663244650734,0.012410663244650734,0.001120050757051505,0.001120050757051505,-0.0003905327052450947,-0.0003905327052450947,-0.0015925677137708242,-0.0015925677137708242,-0.0004392278312959684,-0.0004392278312959684
2022-08-16,0.0027374257136504143,0.0027374257136504143,0.00802487850435223,0.00802487850435223,0.0027873952052369757,0.0027873952052369757,0.0025610269085088342,0.0025610269085088342,0.0011826905356903449,0.0011826905356903449
2022-08-17,0.006310062979832449,0.006310062979832449,0.007101005128856564,0.007101005128856564,0.0051299469780722645,0.0051299469780722645,0.0041869725953073735,0.0041869725953073735,0.00429965686180987,0.00429965686180987
2022-08-18,0.005951775175444691,0.005951775175444691,0.00600352230146899,0.00600352230146899,0.004286357273864738,0.004286357273864738,0.0011992553787613094,0.0011992553787613094,0.0007902173757908639,0.0007902173757908639
2022-08-19,0.010408871650362308,0.010408871650362308,0.001638964529736575,0.001638964529736575,0.006914151064787976,0.006914151064787976,0.0068656849948671725,0.0068656849948671725,0.005665548581666907,0.005665548581666907
2022-08-22,-0.004689293537305474,-0.004689293537305474,-0.012926494929704747,-0.012926494929704747,-0.00961327461892525,-0.00961327461892525,-0.004064568846511385,-0.004064568846511385,-0.002158420808157213,-0.002158420808157213
2022-08-23,-0.0027114854098318304,-0.0027114854098318304,-0.003688520552382246,-0.003688520552382246,-0.004354472227877793,-0.004354472227877793,0.0005151911959359931,0.0005151911959359931,-0.001461972190295252,-0.001461972190295252
2022-08-24,0.004344642767155091,0.004344642767155091,-0.009889696405240468,-0.009889696405240468,-0.002755214265435702,-0.002755214265435702,-0.0020420932723523777,-0.0020420932723523777,0.003732821945794734,0.003732821945794734
2022-08-25,0.011424062849659333,0.011424062849659333,0.015492898027306932,0.015492898027306932,0.01022596304126082,0.01022596304126082,0.00893255923866522,0.00893255923866522,0.005496452023960874,0.005496452023960874
2022-08-26,0.006455448051142313,0.006455448051142313,0.00805581799132964,0.00805581799132964,0.00968861176764051,0.00968861176764051,0.006406226460926381,0.006406226460926381,0.0068848831367067775,0.0068848831367067775
2022-08-29,-0.013739992618670128,-0.013739992618670128,-0.018255522524297366,-0.018255522524297366,-0.013494998953390382,-0.013494998953390382,-0.015564313086551635,-0.015564313086551635,-0.012627473419610387,-0.012627473419610387
2022-08-30,0.01314648181770536,0.01314648181770536,0.01661813807130863,0.01661813807130863,0.010956406795910388,0.010956406795910388,0.010710331016702416,0.010710331016702416,0.009556670039051375,0.009556670039051375
2022-08-31,0.01176819887247015,0.01176819887247015,0.01721418179931806,0.01721418179931806,0.009336321787720259,0.009336321787720259,0.008739890232050589,0.008739890232050589,0.006512663896015321,0.006512663896015321
2022-09-01,-0.013035817756110842,-0.013035817756110842,-0.022163224577890595,-0.022163224577890595,-0.016740069575754715,-0.016740069575754715,-0.017427524620094042,-0.017427524620094042,-0.01757161959831821,-0.01757161959831821
2022-09-02,0.0011352719780984373,-0.0024999999999999996,0.008443752185478638,-0.0025,-0.0005910120277690888,-0.0025000000000000005,-0.00031826621728868443,-0.0025,-0.0024383968240496157,-0.0025000000000000005
2022-09-05,-0.015256791048675514,-0.017665881957766423,-0.015223612989136171,-0.017723612989136172,-0.013884665193897382,-0.016384665193897384,-0.013201083549964372,-0.01570108354996437,-0.012396313174145445,-0.014896313174145446
2022-09-06,-0.012393696561917926,-0.0025,-0.015149586699405117,-0.0025,-0.009601370489107863,-0.0025000000000000005,-0.0076246711688943815,-0.0025,-0.006278090037709988,-0.0025000000000000005
2022-09-07,-0.010386123055063522,0.0,-0.018532360806280138,0.0,-0.010068097601069526,0.0,-0.011051906996671705,0.0,-0.00955164004821254,0.0
2022-09-08,0.02024289000096076,0.0,0.03235384791828797,0.0,0.025601589862102505,0.0,0.022258511639887672,0.0,0.019225199436248615,0.0
2022-09-12,0.01907020471842437,0.0,0.015160145819725336,0.0,0.013276100269081817,0.0,0.015786511816003598,0.0,0.016223305992046667,0.0
2022-09-13,0.006323025188809142,0.0038230251888091427,0.02015026168566514,0.01765026168566514,0.013329656478934672,0.010829656478934671,0.012274987290000287,0.009774987290000287,0.014458802570488573,0.011958802570488572
2022-09-14,0.0015236038397370875,0.0015236038397370875,0.004597485746336139,0.004597485746336139,-0.00044986027860713894,-0.00044986027860713894,-0.0024757130690252612,-0.0024757130690252612,-0.001460970007567586,-0.001460970007567586
2022-09-15,0.0006698345018630664,0.0006698345018630664,-0.006572072244845551,-0.006572072244845551,0.00030119449753707194,0.00030119449753707194,0.0012742779524218691,0.0012742779524218691,0.0019257105216127115,0.0019257105216127115
2022-09-16,-0.006532422427841665,-0.0024999999999999996,-0.02127786131154901,-0.0025,-0.013089348523375566,-0.0025000000000000005,-0.011111922872641844,-0.0025,-0.008167009888067879,-0.0025000000000000005
2022-09-19,-0.016790129231038106,0.0,-0.014802891212614756,0.0,-0.013653874246123486,0.0,-0.012382155420654763,0.0,-0.011647424966863397,0.0
2022-09-20,0.004069626363877532,0.0,0.010191319368778285,0.0,0.007543117596301996,0.0,0.006588840594619786,0.0,0.0037212210277936474,0.0
2022-09-21,-0.012254191172450479,0.0,-0.012074422651063111,0.0,-0.014672981121975681,0.0,-0.013495684111025894,0.0,-0.011568352040518714,0.0
2022-09-22,0.005184599710920059,0.0,0.0067896344253195245,0.0,0.004622432285291001,0.0,0.0020319601572727827,0.0,0.0005539325211630533,0.0
2022-09-23,-0.01634489860006859,0.0,-0.018841386042806163,0.0,-0.015671644083594418,0.0,-0.014531010950927719,0.0,-0.013978436940462998,0.0
2022-09-26,-0.04374740186061017,0.0,-0.05840257038656181,0.0,-0.045788672118285426,0.0,-0.04104913510578313,0.0,-0.0409842888744949,0.0
2022-09-27,0.013718268117935589,0.0,0.008911050724842573,0.0,0.01145105397634163,0.0,0.012320996759004237,0.0,0.012754184058689938,0.0
2022-09-28,-0.04488819835452562,0.0,-0.056119852756626565,0.0,-0.04562719377892009,0.0,-0.04246805404103273,0.0,-0.04116910968696593,0.0
2022-09-29,0.018265995708107455,0.0,0.019037678450938535,0.0,0.018054825751396445,0.0,0.014181353833685883,0.0,0.014502431383357835,0.0
2022-09-30,0.007774755605482314,0.0,0.010359878747178032,0.0,0.006875902167357296,0.0,0.008336327962213078,0.0,0.007668055721675328,0.0
2022-10-03,-0.003071693233962259,0.0,0.0008835301639724454,0.0,-0.0032672495845386565,0.0,-0.0017790492415336843,0.0,-0.002076541092585948,0.0
2022-10-04,0.019514144392859523,0.0,0.028223483748687262,0.0,0.026464073237619814,0.0,0.019997701593690506,0.0,0.016792263059654658,0.0
2022-10-05,-0.0007778303034673518,-0.0032778303034673513,0.0086247899162216,0.006124789916221599,0.0060518965798223474,0.003551896579822347,0.004350743225821586,0.001850743225821586,0.0018947768948994472,-0.0006052231051005533
2022-10-06,0.0015901929602258904,0.0015901929602258904,0.009384865776783349,0.009384865776783349,0.0045940105511265705,0.0045940105511265705,0.0027847604985467454,0.0027847604985467454,0.001647696241018587,0.001647696241018587
2022-10-07,-0.005627344361625107,-0.005627344361625107,-0.015356896895827466,-0.015356896895827466,-0.009051610580044122,-0.009051610580044122,-0.004238632080088974,-0.004238632080088974,-0.002050975387720288,-0.002050975387720288
2022-10-11,-0.04721896267446013,-0.04721896267446013,-0.048504786412871925,-0.048504786412871925,-0.04357631605682863,-0.04357631605682863,-0.03983765270227447,-0.03983765270227447,-0.03367235364759589,-0.03367235364759589
2022-10-12,-0.01367850766096229,-0.0024999999999999996,-0.01530874417862187,-0.0025,-0.005741596617858103,-0.0025000000000000005,-0.0016871547029122375,-0.0025,-0.004384558225319324,-0.0025000000000000005
2022-10-13,-0.046682174635235156,0.0,-0.05133242605608375,0.0,-0.034450397443480024,0.0,-0.038624861875520396,0.0,-0.03812142045844481,0.0
2022-10-14,0.027296145100731216,0.0,0.03715625122593309,0.0,0.026294555257626605,0.0,0.02459419037411661,0.0,0.023133544083214143,0.0
2022-10-17,-0.006214010424367284,0.0,-0.008290265053957625,0.0,-0.007952439493483832,0.0,-0.004811740256351619,0.0,-0.004707315825868781,0.0
2022-10-18,0.009057279918598275,0.0,0.014070372535959774,0.0,0.006229847075978701,0.0,0.010060917375391824,0.0,0.009653197456797309,0.0
2022-10-19,-0.005351489289300365,0.0,-0.004969673243531502,0.0,-0.0029634552383443922,0.0,-0.0035606029678454977,0.0,-0.0036964828277459174,0.0
2022-10-20,-0.00448120771739673,0.0,0.005499845821161454,0.0,-0.004476217270070348,0.0,-0.0024391086333160456,0.0,-0.005391007353841954,0.0
2022-10-21,-0.015181065172757302,0.0,-0.0257500892207889,0.0,-0.015505734346456149,0.0,-0.009537441056402826,0.0,-0.00834148603665475,0.0
2022-10-24,0.005413672963632966,0.0,0.002842464963950864,0.0,0.004547000277056946,0.0,0.0016258860764048805,0.0,0.0019765211337128274,0.0
2022-10-25,-0.017865131620632014,0.0,-0.026029644069019642,0.0,-0.016671107458104906,0.0,-0.01573117505838903,0.0,-0.013983610171906047,0.0
2022-10-26,-0.0033722718990507904,0.0,0.00532145181163708,0.0,0.0033888930228956897,0.0,0.002353203441854472,0.0,0.0007309855609091977,0.0
2022-10-27,0.02153104472724716,0.0,0.024659574862704536,0.0,0.017944666789434096,0.0,0.017198266986944596,0.0,0.01482998639666866,0.0
2022-10-28,-0.018368849323579465,-0.020868849323579464,-0.027640755791492833,-0.03014075579149283,-0.016580884695003996,-0.019080884695003998,-0.016911944008318813,-0.01941194400831881,-0.015044248457104177,-0.01754424845710418
2022-10-31,0.01842227742740246,0.01842227742740246,0.029922763190045876,0.029922763190045876,0.020704470752628202,0.020704470752628202,0.02167863498446547,0.02167863498446547,0.019535299756911012,0.019535299756911012
2022-11-01,0.011653265942075972,0.011653265942075972,0.009281606014083257,0.009281606014083257,0.005607353775963543,0.005607353775963543,0.007445492390326051,0.007445492390326051,0.008173484265225517,0.008173484265225517
2022-11-02,0.01053771829738536,0.01053771829738536,0.01803802065489144,0.01803802065489144,0.012396811645474038,0.012396811645474038,0.013724880345460754,0.013724880345460754,0.012771535049407739,0.012771535049407739
2022-11-03,0.0023611286541945775,0.0023611286541945775,0.014529553599053325,0.014529553599053325,0.007074429216689871,0.007074429216689871,0.003008152031183949,0.003008152031183949,0.00033101033875348443,0.00033101033875348443
2022-11-04,0.010968759429438039,0.010968759429438039,0.007992979187726457,0.007992979187726457,0.012434531524721704,0.012434531524721704,0.011102246731084538,0.011102246731084538,0.009706710915713795,0.009706710915713795
2022-11-07,0.007969113891688225,0.007969113891688225,0.007537952114111057,0.007537952114111057,0.011362267280041239,0.011362267280041239,0.009049352883120195,0.009049352883120195,0.010606023218305055,0.010606023218305055
2022-11-08,0.002577734142745427,0.002577734142745427,-0.0007453159093232294,-0.0007453159093232294,-0.0005890343286917174,-0.0005890343286917174,-0.0016546091178100946,-0.0016546091178100946,-0.0029165751939433434,-0.0029165751939433434
2022-11-09,0.015721370060369753,0.015721370060369753,0.019910811356803483,0.019910811356803483,0.01690144038002064,0.01690144038002064,0.013692102247539382,0.013692102247539382,0.01317157003118129,0.01317157003118129
2022-11-10,-0.0078660045415929,-0.0078660045415929,-0.011528660551319094,-0.011528660551319094,-0.0029819932789800115,-0.0029819932789800115,-0.008176339844311395,-0.008176339844311395,-0.004888644679845139,-0.004888644679845139
2022-11-11,0.012574954293836368,0.012574954293836368,0.017573297557550858,0.017573297557550858,0.014575860499004735,0.014575860499004735,0.008910173674910087,0.008910173674910087,0.010840408020182497,0.010840408020182497
2022-11-14,0.006523287155747589,0.006523287155747589,0.008831276391294642,0.008831276391294642,0.0037581638469418757,0.0037581638469418757,0.0019490264474867273,0.0019490264474867273,0.0020465692710230636,0.0020465692710230636
2022-11-15,0.014472853523765795,0.014472853523765795,0.013972102107905206,0.013972102107905206,0.005711690130993341,0.005711690130993341,0.006126598696985715,0.006126598696985715,0.007263852113491843,0.007263852113491843
2022-11-16,-0.0013308726023614173,-0.0013308726023614173,-0.0018431030532086055,-0.0018431030532086055,-0.002869388513175297,-0.002869388513175297,-0.002960826103289849,-0.002960826103289849,-0.0028009921246394394,-0.0028009921246394394
2022-11-17,0.0067723319600374605,0.0067723319600374605,0.013171352490158973,0.013171352490158973,0.007167578559296738,0.007167578559296738,0.009383035900154863,0.009383035900154863,0.007360833178499965,0.007360833178499965
2022-11-18,-0.007283891558197462,-0.007283891558197462,-0.012959502555679413,-0.012959502555679413,-0.006615307320107488,-0.006615307320107488,-0.005397063385234609,-0.005397063385234609,-0.00516281524184658,-0.00516281524184658
2022-11-21,0.001245814665567679,0.001245814665567679,-0.0038089234953581743,-0.0038089234953581743,-0.0012434969228637847,-0.0012434969228637847,-0.0009165497850913025,-0.0009165497850913025,-0.0001478903250436757,-0.0001478903250436757
2022-11-22,0.0018708903635932617,0.0018708903635932617,0.0015020065362303604,0.0015020065362303604,0.0016758212321510203,0.0016758212321510203,0.00030994203018803735,0.00030994203018803735,0.0007363571338563188,0.0007363571338563188
2022-11-23,0.007674411926214515,0.007674411926214515,0.013540130535001693,0.013540130535001693,0.0053564822396934605,0.0053564822396934605,0.004838217329598971,0.004838217329598971,0.0040992629375869285,0.0040992629375869285
2022-11-24,0.009268948351433087,0.009268948351433087,0.014791763650900114,0.014791763650900114,0.011037168364069207,0.011037168364069207,0.00926896281270902,0.00926896281270902,0.008719126059585667,0.008719126059585667
2022-11-25,-0.0056680743468768766,-0.0056680743468768766,-0.005104477393370544,-0.005104477393370544,-0.005183817644053691,-0.005183817644053691,-0.0066559029929702754,-0.0066559029929702754,-0.006245754935119836,-0.006245754935119836
2022-11-28,0.003867981028642728,0.003867981028642728,-0.0008169805131047034,-0.0008169805131047034,0.00340349035019778,0.00340349035019778,0.002457884319811406,0.002457884319811406,0.0038218254468910754,0.0038218254468910754
2022-11-29,0.005604027883716492,0.005604027883716492,0.01880464334354062,0.01880464334354062,0.007690657348688479,0.007690657348688479,0.009164057527912162,0.009164057527912162,0.007820322116651585,0.007820322116651585
2022-11-30,0.024877098219483404,0.024877098219483404,0.03280002711860042,0.03280002711860042,0.02573041919636259,0.02573041919636259,0.020688549642806628,0.020688549642806628,0.02215942615211202,0.02215942615211202
2022-12-01,0.008219720779776212,0.008219720779776212,0.014020315371910976,0.014020315371910976,0.009114971384678483,0.009114971384678483,0.006724393552550019,0.006724393552550019,0.007815615892172247,0.007815615892172247
2022-12-02,0.009295096708214672,0.009295096708214672,0.022893920936968362,0.022893920936968362,0.017207066504234404,0.017207066504234404,0.013154154458889011,0.013154154458889011,0.008703433026298052,0.008703433026298052
2022-12-05,0.01913230207204032,0.01913230207204032,0.00978156987508041,0.00978156987508041,0.017437661709427933,0.017437661709427933,0.013005700117439135,0.013005700117439135,0.010066844866885513,0.010066844866885513
2022-12-06,-0.017027863992969433,-0.017027863992969433,-0.01379432580764537,-0.01379432580764537,-0.0087614721296011,-0.0087614721296011,-0.008319045637921779,-0.008319045637921779,-0.010071349559643106,-0.010071349559643106
2022-12-07,-0.013900200175834628,-0.013900200175834628,-0.01991529369948979,-0.01991529369948979,-0.012450773435080132,-0.012450773435080132,-0.012325573214317471,-0.012325573214317471,-0.011251133666990558,-0.011251133666990558
2022-12-08,0.0043063641134918175,-0.0025,0.002770613285023216,-0.0025,0.00035494998202428895,-0.0025,0.001842617645278851,-0.0025,0.0023368009712857636,-0.0025
2022-12-09,-0.0040949294984825475,0.0,0.007747906063431742,0.0,0.005350960820629991,0.0,-0.0007277840801093909,0.0,-9.342594951483563e-05,0.0
2022-12-12,-0.007147671507553591,-0.00964767150755359,-0.003326020162560717,-0.005826020162560717,-0.0036738195167413056,-0.006173819516741306,-0.007881006038951135,-0.010381006038951136,-0.007010551840332185,-0.009510551840332185
2022-12-13,-0.005127657653798537,-0.0024999999999999996,-0.012136284986387458,-0.0025,-0.007582640437560895,-0.0025,-0.007155931992674651,-0.0025,-0.003604375822294964,-0.0025
2022-12-14,0.010592965337208455,0.0,0.01276951936234214,0.0,0.01432658170486507,0.0,0.009627208404139005,0.0,0.009594107796266339,0.0
2022-12-15,-0.0016095148913465613,-0.004016922298753969,-0.008005040651365003,-0.010505040651365004,-0.004977861858352761,-0.007477861858352761,-0.0018209309136321273,-0.004320930913632127,-0.0020686752396440466,-0.004568675239644047
2022-12-16,-0.0161811389353263,-0.0161811389353263,-0.01814715884684892,-0.01814715884684892,-0.014216416669931753,-0.014216416669931753,-0.01129633168860811,-0.01129633168860811,-0.012028698658857473,-0.012028698658857473
2022-12-19,-0.004822960611306885,-0.0024999999999999996,0.0024732396334785417,-0.0025,0.0015548392210491097,-0.0025,-0.0010870057502417798,-0.0025,0.0003989596216624426,-0.0025
2022-12-20,-0.025977935672550575,0.0,-0.03290015188302218,0.0,-0.029229727786145902,0.0,-0.025494216828268336,0.0,-0.02402785061171916,0.0
2022-12-21,0.00503897365777491,0.0,0.008948638067850513,0.0,0.008115516964970149,0.0,0.006265092957495126,0.0,0.005543201875549036,0.0
2022-12-22,0.005255815025885961,0.0,0.006395027676201925,0.0,0.0034131617453977414,0.0,0.0050848298914188,0.0,0.005651217586108326,0.0
2022-12-23,-0.0016582013162963333,0.0,0.006173417587180419,0.0,0.0013122745020075267,0.0,0.0013842388382708053,0.0,0.0009161990335976976,0.0
2022-12-26,-0.0005598571242981925,0.0,-0.000687946828705144,0.0,-0.0003546551831266954,0.0,-0.0007129053525680941,0.0,-0.0008702528507021526,0.0
2022-12-27,0.0014265766379450522,0.0,0.0038367998900778136,0.0,0.003889067799712831,0.0,0.004920544728015945,0.0,0.004222182756409282,0.0
2022-12-28,-0.015454352710443726,0.0,-0.026098907638559377,0.0,-0.017496933712359795,0.0,-0.015334315652007933,0.0,-0.014636531743087594,0.0
2022-12-29,0.0012759803948951304,0.0,0.00532438749814681,0.0,0.0027501699831910865,0.0,0.002513338252081517,0.0,0.000212727275971536,0.0
2022-12-30,0.0005100230545951848,0.0,0.003066458945501904,0.0,-0.0009383769090065002,0.0,-0.0026902073738025,0.0,-0.0003274715890706993,0.0
2023-01-03,0.00693794088632313,0.0,0.003984296732089599,0.0,0.005364622898364002,0.0,0.004524033142170017,0.0,0.0048235046559850295,0.0
2023-01-04,0.005626161778703857,0.0031261617787038567,0.005947293317814185,0.003447293317814185,0.0004749584852330462,-0.002025041514766954,0.0024457019790044077,-5.429802099559235e-05,0.00415827421761481,0.0016582742176148098
2023-01-05,4.083165881349832e-05,4.083165881349832e-05,-0.00486338322930775,-0.00486338322930775,-0.002630420832444769,-0.002630420832444769,0.00016804708796280831,0.00016804708796280831,0.0005382519510621409,0.0005382519510621409
2023-01-06,0.00735419781381752,0.00735419781381752,0.006261471927567763,0.006261471927567763,0.0032579023024045697,0.0032579023024045697,0.001823623789952733,0.001823623789952733,0.005007461871092728,0.005007461871092728
2023-01-09,0.009415328546208935,0.009415328546208935,0.018536908008974163,0.018536908008974163,0.013557889947376056,0.013557889947376056,0.014857301607222487,0.014857301607222487,0.011961995021405153,0.011961995021405153
2023-01-10,-0.00016625767560445032,-0.00016625767560445032,-0.004692708708415628,-0.004692708708415628,-0.00020610879346263412,-0.00020610879346263412,-0.0004274123344573627,-0.0004274123344573627,-0.0024073503030793194,-0.0024073503030793194
2023-01-11,-0.000620206569956908,-0.000620206569956908,0.00024934036641466317,0.00024934036641466317,-0.00011676827095368218,-0.00011676827095368218,0.0018155455525163215,0.0018155455525163215,-0.002006697297747534,-0.002006697297747534
2023-01-12,-0.002153865659634371,-0.002153865659634371,-0.0033942610522616607,-0.0033942610522616607,-0.002507289638220478,-0.002507289638220478,-0.004517362056083937,-0.004517362056083937,-0.0019337756921993573,-0.0019337756921993573
2023-01-13,-0.003982609466718703,-0.003982609466718703,-0.005000929633096907,-0.005000929633096907,-0.004602472958806114,-0.004602472958806114,-0.0035264273768860358,-0.0035264273768860358,-0.0038211885759864344,-0.0038211885759864344
2023-01-16,0.004372822903867883,-0.0025,0.010834496368463276,-0.0025,0.008775995678529004,-0.0025,0.006779248285341658,-0.0025,0.005032685491049344,-0.0025
2023-01-17,0.00408728834350974,0.0015872883435097403,-0.0009816075280500102,-0.0034816075280500102,-0.0006434316881164359,-0.0031434316881164357,0.0010757179672030417,-0.0014242820327969583,0.00017857226857186944,-0.0023214277314281308
2023-01-30,0.019339735019790492,0.019339735019790492,0.031816588473907934,0.031816588473907934,0.02309913012123066,0.02309913012123066,0.018654572220895182,0.018654572220895182,0.01633134670205799,0.01633134670205799
2023-01-31,0.010618667310012354,0.010618667310012354,0.01849735942326398,0.01849735942326398,0.012821987767741417,0.012821987767741417,0.014092808364716476,0.014092808364716476,0.011143655308495438,0.011143655308495438
2023-02-01,0.009497015005018601,0.009497015005018601,0.023428909286924003,0.023428909286924003,0.019931852271064,0.019931852271064,0.017781291101072322,0.017781291101072322,0.014002867275989534,0.014002867275989534
2023-02-02,0.009151405759647598,0.009151405759647598,0.003846252540085082,0.003846252540085082,0.0036917147665006976,0.0036917147665006976,0.00443141509464009,0.00443141509464009,0.0062012362376115794,0.0062012362376115794
2023-02-03,-0.0008999039787926448,-0.0008999039787926448,-0.0020111463374835824,-0.0020111463374835824,0.0010053520644854653,0.0010053520644854653,0.00042848105746688204,0.00042848105746688204,-0.0007519165498683646,-0.0007519165498683646
2023-02-06,-0.0015028532526562908,-0.0015028532526562908,-0.009146057362913318,-0.009146057362913318,-0.004140037619554482,-0.004140037619554482,-0.00029591915533114433,-0.00029591915533114433,-0.00035367136457076817,-0.00035367136457076817
2023-02-07,0.0050924285047189806,0.0050924285047189806,0.011861680695689958,0.011861680695689958,0.0036660609045086174,0.0036660609045086174,0.0012861451457549722,0.0012861451457549722,0.0002882498551215419,0.0002882498551215419
2023-02-08,0.007778252459353018,0.007778252459353018,0.013783471505406819,0.013783471505406819,0.013441641348116751,0.013441641348116751,0.009313461893478073,0.009313461893478073,0.008709866025371143,0.008709866025371143
2023-02-09,-0.0014257378746233228,-0.0014257378746233228,-0.003839482959220764,-0.003839482959220764,0.0005594950624864148,0.0005594950624864148,0.0002050604322121932,0.0002050604322121932,-0.00026543394529028315,-0.00026543394529028315
2023-02-10,-0.010759869339104736,-0.010759869339104736,-0.01017127144912595,-0.01017127144912595,-0.00851088836328825,-0.00851088836328825,-0.008858964850690732,-0.008858964850690732,-0.007111635260727017,-0.007111635260727017
2023-02-13,-0.0012841947134507065,-0.0012841947134507065,-0.007264594536614278,-0.007264594536614278,-0.0010598814842109558,-0.0010598814842109558,-0.00300359349536378,-0.00300359349536378,-0.0026525904354366024,-0.0026525904354366024
2023-02-14,0.0024306288242308487,0.0024306288242308487,0.005504498032485116,0.005504498032485116,0.003653425998205406,0.003653425998205406,0.0036041065837315368,0.0036041065837315368,0.0032645495799343612,0.0032645495799343612
2023-02-15,-0.0030995926446714967,-0.0030995926446714967,-0.0032243981644325846,-0.0032243981644325846,0.0010259713397514857,0.0010259713397514857,0.001693365140825039,0.001693365140825039,-9.308756591411857e-05,-9.308756591411857e-05
2023-02-16,0.009909528577351688,0.009909528577351688,0.008005610992573242,0.008005610992573242,0.005631045566260684,0.005631045566260684,0.006607480276272174,0.006607480276272174,0.006815288742948045,0.006815288742948045
2023-02-17,0.00235747234923225,0.00235747234923225,0.0037116016102451085,0.0037116016102451085,0.004131655657918332,0.004131655657918332,0.005038519059793423,0.005038519059793423,0.003943021470094543,0.003943021470094543
2023-02-20,0.011095694766716666,0.011095694766716666,0.008139359887962239,0.008139359887962239,0.002722768797993547,0.002722768797993547,0.001545133268421613,0.001545133268421613,0.0021013212247872172,0.0021013212247872172
2023-02-21,0.007635339196438748,0.007635339196438748,0.0065249875217765485,0.0065249875217765485,0.015876084916025924,0.015876084916025924,0.011300256245071546,0.011300256245071546,0.010055420093948187,0.010055420093948187
2023-02-22,-0.01052973246323351,-0.01052973246323351,-0.006005813958366435,-0.006005813958366435,-0.0077240105067094885,-0.0077240105067094885,-0.007016132720867414,-0.007016132720867414,-0.006104962677068505,-0.006104962677068505
2023-02-23,0.014374437711837492,0.014374437711837492,0.017380853510768814,0.017380853510768814,0.013989402875671375,0.013989402875671375,0.016964926282935007,0.016964926282935007,0.013754190111729321,0.013754190111729321
2023-02-24,-0.004112366840206931,-0.004112366840206931,-0.005949510566147764,-0.005949510566147764,0.005516937958665757,0.005516937958665757,0.0036929501973269685,0.0036929501973269685,-7.149919549737658e-05,-7.149919549737658e-05
2023-03-01,0.002821889179898662,0.002821889179898662,0.0033381434260071575,0.0033381434260071575,-0.002803681011792569,-0.002803681011792569,0.0007847967864254457,0.0007847967864254457,-0.001273481149307071,-0.001273481149307071
2023-03-02,0.0047727558198031135,0.0047727558198031135,0.00036383727768427563,0.00036383727768427563,-0.00020514978760333158,-0.00020514978760333158,0.009001412143015938,0.009001412143015938,0.008667038376191717,0.008667038376191717
2023-03-03,0.007027297716289416,0.007027297716289416,0.008690664723950702,0.008690664723950702,0.004373028109526345,0.004373028109526345,0.004248760858946566,0.004248760858946566,0.00558038443597772,0.00558038443597772
2023-03-06,0.011985653250404625,0.011985653250404625,0.013579978510305858,0.013579978510305858,0.009605338923279551,0.009605338923279551,0.005945319543778829,0.005945319543778829,0.007211068508376217,0.007211068508376217
2023-03-07,-0.0013424272224145108,-0.0013424272224145108,0.002216962384915488,0.002216962384915488,0.001677898106400966,0.001677898106400966,-0.0004001759007806749,-0.0004001759007806749,0.0015826205578562853,0.0015826205578562853
2023-03-08,0.003953977792440087,0.003953977792440087,0.009474215772094086,0.009474215772094086,0.003558339029625435,0.003558339029625435,0.003333435999935882,0.003333435999935882,0.001642942829102667,0.001642942829102667
2023-03-09,-0.0061784540261170424,-0.0061784540261170424,-0.008277768013318499,-0.008277768013318499,-0.0053708668473563155,-0.0053708668473563155,-0.005941821132146326,-0.005941821132146326,-0.006996787171011365,-0.006996787171011365
2023-03-10,-0.018394327871408475,-0.018394327871408475,-0.025421246598562642,-0.025421246598562642,-0.019046202730431318,-0.019046202730431318,-0.018812499698449173,-0.018812499698449173,-0.016597331871977785,-0.016597331871977785
2023-03-13,-0.006641668686492723,-0.006641668686492723,-0.002690774976895072,-0.002690774976895072,-0.0061034665998987,-0.0061034665998987,-0.0079503847463173,-0.0079503847463173,-0.007249803563600288,-0.007249803563600288
2023-03-14,-0.007041700392115335,-0.0025,-0.011693444250352413,-0.0025,-0.008205528068786739,-0.0025,-0.007297679083495552,-0.0025,-0.006801452127292518,-0.0025
2023-03-15,0.006232194363562769,0.0,-0.003548105923523015,0.0,-0.001283292991549001,0.0,0.00016333546781430001,0.0,0.0004963836713228032,0.0
2023-03-16,-0.013153613785660101,0.0,-0.016079125734899204,0.0,-0.012772123156410731,0.0,-0.013834330834142115,0.0,-0.013733579463531456,0.0
2023-03-17,0.016394760480116732,0.0,0.013274717591182839,0.0,0.015479643110305055,0.0,0.015025118240204183,0.0,0.012636039513877142,0.0
2023-03-20,0.007254804606046471,0.004754804606046471,0.004587051575296487,0.0020870515752964866,0.005648074018968264,0.003148074018968264,0.0062058602811135176,0.0037058602811135175,0.008517182392551505,0.006017182392551505
2023-03-21,0.009816112586533341,0.009816112586533341,0.010911856405375354,0.010911856405375354,0.010811096884197657,0.010811096884197657,0.008778728294475725,0.008778728294475725,0.008941803562813004,0.008941803562813004
2023-03-22,0.009309944705867598,0.009309944705867598,0.005207043213446872,0.005207043213446872,0.004938705039406998,0.004938705039406998,0.005608290520086483,0.005608290520086483,0.008122374447978172,0.008122374447978172
2023-03-23,0.008401652223111256,0.008401652223111256,0.0016150836992511186,0.0016150836992511186,0.007629073676494236,0.007629073676494236,0.006024953726951399,0.006024953726951399,0.007397619418286228,0.007397619418286228
2023-03-24,0.004751704690096806,0.004751704690096806,0.006128688451029608,0.006128688451029608,0.004245454574210807,0.004245454574210807,0.002483426470713231,0.002483426470713231,0.00046351191561941904,0.00046351191561941904
2023-03-27,0.002212490372191854,0.002212490372191854,0.006051992684072837,0.006051992684072837,-0.0019394889421699981,-0.0019394889421699981,-0.0004211682857933124,-0.0004211682857933124,-0.0013222635524595687,-0.0013222635524595687
2023-03-28,-0.015077482239323807,-0.015077482239323807,-0.005813752843983289,-0.005813752843983289,-0.00670885335467234,-0.00670885335467234,-0.005056731572953395,-0.005056731572953395,-0.006027969361852036,-0.006027969361852036
2023-03-29,-0.000346486523843275,-0.0025,-0.0026522509079542015,-0.0025,0.0009669726832048032,-0.0025,-4.3870594965207525e-05,-0.0025,-0.0004270323652425355,-0.0025
2023-03-30,0.008285807120172746,0.0,0.005127248504909731,0.0,0.004928550992381586,0.0,0.004906831509251041,0.0,0.0045485078725529425,0.0
2023-03-31,0.003112853603101166,0.0006128536031011658,0.001098559153218237,-0.001401440846781763,0.0001425555450204393,-0.0023574444549795607,0.0031752073742239645,0.0006752073742239645,0.003665646981340554,0.0011656469813405537
2023-04-06,0.004379861505455519,0.004379861505455519,0.00579346579741147,0.00579346579741147,0.0029575780410539213,0.0029575780410539213,0.004005868187391993,0.004005868187391993,0.005205848896135818,0.005205848896135818
2023-04-07,0.005423418288603999,0.005423418288603999,-0.006422399681726953,-0.006422399681726953,0.0009342435160179961,0.0009342435160179961,-3.4675373772560065e-05,-3.4675373772560065e-05,0.0015624021954012692,0.0015624021954012692
2023-04-10,0.004935064189716303,0.004935064189716303,0.010201209188669735,0.010201209188669735,0.00487657909581215,0.00487657909581215,0.003500478706382511,0.003500478706382511,0.0025600012789207655,0.0025600012789207655
2023-04-11,0.005591734725021933,0.005591734725021933,0.0077079443689696,0.0077079443689696,0.0066272621982441,0.0066272621982441,0.0024168902030243947,0.0024168902030243947,0.00728540312183667,0.00728540312183667
2023-04-12,0.0008567156158982643,0.0008567156158982643,0.0051460650121065935,0.0051460650121065935,-0.0019555766105871725,-0.0019555766105871725,0.0031186248487652755,0.0031186248487652755,8.726872259660011e-05,8.726872259660011e-05
2023-04-13,-0.005596287985689447,-0.005596287985689447,-0.019545338118112255,-0.019545338118112255,-0.008779282028325796,-0.008779282028325796,-0.008238380854498076,-0.008238380854498076,-0.00634067749799802,-0.00634067749799802
2023-04-14,0.005474652557098255,0.005474652557098255,0.0023677073525998574,0.0023677073525998574,0.013536975678163978,0.013536975678163978,0.009211667787892197,0.009211667787892197,0.006370338788285469,0.006370338788285469
2023-04-17,0.015293580676241226,0.015293580676241226,0.020646859797370222,0.020646859797370222,0.015222225154928617,0.015222225154928617,0.01302428006608769,0.01302428006608769,0.015502232761917856,0.015502232761917856
2023-04-18,-0.004253815634253677,-0.004253815634253677,0.005689391258438059,0.005689391258438059,0.0007514058856713852,0.0007514058856713852,-0.001242639419812256,-0.001242639419812256,-0.003042549475204038,-0.003042549475204038
2023-04-19,0.00041268759875887393,0.00041268759875887393,-0.014284608441554568,-0.014284608441554568,-0.0049453124151227264,-0.0049453124151227264,-0.005352089206622179,-0.005352089206622179,-0.004997889106811838,-0.004997889106811838
2023-04-20,-0.01505395471794959,-0.0025,-0.023264387956506184,-0.0025,-0.017263659850063107,-0.0025,-0.01586490531355155,-0.0025,-0.010628137088692929,-0.0025
2023-04-21,-0.015459091659208044,0.0,-0.015591796934645763,0.0,-0.01400035748957307,0.0,-0.015140472626524735,0.0,-0.015288542559161495,0.0
2023-04-24,0.007285014551727741,0.0,-0.003947289541613386,0.0,0.007266437385335424,0.0,0.007897886859527555,0.0,0.005239098757205402,0.0
2023-04-25,-0.01768702781791108,0.0,-0.022817504056820658,0.0,-0.018532256961644056,0.0,-0.018747824935640398,0.0,-0.01905530030265694,0.0
2023-04-26,0.010547567055586366,0.0,0.001167532486681156,0.0,-0.0004490416354863691,0.0,-0.0001470252983813387,0.0,0.002601312117625942,0.0
2023-04-27,0.007220899092031953,0.0,-0.007478324058009989,0.0,-0.005272401693174467,0.0,-0.0015550933675018506,0.0,0.0010893630171149307,0.0
2023-04-28,0.009516188717757746,0.0,0.016969563093473507,0.0,0.01566306307651835,0.0,0.012581715444300609,0.0,0.01304369569098684,0.0
2023-05-02,0.00729572130653969,0.0,-0.0002442706710197081,0.0,-0.0031612179409739698,0.0,0.0045797179994580585,0.0,0.003506660610502072,0.0
2023-05-03,-0.00582751364357379,-0.008236604552664699,-0.005737886984915641,-0.008237886984915642,-0.004228434790574531,-0.006728434790574531,-0.00807888545457099,-0.01057888545457099,-0.009095084610983678,-0.011595084610983679
2023-05-04,0.0012396541355370874,-0.0024999999999999996,0.012760050391932487,-0.0025,0.008466218633076396,-0.0025,0.0074032687389729,-0.0025,0.007020187775420872,-0.0025
2023-05-05,-0.000784271943255259,0.0,0.0005499784160928776,0.0,-0.0011024101368067975,0.0,-0.0002589295549619765,0.0,-0.00040058067304633003,0.0
2023-05-08,-0.006097304707142608,-0.008597304707142608,0.005151451856411948,0.002651451856411948,0.004645595387056611,0.0021455953870566113,0.001366820897630383,-0.0011331791023696171,0.0029384262222085906,0.0004384262222085905
2023-05-09,-0.013537560441893364,-0.013537560441893364,-0.00325007101038739,-0.00325007101038739,-0.000652690267469769,-0.000652690267469769,-0.005532277427061267,-0.005532277427061267,-0.006171038787578548,-0.006171038787578548
2023-05-10,-0.0050922316540449155,-0.0024999999999999996,-0.004147239192255924,-0.0025,-0.010757927049845128,-0.0025,-0.009747265794434485,-0.0025,-0.006574312796941262,-0.0025
2023-05-11,-0.01855849411256867,0.0,-0.027488825704042832,0.0,-0.010822070284586972,0.0,-0.011881715641171695,0.0,-0.014234163317051952,0.0
2023-05-12,0.012430206833237926,0.0,0.0048786783423740545,0.0,0.003933352689584557,0.0,0.004765460358730163,0.0,0.008466254249766676,0.0
2023-05-15,-0.004912604551997212,0.0,-0.007617048111234184,0.0,-0.006748290357307341,0.0,-0.0036926388658457873,0.0,-0.0024124408412204037,0.0
2023-05-16,0.011921433061279511,0.0,0.010924684207324554,0.0,0.012626729539034322,0.0,0.010108484856655883,0.0,0.010705458080348583,0.0
2023-05-17,0.011758475018371694,0.0,0.011194418613140612,0.0,0.009470316185690076,0.0,0.008274264541104248,0.0,0.010270563330477246,0.0
2023-05-18,0.0012486537943405555,-0.0012513462056594445,0.0032570126034128237,0.0007570126034128237,0.0029623279974662076,0.0004623279974662075,0.0031137871523193514,0.0006137871523193513,0.0030483277132056733,0.0005483277132056733
2023-05-19,0.007768764281379182,0.007768764281379182,-4.115268488908948e-05,-4.115268488908948e-05,0.0008307070735021902,0.0008307070735021902,-0.0004284511941063643,-0.0004284511941063643,0.0028296436099820186,0.0028296436099820186
2023-05-22,0.0059687041592080305,0.0059687041592080305,0.010779641615236236,0.010779641615236236,0.005876562857159784,0.005876562857159784,0.006150763627834859,0.006150763627834859,0.0027706763001663194,0.0027706763001663194
2023-05-23,0.0067305726310534116,0.0067305726310534116,-0.0001393688205793219,-0.0001393688205793219,0.005761233537763578,0.005761233537763578,0.005549392340268307,0.005549392340268307,0.0046932332288769415,0.0046932332288769415
2023-05-24,0.002345403047372352,0.002345403047372352,0.003633279173381987,0.003633279173381987,0.004151571624593331,0.004151571624593331,0.002646780670599329,0.002646780670599329,0.002335621544303318,0.002335621544303318
2023-05-25,0.0023882817603937028,0.0023882817603937028,-0.005629594429442487,-0.005629594429442487,-0.0019428819247944043,-0.0019428819247944043,-0.0022037056233907984,-0.0022037056233907984,-0.001346432338333242,-0.001346432338333242
2023-05-26,0.003481909253273555,0.003481909253273555,0.006190364551794203,0.006190364551794203,0.008919334930038146,0.008919334930038146,0.005180651809874429,0.005180651809874429,0.007963512231219456,0.007963512231219456
2023-05-29,0.012280181755919993,0.012280181755919993,0.014691278323432,0.014691278323432,0.011558862803794347,0.011558862803794347,0.01125915492419258,0.01125915492419258,0.012327352867933385,0.012327352867933385
2023-05-30,0.002250433953899671,0.002250433953899671,0.017123122465546745,0.017123122465546745,0.011787654311457741,0.011787654311457741,0.007991229252775815,0.007991229252775815,0.0056364638659718745,0.0056364638659718745
2023-05-31,0.00018834506720195594,0.00018834506720195594,-0.009709879144306854,-0.009709879144306854,-0.0009475883119351995,-0.0009475883119351995,-0.0004070452159484686,-0.0004070452159484686,0.0018310889143817732,0.0018310889143817732
2023-06-01,0.0070753845885724856,0.0070753845885724856,0.01766763941579468,0.01766763941579468,0.011461092531536453,0.011461092531536453,0.007231777142853523,0.007231777142853523,0.004892009748268238,0.004892009748268238
2023-06-02,-0.0008380537336577002,-0.0008380537336577002,-0.005903189295938316,-0.005903189295938316,-0.007280222801874171,-0.007280222801874171,-0.0036297882396620538,-0.0036297882396620538,-0.0017854190420868326,-0.0017854190420868326
2023-06-05,0.008032089060543755,0.008032089060543755,0.0032198994573109374,0.0032198994573109374,0.0035677186116531033,0.0035677186116531033,0.004587446283236455,0.004587446283236455,0.003440734108125343,0.003440734108125343
2023-06-06,-0.0010069683578508846,-0.0010069683578508846,-0.0008820072764234473,-0.0008820072764234473,0.0028193566811320456,0.0028193566811320456,0.0014587296161491013,0.0014587296161491013,0.0011557413993279306,0.0011557413993279306
2023-06-07,0.01878447837564217,0.01878447837564217,0.02800574546889507,0.02800574546889507,0.016982233343834363,0.016982233343834363,0.01691469030278744,0.01691469030278744,0.012593241710329346,0.012593241710329346
2023-06-08,-0.0025043899559890905,-0.0025043899559890905,0.0028223353353614717,0.0028223353353614717,-0.0007510604591074652,-0.0007510604591074652,-0.00413245110253467,-0.00413245110253467,-0.0055081092470197655,-0.0055081092470197655
2023-06-09,0.011659835863430801,0.011659835863430801,0.027227241470451993,0.027227241470451993,0.01885413674546365,0.01885413674546365,0.013677510770901232,0.013677510770901232,0.01159478332637893,0.01159478332637893
2023-06-12,-0.00339074022270569,-0.00339074022270569,-0.004340947806901707,-0.004340947806901707,-0.00797639658072389,-0.00797639658072389,-0.009422527817957582,-0.009422527817957582,-0.007365438087034827,-0.007365438087034827
2023-06-13,0.012786822100114077,0.012786822100114077,0.016009206189528925,0.016009206189528925,0.010437034035827028,0.010437034035827028,0.008652224414941562,0.008652224414941562,0.01041846177038368,0.01041846177038368
2023-06-14,0.001035223500500059,0.001035223500500059,-0.003441206702545485,-0.003441206702545485,-0.0006697819651406477,-0.0006697819651406477,0.005455149374150813,0.005455149374150813,0.0037030636477253967,0.0037030636477253967
2023-06-15,0.0035383826596252946,0.0035383826596252946,0.01367112102733896,0.01367112102733896,0.004448366931089676,0.004448366931089676,0.0012488828135950754,0.0012488828135950754,0.004011298813215365,0.004011298813215365
2023-06-16,-0.004016378957967525,-0.004016378957967525,-0.0010951206650075653,-0.0010951206650075653,-0.0046701986286080245,-0.0046701986286080245,-0.002291945626061876,-0.002291945626061876,-0.0011029614146831235,-0.0011029614146831235
2023-06-19,0.0010874379940218355,0.0010874379940218355,-0.014336658619300603,-0.014336658619300603,-0.009846455642614872,-0.009846455642614872,-0.0005403058827216703,-0.0005403058827216703,-4.411195707310658e-05,-4.411195707310658e-05
2023-06-20,-0.0023434532552004945,-0.0023434532552004945,-0.0017413460703699537,-0.0017413460703699537,-0.0017404240470056845,-0.0017404240470056845,-0.002764386975520083,-0.002764386975520083,-0.0017507961287154762,-0.0017507961287154762
2023-06-21,0.00665374480205225,0.00665374480205225,0.0020976976801476916,0.0020976976801476916,0.0032388969953611735,0.0032388969953611735,0.005657744896754361,0.005657744896754361,0.003725958577355438,0.003725958577355438
2023-06-26,-0.009786201184373778,-0.009786201184373778,-0.009745899563267902,-0.009745899563267902,-0.009917788413106867,-0.009917788413106867,-0.010294811213283905,-0.010294811213283905,-0.00933857499814755,-0.00933857499814755
2023-06-27,-0.011894732136885395,-0.0025,-0.008930310813727749,-0.0025,-0.010334366522158323,-0.0025,-0.01017817689848833,-0.0025,-0.009493508391294498,-0.0025
2023-06-28,0.001811715239220718,0.0,0.003802540722853953,0.0,0.0047082574763596795,0.0,0.008079057150595344,0.0,0.00558658693277857,0.0
2023-06-29,0.0019343338171800444,0.0,3.345936764516085e-05,0.0,0.0025216459151452203,0.0,0.0009595145836761873,0.0,0.0014642029016917965,0.0
2023-06-30,0.005511514613923493,0.003011514613923493,0.01071591401270875,0.00821591401270875,0.007320063009068779,0.004820063009068778,0.005982041661738243,0.0034820416617382427,0.004873666144544131,0.0023736661445441305
2023-07-03,0.011606431664765651,0.011606431664765651,0.011603057991522725,0.011603057991522725,0.012610710600718757,0.012610710600718757,0.010687142892859873,0.010687142892859873,0.01305911580621791,0.01305911580621791
2023-07-04,0.0073218298096541685,0.0073218298096541685,0.005072246908938882,0.005072246908938882,0.0028997601746801552,0.0028997601746801552,0.003893096151654304,0.003893096151654304,0.0061054253895578454,0.0061054253895578454
2023-07-05,0.0026623391866878554,0.0026623391866878554,0.005467540574282159,0.005467540574282159,0.0036086541654865357,0.0036086541654865357,0.0033340576963670613,0.0033340576963670613,0.005756124398574142,0.005756124398574142
2023-07-06,-0.005726966700659895,-0.005726966700659895,-0.0031044967909573456,-0.0031044967909573456,-0.0032700570276272276,-0.0032700570276272276,-0.003024492104324302,-0.003024492104324302,-0.0017156573418987346,-0.0017156573418987346
2023-07-07,-0.011948464891380932,-0.011948464891380932,0.010883054967061148,0.010883054967061148,-0.000407454466607094,-0.000407454466607094,-0.004338320049992595,-0.004338320049992595,-0.003191463768767994,-0.003191463768767994
2023-07-10,7.807014432430459e-06,-0.0025,-0.0006815774467906262,-0.0025,-0.005251924628587234,-0.0025,-0.0035333014266232545,-0.0025,-0.0026255527542649814,-0.0025
2023-07-11,0.0014815242189637856,0.0,0.0025673470236512457,0.0,0.001197750138113918,0.0,0.007579915787034386,0.0,0.008120698294824293,0.0
2023-07-12,-0.007364928285087573,0.0,-0.007194101011741672,0.0,-0.003170725657120266,0.0,-0.007180110222313626,0.0,-0.00506053774014219,0.0
2023-07-13,0.002450162540326428,0.0,0.009755521779649112,0.0,0.010631644434736931,0.0,0.008589602237831088,0.0,0.00509533292180952,0.0
2023-07-14,0.019250908627861628,0.0,0.038025569315592825,0.0,0.03206589920286256,0.0,0.02146710109916075,0.0,0.02056147009953241,0.0
2023-07-17,0.006839792045903598,0.004339792045903597,0.020379756349551935,0.017879756349551936,0.011039489796378033,0.008539489796378032,0.012530393933907098,0.010030393933907098,0.012034343345926497,0.009534343345926496
2023-07-18,-0.012273857622279765,-0.012273857622279765,-0.021944808729848452,-0.021944808729848452,-0.017044209311011926,-0.017044209311011926,-0.015363853798626355,-0.015363853798626355,-0.016063964899258106,-0.016063964899258106
2023-07-19,-0.005565230943147374,-0.005565230943147374,-0.0057939038458894926,-0.0057939038458894926,-0.006183222611937968,-0.006183222611937968,-0.007359814856156385,-0.007359814856156385,-0.006116327011116435,-0.006116327011116435
2023-07-20,0.014178092449270856,0.014178092449270856,-0.0029936597878543088,-0.0029936597878543088,0.0014445090644839343,0.0014445090644839343,0.0048968471094900995,0.0048968471094900995,0.005321310243561978,0.005321310243561978
2023-07-21,-0.0018347033286353303,-0.0018347033286353303,0.014539100375500236,0.014539100375500236,0.010172641977553387,0.010172641977553387,0.003300600069009875,0.003300600069009875,0.004080507404804356,0.004080507404804356
2023-07-24,-0.009904382519109793,-0.009904382519109793,0.003243231756158838,0.003243231756158838,-0.002318164908202858,-0.002318164908202858,-0.0055841443365132045,-0.0055841443365132045,-0.008252795222881104,-0.008252795222881104
2023-07-25,0.012441925500179814,-0.0025,0.004866681945703677,-0.0025,0.010822221874334991,-0.0025,0.012254356817669397,-0.0025,0.011129243488120109,-0.0025
2023-07-26,-0.005099655588711206,-0.007599655588711207,-0.02203697437410248,-0.024536974374102478,-0.013427089318618413,-0.01592708931861841,-0.00857023378677606,-0.01107023378677606,-0.0053313057896220315,-0.007831305789622031
2023-07-27,0.011999450869871905,-0.0025,0.016608413049669226,-0.0025,0.010616651541505895,-0.0025,0.010270742049384793,-0.0025,0.0065164036541879525,-0.0025
2023-07-28,0.013230258161081726,0.010730258161081726,0.006937075599268195,0.0044370755992681945,0.012327951895248025,0.009827951895248025,0.00938736629818723,0.006887366298187229,0.00712288861942636,0.0046228886194263595
2023-07-31,-0.0018881288329677076,-0.0018881288329677076,-0.0352362886038147,-0.0352362886038147,-0.019866134394357728,-0.019866134394357728,-0.013894811384272687,-0.013894811384272687,-0.014807957809876161,-0.014807957809876161
2023-08-01,-0.005496183443286757,-0.005496183443286757,0.0005600013032851523,0.0005600013032851523,0.004123880012355941,0.004123880012355941,0.0030625927949500704,0.0030625927949500704,0.0011382291226661237,0.0011382291226661237
2023-08-02,-0.019160877062883275,-0.0025,-0.022769954696902617,-0.0025,-0.02367208332048412,-0.0025,-0.024321522357191563,-0.0025,-0.023835706643550926,-0.0025
2023-08-04,0.003647907282530487,0.0,0.006699687530899246,0.0,0.006436707158541555,0.0,0.005948313693852707,0.0,0.009210470767013573,0.0
2023-08-07,0.003577469112247365,0.0,0.018496819381132523,0.0,0.008561209970142583,0.0,0.007107948214874897,0.0,0.005241623668155838,0.0
2023-08-08,-0.010607569119556138,0.0,-0.014128449668718623,0.0,-0.009924527782738213,0.0,-0.010026990171886227,0.0,-0.008787998726596413,0.0
2023-08-09,-0.007076180672601782,0.0,0.005263674398389195,0.0,-0.001794627549108952,0.0,-0.003930157378430233,0.0,-0.004878414205359028,0.0
2023-08-10,-0.020834179720719524,0.0,-0.01770548719561687,0.0,-0.006423114533081932,0.0,-0.011160381072382864,0.0,-0.011547133343213929,0.0
2023-08-11,-0.0053621691566869455,0.0,0.0023018823781486794,0.0,-0.002176096418816587,0.0,-0.002295838157135943,0.0,-0.005666717559438168,0.0
2023-08-14,-0.016270699015047685,0.0,0.00043906708180809634,0.0,-0.004980476327845663,0.0,-0.01426930528118311,0.0,-0.012466439379126866,0.0
2023-08-15,0.010287036634946031,0.0,0.026722380601385324,0.0,0.023943887519630027,0.0,0.020762511137365897,0.0,0.016435132489298506,0.0
2023-08-16,0.00500250092190142,0.0,0.014787906296358046,0.0,0.004331771391711125,0.0,-0.0014079160392805657,0.0,-0.0002445328021152601,0.0
2023-08-17,0.016594324552363014,0.0,0.013690288418206409,0.0,0.01778647469171881,0.0,0.015644692762978644,0.0,0.013403288776586598,0.0
2023-08-18,-0.006987398099904076,-0.009487398099904076,-0.01148582546944581,-0.01398582546944581,-0.008865386239203722,-0.011365386239203723,-0.0037202744216746626,-0.006220274421674663,-0.004344073374159263,-0.0068440733741592635
2023-08-21,-0.0004709629902495844,-0.0025,-0.01778501105540067,-0.0025,-0.011729466082873652,-0.0025,-0.007056920347098424,-0.0025,-0.006301442226506243,-0.0025
2023-08-22,-0.004203117478272561,-0.00670311747827256,0.0060215299834658785,0.0035215299834658784,0.0017749876727686576,-0.0007250123272313424,0.002511391272008812,1.1391272008812094e-05,0.0004427891356613477,-0.002057210864338652
2023-08-23,0.012192376951127725,0.012192376951127725,0.01717820140212947,0.01717820140212947,0.012285322052771974,0.012285322052771974,0.008981590395279525,0.008981590395279525,0.008660474769955491,0.008660474769955491
2023-08-24,0.00408392301380435,0.00408392301380435,0.017888825192365766,0.017888825192365766,0.01026586140902166,0.01026586140902166,0.011014244389838763,0.011014244389838763,0.008433008717673168,0.008433008717673168
2023-08-25,-0.003407803985153439,-0.003407803985153439,0.002448845364958063,0.002448845364958063,0.0020004267068011172,0.0020004267068011172,-0.0027496782478992226,-0.0027496782478992226,-0.0014809892497096523,-0.0014809892497096523
2023-08-28,-0.003923912000252826,-0.003923912000252826,-0.0049231850620737655,-0.0049231850620737655,-0.009269215644076423,-0.009269215644076423,-0.009672015878372164,-0.009672015878372164,-0.008655625332070743,-0.008655625332070743
2023-08-29,0.0033173190558208453,0.0033173190558208453,0.0010928044894014774,0.0010928044894014774,0.0016852758699888448,0.0016852758699888448,0.0035225490822838805,0.0035225490822838805,0.003327817225352908,0.003327817225352908
2023-08-30,0.006754134323154204,0.006754134323154204,0.020167453862166874,0.020167453862166874,0.015182008386676162,0.015182008386676162,0.010646410566765133,0.010646410566765133,0.009582040364185102,0.009582040364185102
2023-08-31,0.00622484365813094,0.00622484365813094,-0.001421076123511478,-0.001421076123511478,0.0021163312970727374,0.0021163312970727374,0.002497215479810166,0.002497215479810166,0.006376753310843681,0.006376753310843681
2023-09-01,0.0008090479259876724,0.0008090479259876724,-0.002457540035120086,-0.002457540035120086,0.000448106082396638,0.000448106082396638,0.00020268135130687668,0.00020268135130687668,-0.00025750825389810283,-0.00025750825389810283
2023-09-04,0.00370705854433812,0.00370705854433812,-0.005869609436924072,-0.005869609436924072,-0.0002557361927355116,-0.0002557361927355116,0.0030604366134299476,0.0030604366134299476,0.005364789133993137,0.005364789133993137
2023-09-05,0.006062458094021914,0.006062458094021914,0.013653523102317846,0.013653523102317846,0.007891656334340958,0.007891656334340958,0.007711081418512541,0.007711081418512541,0.005262389419053733,0.005262389419053733
2023-09-06,-0.0019069275215418838,-0.0019069275215418838,0.011610945037090571,0.011610945037090571,0.011597207080507568,0.011597207080507568,0.0053974342262025285,0.0053974342262025285,0.002427449844437474,0.002427449844437474
2023-09-07,-0.0028140985465144575,-0.0028140985465144575,0.0037237194956013303,0.0037237194956013303,-0.0018965571278476649,-0.0018965571278476649,-0.003709079201736117,-0.003709079201736117,-0.002835315560065027,-0.002835315560065027
2023-09-08,-0.0042100618439184926,-0.0042100618439184926,-0.020049901879340325,-0.020049901879340325,-0.009079222728664028,-0.009079222728664028,-0.00737878687239574,-0.00737878687239574,-0.007926639086747185,-0.007926639086747185
2023-09-11,-0.011366333740901685,-0.011366333740901685,-0.02792727957795851,-0.02792727957795851,-0.022215154234379853,-0.022215154234379853,-0.01710529029483568,-0.01710529029483568,-0.01296066716192433,-0.01296066716192433
2023-09-12,0.001513468651141846,0.001513468651141846,0.01369726113421681,0.01369726113421681,0.009419922532061965,0.009419922532061965,0.006218566732972225,0.006218566732972225,0.004382297998910629,0.004382297998910629
2023-09-13,0.004583775868017264,0.004583775868017264,-0.009920230764219707,-0.009920230764219707,0.0003683326987857119,0.0003683326987857119,-0.001765012746225403,-0.001765012746225403,-0.00039251221417881387,-0.00039251221417881387
2023-09-14,0.011315867961154,0.011315867961154,0.014894781961086734,0.014894781961086734,0.01205593045352582,0.01205593045352582,0.010034863714333278,0.010034863714333278,0.009441794945491223,0.009441794945491223
2023-09-15,-0.0037188822106838633,-0.0037188822106838633,0.006287425268420367,0.006287425268420367,0.003410060376999957,0.003410060376999957,0.0011235030946722773,0.0011235030946722773,0.002200152010096962,0.002200152010096962
2023-09-18,-0.002779989599654488,-0.002779989599654488,-0.006914067003297176,-0.006914067003297176,-0.002911201567624644,-0.002911201567624644,-0.0009748160022078639,-0.0009748160022078639,0.0008701785560535523,0.0008701785560535523
2023-09-19,-0.004735765873612778,-0.004735765873612778,-0.006695096644563782,-0.006695096644563782,-0.006223148995374762,-0.006223148995374762,-0.004968300312646427,-0.004968300312646427,-0.005604415784805877,-0.005604415784805877
2023-09-20,-0.005907612968206054,-0.005907612968206054,-0.017223912312223644,-0.017223912312223644,-0.010931556619685834,-0.010931556619685834,-0.0069541922298905386,-0.0069541922298905386,-0.007213281754557422,-0.007213281754557422
2023-09-21,-0.01198287550325605,-0.0025000000000000005,-0.010352161786219406,-0.0025,-0.011030922485075114,-0.0025,-0.010920152307651672,-0.0025,-0.011090423012337675,-0.0025
2023-09-22,0.006475538114015035,0.0,0.008459455620604506,0.0,0.004437274457105411,0.0,0.005412096344965312,0.0,0.0047446907986074755,0.0
2023-09-25,0.00885316041879798,0.0,0.007798539586891208,0.0,0.009263987297981002,0.0,0.006952260601717889,0.0,0.0061847752311059495,0.0
2023-09-26,-0.010170376429991327,0.0,0.001637273161854603,0.0,0.0016712028759654717,0.0,-0.0015074168033056981,0.0,-0.002806594538221647,0.0
2023-09-27,0.003767839336394907,0.0,0.016656349706724628,0.0,0.008901602081130002,0.0,0.00594075490121376,0.0,0.004368326601814482,0.0
2023-09-28,0.005229575073651481,0.0,0.0032869668645530313,0.0,0.001843489585076297,0.0,0.005724872167980047,0.0,0.005186788642097362,0.0
2023-10-02,0.013701949339354624,0.0,0.017557255976060216,0.0,0.018683277155577646,0.0,0.01543724928008595,0.0,0.014820261255120542,0.0
2023-10-03,-0.006583069819354228,-0.008995350521108614,-0.008500216501320313,-0.011000216501320314,-0.0068128685422258585,-0.009312868542225858,-0.007555670097050035,-0.010055670097050036,-0.0072345142257409685,-0.009734514225740969
2023-10-04,-0.007895871521308844,-0.007895871521308844,-0.01163529043184317,-0.01163529043184317,-0.010360989464686887,-0.010360989464686887,-0.0094736598884063,-0.0094736598884063,-0.008242941212478533,-0.008242941212478533
2023-10-05,0.005954036320003403,0.005954036320003403,0.0014441242187382738,0.0014441242187382738,0.005118572327455572,0.005118572327455572,0.0050228375605555035,0.0050228375605555035,0.005972714304780719,0.005972714304780719
2023-10-06,-0.0018759222215877103,-0.0018759222215877103,-0.006822519558571405,-0.006822519558571405,-0.007821996546658496,-0.007821996546658496,-0.0052847728922486535,-0.0052847728922486535,-0.0030233964659023677,-0.0030233964659023677
2023-10-11,-0.009801884824584184,-0.009801884824584184,-0.0037951529313273056,-0.0037951529313273056,0.001479514156520278,0.001479514156520278,-0.01070655458478041,-0.01070655458478041,-0.005705227140629809,-0.005705227140629809
2023-10-12,0.007439663669374383,0.007439663669374383,0.01638272229483433,0.01638272229483433,0.013712594026991298,0.013712594026991298,0.006735152686154544,0.006735152686154544,0.006325213493370229,0.006325213493370229
2023-10-13,-0.0002955714342475173,-0.0002955714342475173,0.003647069310767968,0.003647069310767968,0.007317276138383066,0.007317276138383066,0.0033499273358376467,0.0033499273358376467,-0.00034918350471256935,-0.00034918350471256935
2023-10-16,-0.00600475868574572,-0.00600475868574572,0.008057630410216276,0.008057630410216276,0.0038704939304769373,0.0038704939304769373,-0.0018497024466903825,-0.0018497024466903825,-0.0026711624785748346,-0.0026711624785748346
2023-10-17,-0.002215857543940098,-0.002215857543940098,0.00991764679759928,0.00991764679759928,0.0040694824569925256,0.0040694824569925256,0.0011558709652317377,0.0011558709652317377,-0.00039426638838641027,-0.00039426638838641027
2023-10-18,-0.013494057995609689,-0.013494057995609689,-0.015028973331697507,-0.015028973331697507,-0.013870266364376738,-0.013870266364376738,-0.014550933648774415,-0.014550933648774415,-0.012109159051361031,-0.012109159051361031
2023-10-19,0.0001633246970559333,0.0001633246970559333,-0.006481808849952176,-0.006481808849952176,-0.0020958838020165185,-0.0020958838020165185,-0.004075049234908061,-0.004075049234908061,-0.004839691717069583,-0.004839691717069583
2023-10-20,0.0018417023760393637,0.0018417023760393637,-0.0020121841413906385,-0.0020121841413906385,-0.0006275789436100633,-0.0006275789436100633,-0.0016712233106830937,-0.0016712233106830937,0.0008099821342603399,0.0008099821342603399
2023-10-23,-0.002329639816127112,-0.002329639816127112,-0.006299109579986852,-0.006299109579986852,-0.008893328045572723,-0.008893328045572723,-0.007013994419748584,-0.007013994419748584,-0.006870389356657264,-0.006870389356657264
2023-10-24,0.009230968890533148,0.009230968890533148,0.004058516827166625,0.004058516827166625,0.009821687136772084,0.009821687136772084,0.015659867301916836,0.015659867301916836,0.012685263874165353,0.012685263874165353
2023-10-25,0.011569535633322832,0.011569535633322832,0.006766213681079836,0.006766213681079836,0.01003117726750985,0.01003117726750985,0.00754380537393926,0.00754380537393926,0.006668741222413538,0.006668741222413538
2023-10-26,-0.013347089294930373,-0.013347089294930373,-0.02209984556563569,-0.02209984556563569,-0.017852355416990585,-0.017852355416990585,-0.014331934477421886,-0.014331934477421886,-0.01277098889163379,-0.01277098889163379
2023-10-27,-0.0019333438817334795,-0.0025000000000000005,-0.014419652108097548,-0.0025,-0.008263669450973699,-0.0025,-0.00692123391321553,-0.0025,-0.005426480864265527,-0.0025000000000000005
2023-10-30,0.004747551446798389,0.0022475514467983886,0.013021828055738949,0.010521828055738949,0.005930986020440897,0.0034309860204408973,0.005913459705337676,0.0034134597053376756,0.0036108610196676433,0.0011108610196676428
2023-10-31,-0.02054656397705191,-0.02054656397705191,-0.018083811866511715,-0.018083811866511715,-0.018713671607580838,-0.018713671607580838,-0.019409275383575952,-0.019409275383575952,-0.017503079983353216,-0.017503079983353216
2023-11-01,-0.000438576390300536,-0.0025000000000000005,-0.0071791464769637835,-0.0025,-0.003655925045329489,-0.0025,-0.0036013226988512795,-0.0025,-0.003174201851193319,-0.0025000000000000005
2023-11-02,0.01292995988402417,0.0,0.02140870027755608,0.0,0.017514384347026523,0.0,0.01568916899067238,0.0,0.012109552426656239,0.0
2023-11-03,0.004504666857863624,0.002090873754415347,0.01046921400642078,0.00796921400642078,0.004913670532670134,0.002413670532670134,0.005389982406012821,0.0028899824060128207,0.00539320948612188,0.0028932094861218796
2023-11-06,0.010486359304068658,0.010486359304068658,0.026163302355869257,0.026163302355869257,0.0174257019160355,0.0174257019160355,0.013264515359973186,0.013264515359973186,0.014227595281381825,0.014227595281381825
2023-11-07,0.0017949587834461852,0.0017949587834461852,0.001882500641121343,0.001882500641121343,0.0009343974146482247,0.0009343974146482247,0.0023770620252504464,0.0023770620252504464,0.0010298078676610478,0.0010298078676610478
2023-11-08,-0.0005273471059564789,-0.0005273471059564789,0.004029509814579324,0.004029509814579324,0.0012356299367842216,0.0012356299367842216,0.002629341411507761,0.002629341411507761,0.00169224732790072,0.00169224732790072
2023-11-09,-0.003034211196576731,-0.003034211196576731,0.001669970141083832,0.001669970141083832,0.0023432836655999938,0.0023432836655999938,0.002671944960775859,0.002671944960775859,-0.0004889964379812707,-0.0004889964379812707
2023-11-10,-0.0037148493393347123,-0.0037148493393347123,-0.011822265350893835,-0.011822265350893835,-0.008347540181154934,-0.008347540181154934,-0.009771398485048021,-0.009771398485048021,-0.003324313784130473,-0.003324313784130473
2023-11-13,0.006712994126124038,0.006712994126124038,0.020676968395437135,0.020676968395437135,0.013202825491101078,0.013202825491101078,0.009278130040537458,0.009278130040537458,0.011113904443149055,0.011113904443149055
2023-11-14,0.007530654653895945,0.007530654653895945,0.007924741517931433,0.007924741517931433,0.007102074353069899,0.007102074353069899,0.005807919419200943,0.005807919419200943,0.006604766811540219,0.006604766811540219
2023-11-15,0.007715880367642551,0.007715880367642551,5.6274286338942395e-05,5.6274286338942395e-05,0.0005931375862869297,0.0005931375862869297,0.002430800227232122,0.002430800227232122,0.003785337587067528,0.003785337587067528
2023-11-16,0.005973764457986466,0.005973764457986466,0.010511056945863517,0.010511056945863517,0.005662878435726193,0.005662878435726193,0.003920371536578982,0.003920371536578982,0.006474251688579097,0.006474251688579097
2023-11-17,0.0036206193167735816,0.0036206193167735816,0.0028486005507828206,0.0028486005507828206,0.0025270986793383575,0.0025270986793383575,0.0018412233051484652,0.0018412233051484652,0.00023318727827923423,0.00023318727827923423
2023-11-20,0.0055855782066341906,0.0055855782066341906,0.007291485390371388,0.007291485390371388,0.005471287172036799,0.005471287172036799,0.0055555534376878464,0.0055555534376878464,0.006896780954863485,0.006896780954863485
2023-11-21,0.006975731329878449,0.006975731329878449,0.0041033075193850355,0.0041033075193850355,0.005244357017179813,0.005244357017179813,0.0037327503787204066,0.0037327503787204066,0.0038362501205857604,0.0038362501205857604
2023-11-22,0.009939797084003912,0.009939797084003912,0.002040897256870222,0.002040897256870222,0.004695848782477042,0.004695848782477042,0.003717144850183285,0.003717144850183285,0.007677816610205164,0.007677816610205164
2023-11-23,0.004221399235077481,0.004221399235077481,0.009932430688728466,0.009932430688728466,0.0027920322518495185,0.0027920322518495185,0.0016255724482173131,0.0016255724482173131,0.0038361640460549077,0.0038361640460549077
2023-11-24,0.0013028514887282066,0.0013028514887282066,-9.014845285384402e-05,-9.014845285384402e-05,-0.001379392318231032,-0.001379392318231032,-0.0021376315637351355,-0.0021376315637351355,0.0005550718542609855,0.0005550718542609855
2023-11-27,-0.013158169341286706,-0.013158169341286706,-0.0100888539140225,-0.0100888539140225,-0.007594147508633164,-0.007594147508633164,-0.004951845185655198,-0.004951845185655198,-0.004949954688713859,-0.004949954688713859
2023-11-28,0.012293068213307194,0.012293068213307194,0.013275912126497725,0.013275912126497725,0.010993693067700528,0.010993693067700528,0.00853135962606671,0.00853135962606671,0.008006087875546736,0.008006087875546736
2023-11-29,0.007144563447168469,0.007144563447168469,0.005787571990766649,0.005787571990766649,0.0042283846240171565,0.0042283846240171565,0.0030345707970297563,0.0030345707970297563,0.0022690854648624416,0.0022690854648624416
2023-11-30,0.00536155574118055,0.00536155574118055,-0.00510309163804521,-0.00510309163804521,0.0006274505533455763,0.0006274505533455763,0.0018863822790719852,0.0018863822790719852,0.0060169803218330375,0.0060169803218330375
2023-12-01,0.004393721464379438,0.004393721464379438,-0.002392488070216704,-0.002392488070216704,-0.000522127591911481,-0.000522127591911481,0.00039136800806872327,0.00039136800806872327,0.004878854796443428,0.004878854796443428
2023-12-04,0.004382526772208758,0.004382526772208758,-0.007127908495546786,-0.007127908495546786,-0.003704249320411379,-0.003704249320411379,-0.0014310399318363755,-0.0014310399318363755,0.002809481618310506,0.002809481618310506
2023-12-05,-0.007929485961356909,-0.007929485961356909,-0.01616332258123303,-0.01616332258123303,-0.00858204214397661,-0.00858204214397661,-0.008990102690134732,-0.008990102690134732,-0.008616000452285052,-0.008616000452285052
2023-12-06,0.0028296502738834883,0.0028296502738834883,0.012371737742267231,0.012371737742267231,0.010177228314655784,0.010177228314655784,0.008021869359073425,0.008021869359073425,0.006129789411321907,0.006129789411321907
2023-12-07,-0.007850260920099056,-0.007850260920099056,-0.006312551748946783,-0.006312551748946783,-0.006187693027570041,-0.006187693027570041,-0.007353769066835558,-0.007353769066835558,-0.006877265489140223,-0.006877265489140223
2023-12-08,0.0041523155827246855,0.0041523155827246855,0.006339818760925509,0.006339818760925509,0.0044517281655444664,0.0044517281655444664,0.0021885039339783956,0.0021885039339783956,0.005784629751252219,0.005784629751252219
2023-12-11,-0.00021695649767382183,-0.00021695649767382183,-0.003081265828743374,-0.003081265828743374,-0.004998161508596811,-0.004998161508596811,0.0006423339270101266,0.0006423339270101266,-0.0006019870194996559,-0.0006019870194996559
2023-12-12,-0.003947350541139574,-0.003947350541139574,-0.009334149338017416,-0.009334149338017416,-0.0016774406341540926,-0.0016774406341540926,-0.008891086046611802,-0.008891086046611802,-0.00738018362599503,-0.00738018362599503
2023-12-13,0.006298590325237117,0.006298590325237117,0.002042028394729445,0.002042028394729445,0.005039737004252365,0.005039737004252365,0.006683456602517998,0.006683456602517998,0.003924121035119016,0.003924121035119016
2023-12-14,0.006129899438800257,0.006129899438800257,0.004532045063260172,0.004532045063260172,0.008714497569292568,0.008714497569292568,0.01214318589688772,0.01214318589688772,0.007313111272534417,0.007313111272534417
2023-12-15,-0.00016848913785232777,-0.00016848913785232777,-0.0008131816812338099,-0.0008131816812338099,-0.0036790905567421926,-0.0036790905567421926,-0.003296567181074029,-0.003296567181074029,-0.0008851411778739492,-0.0008851411778739492
2023-12-18,-0.0016720622640178746,-0.0024999999999999996,-0.007622309256634031,-0.0025,-0.005968389705364863,-0.0025,-0.006884074971764894,-0.0025,-0.0062797704390596685,-0.0025
2023-12-19,-0.008038732736345552,0.0,-0.0024051445556834364,0.0,-0.006546582739620789,0.0,-0.006678132853549752,0.0,-0.005733012292098456,0.0
2023-12-20,0.006871735189866256,0.0,-0.0035858170248002533,0.0,0.004055025966015357,0.0,0.004353078807401382,0.0,0.003922317646490825,0.0
2023-12-21,-0.00504055174370381,0.0,0.006378944516888252,0.0,0.0017205287753256256,0.0,0.00023711488071060917,0.0,-0.0006837307159896165,0.0
2023-12-22,-0.0024884526210665575,0.0,0.007644413076473523,0.0,0.002076122018899684,0.0,0.0020952910528951652,0.0,-0.0003995452326338747,0.0
2023-12-25,-0.0031045359983680387,-0.005604535998368038,-0.0015480183116904466,-0.0040480183116904465,-0.0013197856958592881,-0.003819785695859288,-0.0020906249946246085,-0.004590624994624608,-0.0015435567567837318,-0.004043556756783731
2023-12-26,0.012538183084938577,0.012538183084938577,0.001807758202413501,0.001807758202413501,0.006178607948162851,0.006178607948162851,0.004963696652375365,0.004963696652375365,0.005402369781520255,0.005402369781520255
2023-12-27,0.004426937999196648,0.004426937999196648,0.009622373035802202,0.009622373035802202,0.006408972129326384,0.006408972129326384,0.008438728173176717,0.008438728173176717,0.008146619845753602,0.008146619845753602
2023-12-28,-0.00030992792435080574,-0.00030992792435080574,-0.01469468476278313,-0.01469468476278313,-0.00860581636452219,-0.00860581636452219,-0.006551817095655932,-0.006551817095655932,-0.0021952987581891127,-0.0021952987581891127
2023-12-29,0.004488531999748487,0.004488531999748487,0.002528190843190648,0.002528190843190648,0.002352015171887067,0.002352015171887067,0.003023935391612786,0.003023935391612786,0.0013386595825440497,0.0013386595825440497
2024-01-02,0.005747320621356551,0.005747320621356551,-0.009323942459513046,-0.009323942459513046,-0.0006708569981305195,-0.0006708569981305195,0.001477801866884872,0.001477801866884872,0.006361082709564803,0.006361082709564803
2024-01-03,-0.0050782219920512605,-0.0050782219920512605,-0.007140485709547484,-0.007140485709547484,-0.00414907370458828,-0.00414907370458828,-0.0030910227981132115,-0.0030910227981132115,-0.004047954248385977,-0.004047954248385977
2024-01-04,-0.008057078534474486,-0.008057078534474486,-0.006677952044517444,-0.006677952044517444,-0.0028219909343238036,-0.0028219909343238036,-0.004555037953208603,-0.004555037953208603,-0.006417027404866931,-0.006417027404866931
2024-01-05,0.007427603871084235,-0.0024999999999999996,0.0035201444458189627,-0.0025,-0.0013274168634874741,-0.0025,-0.0011027936752319386,-0.0025,-0.0011244820507058165,-0.0025
2024-01-08,0.0006397016727957702,-0.0018602983272042295,-0.004467264720509845,-0.006967264720509845,-0.003230390425822782,-0.005730390425822782,-0.003219246014242165,-0.0057192460142421655,0.0006502109039362382,-0.0018497890960637619
2024-01-09,-0.004536734350365791,-0.004536734350365791,-0.0029585238671381965,-0.0029585238671381965,-5.758545024848788e-05,-5.758545024848788e-05,-0.0038226199818309917,-0.0038226199818309917,-0.00435909523700731,-0.00435909523700731
2024-01-10,0.0007817057618310333,0.0007817057618310333,0.0019258868691240272,0.0019258868691240272,0.0036425062831582315,0.0036425062831582315,0.0020856881434012206,0.0020856881434012206,0.001034659259649534,0.001034659259649534
2024-01-11,0.0005387907343291099,0.0005387907343291099,-0.003698649028022838,-0.003698649028022838,-0.0016201892717429447,-0.0016201892717429447,0.0007441259770525718,0.0007441259770525718,0.00012026912007355721,0.00012026912007355721
2024-01-12,-0.00615321638408926,-0.00615321638408926,-0.006267986288609051,-0.006267986288609051,-0.005882415945768372,-0.005882415945768372,-0.00488561311598789,-0.00488561311598789,-0.004472120227013532,-0.004472120227013532
2024-01-15,0.013051576649924384,0.013051576649924384,0.015486497171826442,0.015486497171826442,0.01022844133275861,0.01022844133275861,0.013828385539343506,0.013828385539343506,0.01209706785061548,0.01209706785061548
2024-01-16,-0.0053640198681541035,-0.0053640198681541035,-0.005318695897908943,-0.005318695897908943,-0.003377720242050153,-0.003377720242050153,-0.004710498500009479,-0.004710498500009479,-0.006414431808564464,-0.006414431808564464
2024-01-17,-0.008675093286509903,-0.008675093286509903,-0.0188729135086166,-0.0188729135086166,-0.01463384735863893,-0.01463384735863893,-0.01300579754540318,-0.01300579754540318,-0.012073114229772182,-0.012073114229772182
2024-01-18,-0.004297301235290888,-0.004297301235290888,-0.002414936790116906,-0.002414936790116906,-0.0021695475720261976,-0.0021695475720261976,-0.002204518907229806,-0.002204518907229806,-0.002374516537913335,-0.002374516537913335
2024-01-19,0.011879405205636608,0.011879405205636608,0.003758535745983461,0.003758535745983461,0.006737675848150949,0.006737675848150949,0.009020938788974765,0.009020938788974765,0.00696354088524867,0.00696354088524867
2024-01-22,0.011165428144969135,0.011165428144969135,0.02125314290428375,0.02125314290428375,0.012780994727260842,0.012780994727260842,0.011782236360918878,0.011782236360918878,0.011640073670195435,0.011640073670195435
2024-01-23,0.004719856204866408,0.004719856204866408,0.001894461866636887,0.001894461866636887,0.004814420354044035,0.004814420354044035,0.004290089019814721,0.004290089019814721,0.0039138716692919025,0.0039138716692919025
2024-01-24,0.00821154781634717,0.00821154781634717,0.0002001795379082739,0.0002001795379082739,0.011662267854392006,0.011662267854392006,0.011705325968829183,0.011705325968829183,0.010576600275426772,0.010576600275426772
2024-01-25,-0.002853640653657194,-0.002853640653657194,-0.0055895146081088145,-0.0055895146081088145,0.009129440684360335,0.009129440684360335,0.003469413184424781,0.003469413184424781,0.0034680075150390795,0.0034680075150390795
2024-01-26,0.00019219506208202763,0.00019219506208202763,-0.0026518328860677407,-0.0026518328860677407,0.0019897670655235843,0.0019897670655235843,-0.0034888112000195006,-0.0034888112000195006,-0.0007772007157650475,-0.0007772007157650475
2024-01-29,0.010514267403505698,0.010514267403505698,0.00914038738510654,0.00914038738510654,0.009326420279340131,0.009326420279340131,0.009386563269984771,0.009386563269984771,0.006643166296229853,0.006643166296229853
2024-01-30,-0.0016572706159155338,-0.0016572706159155338,-0.003624023267299581,-0.003624023267299581,0.0013805253486338545,0.0013805253486338545,0.0012172274224682596,0.0012172274224682596,-0.0002930011183647498,-0.0002930011183647498
2024-01-31,0.003790269623014517,0.003790269623014517,-0.002101123611344358,-0.002101123611344358,0.003022572780475008,0.003022572780475008,0.004120049234997987,0.004120049234997987,0.003955192760624576,0.003955192760624576
2024-02-01,0.0010079925104082331,0.0010079925104082331,0.0006060881897193013,0.0006060881897193013,0.0031491690653009047,0.0031491690653009047,0.001236860669486155,0.001236860669486155,-0.00040328307319832386,-0.00040328307319832386
2024-02-02,0.0042124588769383384,0.0042124588769383384,-0.004296549812469476,-0.004296549812469476,0.0020293636882629303,0.0020293636882629303,0.0014788524003781277,0.0014788524003781277,0.0026351271166596083,0.0026351271166596083
2024-02-05,-7.999753417929569e-06,-7.999753417929569e-06,0.006434583312367237,0.006434583312367237,0.0003644826984076314,0.0003644826984076314,-0.002401826877051572,-0.002401826877051572,-0.0024963097903384743,-0.0024963097903384743
2024-02-15,0.026062325375297315,0.026062325375297315,0.013872394573615398,0.013872394573615398,0.012879955821765354,0.012879955821765354,0.015144221321601588,0.015144221321601588,0.011385948134586616,0.011385948134586616
2024-02-16,0.022286178732040144,0.022286178732040144,0.017612629993738204,0.017612629993738204,0.021222307330138968,0.021222307330138968,0.016680086199649773,0.016680086199649773,0.014704559536157458,0.014704559536157458
2024-02-19,0.009294852625846443,0.009294852625846443,0.023849366749043324,0.023849366749043324,0.01913357363463646,0.01913357363463646,0.019463381184438994,0.019463381184438994,0.01657530266945307,0.01657530266945307
2024-02-20,-0.0005473970204903989,-0.0005473970204903989,0.005516418142519686,0.005516418142519686,0.007763306800927827,0.007763306800927827,0.00526655320405877,0.00526655320405877,0.00655582534624558,0.00655582534624558
2024-02-21,0.012279245385892697,0.012279245385892697,-0.0034838100986018805,-0.0034838100986018805,0.0031860283927344192,0.0031860283927344192,0.0012135585809777802,0.0012135585809777802,0.003036559336830757,0.003036559336830757
2024-02-22,0.01444882029596005,0.01444882029596005,-0.0019259637060243364,-0.0019259637060243364,0.0048214687468731586,0.0048214687468731586,0.011596505288901942,0.011596505288901942,0.010917406679057351,0.010917406679057351
2024-02-23,0.01624924530054979,0.01624924530054979,-0.002858963272212467,-0.002858963272212467,0.0022411233274520883,0.0022411233274520883,0.003912694390864339,0.003912694390864339,0.006450334041164725,0.006450334041164725
2024-02-26,0.018136056166211934,0.018136056166211934,0.0072775724813064265,0.0072775724813064265,0.013873126850087857,0.013873126850087857,0.014306787225195326,0.014306787225195326,0.016719150508527833,0.016719150508527833
2024-02-27,-0.012506788131695092,-0.012506788131695092,-0.0048996910436305725,-0.0048996910436305725,-0.004590425525489706,-0.004590425525489706,-0.004134761013179822,-0.004134761013179822,-0.00509927168890168,-0.00509927168890168
2024-02-29,0.00633172618694621,0.00633172618694621,0.0025671314548027847,0.0025671314548027847,0.0008697844235900254,0.0008697844235900254,0.00892433597219881,0.00892433597219881,0.0067390319739763505,0.0067390319739763505
2024-03-01,-0.001794073351987324,-0.001794073351987324,-0.007462809146427229,-0.007462809146427229,-0.004664616150060785,-0.004664616150060785,-0.006044560745862104,-0.006044560745862104,-0.005160452271680244,-0.005160452271680244
2024-03-04,0.006996301130093025,0.006996301130093025,-0.0047908394849460086,-0.0047908394849460086,-0.0031058861948183194,-0.0031058861948183194,0.00034890597825256716,0.00034890597825256716,0.005579526823699838,0.005579526823699838
2024-03-05,0.0017702661424653227,0.0017702661424653227,0.004735822102546705,0.004735822102546705,-0.005077863663824078,-0.005077863663824078,-0.004921575842617416,-0.004921575842617416,-0.0003344131958707649,-0.0003344131958707649
2024-03-06,0.01411403953741441,0.01411403953741441,-0.0015489258572769279,-0.0015489258572769279,0.00462774642267766,0.00462774642267766,0.011460518017116629,0.011460518017116629,0.016423576247833225,0.016423576247833225
2024-03-07,-0.0055133621890730835,-0.0024999999999999996,-0.0019669165772096655,-0.0025,-0.007693469477187121,-0.0025,-0.005063399589901718,-0.0025,-4.060272293573497e-05,-0.0025000000000000005
2024-03-08,-0.02939989906385013,0.0,-0.020104471143219046,0.0,-0.02508123358961624,0.0,-0.01986178829947358,0.0,-0.028873162567438822,0.0
2024-03-11,0.005316913079942612,0.0,0.0074197131590687535,0.0,0.0019683572450845625,0.0,0.00014838199984050808,0.0,0.004036694914614336,0.0
2024-03-12,0.0113735415096749,0.0,0.006035330822194052,0.0,0.008056296785302576,0.0,0.007850177654919407,0.0,0.009038115804972203,0.0
2024-03-13,-0.01855818759793294,0.0,-0.01069199207934728,0.0,-0.016220280577695024,0.0,-0.012043167093488833,0.0,-0.019002618023099785,0.0
2024-03-14,-0.01113996509779015,0.0,-0.004065397235201029,0.0,0.0004572229287689864,0.0,-0.0021456718948678582,0.0,-0.007249461154862075,0.0
2024-03-15,-0.005471205967239956,0.0,-0.004581559031856353,0.0,0.00034527120051498555,0.0,0.0009467559548827316,0.0,-0.0048951840774910434,0.0
2024-03-18,0.02542067140772905,0.0,0.010098693226335475,0.0,0.013632792740890777,0.0,0.015555149110335526,0.0,0.015313255853391347,0.0
2024-03-19,0.01261979442404274,0.0,0.00635812673997669,0.0,0.01981212130118256,0.0,0.015684716586262366,0.0,0.015206325004513282,0.0
2024-03-20,-0.004851868470347887,0.0,-0.006977798774795852,0.0,-0.0039678474238919684,0.0,0.0005800933905739068,0.0,-0.0017148123581635592,0.0
2024-03-21,0.007150935149647998,0.0,0.02260182699140396,0.0,0.015587927462518924,0.0,0.011700808376576315,0.0,0.012461733725800696,0.0
2024-03-22,0.0006069263595526363,0.0,-0.004064437728319259,0.0,0.00013890322840207623,0.0,-0.002007308542119057,0.0,-0.004059118978837878,0.0
2024-03-25,0.014165365730591194,0.0,-0.0005092530091620252,0.0,0.0015267771635119275,0.0,0.005000625063980046,0.0,0.0069781941088148626,0.0
2024-03-26,-0.0189315227200807,-0.021431522720080698,-0.012112510005493361,-0.014612510005493361,-0.012742110724434208,-0.015242110724434208,-0.017581518609734104,-0.020081518609734103,-0.015272034819796934,-0.017772034819796934
2024-03-27,0.015868378138706205,-0.0024999999999999996,0.0023334924311166237,-0.0025,0.012107926356484822,-0.0025,0.016817596720982153,-0.0025,0.01536188852092523,-0.0025000000000000005
2024-03-28,-0.0017031846993814806,0.0,0.006050039931755036,0.0,-0.0028060003536876654,0.0,-0.003482077194453888,0.0,-0.0061244611589691255,0.0
2024-03-29,0.0015088762835223435,0.0,0.003267556912419889,0.0,-0.002335532230771953,0.0,-0.0040226659093872685,0.0,0.00011452728983279428,0.0
2024-04-01,0.016187905884616473,0.013687905884616474,0.019867851665230085,0.017367851665230086,0.030932799228331087,0.02843279922833109,0.028706187780061523,0.02687285444672819,0.024732261414708457,0.02248226141470846
2024-04-02,0.019005526596385467,0.019005526596385467,0.01250114385951644,0.01250114385951644,0.04080363921312169,0.04080363921312169,0.03820250751778055,0.03820250751778055,0.030950874237722602,0.030950874237722602
2024-04-03,-0.0004308785174353512,-0.0004308785174353512,-0.005002532839723162,-0.005002532839723162,-0.006288615727857249,-0.006288615727857249,-0.0018980682140896435,-0.0018980682140896435,-0.005216347452204335,-0.005216347452204335
2024-04-08,0.0053185440035414516,0.0053185440035414516,0.017623994074617347,0.017623994074617347,0.008370285099823916,0.008370285099823916,0.01749543009635414,0.01749543009635414,0.01491855806950267,0.01491855806950267
2024-04-09,0.004831340852248163,0.004831340852248163,0.0032458800471025784,0.0032458800471025784,-0.002384568150798262,-0.002384568150798262,0.004594494916316376,0.004594494916316376,0.0034320479359718436,0.0034320479359718436
2024-04-10,0.0031098978180429636,-0.0024999999999999996,-0.0012287288205299336,-0.0025,-0.000925425307478489,-0.0025,0.0012597623491560136,-0.0025,0.0018211005625966272,-0.0025000000000000005
2024-04-11,0.0008110725902330239,0.0,0.008303542872083014,0.0,-0.004672110422675635,0.0,-0.0034060215620560063,0.0,-0.005173858597551483,0.0
2024-04-12,0.02033867325720278,0.0,0.02357229676901547,0.0,0.026248838269708155,0.0,0.028012946401626822,0.0,0.02652680896924017,0.0
2024-04-15,-0.00869896335273473,0.0,-0.025000475921003653,0.0,-0.01642808341813411,0.0,-0.014786279276679911,0.0,-0.012991137180777086,0.0
2024-04-16,-0.029721143216308952,0.0,-0.027968456810037477,0.0,-0.036951252915856395,0.0,-0.03718274842009935,0.0,-0.033984440802540684,0.0
2024-04-17,0.0332334993606866,0.0,0.03249750998995762,0.0,0.03316495102399012,0.0,0.034774574372443454,0.0,0.028040477545119142,0.0
2024-04-18,-0.0071550680008601875,0.0,-0.004076819267948961,0.0,-0.010523991466349015,0.0,-0.01091342936593463,0.0,-0.008779092558452061,0.0
2024-04-19,-0.03525636389471666,0.0,-0.03173296379133592,0.0,-0.03229192126677531,0.0,-0.03264657753950213,0.0,-0.03180579027747569,0.0
2024-04-22,-0.02280570669352651,0.0,-0.020759501026512476,0.0,-0.00762892364551534,0.0,-0.01506536896913014,0.0,-0.012512875739944342,0.0
2024-04-23,0.011623729553364619,0.0,0.009857045788745378,0.0,0.0079109385797556,0.0,0.011645930318657325,0.0,0.011630659149333861,0.0
2024-04-24,0.02767134512401796,0.0,0.02404215800864056,0.0,0.025447389729299188,0.0,0.028417116618632606,0.0,0.02679587987056585,0.0
2024-04-25,-0.004957273910073103,0.0,-0.007258901079270919,0.0,-0.009723289907013412,0.0,-0.0019530751167139734,0.0,0.0002802529195039265,0.0
2024-04-26,0.004537619196647066,0.0,-0.0034290273154537814,0.0,-0.001456530447253435,0.0,0.0005401301508213352,0.0,0.0019341464932736301,0.0
2024-04-29,0.01276936256691597,0.0,0.0288428366085896,0.0,0.022613624894403064,0.0,0.016966729389415527,0.0,0.015969012589755766,0.0
2024-04-30,0.00010900542725685537,-0.002390994572743145,-2.6535103675229266e-05,-0.0025265351036752293,0.0008578200230217039,-0.0016421799769782961,-0.0014778415361246834,-0.003977841536124684,3.0925074316373374e-05,-0.002469074925683627
2024-05-02,-0.001716584026365135,-0.001716584026365135,0.004182127593968411,0.004182127593968411,0.00024804141595926644,0.00024804141595926644,-0.0011639574662722612,-0.0011639574662722612,-0.0004264379420433999,-0.0004264379420433999
2024-05-03,-0.006270060394392353,-0.006270060394392353,0.00043662524332177544,0.00043662524332177544,-0.0035847384499185235,-0.0035847384499185235,-0.0019009288910709784,-0.0019009288910709784,-0.0015551986372726203,-0.0015551986372726203
2024-05-06,0.004461513352764141,0.004461513352764141,0.00372006903194182,0.00372006903194182,0.00523937144591642,0.00523937144591642,0.011262855938103293,0.011262855938103293,0.006523881259512832,0.006523881259512832
2024-05-07,0.007093528160018506,-0.0024999999999999996,0.010347588828307976,-0.0025,0.007083160467462413,-0.0025,0.004453280161339812,-0.0025,0.005350877019784711,-0.0025
2024-05-08,0.005761986072267222,0.0,-0.0005080613952181292,0.0,0.000868039943923249,0.0,0.004667193423509585,0.0,0.006450126294047504,0.0
2024-05-09,-0.008116886027799232,0.0,-0.028344593358311944,0.0,-0.008042726352720042,0.0,-0.010817896924771966,0.0,-0.009963987889057415,0.0
2024-05-10,-0.007640291403198172,0.0,0.006328963571778945,0.0,-0.0074069433414958976,0.0,-0.006008432149630406,0.0,-0.008366999564847355,0.0
2024-05-13,-0.0015702079668842219,0.0,0.014682103112772628,0.0,0.006580229949517392,0.0,-0.0026138127618225695,0.0,7.398019024555913e-05,0.0
2024-05-14,0.003942177999347978,0.0,0.019454375830241878,0.0,0.00901255179294176,0.0,0.004141478549979852,0.0,0.003451226678150987,0.0
2024-05-15,0.0014047611165375403,-0.0010952388834624602,0.0013828292717543707,-0.0011171707282456294,-0.0018847925288726138,-0.004384792528872614,0.008873897090835858,0.006373897090835858,0.010182922493417994,0.007682922493417994
2024-05-16,0.010183384754919882,0.010183384754919882,0.010058333120488316,0.010058333120488316,0.008094211435501309,0.008094211435501309,0.02329443025255184,0.02329443025255184,0.021654583104850862,0.021654583104850862
2024-05-17,0.0029683105957636806,0.0029683105957636806,0.006988479675481064,0.006988479675481064,0.0049592548525539855,0.0049592548525539855,0.014736894649849648,0.014736894649849648,0.010973907650720783,0.010973907650720783
2024-05-20,-0.0025916558681629656,-0.0025916558681629656,0.005062667334833183,0.005062667334833183,0.012946853484912868,0.012946853484912868,0.0023082847039917814,0.0023082847039917814,0.001423393319443544,0.001423393319443544
2024-05-21,0.008995299520340762,0.008995299520340762,0.014151739499461694,0.014151739499461694,0.0024505506626476123,0.0024505506626476123,0.008681115391169497,0.008681115391169497,0.007189637478012701,0.007189637478012701
2024-05-22,0.013778860215322144,0.013778860215322144,0.004569599807422865,0.004569599807422865,0.010622297390829583,0.010622297390829583,0.012052423984939333,0.012052423984939333,0.010484114759173019,0.010484114759173019
2024-05-23,-0.005478103790018244,-0.005478103790018244,-0.014078308250336027,-0.014078308250336027,-0.015468187681910574,-0.015468187681910574,-0.012067803701256773,-0.012067803701256773,-0.008676767831552202,-0.008676767831552202
2024-05-24,0.015677832902992895,-0.0025000000000000005,0.016700481446753047,-0.0025,0.015682081040128686,-0.0025,0.017078590738285687,-0.0025,0.018371484698346843,-0.0025
2024-05-27,0.00973177325534609,0.00723177325534609,0.010120130394282544,0.007620130394282543,0.018193264301068678,0.01569326430106868,0.0184667221393928,0.015966722139392802,0.01444687791018952,0.011946877910189519
2024-05-28,0.01074750590129338,0.01074750590129338,0.016205015729848206,0.016205015729848206,0.008208395427279224,0.008208395427279224,0.003806746448711284,0.003806746448711284,0.004664641875220116,0.004664641875220116
2024-05-29,0.002373366630887788,0.002373366630887788,0.002596626688489901,0.002596626688489901,-0.010689830305616767,-0.010689830305616767,-0.0098022098116929,-0.0098022098116929,-0.00706038397152673,-0.00706038397152673
2024-05-30,-0.007583937638313824,-0.007583937638313824,-0.00855101947085124,-0.00855101947085124,-0.007654016445440038,-0.007654016445440038,-0.010191504385627007,-0.010191504385627007,-0.007878324138168358,-0.007878324138168358
2024-05-31,0.001396655856583933,0.001396655856583933,-0.007270186584466876,-0.007270186584466876,-0.00013612287293559558,-0.00013612287293559558,-0.0010736364144346457,-0.0010736364144346457,-0.0027627135745731616,-0.0027627135745731616
2024-06-03,0.011004453602069145,0.011004453602069145,0.012941236016169012,0.012941236016169012,0.006463268485847219,0.006463268485847219,0.0031042348306239793,0.0031042348306239793,0.009665192482706043,0.009665192482706043
2024-06-04,-0.003927947964967181,-0.003927947964967181,0.0012917854946663753,0.0012917854946663753,-0.013189348063589169,-0.013189348063589169,-0.01232944379150661,-0.01232944379150661,-0.014946177102852705,-0.014946177102852705
2024-06-05,-0.0010984185890912808,-0.0010984185890912808,-0.004000099080623954,-0.004000099080623954,-0.0034502883293754177,-0.0034502883293754177,-0.0059450945490711355,-0.0059450945490711355,-0.007282250325602762,-0.007282250325602762
2024-06-06,0.0012499485116798958,0.0012499485116798958,-0.0003650359031012627,-0.0003650359031012627,-0.002660674714971667,-0.002660674714971667,0.000533833841290917,0.000533833841290917,0.002554662915463885,0.002554662915463885
2024-06-07,0.015182358896035015,0.015182358896035015,0.011293339084533005,0.011293339084533005,0.01598039882779657,0.01598039882779657,0.014021567793845929,0.014021567793845929,0.016483516114051456,0.016483516114051456
2024-06-11,-0.00532793471665745,-0.00532793471665745,-0.0031619073774918688,-0.0031619073774918688,-0.001702806533473055,-0.001702806533473055,-0.0010825973071155884,-0.0010825973071155884,-0.006110429818742047,-0.006110429818742047
2024-06-12,0.00976608261276485,-0.0025000000000000005,0.002686093545198931,-0.0025,0.008241211751502176,-0.0025,0.01712997801250908,-0.0025,0.022187685761420543,-0.0025000000000000005
2024-06-13,0.012103302067320163,0.009603302067320163,0.0018593747738704812,-0.0006406252261295189,0.006358545153725604,0.0038585451537256035,0.0009784573012263137,-0.0015215426987736863,0.007478713655659991,0.004978713655659991
2024-06-14,-0.0010939083987402596,-0.0010939083987402596,0.0006461326007771496,0.0006461326007771496,-0.0005950819664324314,-0.0005950819664324314,-0.009366149806042185,-0.009366149806042185,-0.0018631641208948827,-0.0018631641208948827
2024-06-17,0.01331579465494649,0.01331579465494649,-0.006135232653856404,-0.006135232653856404,0.0009743547230721685,0.0009743547230721685,0.004581128972807831,0.004581128972807831,0.013260467687598466,0.013260467687598466
2024-06-18,0.007385060183283261,0.007385060183283261,0.010727964938308167,0.010727964938308167,0.00924157039846616,0.00924157039846616,0.006735043718094324,0.006735043718094324,0.009846485943778717,0.009846485943778717
2024-06-19,-0.0023686111927421725,-0.0023686111927421725,-0.008689414983355181,-0.008689414983355181,-0.009475265740256679,-0.009475265740256679,-0.003413482205602173,-0.003413482205602173,-0.005090177293904652,-0.005090177293904652
2024-06-20,0.017045342508527253,0.017045342508527253,0.025213570071115465,0.025213570071115465,0.02336460549717726,0.02336460549717726,0.022993817496317362,0.022993817496317362,0.021560638941965887,0.021560638941965887
2024-06-21,0.006866632350772998,0.006866632350772998,-0.009637594150696848,-0.009637594150696848,0.007594596742036019,0.007594596742036019,0.007134059068999393,0.007134059068999393,0.0066795152546656085,0.0066795152546656085
2024-06-24,-0.005034958744461389,-0.005034958744461389,-0.005915029247118931,-0.005915029247118931,0.010077525094057384,0.010077525094057384,-0.001993679609807557,-0.001993679609807557,-0.004585769642698612,-0.004585769642698612
2024-06-25,0.007940288078067159,-0.0025000000000000005,0.002288472184713464,-0.0025,-0.003507265381022451,-0.0025,0.004483201652168274,-0.0025,0.005883415367564954,-0.0025000000000000005
2024-06-26,0.01696116941172071,0.01446116941172071,0.004071413023219717,0.0015714130232197172,0.005920246128242523,0.003420246128242523,0.015448625221400388,0.012948625221400388,0.01881709485048213,0.016317094850482126
2024-06-27,-0.0023192723816982115,-0.0023192723816982115,-0.007582200234568304,-0.007582200234568304,-0.007513936822808898,-0.007513936822808898,-0.00773106490308942,-0.00773106490308942,-0.011169166791449454,-0.011169166791449454
2024-06-28,0.013849306641022152,-0.0025000000000000005,0.007975941827242438,-0.0025,0.020919578761081383,-0.0025,0.010925267681665284,-0.0025,0.017238355500903642,-0.0025000000000000005
2024-07-01,0.02334782384315065,0.020847823843150648,-0.0041106553096389225,-0.006610655309638922,0.025476073516889998,0.02347607351689,0.027970950782729653,0.025470950782729655,0.03179419442649111,0.02929419442649111
2024-07-02,0.004515633557695131,-0.0025000000000000005,-0.005460422759176976,-0.0025,0.00013102765500286892,-0.0025,0.005563783538731933,-0.0025,0.005918339931796875,-0.0025000000000000005
2024-07-03,0.01445791956637599,0.0,-0.005182139250545626,0.0,0.007057535516833169,0.0,0.010518232652032273,0.0,0.01709629642062568,0.0
2024-07-04,0.02915934604586358,0.026659346045863577,0.021860172144205683,0.019360172144205684,0.04597551488111769,0.043475514881117686,0.039508672484272006,0.037008672484272004,0.03838295640875082,0.03588295640875082
2024-07-05,0.030836055143283317,0.030836055143283317,0.006452733466219352,0.006452733466219352,0.02716310657768293,0.02716310657768293,0.02877686585592822,0.02877686585592822,0.0328759597683715,0.0328759597683715
2024-07-08,-0.01903211273713985,-0.01903211273713985,0.006659991598217995,0.006659991598217995,0.0015652854472990468,0.0015652854472990468,-0.014141477061797773,-0.014141477061797773,-0.023484351818618864,-0.023484351818618864
2024-07-09,-0.009638123716909084,-0.009638123716909084,-0.008129453631111571,-0.008129453631111571,-0.020406164260585325,-0.020406164260585325,-0.01322280123815689,-0.01322280123815689,-0.01591315031789295,-0.01591315031789295
2024-07-10,0.012869906954332462,0.012869906954332462,-0.0027115986937760626,-0.0027115986937760626,0.011368285319383976,0.011368285319383976,0.00853848043864879,0.00853848043864879,0.010186169329175099,0.010186169329175099
2024-07-11,-0.002271853392523336,-0.002271853392523336,0.0077718126837059915,0.0077718126837059915,0.009958528119791143,0.009958528119791143,0.006142655413004251,0.006142655413004251,0.0004336658969259894,0.0004336658969259894
2024-07-12,-0.014081442696900015,-0.014081442696900015,-0.025681762365395454,-0.025681762365395454,-0.009788902917165087,-0.009788902917165087,-0.010836352937168493,-0.010836352937168493,-0.01374073448994035,-0.01374073448994035
2024-07-15,0.003956757927864879,0.003956757927864879,-0.008563488821532239,-0.008563488821532239,-0.0016139942921298838,-0.0016139942921298838,0.004885291495325957,0.004885291495325957,0.006984898799166246,0.006984898799166246
2024-07-16,-0.0004296266846124968,-0.0004296266846124968,0.001374909598368257,0.001374909598368257,0.006163031308020173,0.006163031308020173,0.005870723526290397,0.005870723526290397,0.001094022883308798,0.001094022883308798
2024-07-17,0.0056997726135240324,0.0056997726135240324,0.00597710148519055,0.00597710148519055,0.000742111726398609,0.000742111726398609,0.0009276235499081331,0.0009276235499081331,0.0033950673203556607,0.0033950673203556607
2024-07-18,-0.01862168678437543,-0.01862168678437543,-0.005477847495293542,-0.005477847495293542,-0.024974994753392196,-0.024974994753392196,-0.020738017770402718,-0.020738017770402718,-0.019654099497781814,-0.019654099497781814
2024-07-19,-0.02067186876117368,-0.0025000000000000005,-0.02408173342283282,-0.0025,-0.01977034202325262,-0.0025,-0.012085397555093243,-0.0025,-0.012416807571509075,-0.0025000000000000005
2024-07-22,-0.02684314342361354,0.0,-0.0357265373956573,0.0,-0.03681384578154823,0.0,-0.033664168497709264,0.0,-0.025939151858036486,0.0
2024-07-23,0.01897386237975999,0.0,0.011057895099295757,0.0,0.01540410414564193,0.0,0.018350454947733207,0.0,0.023509159815109915,0.0
2024-07-26,-0.01817942536538221,0.0,-0.009138161197455075,0.0,-0.012465179137218596,0.0,-0.023303104633595653,0.0,-0.023231374946567435,0.0
2024-07-29,-0.027818792419651864,0.0,-0.013698837130350784,0.0,-0.01559646301442025,0.0,-0.02460887200121166,0.0,-0.02747389138078738,0.0
2024-07-30,0.023417455363896958,0.0,0.004518104713976112,0.0,0.018370806962295195,0.0,0.023242029471719147,0.0,0.019997362054356836,0.0
2024-07-31,-0.0005082019776180868,0.0,0.010187950480758535,0.0,0.006218939336063555,0.0,0.000577685109446246,0.0,-0.0035421178029041217,0.0
2024-08-01,0.025270698588340294,0.0,0.036170036145297194,0.0,0.02483396357218308,0.0,0.02802915929311374,0.0,0.029730740513600543,0.0
2024-08-02,-0.04193654427720936,0.0,-0.02823669416603352,0.0,-0.036898098494814346,0.0,-0.03296249581069856,0.0,-0.03672676170106502,0.0
2024-08-05,-0.08807696301611259,0.0,-0.08933654470939545,0.0,-0.08371522261258445,0.0,-0.0873030731186345,0.0,-0.08982369092422104,0.0
2024-08-06,-0.01822650951137432,0.0,-0.009997825560382933,0.0,-0.01860348537665169,0.0,-0.02355181781462397,0.0,-0.02502597598480067,0.0
2024-08-07,0.06374022325433054,0.0,0.051662515636747626,0.0,0.06465674111855256,0.0,0.0723394521504649,0.0,0.07055687666685044,0.0
2024-08-08,-0.005067452114567871,0.0,-0.0021248095109861484,0.0,-0.007808917563429397,0.0,-0.0014262284543679407,0.0,-0.004696408655114432,0.0
2024-08-09,0.033653398069319725,0.0,0.010095769003981103,0.0,0.0409513670230577,0.0,0.046148518583717005,0.0,0.0403565034760965,0.0
2024-08-12,0.012744673407270124,0.0,0.008842020170963338,0.0,-0.009159431638211325,0.0,0.0001995347358952973,0.0,0.00417105393292519,0.0
2024-08-13,0.014920423403495446,0.0,0.005569997301343311,0.0,0.008607124772786969,0.0,0.024501526833432267,0.0,0.024640821150347266,0.0
2024-08-14,0.016001191383943514,0.013501191383943513,0.01500420355368546,0.012504203553685459,0.0005923786893990094,-0.0019076213106009906,0.013445862070325143,0.010945862070325142,0.01505325416027032,0.01255325416027032
2024-08-15,0.011766080492024152,0.011766080492024152,0.009378248520044565,0.009378248520044565,0.018245087059711167,0.018245087059711167,0.011179619200145733,0.011179619200145733,0.00980256914580473,0.00980256914580473
2024-08-16,0.014201230356490622,0.014201230356490622,0.018413104319763375,0.018413104319763375,0.01601030728121492,0.01601030728121492,0.02010274557189104,0.02010274557189104,0.021146470253945605,0.021146470253945605
2024-08-19,0.01981164878262743,0.01981164878262743,0.02559587670507113,0.02559587670507113,0.030512885601317388,0.030512885601317388,0.022138737193994056,0.022138737193994056,0.022243951090144355,0.022243951090144355
2024-08-20,0.006528860204407819,0.006528860204407819,0.004184823523543569,0.004184823523543569,0.010767161345666586,0.010767161345666586,0.007092371374042254,0.007092371374042254,0.006358783045295019,0.006358783045295019
2024-08-21,-0.0037153378079434417,-0.0037153378079434417,0.016461892110193575,0.016461892110193575,0.005998777085699314,0.005998777085699314,-0.0016153460527481714,-0.0016153460527481714,-0.003775394195341542,-0.003775394195341542
2024-08-22,0.0013511587448781842,0.0013511587448781842,-0.005570836561297732,-0.005570836561297732,-0.00709884397534144,-0.00709884397534144,-0.006018157910780443,-0.006018157910780443,-0.006018702665995074,-0.006018702665995074
2024-08-23,0.013378093263241847,0.013378093263241847,0.0066573487664505215,0.0066573487664505215,0.014340369178105872,0.014340369178105872,0.012811248623385599,0.012811248623385599,0.020107236533976728,0.020107236533976728
2024-08-26,0.00046616030465921156,0.00046616030465921156,-0.004149400984269747,-0.004149400984269747,0.011947508759850746,0.011947508759850746,0.010333482701129467,0.010333482701129467,0.0046825403504824,0.0046825403504824
2024-08-27,0.02168626574095161,0.02168626574095161,0.003454076148387686,0.003454076148387686,0.025276443984787112,0.025276443984787112,0.025360975850256855,0.025360975850256855,0.030429606881821926,0.030429606881821926
2024-08-28,0.0006543588639837878,0.0006543588639837878,-0.008421481778811303,-0.008421481778811303,-0.007571452744658925,-0.007571452744658925,-0.0073955780522074145,-0.0073955780522074145,-0.0002694122232200888,-0.0002694122232200888
2024-08-29,0.0010464797027399271,0.0010464797027399271,0.005828651177124855,0.005828651177124855,0.007472431088434706,0.007472431088434706,0.003388191355074755,0.003388191355074755,-6.565054983703267e-05,-6.565054983703267e-05
2024-08-30,0.0026123974578273904,0.0026123974578273904,0.00941231168577812,0.00941231168577812,-0.0026451816569335374,-0.0026451816569335374,-0.0025801280258097585,-0.0025801280258097585,0.0031432127224164607,0.0031432127224164607
2024-09-02,-0.007471962986772277,-0.007471962986772277,-0.007031307867687841,-0.007031307867687841,-0.00794190710588626,-0.00794190710588626,-0.008400704553471578,-0.008400704553471578,-0.01306685597639733,-0.01306685597639733
2024-09-03,-0.005099122075789341,-0.0025000000000000005,-0.009002168287319014,-0.0025,-0.007189907891016678,-0.0025,-0.00032160295573118846,-0.0025,-9.286925259854319e-05,-0.0025
2024-09-04,-0.04638866931305536,0.0,-0.03718471735449622,0.0,-0.04321732280757251,0.0,-0.04437288246177072,0.0,-0.04768731118275403,0.0
2024-09-05,0.0024516433532511374,0.0,0.02042789637374327,0.0,0.006051175676952148,0.0,0.008165715967943984,0.0,0.009931218364166067,0.0
2024-09-06,0.005604235216904386,0.0,0.0011843637776473457,0.0,0.011030221441408897,0.0,0.008169760315392287,0.0,0.010211110580002925,0.0
2024-09-09,-3.827443302659408e-05,0.0,-0.00037343553374502526,0.0,0.005903357413736177,0.0,0.007330461642070569,0.0,0.010699742979805634,0.0
2024-09-10,-0.015974553258679344,0.0,0.00663263658630049,0.0,-0.015188342740425121,0.0,-0.018059453035367448,0.0,-0.014657537625877185,0.0
2024-09-11,-0.0020013029994953376,0.0,-0.0017868225570840226,0.0,0.006472602518278636,0.0,0.0039070968169288385,0.0,0.003000949367345052,0.0
2024-09-12,0.029113660437593218,0.0,0.018562885387011542,0.0,0.01866236534514101,0.0,0.022326989644932044,0.0,0.025492158523625567,0.0
2024-09-13,0.018854221090737172,0.01635422109073717,0.015457618521785,0.012957618521785,0.02030967036333926,0.01780967036333926,0.022161943545464226,0.019661943545464227,0.023373897775180293,0.020873897775180294
2024-09-16,0.016163429864042116,0.016163429864042116,-0.002074104206467208,-0.002074104206467208,-0.0028465079897463494,-0.0028465079897463494,0.003832168160962049,0.003832168160962049,0.012859200455671186,0.012859200455671186
2024-09-18,-0.003155116263750998,-0.003155116263750998,-0.0082060660866347,-0.0082060660866347,-0.0059990747942297315,-0.0059990747942297315,0.0016371545096290467,0.0016371545096290467,-0.006479945398900577,-0.006479945398900577
2024-09-19,0.020797305470088942,-0.0025000000000000005,0.011933172959169848,-0.0025,0.01800977707893954,-0.0025,0.01666615376972973,-0.0025,0.01808987236979953,-0.0025
2024-09-20,0.004288905806833334,0.0017889058068333331,-1.6558204734251104e-05,-0.002516558204734251,0.009065210371050882,0.006565210371050881,0.007206730224171762,0.004706730224171762,0.009092674451841011,0.0065926744518410105
2024-09-23,0.0060896563819628075,0.0060896563819628075,0.008972199215617893,0.008972199215617893,0.010924978111083242,0.010924978111083242,0.006210422517691963,0.006210422517691963,0.0031184715957943148,0.0031184715957943148
2024-09-24,-0.011323569759404318,-0.011323569759404318,-0.0032419152329566272,-0.0032419152329566272,-0.015600583600084995,-0.015600583600084995,-0.01271543052401507,-0.01271543052401507,-0.010239310572296257,-0.010239310572296257
2024-09-25,0.015136365050001353,0.015136365050001353,0.0060329102401194485,0.0060329102401194485,0.01687251109521304,0.01687251109521304,0.02175158961085805,0.02175158961085805,0.016425628026574275,0.016425628026574275
2024-09-26,-0.006807118338506306,-0.006807118338506306,0.00426446123288029,0.00426446123288029,0.0067880439734244735,0.0067880439734244735,0.003051421801772173,0.003051421801772173,-0.002916307805072949,-0.002916307805072949
2024-09-27,-0.004168391916271183,-0.004168391916271183,0.004711507731072962,0.004711507731072962,-0.00518769755532641,-0.00518769755532641,-0.01245168079366429,-0.01245168079366429,-0.00560230252829147,-0.00560230252829147
2024-09-30,-0.014655845117188216,-0.014655845117188216,-0.017185467484624194,-0.017185467484624194,-0.014710385224006884,-0.014710385224006884,-0.012875375153890256,-0.012875375153890256,-0.013559745127314376,-0.013559745127314376
2024-10-01,0.010745497319993812,0.010745497319993812,0.005140649669025098,0.005140649669025098,0.013935717735298593,0.013935717735298593,0.012742356112538652,0.012742356112538652,0.011433491632626486,0.011433491632626486
2024-10-04,-0.016836758061128495,-0.016836758061128495,0.0012585931899500085,0.0012585931899500085,-0.01412674139686785,-0.01412674139686785,-0.012896308091157042,-0.012896308091157042,-0.012789238516301633,-0.012789238516301633
2024-10-07,0.030599635366617712,0.030599635366617712,0.027165713931135607,0.027165713931135607,0.03342433814112325,0.03342433814112325,0.04113855697545597,0.04113855697545597,0.037825971871264095,0.037825971871264095
2024-10-08,-0.004881169126691379,-0.004881169126691379,-0.010837113950715318,-0.010837113950715318,-0.002638930317931033,-0.002638930317931033,-0.0017780542630118452,-0.0017780542630118452,-0.005930038900267871,-0.005930038900267871
2024-10-09,-0.014471798390793014,-0.014471798390793014,-0.011064106548344534,-0.011064106548344534,-0.015085415821679818,-0.015085415821679818,-0.016026107137600613,-0.016026107137600613,-0.016540638053417885,-0.016540638053417885
2024-10-11,0.002926691011064862,-0.0025,0.024519875848141217,-0.0025,0.0034289420015977566,-0.0025,0.009841331666059827,-0.0025,0.007421734853545404,-0.0025
2024-10-14,0.013998577539372097,0.011498577539372097,0.010327758603620698,0.007827758603620697,0.010350417100055777,0.007850417100055776,0.006728776378385738,0.004228776378385738,0.008863708081762258,0.006363708081762258
2024-10-15,0.001468173580513429,0.001468173580513429,0.010093915405268472,0.010093915405268472,0.004893772776833815,0.004893772776833815,-0.005609896490240389,-0.005609896490240389,-0.006571464095236091,-0.006571464095236091
2024-10-16,0.002645954434659081,0.002645954434659081,0.0032750993145743462,0.0032750993145743462,0.00020011162125392785,0.00020011162125392785,-0.0013441665133285081,-0.0013441665133285081,-0.004267581984094837,-0.004267581984094837
2024-10-17,0.005591417395468,0.005591417395468,-0.004382576276661432,-0.004382576276661432,0.0037174730641113987,0.0037174730641113987,0.006483312311780662,0.006483312311780662,0.005550618266997238,0.005550618266997238
2024-10-18,-0.0029116229174651954,-0.0029116229174651954,-0.018952625805408508,-0.018952625805408508,-0.004778656702778439,-0.004778656702778439,-0.008249643164273226,-0.008249643164273226,-0.009843362972266071,-0.009843362972266071
2024-10-21,0.022652753114559127,-0.0025,0.04040826340424934,-0.0025,0.04323425405941464,-0.0025,0.0385709831054941,-0.0025,0.035615961794461706,-0.0025
2024-10-22,0.001969765059713578,-0.0005302349402864222,0.009295707082489701,0.006795707082489701,0.009211355087126484,0.0067113550871264836,0.0010651619008515151,-0.001434838099148485,0.005244621401287996,0.0027446214012879964
2024-10-23,0.01242004175355768,0.01242004175355768,-0.0046108422944743715,-0.0046108422944743715,0.006085543605585265,0.006085543605585265,0.014901215326394027,0.014901215326394027,0.013986930552389264,0.013986930552389264
2024-10-24,-0.018270379803368257,-0.018270379803368257,-0.0014418460868232952,-0.0014418460868232952,-0.01308168512911049,-0.01308168512911049,-0.015037375586248949,-0.015037375586248949,-0.01863293003662395,-0.01863293003662395
2024-10-25,0.0008067911066568075,-0.0025,0.0005884385310161336,-0.0025,-0.004420140851816867,-0.0025,0.0015814643413678852,-0.0025,0.004203200634024512,-0.0025
2024-10-28,-0.016633211555860488,0.0,0.0032070313538763444,0.0,-0.009267147411085542,0.0,-0.013315914580917425,0.0,-0.016416181620778923,0.0
2024-10-29,-0.01254391718392227,0.0,-0.011498139961871925,0.0,-0.012792662536394607,0.0,-0.016202259747607306,0.0,-0.01412866216261463,0.0
2024-10-30,-0.002274953320274319,0.0,0.020070178821281395,0.0,0.002864155046253103,0.0,0.00264042613906553,0.0,0.002754905075453491,0.0
2024-11-01,0.007695164594631598,0.0,0.01260724985078989,0.0,0.0077205017265818306,0.0,0.009153538148890654,0.0,0.008567879300937008,0.0
2024-11-04,-0.002359019078654978,0.0,-0.01126071999145668,0.0,-0.006761932317851571,0.0,-0.0042482211287966365,0.0,-0.003813682746392394,0.0
2024-11-05,0.005637989658505779,0.0,0.012504986044685083,0.0,0.010530394973463841,0.0,0.006761185729049586,0.0,0.007813493595344846,0.0
2024-11-06,0.0064716641122026745,0.0,-0.001886705197524008,0.0,-0.0019966436552792182,0.0,0.004685825017210902,0.0,0.005561989578724186,0.0
2024-11-07,0.013544522701192673,0.011044522701192673,0.032212095822800095,0.029712095822800096,0.016127786557460114,0.013627786557460114,0.02337440622455525,0.02087440622455525,0.02151117222288506,0.01901117222288506
2024-11-08,-0.007137138402619876,-0.007137138402619876,-0.006825877190126662,-0.006825877190126662,-0.005883268006305521,-0.005883268006305521,-0.006445868138379566,-0.006445868138379566,-0.00798876009338393,-0.00798876009338393
2024-11-11,-0.0031012898138498795,-0.0025,-0.015273461871099925,-0.0025,-0.017782146828188863,-0.0025,-0.014768376277844036,-0.0025,-0.009982938472963516,-0.0025
2024-11-12,-0.02235188765243203,0.0,-0.019388010458149574,0.0,-0.024222699916939525,0.0,-0.03207236310369613,0.0,-0.029190265523443684,0.0
2024-11-13,-0.0011505206646625192,0.0,0.011350586063110013,0.0,0.004371310178965916,0.0,0.007037086321979228,0.0,0.0018509400502062904,0.0
2024-11-14,-0.01868042516933099,0.0,-0.0020617167122598317,0.0,-0.009104693885970006,0.0,-0.013582236312246292,0.0,-0.01587219684993712,0.0
2024-11-15,0.0016367225146799807,0.0,-0.00473954462138928,0.0,-0.004074316524380483,0.0,0.0006050885140692634,0.0,0.0008978320041358007,0.0
2024-11-18,-0.029780529562767277,0.0,-0.02223040236424008,0.0,-0.019727378623663385,0.0,-0.028533216868213907,0.0,-0.027498061955339225,0.0
2024-11-19,0.024093809914889106,0.0,0.018394657907286005,0.0,0.02038098500608037,0.0,0.03102344550200809,0.0,0.03119867070782935,0.0
2024-11-20,-0.009066041615982276,0.0,-0.007541279633709742,0.0,-0.010282776465548336,0.0,-0.010989867597803404,0.0,-0.013521659050107026,0.0
2024-11-21,0.006126339920832093,0.0,0.0021109813939065754,0.0,0.009522669200456045,0.0,0.012828873384360603,0.0,0.013290104295210799,0.0
2024-11-22,0.007659166374684071,0.0,0.004957998628526283,0.0,0.0066710388841005,0.0,0.007762831222449192,0.0,0.007267236014630619,0.0
2024-11-25,0.00978842430037924,0.0,0.017112378706568388,0.0,0.006989505147765597,0.0,0.008510048950107896,0.0,0.010315573789680755,0.0
2024-11-26,-0.008937766353528597,-0.011437766353528597,-0.029309138371177323,-0.031809138371177326,-0.021449713884136294,-0.023949713884136293,-0.021917732067688878,-0.024417732067688876,-0.020760303677816675,-0.023260303677816674
2024-11-27,-0.026203125396372828,-0.0025,-0.01756241882679115,-0.0025,-0.01937172501535791,-0.0025,-0.021877754887474402,-0.0025,-0.02450910626250277,-0.0025
2024-11-28,-0.014165845183251915,0.0,-0.005741682023529383,0.0,-0.004686492466636106,0.0,-0.019832910524351523,0.0,-0.018774461726600498,0.0
2024-11-29,0.009776098011040658,0.0,0.014263021490298788,0.0,0.01226049261481217,0.0,0.009386809781154012,0.0,0.012974961793208352,0.0
2024-12-02,0.00043945950961897084,0.0,-0.0057055649878492215,0.0,-0.0035834620794296004,0.0,-0.002937620918023972,0.0,-0.0022558457819442275,0.0
2024-12-03,0.010898580214646441,0.0,0.008732800750556957,0.0,0.011147335793628997,0.0,0.013594465575207923,0.0,0.011484493925422034,0.0
2024-12-04,0.016971744915361773,0.014471744915361772,0.0278939704222013,0.0253939704222013,0.024472455370142317,0.021972455370142318,0.02599984641800619,0.02349984641800619,0.021323970840049902,0.018823970840049904
2024-12-05,0.004049434210110807,0.004049434210110807,0.011040589548042549,0.011040589548042549,0.0013192712244717757,0.0013192712244717757,-0.0015788027966420724,-0.0015788027966420724,0.0005616238751983475,0.0005616238751983475
2024-12-06,0.0009206854154801979,0.0009206854154801979,0.008856941176687005,0.008856941176687005,0.00108803404408182,0.00108803404408182,0.0027453635598162496,0.0027453635598162496,0.002952233845955909,0.002952233845955909
2024-12-09,-0.005757415388742288,-0.005757415388742288,-0.011666978651922389,-0.011666978651922389,-0.00021669891883553324,-0.00021669891883553324,-0.001083446207536051,-0.001083446207536051,-0.005058388018528985,-0.005058388018528985
2024-12-10,-0.00810035278417902,-0.00810035278417902,-0.0036364882074989566,-0.0036364882074989566,-0.004092074375276079,-0.004092074375276079,-0.009490917271238202,-0.009490917271238202,-0.008185527850590735,-0.008185527850590735
2024-12-11,-1.39224234559542e-05,-1.39224234559542e-05,0.009743586139441974,0.009743586139441974,-0.0029258809753798455,-0.0029258809753798455,-0.00535716594105576,-0.00535716594105576,-0.004237925399937997,-0.004237925399937997
2024-12-12,-0.0033321499353888484,-0.0033321499353888484,-0.007861713893374134,-0.007861713893374134,-0.00477714923383572,-0.00477714923383572,-0.0034038154810419976,-0.0034038154810419976,-0.0040498220610390885,-0.0040498220610390885
2024-12-13,-0.012097570188860604,-0.012097570188860604,-0.014728395392992222,-0.014728395392992222,-0.00856111510632962,-0.00856111510632962,-0.012183568419121701,-0.012183568419121701,-0.009616051935214243,-0.009616051935214243
2024-12-16,-0.021533466525480608,-0.021533466525480608,-0.025347900682517004,-0.025347900682517004,-0.024750333129925153,-0.024750333129925153,-0.022819646912920842,-0.022819646912920842,-0.021004093213021147,-0.021004093213021147
2024-12-17,0.01671888519862241,-0.0025000000000000005,0.005821817247353001,-0.0025,0.006906028163379975,-0.0025,0.013050439119400048,-0.0025,0.011188673395838624,-0.0025
2024-12-18,0.00032138791010679095,-0.0021786120898932087,-0.0009020260544457372,-0.0034020260544457372,-0.003490592319828945,-0.005990592319828945,-0.0033780122298562236,-0.005878012229856224,-0.0017501406327467114,-0.004250140632746711
2024-12-19,-0.0037566378762623003,-0.0037566378762623003,0.002978077560950765,0.002978077560950765,-0.0020989600940209082,-0.0020989600940209082,-0.0015043888252572377,-0.0015043888252572377,-0.0039875925170205165,-0.0039875925170205165
2024-12-20,-0.005338298113438675,-0.005338298113438675,-0.013330300687490814,-0.013330300687490814,-0.007476846386587521,-0.007476846386587521,-0.009752378548649654,-0.009752378548649654,-0.009555584645323795,-0.009555584645323795
2024-12-23,0.015292422750590546,-0.0024999999999999996,0.020285654144578634,-0.0025,0.01651324081777349,-0.0025,0.017903155210667706,-0.0025,0.016150768819051316,-0.0025
2024-12-24,-0.0008826197369168926,-0.003382619736916892,-0.008234062322039049,-0.010734062322039049,-0.002321038396500419,-0.004821038396500419,0.0012837264051938002,-0.0012162735948061999,0.0036621156732317755,0.0011621156732317755
2024-12-25,0.012492019444108082,0.012492019444108082,0.0189888559065335,0.0189888559065335,0.012571832638879388,0.012571832638879388,0.00975687826374052,0.00975687826374052,0.011691466977979154,0.011691466977979154
2024-12-26,-0.0026422539962611897,-0.0026422539962611897,-0.004401214116361142,-0.004401214116361142,-0.0003431025443427216,-0.0003431025443427216,0.0005901967707059234,0.0005901967707059234,0.00046902191934974924,0.00046902191934974924
2024-12-27,-0.006003812891789024,-0.006003812891789024,-0.0076640885885911995,-0.0076640885885911995,-0.002944640923016141,-0.002944640923016141,-0.0073960563403124464,-0.0073960563403124464,-0.006230847938711848,-0.006230847938711848
2024-12-30,-0.007528015851772403,-0.007528015851772403,-0.00488759004054089,-0.00488759004054089,0.003113412039897967,0.003113412039897967,0.00017829362350760096,0.00017829362350760096,-0.004820037661140457,-0.004820037661140457
2024-12-31,0.0037094181806192356,-0.0024999999999999996,-0.006838503053726509,-0.0025,0.004303238338873704,-0.0025,0.00728527828794734,-0.0025,0.007129481562671824,-0.0025
2025-01-02,-0.00563280452473307,-0.00813280452473307,0.001573934472579296,-0.0009260655274207041,0.0004909331022316496,-0.0015090668977683504,-0.0011700108832322087,-0.0033366775498988753,-0.006782965766744559,-0.008782965766744559
2025-01-03,-0.003566136777331664,-0.0024999999999999996,0.001640780965892442,-0.0025,-0.0033764635439893385,-0.0025,-0.0005975117254557605,-0.0025,-0.0025823187666805074,-0.0025000000000000005
2025-01-06,0.016353743211566504,0.0,0.006486864683483985,0.0,0.01198253092103807,0.0,0.019758547606543102,0.0,0.021089257080368826,0.0
2025-01-07,0.006504179326489557,0.0,-0.0050056684902780365,0.0,0.00047906989018277,0.0,0.002360149914449624,0.0,0.008748347591920218,0.0
2025-01-08,0.0002854672314085352,0.0,0.0034424350265996446,0.0,-0.004242387383012747,0.0,-0.006452489105551323,0.0,-0.0071424074070025375,0.0
2025-01-09,-0.0270219686591524,0.0,-0.023964315836197937,0.0,-0.02677988364966485,0.0,-0.03202430865777341,0.0,-0.032618026370976744,0.0
2025-01-10,-0.0002822211732842454,0.0,-0.006687357804664184,0.0,-0.0010937586595728519,0.0,0.006350657755013147,0.0,-0.00041913331849097635,0.0
2025-01-13,-0.03313212415021274,0.0,-0.036837835645567134,0.0,-0.0364633109408434,0.0,-0.03146328330544001,0.0,-0.03626205339605433,0.0
2025-01-14,0.025851113651285305,0.0,0.023089387031827613,0.0,0.020878148066169656,0.0,0.019103981914892827,0.0,0.021398426271592455,0.0
2025-01-15,-0.01182104416005255,0.0,-0.01611230274861939,0.0,-0.013656959579207595,0.0,-0.01287846496278268,0.0,-0.012130185917557237,0.0
2025-01-16,0.02414696584313679,0.0,0.025530770142737726,0.0,0.03387375260290178,0.0,0.031064764857435454,0.0,0.03241159246050581,0.0
2025-01-17,-0.009510103486665894,0.0,0.002559601674767276,0.0,-0.002906535146432598,0.0,-0.00741109366422262,0.0,-0.010847757784020213,0.0
2025-01-20,0.019782598267774343,0.0,0.029979923191948157,0.0,0.030531149342711415,0.0,0.024066119814519966,0.0,0.02180109393956295,0.0
2025-01-21,-0.0014339116423608429,-0.003933911642360843,-0.011548762885675102,-0.014048762885675102,0.0013753659540706063,-0.0011246340459293938,0.007545426672681736,0.005045426672681735,0.003319071322280247,0.0008190713222802465
2025-01-22,0.008311141681178672,0.008311141681178672,0.0046698229718575845,0.0046698229718575845,0.004658388477335962,0.004658388477335962,0.012071864521377963,0.012071864521377963,0.010807153266693487,0.010807153266693487
2025-02-03,-0.03747048477421506,-0.03747048477421506,-0.03310549526669371,-0.03310549526669371,-0.042251174520714405,-0.042251174520714405,-0.03713189245751669,-0.03713189245751669,-0.034709884479275185,-0.034709884479275185
2025-02-04,-0.010556154480761042,-0.0025,-0.005416582904076273,-0.0025,-0.003300630930962512,-0.0025,-0.011670693265791147,-0.0025,-0.011726487683945996,-0.0025000000000000005
2025-02-05,0.022625732879547385,0.020125732879547387,0.01442943576628033,0.01192943576628033,0.031727186107119026,0.029227186107119028,0.022599569513825385,0.020099569513825386,0.019978672389682078,0.01747867238968208
2025-02-06,0.009126460242299185,0.009126460242299185,0.0044552256168529205,0.0044552256168529205,0.0099420670152623,0.0099420670152623,0.009131960922267292,0.009131960922267292,0.01083263182226359,0.01083263182226359
2025-02-07,0.006641291952902882,0.006641291952902882,-0.00032955823651057434,-0.00032955823651057434,0.0105882595747555,0.0105882595747555,0.007066714014579728,0.007066714014579728,0.0069584618875913225,0.0069584618875913225
2025-02-10,-0.00931397768889314,-0.00931397768889314,0.005417653668908717,0.005417653668908717,-0.00338438861264665,-0.00338438861264665,-0.00969572669910585,-0.00969572669910585,-0.01192828993900124,-0.01192828993900124
2025-02-11,-2.84296497271002e-05,-2.84296497271002e-05,0.0038411907617330373,0.0038411907617330373,0.0002645068379790948,0.0002645068379790948,0.0008102562711016132,0.0008102562711016132,0.0024675084256039425,0.0024675084256039425
2025-02-12,-0.0009772873718665552,-0.0009772873718665552,0.00876059325255416,0.00876059325255416,0.003546638152591231,0.003546638152591231,0.003981646373728147,0.003981646373728147,0.0021038568930927207,0.0021038568930927207
2025-02-13,0.01056255800873589,0.01056255800873589,0.0042525203600438655,0.0042525203600438655,0.014150946092852192,0.014150946092852192,0.011573113547585582,0.011573113547585582,0.0167148015732315,0.0167148015732315
2025-02-14,-0.0015353283020861311,-0.0015353283020861311,-0.0025600771051891066,-0.0025600771051891066,-0.003073565408772505,-0.003073565408772505,-0.0063200033356886065,-0.0063200033356886065,-0.006325743566394676,-0.006325743566394676
2025-02-17,0.010919392613531937,0.010919392613531937,-0.0016218223813367016,-0.0016218223813367016,0.00345109689405182,0.00345109689405182,0.009070686989856861,0.009070686989856861,0.009759679335683651,0.009759679335683651
2025-02-18,0.012778121258575971,0.012778121258575971,0.0035063619957792728,0.0035063619957792728,0.007030684448508484,0.007030684448508484,0.0070246841039337685,0.0070246841039337685,0.00814117433657784,0.00814117433657784
2025-02-19,0.010823481354318073,0.010823481354318073,0.006711939917526456,0.006711939917526456,0.004498290085921675,0.004498290085921675,0.005390248076418006,0.005390248076418006,0.005409397607014444,0.005409397607014444
2025-02-20,0.0027173870840132425,0.0027173870840132425,-0.0035179432158903845,-0.0035179432158903845,0.0015123192690006718,0.0015123192690006718,0.0012384789249698515,0.0012384789249698515,-0.0003672149781364767,-0.0003672149781364767
2025-02-21,0.0020564810204389636,0.0020564810204389636,-0.00583464182256801,-0.00583464182256801,-0.003950013648219586,-0.003950013648219586,-0.0008792838059981398,-0.0008792838059981398,0.0012419860082579616,0.0012419860082579616
2025-02-24,-0.005167859601721867,-0.005167859601721867,-0.006795358874164137,-0.006795358874164137,-0.007862692715661378,-0.007862692715661378,-0.006222572798633948,-0.006222572798633948,-0.007519483233352853,-0.007519483233352853
2025-02-25,-0.011991088489496099,-0.011991088489496099,-0.012102793915833111,-0.012102793915833111,-0.015170379478667674,-0.015170379478667674,-0.012849590385010589,-0.012849590385010589,-0.014011026010026002,-0.014011026010026002
2025-02-26,0.002783495413722239,0.002783495413722239,-0.001808734945480284,-0.001808734945480284,-0.005563541990570187,-0.005563541990570187,-0.0010474027520638756,-0.0010474027520638756,-0.0028985610581741656,-0.0028985610581741656
2025-02-27,-0.006635631491075395,-0.0025,-0.00046632554210868093,-0.0025,-0.006213857246396571,-0.0025,-0.00421129415455567,-0.0025,-0.0018394746835781973,-0.0025000000000000005
2025-03-03,-0.023609299561938288,0.0,-0.02861711501099258,0.0,-0.027466648449263265,0.0,-0.032176326721962675,0.0,-0.027842981682615092,0.0
2025-03-04,0.01605657069534617,0.0,-0.0007692700468701743,0.0,0.007068923796532211,0.0,0.016256603385532496,0.0,0.016143176963317688,0.0
2025-03-05,0.0057062957012839165,0.0,0.01610245028314794,0.0,0.01154707275820177,0.0,0.0026417043798867565,0.0,0.0025213710505658403,0.0
2025-03-06,-0.008685204599602534,0.0,-0.00905500172891216,0.0,-0.009990261080718332,0.0,-0.010272216326560776,0.0,-0.009001495431198351,0.0
2025-03-07,-0.01006568874870924,0.0,-0.013494238437927075,0.0,-0.016361658525666345,0.0,-0.0187052218520331,0.0,-0.017766173774100426,0.0
2025-03-10,-0.008487296322777683,0.0,-0.016390944048127843,0.0,-0.0027550398934867433,0.0,-0.003725617661022188,0.0,-0.003479766179962246,0.0
2025-03-11,-0.015039173916157186,0.0,-0.018030657414222717,0.0,-0.007270317855708853,0.0,-0.010746873417684329,0.0,-0.011266537083004293,0.0
2025-03-12,0.005667696611261148,0.0,-0.0003562337729236865,0.0,-0.0024359999408077866,0.0,0.00414805757780868,0.0,0.0021391852419521467,0.0
2025-03-13,-0.011336309272109341,0.0,0.004184244479852173,0.0,-0.0037336631592882028,0.0,-0.007313606512491348,0.0,-0.010729902147101756,0.0
2025-03-14,0.0049143665051943645,0.0,0.002691044476653093,0.0,0.0007094913387680869,0.0,0.0024047691240935533,0.0,0.0015759457267658927,0.0
2025-03-17,-0.0017052925255484597,0.0,-0.0024806848501691017,0.0,-0.0038338518352137203,0.0,-0.005440462469579721,0.0,-0.007118830929155563,0.0
2025-03-18,0.005809673385451156,0.0,0.003740086263099207,0.0,0.005161950558486383,0.0,0.0066757560885959116,0.0,0.004885548326060967,0.0
2025-03-19,-0.007345213988296707,0.0,-0.012914350451960054,0.0,-0.006950169259364758,0.0,-0.011235743256489454,0.0,-0.012829999785751008,0.0
2025-03-20,0.017422780338612675,0.0,0.007748024046514157,0.0,0.005758289311693577,0.0,0.011326968071276273,0.0,0.01713368850815952,0.0
2025-03-21,-0.0012617513356200482,-0.003761751335620048,0.008045867708344324,0.005545867708344324,0.003785565270287117,0.0012855652702871171,0.0028235085316455316,0.00032350853164553155,0.0032819716653702258,0.0007819716653702257
2025-03-24,-0.0037432520552039238,-0.0025,-0.013542281070012917,-0.0025,-0.00628984793255225,-0.0025,-0.002306798938441235,-0.0025,-0.00023669856953469938,-0.0025
2025-03-25,-0.0009152683242751771,0.0,-0.00040322871202529424,0.0,-0.004606505443273923,0.0,0.0030291119061593838,0.0,0.0005130807366305898,0.0
2025-03-26,0.0039736416867956394,0.0,0.002092153558048593,0.0,0.003299436851641302,0.0,0.0025748667321087012,0.0,0.0018671991529314372,0.0
2025-03-27,-0.017446433093314107,0.0,-0.01773367940531674,0.0,-0.0192434228420745,0.0,-0.01910930347635989,0.0,-0.021886550222103028,0.0
2025-03-28,-0.031366893949529503,0.0,-0.01988091329768158,0.0,-0.022499343992847566,0.0,-0.027689688872718055,0.0,-0.03141949793122499,0.0
2025-03-31,-0.05404211327119435,0.0,-0.04837571291034737,0.0,-0.05267459532886293,0.0,-0.05648736742272846,0.0,-0.05441170418143736,0.0
2025-04-01,0.030900646283258257,0.0,0.03065386115428086,0.0,0.034072648041998055,0.0,0.02848098647409154,0.0,0.03348694474511758,0.0
2025-04-02,0.005015027059026922,0.0,0.0023859662129910313,0.0,0.003977203735389678,0.0,0.0027133756131220155,0.0,0.0026062292664797483,0.0
2025-04-07,-0.09901781955611275,0.0,-0.09929706158720109,0.0,-0.09920144698890752,0.0,-0.09928170874007027,0.0,-0.09927623653589326,0.0
2025-04-08,-0.08633366601057416,0.0,-0.06673400032593756,0.0,-0.07697417648070302,0.0,-0.08250607165650103,0.0,-0.08389028153187562,0.0
2025-04-09,-0.08898604976844769,0.0,-0.0804751789407256,0.0,-0.0851189045851467,0.0,-0.08121418266160566,0.0,-0.08250732481655777,0.0
2025-04-10,0.09659212498576725,0.0,0.09842741054913146,0.0,0.09832105332573826,0.0,0.09856807689378999,0.0,0.09762925797404491,0.0
2025-04-11,0.006909200744651156,0.0,0.014648452261468959,0.0,0.011891853829683285,0.0,0.010033917260681723,0.0,0.011345347883238977,0.0
2025-04-14,0.019214125458707137,0.0,0.025200419230432192,0.0,0.016924362619996358,0.0,0.01630104786539893,0.0,0.02144270228398339,0.0
2025-04-15,0.05437959244020562,0.0,0.046670742232507306,0.0,0.0508134620099336,0.0,0.0562020319735599,0.0,0.054534223421142156,0.0
2025-04-16,-0.01891878754315983,-0.02141878754315983,-0.018340805105638115,-0.020840805105638113,-0.020050019219484426,-0.022550019219484425,-0.01944359451101205,-0.02194359451101205,-0.025097040530562793,-0.02759704053056279
2025-04-17,0.0016657058698864228,-0.0025000000000000005,-0.0016730228937978263,-0.0025,0.0012676288212939428,-0.0025,-0.00031894310833326957,-0.0025000000000000005,0.0009335663490056656,-0.0025
2025-04-18,0.004795059477586607,0.0,0.013743606128150487,0.0,0.018127153561264465,0.0,0.015262045581979033,0.0,0.012856113349414644,0.0
2025-04-21,-0.03752127217504307,0.0,-0.02973517362646787,0.0,-0.03732910922579883,0.0,-0.03905214979497401,0.0,-0.03757610442131059,0.0
2025-04-22,-0.010212904569007886,0.0,0.0006139303368416509,0.0,-0.0010459929275439149,0.0,-0.009544760135718235,0.0,-0.010397059799627956,0.0
2025-04-23,0.04955118679246447,0.0,0.057158246740443536,0.0,0.04186750696416301,0.0,0.04979825271198409,0.0,0.050249667814948384,0.0
2025-04-24,0.004335480798640794,0.0019124038755638714,-0.005199620386478809,-0.00769962038647881,-0.002245289971118658,-0.0047452899711186575,0.0034869901959095964,0.000986990195909596,0.005178746421081771,0.0026787464210817707
2025-04-25,0.02415373062333124,0.02415373062333124,0.026445284891515188,0.026445284891515188,0.02988347361719717,0.02988347361719717,0.02443163913613815,0.02443163913613815,0.024440291776438618,0.024440291776438618
2025-04-28,0.013919117764862909,0.013919117764862909,0.002197732021803688,0.002197732021803688,0.0038411112116030427,0.0038411112116030427,0.015307858743649011,0.015307858743649011,0.016019662962058624,0.016019662962058624
2025-04-29,0.020644481511222765,0.020644481511222765,0.035441727413392736,0.035441727413392736,0.023465616541425163,0.023465616541425163,0.019397134918636726,0.019397134918636726,0.019294882478268473,0.019294882478268473
2025-04-30,-0.010769369037232772,-0.010769369037232772,-0.010038663731230524,-0.010038663731230524,-0.009290559494933116,-0.009290559494933116,-0.013567029950348784,-0.013567029950348784,-0.01343490083337634,-0.01343490083337634
2025-05-02,0.020262494526522394,0.020262494526522394,0.021104868893969852,0.021104868893969852,0.025699964009425102,0.025699964009425102,0.019710193252074605,0.019710193252074605,0.020955303901925747,0.020955303901925747
2025-05-05,-0.03816519897303787,-0.03816519897303787,-0.042802405146183053,-0.042802405146183053,-0.03502366387555329,-0.03502366387555329,-0.032991801820630946,-0.032991801820630946,-0.035049002607184056,-0.035049002607184056
2025-05-06,0.01276032075403578,0.01276032075403578,0.0070473235122228365,0.0070473235122228365,0.013334490598842608,0.013334490598842608,0.010712187144572189,0.010712187144572189,0.01226832384822052,0.01226832384822052
2025-05-07,-0.006535598938979611,-0.006535598938979611,-0.004014281703611088,-0.004014281703611088,-0.0006210800001334219,-0.0006210800001334219,-0.0023844766183779365,-0.0023844766183779365,-0.0014628605146401077,-0.0014628605146401077
2025-05-08,0.020800789307069287,0.020800789307069287,0.03540908667466134,0.03540908667466134,0.019698783669211593,0.019698783669211593,0.02362973451785039,0.02362973451785039,0.020914810759183194,0.020914810759183194
2025-05-09,0.010226412922711625,0.010226412922711625,0.02213637235199988,0.02213637235199988,0.02053843436045818,0.02053843436045818,0.014467232466050972,0.014467232466050972,0.01184240984068562,0.01184240984068562
2025-05-12,0.018332631113115026,0.018332631113115026,0.003934554217895991,0.003934554217895991,0.005199606807939684,0.005199606807939684,0.008668081522848585,0.008668081522848585,0.011615686629872495,0.011615686629872495
2025-05-13,0.003427043559848351,0.003427043559848351,0.0015894938246673314,0.0015894938246673314,0.011365542037381627,0.011365542037381627,0.009545642410530672,0.009545642410530672,0.008249173062430415,0.008249173062430415
2025-05-14,0.022911563826136724,0.022911563826136724,0.0293512676019132,0.0293512676019132,0.015734341816821772,0.015734341816821772,0.023779856542858684,0.023779856542858684,0.02417794773344097,0.02417794773344097
2025-05-15,0.00016835037480306255,0.00016835037480306255,0.007443818252101254,0.007443818252101254,-0.001881218754132362,-0.001881218754132362,-0.007147071441750165,-0.007147071441750165,-0.005536954423753155,-0.005536954423753155
2025-05-16,0.005737902434404966,0.005737902434404966,0.0195330148233686,0.0195330148233686,0.01652502812991852,0.01652502812991852,0.011864483755191654,0.011864483755191654,0.008818378756012907,0.008818378756012907
2025-05-19,-0.019620621041924968,-0.019620621041924968,-0.031770464865695396,-0.031770464865695396,-0.02705241596492356,-0.02705241596492356,-0.026450307548284493,-0.026450307548284493,-0.02736014437207525,-0.02736014437207525
2025-05-20,0.003392338561094452,0.003392338561094452,-0.003068776894194114,-0.003068776894194114,0.006650030619674952,0.006650030619674952,0.0029567911169974996,0.0029567911169974996,0.0029336848089331568,0.0029336848089331568
2025-05-21,0.008785581934342642,0.008785581934342642,-0.000731738491712419,-0.000731738491712419,0.006669513546832663,0.006669513546832663,0.011776156313185702,0.011776156313185702,0.012097360024314325,0.012097360024314325
2025-05-22,-0.001227092530234237,-0.001227092530234237,-0.0015333711714227373,-0.0015333711714227373,-0.0010973324221296597,-0.0010973324221296597,-0.0008336131593295868,-0.0008336131593295868,-0.0019143208739949124,-0.0019143208739949124
2025-05-23,0.004800855779417322,0.004800855779417322,0.002014681037062549,0.002014681037062549,0.001379382783990679,0.001379382783990679,0.0011500780104579445,0.0011500780104579445,0.0026472645991158007,0.0026472645991158007
2025-05-26,0.005253907890841602,0.005253907890841602,0.0029203229954237967,0.0029203229954237967,0.006339955234882389,0.006339955234882389,0.003477818481601876,0.003477818481601876,0.0063966276860604465,0.0063966276860604465
2025-05-27,-0.0023862057412597365,-0.0024999999999999996,-0.004978453862433851,-0.0025,-0.0015590929086721657,-0.0025,-0.004045578751104857,-0.0025,-0.004545820577176767,-0.0025
2025-05-28,-0.009159403363113352,0.0,-0.005749525850438197,0.0,-0.006395029727798896,0.0,-0.006909685627559314,0.0,-0.00647415884374829,0.0
2025-05-29,0.0038687464005423096,0.0,0.010440417821202485,0.0,0.005744894612805063,0.0,0.008128061125256346,0.0,0.010965699055484631,0.0
2025-06-02,-0.020787319816925293,0.0,-0.0035642780111538874,0.0,-0.009540756978468557,0.0,-0.017035331633949637,0.0,-0.016590604992942914,0.0
2025-06-03,0.007220877132981293,0.0,0.0008388748475894879,0.0,-0.000510710766764789,0.0,0.0019718672020144247,0.0,0.0021325362627934103,0.0
2025-06-04,0.01966627190742785,0.0,0.016569253912370074,0.0,0.013659364612655201,0.0,0.014517818088914324,0.0,0.013377525502515985,0.0
2025-06-05,0.00789985010189165,0.005399850101891649,0.028753521259674432,0.026253521259674433,0.015199681721429416,0.012699681721429415,0.011988640099658193,0.009488640099658193,0.009865206619998852,0.007365206619998852
2025-06-06,-0.0016320207947067677,-0.0016320207947067677,0.009731613141631136,0.009731613141631136,-0.0007789794410383746,-0.0007789794410383746,-0.00241211288010501,-0.00241211288010501,-0.0022395637958755325,-0.0022395637958755325
2025-06-09,0.007362689242003854,0.007362689242003854,0.02492469656904861,0.02492469656904861,0.005053976177808871,0.005053976177808871,0.011367428034812863,0.011367428034812863,0.009950542035957582,0.009950542035957582
2025-06-10,0.017383715701159718,0.017383715701159718,0.0035662992432791145,0.0035662992432791145,0.01373774517660741,0.01373774517660741,0.014183768155502086,0.014183768155502086,0.010673189132642168,0.010673189132642168
2025-06-11,0.0065024833981070975,0.0065024833981070975,-0.017452522569743657,-0.017452522569743657,-0.009154816284027624,-0.009154816284027624,-0.0011113983087561435,-0.0011113983087561435,-0.0009187613479739124,-0.0009187613479739124
2025-06-12,0.004010137455985319,0.004010137455985319,0.00018515514279340319,0.00018515514279340319,0.0004178098370651415,0.0004178098370651415,-0.0013053968118401276,-0.0013053968118401276,-0.0007886068524748871,-0.0007886068524748871
2025-06-13,-0.019788945735272383,-0.019788945735272383,-0.00949401437206674,-0.00949401437206674,-0.01715839589343291,-0.01715839589343291,-0.020991152891157657,-0.020991152891157657,-0.02082420892311723,-0.02082420892311723
2025-06-16,0.002167634741044169,-0.0024999999999999996,-0.0004940445686434144,-0.0025,0.0025840521332829653,-0.0025,0.0035118158096957724,-0.0025,0.003744279288007751,-0.0025
2025-06-17,0.011419393696287646,0.008919393696287647,0.011342165650343983,0.008842165650343983,0.010606960621965124,0.008106960621965123,0.011742919260486696,0.009242919260486695,0.009849759088741118,0.007349759088741118
2025-06-18,0.0010815054481558104,0.0010815054481558104,3.354036914884331e-05,3.354036914884331e-05,-0.000255709919039926,-0.000255709919039926,0.0033634129653167177,0.0033634129653167177,0.00458759187178392,0.00458759187178392
2025-06-19,-0.012075496023860674,-0.012075496023860674,-0.016938524957863986,-0.016938524957863986,-0.021636483994216117,-0.021636483994216117,-0.01963669374698122,-0.01963669374698122,-0.016617480564755448,-0.016617480564755448
2025-06-20,-0.00867019833056415,-0.00867019833056415,-0.0020897019380861533,-0.0020897019380861533,-0.009053595741434162,-0.009053595741434162,-0.011172778876101824,-0.011172778876101824,-0.01434366222751102,-0.01434366222751102
2025-06-23,0.010304280835804982,-0.0024999999999999996,0.018453222943146087,-0.0025,0.013979895704484381,-0.0025,0.01163059207782453,-0.0025,0.011438916573441272,-0.0025
2025-06-24,0.025596221896167788,0.0,0.015292625420218454,0.0,0.014983824941485814,0.0,0.02920442694227558,0.0,0.0225581156776823,0.0
2025-06-25,0.011504794586012675,0.00907832399777738,0.006668802613082293,0.0041688026130822925,0.0020501078227567198,-0.0004498921772432803,0.0011467389628668262,-0.0013532610371331738,0.002864097174392389,0.00036409717439238884
2025-06-26,0.001137022191774709,0.001137022191774709,-0.004265984155494774,-0.004265984155494774,-0.0010841419934632173,-0.0010841419934632173,-0.008113316935345583,-0.008113316935345583,-0.005332715504927039,-0.005332715504927039
2025-06-27,-0.0010254809309947577,-0.0010254809309947577,0.020063654195865824,0.020063654195865824,0.007774861217097985,0.007774861217097985,0.0073024662963437825,0.0073024662963437825,0.006442586002212497,0.006442586002212497
2025-06-30,-0.003899228217529684,-0.003899228217529684,0.011265122867336922,0.011265122867336922,-0.0025341996722749276,-0.0025341996722749276,0.0014444367192569581,0.0014444367192569581,0.0003697469076771105,0.0003697469076771105
2025-07-01,0.0019031167387499426,0.0019031167387499426,0.01817204500186751,0.01817204500186751,0.0069188404447356865,0.0069188404447356865,0.004666045076450987,0.004666045076450987,0.004256125387329169,0.004256125387329169
2025-07-02,0.006169592972228099,0.006169592972228099,0.002225390658116778,0.002225390658116778,0.010824161907750408,0.010824161907750408,0.00861034132443826,0.00861034132443826,0.005564999992972691,0.005564999992972691
2025-07-03,0.009028603106823284,0.009028603106823284,0.005901547216975601,0.005901547216975601,0.015270066578247667,0.015270066578247667,0.013980016811008533,0.013980016811008533,0.012594812264007793,0.012594812264007793
2025-07-04,-0.013332597923929705,-0.013332597923929705,0.0001514322872264713,0.0001514322872264713,-0.014479874920764768,-0.014479874920764768,-0.011241478245157279,-0.011241478245157279,-0.012863093147037626,-0.012863093147037626
2025-07-07,-0.014534763123354558,-0.0025000000000000005,-0.006556708680872769,-0.0025,-0.019031978725025357,-0.0025,-0.0177099847007957,-0.0025,-0.013767072006631072,-0.0025
2025-07-08,-0.006145053754215503,0.0,0.00023568734923842187,0.0,-0.0017354290476109925,0.0,-0.009660493813525982,0.0,-0.010362415235872693,0.0
2025-07-09,0.013052950722823396,0.0,0.011198682997555887,0.0,0.016609693862875186,0.0,0.01994645231555463,0.0,0.015403887972828358,0.0
2025-07-10,0.0012771855806095814,0.0,-0.0007585634644833087,0.0,0.0002258776673313644,0.0,0.001946292030507868,0.0,-0.000811992348500096,0.0
2025-07-11,0.010836772131969746,0.0,0.02223671373557035,0.0,0.027920210021390918,0.0,0.019824564739543547,0.0,0.0178769706366393,0.0
2025-07-14,-0.011560550440132978,-0.013987021028368272,0.012513109009491962,0.010013109009491962,-0.00523421915359621,-0.007734219153596211,-0.009807151673798264,-0.012307151673798264,-0.009694327835246692,-0.012194327835246693
2025-07-15,0.010188332715191326,-0.0025000000000000005,0.008230623721030849,-0.0025,0.0062981516768319205,-0.0025,0.008259861278647262,-0.0025,0.00708282817442244,-0.0025
2025-07-16,0.00575559430624681,0.0,-0.00276436163697027,0.0,0.004045168565968181,0.0,0.003135072019285371,0.0,0.0042269601966943675,0.0
2025-07-17,0.014217361970811995,0.011717361970811996,0.014775887099044272,0.012275887099044272,0.023093229978331624,0.020593229978331625,0.01562838262519805,0.013128382625198049,0.016339421259141052,0.013839421259141052
2025-07-18,-0.0004798343926274216,-0.0004798343926274216,0.002819962022777079,0.002819962022777079,0.007138857046905688,0.007138857046905688,0.004780675814553763,0.004780675814553763,0.0035664786280092857,0.0035664786280092857
2025-07-21,-0.002155536718986519,-0.002155536718986519,0.0031987554503704056,0.0031987554503704056,0.006195785169531409,0.006195785169531409,-0.0011711548921297696,-0.0011711548921297696,-0.00016177154822911153,-0.00016177154822911153
2025-07-22,-0.025883462331732384,-0.025883462331732384,-0.02115436597214051,-0.02115436597214051,-0.02506314813900731,-0.02506314813900731,-0.02668437422108627,-0.02668437422108627,-0.025171794183796104,-0.025171794183796104
2025-07-23,0.015415817103494241,-0.0024999999999999996,0.017546814663363587,-0.0025,0.023993525121297044,-0.0025,0.020439787528138426,-0.0025,0.019112053545417215,-0.0025
2025-07-24,0.007989551466055685,0.005489551466055685,0.0016127469610480731,-0.0008872530389519269,0.010967710277113565,0.008467710277113565,0.009671997399601754,0.007171997399601754,0.00906584549199152,0.006565845491991519
2025-07-25,-0.00040218689609234254,-0.00040218689609234254,-8.564662451189227e-05,-8.564662451189227e-05,0.004388987348110862,0.004388987348110862,0.009602972624842348,0.009602972624842348,0.007409420421014012,0.007409420421014012
2025-07-28,0.010990159944996948,-0.0024999999999999996,0.004333131582549844,-0.0025,0.0001000131790231504,-0.0025,0.0002478596517390052,-0.0025,0.0005463514806580644,-0.0025
2025-07-29,-0.013865077912118051,0.0,-0.011620951891812736,0.0,-0.014619761858496684,0.0,-0.012463405449924378,0.0,-0.012975900663808588,0.0
2025-07-30,0.0023156553385853262,0.0,-0.0035967223383180256,0.0,-0.0017480102225238764,0.0,-0.002402927422591805,0.0,-0.0005360521321492619,0.0
2025-07-31,0.006041341184291501,0.0,0.00568762026172478,0.0,0.008188850906135348,0.0,0.009322523249506429,0.0,0.005311929996557102,0.0
2025-08-01,0.015005614587356785,0.0,0.002170574341085075,0.0,0.0045630404827959,0.0,0.007126344136422672,0.0,0.006455042648307291,0.0
2025-08-04,0.003908411250859467,0.0014819406626241727,0.00794705938943443,0.00544705938943443,0.022194318304789608,0.01969431830478961,0.011017782601708825,0.008517782601708825,0.006883276723500542,0.004383276723500543
2025-08-05,0.009407054688199853,0.009407054688199853,0.01886545035507734,0.01886545035507734,0.024281641866955465,0.024281641866955465,0.026097706401399565,0.026097706401399565,0.022860203851770983,0.022860203851770983
2025-08-06,0.0005822586834333889,0.0005822586834333889,0.021026877768594687,0.021026877768594687,0.0002489435607156334,0.0002489435607156334,0.010052978621819692,0.010052978621819692,0.00996973592417591,0.00996973592417591
2025-08-07,0.02213910810396028,0.02213910810396028,0.03857822854188893,0.03857822854188893,0.02380026083437055,0.02380026083437055,0.022856438258449924,0.022856438258449924,0.020351274497726987,0.020351274497726987
2025-08-08,0.0015578979342905988,0.0015578979342905988,0.02573465024768189,0.02573465024768189,0.011906274814694643,0.011906274814694643,0.01230167553235655,0.01230167553235655,0.010111374843433848,0.010111374843433848
2025-08-11,0.00041143261642667076,0.00041143261642667076,-0.0034252548719287713,-0.0034252548719287713,-0.008039356148495526,-0.008039356148495526,-0.003088117776073881,-0.003088117776073881,-0.0038323567993662102,-0.0038323567993662102
2025-08-12,0.007161517322421654,-0.0024999999999999996,-0.015656845957905043,-0.0025,-0.0019876711934384787,-0.0025,-0.002115553823285905,-0.0025,-0.003072704567691293,-0.0025
2025-08-13,0.0053418302972427015,0.002841830297242702,-0.016927865362199788,-0.019427865362199787,0.004907864366529659,0.0024078643665296586,0.009444884395920512,0.006944884395920512,0.0118886387212638,0.0093886387212638
2025-08-14,0.01488425061161229,0.01488425061161229,0.018206221686996347,0.018206221686996347,0.024650202460121055,0.024650202460121055,0.026287442501453706,0.026287442501453706,0.029914637591084873,0.029914637591084873
2025-08-15,0.008058195318444178,0.008058195318444178,0.012071147578354058,0.012071147578354058,0.005051683079368129,0.005051683079368129,0.005405439955951456,0.005405439955951456,0.007158709597046568,0.007158709597046568
2025-08-18,0.020211257425858387,0.020211257425858387,0.00731631491285758,0.00731631491285758,0.01625508088506793,0.01625508088506793,0.01659647689018692,0.01659647689018692,0.014814004215023137,0.014814004215023137
2025-08-19,0.00676249338403731,0.00676249338403731,0.013507215550794392,0.013507215550794392,0.022042745644886817,0.022042745644886817,0.008851466183162453,0.008851466183162453,0.0042662073992985276,0.0042662073992985276
2025-08-20,-0.030324187957519524,-0.0024999999999999996,-0.032350663720764984,-0.0025,-0.03532940575788078,-0.0025,-0.03344850667958778,-0.0025,-0.03436085459560671,-0.0025
2025-08-21,0.012552988826788522,0.0,0.032068112958088424,0.0,0.01706261608146411,0.0,0.021094653337524326,0.0,0.01884706891679554,0.0
2025-08-22,-0.005199008754644912,0.0,0.013524313535090805,0.0,0.006753994682134945,0.0,0.005166877711644413,0.0,0.001404286789936132,0.0
2025-08-25,0.028385120105321734,0.0,0.03667257485418807,0.0,0.04812149515888264,0.0,0.03612952453272045,0.0,0.03204949968980575,0.0
2025-08-26,0.023378221015953347,0.020951750427718054,0.0010012155244704557,-0.0014987844755295443,0.02810498149004367,0.02560498149004367,0.02423558373388359,0.021735583733883592,0.022786587575189778,0.02028658757518978
2025-08-27,0.019428179060124656,0.019428179060124656,0.0013725436002406388,0.0013725436002406388,0.022104207163205304,0.022104207163205304,0.021449939845250822,0.021449939845250822,0.025123823376131622,0.025123823376131622
2025-08-28,0.011204304401470803,0.011204304401470803,0.003666577714118913,0.003666577714118913,0.009095651405435124,0.009095651405435124,0.010043304027219958,0.010043304027219958,0.008925018057264785,0.008925018057264785
2025-08-29,0.019505309962451894,0.019505309962451894,0.018060023808221203,0.018060023808221203,0.01881094682189485,0.01881094682189485,0.026348169568224035,0.026348169568224035,0.02952040822942749,0.02952040822942749
2025-09-01,-0.016033359297250617,-0.016033359297250617,-0.0391869052861964,-0.0391869052861964,-0.02911932328627801,-0.02911932328627801,-0.0270945210131425,-0.0270945210131425,-0.017335727987321168,-0.017335727987321168
2025-09-02,-0.00516215156386797,-0.00516215156386797,-0.009623748293896894,-0.009623748293896894,-0.0022270198253136696,-0.0022270198253136696,-0.007739281637923715,-0.007739281637923715,-0.005712455725621124,-0.005712455725621124
2025-09-03,0.004656671145910188,0.004656671145910188,0.008413058229763393,0.008413058229763393,0.012293918579157424,0.012293918579157424,0.007622207378027849,0.007622207378027849,0.007748792294626295,0.007748792294626295
2025-09-04,-0.00510652796488872,-0.00510652796488872,-0.02095462969303763,-0.02095462969303763,-0.017829799630089637,-0.017829799630089637,-0.016920545358323266,-0.016920545358323266,-0.016663372462114776,-0.016663372462114776
2025-09-05,0.022551488748559483,0.022551488748559483,0.021144609729037117,0.021144609729037117,0.016814270952229572,0.016814270952229572,0.017607123945574385,0.017607123945574385,0.02282873569243368,0.02282873569243368
2025-09-08,0.012530830559253274,0.012530830559253274,0.000547034230477683,0.000547034230477683,0.0007560136588971051,0.0007560136588971051,0.004275400875495465,0.004275400875495465,0.00760909303650701,0.00760909303650701
2025-09-09,-2.2391166640088633e-05,-2.2391166640088633e-05,0.007626211903562098,0.007626211903562098,-0.0021829491570947153,-0.0021829491570947153,-0.0007036614206714274,-0.0007036614206714274,0.0006370444097838766,0.0006370444097838766
2025-09-10,0.009717122733944013,0.009717122733944013,0.004351907816223699,0.004351907816223699,0.0011873176963644876,0.0011873176963644876,0.007962728854541945,0.007962728854541945,0.007900646041994086,0.007900646041994086
2025-09-11,-0.02302472439079011,-0.02302472439079011,-0.009160494274541041,-0.009160494274541041,-0.009235304490515416,-0.009235304490515416,-0.012902084896925261,-0.012902084896925261,-0.014932954925169918,-0.014932954925169918
2025-09-12,-0.003924140950987462,-0.0024999999999999996,0.0004811546907048207,-0.0025,0.005037028876732353,-0.0025000000000000005,0.007476611628833692,-0.0025000000000000005,0.0014105977587591965,-0.0025
2025-09-15,-0.014121810197918453,-0.016621810197918453,-0.03120426874054423,-0.03370426874054423,-0.018094573745985873,-0.020594573745985875,-0.023921108562518775,-0.026421108562518773,-0.020901869388938645,-0.023401869388938644
2025-09-16,0.006751229781089118,0.006751229781089118,0.007151089042945681,0.007151089042945681,0.011656766729850988,0.011656766729850988,0.008159036305145879,0.008159036305145879,0.009954788862746856,0.009954788862746856
2025-09-17,-0.010187874366603072,-0.010187874366603072,-0.015691322129297403,-0.015691322129297403,-0.002081546347917463,-0.002081546347917463,-0.0068563356871114145,-0.0068563356871114145,-0.0036754939096706137,-0.0036754939096706137
2025-09-18,0.015784392993012344,0.015784392993012344,0.02187294943001781,0.02187294943001781,0.02159012565179862,0.02159012565179862,0.0095234664512186,0.0095234664512186,0.013074983277750602,0.013074983277750602
2025-09-19,0.0008988212358397769,0.0008988212358397769,0.002499585895095469,0.002499585895095469,-0.0001977566856624978,-0.0001977566856624978,0.0006318938683928481,0.0006318938683928481,-0.0027558734431544166,-0.0027558734431544166
2025-09-22,0.012904917328417908,0.012904917328417908,0.0034749775171126983,0.0034749775171126983,0.009103589609824039,0.009103589609824039,0.00913927417562328,0.00913927417562328,0.015861825992532868,0.015861825992532868
2025-09-23,-0.001246914773038118,-0.001246914773038118,0.013729508955815928,0.013729508955815928,0.002555572889124324,0.002555572889124324,-0.0031206875380266497,-0.0031206875380266497,-0.00225750410674025,-0.00225750410674025
2025-09-24,0.0012639910411318149,0.0012639910411318149,0.0038971379948898642,0.0038971379948898642,0.0021618932866203193,0.0021618932866203193,0.001985716987206539,0.001985716987206539,0.0012001112146911293,0.0012001112146911293
2025-09-25,-0.0020837556339604133,-0.0024999999999999996,-0.013054679014533055,-0.0025,-0.007293550057549881,-0.0025000000000000005,-0.008856033481139095,-0.0025000000000000005,-0.009301162248909929,-0.0025
2025-09-26,-0.02534872971941936,0.0,-0.026519834489972548,0.0,-0.023375393623182295,0.0,-0.026831777331237545,0.0,-0.024377178144446156,0.0
2025-09-30,0.022277314074482996,0.0,0.007512817428638741,0.0,0.023768538376565496,0.0,0.02405200072655675,0.0,0.025907991050583536,0.0
2025-10-01,-0.0016794151451292017,0.0,-0.007929471191040906,0.0,-0.007217671197998564,0.0,-0.011348584827546073,0.0,-0.00817243030800976,0.0
2025-10-02,0.00025309563492265444,0.0,-0.0027368867247733017,0.0,-0.010345179105054458,0.0,-0.01185158553158822,0.0,-0.0065754112081001966,0.0
2025-10-03,0.0017261334119970395,0.0,-0.0064892145158587985,0.0,-0.005120026376565835,0.0,-0.005063226061683842,0.0,-0.0069195001104819754,0.0
2025-10-07,0.0019019457871232801,-0.0005980542128767195,0.0039012801656869824,0.0014012801656869823,-0.0036871717942206232,-0.006187171794220623,-0.00453605505124434,-0.00703605505124434,-0.0001699297711090787,-0.002669929771109079
2025-10-08,-0.004245203066350696,-0.004245203066350696,-0.004193068981915849,-0.004193068981915849,-0.007805446404093874,-0.007805446404093874,-0.007380275587729586,-0.007380275587729586,-0.005645073023864449,-0.005645073023864449
2025-10-09,-0.005736536979962778,-0.005736536979962778,-0.009063746710805542,-0.009063746710805542,-0.008837476636772524,-0.008837476636772524,-0.010696314033952756,-0.010696314033952756,-0.007771098120396037,-0.007771098120396037
2025-10-13,-0.010548739843764669,-0.010548739843764669,-0.02813851858732575,-0.02813851858732575,-0.008005927276309588,-0.008005927276309588,-0.010958501417350507,-0.010958501417350507,-0.0037182953894442884,-0.0037182953894442884
2025-10-14,-0.021952942467486445,-0.0024999999999999996,-0.013918746745121325,-0.0025,-0.021351144963987857,-0.0025000000000000005,-0.02025243385683618,-0.0025,-0.021997291864940854,-0.0025000000000000005
2025-10-15,0.021581567164983127,0.0,0.014804347867325653,0.0,0.012009600833481038,0.0,0.020125634181435325,0.0,0.023602806487177965,0.0
2025-10-16,0.012747354560970715,0.0,0.009493724378424329,0.0,0.009737929855628102,0.0,0.010033649290166983,0.0,0.010793020955253996,0.0
2025-10-17,-0.014325906401525057,-0.016825906401525058,-0.011204240193479788,-0.013704240193479789,-0.014324911702495769,-0.016824911702495768,-0.019519545352057112,-0.02201954535205711,-0.01990295510281264,-0.022402955102812643
2025-10-20,0.0008061789483206377,0.0008061789483206377,0.002626988514682527,0.002626988514682527,0.0024965153870801,0.0024965153870801,-0.00020056627140225793,-0.00020056627140225793,-0.0009894560647105922,-0.0009894560647105922
2025-10-21,0.006044606322211002,0.006044606322211002,0.004530789102377853,0.004530789102377853,0.0029537223654777294,0.0029537223654777294,0.0018949451805667132,0.0018949451805667132,0.008453253787753563,0.008453253787753563
2025-10-22,-0.0062900486371585875,-0.0062900486371585875,-0.005516472430521224,-0.005516472430521224,-0.006984251420956168,-0.006984251420956168,-0.005470196730670218,-0.005470196730670218,-0.005838427497511352,-0.005838427497511352
2025-10-23,-0.008586880120276617,-0.008586880120276617,-0.005645359735743939,-0.005645359735743939,-0.0076502717679370336,-0.0076502717679370336,-0.01007684452054499,-0.01007684452054499,-0.010043293496105768,-0.010043293496105768
2025-10-27,0.01111258732601991,0.01111258732601991,0.00917322982074269,0.00917322982074269,0.006865097838841016,0.006865097838841016,0.0047517969713074685,0.0047517969713074685,0.00372692885926098,0.00372692885926098
2025-10-28,-0.0038854120081566463,-0.0038854120081566463,-0.0020712626284123074,-0.0020712626284123074,-0.009086827296548505,-0.009086827296548505,-0.009579143319697135,-0.009579143319697135,-0.009243968088567246,-0.009243968088567246
2025-10-29,0.0051155718526142546,0.0051155718526142546,0.0010800625711035574,0.0010800625711035574,0.0010346539349426645,0.0010346539349426645,0.004960990152259318,0.004960990152259318,0.01070959971803761,0.01070959971803761
2025-10-30,-0.010318686546464475,-0.010318686546464475,-0.008993970393022188,-0.008993970393022188,-0.012074776015503998,-0.012074776015503998,-0.014783798089064774,-0.014783798089064774,-0.011239944861916009,-0.011239944861916009
2025-10-31,0.010623639449805712,-0.0024999999999999996,0.007451899816443631,-0.0025,0.0081410697290345,-0.0025000000000000005,0.009791135552979405,-0.0025,0.01315139239360008,-0.0025000000000000005
2025-11-03,0.0026528285284154636,0.0,0.016577563822722706,0.0,0.00764641097321307,0.0,0.0072845805470860584,0.0,0.007791850074854084,0.0
2025-11-04,-0.021562881623453645,0.0,-0.020684396510509597,0.0,-0.021577294500644377,0.0,-0.020401676828661994,0.0,-0.019094947332305854,0.0
2025-11-05,-0.005088779880752726,0.0,-0.009570638762067474,0.0,-0.005436416103616658,0.0,-0.005270215276568228,0.0,-0.007559535903017599,0.0
2025-11-06,0.006422176665614542,0.0,-0.006904946732073158,0.0,0.014030616272338549,0.0,0.01232804166286063,0.0,0.011692896533870963,0.0
2025-11-07,-0.011340135483802378,-0.013768706912373807,0.000895772897481661,-0.001604227102518339,-0.0016437105052177997,-0.0041437105052178,-0.004799292314688431,-0.0072992923146884305,-0.0074254505328976116,-0.009925450532897612
2025-11-10,-0.009398503621719229,-0.0024999999999999996,0.0027061638486541185,-0.0025,0.011888106805102093,-0.0025000000000000005,0.008211250916300513,-0.0025,0.0013842162504949737,-0.0025000000000000005
2025-11-11,-0.0035935883390059487,-0.006022159767577377,-0.00042927882303966935,-0.0029292788230396694,-0.0014435728016358076,-0.003943572801635808,-0.001493496903302597,-0.003993496903302597,-0.003414921243461951,-0.005914921243461952
2025-11-12,0.004295431516941257,0.004295431516941257,0.010788585647529913,0.010788585647529913,0.006109850891662105,0.006109850891662105,0.004716759299616043,0.004716759299616043,0.0006961963177520187,0.0006961963177520187
2025-11-13,0.004779416560731726,0.004779416560731726,-0.019313914152831436,-0.019313914152831436,-0.0014187807107395424,-0.0014187807107395424,0.0015860865491837525,0.0015860865491837525,-0.00011325227649912104,-0.00011325227649912104
2025-11-14,-0.016229923758434267,-0.016229923758434267,-0.0018973538990820333,-0.0018973538990820333,-0.008212606558300773,-0.008212606558300773,-0.014549228670083547,-0.014549228670083547,-0.014454241397255874,-0.014454241397255874
2025-11-17,-0.010717736402800914,-0.0024999999999999996,-0.021471168537553886,-0.0025,-0.012533071565934507,-0.0025000000000000005,-0.013706124168872996,-0.0025,-0.012066385451311685,-0.0025000000000000005
2025-11-18,-0.029056014110486472,0.0,-0.02349341004909871,0.0,-0.02607736975206462,0.0,-0.0267583796554887,0.0,-0.026947946469291342,0.0
2025-11-19,-0.007708387147434117,0.0,-0.008750162632085145,0.0,-0.006041388004172155,0.0,-0.004994270993194005,0.0,-0.0063006560925844505,0.0
2025-11-20,0.0275402524723949,0.0,0.03007968573540496,0.0,0.02884123805268193,0.0,0.029287969234624397,0.0,0.037072116734335935,0.0
2025-11-21,-0.032353076902998344,0.0,-0.020904530214582273,0.0,-0.03438278906788588,0.0,-0.03185565830824735,0.0,-0.033711112075449655,0.0
2025-11-24,0.017016291117858073,0.0,0.021131649221391456,0.0,0.022080355052789824,0.0,0.019177213456324053,0.0,0.020741519120269836,0.0
2025-11-25,0.019551093288232766,0.0,0.013953482284618145,0.0,0.021597597511313082,0.0,0.020427168802415182,0.0,0.022569858531744442,0.0
2025-11-26,0.01662892544948822,0.0,0.012024994713509641,0.0,0.010213188398685877,0.0,0.01723667224043033,0.0,0.017976807506894635,0.0
2025-11-27,0.0076624044532613575,0.005162404453261358,0.012175417023558444,0.009675417023558444,0.009356857987379364,0.006856857987379363,0.005624991595646547,0.003124991595646547,0.006661509051144144,0.0041615090511441435
2025-11-28,0.020220583762296258,0.020220583762296258,0.02501308242247027,0.02501308242247027,0.026938001411669743,0.026938001411669743,0.022491429379374636,0.022491429379374636,0.02086281571183144,0.02086281571183144
2025-12-01,-0.003098313449964166,-0.003098313449964166,0.01599836456321653,0.01599836456321653,0.0036300695497804235,0.0036300695497804235,0.0072951114446154555,0.0072951114446154555,0.0049714050532294555,0.0049714050532294555
2025-12-02,0.001903280580420032,0.001903280580420032,0.0008125068653446876,0.0008125068653446876,0.00016643923484666078,0.00016643923484666078,0.0010319609575475542,0.0010319609575475542,-0.0018889922901779493,-0.0018889922901779493
2025-12-03,0.013351650077642451,0.013351650077642451,0.008336082791272936,0.008336082791272936,0.006768089291553525,0.006768089291553525,0.012338230559824777,0.012338230559824777,0.012083413805190535,0.012083413805190535
2025-12-04,0.005445252028961916,0.005445252028961916,-0.0018742808196407393,-0.0018742808196407393,0.00017338433278529818,0.00017338433278529818,0.006839064456334214,0.006839064456334214,0.0032937204311861484,0.0032937204311861484
2025-12-05,0.0013873614368406367,0.0013873614368406367,0.00971223185925403,0.00971223185925403,0.0043031957103177535,0.0043031957103177535,0.0032387040948307416,0.0032387040948307416,0.004277582514036227,0.004277582514036227
2025-12-08,0.014930498233253313,0.014930498233253313,0.06093907879071084,0.06093907879071084,0.03573939368596889,0.03573939368596889,0.03575434484895136,0.03575434484895136,0.03200267205490537,0.03200267205490537
2025-12-09,0.005678195580471936,0.005678195580471936,-0.015060623097692584,-0.015060623097692584,-0.008598734682210696,-0.008598734682210696,-0.0036852953120845465,-0.0036852953120845465,-0.0029573760034299294,-0.0029573760034299294
2025-12-10,0.0014510462374064618,0.0014510462374064618,-0.001821526814540352,-0.001821526814540352,0.005452751442429583,0.005452751442429583,0.011248596220978046,0.011248596220978046,0.007938060874622952,0.007938060874622952
2025-12-11,0.0028947474572115772,0.0028947474572115772,-0.019820180248407527,-0.019820180248407527,-0.011554864332729809,-0.011554864332729809,-0.010009865471497086,-0.010009865471497086,-0.004007557674727663,-0.004007557674727663
2025-12-12,0.0115112033556961,-0.0024999999999999996,0.005948618882719293,-0.0025,0.0032979629381274965,-0.0024999999999999996,0.006387445613582659,-0.0025,0.008241710174732754,-0.0025000000000000005
2025-12-15,0.012092169166980837,0.009592169166980836,-0.004635851482170317,-0.007135851482170318,-0.0028251982724575853,-0.005325198272457585,-0.0003779579188677813,-0.0028779579188677813,0.00375752100493797,0.0012575210049379695
2025-12-16,-0.010856005298347638,-0.010856005298347638,-0.02017693048429006,-0.02017693048429006,-0.019596175716911458,-0.019596175716911458,-0.017810488131116423,-0.017810488131116423,-0.0070733351495724005,-0.0070733351495724005
2025-12-17,-0.00014547318696449154,-0.0024999999999999996,0.005664265442870176,-0.0025,0.0042507389087544254,-0.0024999999999999996,-0.006470725991477393,-0.0025,-0.003075996619404181,-0.0025000000000000005
2025-12-18,-0.013222577910005896,0.0,-0.017348192713848132,0.0,-0.017271311578390562,0.0,-0.011742132943060398,0.0,-0.014423620005343231,0.0
2025-12-19,0.019851179605144743,0.0,0.008381780636273484,0.0,0.013136245483809017,0.0,0.013371515556671027,0.0,0.006764162198148194,0.0
2025-12-22,0.014562037235707603,0.0,0.007971652595990553,0.0,0.015408906853629422,0.0,0.012680514340939406,0.0,0.01668721517285366,0.0
2025-12-23,0.013064155697661709,0.010564155697661708,-0.00426587814695214,-0.006765878146952141,0.009872250936565819,0.007372250936565819,0.0118390140572275,0.0093390140572275,0.00872489785125753,0.00622489785125753
2025-12-24,0.004290015957359762,0.004290015957359762,0.006567384559071088,0.006567384559071088,0.0009299204214826659,0.0009299204214826659,0.004946084148674101,0.004946084148674101,0.002664946426266696,0.002664946426266696
2025-12-26,0.011094343546275188,0.011094343546275188,0.017314418656631685,0.017314418656631685,0.0031566054769830653,0.0031566054769830653,0.000251229375405034,0.000251229375405034,0.0015954135978730687,0.0015954135978730687
2025-12-29,0.004893327388783751,0.004893327388783751,0.008221190969057336,0.008221190969057336,0.0100352212602563,0.0100352212602563,0.005774287271576265,0.005774287271576265,0.004655187886824646,0.004655187886824646
2025-12-30,0.005799519169147675,0.005799519169147675,0.029137033465781583,0.029137033465781583,0.01060617773784497,0.01060617773784497,0.007119478863687436,0.007119478863687436,0.00963385247606432,0.00963385247606432
2025-12-31,0.003957360767666025,0.003957360767666025,-0.014166906460943986,-0.014166906460943986,-0.01019580529808498,-0.01019580529808498,-0.004246040879259793,-0.004246040879259793,-0.0005761756692004076,-0.0005761756692004076
2026-01-02,0.022538103291088858,0.022538103291088858,0.01848449352477708,0.01848449352477708,0.013571669820204581,0.013571669820204581,0.013884729171202337,0.013884729171202337,0.017471980286084994,0.017471980286084994
2026-01-05,0.005362489273575789,0.005362489273575789,-0.009511891912622764,-0.009511891912622764,0.005224784278634287,0.005224784278634287,0.0024624831986525425,0.0024624831986525425,0.005502478851795557,0.005502478851795557
2026-01-06,0.006867912028329263,0.006867912028329263,-0.004096296258893606,-0.004096296258893606,0.0032888722208656235,0.0032888722208656235,-0.0005106105000595015,-0.0005106105000595015,0.004921771372938916,0.004921771372938916
2026-01-07,-0.000903230226915799,-0.000903230226915799,0.0061219099664780565,0.0061219099664780565,-0.002533517620508774,-0.002533517620508774,-0.005738226276386427,-0.005738226276386427,-0.00040458737280483223,-0.00040458737280483223
2026-01-08,-0.023281520280247034,-0.023281520280247034,0.01345048590630864,0.01345048590630864,-0.00343817374365778,-0.00343817374365778,-0.007192477704125707,-0.007192477704125707,-0.011353595037084075,-0.011353595037084075
2026-01-09,0.006209499472349102,0.006209499472349102,0.0009350054626160232,0.0009350054626160232,0.0022158809818935256,0.0022158809818935256,0.0009814825687592887,0.0009814825687592887,0.001284894216672983,0.001284894216672983
2026-01-12,0.018048628818539598,0.018048628818539598,-0.01440285706609086,-0.01440285706609086,-0.009311675490700756,-0.009311675490700756,-0.004691471110954737,-0.004691471110954737,0.0076352604159746545,0.0076352604159746545
2026-01-13,0.004826581033858869,0.004826581033858869,-0.007520949456735849,-0.007520949456735849,-0.0015826039797087962,-0.0015826039797087962,-0.00015882870451204068,-0.00015882870451204068,0.0055431928413408335,0.0055431928413408335
2026-01-14,0.01896505626580746,0.01896505626580746,0.019610666051238623,0.019610666051238623,0.017967799627175984,0.017967799627175984,0.01757751066025915,0.01757751066025915,0.01752465522610698,0.01752465522610698
2026-01-15,0.0006643035876741768,0.0006643035876741768,0.025780937511527036,0.025780937511527036,0.015856044431426065,0.015856044431426065,0.01398713507305967,0.01398713507305967,0.016842819618523772,0.016842819618523772
2026-01-16,-0.002283307981225513,-0.002283307981225513,0.008462649866293172,0.008462649866293172,0.004749710952210773,0.004749710952210773,0.009178709642548535,0.009178709642548535,0.005008304804883586,0.005008304804883586
2026-01-19,0.0019657933975935345,0.0019657933975935345,0.01350092580757243,0.01350092580757243,0.02120913894416401,0.02120913894416401,0.01678647592710542,0.01678647592710542,0.016580072394876477,0.016580072394876477
2026-01-20,0.010394444712974214,0.010394444712974214,0.016771450315789103,0.016771450315789103,0.013818934196531341,0.013818934196531341,0.006120645468286257,0.006120645468286257,0.010671688384510464,0.010671688384510464
2026-01-21,-0.016408853309929746,-0.016408853309929746,-0.03842321485556157,-0.03842321485556157,-0.03020736087241167,-0.03020736087241167,-0.031853217316320306,-0.031853217316320306,-0.025088965420731343,-0.025088965420731343
2026-01-22,0.001022730185539315,0.001022730185539315,0.0026009546760053844,0.0026009546760053844,0.010455685787326984,0.010455685787326984,0.00719514152987335,0.00719514152987335,0.005243656596054874,0.005243656596054874
2026-01-23,0.004591796665311024,0.004591796665311024,-0.006875081524424132,-0.006875081524424132,-0.0027713480268319987,-0.0027713480268319987,-0.0014496887806829005,-0.0014496887806829005,-0.005193035968543464,-0.005193035968543464
2026-01-26,0.002631546186611405,0.002631546186611405,0.0028746614824975095,0.0028746614824975095,0.0033912694712913377,0.0033912694712913377,0.004672907411372206,0.004672907411372206,0.001936036065556396,0.001936036065556396
2026-01-27,0.0014951082621378889,0.0014951082621378889,-0.0002846131917069397,-0.0002846131917069397,0.005462845960624464,0.005462845960624464,0.002628284896798168,0.002628284896798168,-0.0012932179976272386,-0.0012932179976272386
2026-01-28,0.010431800248785908,0.010431800248785908,0.010349720801432306,0.010349720801432306,0.017191379156813156,0.017191379156813156,0.01649049861640101,0.01649049861640101,0.018967928159943956,0.018967928159943956
2026-01-29,-0.017342272609095176,-0.017342272609095176,-0.0013488038485508277,-0.0013488038485508277,-0.012649770447520504,-0.012649770447520504,-0.004247884441846967,-0.004247884441846967,-0.006605867516345322,-0.006605867516345322
2026-01-30,-0.018552856732888152,-0.018552856732888152,-0.016096929675694694,-0.016096929675694694,-0.021711385530835313,-0.021711385530835313,-0.023760890385844464,-0.023760890385844464,-0.029118270655109267,-0.029118270655109267
2026-02-02,-0.010761994454515849,-0.010761994454515849,-0.023783932502099116,-0.023783932502099116,-0.02321790235405236,-0.02321790235405236,-0.015332249609444784,-0.015332249609444784,-0.016062738640970423,-0.016062738640970423
2026-02-03,0.01746148665671925,-0.0025,0.003252688398515602,-0.0025,0.010157670024545441,-0.0025000000000000005,0.014278072719389648,-0.0025,0.014383645837885699,-0.0025
2026-02-04,0.01951367904976093,0.0,0.009063932010147503,0.0,0.01567953224596924,0.0,0.01544221479151111,0.0,0.019099303600592865,0.0
2026-02-05,-0.013039251336654767,0.0,0.010221977954837348,0.0,-0.012588845441176312,0.0,-0.013178041498216995,0.0,-0.009580721076705023,0.0
2026-02-06,-0.02240437201389302,0.0,-0.014895927050308446,0.0,-0.016715367785346404,0.0,-0.014053139058160694,0.0,-0.02006240178471395,0.0
2026-02-09,0.01589494122225424,0.0,0.035775611367217804,0.0,0.025642563716483976,0.0,0.022262614569469274,0.0,0.01427390246514373,0.0
2026-02-10,-0.0013880623065819675,0.0,-0.02097501488665148,0.0,-0.014965333826450536,0.0,-0.00815040693428323,0.0,0.00011475904674310654,0.0
2026-02-11,0.0010410201403436962,0.0,-0.0008700139962876997,0.0,0.0014584350130502303,0.0,-0.002777386219639773,0.0,0.0008152111849986536,0.0
2026-02-23,0.033815291787990066,0.0,0.023253412116025808,0.0,0.028836900556065758,0.0,0.024636738492610395,0.0,0.020483994110923512,0.0
2026-02-24,0.022811609814311365,0.020311609814311366,-0.0007969554597004218,-0.0032969554597004217,0.011945118296411573,0.009445118296411573,0.0144867108652789,0.0119867108652789,0.01985363869143411,0.017353638691434112
2026-02-25,0.01424678469367653,0.01424678469367653,0.0421712597817701,0.0421712597817701,0.02404306272254896,0.02404306272254896,0.025309220277564184,0.025309220277564184,0.019694547379321647,0.019694547379321647
2026-02-26,0.0264180562923477,0.0264180562923477,0.035272772110075984,0.035272772110075984,0.02461836312528594,0.02461836312528594,0.032877908848543365,0.032877908848543365,0.039677083338911186,0.039677083338911186
2026-03-02,-0.0005298823457021062,-0.0005298823457021062,0.005130866189189965,0.005130866189189965,0.00408991344992634,0.00408991344992634,0.0019512578521937534,0.0019512578521937534,-0.0007783123814594178,-0.0007783123814594178
2026-03-03,-0.01521664289055939,-0.01521664289055939,-0.039502316255902746,-0.039502316255902746,-0.020131844318596392,-0.020131844318596392,-0.013570285938816188,-0.013570285938816188,-0.010374108835694486,-0.010374108835694486
2026-03-04,-0.05406206504877522,-0.0025,-0.03564134895053688,-0.0025,-0.04162457696060971,-0.0024999999999999996,-0.047727166848718985,-0.0025,-0.0474419972083015,-0.0025
2026-03-05,0.04374658738944168,0.0,0.045252169527606474,0.0,0.03827775889441376,0.0,0.045420042297729835,0.0,0.0436839200741657,0.0
2026-03-06,0.005703915537034603,0.0,0.04308056328796042,0.0,0.01472241770329702,0.0,0.0064384170323239145,0.0,0.0041566958480455055,0.0
2026-03-09,-0.05874783284984544,0.0,-0.0174644201775608,0.0,-0.031870476487131594,0.0,-0.044415376326349114,0.0,-0.04903355978947924,0.0
2026-03-10,0.03472234533255705,0.0,0.007491065123953478,0.0,0.006553694064820047,0.0,0.00913295695677793,0.0,0.015845877485863705,0.0
2026-03-11,0.04702552241859175,0.0,0.020977096773728433,0.0,0.03097358088650544,0.0,0.032865939524882454,0.0,0.0334624450782383,0.0
2026-03-12,0.017433673961529474,0.014933673961529474,-0.004947204024009188,-0.007447204024009188,0.0018114879152715925,-0.0006885120847284071,-0.0002737804624891669,-0.0027737804624891668,0.008435392247842654,0.005935392247842654
2026-03-13,0.007633622553570276,0.007633622553570276,0.003342895608239327,0.003342895608239327,-0.0026189147814271512,-0.0026189147814271512,-0.0021241633148499474,-0.0021241633148499474,-0.0009403066507049418,-0.0009403066507049418
2026-03-16,0.002978158308527132,0.002978158308527132,0.015662178978706566,0.015662178978706566,0.007566431549754504,0.007566431549754504,0.0077268174334075455,0.0077268174334075455,0.004322217548864242,0.004322217548864242
2026-03-17,0.007426212824872406,0.007426212824872406,0.03002408029233166,0.03002408029233166,0.016750750074294454,0.016750750074294454,0.013287168797074802,0.013287168797074802,0.018490774128041787,0.018490774128041787
2026-03-18,0.020000902042475087,0.020000902042475087,0.026750537073949945,0.026750537073949945,0.020311814599031877,0.020311814599031877,0.021705310725820263,0.021705310725820263,0.021699937492993315,0.021699937492993315
2026-03-19,-0.008475296644666898,-0.008475296644666898,-0.000493043316754416,-0.000493043316754416,-0.009479235946556676,-0.009479235946556676,-0.016070206174654083,-0.016070206174654083,-0.014104454526543042,-0.014104454526543042
2026-03-20,0.00027953526271850025,0.00027953526271850025,-0.012873119038716619,-0.012873119038716619,-0.008447145949257762,-0.008447145949257762,-0.007577713361241963,-0.007577713361241963,0.003819088202827349,0.003819088202827349
2026-03-23,-0.01747996755097484,-0.01747996755097484,-0.04523100128941071,-0.04523100128941071,-0.024229832695320162,-0.024229832695320162,-0.020886928979322643,-0.020886928979322643,-0.020569966622840056,-0.020569966622840056
2026-03-24,0.0018655725361572228,-0.0025,-0.006520447982089728,-0.0025,0.007526547501398041,-0.0024999999999999996,0.006369266818241222,-0.0025,0.009633645118556163,-0.0025
2026-03-25,0.04297238624899272,0.0,0.03890788188761522,0.0,0.027663256679943526,0.0,0.03342652828950479,0.0,0.038410591338262266,0.0
2026-03-26,-0.01531245561790139,-0.01781245561790139,-0.02965281373331901,-0.03215281373331901,-0.02460503075566648,-0.02710503075566648,-0.01721868790057323,-0.01971868790057323,-0.015926409067411853,-0.01842640906741185
2026-03-27,0.010337088647180458,-0.0025,0.028536108015881755,-0.0025,0.009962960157121925,-0.0024999999999999996,0.005862981417348696,-0.0025,0.0030643136402986933,-0.0025
2026-03-30,-0.014204992711271075,0.0,-0.029621835501500042,0.0,-0.02030473624081201,0.0,-0.018958170586250777,0.0,-0.018607970953656728,0.0
2026-03-31,-0.04050597165469536,0.0,-0.030801777999027325,0.0,-0.03587080801442234,0.0,-0.03056411340916234,0.0,-0.03534196710570039,0.0
2026-04-01,0.03591643607323893,0.0,0.02137945894731488,0.0,0.030818861334889584,0.0,0.039621657761864965,0.0,0.033352907735838974,0.0
2026-04-02,-0.004964910591691545,0.0,0.0035365660924534083,0.0,-0.003585023339345351,0.0,0.006968657143143749,0.0,0.008768490215207125,0.0
2026-04-07,0.018073366177487147,0.0,0.044339317908357524,0.0,0.028063310482861734,0.0,0.02650558376374802,0.0,0.01720164399330828,0.0
2026-04-08,0.04449100373840869,0.0,0.04905820869634508,0.0,0.04020663975781091,0.0,0.0219254696047344,0.0,0.03163626490810085,0.0
2026-04-09,0.026018996264525234,0.023518996264525235,-0.006360545119298777,-0.008860545119298777,0.01729263467636486,0.014792634676364862,0.030633362995339388,0.02813336299533939,0.03162051779988604,0.029120517799886038
2026-04-10,0.024242841332207526,0.024242841332207526,0.05267589195996632,0.05267589195996632,0.036034948880136405,0.036034948880136405,0.03311590552714387,0.03311590552714387,0.04149626725417512,0.04149626725417512
2026-04-13,0.027614622347655427,0.027614622347655427,0.04506210980544019,0.04506210980544019,0.05571281896344872,0.05571281896344872,0.04285543848996451,0.04285543848996451,0.03710729124385264,0.03710729124385264
2026-04-14,0.015495980643480746,0.015495980643480746,0.05053053294719216,0.05053053294719216,0.045887512759220456,0.045887512759220456,0.028418504320856217,0.028418504320856217,0.01902171596818637,0.01902171596818637
2026-04-15,0.028727990532177273,0.028727990532177273,0.06758202554574147,0.06758202554574147,0.03718724452278129,0.03718724452278129,0.038262038834717786,0.038262038834717786,0.030226737515028138,0.030226737515028138
2026-04-16,0.005509332583403389,0.005509332583403389,0.010773147633922966,0.010773147633922966,0.0020977543086297744,0.0020977543086297744,0.0030829954703306783,0.0030829954703306783,-0.002527954570821655,-0.002527954570821655
2026-04-17,0.02992950610224833,0.02992950610224833,-0.02163741567682458,-0.02163741567682458,0.016004352268333445,0.016004352268333445,0.023244376755974155,0.023244376755974155,0.03333412288609498,0.03333412288609498
2026-04-20,0.033594257442012165,0.033594257442012165,0.01923529000623532,0.01923529000623532,0.023210039741906496,0.023210039741906496,0.021895716305734402,0.021895716305734402,0.028084536164959803,0.028084536164959803
2026-04-21,0.012254449244548172,0.012254449244548172,0.0030160949451515373,0.0030160949451515373,0.009783232425747645,0.009783232425747645,0.012544225786255943,0.012544225786255943,0.018141890345517858,0.018141890345517858
2026-04-22,0.015527425998841816,0.015527425998841816,0.024266003146555297,0.024266003146555297,0.009547511170589405,0.009547511170589405,0.007511111887678701,0.007511111887678701,0.014923368073323702,0.014923368073323702
2026-04-23,-0.03431961479223271,-0.03431961479223271,-0.010747773236919334,-0.010747773236919334,-0.011062510811733628,-0.011062510811733628,-0.020884681468664224,-0.020884681468664224,-0.021156870277028707,-0.021156870277028707
2026-04-24,-0.008893631493314662,-0.008893631493314662,-0.025469041413188467,-0.025469041413188467,-0.005040399191946956,-0.005040399191946956,0.0017621710019195477,0.0017621710019195477,0.007721573440747717,0.007721573440747717
2026-04-27,-0.010576672391207206,-0.010576672391207206,-0.0009074471084318915,-0.0009074471084318915,-0.004562578504943593,-0.004562578504943593,-0.005382375089236453,-0.005382375089236453,-0.0073143615742321845,-0.0073143615742321845
2026-04-28,0.02875442704412978,0.02875442704412978,0.028392316028864495,0.028392316028864495,0.021903196245318647,0.021903196245318647,0.018256981671560247,0.018256981671560247,0.023482145894866024,0.023482145894866024
2026-04-29,0.014343848423200295,0.014343848423200295,0.0006266686454651457,0.0006266686454651457,0.006333443447178278,0.006333443447178278,0.011662583192354825,0.011662583192354825,0.01058444494019375,0.01058444494019375
2026-04-30,0.0065936299952877525,0.0065936299952877525,0.021491025677177714,0.021491025677177714,0.014511649635298274,0.014511649635298274,0.01662288104510868,0.01662288104510868,0.013477651580097672,0.013477651580097672
