n,ann_ret,ann_vol,sharpe,max_dd,win,ann_alpha,t_alpha,beta,target,predictor,smooth_N,hold_K,cost_rt,avg_daily_turn,ann_turn
4672,0.21746836521099894,0.10312566561213826,2.10877053660832,-0.22383688598052665,0.3550941780821918,0.1762092637493438,8.299673753163455,0.3432696203200488,P_md,P_lead,1,1,0.0,0.456763698630137,115.10445205479452
4672,0.04481168712880715,0.10425394449341564,0.4298320542839252,-0.32943434247172476,0.3343321917808219,0.0035999864108832488,0.15901375117517494,0.34287525314463596,P_md,P_lead,1,1,0.003,0.456763698630137,115.10445205479452
4672,-0.07029276492598738,0.1057413293088413,-0.6647615022947327,-0.8061008761467561,0.3182791095890411,-0.11147286514809042,-4.706639991319219,0.3426123416943609,P_md,P_lead,1,1,0.005,0.456763698630137,115.10445205479452
4672,-0.24294944300817917,0.10901503581710678,-2.228586554021525,-0.9915742807909744,0.2964469178082192,-0.2840821424865509,-11.191556910917594,0.342217974518948,P_md,P_lead,1,1,0.008,0.456763698630137,115.10445205479452
4672,-0.35805389506297364,0.11184513102014226,-3.201336453336458,-0.99897994181181,0.2827482876712329,-0.3991549940455247,-15.010526249867578,0.3419550630686733,P_md,P_lead,1,1,0.01,0.456763698630137,115.10445205479452
4668,0.1420138720083721,0.09895927320700601,1.4350739188565298,-0.1759373293669152,0.32519280205655526,0.10404146568710466,4.2264936324510565,0.3108547851928537,P_md,P_lead,1,5,0.0,0.10197086546700942,25.696658097686374
4668,0.10346888486184255,0.09906296417409742,1.0444759625807478,-0.2459098245563377,0.3202656383890317,0.06548343630925382,2.6267887078077146,0.3109615532491503,P_md,P_lead,1,5,0.003,0.10197086546700942,25.696658097686374
4668,0.07777222676415615,0.09942264755251043,0.7822385410032506,-0.30115845294933563,0.3176949443016281,0.03977808339068649,1.5804138148259368,0.311032731953348,P_md,P_lead,1,5,0.005,0.10197086546700942,25.696658097686374
4668,0.0392272396176266,0.10039176089315129,0.39074162330290074,-0.39428210825095056,0.31041131105398456,0.0012200540128355676,0.047703080641831784,0.3111395000096447,P_md,P_lead,1,5,0.008,0.10197086546700942,25.696658097686374
4668,0.013530581519940226,0.1013178369867389,0.13354589796178923,-0.4724660468930252,0.3074121679520137,-0.024485298905731718,-0.946230742747094,0.3112106787138425,P_md,P_lead,1,5,0.01,0.10197086546700942,25.696658097686374
4663,0.10506345488906856,0.10360626573579458,1.0140646817345,-0.25928000593793854,0.3218957752519837,0.06276595245464442,2.640063753250042,0.3467624008592888,P_md,P_lead,1,10,0.0,0.04739438129959254,11.94338408749732
4663,0.08714837875782258,0.10359855871042023,0.8412122701573547,-0.28654332314177355,0.31975123311173065,0.04483252331724657,1.871869368406595,0.34691286204753646,P_md,P_lead,1,10,0.003,0.04739438129959254,11.94338408749732
4663,0.07520499467032528,0.10373064244983378,0.72500268863847,-0.304180849825077,0.3191078704696547,0.03287690389231469,1.3651116711125666,0.3470131695063684,P_md,P_lead,1,10,0.005,0.04739438129959254,11.94338408749732
4663,0.05728991853907929,0.10413355638040775,0.5501580905370685,-0.3298545163704013,0.31567660304524986,0.014943474754916884,0.6148080765258539,0.34716363069461625,P_md,P_lead,1,10,0.008,0.04739438129959254,11.94338408749732
4663,0.04534653445158196,0.10453746341266575,0.43378261697985476,-0.3464623935092497,0.31503324040317393,0.002987855329985013,0.12210819115773082,0.347263938153448,P_md,P_lead,1,10,0.01,0.04739438129959254,11.94338408749732
4653,0.09414177056599148,0.11534507431648201,0.8161750393231944,-0.41080268908980067,0.3290350311626907,0.041730365797413606,1.4630732533164745,0.4330394657223004,P_md,P_lead,1,20,0.0,0.02493015258972706,6.282398452611219
4653,0.08471817288707466,0.11534086504823704,0.734502666090153,-0.42133003341504505,0.32817537072856223,0.03231010784610276,1.130483365249228,0.4330118718452707,P_md,P_lead,1,20,0.003,0.02493015258972706,6.282398452611219
4653,0.07843577443446344,0.11540444332581108,0.6796599175390736,-0.42825217154970774,0.32774554051149796,0.026029935878562175,0.9092542792564344,0.4329934759272509,P_md,P_lead,1,20,0.005,0.02493015258972706,6.282398452611219
4653,0.06901217675554662,0.11559916836263837,0.5969954432462107,-0.438493156090178,0.3258113045347088,0.016609677927251296,0.5785267363835285,0.4329658820502213,P_md,P_lead,1,20,0.008,0.02493015258972706,6.282398452611219
4653,0.0627297783029354,0.11579496356028007,0.5417314913725051,-0.4497815450768321,0.3253814743176445,0.010329505959710685,0.3589964828290134,0.4329474861322015,P_md,P_lead,1,20,0.01,0.02493015258972706,6.282398452611219
4672,0.22751004081528448,0.09645124994278274,2.358808630787564,-0.1545231942100478,0.3754280821917808,0.1917938500995492,8.719657342344584,0.2971534229281078,P_md,P_lead,3,1,0.0,0.2945205479452055,74.21917808219179
4672,0.11618127369199682,0.09741999190672974,1.1925814344475538,-0.22626976627736617,0.3621575342465753,0.08025065931180578,3.407445905402427,0.2989373960947015,P_md,P_lead,3,1,0.003,0.2945205479452055,74.21917808219179
4672,0.04196209560980502,0.09872583543113804,0.42503662214207216,-0.3034379962452395,0.3508133561643836,0.005888532119976763,0.23839536111441692,0.3001267115390974,P_md,P_lead,3,1,0.005,0.2945205479452055,74.21917808219179
4672,-0.06936667151348266,0.10162375041987276,-0.6825832664793865,-0.804281637615943,0.3369006849315068,-0.10565465866776662,-3.9774928746027247,0.30191068470569116,P_md,P_lead,3,1,0.008,0.2945205479452055,74.21917808219179
4672,-0.14358584959567444,0.10414114931843375,-1.3787619066564183,-0.9499889079761394,0.3276969178082192,-0.18001678585959555,-6.456190296012993,0.3031000001500871,P_md,P_lead,3,1,0.01,0.2945205479452055,74.21917808219179
4668,0.12713986101604846,0.10259755893366308,1.2392094152869055,-0.22221517613807884,0.3453299057412168,0.08647847367671106,3.485790840748951,0.332867680812051,P_md,P_lead,3,5,0.0,0.09254498714652956,23.32133676092545
4668,0.0921578558746603,0.10267174428978897,0.897597060536408,-0.239532120789818,0.3414738646101114,0.05150721314505765,2.039669375546013,0.3327797218525149,P_md,P_lead,3,5,0.003,0.09254498714652956,23.32133676092545
4668,0.06883651911373485,0.10297843490833414,0.6684556739963025,-0.26916399609396124,0.3380462724935733,0.02819303945728875,1.1022576031057343,0.33272108254615734,P_md,P_lead,3,5,0.005,0.09254498714652956,23.32133676092545
4668,0.03385451397234668,0.10381976219292381,0.32608930378241757,-0.3806832474929033,0.3314053127677806,-0.00677822107436461,-0.2596427162850265,0.3326331235866213,P_md,P_lead,3,5,0.008,0.09254498714652956,23.32133676092545
4668,0.01053317721142122,0.10463007213655187,0.1006706484697292,-0.4562492581127512,0.3281919451585261,-0.03009239476213351,-1.1362303673462493,0.3325744842802639,P_md,P_lead,3,5,0.01,0.09254498714652956,23.32133676092545
4663,0.10787988070128487,0.10315024593882788,1.0458519000067326,-0.24690474104103255,0.3450568303667167,0.06655014400877976,2.816933370617812,0.3388284862585981,P_md,P_lead,3,10,0.0,0.0461076560154407,11.619129315891056
4663,0.0904511867274483,0.10315292819916691,0.876864945150232,-0.2611419727640609,0.34312674244048896,0.049117162525214565,2.052314884674573,0.33886363602115216,P_md,P_lead,3,10,0.003,0.0461076560154407,11.619129315891056
4663,0.07883205741155723,0.10328896331006311,0.7632185945647582,-0.27143498024777957,0.3422689255843877,0.03749517486950444,1.5523772303188286,0.3388870691961882,P_md,P_lead,3,10,0.005,0.0461076560154407,11.619129315891056
4663,0.06140336343772065,0.10369332967776183,0.5921630989046085,-0.2866250870507435,0.3386232039459575,0.020062193385939217,0.8186151657251203,0.33892221895874236,P_md,P_lead,3,10,0.008,0.0461076560154407,11.619129315891056
4663,0.04978423412182959,0.10409523929898924,0.4782565894184269,-0.2965878744681202,0.3373364786618057,0.008440205730229107,0.3409046288683502,0.3389456521337784,P_md,P_lead,3,10,0.01,0.0461076560154407,11.619129315891056
4653,0.10120301303119153,0.11550128551696709,0.876206810843892,-0.3582812160225628,0.33870621104663656,0.04950654776792867,1.82709968022124,0.4271324112792381,P_md,P_lead,3,20,0.0,0.02364066193853428,5.957446808510638
4653,0.09226684281842558,0.11547845574375054,0.7989961610083176,-0.3697371385234943,0.3376316355039759,0.040574622466207494,1.491789577703712,0.42709733849271403,P_md,P_lead,3,20,0.003,0.02364066193853428,5.957446808510638
4653,0.08630939600991495,0.11552620011123783,0.7470980256150501,-0.37726994231752364,0.3367719750698474,0.03462000559839337,1.2693552442488527,0.42707395663503134,P_md,P_lead,3,20,0.005,0.02364066193853428,5.957446808510638
4653,0.07737322579714899,0.11569210708079282,0.6687856911717919,-0.3895258453550514,0.33505265420159036,0.025688080296672213,0.9376622997537677,0.4270388838485073,P_md,P_lead,3,20,0.008,0.02364066193853428,5.957446808510638
4653,0.07141577898863834,0.1158653619845711,0.6163686693366411,-0.40762090013845087,0.33419299376746187,0.019733463428858095,0.7180073665162396,0.42701550199082455,P_md,P_lead,3,20,0.01,0.02364066193853428,5.957446808510638
4672,0.23310563545081317,0.09390776804979362,2.4822827790690476,-0.17772297014327976,0.3807791095890411,0.19962755551673242,9.147555744768672,0.2785326723291939,P_md,P_lead,5,1,0.0,0.22388698630136986,56.419520547945204
4672,0.14847635462889539,0.09457716805914064,1.5698963891163533,-0.23008569207772134,0.3724315068493151,0.11479944933123287,4.937921809172626,0.28018686994011754,P_md,P_lead,5,1,0.003,0.22388698630136986,56.419520547945204
4672,0.09205683408095018,0.09559523267286843,0.9629856166151421,-0.26795541852181326,0.3632277397260274,0.058247378540899696,2.397396828096485,0.2812896683474001,P_md,P_lead,5,1,0.005,0.22388698630136986,56.419520547945204
4672,0.007427553259032373,0.097944372308293,0.0758344056323436,-0.45450793740807405,0.3514554794520548,-0.026580727644599938,-1.0227377318387798,0.282943865958324,P_md,P_lead,5,1,0.008,0.22388698630136986,56.419520547945204
4672,-0.04899196728891285,0.10002846770438306,-0.4897802436972261,-0.761606828585006,0.3433219178082192,-0.08313279843493297,-3.057632809209674,0.28404666436560644,P_md,P_lead,5,1,0.01,0.22388698630136986,56.419520547945204
4668,0.12554656651825633,0.10471315504980339,1.1989569644668256,-0.24383886089084406,0.3583976006855184,0.08324518766055512,3.698616409136085,0.3462931984588882,P_md,P_lead,5,5,0.0,0.08483290488431877,21.37789203084833
4668,0.09347972847198383,0.104749791611362,0.892409684391623,-0.2726324840971618,0.354541559554413,0.05113945280811497,2.22058399216002,0.34661162068959006,P_md,P_lead,5,5,0.003,0.08483290488431877,21.37789203084833
4668,0.07210183644113549,0.10500741013173176,0.6866356988586212,-0.29835221004123513,0.3513281919451585,0.029735629573154867,1.2703294901349704,0.34682390217672454,P_md,P_lead,5,5,0.005,0.08483290488431877,21.37789203084833
4668,0.040034998394863006,0.10574022035291962,0.3786165591601927,-0.35663015440468815,0.3459725792630677,-0.0023701052792852646,-0.09868603525330903,0.3471423244074265,P_md,P_lead,5,5,0.008,0.08483290488431877,21.37789203084833
4668,0.01865710636401467,0.10645597314045407,0.17525654797593343,-0.43814896955907534,0.3427592116538132,-0.023773928514245382,-0.9724012118849671,0.347354605894561,P_md,P_lead,5,5,0.01,0.08483290488431877,21.37789203084833
4663,0.11291800436949885,0.10646906117383723,1.0605710534549764,-0.2446681322987363,0.3592108084923869,0.06900948646189925,2.9205309699714244,0.3599697904484462,P_md,P_lead,5,10,0.0,0.046536564443491316,11.727214239759812
4663,0.09532718300985914,0.1064806625558514,0.8952534734638601,-0.25791642153344296,0.3568518121381085,0.051424022824186275,2.143416319702521,0.3599258668971367,P_md,P_lead,5,10,0.003,0.046536564443491316,11.727214239759812
4663,0.08359996877009934,0.10661959565082427,0.7840957214271056,-0.2682679808057622,0.35556508685395666,0.03970038039904428,1.637265159216602,0.3598965845295969,P_md,P_lead,5,10,0.005,0.046536564443491316,11.727214239759812
4663,0.06600914741045963,0.10702377166259369,0.6167708947743125,-0.2835441666501376,0.35191936521552647,0.022114916761331243,0.8970242387085315,0.3598526609782874,P_md,P_lead,5,10,0.008,0.046536564443491316,11.727214239759812
4663,0.05428193317069981,0.1074225940914222,0.5053120680040837,-0.29356319367181416,0.35063263993137467,0.01039127433618926,0.41669065805188366,0.3598233786107476,P_md,P_lead,5,10,0.01,0.046536564443491316,11.727214239759812
4653,0.11847360073408997,0.11238162023678144,1.054207978889013,-0.35671617088451224,0.3541800988609499,0.06923219912702823,2.724998983929758,0.4068479052887984,P_md,P_lead,5,20,0.0,0.026219643240919837,6.607350096711799
4653,0.10856257558902226,0.11236792157355663,0.9661349437522224,-0.37196199290688026,0.35310552331828926,0.05930216349958393,2.31797415628115,0.40700497585708095,P_md,P_lead,5,20,0.003,0.026219643240919837,6.607350096711799
4653,0.10195522549231045,0.11243036072884725,0.906830013097618,-0.3819369656787057,0.35224586288416077,0.05268213974795438,2.0492397274128438,0.40710968956926924,P_md,P_lead,5,20,0.005,0.026219643240919837,6.607350096711799
4653,0.09204420034724277,0.1126311387959615,0.8172180564913468,-0.3966213056513108,0.35009671179883944,0.04275210412051009,1.6503911128631314,0.4072667601375519,P_md,P_lead,5,20,0.008,0.026219643240919837,6.607350096711799
4653,0.08543685025053095,0.1128361072326849,0.7571765133154357,-0.40622846227568765,0.3490221362561788,0.03613208036888056,1.3875050511359917,0.4073714738497402,P_md,P_lead,5,20,0.01,0.026219643240919837,6.607350096711799
4672,0.23498278359594435,0.09373818489160478,2.5067989514376605,-0.15795015666866075,0.3910530821917808,0.20230295167228243,8.474203674113856,0.27189136697472827,P_md,P_lead,10,1,0.0,0.1583904109589041,39.91438356164383
4672,0.17511120825347856,0.09409938386805494,1.8609176920756194,-0.20106624754663516,0.3844178082191781,0.14239043581188424,5.626200552290624,0.27223198602721727,P_md,P_lead,10,1,0.003,0.1583904109589041,39.91438356164383
4672,0.13519682469183472,0.09478356398548841,1.426374141328276,-0.22861057390953388,0.3767123287671233,0.10244875857161863,3.888853469391272,0.2724590653955432,P_md,P_lead,10,1,0.005,0.1583904109589041,39.91438356164383
4672,0.07532524934936898,0.09645603732554613,0.7809283009952067,-0.3033991285085127,0.3685787671232877,0.04253624271122025,1.5192406401768144,0.2727996844480324,P_md,P_lead,10,1,0.008,0.1583904109589041,39.91438356164383
4672,0.03541086578772514,0.09798466559677332,0.3613919134392723,-0.4619763783804499,0.3625856164383562,0.00259456547095475,0.0889790937320964,0.2730267638163585,P_md,P_lead,10,1,0.01,0.1583904109589041,39.91438356164383
4668,0.14593645901611335,0.10110587820530066,1.443402318505972,-0.2866624401919271,0.3731790916880891,0.10710595490809337,4.407040804323922,0.31787945992425287,P_md,P_lead,10,5,0.0,0.06940874035989718,17.49100257069409
4668,0.11969995516007224,0.10120030753143573,1.1828022866718069,-0.3201408326974995,0.3703941730934019,0.08079080165483975,3.2251909220298502,0.31852331012613855,P_md,P_lead,10,5,0.003,0.06940874035989718,17.49100257069409
4668,0.10220895258937815,0.1014639796025658,1.0073422409581254,-0.3416086871141255,0.3671808054841474,0.06324736615267064,2.473576424393396,0.31895254359406205,P_md,P_lead,10,5,0.005,0.06940874035989718,17.49100257069409
4668,0.07597244873333701,0.1021574581564948,0.7436799045739273,-0.37258404630955144,0.363324764353042,0.03693221289941702,1.400119252633404,0.3195963937959476,P_md,P_lead,10,5,0.008,0.06940874035989718,17.49100257069409
4668,0.05848144616264292,0.10281529788057506,0.5688010186049547,-0.39358886602337007,0.36032562125107115,0.019388777397247946,0.7198219275863763,0.3200256272638714,P_md,P_lead,10,5,0.01,0.06940874035989718,17.49100257069409
4663,0.14296172539253257,0.10582983657926624,1.3508640853418938,-0.2446681322987363,0.378940596182715,0.100549663381227,3.870500971428887,0.3477015805184758,P_md,P_lead,10,10,0.0,0.041389663306883984,10.430195153334765
4663,0.12731643266253043,0.10583269913141104,1.2029971238326196,-0.24918950363194248,0.3767960540424619,0.08489807651599143,3.2129110487110646,0.3477531809515808,P_md,P_lead,10,10,0.003,0.041389663306883984,10.430195153334765
4663,0.11688623750919566,0.10595265796282134,1.1031930652481687,-0.25219245356599385,0.3755093287583101,0.074463685272501,2.7853877569539502,0.3477875812403175,P_md,P_lead,10,10,0.005,0.041389663306883984,10.430195153334765
4663,0.10124094477919351,0.10630887265972463,0.9523282699389295,-0.25667997725119895,0.3725069697619558,0.05881209840726542,2.160921846209577,0.34783918167342254,P_md,P_lead,10,10,0.008,0.041389663306883984,10.430195153334765
4663,0.09081074962585875,0.10666295100906076,0.8513804349754454,-0.25966041857387046,0.371220244477804,0.04837770716377506,1.7560332286256244,0.34787358196215923,P_md,P_lead,10,10,0.01,0.041389663306883984,10.430195153334765
4653,0.1378292538379172,0.1088932341152776,1.2657283527092884,-0.2436286867342784,0.3696539866752633,0.09270357949093139,3.420500096311048,0.3728424757142314,P_md,P_lead,10,20,0.0,0.02364066193853428,5.957446808510638
4653,0.12889308362515123,0.10887593143280429,1.1838528674696216,-0.25932319636710033,0.3690092413496669,0.0837483192396348,3.05840636587298,0.3730002036004126,P_md,P_lead,10,20,0.003,0.02364066193853428,5.957446808510638
4653,0.12293563681664059,0.1089311759757763,1.128562468140237,-0.2696176203482281,0.36814958091553834,0.07777814573877039,2.820427764626497,0.3731053555245332,P_md,P_lead,10,20,0.005,0.02364066193853428,5.957446808510638
4653,0.11399946660387464,0.10911400942364846,1.0447738764804966,-0.284810395324127,0.3662153449387492,0.06882288548747378,2.468807255138483,0.3732630834107144,P_md,P_lead,10,20,0.008,0.02364066193853428,5.957446808510638
4653,0.10804201979536401,0.10930228269551617,0.9884699306448806,-0.29477531338223484,0.3653556845046207,0.06285271198660941,2.238070686019188,0.37336823533483515,P_md,P_lead,10,20,0.01,0.02364066193853428,5.957446808510638
4672,0.199984281672385,0.09659711317045934,2.0702925285094627,-0.1546789106776827,0.3972602739726027,0.1657306997980637,7.1601350962819,0.2849847337448129,P_md,P_lead,20,1,0.0,0.11087328767123288,27.940068493150683
4672,0.158074178932659,0.09688182299699054,1.6316185435277089,-0.17723102163710214,0.3921232876712329,0.12379625051208266,4.99368825750993,0.28518729340784393,P_md,P_lead,20,1,0.003,0.11087328767123288,27.940068493150683
4672,0.1301341104395083,0.09739060604545571,1.3362080361094582,-0.20431602451782693,0.3889126712328767,0.09583995098809538,3.69412858244463,0.285322333183198,P_md,P_lead,20,1,0.005,0.11087328767123288,27.940068493150683
4672,0.08822400769978224,0.09862237244961373,0.8945638348424033,-0.2523110100383753,0.3829195205479452,0.05390550170211437,1.9428685831240087,0.28552489284622906,P_md,P_lead,20,1,0.008,0.11087328767123288,27.940068493150683
4672,0.060283939206631554,0.09974694363485503,0.6043687857475993,-0.30445711710103385,0.3777825342465753,0.025949202178127077,0.8952003527293152,0.2856599326215833,P_md,P_lead,20,1,0.01,0.11087328767123288,27.940068493150683
4668,0.14532047223590813,0.10238551662583058,1.4193459878410735,-0.30827187169280335,0.38496143958868895,0.1060400952459136,3.9946428209919302,0.3215622694071996,P_md,P_lead,20,5,0.0,0.04948586118251928,12.47043701799486
4668,0.12661481670891583,0.10243964724163701,1.23599426704637,-0.332791077647263,0.3828191945158526,0.08731235929071943,3.1940710968108026,0.321743027158173,P_md,P_lead,20,5,0.003,0.04948586118251928,12.47043701799486
4668,0.11414437969092098,0.10262023452902894,1.112298955608332,-0.34867211021792033,0.3808911739502999,0.07482720198725655,2.68381488485008,0.32186353232548864,P_md,P_lead,20,5,0.005,0.04948586118251928,12.47043701799486
4668,0.09543872416392868,0.10310634726313266,0.9256338401782792,-0.3718162437679089,0.37789203084832906,0.05609946603206231,1.9530460000892922,0.32204429007646207,P_md,P_lead,20,5,0.008,0.04948586118251928,12.47043701799486
4668,0.08296828714593382,0.10357233890546055,0.8010660763552533,-0.3868055562521946,0.3755355612682091,0.04361430872859948,1.488439533237069,0.3221647952437776,P_md,P_lead,20,5,0.01,0.04948586118251928,12.47043701799486
4663,0.15110039351512097,0.10259810651028874,1.4727405666104405,-0.2244339312658754,0.383873043105297,0.11152317730101877,4.366020120232246,0.32446101362618457,P_md,P_lead,20,10,0.0,0.03216813210379584,8.106369290156552
4663,0.13894083957988615,0.10261279553666001,1.3540303512172358,-0.23829786530280006,0.38151404675101863,0.09935189073768397,3.8221085674324504,0.32455719978503966,P_md,P_lead,20,10,0.003,0.03216813210379584,8.106369290156552
4663,0.13083447028972958,0.10271812686646271,1.2737232880017286,-0.24741387928586156,0.38108513832296803,0.09123769969546076,3.468616360252963,0.32462132389094295,P_md,P_lead,20,10,0.005,0.03216813210379584,8.106369290156552
4663,0.11867491635449477,0.10301884573184597,1.151972879441893,-0.26090051090059774,0.3791550503967403,0.07906641313212595,2.9522350709761485,0.32471751004979804,P_md,P_lead,20,10,0.008,0.03216813210379584,8.106369290156552
4663,0.1105685470643382,0.10331382667438606,1.0702202272771955,-0.2697681280264872,0.37765387089856317,0.07095222208990276,2.61727284493797,0.3247816341557014,P_md,P_lead,20,10,0.01,0.03216813210379584,8.106369290156552
4653,0.14242468366609787,0.105231702627911,1.3534389362652206,-0.1689497327637033,0.3685794111326026,0.10063374143563755,3.8920957982949784,0.3452898729850454,P_md,P_lead,20,20,0.0,0.02192134107027724,5.524177949709864
4653,0.13413841674153307,0.10528285057903003,1.2740766041554201,-0.1853214897379235,0.36793466580700623,0.09230751731399638,3.5209266104413244,0.34562001188038943,P_md,P_lead,20,20,0.003,0.02192134107027724,5.524177949709864
4653,0.1286142387918232,0.10538105849629502,1.22046827605499,-0.19666393371006774,0.36750483558994196,0.08675670123290223,3.2784100193233585,0.34584010447728547,P_md,P_lead,20,20,0.005,0.02192134107027724,5.524177949709864
4653,0.12032797186725844,0.1056241766499594,1.1392086138198048,-0.2134029314091761,0.3660004298302171,0.07843047711126101,2.9220962983253522,0.3461702433726296,P_md,P_lead,20,20,0.008,0.02192134107027724,5.524177949709864
4653,0.11480379391754855,0.10584978397146125,1.084591669535211,-0.22438170359464626,0.3649258542875564,0.07287966103016691,2.6895497432649957,0.3463903359695257,P_md,P_lead,20,20,0.01,0.02192134107027724,5.524177949709864
4672,0.1078902324977414,0.0838809817871907,1.2862299677352742,-0.19388172535056236,0.238013698630137,0.08209076510849879,4.130077415421267,0.21464775192439534,P_md,1590,1,1,0.0,0.4158818493150685,104.80222602739727
4672,-0.0493131065433545,0.0844952974177503,-0.5836195391981079,-0.6500795637687371,0.2183219178082192,-0.07499373425133446,-3.601549400447489,0.21365902335734485,P_md,1590,1,1,0.003,0.4158818493150685,104.80222602739727
4672,-0.15411533257075177,0.08579911252225277,-1.796234576794493,-0.9479012200474867,0.20226883561643835,-0.1797167338245566,-7.664836134210282,0.2129998709793112,P_md,1590,1,1,0.005,0.4158818493150685,104.80222602739727
4672,-0.3113186716118477,0.08901768813641173,-3.497267544566866,-0.9971505460568397,0.18086472602739725,-0.33680123318438976,-11.486355419808039,0.21201114241226077,P_md,1590,1,1,0.008,0.4158818493150685,104.80222602739727
4672,-0.416120897639245,0.09193656055121038,-4.526174300456431,-0.9995904296922506,0.16866438356164384,-0.4415242327576119,-12.980692819835998,0.21135199003422706,P_md,1590,1,1,0.01,0.4158818493150685,104.80222602739727
4668,0.07190791388230046,0.08167448642196032,0.8804207658043645,-0.21236555060290774,0.23821765209940018,0.047253171987769134,2.2393291620593088,0.20183194161485957,P_md,1590,1,5,0.0,0.0779777206512425,19.65038560411311
4668,0.042432335476130796,0.08179795809868011,0.5187456565228794,-0.253795012921726,0.2358611825192802,0.017814847257334294,0.842594253744549,0.20152697059800542,P_md,1590,1,5,0.003,0.0779777206512425,19.65038560411311
4668,0.022781949872017676,0.08215635722451348,0.27729990279096856,-0.28022926343607546,0.23286203941730935,-0.0018107025629555905,-0.08513954614343826,0.20132365658676937,P_md,1590,1,5,0.005,0.0779777206512425,19.65038560411311
4668,-0.0066936285341519805,0.08310093901662455,-0.08054816965200481,-0.32241482807486554,0.22729220222793486,-0.03124902729339046,-1.4469431853124834,0.20101868556991528,P_md,1590,1,5,0.008,0.0779777206512425,19.65038560411311
4668,-0.026344014138265093,0.08399486309420051,-0.31363839606143773,-0.5159643764707074,0.22514995715509856,-0.050874577113680354,-2.3222485272643425,0.20081537155867918,P_md,1590,1,5,0.01,0.0779777206512425,19.65038560411311
4663,0.06938118960683189,0.08254839171623395,0.8404911127200969,-0.17464772731595757,0.24597898348702552,0.044291341657037415,2.2224922052090057,0.2056910080152746,P_md,1590,1,10,0.0,0.03860175852455501,9.727643148187862
4663,0.05478972488455011,0.08255161252269334,0.663702660798885,-0.18239322390746293,0.24469225820287369,0.02969511465071536,1.4833091160842784,0.20573005006154993,P_md,1590,1,10,0.003,0.03860175852455501,9.727643148187862
4663,0.04506208173636224,0.08269527553716384,0.5449172451951143,-0.18890175551876154,0.24319107870469656,0.019964296646500648,0.9924956837049501,0.2057560780924002,P_md,1590,1,10,0.005,0.03860175852455501,9.727643148187862
4663,0.030470617014080444,0.08312157625562089,0.36657891231965123,-0.20352504651730896,0.24018871970834227,0.005368069640178586,0.26429817214817436,0.2057951201386755,P_md,1590,1,10,0.008,0.03860175852455501,9.727643148187862
4663,0.020742973865892588,0.08354464094453046,0.2482861094545239,-0.22864936966634908,0.23933090285224104,-0.0043627483640361,-0.21308004746431433,0.20582114816952574,P_md,1590,1,10,0.01,0.03860175852455501,9.727643148187862
4653,0.08600296486290757,0.08936936878604418,0.9623315687593588,-0.1909782449556109,0.2624113475177305,0.05687245082557717,2.663330645009771,0.24068544414410287,P_md,1590,1,20,0.0,0.019127444659359553,4.820116054158608
4653,0.07877279078166964,0.08932798556194385,0.8818377609897541,-0.19752277941219532,0.2619815173006662,0.04963380398197973,2.3255405147376464,0.2407554487643103,P_md,1590,1,20,0.003,0.019127444659359553,4.820116054158608
4653,0.07395267472751105,0.08936655580132437,0.8275206990400218,-0.20233717266736384,0.2611218568665377,0.04480803941958144,2.0989454433097023,0.24080211851111522,P_md,1590,1,20,0.005,0.019127444659359553,4.820116054158608
4653,0.06672250064627314,0.08952347872017406,0.7453072825155672,-0.20951361712283112,0.25983236621534495,0.03756939257598401,1.7577352098153916,0.2408721231313226,P_md,1590,1,20,0.008,0.019127444659359553,4.820116054158608
4653,0.061902384592114515,0.08969386942680121,0.6901517906152193,-0.214267957182679,0.25918762088974856,0.032743628013585734,1.5298448318856666,0.24091879287812756,P_md,1590,1,20,0.01,0.019127444659359553,4.820116054158608
4672,0.1322898889096307,0.08362172182173493,1.5820038864022288,-0.19877740368694274,0.2624143835616438,0.10697518521475348,4.897915805669183,0.21061458970285735,P_md,1590,3,1,0.0,0.2771832191780822,69.85017123287672
4672,0.02751463206031563,0.08422630420409814,0.32667504908730016,-0.2959066758153811,0.2512842465753425,0.002164706935770669,0.09796142076788689,0.21090762678706051,P_md,1590,3,1,0.003,0.2771832191780822,69.85017123287672
4672,-0.04233553917256108,0.08536961699072741,-0.49590873972363547,-0.6406919374419799,0.24079623287671234,-0.06770894525021783,-2.9167982462406035,0.21110298484319598,P_md,1590,3,1,0.005,0.2771832191780822,69.85017123287672
4672,-0.14711079602187618,0.08813737630245454,-1.6691079561643283,-0.9445316964490807,0.2243150684931507,-0.1725194235292006,-6.619331742709436,0.21139602192739923,P_md,1590,3,1,0.008,0.2771832191780822,69.85017123287672
4672,-0.21696096725475283,0.09063441240132931,-2.3938034296956587,-0.9848552014237304,0.21575342465753425,-0.24239307571518912,-8.485796476910135,0.21159137998353458,P_md,1590,3,1,0.01,0.2771832191780822,69.85017123287672
4668,0.07967482185344132,0.08622493329564926,0.9240346012243488,-0.18436607752699152,0.26328191945158524,0.05216774344268567,2.2614326211097424,0.22518211983498593,P_md,1590,3,5,0.0,0.07690659811482434,19.380462724935732
4668,0.05060412776603772,0.08620118923973116,0.5870467474097639,-0.2000725444632674,0.2609254498714653,0.0231776234405387,0.9970620064370062,0.2245225134947224,P_md,1590,3,5,0.003,0.07690659811482434,19.380462724935732
4668,0.031223665041101977,0.08644449176058693,0.3611990122815199,-0.22297187168634414,0.25814053127677805,0.0038508767724407247,0.1642273761376209,0.22408277593454676,P_md,1590,3,5,0.005,0.07690659811482434,19.380462724935732
4668,0.002152970953698381,0.08719380505201108,0.024691788050930162,-0.2810639214321776,0.2519280205655527,-0.025139243229706208,-1.0529848652174758,0.22342316959428327,P_md,1590,3,5,0.008,0.07690659811482434,19.380462724935732
4668,-0.017227491771237353,0.08794449284434162,-0.1958905124591412,-0.47668534100415894,0.24978577549271636,-0.04446598989780419,-1.8346954047186008,0.22298343203410764,P_md,1590,3,5,0.01,0.07690659811482434,19.380462724935732
4663,0.07115865531932897,0.08996479086815885,0.7909611597231433,-0.21801012435619282,0.2813639288012009,0.04121903505670386,1.6895945982917029,0.2454502986122857,P_md,1590,3,10,0.0,0.03881621273858031,9.781685610122238
4663,0.05648612690414561,0.09003955771965255,0.627347893911485,-0.23892047683144302,0.2798627493030238,0.02654525664265346,1.079400523437721,0.24546054632392963,P_md,1590,3,10,0.003,0.03881621273858031,9.781685610122238
4663,0.04670444129402337,0.09021975520450594,0.5176742187800878,-0.2525661149266306,0.27921938666094787,0.016762737699953192,0.6771755407227975,0.24546737813169225,P_md,1590,3,10,0.005,0.03881621273858031,9.781685610122238
4663,0.03203191287884001,0.09068402668162068,0.35322552439471744,-0.27260205104342916,0.275788119236543,0.002088959285902811,0.08342524570855459,0.24547762584333613,P_md,1590,3,10,0.008,0.03881621273858031,9.781685610122238
4663,0.02225022726871777,0.09112132045662226,0.24418244991642604,-0.2856763605950572,0.27493030238044175,-0.007693559656797452,-0.3045853215280628,0.2454844576510987,P_md,1590,3,10,0.01,0.03881621273858031,9.781685610122238
4653,0.1040243050521579,0.09419363748811223,1.1043665774695914,-0.1695691180464488,0.2901353965183752,0.07164948548258124,2.9700450030242695,0.26749091407049036,P_md,1590,3,20,0.0,0.018267784225231034,4.603481624758221
4653,0.09711908261502057,0.09419327720654254,1.0310617221870568,-0.17205498271056285,0.28949065119277884,0.064748559524174,2.6879685560428292,0.26745541521557537,P_md,1590,3,20,0.003,0.018267784225231034,4.603481624758221
4653,0.09251560099026235,0.0942530058775774,0.9815665837801321,-0.1737101556841989,0.2892757360842467,0.0601479422185692,2.4982971695376386,0.26743174931229874,P_md,1590,3,20,0.005,0.018267784225231034,4.603481624758221
4653,0.08561037855312502,0.09443232458984689,0.9065791711149894,-0.18320536656418196,0.28820116054158607,0.05324701626016194,2.2118769180764493,0.2673962504573838,P_md,1590,3,20,0.008,0.018267784225231034,4.603481624758221
4653,0.08100689692836678,0.09461142299974604,0.8562063053272568,-0.19300112686741766,0.28734150010745757,0.048646398954557114,2.019963460486528,0.2673725845541072,P_md,1590,3,20,0.01,0.018267784225231034,4.603481624758221
4672,0.11186194276927351,0.08360118486714672,1.3380425522322064,-0.2308135795756383,0.2651969178082192,0.08661068918163298,3.8787042501463893,0.21008669419740988,P_md,1590,5,1,0.0,0.2266695205479452,57.12071917808219
4672,0.0261808640021502,0.08427779681509572,0.31064960157407345,-0.2975986040912182,0.2555650684931507,0.0008075813704456621,0.03511636495970645,0.21110195779113616,P_md,1590,5,1,0.003,0.2266695205479452,57.12071917808219
4672,-0.030939855175931997,0.08537522832187551,-0.36239850579707733,-0.5425659722686247,0.24678938356164384,-0.056394490503679215,-2.3419864806925963,0.21177880018695364,P_md,1590,5,1,0.005,0.2266695205479452,57.12071917808219
4672,-0.1166209339430553,0.0879425290244379,-1.3261039367044825,-0.902916665149769,0.23523116438356165,-0.1421975983148665,-5.365150004743872,0.2127940637806799,P_md,1590,5,1,0.008,0.2266695205479452,57.12071917808219
4672,-0.1737416531211375,0.09022740291329048,-1.9255974073431452,-0.9664132257730824,0.2268835616438356,-0.19939967018899138,-6.984678839019677,0.2134709061764974,P_md,1590,5,1,0.01,0.2266695205479452,57.12071917808219
4668,0.08206513237194048,0.08656419493623115,0.9480262876862083,-0.19150986879304288,0.2639245929734362,0.054202274637116514,2.306021058712832,0.22809464806465915,P_md,1590,5,5,0.0,0.07047986289631533,17.760925449871465
4668,0.055423744197133286,0.08666516315961184,0.6395158351581129,-0.23406484267787298,0.2622107969151671,0.02759125235714299,1.1663373435198543,0.2278460627199262,P_md,1590,5,5,0.003,0.07047986289631533,17.760925449871465
4668,0.037662818747261816,0.08697006746018499,0.4330549561146875,-0.2612164093758499,0.2596401028277635,0.009850570837160625,0.41332660225124374,0.22768033915677094,P_md,1590,5,5,0.005,0.07047986289631533,17.760925449871465
4668,0.011021430572454622,0.08777886054823097,0.12555905264227926,-0.3001973410046075,0.254070265638389,-0.016760451442812914,-0.6924155819181417,0.22743175381203803,P_md,1590,5,5,0.008,0.07047986289631533,17.760925449871465
4668,-0.006739494877416846,0.08854735379494784,-0.07611175928558778,-0.3853061464515478,0.25149957155098546,-0.03450113296279527,-1.4067799577441833,0.22726603024888276,P_md,1590,5,5,0.01,0.07047986289631533,17.760925449871465
4663,0.08402986813238666,0.08780394162737164,0.9570170379024482,-0.19056852519872913,0.27407248552434055,0.05553596324108977,2.379162771184708,0.23359806847415474,P_md,1590,5,10,0.0,0.039245121166630925,9.889770533990994
4663,0.06919521233140019,0.08792307305977902,0.7869972002042545,-0.20917569567644312,0.2725713060261634,0.04066722824029253,1.7295376848687745,0.23387745577755556,P_md,1590,5,10,0.003,0.039245121166630925,9.889770533990994
4663,0.05930544179740918,0.08813729285654404,0.6728756905880604,-0.22335463746264594,0.2717134891700622,0.03075473823976104,1.2999971472132643,0.23406371397982276,P_md,1590,5,10,0.005,0.039245121166630925,9.889770533990994
4663,0.04447078599642271,0.0886588666097349,0.5015943435435225,-0.24417362517508945,0.268067767531632,0.01588600323896378,0.6641773748812676,0.23434310128322353,P_md,1590,5,10,0.008,0.039245121166630925,9.889770533990994
4663,0.03458101546243171,0.0891382558798851,0.387948082684387,-0.25775890955198666,0.26699549646150544,0.005973513238432282,0.24764710208081905,0.23452935948549075,P_md,1590,5,10,0.01,0.039245121166630925,9.889770533990994
4653,0.10863365635970344,0.0931193907472528,1.1666061760923663,-0.18648231092607714,0.2727272727272727,0.0770139267434674,3.199309176613971,0.2612521240321258,P_md,1590,5,20,0.0,0.018697614442295292,4.711798839458414
4653,0.10156595810051583,0.09313010696800657,1.090581353411387,-0.18648231092607692,0.2720825274016763,0.06995563149718205,2.9138231268609442,0.26117443339014884,P_md,1590,5,20,0.003,0.018697614442295292,4.711798839458414
4653,0.09685415926105741,0.09319929801821988,1.0392155447578912,-0.19197916673664306,0.2716526971846121,0.06525010133299182,2.7213880590833566,0.26112263962883087,P_md,1590,5,20,0.005,0.018697614442295292,4.711798839458414
4653,0.0897864610018698,0.09339587914895407,0.9613535609924746,-0.20401851949754524,0.27057812164195144,0.058191806086706495,2.43008088057883,0.26104494898685393,P_md,1590,5,20,0.008,0.018697614442295292,4.711798839458414
4653,0.08507466216241139,0.09358849307480152,0.9090290843171782,-0.21195480903713115,0.2697184612078229,0.053486275922516265,2.2344162598281305,0.26099315522553596,P_md,1590,5,20,0.01,0.018697614442295292,4.711798839458414
4672,0.13409350035460876,0.0823527986201813,1.6282810372123524,-0.2230897712249229,0.2836044520547945,0.10980757093333521,4.84298703431466,0.2020553399425795,P_md,1590,10,1,0.0,0.16545376712328766,41.69434931506849
4672,0.07155197638200604,0.08277097222383856,0.8644573630053197,-0.302780964844497,0.2763270547945205,0.04718467740751321,2.065763801398751,0.202732322587612,P_md,1590,10,1,0.003,0.16545376712328766,41.69434931506849
4672,0.02985762706693755,0.0835707827122923,0.3572735123198246,-0.35271268918975174,0.2699058219178082,0.005436081723631875,0.23243479113033372,0.20318364435096706,P_md,1590,10,1,0.005,0.16545376712328766,41.69434931506849
4672,-0.032683896905665186,0.08552280959860362,-0.38216584627031286,-0.5808591902997007,0.260916095890411,-0.05718681180219006,-2.305798966840933,0.20386062699599955,P_md,1590,10,1,0.008,0.16545376712328766,41.69434931506849
4672,-0.07437824622073368,0.08729953836856795,-0.851988998002691,-0.7881184204508149,0.254708904109589,-0.09893540748607133,-3.7920871117409964,0.20431194875935463,P_md,1590,10,1,0.01,0.16545376712328766,41.69434931506849
4668,0.08193725120516825,0.08909940090516368,0.9196161856619133,-0.23422344626255553,0.2722793487574979,0.052555500098718705,2.038944642359743,0.24052881588570288,P_md,1590,10,5,0.0,0.05976863753213368,15.061696658097686
4668,0.05934470621802171,0.08915436047074986,0.6656399743621265,-0.2722461139024289,0.27163667523564694,0.03002317648820048,1.1544151123275794,0.24003582360764114,P_md,1590,10,5,0.003,0.05976863753213368,15.061696658097686
4668,0.04428300955992401,0.08938927475950986,0.4953951095258537,-0.2966167675941094,0.26970865467009425,0.015001627414521667,0.5721941596107418,0.2397071620889333,P_md,1590,10,5,0.005,0.05976863753213368,15.061696658097686
4668,0.021690464572777474,0.09003595418492576,0.24090892098757807,-0.34431251367590954,0.2647814910025707,-0.007530696195996593,-0.28294922643553594,0.23921416981087154,P_md,1590,10,5,0.008,0.05976863753213368,15.061696658097686
4668,0.006628767914679793,0.09066001360496538,0.07311677608568923,-0.4045525468857538,0.2622107969151671,-0.02255224526967541,-0.837365082297609,0.2388855082921637,P_md,1590,10,5,0.01,0.05976863753213368,15.061696658097686
4663,0.09361298384294653,0.08905063305714674,1.0512332212492188,-0.2422509904025203,0.28200729144327685,0.06455413516533338,2.7169965120370794,0.2382295774857632,P_md,1590,10,10,0.0,0.03581385374222604,9.025091143040962
4663,0.08007534712838509,0.08906461351951264,0.8990702812721673,-0.2580156364061661,0.2809350203731503,0.05101806098733281,2.1429756105246747,0.2382167675348653,P_md,1590,10,10,0.003,0.03581385374222604,9.025091143040962
4663,0.07105025598534412,0.08919599097708696,0.7965633343722345,-0.2683556153394855,0.2800772035170491,0.041994011535332464,1.7595738071733333,0.23820822756760004,P_md,1590,10,10,0.005,0.03581385374222604,9.025091143040962
4663,0.05751261927078268,0.08957506878532828,0.642060564961607,-0.28361495815601323,0.2766459360926442,0.028457937357331913,1.1860153267838163,0.23819541761670224,P_md,1590,10,10,0.008,0.03581385374222604,9.025091143040962
4663,0.04848752812774172,0.08994793518979458,0.5390621588525701,-0.29362310094014643,0.2751447565944671,0.019433887905331557,0.8061591433920556,0.23818687764943694,P_md,1590,10,10,0.01,0.03581385374222604,9.025091143040962
4653,0.1046257213688387,0.09308472591253446,1.1239837722372257,-0.18648231092607737,0.27401676337846553,0.07286965201733604,3.10884300908518,0.26237860568964416,P_md,1590,10,20,0.0,0.019127444659359553,4.820116054158608
4653,0.09739554728760079,0.0930890191911161,1.046262471491328,-0.18648231092607737,0.2733720180528691,0.06565836987507276,2.8068961060387667,0.26222251456413154,P_md,1590,10,20,0.003,0.019127444659359553,4.820116054158608
4653,0.09257543123344217,0.093155357857055,0.9937746294260099,-0.1919791667366435,0.2727272727272727,0.06085084844689722,2.603777112037817,0.26211845381378973,P_md,1590,10,20,0.005,0.019127444659359553,4.820116054158608
4653,0.08534525715220427,0.09334980992085443,0.914252072120589,-0.20401851949754524,0.2712228669675478,0.05363956630463392,2.2968834393457866,0.26196236268827705,P_md,1590,10,20,0.008,0.019127444659359553,4.820116054158608
4653,0.08052514109804565,0.09354243366048312,0.860840775110851,-0.21195480903713193,0.2703632065334193,0.048832044876458376,2.0911205967607507,0.26185830193793525,P_md,1590,10,20,0.01,0.019127444659359553,4.820116054158608
4672,0.13224428635159577,0.08194178702469401,1.6138809166041566,-0.1587889665235015,0.3032962328767123,0.10850613723445343,4.843694112743504,0.19749788885041986,P_md,1590,20,1,0.0,0.10851883561643835,27.346746575342465
4672,0.09122416648858206,0.08218763528203359,1.1099500086057823,-0.17877851744081208,0.2983732876712329,0.06752001343101327,2.9857682314908427,0.19721504666411988,P_md,1590,20,1,0.003,0.10851883561643835,27.346746575342465
4672,0.06387741991323959,0.08272042575268965,0.7722085486384554,-0.2020821646851646,0.2943065068493151,0.040195930895386436,1.746948291211419,0.1970264852065866,P_md,1590,20,1,0.005,0.10851883561643835,27.346746575342465
4672,0.02285730005022588,0.08405892120777538,0.2719199785318158,-0.2774858391454559,0.2876712328767123,-0.0007901929080537349,-0.03298305952410469,0.19674364302028674,P_md,1590,20,1,0.008,0.10851883561643835,27.346746575342465
4672,-0.004489446525116589,0.08529762787854255,-0.052632724224280024,-0.3914825309766298,0.2833904109589041,-0.028114275443680472,-1.1333865512924217,0.19655508156275345,P_md,1590,20,1,0.01,0.10851883561643835,27.346746575342465
4668,0.09677625547216069,0.08689605925504294,1.1137013151323587,-0.18648231092607737,0.29541559554413027,0.06940404057036222,2.8703189858569647,0.22407808216214162,P_md,1590,20,5,0.0,0.04477292202227935,11.282776349614396
4668,0.07985209094773908,0.08696524611246664,0.9182069219291513,-0.18770258745968815,0.29477292202227934,0.05248402677042784,2.1530187888739283,0.22404410294686705,P_md,1590,20,5,0.003,0.04477292202227935,11.282776349614396
4668,0.0685693145981247,0.08716606631397025,0.7866514745674027,-0.19998575282843534,0.29370179948586117,0.041204017570471645,1.6783710453457645,0.22402145013668406,P_md,1590,20,5,0.005,0.04477292202227935,11.282776349614396
4668,0.0516451500737031,0.08769721463680702,0.5889029690120551,-0.2278176656709614,0.2898457583547558,0.02428400377053726,0.9764222004096003,0.22398747092140953,P_md,1590,20,5,0.008,0.04477292202227935,11.282776349614396
4668,0.0403623737240887,0.08820243848296722,0.45761063320129275,-0.24922352683013238,0.28813196229648674,0.013003994570581042,0.5176066670908811,0.22396481811122645,P_md,1590,20,5,0.01,0.04477292202227935,11.282776349614396
4663,0.09682264276570827,0.0898469120146125,1.077640183671101,-0.2588087992028145,0.30581170920008577,0.06746360453524701,2.793693317667525,0.24069058449722566,P_md,1590,20,10,0.0,0.028522410465365643,7.187647437272142
4663,0.08604117160980002,0.08986143919191626,0.9574871311157467,-0.27641322711455174,0.30452498391593397,0.05668420127207489,2.3354655258712933,0.24067363154708382,P_md,1590,20,10,0.003,0.028522410465365643,7.187647437272142
4663,0.07885352417252789,0.08996821122387422,0.8764598417580088,-0.28793090254729314,0.30388162127385804,0.049497932429960194,2.030885072501955,0.2406623295803226,P_md,1590,20,10,0.005,0.028522410465365643,7.187647437272142
4663,0.06807205301661967,0.09027331115720888,0.754066203443826,-0.30488558229933793,0.3019515333476303,0.03871852916678809,1.57685918186051,0.24064537663018074,P_md,1590,20,10,0.008,0.028522410465365643,7.187647437272142
4663,0.06088440557934754,0.0905725795447416,0.6722167557265109,-0.31597763660507416,0.3008792622775038,0.03153226032467336,1.2768946836193409,0.24063407466341952,P_md,1590,20,10,0.01,0.028522410465365643,7.187647437272142
4653,0.10323764565087847,0.0943233618881782,1.0945076976080252,-0.1916736068326338,0.30582419944122075,0.07066096282749894,2.9043271726574043,0.26915877159046636,P_md,1590,20,20,0.0,0.017837954008166772,4.495164410058027
4653,0.09649489903579143,0.09433866895784968,1.0228562698812844,-0.19651571444507077,0.30539436922415647,0.06393328452691839,2.6167958045072743,0.2690342724496392,P_md,1590,20,20,0.003,0.017837954008166772,4.495164410058027
4653,0.0919997346257334,0.09440735948509967,0.9744974875634961,-0.19973167837256844,0.3047496238985601,0.059448165659864695,2.4254340447836826,0.2689512730224211,P_md,1590,20,20,0.005,0.017837954008166772,4.495164410058027
4653,0.08525698801064638,0.0945978691870413,0.9012569600492174,-0.2045375110364821,0.30324521813883515,0.05272048735928414,2.139365592718102,0.2688267738815939,P_md,1590,20,20,0.008,0.017837954008166772,4.495164410058027
4653,0.08076182360058834,0.0947829181000361,0.8520715042276967,-0.2077293522468313,0.30238555770470665,0.04823536849223045,1.949575966374877,0.2687437744543758,P_md,1590,20,20,0.01,0.017837954008166772,4.495164410058027
4672,0.13915571683692673,0.08921052884724823,1.5598575485994233,-0.19441543864498,0.2658390410958904,0.1098199043393997,5.234430482164877,0.24406962006104468,P_md,2049,1,1,0.0,0.4552654109589041,114.72688356164383
4672,-0.03293460850553902,0.0897501297815141,-0.3669588956106734,-0.6438590295942286,0.2476455479452055,-0.06207098912154641,-2.6979089267801193,0.2424103763106062,P_md,2049,1,1,0.003,0.4552654109589041,114.72688356164383
4672,-0.14766149206718285,0.09097107630851786,-1.6231696717141832,-0.9519281603600087,0.22966609589041095,-0.1766649180955104,-6.933125073685654,0.2413042138103139,P_md,2049,1,1,0.005,0.4552654109589041,114.72688356164383
4672,-0.3197518174096486,0.09402724165332049,-3.400629559979832,-0.9978083652842641,0.20440924657534246,-0.3485558115564566,-11.491206753558158,0.23964497005987537,P_md,2049,1,1,0.008,0.4552654109589041,114.72688356164383
4672,-0.43447870097129243,0.09682106438306375,-4.487439832847912,-0.9997318247473196,0.1937071917808219,-0.4631497405304208,-13.59213101130305,0.23853880755958318,P_md,2049,1,1,0.01,0.4552654109589041,114.72688356164383
4668,0.08371807648557697,0.08194514211528349,1.0216356250599854,-0.15678431194729014,0.24764353041988005,0.05842883035886326,2.6533352590015586,0.2070262049209634,P_md,2049,1,5,0.0,0.08868894601542417,22.34961439588689
4668,0.05019365489174664,0.08197443857096613,0.6123086143285199,-0.19994156219911396,0.2442159383033419,0.024983618974940995,1.1168927885374769,0.2063777637192723,P_md,2049,1,5,0.003,0.08868894601542417,22.34961439588689
4668,0.027844040495859753,0.08230394659125176,0.3383074767257801,-0.2434417036131744,0.24014567266495288,0.002686811385659498,0.11845601713061184,0.20594546958481158,P_md,2049,1,5,0.005,0.08868894601542417,22.34961439588689
4668,-0.0056803810979705795,0.0832558135998688,-0.06822804141066649,-0.49629505659261386,0.2345758354755784,-0.030758399998262742,-1.3219957004091978,0.20529702838312047,P_md,2049,1,5,0.008,0.08868894601542417,22.34961439588689
4668,-0.028029995493857474,0.08418741365318735,-0.3329475782369073,-0.6406083995349028,0.230719794344473,-0.05305520758754423,-2.2359021474466876,0.20486473424865978,P_md,2049,1,5,0.01,0.08868894601542417,22.34961439588689
4663,0.07216722596822149,0.08642062265325412,0.8350694979111458,-0.18311465179808784,0.24790907141325327,0.04407364235741488,1.876634966794794,0.2303161638616287,P_md,2049,1,10,0.0,0.03988848380870684,10.051897919794124
4663,0.05708937908853032,0.08648588764567927,0.6601005163110267,-0.19441117872975078,0.24640789191507614,0.028967346135405712,1.223317992703972,0.23054939659825058,P_md,2049,1,10,0.003,0.03988848380870684,10.051897919794124
4663,0.047037481168736184,0.08666870517063972,0.5427274017319785,-0.23377728925180907,0.24597898348702552,0.01889648198739961,0.7929701929825052,0.23070488508933185,P_md,2049,1,10,0.005,0.03988848380870684,10.051897919794124
4663,0.031959634289045004,0.08715013939261942,0.3667192561226312,-0.2893161133151885,0.24233326184859533,0.0037901857653904305,0.1573516152955756,0.23093811782595375,P_md,2049,1,10,0.008,0.03988848380870684,10.051897919794124
4663,0.021907736369250884,0.08760746289932009,0.25006701077997895,-0.32412962029440084,0.2414754449924941,-0.006280678382615664,-0.2586842700297367,0.23109360631703502,P_md,2049,1,10,0.01,0.03988848380870684,10.051897919794124
4653,0.0735005479546084,0.0966482297705432,0.7604955427441278,-0.2880394720790791,0.2443584784010316,0.038597134406424746,1.4589095465944961,0.28838295064839703,P_md,2049,1,20,0.0,0.02364066193853428,5.957446808510638
4653,0.06456437774184245,0.0966767804928409,0.667837482927181,-0.29229952480842814,0.24306898774983882,0.029654897908683055,1.1179844811061475,0.28843307219763636,P_md,2049,1,20,0.003,0.02364066193853428,5.957446808510638
4653,0.058606930933331816,0.09677098866311079,0.6056250095507483,-0.2951289196020741,0.2422093273157103,0.023693406910188602,0.891353876922051,0.2884664865637959,P_md,2049,1,20,0.005,0.02364066193853428,5.957446808510638
4653,0.049670760720565865,0.09702462449955483,0.5119397367087339,-0.2993570938219581,0.24027509133892114,0.014751170412446914,0.5528878811787823,0.28851660811303526,P_md,2049,1,20,0.008,0.02364066193853428,5.957446808510638
4653,0.04371331391205523,0.09726814183223731,0.44941039366671076,-0.30308423886999825,0.23941543090479261,0.008789679413952464,0.3285138377655399,0.2885500224791948,P_md,2049,1,20,0.01,0.02364066193853428,5.957446808510638
4672,0.16389696487419128,0.0877475611542696,1.8678235921114992,-0.11890337582139598,0.2964469178082192,0.1354077350476037,6.559166984155537,0.23702617748164173,P_md,2049,3,1,0.0,0.2853167808219178,71.89982876712328
4672,0.056047221723506346,0.08822507633123235,0.6352754120957923,-0.22243563040082392,0.2855308219178082,0.027712731757068183,1.3013515481715234,0.2357387647372991,P_md,2049,3,1,0.003,0.2853167808219178,71.89982876712328
4672,-0.01585260704361693,0.08926463653413622,-0.17759112297012092,-0.526790834733523,0.2737585616438356,-0.04408393710328883,-1.9736383996287366,0.23488048957440397,P_md,2049,3,1,0.005,0.2853167808219178,71.89982876712328
4672,-0.12370235019430187,0.09185684218500532,-1.3466862919711275,-0.9302397552063537,0.2581335616438356,-0.1517789403938244,-6.1561325308639026,0.23359307683006134,P_md,2049,3,1,0.008,0.2853167808219178,71.89982876712328
4672,-0.19560217896142512,0.09422936754777678,-2.075809103380108,-0.9805636052876273,0.2508561643835616,-0.22357560925418135,-8.404201418382396,0.23273480166716626,P_md,2049,3,1,0.01,0.2853167808219178,71.89982876712328
4668,0.09533145356028527,0.08667727779370159,1.099843649764605,-0.18192701981809278,0.2778491859468723,0.06720758681040362,3.058496249296733,0.2302313549307636,P_md,2049,3,5,0.0,0.08826049700085689,22.24164524421594
4668,0.06196898569396137,0.08676620541866249,0.7142064746861974,-0.22499548526645474,0.27420736932305056,0.033876905491437743,1.5064802031998723,0.22997113965055713,P_md,2049,3,5,0.003,0.08826049700085689,22.24164524421594
4668,0.039727340449745435,0.08711695784007618,0.45602304573897523,-0.25247441456484176,0.2705655526992288,0.011656451278793807,0.5089204471292035,0.22979766279708613,P_md,2049,3,5,0.005,0.08826049700085689,22.24164524421594
4668,0.006364872583421522,0.08807332313448159,0.07226788267887682,-0.3896780998427869,0.26456726649528706,-0.021674230040172094,-0.9171003018622784,0.2295374475168796,P_md,2049,3,5,0.008,0.08826049700085689,22.24164524421594
4668,-0.015876772660794413,0.08899053234426872,-0.17840968294664808,-0.556430679046996,0.2609254498714653,-0.04389468425281601,-1.8150325982507545,0.2293639706634086,P_md,2049,3,5,0.01,0.08826049700085689,22.24164524421594
4663,0.10794674260315695,0.0922104345409307,1.1706564787441835,-0.22402018907451382,0.2914432768603903,0.07631296739974308,3.150136790566597,0.2593392802514806,P_md,2049,3,10,0.0,0.044606476517263564,11.240832082350419
4663,0.09108549447963131,0.09230795618775757,0.9867567026872558,-0.23330722464955878,0.2897276431481879,0.059403305570247235,2.4254052825390158,0.25973618436993917,P_md,2049,3,10,0.003,0.044606476517263564,11.240832082350419
4663,0.07984466239728089,0.09251815734344951,0.8630161331562024,-0.2394444162002739,0.28844091786403603,0.04813019768391668,1.9490881018875257,0.2600007871155783,P_md,2049,3,10,0.005,0.044606476517263564,11.240832082350419
4663,0.06298341427375526,0.09304927129694517,0.6768824021496987,-0.24856960564082786,0.2850096504396311,0.03122053585442083,1.247300595758404,0.2603976912340369,P_md,2049,3,10,0.008,0.044606476517263564,11.240832082350419
4663,0.051742582191404846,0.093545316079676,0.5531285195223862,-0.2545997103465776,0.2837229251554793,0.01994742796809024,0.7891462060682699,0.26066229397967594,P_md,2049,3,10,0.01,0.044606476517263564,11.240832082350419
4653,0.09360310178498078,0.10621520833916878,0.8812589387960834,-0.3091705168993172,0.2856221792392005,0.05185582988988768,1.8594649448965632,0.344929054976468,P_md,2049,3,20,0.0,0.02256608639587363,5.686653771760155
4653,0.08507312112734053,0.10620427496500555,0.8010329259850627,-0.31123517679505686,0.284762518805072,0.04334474654898649,1.548615880442603,0.3447729194181787,P_md,2049,3,20,0.003,0.02256608639587363,5.686653771760155
4653,0.07938646735558039,0.10626240407943531,0.7470795343218086,-0.3138953959538415,0.2839028583709435,0.0376706909883857,1.3422430590576673,0.34466882904598595,P_md,2049,3,20,0.005,0.02256608639587363,5.686653771760155
4653,0.07085648669794015,0.10644751045528392,0.6656471945175767,-0.32004621207414163,0.2826133677197507,0.02915960764748452,1.0343262122210952,0.3445126934876967,P_md,2049,3,20,0.008,0.02256608639587363,5.686653771760155
4653,0.06516983292617998,0.10663592545390697,0.611143314495352,-0.32412117265112717,0.2819686223941543,0.02348555208688372,0.8303411784779059,0.3444086031155039,P_md,2049,3,20,0.01,0.02256608639587363,5.686653771760155
4672,0.1611703503217695,0.08574945835425675,1.8795494853848105,-0.1511664875734099,0.3009417808219178,0.1341232521560055,5.92170362650262,0.2250278554114796,P_md,2049,5,1,0.0,0.22966609589041095,57.87585616438356
4672,0.07435656607519414,0.08605485130798378,0.8640601307772604,-0.23008822457329636,0.2906678082191781,0.04742715196351438,2.0479537877155365,0.22404874149159076,P_md,2049,5,1,0.003,0.22966609589041095,57.87585616438356
4672,0.016480709910810593,0.0869016638597951,0.18964780625374614,-0.336116397877696,0.2827482876712329,-0.01037024816481304,-0.43290646345216827,0.2233959988783315,P_md,2049,5,1,0.005,0.22966609589041095,57.87585616438356
4672,-0.07033307433576476,0.0891000370364396,-0.7893719988803188,-0.822722025849157,0.269263698630137,-0.09706634835730416,-3.7693923513149885,0.22241688495844267,P_md,2049,5,1,0.008,0.22966609589041095,57.87585616438356
4672,-0.1282089305001483,0.09114957346577143,-1.4065774048662276,-0.9364441322484393,0.2628424657534247,-0.15486374848563159,-5.6751455233609285,0.2217641423451835,P_md,2049,5,1,0.01,0.22966609589041095,57.87585616438356
4668,0.09478343211975404,0.08818576396113761,1.0748155695688473,-0.19137543974607185,0.2838474721508141,0.06597804462012825,2.8176850084646894,0.2358105111336595,P_md,2049,5,5,0.0,0.0805484147386461,20.298200514138816
4668,0.06433613134854582,0.08824822848244859,0.7290359529578708,-0.21999226951342898,0.2810625535561268,0.0355296528922227,1.4903823034522543,0.2358194420691111,P_md,2049,5,5,0.003,0.0805484147386461,20.298200514138816
4668,0.044037930834406984,0.08855374132458581,0.4973017534402064,-0.238528197010473,0.2782776349614396,0.01523072507361902,0.6299310328759646,0.23582539602607877,P_md,2049,5,5,0.005,0.0805484147386461,20.298200514138816
4668,0.013590630063198769,0.08940240519457121,0.15201638069603113,-0.3526595985682669,0.27163667523564694,-0.015217666654286534,-0.6144211464275069,0.2358343269615304,P_md,2049,5,5,0.008,0.0805484147386461,20.298200514138816
4668,-0.006707570450940055,0.09022273208532283,-0.07434457254737938,-0.4972783055833182,0.269280205655527,-0.03551659447289026,-1.408779584137146,0.23584028091849807,P_md,2049,5,5,0.01,0.0805484147386461,20.298200514138816
4663,0.10224539318093553,0.09447447410050244,1.0822541660530054,-0.19214900885143216,0.2976624490671242,0.06893735157721459,2.875693215630545,0.2730652121205931,P_md,2049,5,10,0.0,0.044606476517263564,11.240832082350419
4663,0.0853841450574099,0.09458952269595843,0.9026807898361259,-0.2018124480730379,0.29637572378297233,0.052021567521051616,2.1472764500966797,0.27351230733534604,P_md,2049,5,10,0.003,0.044606476517263564,11.240832082350419
4663,0.07414331297505947,0.09480787488291725,0.7820374949509475,-0.20819840951317758,0.2948745442847952,0.04074437815027628,1.6685358053817942,0.2738103708118481,P_md,2049,5,10,0.005,0.044606476517263564,11.240832082350419
4663,0.05728206485153385,0.09534593646521669,0.60078139640939,-0.2333404684454995,0.29187218528844094,0.023828594094113312,0.9631118326772196,0.2742574660266011,P_md,2049,5,10,0.008,0.044606476517263564,11.240832082350419
4663,0.046041232769183434,0.09584316118160166,0.4803809912106869,-0.25459186407499024,0.2905854600042891,0.012551404723337977,0.5025092071603441,0.2745555295031031,P_md,2049,5,10,0.01,0.044606476517263564,11.240832082350419
4653,0.09436248313176346,0.09920583143170522,0.9511787943304926,-0.2859060176378737,0.28820116054158607,0.05767635476377115,2.2754145629288676,0.30311229966153314,P_md,2049,5,20,0.0,0.021706425961745112,5.470019342359768
4653,0.08615745411822377,0.0991990492867204,0.8685310467966101,-0.294439958457686,0.28734150010745757,0.04948298155167377,1.9427842473311965,0.3030159957740221,P_md,2049,5,20,0.003,0.021706425961745112,5.470019342359768
4653,0.080687434775864,0.09926195340280446,0.8128737346970681,-0.30007955150254706,0.2862669245647969,0.044020732743608855,1.7221414776900954,0.30295179318234816,P_md,2049,5,20,0.005,0.021706425961745112,5.470019342359768
4653,0.07248240576232437,0.09945719202682769,0.7287799332075743,-0.3084649857091539,0.284762518805072,0.03582735953151148,1.3933362703124132,0.30285548929483713,P_md,2049,5,20,0.008,0.021706425961745112,5.470019342359768
4653,0.0670123864199646,0.09965429862916571,0.6724485279790245,-0.314006317035892,0.2841177734794756,0.03036511072344655,1.1758457468887937,0.30279128670316324,P_md,2049,5,20,0.01,0.021706425961745112,5.470019342359768
4672,0.15373652732124155,0.08622153977477472,1.7830408471343406,-0.15797877024925877,0.3103595890410959,0.12670813598583824,5.537562440995299,0.2248722173503533,P_md,2049,10,1,0.0,0.15946061643835616,40.18407534246575
4672,0.09346041430754291,0.08636309162967215,1.0821800440899492,-0.2271256037013476,0.3022260273972603,0.06644926886628431,2.796392992777521,0.22472873406241428,P_md,2049,10,1,0.003,0.15946061643835616,40.18407534246575
4672,0.05327633896507716,0.08694440101633247,0.6127633101419518,-0.2700915542469874,0.296875,0.02627669078658168,1.0674088174338179,0.22463307853712167,P_md,2049,10,1,0.005,0.15946061643835616,40.18407534246575
4672,-0.006999774048621476,0.0885275946253359,-0.07906883812042712,-0.43732442681112815,0.2868150684931507,-0.03398217633297226,-1.294634776415657,0.22448959524918263,P_md,2049,10,1,0.008,0.15946061643835616,40.18407534246575
4672,-0.047183849391087225,0.0900377583422981,-0.5240451368381204,-0.7232366229225238,0.28125,-0.07415475441267491,-2.6929648681277545,0.22439393972389002,P_md,2049,10,1,0.01,0.15946061643835616,40.18407534246575
4668,0.10500701258264857,0.09163753790368641,1.1458951755449156,-0.1848483690983821,0.3097686375321337,0.07412669513394898,3.086133903360512,0.2527965798634753,P_md,2049,10,5,0.0,0.062339331619537273,15.709511568123393
4668,0.08144274523046348,0.09168030695539285,0.8883341246892806,-0.22074040509950665,0.3074121679520137,0.05052164290825612,2.058480826376214,0.2531304584432558,P_md,2049,10,5,0.003,0.062339331619537273,15.709511568123393
4668,0.06573323366234007,0.0919094061495403,0.7151959349556614,-0.2451615771215533,0.30569837189374466,0.03478494142446084,1.3951725680391052,0.25335304416310944,P_md,2049,10,5,0.005,0.062339331619537273,15.709511568123393
4668,0.04216896631015497,0.0925509555561366,0.45562972372097743,-0.28063906563799257,0.30077120822622105,0.011179889198767895,0.437186059827532,0.25368692274288995,P_md,2049,10,5,0.008,0.062339331619537273,15.709511568123393
4668,0.026459454742031596,0.09317406488119402,0.28397875284039575,-0.3033875125440032,0.299057412167952,-0.004556812285027381,-0.17503036500630748,0.2539095084627436,P_md,2049,10,5,0.01,0.062339331619537273,15.709511568123393
4663,0.08946743947700422,0.09503311486848251,0.9414343579163886,-0.18405418278198482,0.3101007934805919,0.056162025002248386,2.4779428622659343,0.2730436744530037,P_md,2049,10,10,0.0,0.0383873043105297,9.673600686253485
4663,0.07495703844762401,0.09505452567023273,0.7885688547609845,-0.19799593258022596,0.30859961398241476,0.04162817796032945,1.8149012308313133,0.2732358890077779,P_md,2049,10,10,0.003,0.0383873043105297,9.673600686253485
4663,0.06528343776137052,0.09519105403173936,0.6858148428486064,-0.20919707364478346,0.3073128886982629,0.03193894659905017,1.3802152944402315,0.27336403204429405,P_md,2049,10,10,0.005,0.0383873043105297,9.673600686253485
4663,0.050773036731990295,0.09557818051589254,0.5312199547840093,-0.22979000786613302,0.30516834655800984,0.01740509955713126,0.7413270304031717,0.27355624659906835,P_md,2049,10,10,0.008,0.0383873043105297,9.673600686253485
4663,0.04109943604573681,0.09595667653089411,0.4283124169322859,-0.2503899174455232,0.3032382586317821,0.007715868195851977,0.32523132203599286,0.27368438963558445,P_md,2049,10,10,0.01,0.0383873043105297,9.673600686253485
4653,0.09690297944885917,0.09743040393121691,0.9945866540517467,-0.28201201182559277,0.30388996346443153,0.0621234953857423,2.504889090231082,0.28735900637066714,P_md,2049,10,20,0.0,0.020846765527616593,5.2533849129593815
4653,0.0890229020794201,0.09742305154021648,0.913776572094657,-0.2963514107687226,0.30303030303030304,0.0542665708048997,2.173906185698978,0.287167710769107,P_md,2049,10,20,0.003,0.020846765527616593,5.2533849129593815
4653,0.08376951716646072,0.09748414391727994,0.8593142823056769,-0.3061767815120232,0.3021706425961745,0.049028621084338,1.9548361643012757,0.2870401803680669,P_md,2049,10,20,0.005,0.020846765527616593,5.2533849129593815
4653,0.07588943979702165,0.09767452577673043,0.7769624596949027,-0.32067620935036445,0.3008811519449817,0.04117169650349546,1.6291086323109802,0.2868488847665068,P_md,2049,10,20,0.008,0.020846765527616593,5.2533849129593815
4653,0.07063605488406227,0.09786697707806014,0.7217557647430135,-0.33018563320186956,0.30023640661938533,0.03593374678293375,1.4141479348992474,0.28672135436546675,P_md,2049,10,20,0.01,0.020846765527616593,5.2533849129593815
4672,0.12894757894460174,0.09004984979616433,1.4319577349266635,-0.2300025788422837,0.3150684931506849,0.0996275741729156,4.161693527198988,0.24393810212063188,P_md,2049,20,1,0.0,0.11065924657534247,27.886130136986303
4672,0.0871183837391223,0.09025020196203833,0.9652984906977455,-0.25505013095903906,0.3101455479452055,0.05771059131254553,2.330541286211616,0.2446684824220811,P_md,2049,20,1,0.003,0.11065924657534247,27.886130136986303
4672,0.05923225360213599,0.09072593479782882,0.6528701383361607,-0.2802274594759674,0.3065068493150685,0.029765936072298795,1.1679629226157036,0.24515540262304733,P_md,2049,20,1,0.005,0.11065924657534247,27.886130136986303
4672,0.017403058396656547,0.09194215905294197,0.18928268137183457,-0.3499657932490865,0.2994434931506849,-0.012151046788071277,-0.45337129952368727,0.24588578292449653,P_md,2049,20,1,0.008,0.11065924657534247,27.886130136986303
4672,-0.010483071740329756,0.09307784273965217,-0.11262693066116643,-0.49648238955497326,0.2958047945205479,-0.040095702028317984,-1.4414222553155809,0.24637270312546275,P_md,2049,20,1,0.01,0.11065924657534247,27.886130136986303
4668,0.09863678006303876,0.09424246032511546,1.0466278121641126,-0.21273825107049915,0.318337617823479,0.06610119650757905,2.6666012200929687,0.2663471403863087,P_md,2049,20,5,0.0,0.04691516709511568,11.822622107969151
4668,0.08090284690108503,0.09429018225943017,0.8580198379348637,-0.25413690994375926,0.31683804627249357,0.0483494618774718,1.9127614468003993,0.26649286914292636,P_md,2049,20,5,0.003,0.04691516709511568,11.822622107969151
4668,0.06908022479311587,0.09447122580954449,0.7312303212025927,-0.28055182874198414,0.31533847472150817,0.03651497212406695,1.4242812585799203,0.26659002164733814,P_md,2049,20,5,0.005,0.04691516709511568,11.822622107969151
4668,0.051346291631162166,0.09496492757800903,0.5406868929477538,-0.31847677586792456,0.3112682090831191,0.01876323749395968,0.7154336292181762,0.2667357504039557,P_md,2049,20,5,0.008,0.04691516709511568,11.822622107969151
4668,0.03952366952319301,0.09544036560267982,0.4141190079649406,-0.3426725846308344,0.30912596401028275,0.0069287477405548725,0.2599928431793987,0.2668329029083675,P_md,2049,20,5,0.01,0.04691516709511568,11.822622107969151
4663,0.10122244040169215,0.09512255764435446,1.0641265637551929,-0.22304124887450738,0.32018014153978125,0.06768288374421434,2.8291297391392907,0.27496321345058344,P_md,2049,20,10,0.0,0.03023804417756809,7.619987132747159
4663,0.0897924597025714,0.09507690894860854,0.9444192148811494,-0.23631684179154389,0.3191078704696547,0.056247798244672666,2.3259058958817835,0.2750050635066858,P_md,2049,20,10,0.003,0.03023804417756809,7.619987132747159
4663,0.08217247256982424,0.09514361919519411,0.8636677190221385,-0.24698277620661357,0.3182500536135535,0.04862440791164486,1.9949481146763994,0.2750329635440874,P_md,2049,20,10,0.005,0.03023804417756809,7.619987132747159
4663,0.07074249187070351,0.09538899101131111,0.7416211359475955,-0.26272258052012387,0.31610551147330046,0.037189322412103196,1.5065478052559838,0.27507481360018987,P_md,2049,20,10,0.008,0.03023804417756809,7.619987132747159
4663,0.06312250473795634,0.09564886333849303,0.659939935873271,-0.27304546728181567,0.314389877761098,0.029565932079075426,1.1869492622037299,0.27510271363759137,P_md,2049,20,10,0.01,0.03023804417756809,7.619987132747159
4653,0.11330382186425673,0.09600540740589786,1.1801816681556647,-0.2770030744507469,0.3152804642166344,0.07963113454603771,3.069017080205222,0.2782143045030102,P_md,2049,20,20,0.0,0.016978293574038256,4.27852998065764
4653,0.1068860268932703,0.09601231598646631,1.1132532925081897,-0.2877998915268636,0.31463571889103803,0.07321923146515141,2.801644465183695,0.2781656238589339,P_md,2049,20,20,0.003,0.016978293574038256,4.27852998065764
4653,0.10260749691261264,0.09607167210416989,1.0680307177474335,-0.29491692445067674,0.31356114334837737,0.06894462941122723,2.624810129252492,0.27813317009621624,P_md,2049,20,20,0.005,0.016978293574038256,4.27852998065764
4653,0.09618970194162621,0.09624262927828149,0.9994500634796433,-0.3054724983259445,0.31248656780571676,0.06253272633034096,2.3619402420502005,0.2780844894521399,P_md,2049,20,20,0.008,0.016978293574038256,4.27852998065764
4653,0.09191117196096855,0.09641099008894909,0.9533267097057194,-0.3124303110740335,0.3120567375886525,0.05825812427641679,2.18842277621355,0.27805203568942244,P_md,2049,20,20,0.01,0.016978293574038256,4.27852998065764
4672,0.13184395009248248,0.08550717017985428,1.5419051971333428,-0.18839964850835178,0.2613441780821918,0.10523605210765666,4.981500296623869,0.22137377488102394,P_md,0.5·P_lead+0.5·1590,1,1,0.0,0.4064640410958904,102.42893835616438
4672,-0.021799457441764116,0.08620945817903021,-0.25286619243672115,-0.4506161138542446,0.2425085616438356,-0.04827087299163693,-2.2006271237970783,0.22023826121332563,P_md,0.5·P_lead+0.5·1590,1,1,0.003,0.4064640410958904,102.42893835616438
4672,-0.1242283957979285,0.08754706000279466,-1.4189899214658144,-0.9126443270737865,0.22902397260273974,-0.15060882305783269,-6.196355477725335,0.21948125210152672,P_md,0.5·P_lead+0.5·1590,1,1,0.005,0.4064640410958904,102.42893835616438
4672,-0.27787180333217504,0.0907807484801179,-3.0609111291149182,-0.9949253240168109,0.20590753424657535,-0.3041157481571263,-10.223731495295581,0.21834573843382837,P_md,0.5·P_lead+0.5·1590,1,1,0.008,0.4064640410958904,102.42893835616438
4672,-0.38030074168833944,0.0936888611218153,-4.059188436433955,-0.9992406316325575,0.1934931506849315,-0.40645369822332184,-11.896764885406693,0.2175887293220295,P_md,0.5·P_lead+0.5·1590,1,1,0.01,0.4064640410958904,102.42893835616438
4668,0.08733145456132167,0.08473675450843009,1.0306207155082094,-0.18311555483532238,0.26006855184233074,0.0607078264734251,2.6145981268009,0.21794990078577842,P_md,0.5·P_lead+0.5·1590,1,5,0.0,0.07626392459297343,19.218508997429304
4668,0.05850369106517772,0.08481395481141564,0.6897885046778097,-0.22487983194314698,0.2574978577549272,0.0319047917785209,1.368239937108387,0.21774746256965843,P_md,0.5·P_lead+0.5·1590,1,5,0.003,0.07626392459297343,19.218508997429304
4668,0.03928518206774841,0.08512652207036708,0.4614916845219471,-0.25530239352435946,0.25535561268209084,0.012702768648584778,0.5412883204010697,0.21761250375891178,P_md,0.5·P_lead+0.5·1590,1,5,0.005,0.07626392459297343,19.218508997429304
4668,0.010457418571604454,0.08598132867545896,0.12162429602683313,-0.29876488129880563,0.24978577549271636,-0.016100266046319457,-0.6760902529873289,0.2174100655427918,P_md,0.5·P_lead+0.5·1590,1,5,0.008,0.07626392459297343,19.218508997429304
4668,-0.00876109042582485,0.08680259143455493,-0.10093120817055676,-0.3808347059061905,0.2474293059125964,-0.035302289176255594,-1.4634266516927847,0.21727510673204511,P_md,0.5·P_lead+0.5·1590,1,5,0.01,0.07626392459297343,19.218508997429304
4663,0.08512409035715775,0.08497489347508139,1.0017557760413094,-0.1817680206550586,0.27021230967188503,0.05851216552916151,2.681396735274378,0.2181692632833232,P_md,0.5·P_lead+0.5·1590,1,10,0.0,0.03602830795625134,9.079133604975336
4663,0.07150538994969474,0.08495965757832566,0.8416393378677733,-0.1854539326636062,0.26892558438773323,0.04488847946386337,2.0478335815421453,0.218210136587449,P_md,0.5·P_lead+0.5·1590,1,10,0.003,0.03602830795625134,9.079133604975336
4663,0.0624262563447194,0.08507821171358299,0.7337513928346107,-0.18790504745244174,0.268067767531632,0.035806022086997985,1.6263505586181102,0.21823738545686622,P_md,0.5·P_lead+0.5·1590,1,10,0.005,0.03602830795625134,9.079133604975336
4663,0.0488075559372564,0.0854480385457796,0.5711957438450419,-0.19988923410266024,0.2650654085352777,0.02218233602169988,0.9989566877115109,0.21827825876099202,P_md,0.5·P_lead+0.5·1590,1,10,0.008,0.03602830795625134,9.079133604975336
4663,0.03972842233228107,0.08582129985820841,0.46292030530788136,-0.21262526565750783,0.2648509543212524,0.013099878644834483,0.5858320160357606,0.21830550763040923,P_md,0.5·P_lead+0.5·1590,1,10,0.01,0.03602830795625134,9.079133604975336
4653,0.09846746243360893,0.09127502694275813,1.078799598660885,-0.272789739170354,0.2804642166344294,0.0679160383442868,2.9348637322537545,0.2524254486807271,P_md,0.5·P_lead+0.5·1590,1,20,0.0,0.02041693531055233,5.145067698259187
4653,0.09074986088622014,0.09128118300474358,0.9941792809751839,-0.28086376884206066,0.279819471308833,0.060202848231619796,2.6019970554297784,0.25238900002335124,P_md,0.5·P_lead+0.5·1590,1,20,0.003,0.02041693531055233,5.145067698259187
4653,0.08560479318796094,0.09135429026848488,0.9370637431079976,-0.286628429349453,0.2789598108747045,0.05506072148984181,2.378707707629466,0.252364700918434,P_md,0.5·P_lead+0.5·1590,1,20,0.005,0.02041693531055233,5.145067698259187
4653,0.07788719164057215,0.0915671254449632,0.8506021267139874,-0.2951996071575107,0.27745540511497957,0.047347531377174824,2.0424520837416242,0.2523282522610582,P_md,0.5·P_lead+0.5·1590,1,20,0.008,0.02041693531055233,5.145067698259187
4653,0.07274212394231298,0.0917774262274439,0.792592764173214,-0.3008635388532366,0.27702557489791535,0.04220540463539684,1.8178385534176034,0.252303953156141,P_md,0.5·P_lead+0.5·1590,1,20,0.01,0.02041693531055233,5.145067698259187
4672,0.13854124441760368,0.08345492119552224,1.6600727965822715,-0.18168110050043418,0.2778253424657534,0.1136434396595633,5.431093449596588,0.2071460522240944,P_md,0.5·P_lead+0.5·1590,3,1,0.0,0.2647688356164384,66.72174657534248
4672,0.038458624554589996,0.08410800539741328,0.4572528426143463,-0.2991264967477024,0.2662671232876712,0.013518419324320545,0.641156492336166,0.2074988178803459,P_md,0.5·P_lead+0.5·1590,3,1,0.003,0.2647688356164384,66.72174657534248
4672,-0.02826312202075247,0.08526299155856494,-0.33148170741040994,-0.5462775048717055,0.2559931506849315,-0.05323159423250796,-2.4065656779942093,0.20773399498451367,P_md,0.5·P_lead+0.5·1590,3,1,0.005,0.2647688356164384,66.72174657534248
4672,-0.12834574188376616,0.0880182282376173,-1.4581722951441287,-0.9214195397370971,0.24101027397260275,-0.1533566145677507,-6.175491108553765,0.2080867606407653,P_md,0.5·P_lead+0.5·1590,3,1,0.008,0.2647688356164384,66.72174657534248
4672,-0.1950674884591086,0.09048846173925075,-2.1557167036523412,-0.9772590722323571,0.2328767123287671,-0.2201066281245792,-8.08111075157825,0.20832193774493302,P_md,0.5·P_lead+0.5·1590,3,1,0.01,0.2647688356164384,66.72174657534248
4668,0.09146555999808349,0.0868653908280073,1.0529574451484882,-0.18324793399748218,0.27656383890317054,0.06372259380991928,2.703910207614612,0.22711317586961194,P_md,0.5·P_lead+0.5·1590,3,5,0.0,0.07519280205655526,18.948586118251928
4668,0.0630426808207056,0.08687915876651571,0.7256364094193214,-0.22619045924915882,0.2739931448157669,0.0353587631437638,1.4825308557853136,0.22662978505901354,P_md,0.5·P_lead+0.5·1590,3,5,0.003,0.07519280205655526,18.948586118251928
4668,0.04409409470245367,0.08714012751492163,0.5060136582299942,-0.2535906593792745,0.27142245072836335,0.016449542699660157,0.6819009759610277,0.22630752451861463,P_md,0.5·P_lead+0.5·1590,3,5,0.005,0.07519280205655526,18.948586118251928
4668,0.015671215525075777,0.08790478089990275,0.17827489431912247,-0.29293049822618134,0.2660668380462725,-0.011914287966495298,-0.48329028818820036,0.2258241337080163,P_md,0.5·P_lead+0.5·1590,3,5,0.008,0.07519280205655526,18.948586118251928
4668,-0.003277370593176153,0.088658343198547,-0.036966296401869436,-0.3629190150770716,0.26371036846615253,-0.030823508410598933,-1.2289317953883105,0.22550187316761736,P_md,0.5·P_lead+0.5·1590,3,5,0.01,0.07519280205655526,18.948586118251928
4663,0.09933245986274998,0.0888464810501501,1.1180235692923055,-0.20380839771007686,0.29787690328114946,0.07034251058635115,2.9646856398928705,0.2376647280169349,P_md,0.5·P_lead+0.5·1590,3,10,0.0,0.03366931160197298,8.484666523697191
4663,0.0866054600772042,0.08891658048842024,0.9740079926767199,-0.21566257280063583,0.29659017799699766,0.05758563225181051,2.4029173407296067,0.2379096776424999,P_md,0.5·P_lead+0.5·1590,3,10,0.003,0.03366931160197298,8.484666523697191
4663,0.07812079355350698,0.08907843487856358,0.876988843147114,-0.22347686113245913,0.29594681535492173,0.04908104669545006,2.03230703901761,0.23807297739287664,P_md,0.5·P_lead+0.5·1590,3,10,0.005,0.03366931160197298,8.484666523697191
4663,0.0653937937679612,0.08949264938327496,0.7307169272405346,-0.2350669612216285,0.2925155479305168,0.03632416836090942,1.4845769985970123,0.2383179270184417,P_md,0.5·P_lead+0.5·1590,3,10,0.008,0.03366931160197298,8.484666523697191
4663,0.056909127244264016,0.08988185206114413,0.6331548131156701,-0.2427069551018214,0.2920866395024662,0.027819582804548992,1.126097235379129,0.23848122676881842,P_md,0.5·P_lead+0.5·1590,3,10,0.01,0.03366931160197298,8.484666523697191
4653,0.11872839612652021,0.09060739156787326,1.3103610430897543,-0.1695691180464488,0.29593810444874274,0.08883123693464104,3.6431233853937894,0.24701970687928976,P_md,0.5·P_lead+0.5·1590,3,20,0.0,0.016978293574038256,4.27852998065764
4653,0.11231060115553375,0.09060904246335597,1.2395076484883318,-0.17205498271056285,0.29507844401461425,0.08241118389248546,3.382036917374383,0.2470383637715625,P_md,0.5·P_lead+0.5·1590,3,20,0.003,0.016978293574038256,4.27852998065764
4653,0.10803207117487612,0.09066815870112352,1.1915105889708273,-0.1737101556841989,0.2948635289060821,0.07813114853104845,3.206580694465298,0.24705080169974428,P_md,0.5·P_lead+0.5·1590,3,20,0.005,0.016978293574038256,4.27852998065764
4653,0.10161427620388966,0.0908436299981315,1.1185624815518678,-0.17618980994099587,0.2937889533634214,0.07171109548889289,2.941694090979658,0.24706945859201704,P_md,0.5·P_lead+0.5·1590,3,20,0.008,0.016978293574038256,4.27852998065764
4653,0.09733574622323202,0.0910182151939486,1.0694095244102682,-0.17784084264308764,0.29314420803782504,0.06743106012745587,2.764203266001362,0.24708189652019882,P_md,0.5·P_lead+0.5·1590,3,20,0.01,0.016978293574038256,4.27852998065764
4672,0.14433990803491203,0.08148275384513988,1.7714166645525242,-0.16126145838913486,0.284888698630137,0.12067956677882728,5.666283727496665,0.19685053895725785,P_md,0.5·P_lead+0.5·1590,5,1,0.0,0.2146832191780822,54.10017123287671
4672,0.06318965118559697,0.08197611322542227,0.7708300466970753,-0.26260010396353195,0.2754708904109589,0.039439424131164635,1.832330049564461,0.19759837550187137,P_md,0.5·P_lead+0.5·1590,5,1,0.003,0.2146832191780822,54.10017123287671
4672,0.009089479952720234,0.08294626545557597,0.10958275098700306,-0.33772308792690897,0.2666952054794521,-0.014720670967277137,-0.6598306353808011,0.19809693319828048,P_md,0.5·P_lead+0.5·1590,5,1,0.005,0.2146832191780822,54.10017123287671
4672,-0.07206077689659483,0.08531962510528375,-0.8445979082499766,-0.7789026456499104,0.2542808219178082,-0.0959608136149398,-3.946172154708484,0.19884476974289397,P_md,0.5·P_lead+0.5·1590,5,1,0.008,0.2146832191780822,54.10017123287671
4672,-0.12616094812947154,0.08747521123952157,-1.4422479962240051,-0.918425890043483,0.24700342465753425,-0.1501209087133815,-5.749611179198165,0.199343327439303,P_md,0.5·P_lead+0.5·1590,5,1,0.01,0.2146832191780822,54.10017123287671
4668,0.08443636428835749,0.08716672512910027,0.9686765696807019,-0.19253377197601174,0.27677806341045413,0.05653614997549163,2.4296299957080545,0.22840046147412565,P_md,0.5·P_lead+0.5·1590,5,5,0.0,0.07047986289631533,17.760925449871465
4668,0.057794976113550285,0.08725016145193609,0.6624053772712855,-0.21995095470285864,0.27527849185946873,0.02990793620146764,1.269749309620757,0.2282926114345241,P_md,0.5·P_lead+0.5·1590,5,5,0.003,0.07047986289631533,17.760925449871465
4668,0.04003405066367882,0.08754184236137723,0.45731332107926415,-0.23773191278243955,0.27249357326478146,0.012155793685451636,0.510378858766149,0.22822071140812317,P_md,0.5·P_lead+0.5·1590,5,5,0.005,0.07047986289631533,17.760925449871465
4668,0.013392662488871627,0.08832877182590816,0.15162287680471695,-0.29682375164967656,0.26692373607540704,-0.014472420088572361,-0.5951646354879151,0.2281128613685217,P_md,0.5·P_lead+0.5·1590,5,5,0.008,0.07047986289631533,17.760925449871465
4668,-0.004368262960999844,0.08908152894569979,-0.04903668597406481,-0.38036361331513713,0.2643530419880034,-0.03222456260458836,-1.3037758958840413,0.22804096134212073,P_md,0.5·P_lead+0.5·1590,5,5,0.01,0.07047986289631533,17.760925449871465
4663,0.09582984036192178,0.08853438577514326,1.0824024984519265,-0.16998038629658818,0.2905854600042891,0.0669959400874958,2.894077140330766,0.2363854107177704,P_md,0.5·P_lead+0.5·1590,5,10,0.0,0.03667167059832726,9.24126099077847
4663,0.08196794887575407,0.08862820160047304,0.924851767220295,-0.18232682000272993,0.28929873472013723,0.05308861764693874,2.264038101085899,0.23675786171158045,P_md,0.5·P_lead+0.5·1590,5,10,0.003,0.03667167059832726,9.24126099077847
4663,0.0727266878849756,0.08881609792345252,0.8188457901815973,-0.1904656909180279,0.28865537207806136,0.04381706935323404,1.8504015019201954,0.2370061623741205,P_md,0.5·P_lead+0.5·1590,5,10,0.005,0.03667167059832726,9.24126099077847
4663,0.05886479639880789,0.08928438827834774,0.6592955110505375,-0.2197756277843933,0.28543855886768177,0.029909746912676973,1.2425121511346746,0.23737861336793056,P_md,0.5·P_lead+0.5·1590,5,10,0.008,0.03667167059832726,9.24126099077847
4663,0.04962353540802942,0.08971936531213211,0.5530972631760157,-0.2444544485923651,0.2845807420115805,0.02063819861897225,0.8471224697138576,0.2376269140304706,P_md,0.5·P_lead+0.5·1590,5,10,0.01,0.03667167059832726,9.24126099077847
4653,0.11790668122315946,0.08987832112038882,1.3118478377586478,-0.1695691180464488,0.28067913174296155,0.08845573986254011,3.707397934531885,0.24333291519534758,P_md,0.5·P_lead+0.5·1590,5,20,0.0,0.017408123791102514,4.386847195357833
4653,0.11132641043012274,0.08988918709414319,1.2384850061390345,-0.17205498271056285,0.28003438641736517,0.08186474334314879,3.4321474372389966,0.24342153451075357,P_md,0.5·P_lead+0.5·1590,5,20,0.003,0.017408123791102514,4.386847195357833
4653,0.10693956323476489,0.08995636001215843,1.1887938020203468,-0.1737101556841989,0.279819471308833,0.07747074566355461,3.247207730848285,0.24348061405435753,P_md,0.5·P_lead+0.5·1590,5,20,0.005,0.017408123791102514,4.386847195357833
4653,0.10035929244172814,0.09014674485628668,1.1132880349891998,-0.17618980994099587,0.2789598108747045,0.07087974914416331,2.9681036115930217,0.24356923336976358,P_md,0.5·P_lead+0.5·1590,5,20,0.008,0.017408123791102514,4.386847195357833
4653,0.0959724452463703,0.09033312456341687,1.06242804851718,-0.17784084264308764,0.2783150655491081,0.06648575146456913,2.7811795772378156,0.24362831291336753,P_md,0.5·P_lead+0.5·1590,5,20,0.01,0.017408123791102514,4.386847195357833
4672,0.13975861605986922,0.07809575605389389,1.7895801657060824,-0.14768558826385791,0.3000856164383562,0.11841404179665421,5.207963934584697,0.17758370016943642,P_md,0.5·P_lead+0.5·1590,10,1,0.0,0.1538955479452055,38.78167808219178
4672,0.08158609893658156,0.07850401572958546,1.039260198072066,-0.2001000855888042,0.2936643835616438,0.06021951667776539,2.611144781542049,0.17776680343699108,P_md,0.5·P_lead+0.5·1590,10,1,0.003,0.1538955479452055,38.78167808219178
4672,0.04280442085438978,0.07929409607392175,0.5398185107562793,-0.2543031760725919,0.2870291095890411,0.02142316659850619,0.9058375687321658,0.17788887228202754,P_md,0.5·P_lead+0.5·1590,10,1,0.005,0.1538955479452055,38.78167808219178
4672,-0.015368096268897895,0.08122585708791653,-0.18920202038944214,-0.433094344455742,0.2778253424657534,-0.03677135852038258,-1.4687716205942911,0.17807197554958226,P_md,0.5·P_lead+0.5·1590,10,1,0.008,0.1538955479452055,38.78167808219178
4672,-0.054149774351089676,0.08298442578664414,-0.6525293612359342,-0.6900602133760945,0.2722602739726027,-0.07556770859964175,-2.8783744378442613,0.17819404439461872,P_md,0.5·P_lead+0.5·1590,10,1,0.01,0.1538955479452055,38.78167808219178
4668,0.09564078103413656,0.08582048591071059,1.1144283328067288,-0.19800115434741505,0.2907026563838903,0.06878833395586842,2.822347127036629,0.21982308937167455,P_md,0.5·P_lead+0.5·1590,10,5,0.0,0.05934018851756641,14.953727506426734
4668,0.07321018977449646,0.08592763597223993,0.8519981836594225,-0.2333220652627529,0.2898457583547558,0.046325235145948565,1.8721131317038961,0.22008920702231413,P_md,0.5·P_lead+0.5·1590,10,5,0.003,0.05934018851756641,14.953727506426734
4668,0.058256462268069714,0.08620325186976965,0.6758035341413784,-0.2560288240517057,0.28770351328191945,0.03134983593933533,1.2512248368054546,0.2202666187894073,P_md,0.5·P_lead+0.5·1590,10,5,0.005,0.05934018851756641,14.953727506426734
4668,0.03582587100842961,0.08691906487377288,0.41217506263392606,-0.28887448779341895,0.28320479862896314,0.008886737129415486,0.3470037635669595,0.22053273644004684,P_md,0.5·P_lead+0.5·1590,10,5,0.008,0.05934018851756641,14.953727506426734
4668,0.020872143502002883,0.087594022456997,0.23828273798305996,-0.3642105604910266,0.2810625535561268,-0.006088662077197717,-0.23385546457942666,0.2207101482071399,P_md,0.5·P_lead+0.5·1590,10,5,0.01,0.05934018851756641,14.953727506426734
4663,0.09800500030591609,0.09054025219005038,1.0824467343010784,-0.21032301881477755,0.3030238044177568,0.06825921559420937,2.7996426472119995,0.24386120050625534,P_md,0.5·P_lead+0.5·1590,10,10,0.0,0.03281149474587176,8.268496675959682
4663,0.08560225529197657,0.09060503972942578,0.9447847001404222,-0.2267489287469605,0.3021659875616556,0.055841166026141024,2.2733667812936673,0.24398666994601806,P_md,0.5·P_lead+0.5·1590,10,10,0.003,0.03281149474587176,8.268496675959682
4663,0.07733375861601689,0.09075844022483329,0.8520833811647731,-0.23752266076683215,0.30109371649152905,0.0475624663140954,1.9248344960639896,0.2440703162391932,P_md,0.5·P_lead+0.5·1590,10,10,0.005,0.03281149474587176,8.268496675959682
4663,0.06493101360207737,0.09115274135939724,0.7123319895127149,-0.2534221673393744,0.2985202659232254,0.03514441674602703,1.4076180996890844,0.24419578567895592,P_md,0.5·P_lead+0.5·1590,10,10,0.008,0.03281149474587176,8.268496675959682
4663,0.056662516926117665,0.0915239753109027,0.619100260162845,-0.26385020561964434,0.2976624490671242,0.026865717033981436,1.067659087603088,0.24427943197213103,P_md,0.5·P_lead+0.5·1590,10,10,0.01,0.03281149474587176,8.268496675959682
4653,0.11492633362090159,0.09892539356617158,1.1617475501275305,-0.1916736068326338,0.3021706425961745,0.07923062758333764,3.1373258196468017,0.29492911970858454,P_md,0.5·P_lead+0.5·1590,10,20,0.0,0.017408123791102514,4.386847195357833
4653,0.10834606282786481,0.09897704907528178,1.0946584469845833,-0.19651571444507077,0.3015258972705781,0.07263962268832237,2.8684249924390812,0.2950178082260228,P_md,0.5·P_lead+0.5·1590,10,20,0.003,0.017408123791102514,4.386847195357833
4653,0.10395921563250698,0.0990658868065946,1.04939469058068,-0.19973167837256844,0.3008811519449817,0.06824561942497887,2.689045890538587,0.295076933904315,P_md,0.5·P_lead+0.5·1590,10,20,0.005,0.017408123791102514,4.386847195357833
4653,0.09737894483947024,0.09928045242003611,0.9808471100381275,-0.2045375110364821,0.29980657640232106,0.06165461452996361,2.4201934225933757,0.29516562242175326,P_md,0.5·P_lead+0.5·1590,10,20,0.008,0.017408123791102514,4.386847195357833
4653,0.0929920976441124,0.09947742936398936,0.9348059980908129,-0.2077293522468313,0.29937674618525684,0.05726061126662008,2.2413221586037535,0.2952247481000455,P_md,0.5·P_lead+0.5·1590,10,20,0.01,0.017408123791102514,4.386847195357833
4672,0.129504508943496,0.08202840925189875,1.5787763059722908,-0.11824895817826708,0.3167808219178082,0.10606539488770343,4.611724336532561,0.19500996137901522,P_md,0.5·P_lead+0.5·1590,20,1,0.0,0.10851883561643835,27.346746575342465
4672,0.08848438908048228,0.08237643033850814,1.074146921842508,-0.18539709777062874,0.3112157534246575,0.06503702990066426,2.7485835972057506,0.19507855959112952,P_md,0.5·P_lead+0.5·1590,20,1,0.003,0.10851883561643835,27.346746575342465
4672,0.06113764250513982,0.08297578761951772,0.736813042203156,-0.22905500858785266,0.3067208904109589,0.03768478657597149,1.547912331173641,0.19512429173253906,P_md,0.5·P_lead+0.5·1590,20,1,0.005,0.10851883561643835,27.346746575342465
4672,0.02011752264212612,0.08441018983187927,0.23833049874895929,-0.33634672206459704,0.3002996575342466,-0.003343578411067707,-0.1301271424497124,0.1951928899446534,P_md,0.5·P_lead+0.5·1590,20,1,0.008,0.10851883561643835,27.346746575342465
4672,-0.007229223933216355,0.08570943265974744,-0.08434572145536423,-0.4713496252730155,0.2964469178082192,-0.030695821735760423,-1.146022189156855,0.19523862208606294,P_md,0.5·P_lead+0.5·1590,20,1,0.01,0.10851883561643835,27.346746575342465
4668,0.09764904790723146,0.0891992007405933,1.0947300771361368,-0.1893125229966831,0.31148243359040273,0.06890130895906461,2.703884833947118,0.2353385808606914,P_md,0.5·P_lead+0.5·1590,20,5,0.0,0.043487574978577546,10.958868894601542
4668,0.08121074456532916,0.08930047688989784,0.9094099762250673,-0.22735069979367373,0.3106255355612682,0.05242343675371646,2.0252813056335732,0.2356625047764609,P_md,0.5·P_lead+0.5·1590,20,5,0.003,0.043487574978577546,10.958868894601542
4668,0.0702518756707276,0.08951445896352851,0.784810370125242,-0.2517427236720974,0.30891173950299916,0.04143818861681774,1.5820023077399732,0.23587845405364055,P_md,0.5·P_lead+0.5·1590,20,5,0.005,0.043487574978577546,10.958868894601542
4668,0.05381357232882529,0.09005304090279719,0.5975764037431163,-0.2869376156063431,0.30634104541559554,0.024960316411469594,0.9343027900590859,0.23620237796941007,P_md,0.5·P_lead+0.5·1590,20,5,0.008,0.043487574978577546,10.958868894601542
4668,0.042854703434223734,0.09055515484028315,0.4732442179554418,-0.30960904515035703,0.3050556983718937,0.01397506827457083,0.515673207608753,0.23641832724658968,P_md,0.5·P_lead+0.5·1590,20,5,0.01,0.043487574978577546,10.958868894601542
4663,0.09256530338202203,0.09029810543182315,1.0251079237970355,-0.22218520493103266,0.31267424404889554,0.06308224706201988,2.612848417717382,0.2417073067149467,P_md,0.5·P_lead+0.5·1590,20,10,0.0,0.02766459360926442,6.971477589534635
4663,0.08210808699772008,0.09030799527606607,0.9092006388439987,-0.23837676776404382,0.311601972978769,0.05262475120088731,2.160977649057146,0.24170959791540056,P_md,0.5·P_lead+0.5·1590,20,10,0.003,0.02766459360926442,6.971477589534635
4663,0.07513660940818544,0.09040837881261754,0.8310801542400765,-0.24899665774805746,0.31095861033669314,0.04565308729346558,1.8624796006345652,0.2417111253823698,P_md,0.5·P_lead+0.5·1590,20,10,0.005,0.02766459360926442,6.971477589534635
4663,0.06467939302388348,0.09069901675074422,0.7131212149921434,-0.2646689315029178,0.30902852241046536,0.03519559143233301,1.420257684803029,0.24171341658282364,P_md,0.5·P_lead+0.5·1590,20,10,0.008,0.02766459360926442,6.971477589534635
4663,0.05770791543434885,0.09098545450148997,0.63425429647553,-0.2749478037443329,0.3079562513403388,0.028223927524911284,1.1298709194068726,0.24171494404979288,P_md,0.5·P_lead+0.5·1590,20,10,0.01,0.02766459360926442,6.971477589534635
4653,0.10307345461054009,0.09672709642385002,1.0656109655032016,-0.1916736068326338,0.31334622823984526,0.06890330500271506,2.7129197203906927,0.2823244939753049,P_md,0.5·P_lead+0.5·1590,20,20,0.0,0.016978293574038256,4.27852998065764
4653,0.09665565963955364,0.0967474241073384,0.9990515047957976,-0.19651571444507077,0.3127014829142489,0.06249631647515422,2.4441070033393517,0.2822352077501397,P_md,0.5·P_lead+0.5·1590,20,20,0.003,0.016978293574038256,4.27852998065764
4653,0.092377129658896,0.09681530342434064,0.9541583447196137,-0.19973167837256844,0.3118418224801204,0.05822499079011365,2.2660719182081572,0.2821756836000296,P_md,0.5·P_lead+0.5·1590,20,20,0.005,0.016978293574038256,4.27852998065764
4653,0.08595933468790953,0.09699838558221748,0.8861934574678973,-0.2045375110364821,0.31055233182892755,0.05181800226255283,2.001153004909153,0.28208639737486435,P_md,0.5·P_lead+0.5·1590,20,20,0.008,0.016978293574038256,4.27852998065764
4653,0.0816808047072519,0.09717437764671874,0.8405590721064937,-0.21195480903713115,0.30990758650333117,0.04754667657751226,1.8261671364415497,0.2820268732247543,P_md,0.5·P_lead+0.5·1590,20,20,0.01,0.016978293574038256,4.27852998065764
4672,0.141305979710418,0.08595849200142255,1.6438862108944337,-0.1466023985140854,0.269263698630137,0.11449694264845142,5.422421942581384,0.22304722224646845,P_md,0.7·P_lead+0.3·1590,1,1,0.0,0.3983304794520548,100.3792808219178
4672,-0.009262941522458747,0.0866910628765913,-0.10685001677329725,-0.3999933192828157,0.2519263698630137,-0.03592602117124066,-1.6536048999833903,0.22183287816160424,P_md,0.7·P_lead+0.3·1590,1,1,0.003,0.3983304794520548,100.3792808219178
4672,-0.10964222234437658,0.0880379422860382,-1.2453973763737611,-0.8859838794624206,0.23886986301369864,-0.13620799705103534,-5.6913351736547435,0.22102331543836132,P_md,0.7·P_lead+0.3·1590,1,1,0.005,0.3983304794520548,100.3792808219178
4672,-0.26021114357725333,0.09127002763396853,-2.8510032298972257,-0.9929867180122623,0.21746575342465754,-0.2866309608707275,-9.837905136865226,0.21980897135349706,P_md,0.7·P_lead+0.3·1590,1,1,0.008,0.3983304794520548,100.3792808219178
4672,-0.360590424399171,0.09416792055407971,-3.829227854639601,-0.9989097029604633,0.2048373287671233,-0.3869129367505221,-11.580605353970176,0.21899940863025424,P_md,0.7·P_lead+0.3·1590,1,1,0.01,0.3983304794520548,100.3792808219178
4668,0.0930568026990811,0.08456795194221406,1.1003790509514473,-0.1823394917462977,0.25942587832047986,0.06669961922161938,2.78881526165182,0.21576869632268048,P_md,0.7·P_lead+0.3·1590,1,5,0.0,0.07840616966580977,19.75835475578406
4668,0.06341927056540501,0.08468145410537428,0.7489157010280972,-0.21289245992186934,0.2570694087403599,0.03705446854350972,1.5403047546928323,0.21583106426885001,P_md,0.7·P_lead+0.3·1590,1,5,0.003,0.07840616966580977,19.75835475578406
4668,0.04366091580962094,0.08502522067415319,0.5135054688884028,-0.23924295598424816,0.2547129391602399,0.01729103475810329,0.7134077672923501,0.21587264289962982,P_md,0.7·P_lead+0.3·1590,1,5,0.005,0.07840616966580977,19.75835475578406
4668,0.014023383675944854,0.0859365837164358,0.16318293175602247,-0.2776043870994698,0.2493573264781491,-0.012354115920006386,-0.5014739767991717,0.2159350108457994,P_md,0.7·P_lead+0.3·1590,1,5,0.008,0.07840616966580977,19.75835475578406
4668,-0.005734971079839211,0.08680150517002676,-0.06606994969275651,-0.3704003575331254,0.24657240788346188,-0.03211754970541282,-1.2855788386437401,0.21597658947657908,P_md,0.7·P_lead+0.3·1590,1,5,0.01,0.07840616966580977,19.75835475578406
4663,0.08534415450071224,0.08708676965393683,0.9799898978897789,-0.18763275023558945,0.27364357709628995,0.0573169638052017,2.5189031567894977,0.2297718630073688,P_md,0.7·P_lead+0.3·1590,1,10,0.0,0.03688612481235256,9.295303452712846
4663,0.071401199321643,0.08706922654422773,0.8200509198892908,-0.1945230499268683,0.2723568518121381,0.04335975282841595,1.8988148313503923,0.2298887345566994,P_md,0.7·P_lead+0.3·1590,1,10,0.003,0.03688612481235256,9.295303452712846
4663,0.062105895868930144,0.08718600389923131,0.7123379108040266,-0.20254522133501318,0.2714990349560369,0.0340549455105588,1.485996425015996,0.2299666489229198,P_md,0.7·P_lead+0.3·1590,1,10,0.005,0.03688612481235256,9.295303452712846
4663,0.04816294068986087,0.08755285094378573,0.5501013407408563,-0.2149125861595157,0.268067767531632,0.020097734533773063,0.8706936158551685,0.23008352047225045,P_md,0.7·P_lead+0.3·1590,1,10,0.008,0.03688612481235256,9.295303452712846
4663,0.03886763723714803,0.08792395892721931,0.4420596810173373,-0.23050323911161985,0.2678533133176067,0.010792927215915911,0.4648085290195877,0.23016143483847085,P_md,0.7·P_lead+0.3·1590,1,10,0.01,0.03688612481235256,9.295303452712846
4653,0.09891153972108774,0.10273758559446723,0.9627590443045653,-0.28981729536483736,0.28863099075865034,0.060063223130321856,2.323323909175123,0.32097697695677513,P_md,0.7·P_lead+0.3·1590,1,20,0.0,0.019987105093488073,5.036750483558994
4653,0.09135641399574926,0.10270272404275636,0.8895227935504078,-0.2940703026201933,0.2877713303245218,0.052531203086579874,2.0335139538844835,0.3207860705680246,P_md,0.7·P_lead+0.3·1590,1,20,0.003,0.019987105093488073,5.036750483558994
4653,0.08631966351219024,0.10273956265336877,0.8401793942166433,-0.29689500900647314,0.2866967547818612,0.047509856390751906,1.8392745885940223,0.32065879964219096,P_md,0.7·P_lead+0.3·1590,1,20,0.005,0.019987105093488073,5.036750483558994
4653,0.07876453778685175,0.10288481096542956,0.7655604072919716,-0.30111616348021053,0.28519234902213625,0.03997783634700995,1.546865016529629,0.32046789325344055,P_md,0.7·P_lead+0.3·1590,1,20,0.008,0.019987105093488073,5.036750483558994
4653,0.07372778730329275,0.10304143944665253,0.7155158904924239,-0.30391968786045254,0.284762518805072,0.03495648965118198,1.3515187232978847,0.3203406223276069,P_md,0.7·P_lead+0.3·1590,1,20,0.01,0.019987105093488073,5.036750483558994
4672,0.15407282651941245,0.08222940390660242,1.8736950433741564,-0.1358481685698678,0.2870291095890411,0.12998832339792257,6.241120477212924,0.20037950292723652,P_md,0.7·P_lead+0.3·1590,3,1,0.0,0.2596318493150685,65.42722602739727
4672,0.05593198747831655,0.08289211077909044,0.6747564629808583,-0.21835754919175865,0.2756849315068493,0.031733125290179326,1.5202479104083082,0.20133095344354668,P_md,0.7·P_lead+0.3·1590,3,1,0.003,0.2596318493150685,65.42722602739727
4672,-0.009495238549080723,0.0840546249948733,-0.11296509323145348,-0.3769799391305527,0.2660530821917808,-0.03377034011498282,-1.5489145855015718,0.20196525378775348,P_md,0.7·P_lead+0.3·1590,3,1,0.005,0.2596318493150685,65.42722602739727
4672,-0.1076360775901766,0.0868215795830638,-1.2397387620343763,-0.8851533867404777,0.2514982876712329,-0.13202553822272597,-5.424533528472411,0.20291670430406367,P_md,0.7·P_lead+0.3·1590,3,1,0.008,0.2596318493150685,65.42722602739727
4672,-0.1730633036175739,0.08929903503794709,-1.9380198626338092,-0.9658826991399846,0.2437928082191781,-0.19752900362788808,-7.41969941940685,0.20355100464827044,P_md,0.7·P_lead+0.3·1590,3,1,0.01,0.2596318493150685,65.42722602739727
4668,0.08763497723472996,0.0864126240761283,1.014145539169425,-0.1915751067096515,0.27977720651242505,0.06017174157483616,2.59546293336507,0.22482320845112147,P_md,0.7·P_lead+0.3·1590,3,5,0.0,0.07626392459297343,19.218508997429304
4668,0.058807213738586,0.08648830775565221,0.6799440903009554,-0.2248834131259536,0.2778491859468723,0.03135661219453447,1.3342139779714208,0.22471978136427775,P_md,0.7·P_lead+0.3·1590,3,5,0.003,0.07626392459297343,19.218508997429304
4668,0.0395887047411567,0.08679483173478172,0.45611822674105296,-0.2463494982461525,0.2754927163667524,0.012146525941000014,0.5103931129388055,0.22465082997304864,P_md,0.7·P_lead+0.3·1590,3,5,0.005,0.07626392459297343,19.218508997429304
4668,0.010760941245012734,0.08763334610439628,0.1227950514658357,-0.2831862677986299,0.26970865467009425,-0.016668603439301682,-0.6841757815156697,0.224547402886205,P_md,0.7·P_lead+0.3·1590,3,5,0.008,0.07626392459297343,19.218508997429304
4668,-0.008457567752416571,0.08843925574539112,-0.0956313763739167,-0.392206445020841,0.2667095115681234,-0.035878689692836155,-1.4458323411993492,0.22447845149497586,P_md,0.7·P_lead+0.3·1590,3,5,0.01,0.07626392459297343,19.218508997429304
4663,0.09717364439849234,0.0884875693658068,1.098161528166486,-0.20380839771007742,0.2957323611408964,0.06833921999893895,2.8538688053928594,0.23638970758820202,P_md,0.7·P_lead+0.3·1590,3,10,0.0,0.03645721638430195,9.187218528844092
4663,0.08339281660522618,0.0885159671398182,0.942121735771134,-0.2156625728006356,0.2942311816427193,0.054555419270071105,2.2538664975200433,0.23641408023971844,P_md,0.7·P_lead+0.3·1590,3,10,0.003,0.03645721638430195,9.187218528844092
4663,0.0742055980763821,0.08865981550459948,0.8369699130778419,-0.22347686113245868,0.2933733647866181,0.04536621878415918,1.8589132980735144,0.23643032867406277,P_md,0.7·P_lead+0.3·1590,3,10,0.005,0.03645721638430195,9.187218528844092
4663,0.06042477028311596,0.08906175227738024,0.6784592570660947,-0.2350669612216283,0.2897276431481879,0.03158241805529132,1.2764369125310218,0.23645470132557922,P_md,0.7·P_lead+0.3·1590,3,10,0.008,0.03645721638430195,9.187218528844092
4663,0.05123755175427185,0.08945251841050816,0.572790488906491,-0.24270695510182072,0.28908428050611196,0.02239321756937943,0.8959806466079678,0.2364709497599235,P_md,0.7·P_lead+0.3·1590,3,10,0.01,0.03645721638430195,9.187218528844092
4653,0.11689752897454744,0.09285621314380967,1.258909070451798,-0.1695691180464488,0.29228454760369654,0.08541232098504571,3.59739187074251,0.26014066415757486,P_md,0.7·P_lead+0.3·1590,3,20,0.0,0.017408123791102514,4.386847195357833
4653,0.11031725818151068,0.09285082174902877,1.188112890155058,-0.17205498271056285,0.29142488716956805,0.07882631662834236,3.320692359419016,0.2601880366589957,P_md,0.7·P_lead+0.3·1590,3,20,0.003,0.017408123791102514,4.386847195357833
4653,0.10593041098615286,0.09290525354907472,1.140198287389614,-0.1737101556841989,0.2912099720610359,0.07443564705720677,3.1349325593407467,0.2602196183266096,P_md,0.7·P_lead+0.3·1590,3,20,0.005,0.017408123791102514,4.386847195357833
4653,0.09935014019311608,0.09307373673384133,1.067434742383054,-0.17618980994099587,0.2901353965183752,0.06784964270050341,2.854792901585511,0.26026699082803045,P_md,0.7·P_lead+0.3·1590,3,20,0.008,0.017408123791102514,4.386847195357833
4653,0.09496329299775826,0.09324370510743615,1.0184418657360386,-0.17784084264308764,0.2899204814098431,0.06345897312936785,2.66729327159584,0.2602985724956443,P_md,0.7·P_lead+0.3·1590,3,20,0.01,0.017408123791102514,4.386847195357833
4672,0.156980591948303,0.07861387374633819,1.9968560823605912,-0.09787990339247743,0.2943065068493151,0.1352024049980779,6.100484265085302,0.18119129357702055,P_md,0.7·P_lead+0.3·1590,5,1,0.0,0.2112585616438356,53.23715753424657
4672,0.07712485564693311,0.07904893765777493,0.9756596095045362,-0.17741861765385736,0.2844606164383562,0.0553173455251589,2.467337700933201,0.18143525802626065,P_md,0.7·P_lead+0.3·1590,5,1,0.003,0.2112585616438356,53.23715753424657
4672,0.023887698112686543,0.07999663638084786,0.2986087814862869,-0.3102838689435018,0.2761130136986301,0.002060639209879626,0.0888427769120036,0.18159790099242068,P_md,0.7·P_lead+0.3·1590,5,1,0.005,0.2112585616438356,53.23715753424657
4672,-0.05596803818868332,0.08235927570779396,-0.6795596210347301,-0.6981833414407536,0.2639126712328767,-0.07782442026303933,-3.094542574025661,0.18184186544166064,P_md,0.7·P_lead+0.3·1590,5,1,0.008,0.2112585616438356,53.23715753424657
4672,-0.10920519572292992,0.08452085122324977,-1.2920503537580328,-0.8877076714422759,0.2577054794520548,-0.13108112657831855,-4.874482668526679,0.18200450840782068,P_md,0.7·P_lead+0.3·1590,5,1,0.01,0.2112585616438356,53.23715753424657
4668,0.08548746128127248,0.08691912569011796,0.9835287757731294,-0.21692976055438296,0.2834190231362468,0.057782263596133344,2.4535199583815186,0.22680399030482096,P_md,0.7·P_lead+0.3·1590,5,5,0.0,0.07133676092544987,17.976863753213365
4668,0.058522165651452435,0.08700622226774272,0.6726204646762297,-0.24582646067140435,0.28127677806341045,0.030796409742733937,1.2866536030564177,0.2269722867809682,P_md,0.7·P_lead+0.3·1590,5,5,0.003,0.07133676092544987,17.976863753213365
4668,0.040545301898239065,0.08730364629157815,0.4644170503809795,-0.2675428513386553,0.27892030848329047,0.012805840507134356,0.5277169506210518,0.227084484431733,P_md,0.7·P_lead+0.3·1590,5,5,0.005,0.07133676092544987,17.976863753213365
4668,0.013580006268419006,0.08810397369437473,0.15413613823511418,-0.3044838563456842,0.2739931448157669,-0.014180013346265055,-0.5701733866797323,0.22725278090788031,P_md,0.7·P_lead+0.3·1590,5,5,0.008,0.07133676092544987,17.976863753213365
4668,-0.0043968574847943614,0.08886869117683341,-0.049475888826193824,-0.4078899664715927,0.2712082262210797,-0.03217058258186466,-1.2696221816595992,0.22736497855864518,P_md,0.7·P_lead+0.3·1590,5,5,0.01,0.07133676092544987,17.976863753213365
4663,0.09139613923412382,0.08884976772553421,1.0286592928014804,-0.20380839771007708,0.296161269568947,0.062390617844262614,2.6884743919263085,0.2377923909554035,P_md,0.7·P_lead+0.3·1590,5,10,0.0,0.03795839588247909,9.565515762384731
4663,0.07704786559054674,0.08891686892719552,0.8665157300313056,-0.2156625728006355,0.2946600900707699,0.048007476900369724,2.043585960465542,0.23807823924603796,P_md,0.7·P_lead+0.3·1590,5,10,0.003,0.03795839588247909,9.565515762384731
4663,0.06748234982816198,0.08909081216132621,0.7574557711514014,-0.22347686113245857,0.2938022732146687,0.038418716271107795,1.620307123724951,0.23826880477312765,P_md,0.7·P_lead+0.3·1590,5,10,0.005,0.03795839588247909,9.565515762384731
4663,0.0531340761845849,0.08954403470849377,0.5933848788203513,-0.2350669612216283,0.2901565515762385,0.024035575327214915,0.9981120602896146,0.23855465306376214,P_md,0.7·P_lead+0.3·1590,5,10,0.008,0.03795839588247909,9.565515762384731
4663,0.04356856042220017,0.0899728813247392,0.48424102663721674,-0.247019751217471,0.28951318893416256,0.01444681469795298,0.5931820572268743,0.23874521859085177,P_md,0.7·P_lead+0.3·1590,5,10,0.01,0.03795839588247909,9.565515762384731
4653,0.10929825269757049,0.09358047717023125,1.1679599848454203,-0.1916736068326338,0.28863099075865034,0.07739159212047306,3.284936523825437,0.2636228376304209,P_md,0.7·P_lead+0.3·1590,5,20,0.0,0.018697614442295292,4.711798839458414
4653,0.10223055443838287,0.0935916436957469,1.0923042955706586,-0.19651571444507077,0.28798624543305396,0.07030558962020828,2.9757701773661562,0.26377407301156536,P_md,0.7·P_lead+0.3·1590,5,20,0.003,0.018697614442295292,4.711798839458414
4653,0.09751875559892446,0.093660828940965,1.041190396258303,-0.19973167837256844,0.2875564152159897,0.0655815879533651,2.7694377721099315,0.26387489659899505,P_md,0.7·P_lead+0.3·1590,5,20,0.005,0.018697614442295292,4.711798839458414
4653,0.09045105733973685,0.09385694508322999,0.9637119262674395,-0.2045375110364821,0.2862669245647969,0.05849558545310037,2.4601522444998767,0.2640261319801395,P_md,0.7·P_lead+0.3·1590,5,20,0.008,0.018697614442295292,4.711798839458414
4653,0.08573925850027844,0.09404894850758852,0.9116450514421265,-0.2077293522468313,0.28583709434773263,0.05377158378625719,2.2544155383766213,0.2641269555675692,P_md,0.7·P_lead+0.3·1590,5,20,0.01,0.018697614442295292,4.711798839458414
4672,0.14623386088432236,0.07806106053255527,1.873326596982829,-0.12856000909318943,0.3086472602739726,0.12503030747687294,5.555335867183816,0.17641042751198757,P_md,0.7·P_lead+0.3·1590,10,1,0.0,0.14533390410958905,36.62414383561644
4672,0.0912976451308977,0.07851764059738997,1.1627660285799848,-0.19488276662890902,0.3028681506849315,0.07005602515251481,3.0409818865865152,0.176727135750614,P_md,0.7·P_lead+0.3·1590,10,1,0.003,0.14533390410958905,36.62414383561644
4672,0.05467350129528127,0.0793155132920616,0.6893166169644311,-0.2479218885291138,0.2990154109589041,0.03340650360294265,1.4083738717507281,0.1769382745763649,P_md,0.7·P_lead+0.3·1590,10,1,0.005,0.14533390410958905,36.62414383561644
4672,-0.00026271445814339664,0.08122347091005434,-0.0032344648067837768,-0.3778591204998982,0.2900256849315068,-0.02156777872141551,-0.8564289367266097,0.17725498281499127,P_md,0.7·P_lead+0.3·1590,10,1,0.008,0.14533390410958905,36.62414383561644
4672,-0.03688685829375983,0.08294409904707996,-0.44471950045322045,-0.5918399990716754,0.2842465753424658,-0.05821730027098759,-2.2040138762031143,0.17746612164074227,P_md,0.7·P_lead+0.3·1590,10,1,0.01,0.14533390410958905,36.62414383561644
4668,0.09172428789230476,0.08713569820428971,1.0526602733733437,-0.18630277936747086,0.301413881748072,0.06404203943165775,2.693658826868962,0.22661612029759814,P_md,0.7·P_lead+0.3·1590,10,5,0.0,0.05848329048843188,14.737789203084834
4668,0.06961760408767752,0.08720927410734301,0.7982821185048223,-0.224480598585178,0.3001285347043702,0.041891209095526245,1.7284769497041992,0.2269775185311379,P_md,0.7·P_lead+0.3·1590,10,5,0.003,0.05848329048843188,14.737789203084834
4668,0.054879814884592676,0.08745688272598548,0.6275071003449636,-0.250300098870323,0.2982005141388175,0.027123988871438586,1.102419640711042,0.2272184506868311,P_md,0.7·P_lead+0.3·1590,10,5,0.005,0.05848329048843188,14.737789203084834
4668,0.032773131079965434,0.08812278527609886,0.37190303253901286,-0.28769980951980245,0.29477292202227934,0.004973158535307076,0.19701647338352435,0.22757984892037092,P_md,0.7·P_lead+0.3·1590,10,5,0.008,0.05848329048843188,14.737789203084834
4668,0.018035341876880603,0.08875961001807743,0.20319311760391234,-0.32571166031580046,0.2930591259640103,-0.009794061688780586,-0.38076672356118785,0.22782078107606407,P_md,0.7·P_lead+0.3·1590,10,5,0.01,0.05848329048843188,14.737789203084834
4663,0.09930346148976638,0.08895590550543024,1.1163223051414444,-0.1460711624198795,0.3111730645507184,0.0704978915554931,3.098498496724981,0.23615315358193253,P_md,0.7·P_lead+0.3·1590,10,10,0.0,0.03409822003002359,8.592751447565945
4663,0.08641433431841745,0.08900689875739934,0.9708723202900454,-0.1537303055971243,0.3101007934805919,0.0575613458884103,2.501938750329228,0.23654189879097456,P_md,0.7·P_lead+0.3·1590,10,10,0.003,0.03409822003002359,8.592751447565945
4663,0.07782158287085153,0.08915734292080753,0.8728566859599575,-0.16030302412481146,0.3088140681964401,0.04893698211035507,2.1091318115381505,0.2368010622636693,P_md,0.7·P_lead+0.3·1590,10,10,0.005,0.03409822003002359,8.592751447565945
4663,0.0649324556995026,0.0895565084482706,0.7250445202093684,-0.17166958887171313,0.3064550718421617,0.03600043644327224,1.5297265290560038,0.2371898074727114,P_md,0.7·P_lead+0.3·1590,10,10,0.008,0.03409822003002359,8.592751447565945
4663,0.05633970425193665,0.08993708715996362,0.6264346114715713,-0.18005029909266235,0.3055972549860605,0.027376072665217025,1.1512557459215773,0.2374489709454061,P_md,0.7·P_lead+0.3·1590,10,10,0.01,0.03409822003002359,8.592751447565945
4653,0.11799294350339593,0.09695922941451346,1.2169335937991068,-0.1916736068326338,0.3165699548678272,0.08373737982866877,3.3595221749911364,0.28303021178729204,P_md,0.7·P_lead+0.3·1590,10,20,0.0,0.018697614442295292,4.711798839458414
4653,0.1109252452442083,0.09700063026087645,1.1435517990541153,-0.19651571444507077,0.3159252095422308,0.07665693392378306,3.0572665813375095,0.2831355368345158,P_md,0.7·P_lead+0.3·1590,10,20,0.003,0.018697614442295292,4.711798839458414
4653,0.10621344640474988,0.09708778196029282,1.0939939533090715,-0.19973167837256844,0.3152804642166344,0.07193663665385927,2.8566266928077186,0.28320575353266497,P_md,0.7·P_lead+0.3·1590,10,20,0.005,0.018697614442295292,4.711798839458414
4653,0.09914574814556226,0.09730751619738655,1.0188909553959522,-0.2045375110364821,0.31377605845690953,0.06485619074897354,2.557432159838425,0.28331107857988874,P_md,0.7·P_lead+0.3·1590,10,20,0.008,0.018697614442295292,4.711798839458414
4653,0.09443394930610383,0.09751303148941817,0.9684238902607752,-0.2077293522468313,0.31313131313131315,0.060135893479049754,2.3594058363932073,0.28338129527803796,P_md,0.7·P_lead+0.3·1590,10,20,0.01,0.018697614442295292,4.711798839458414
4672,0.14140457670288564,0.08119811455460427,1.7414761103571395,-0.11068735429017318,0.3255565068493151,0.11855136907100433,5.180702095579004,0.19013530661063688,P_md,0.7·P_lead+0.3·1590,20,1,0.0,0.09482020547945205,23.894691780821915
4672,0.1055625390316528,0.08141796097196484,1.2965510038749537,-0.17445958637169,0.3206335616438356,0.08272246631742314,3.5154781137311146,0.19002602603894475,P_md,0.7·P_lead+0.3·1590,20,1,0.003,0.09482020547945205,23.894691780821915
4672,0.08166784725083089,0.0818950678201913,0.9972254669858835,-0.21790944937055767,0.3178510273972603,0.05883653114836899,2.4357002975305377,0.18995317232448336,P_md,0.7·P_lead+0.3·1590,20,1,0.005,0.09482020547945205,23.894691780821915
4672,0.04582580957959801,0.08309515548446858,0.5514859357614822,-0.27890755427965663,0.3127140410958904,0.02300762839478778,0.9074345320835306,0.18984389175279126,P_md,0.7·P_lead+0.3·1590,20,1,0.008,0.09482020547945205,23.894691780821915
4672,0.021931117798776094,0.08420742688642353,0.26044160960239454,-0.32427695860447225,0.3097174657534247,-0.0008783067742663671,-0.033383812847816316,0.18977103803832993,P_md,0.7·P_lead+0.3·1590,20,1,0.01,0.09482020547945205,23.894691780821915
4668,0.11204442446808768,0.08724835250114157,1.2842010336713425,-0.15256228591803445,0.31876606683804626,0.08470183019585713,3.4856576735872435,0.2238355978074836,P_md,0.7·P_lead+0.3·1590,20,5,0.0,0.03920308483290488,9.87917737789203
4668,0.09722565840124965,0.08732757215681308,1.1133443424565004,-0.16269259303649808,0.3181233933161954,0.06981150103011714,2.8354152467123157,0.22442143720751243,P_md,0.7·P_lead+0.3·1590,20,5,0.003,0.03920308483290488,9.87917737789203
4668,0.08734648102335761,0.08751605308557343,0.998062389056211,-0.16958519322673082,0.3166238217652099,0.05988461491962382,2.4076945707816626,0.22481199680753167,P_md,0.7·P_lead+0.3·1590,20,5,0.005,0.03920308483290488,9.87917737789203
4668,0.07252771495651958,0.08800053278053209,0.8241735892372293,-0.1927746564762005,0.31426735218509,0.04499428575388384,1.77831876907768,0.22539783620756054,P_md,0.7·P_lead+0.3·1590,20,5,0.008,0.03920308483290488,9.87917737789203
4668,0.06264853757862753,0.08845630584319461,0.7082427530908176,-0.21595066806196606,0.3125535561268209,0.03506739964339049,1.3686534539127433,0.22578839580757976,P_md,0.7·P_lead+0.3·1590,20,5,0.01,0.03920308483290488,9.87917737789203
4663,0.09672019639787455,0.09117404763613243,1.0608303448792393,-0.22185112700817267,0.3186789620416041,0.06677775476586623,2.7199808902036726,0.24547342869715377,P_md,0.7·P_lead+0.3·1590,20,10,0.0,0.0268067767531632,6.755307741797126
4663,0.08658723478517884,0.09113287408502431,0.9501207512054924,-0.23801307610333655,0.31739223675745226,0.0566457656827569,2.287588581131208,0.24546545572771455,P_md,0.7·P_lead+0.3·1590,20,10,0.003,0.0268067767531632,6.755307741797126
4663,0.07983192704338173,0.09119559016097217,0.8753924055150903,-0.24861393728789305,0.3167488741153764,0.04989110629401734,2.001916147925769,0.24546014041475506,P_md,0.7·P_lead+0.3·1590,20,10,0.005,0.0268067767531632,6.755307741797126
4663,0.06969896543068603,0.09142454082794278,0.7623660430721398,-0.2642587119362392,0.3148187861891486,0.03975911721090801,1.578497554274779,0.24545216744531584,P_md,0.7·P_lead+0.3·1590,20,10,0.008,0.0268067767531632,6.755307741797126
4663,0.06294365768888892,0.0916665682833458,0.6866588208508801,-0.2745199323615841,0.3137465151190221,0.03300445782216844,1.3002542457714599,0.24544685213235637,P_md,0.7·P_lead+0.3·1590,20,10,0.01,0.0268067767531632,6.755307741797126
4653,0.10543631098103909,0.09725941458254675,1.0840730579511395,-0.1916736068326338,0.3225875779067268,0.07092981989931062,2.750187736292423,0.285103452730608,P_md,0.7·P_lead+0.3·1590,20,20,0.0,0.016548463356973995,4.170212765957447
4653,0.0991809918321029,0.09727513847580459,1.019592399313545,-0.19651571444507077,0.3217279174725983,0.06467642415485052,2.4929716537871394,0.28508756095952587,P_md,0.7·P_lead+0.3·1590,20,20,0.003,0.016548463356973995,4.170212765957447
4653,0.09501077906614547,0.09733831209703565,0.9760882125368079,-0.19973167837256844,0.32086825703846983,0.06050749365854376,2.322406145497102,0.2850769664454711,P_md,0.7·P_lead+0.3·1590,20,20,0.005,0.016548463356973995,4.170212765957447
4653,0.08875545991720929,0.09751190425066854,0.9102012784926286,-0.2045375110364821,0.3200085966043413,0.054254097914083636,2.0682533908137564,0.2850610746743889,P_md,0.7·P_lead+0.3·1590,20,20,0.008,0.016548463356973995,4.170212765957447
4653,0.08458524715125183,0.09767996890748601,0.865942609291406,-0.2077293522468313,0.319578766387277,0.05008516741777688,1.9001294878534531,0.2850504801603342,P_md,0.7·P_lead+0.3·1590,20,20,0.01,0.016548463356973995,4.170212765957447
4672,0.1213680409401396,0.08535008561751768,1.4220025681524262,-0.17401005716319018,0.254708904109589,0.09466170351706492,4.7168765681531655,0.222192776444197,P_md,0.3·P_lead+0.7·1590,1,1,0.0,0.4090325342465753,103.07619863013699
4672,-0.033246257005065886,0.08604701364088353,-0.38637316506786457,-0.5393842961980815,0.23544520547945205,-0.05986660308649705,-2.8628334636474015,0.22147734120321816,P_md,0.3·P_lead+0.7·1590,1,1,0.003,0.4090325342465753,103.07619863013699
4672,-0.1363224556352029,0.08738445029415999,-1.560031048731258,-0.9288125097373523,0.22131849315068494,-0.16288547415553828,-6.956650230634847,0.22100038437589886,P_md,0.3·P_lead+0.7·1590,1,1,0.005,0.4090325342465753,103.07619863013699
4672,-0.2909367535804084,0.09062257721842884,-3.2104224191192396,-0.995926778993853,0.1990582191780822,-0.3174137807591,-10.909742161894462,0.2202849491349201,P_md,0.3·P_lead+0.7·1590,1,1,0.008,0.4090325342465753,103.07619863013699
4672,-0.39401295221054533,0.0935363229072468,-4.212405832985968,-0.9993966240410785,0.18685787671232876,-0.4204326518281413,-12.489245202757429,0.2198079923076008,P_md,0.3·P_lead+0.7·1590,1,1,0.01,0.4090325342465753,103.07619863013699
4668,0.08044473118658693,0.08490575520140645,0.947459109170663,-0.1981419938447493,0.2589974293059126,0.053749676265676394,2.3699618235988407,0.2185346246677916,P_md,0.3·P_lead+0.7·1590,1,5,0.0,0.07883461868037704,19.866323907455016
4668,0.0506452453254044,0.08497462411604269,0.596004346618144,-0.2380164767961045,0.25664095972579265,0.02397345152086504,1.0536951963224939,0.21834420140960462,P_md,0.3·P_lead+0.7·1590,1,5,0.003,0.07883461868037704,19.866323907455016
4668,0.030778921417949388,0.08528919405634033,0.3608771516543755,-0.2635230312323653,0.25428449014567267,0.004122635024324102,0.1800689759156302,0.2182172525708133,P_md,0.3·P_lead+0.7·1590,1,5,0.005,0.07883461868037704,19.866323907455016
4668,0.0009794355567668764,0.08615814983384042,0.011367880562149473,-0.30349772229496863,0.2487146529562982,-0.02565358972048731,-1.103479135630413,0.21802682931262632,P_md,0.3·P_lead+0.7·1590,1,5,0.008,0.07883461868037704,19.866323907455016
4668,-0.01888688835068814,0.08699601782277383,-0.21710060785959248,-0.47014732693800754,0.24635818337617824,-0.045504406217028226,-1.9303940902594139,0.217899880473835,P_md,0.3·P_lead+0.7·1590,1,5,0.01,0.07883461868037704,19.866323907455016
4663,0.06973307000959637,0.08634265184502886,0.8076317847493958,-0.17817843369263187,0.2646365001072271,0.042049362418994964,1.96685854920004,0.22695592780416016,P_md,0.3·P_lead+0.7·1590,1,10,0.0,0.037315033240403174,9.4033883765816
4663,0.05562798744472397,0.08635444256354684,0.6441821149362205,-0.18311470274630026,0.26313532060905,0.027944261215554298,1.297810358967349,0.22695608060643702,P_md,0.3·P_lead+0.7·1590,1,10,0.003,0.037315033240403174,9.4033883765816
4663,0.04622459906814237,0.08649325602798229,0.5344300953728438,-0.18925192809134384,0.2618485953248981,0.018540860413260526,0.855755996623662,0.22695618247462163,P_md,0.3·P_lead+0.7·1590,1,10,0.005,0.037315033240403174,9.4033883765816
4663,0.03211951650326997,0.08689665056304882,0.3696289361575024,-0.2018254525773866,0.25884623632854387,0.004435759209819874,0.20241124790327306,0.2269563352768985,P_md,0.3·P_lead+0.7·1590,1,10,0.008,0.037315033240403174,9.4033883765816
4663,0.02271612812668837,0.08729429350701061,0.26022466319478305,-0.21767599628078738,0.25841732790049327,-0.004967641592473887,-0.22466907063706892,0.22695643714508312,P_md,0.3·P_lead+0.7·1590,1,10,0.01,0.037315033240403174,9.4033883765816
4653,0.09095664272822851,0.09176817115044685,0.9911567549832948,-0.2767337619521576,0.27767032022351174,0.060019316157594566,2.707745297585719,0.25561389602469814,P_md,0.3·P_lead+0.7·1590,1,20,0.0,0.019127444659359553,4.820116054158608
4653,0.08372646864699058,0.0917619048887201,0.9124316757430645,-0.2789102445516216,0.27724049000644746,0.05278932583105278,2.383550438498862,0.25561237778576174,P_md,0.3·P_lead+0.7·1590,1,20,0.003,0.019127444659359553,4.820116054158608
4653,0.07890635259283198,0.09182212603809702,0.859339202841957,-0.2803594109128018,0.2763808295723189,0.04796933228002491,2.1659223333345756,0.25561136562647085,P_md,0.3·P_lead+0.7·1590,1,20,0.005,0.019127444659359553,4.820116054158608
4653,0.07167617851159407,0.09200880284894666,0.7790143583246789,-0.2825304273968804,0.27487642381259403,0.04073934195348313,1.8379541456949173,0.25560984738753445,P_md,0.3·P_lead+0.7·1590,1,20,0.008,0.019127444659359553,4.820116054158608
4653,0.06685606245743546,0.09219718066405407,0.7251421570150178,-0.2839759496811376,0.27423167848699764,0.03591934840245526,1.6187172738354865,0.25560883522824357,P_md,0.3·P_lead+0.7·1590,1,20,0.01,0.019127444659359553,4.820116054158608
4672,0.14148283469912148,0.08262454982645598,1.712358312345314,-0.17074299602785525,0.2722602739726027,0.11698329006000749,5.612075513157279,0.20383258695293438,P_md,0.3·P_lead+0.7·1590,3,1,0.0,0.2733304794520548,68.8792808219178
4672,0.03816391346624479,0.08322178996096406,0.4585807813572133,-0.27030490487489534,0.2598458904109589,0.013621764332034162,0.6543408466334272,0.20418705004926058,P_md,0.3·P_lead+0.7·1590,3,1,0.003,0.2733304794520548,68.8792808219178
4672,-0.030715367355673026,0.084362655788593,-0.36408725008188003,-0.5738334371518123,0.24935787671232876,-0.05528591948661466,-2.538411380484959,0.2044233587801446,P_md,0.3·P_lead+0.7·1590,3,1,0.005,0.2733304794520548,68.8792808219178
4672,-0.13403428858854974,0.08712968325212553,-1.538330952044176,-0.9291868548398784,0.23309075342465754,-0.158647445214588,-6.485090817803621,0.20477782187647076,P_md,0.3·P_lead+0.7·1590,3,1,0.008,0.2733304794520548,68.8792808219178
4672,-0.20291356941046756,0.08962750146448387,-2.2639654804041913,-0.9803117455378093,0.22517123287671234,-0.2275551290332368,-8.463213791923236,0.20501413060735485,P_md,0.3·P_lead+0.7·1590,3,1,0.01,0.2733304794520548,68.8792808219178
4668,0.08897692566999847,0.08656986301844265,1.0278048568823892,-0.18630494026743016,0.27206512425021423,0.061302549067156244,2.699110773424449,0.22655167864367004,P_md,0.3·P_lead+0.7·1590,3,5,0.0,0.07433590402742074,18.732647814910028
4668,0.06087795394763342,0.08658152599629576,0.7031286784000317,-0.22908961815889572,0.269280205655527,0.033238360537200085,1.4469129809265744,0.22626693182743945,P_md,0.3·P_lead+0.7·1590,3,5,0.003,0.07433590402742074,18.732647814910028
4668,0.0421453061327234,0.08683931476305143,0.48532518074008896,-0.2563890182597246,0.26692373607540704,0.014528901517229346,0.6255081323795844,0.22607710061661912,P_md,0.3·P_lead+0.7·1590,3,5,0.005,0.07433590402742074,18.732647814910028
4668,0.014046334410358359,0.08759660359687617,0.16035250036634155,-0.2955840148497757,0.2611396743787489,-0.013535287012726795,-0.5704209711290738,0.22579235380038856,P_md,0.3·P_lead+0.7·1590,3,5,0.008,0.07433590402742074,18.732647814910028
4668,-0.004686313404551667,0.08834359162551118,-0.05304644421088252,-0.35929671663591933,0.2589974293059126,-0.03224474603269756,-1.3358694375628448,0.22560252258956823,P_md,0.3·P_lead+0.7·1590,3,5,0.01,0.07433590402742074,18.732647814910028
4663,0.08735916431646562,0.08874574156126967,0.9843758447401473,-0.20380839771007708,0.28844091786403603,0.05829714534475591,2.581630159113917,0.23825556811710266,P_md,0.3·P_lead+0.7·1590,3,10,0.0,0.03752948745442848,9.457430838515977
4663,0.07317301805869167,0.08878402292681005,0.8241687597216961,-0.21566257280063572,0.2869397383658589,0.04409172239350179,1.9367349719713078,0.23841360185732574,P_md,0.3·P_lead+0.7·1590,3,10,0.003,0.03752948745442848,9.457430838515977
4663,0.06371558722017569,0.0889375880899633,0.7164078607093017,-0.22347686113245857,0.28608192150975764,0.034621440425999024,1.5103965854280506,0.2385189576841411,P_md,0.3·P_lead+0.7·1590,3,10,0.005,0.03752948745442848,9.457430838515977
4663,0.049529440962401715,0.08935868193984439,0.5542767628974717,-0.23506696122162807,0.2822217456573022,0.020416017474744908,0.8798299299654425,0.23867699142436422,P_md,0.3·P_lead+0.7·1590,3,10,0.008,0.03752948745442848,9.457430838515977
4663,0.04007201012388574,0.08976518334070106,0.4464092717528758,-0.25141409213285526,0.2813639288012009,0.01094573550724217,0.46728565695884455,0.2387823472511796,P_md,0.3·P_lead+0.7·1590,3,10,0.01,0.03752948745442848,9.457430838515977
4653,0.11261888119531238,0.09033521068117872,1.2466775728545068,-0.1695691180464488,0.29228454760369654,0.0828711074465577,3.5138945460078492,0.24578543749149215,P_md,0.3·P_lead+0.7·1590,3,20,0.0,0.017837954008166772,4.495164410058027
4653,0.10587613458022536,0.0903221335825386,1.1722058633997294,-0.17205498271056285,0.29142488716956805,0.07612238219987941,3.236812263574674,0.24583483482097537,P_md,0.3·P_lead+0.7·1590,3,20,0.003,0.017837954008166772,4.495164410058027
4653,0.10138097017016731,0.09037451330217143,1.121787177223243,-0.1737101556841989,0.2912099720610359,0.0716232320354272,3.049853008612745,0.24586776637396426,P_md,0.3·P_lead+0.7·1590,3,20,0.005,0.017837954008166772,4.495164410058027
4653,0.0946382235550803,0.09054451749069395,1.0452120810606462,-0.17618980994099587,0.2901353965183752,0.06487450678874887,2.7665321814521344,0.24591716370344752,P_md,0.3·P_lead+0.7·1590,3,20,0.008,0.017837954008166772,4.495164410058027
4653,0.09014305914502224,0.0907185434844744,0.9936563758924256,-0.17784084264308764,0.2892757360842467,0.06037535662429669,2.5760189567888747,0.24595009525643638,P_md,0.3·P_lead+0.7·1590,3,20,0.01,0.017837954008166772,4.495164410058027
4672,0.13216501461576424,0.08192801439047377,1.6131846426285639,-0.19045235408410655,0.2737585616438356,0.10807214277633612,5.132266178919898,0.20044912942242096,P_md,0.3·P_lead+0.7·1590,5,1,0.0,0.2189640410958904,55.17893835616438
4672,0.049396607081517684,0.08237671100358922,0.5996428660445723,-0.27925272062553297,0.2643407534246575,0.02522894545163424,1.1796725841706757,0.20107136941466255,P_md,0.3·P_lead+0.7·1590,5,1,0.003,0.2189640410958904,55.17893835616438
4672,-0.005782331274646715,0.0833236825198266,-0.0693960120314033,-0.3643247540614628,0.2557791095890411,-0.029999852764833638,-1.3470596340209309,0.201486196076157,P_md,0.3·P_lead+0.7·1590,5,1,0.005,0.2189640410958904,55.17893835616438
4672,-0.08855073880889329,0.08567294645073015,-1.033590444561378,-0.835973549867586,0.2442208904109589,-0.11284305008953545,-4.615174765295683,0.20210843606839862,P_md,0.3·P_lead+0.7·1590,5,1,0.008,0.2189640410958904,55.17893835616438
4672,-0.14372967716505766,0.08781968522964217,-1.6366453237587324,-0.9411470571371013,0.2358732876712329,-0.1680718483060033,-6.375270200632109,0.20252326272989304,P_md,0.3·P_lead+0.7·1590,5,1,0.01,0.2189640410958904,55.17893835616438
4668,0.08389005305548929,0.08790786925016918,0.9542951475339945,-0.18436607752699152,0.2712082262210797,0.05532793900066502,2.292730804425636,0.2338189935620021,P_md,0.3·P_lead+0.7·1590,5,5,0.0,0.07047986289631533,17.760925449871465
4668,0.05724866488068208,0.08796987959133254,0.6507757558227084,-0.21705834257820877,0.26970865467009425,0.028739182416977156,1.1765018559612983,0.2333881337999599,P_md,0.3·P_lead+0.7·1590,5,5,0.003,0.07047986289631533,17.760925449871465
4668,0.0394877394308106,0.0882454091137331,0.44747641636425217,-0.24326016315912458,0.2671379605826907,0.011013344694518546,0.4459526671176917,0.23310089395859845,P_md,0.3·P_lead+0.7·1590,5,5,0.005,0.07047986289631533,17.760925449871465
4668,0.01284635125600341,0.08900563764982068,0.14433188273472577,-0.28983311495640474,0.2615681233933162,-0.015575411889169378,-0.6180330729081585,0.23267003419655632,P_md,0.3·P_lead+0.7·1590,5,5,0.008,0.07047986289631533,17.760925449871465
4668,-0.004914574193868055,0.08973917441219666,-0.054765092570320154,-0.38273006785621866,0.25942587832047986,-0.03330124961162798,-1.300642507909808,0.23238279435519485,P_md,0.3·P_lead+0.7·1590,5,5,0.01,0.07047986289631533,17.760925449871465
4663,0.08723614612549957,0.09062492811175905,0.9626065139375292,-0.18452863105621597,0.28672528415183357,0.05712609155525905,2.3653330871163054,0.2468475491896485,P_md,0.3·P_lead+0.7·1590,5,10,0.0,0.03795839588247909,9.565515762384731
4663,0.07288787248192245,0.09074046793111268,0.8032565198722211,-0.203932049154274,0.28565301308170704,0.04275098416432336,1.7540956619395887,0.24706753699324377,P_md,0.3·P_lead+0.7·1590,5,10,0.003,0.03795839588247909,9.565515762384731
4663,0.06332235671953772,0.09094401280758764,0.696278454894115,-0.21662627919557953,0.28479519622560584,0.03316757923703291,1.3510871406147411,0.24721419552897397,P_md,0.3·P_lead+0.7·1590,5,10,0.005,0.03795839588247909,9.565515762384731
4663,0.048974083075960614,0.09143741781141351,0.5356022102129783,-0.2353122780959087,0.2813639288012009,0.01879247184609723,0.756023630109523,0.24743418333256925,P_md,0.3·P_lead+0.7·1590,5,10,0.008,0.03795839588247909,9.565515762384731
4663,0.03940856731357589,0.09189017527167638,0.42886595000023836,-0.24753657366523052,0.2805061119450997,0.009209066918806772,0.3670360484096622,0.24758084186829946,P_md,0.3·P_lead+0.7·1590,5,10,0.01,0.03795839588247909,9.565515762384731
4653,0.11779294161294787,0.09468250106307999,1.2440835454322345,-0.18648231092607737,0.2866967547818612,0.08517221724195963,3.452177727183881,0.26952265667101777,P_md,0.3·P_lead+0.7·1590,5,20,0.0,0.018267784225231034,4.603481624758221
4653,0.11088771917581051,0.09468093030636002,1.1711726829997344,-0.18648231092607748,0.2860520094562648,0.0782819449779116,3.1792271914519064,0.2693991336516361,P_md,0.3·P_lead+0.7·1590,5,20,0.003,0.018267784225231034,4.603481624758221
4653,0.1062842375510523,0.09473954381370298,1.1218571809892917,-0.19197916673664295,0.2856221792392005,0.07368843013521297,2.9954349771062927,0.2693167849720482,P_md,0.3·P_lead+0.7·1590,5,20,0.005,0.018267784225231034,4.603481624758221
4653,0.09937901511391498,0.09491673404075333,1.0470125854861982,-0.2040185194975459,0.284762518805072,0.06679815787116493,2.717441883730978,0.2691932619526665,P_md,0.3·P_lead+0.7·1590,5,20,0.008,0.018267784225231034,4.603481624758221
4653,0.09477553348915675,0.0950941154218201,0.9966498249523627,-0.21195480903713138,0.2839028583709435,0.06220464302846625,2.5308372725276636,0.26911091327307873,P_md,0.3·P_lead+0.7·1590,5,20,0.01,0.018267784225231034,4.603481624758221
4672,0.13926982373086647,0.0776973991690167,1.7924644224951474,-0.15667929681741533,0.2883133561643836,0.11808824301155682,5.447388781537982,0.1762276179972882,P_md,0.3·P_lead+0.7·1590,10,1,0.0,0.1577482876712329,39.75256849315069
4672,0.07964097099114044,0.07794184943207295,1.0217998619669435,-0.20483684863152718,0.2818921232876712,0.058503146442984266,2.689792401816452,0.17586357312654655,P_md,0.3·P_lead+0.7·1590,10,1,0.003,0.1577482876712329,39.75256849315069
4672,0.03988840249798974,0.07863852759245277,0.5072374028251514,-0.2616518668621619,0.2761130136986301,0.018779748730602543,0.8458685351757991,0.1756208765460521,P_md,0.3·P_lead+0.7·1590,10,1,0.005,0.1577482876712329,39.75256849315069
4672,-0.01974045024173627,0.08045638789864741,-0.24535590967125853,-0.43778637962230726,0.2677654109589041,-0.04080534783796993,-1.7409887194858542,0.1752568316753104,P_md,0.3·P_lead+0.7·1590,10,1,0.008,0.1577482876712329,39.75256849315069
4672,-0.059493018734886965,0.08215692707900822,-0.7241388018039435,-0.7189321911475122,0.2613441780821918,-0.0805287455503516,-3.2747121324150563,0.17501413509481598,P_md,0.3·P_lead+0.7·1590,10,1,0.01,0.1577482876712329,39.75256849315069
4668,0.08806124308073393,0.08494933595924774,1.0366325067329432,-0.2460289188832937,0.2778491859468723,0.06164500436271177,2.564845784862647,0.21625214222188452,P_md,0.3·P_lead+0.7·1590,10,5,0.0,0.062339331619537273,15.709511568123393
4668,0.06449697572854886,0.08504682445890843,0.7583701818250896,-0.279266474527326,0.2769922879177378,0.03810918350249823,1.5669620736083443,0.21601926974926616,P_md,0.3·P_lead+0.7·1590,10,5,0.003,0.062339331619537273,15.709511568123393
4668,0.04878746416042547,0.08532786277665493,0.5717647503738177,-0.3006331431902278,0.27485004284490144,0.022418636262355837,0.9122400749460727,0.21586402143418731,P_md,0.3·P_lead+0.7·1590,10,5,0.005,0.062339331619537273,15.709511568123393
4668,0.02522319680824037,0.08606925665919404,0.2930569844249491,-0.33153924507046373,0.269280205655527,-0.0011171845978577455,-0.04459742324098811,0.21563114896156904,P_md,0.3·P_lead+0.7·1590,10,5,0.008,0.062339331619537273,15.709511568123393
4668,0.009513685240116974,0.08677249272758256,0.10963941384033604,-0.3514053269359425,0.2667095115681234,-0.01680773183800012,-0.6610396836299836,0.2154759006464902,P_md,0.3·P_lead+0.7·1590,10,5,0.01,0.062339331619537273,15.709511568123393
4663,0.0954473528486384,0.08992927723019108,1.0613601686614558,-0.22218520493103244,0.28886982629208663,0.06589550336641856,2.7445237304988526,0.24227128521770305,P_md,0.3·P_lead+0.7·1590,10,10,0.0,0.03409822003002359,8.592751447565945
4663,0.08255822567728947,0.08997698203265331,0.9175482863753809,-0.23837676776404348,0.2880120094359854,0.052999120863997363,2.19539807780889,0.24233076570418224,P_md,0.3·P_lead+0.7·1590,10,10,0.003,0.03409822003002359,8.592751447565945
4663,0.07396547422972352,0.09012398529962443,0.8207079833833287,-0.2489966577480578,0.28715419257988417,0.04440153252904991,1.8306241559226515,0.24237041936183504,P_md,0.3·P_lead+0.7·1590,10,10,0.005,0.03409822003002359,8.592751447565945
4663,0.061076347058374614,0.09051616775733808,0.6747562183820273,-0.2646689315029176,0.2845807420115805,0.0315051500266287,1.2877911211879318,0.24242989984831426,P_md,0.3·P_lead+0.7·1590,10,10,0.008,0.03409822003002359,8.592751447565945
4663,0.05248359561080866,0.09089092213825466,0.5774349558361351,-0.2749478037443327,0.283508470941454,0.022907561691681254,0.9300816546420916,0.24246955350596705,P_md,0.3·P_lead+0.7·1590,10,10,0.01,0.03409822003002359,8.592751447565945
4653,0.10639960739630826,0.09349415968391638,1.138034800847694,-0.1916736068326338,0.27874489576617234,0.07445575887779303,3.0730962072289763,0.26393009606689993,P_md,0.3·P_lead+0.7·1590,10,20,0.0,0.017837954008166772,4.495164410058027
4653,0.09965686078122123,0.0935338323667038,1.0654632474644234,-0.19651571444507077,0.27810015044057596,0.06771455748532208,2.791142665729721,0.2639173289529665,P_md,0.3·P_lead+0.7·1590,10,20,0.003,0.017837954008166772,4.495164410058027
4653,0.09516169637116319,0.09361925133742374,1.0164757249358911,-0.19973167837256844,0.27767032022351174,0.06322042322367478,2.602565180343492,0.26390881754367745,P_md,0.3·P_lead+0.7·1590,10,20,0.005,0.017837954008166772,4.495164410058027
4653,0.08841894975607616,0.09383551348029132,0.9422759728878894,-0.2045375110364821,0.2763808295723189,0.05647922183120383,2.3192420746233156,0.2638960504297439,P_md,0.3·P_lead+0.7·1590,10,20,0.008,0.017837954008166772,4.495164410058027
4653,0.08392378534601813,0.094038128748431,0.8924442294096414,-0.21195480903713126,0.2755211691381904,0.05198508756955653,2.130319695848465,0.263887539020455,P_md,0.3·P_lead+0.7·1590,10,20,0.01,0.017837954008166772,4.495164410058027
4672,0.13001379604100724,0.08209238192326361,1.583749831531731,-0.15822935204574284,0.3110017123287671,0.10637037097939792,4.741540671854552,0.19670979872179198,P_md,0.3·P_lead+0.7·1590,20,1,0.0,0.1076626712328767,27.13099315068493
4672,0.08931730631497986,0.08239345557004221,1.0840339890715194,-0.19493666275825083,0.3065068493150685,0.06568687448767804,2.8454318235050517,0.19660169693456298,P_md,0.3·P_lead+0.7·1590,20,1,0.003,0.1076626712328767,27.13099315068493
4672,0.06218631316429493,0.08295923320459543,0.749600867343241,-0.2517177812342126,0.3022260273972603,0.038564543493198114,1.6217705652334014,0.1965296290764104,P_md,0.3·P_lead+0.7·1590,20,1,0.005,0.1076626712328767,27.13099315068493
4672,0.021489823438267535,0.08434080022339535,0.25479748095046484,-0.333797673610858,0.2951626712328767,-0.0021189529985218276,-0.0841932344294567,0.1964215272891814,P_md,0.3·P_lead+0.7·1590,20,1,0.008,0.1076626712328767,27.13099315068493
4672,-0.005641169712417401,0.08560373438371956,-0.06589864043933882,-0.4467463140631378,0.2906678082191781,-0.029241283993001722,-1.1119942093833268,0.19634945943102877,P_md,0.3·P_lead+0.7·1590,20,1,0.01,0.1076626712328767,27.13099315068493
4668,0.09688339041649777,0.08789983296522466,1.102202212998826,-0.18648231092607714,0.3026992287917738,0.06892954568465516,2.7126887261834636,0.22883949797420333,P_md,0.3·P_lead+0.7·1590,20,5,0.0,0.04562982005141388,11.498714652956298
4668,0.07963531843706333,0.08798276770699079,0.9051240431793759,-0.20377847135812455,0.30162810625535563,0.05167364834726653,2.0039185919893656,0.22890355896484274,P_md,0.3·P_lead+0.7·1590,20,5,0.003,0.04562982005141388,11.498714652956298
4668,0.06813660378410702,0.0881937236233423,0.7725788297034014,-0.22734998730363665,0.3003427592116538,0.04016971678900744,1.5402469171957807,0.2289462662919357,P_md,0.3·P_lead+0.7·1590,20,5,0.005,0.04562982005141388,11.498714652956298
4668,0.050888531804672565,0.08874143636423254,0.5734472405405342,-0.2614470799614156,0.29670094258783203,0.022913819451618793,0.8619987136648464,0.2290103272825752,P_md,0.3·P_lead+0.7·1590,20,5,0.008,0.04562982005141388,11.498714652956298
4668,0.03938981715171627,0.0892585565089858,0.44130018109525265,-0.2834742735657142,0.2952013710368466,0.011409887893359697,0.4232751798868903,0.22905303460966808,P_md,0.3·P_lead+0.7·1590,20,5,0.01,0.04562982005141388,11.498714652956298
4663,0.09536832418760426,0.08887113199865909,1.0731080165496618,-0.24225099040252018,0.30581170920008577,0.06666677513413813,2.7696152570478167,0.23530037201583162,P_md,0.3·P_lead+0.7·1590,20,10,0.0,0.02723568518121381,6.86339266566588
4663,0.08507323518910542,0.08886996134578473,0.957277733677563,-0.2580156364061671,0.30452498391593397,0.05638512211072244,2.3283481582933794,0.23519022151734945,P_md,0.3·P_lead+0.7·1590,20,10,0.003,0.02723568518121381,6.86339266566588
4663,0.07820984252343954,0.08896306004799528,0.8791271622316678,-0.26835561533948515,0.3040960754878833,0.04953068676177862,2.035516153979321,0.23511678785169468,P_md,0.3·P_lead+0.7·1590,20,10,0.005,0.02723568518121381,6.86339266566588
4663,0.06791475352494072,0.08924293919818448,0.7610098248122509,-0.28361495815601456,0.3021659875616556,0.039249033738362915,1.599651584224095,0.2350066373532125,P_md,0.3·P_lead+0.7·1590,20,10,0.008,0.02723568518121381,6.86339266566588
4663,0.06105136085927484,0.08952233072293059,0.6819679555509709,-0.2936231009401462,0.3008792622775038,0.0323945983894191,1.312078241860131,0.23493320368755774,P_md,0.3·P_lead+0.7·1590,20,10,0.01,0.02723568518121381,6.86339266566588
4653,0.10229217652412456,0.0923294627389223,1.1079039505880544,-0.1916736068326338,0.3008811519449817,0.07109129924286872,2.8857891366114,0.25779143466199284,P_md,0.3·P_lead+0.7·1590,20,20,0.0,0.017408123791102514,4.386847195357833
4653,0.09571190573108782,0.09236297353924881,1.0362583843234099,-0.19651571444507077,0.30023640661938533,0.06452169451403589,2.6041290576118827,0.2577033082939891,P_md,0.3·P_lead+0.7·1590,20,20,0.003,0.017408123791102514,4.386847195357833
4653,0.09132505853572999,0.09244362350150684,0.9879000311388854,-0.19973167837256844,0.29959166129378895,0.06014195802814734,2.417242856294769,0.2576445573819866,P_md,0.3·P_lead+0.7·1590,20,20,0.005,0.017408123791102514,4.386847195357833
4653,0.08474478774269321,0.09265175805112133,0.9146592522932444,-0.2045375110364821,0.2983021706425962,0.05357235329931452,2.1386546155690733,0.2575564310139828,P_md,0.3·P_lead+0.7·1590,20,20,0.008,0.017408123791102514,4.386847195357833
4653,0.08035794054733539,0.09284831689402914,0.8654754683280965,-0.21195480903713082,0.2976574253169998,0.04919261681342596,1.9543168541158333,0.2574976801019803,P_md,0.3·P_lead+0.7·1590,20,20,0.01,0.017408123791102514,4.386847195357833
4672,0.100753497631543,0.08521722837834853,1.1823137122486118,-0.20931052817803186,0.23737157534246575,0.07406822339453908,3.598940402693675,0.2220175338521602,P_md,P_lead+1.0·1590⊥,1,1,0.0,0.4193065068493151,105.66523972602741
4672,-0.057744361957498117,0.08587998504825683,-0.672384396958744,-0.6946720403458205,0.21789383561643835,-0.084385921437676,-3.866245397947222,0.2216538335424969,P_md,P_lead+1.0·1590⊥,1,1,0.003,0.4193065068493151,105.66523972602741
4672,-0.16340960168352556,0.08720320910486405,-1.8738943596332722,-0.9566293165516984,0.2026969178082192,-0.19002201799248608,-7.7308768060533835,0.22141136666938793,P_md,P_lead+1.0·1590⊥,1,1,0.005,0.4193065068493151,105.66523972602741
4672,-0.32190746127256653,0.09043277833661262,-3.559632549100165,-0.9976916708878901,0.1819349315068493,-0.3484761628247011,-11.398601658565747,0.22104766635972467,P_md,P_lead+1.0·1590⊥,1,1,0.008,0.4193065068493151,105.66523972602741
4672,-0.427572700998594,0.09334868242618165,-4.580382817258405,-0.9996741886792164,0.1703767123287671,-0.45411225937951105,-12.857062862900479,0.22080519948661567,P_md,P_lead+1.0·1590⊥,1,1,0.01,0.4193065068493151,105.66523972602741
4668,0.07372391125242672,0.08207683468111504,0.8982304390618732,-0.21078916024361516,0.24121679520137104,0.04866880022931926,2.3206194171088432,0.20510949685874946,P_md,P_lead+1.0·1590⊥,1,5,0.0,0.0779777206512425,19.65038560411311
4668,0.04424833284625706,0.08216167602672277,0.5385519744249797,-0.2611917900320925,0.2384318766066838,0.01926303027355907,0.9131583973957613,0.20453802159660542,P_md,P_lead+1.0·1590⊥,1,5,0.003,0.0779777206512425,19.65038560411311
4668,0.024597947242143942,0.08249324471591402,0.29818135202286067,-0.29303119763666063,0.2358611825192802,-0.0003408163636144084,-0.016021497443901377,0.20415703808850952,P_md,P_lead+1.0·1590⊥,1,5,0.005,0.0779777206512425,19.65038560411311
4668,-0.004877631164025724,0.08339654942639517,-0.05848720597643749,-0.3382909236774774,0.23093401885175663,-0.029746586319374622,-1.3722271964069397,0.20358556282636558,P_md,P_lead+1.0·1590⊥,1,5,0.008,0.0779777206512425,19.65038560411311
4668,-0.02452801676813883,0.08426261774920706,-0.29109013490587465,-0.4979902657387161,0.22836332476435303,-0.04935043295654808,-2.2395025473384766,0.20320457931826957,P_md,P_lead+1.0·1590⊥,1,5,0.01,0.0779777206512425,19.65038560411311
4663,0.06573739645293883,0.08555041497346111,0.768405348744731,-0.21760367231281386,0.25498606047608835,0.038589929750156245,1.7276561230321081,0.2225597302275479,P_md,P_lead+1.0·1590⊥,1,10,0.0,0.03945957538065623,9.94381299592537
4663,0.05082167695905077,0.08554068180577629,0.5941228885040164,-0.22229795538428276,0.25369933519193655,0.02369099263000453,1.0562432070168404,0.22242214536144495,P_md,P_lead+1.0·1590⊥,1,10,0.003,0.03945957538065623,9.94381299592537
4663,0.04087786396312541,0.08567369362546232,0.4771343715123364,-0.22541572055981174,0.2519837014797341,0.013758367883236717,0.6108792613340674,0.22233042211737625,P_md,P_lead+1.0·1590⊥,1,10,0.005,0.03945957538065623,9.94381299592537
4663,0.02596214446923735,0.08608116893177886,0.3016007425481513,-0.23323852298536807,0.2487668882693545,-0.0011405692369149977,-0.0502302273102256,0.22219283725127326,P_md,P_lead+1.0·1590⊥,1,10,0.008,0.03945957538065623,9.94381299592537
4663,0.016018331473311984,0.08648993349520372,0.1852045761394912,-0.24699519851340046,0.24769461719922797,-0.011073193983682792,-0.4843995059383321,0.22210111400720456,P_md,P_lead+1.0·1590⊥,1,10,0.01,0.03945957538065623,9.94381299592537
4653,0.08802874780828417,0.09175902722996646,0.959347003403453,-0.1909782449556109,0.26928863099075867,0.05712846154355437,2.6356916234675074,0.2553078573991408,P_md,P_lead+1.0·1590⊥,1,20,0.0,0.01955727487642381,4.9284332688588
4653,0.08063609790499596,0.09168962144085943,0.8794462954240346,-0.19752277941219532,0.2686438856651623,0.04975093740575442,2.2961182252555736,0.2551828835802821,P_md,P_lead+1.0·1590⊥,1,20,0.003,0.01955727487642381,4.9284332688588
4653,0.07570766463613715,0.09170922051574971,0.8255185706559951,-0.20233717266736384,0.26778422523103373,0.04483258798055446,2.068334486269134,0.255099567701043,P_md,P_lead+1.0·1590⊥,1,20,0.005,0.01955727487642381,4.9284332688588
4653,0.06831501473284896,0.091837339185883,0.743869708535177,-0.21012248262675992,0.2667096496883731,0.037455063842754495,1.7253999218325184,0.25497459388218435,P_md,P_lead+1.0·1590⊥,1,20,0.008,0.01955727487642381,4.9284332688588
4653,0.06338658146399015,0.09198835112458516,0.689071830172736,-0.21801429698959285,0.2658499892542446,0.032536714417554555,1.4964325447144706,0.2548912780029452,P_md,P_lead+1.0·1590⊥,1,20,0.01,0.01955727487642381,4.9284332688588
4672,0.11616679264651694,0.08438267089271614,1.3766664579059251,-0.2195164391696891,0.24529109589041095,0.09023252085324479,4.00182977130586,0.2157693046230575,P_md,P_lead+1.0·1590⊥,3,1,0.0,0.2857448630136986,72.00770547945206
4672,0.00815523442733885,0.08503999440312321,0.09589881190113694,-0.3195972264036335,0.2324486301369863,-0.017791971124603727,-0.7724612069322615,0.21587691158178457,P_md,P_lead+1.0·1590⊥,3,1,0.003,0.2857448630136986,72.00770547945206
4672,-0.0638524710521132,0.08622442534781767,-0.7405380876073221,-0.7365790571494127,0.22153253424657535,-0.08980829910983602,-3.6952602525014133,0.21594864955426923,P_md,P_lead+1.0·1590⊥,3,1,0.005,0.2857448630136986,72.00770547945206
4672,-0.17186402927129127,0.08906087053752101,-1.9297366872119852,-0.9642174875889971,0.20761986301369864,-0.19783279108768442,-7.228522156258952,0.21605625651299631,P_md,P_lead+1.0·1590⊥,3,1,0.008,0.2857448630136986,72.00770547945206
4672,-0.24387173475074336,0.0916073357408811,-2.6621419865386615,-0.9905971798419847,0.19820205479452055,-0.2698491190729167,-8.994881768583323,0.21612799448548103,P_md,P_lead+1.0·1590⊥,3,1,0.01,0.2857448630136986,72.00770547945206
4668,0.07765358966598043,0.08581403173988487,0.9049055042811652,-0.1843660775269914,0.25171379605826905,0.050303758194724,2.287789868123166,0.22389484393293468,P_md,P_lead+1.0·1590⊥,3,5,0.0,0.07690659811482434,19.380462724935732
4668,0.04858289557857683,0.08584453399741057,0.5659404660527636,-0.20522329952934493,0.24957155098543274,0.021307019359366366,0.9686166603284991,0.22328942156928108,P_md,P_lead+1.0·1590⊥,3,5,0.003,0.07690659811482434,19.380462724935732
4668,0.029202432853641103,0.08612496265785763,0.3390704849377002,-0.22643758036226425,0.24657240788346188,0.0019758601357946215,0.08942642078106364,0.22288580666017865,P_md,P_lead+1.0·1590⊥,3,5,0.005,0.07690659811482434,19.380462724935732
4668,0.0001317387662375052,0.08693071232765281,0.0015154456084630387,-0.26194049215885684,0.2416452442159383,-0.027020878699563013,-1.2076197120197885,0.22228038429652514,P_md,P_lead+1.0·1590⊥,3,5,0.008,0.07690659811482434,19.380462724935732
4668,-0.01924872395869823,0.087719114075417,-0.21943591384369243,-0.4584731194322763,0.23864610111396745,-0.04635203792313477,-2.0465109636883096,0.22187676938742276,P_md,P_lead+1.0·1590⊥,3,5,0.01,0.07690659811482434,19.380462724935732
4663,0.0712819372850694,0.08890185001201475,0.801804881174418,-0.21044137547188246,0.2659232253913789,0.04190868360095745,1.6889442397918406,0.24080712529877488,P_md,P_lead+1.0·1590⊥,3,10,0.0,0.04096075487883337,10.32211022946601
4663,0.0557987719408704,0.08896761110566237,0.6271807374326483,-0.23386680885529554,0.2644220458932018,0.0264258750681598,1.0559565202846688,0.24080420009584136,P_md,P_lead+1.0·1590⊥,3,10,0.003,0.04096075487883337,10.32211022946601
4663,0.04547666171140438,0.08915036361801384,0.5101119038197093,-0.24911530628295064,0.2635642290371006,0.016104002712961387,0.639127616979051,0.24080224996055238,P_md,P_lead+1.0·1590⊥,3,10,0.005,0.04096075487883337,10.32211022946601
4663,0.02999349636720537,0.08963116068121393,0.3346324664240547,-0.2714485389222323,0.26013296161269567,0.0006211941801637923,0.02436285199593707,0.24079932475761892,P_md,P_lead+1.0·1590⊥,3,10,0.008,0.04096075487883337,10.32211022946601
4663,0.01967138613773936,0.09008775518054177,0.21835804542267276,-0.2859852071249749,0.25906069054256914,-0.009700678175034633,-0.37706977927273116,0.2407973746223299,P_md,P_lead+1.0·1590⊥,3,10,0.01,0.04096075487883337,10.32211022946601
4653,0.08806582270490329,0.09092306255383395,0.9685751912806617,-0.1695691180464488,0.26284117773479476,0.05788057259851747,2.481863310480561,0.24940000437843626,P_md,P_lead+1.0·1590⊥,3,20,0.0,0.018697614442295292,4.711798839458414
4653,0.08099812444571565,0.09090406604449253,0.8910286191826837,-0.17205498271056285,0.2624113475177305,0.050833363398374326,2.1826408372671944,0.24923071734594884,P_md,P_lead+1.0·1590⊥,3,20,0.003,0.018697614442295292,4.711798839458414
4653,0.07628632560625724,0.09095497917276579,0.8387262170810247,-0.1737101556841989,0.261551687083602,0.04613522393161221,1.9817564908366876,0.24911785932429062,P_md,P_lead+1.0·1590⊥,3,20,0.005,0.018697614442295292,4.711798839458414
4653,0.0692186273470696,0.09112650193964211,0.7595883291220457,-0.18320536656418218,0.2602621964324092,0.03908801473146906,1.6788987099686057,0.2489485722918032,P_md,P_lead+1.0·1590⊥,3,20,0.008,0.018697614442295292,4.711798839458414
4653,0.0645068285076112,0.09130400777316357,0.7065059911485211,-0.19300112686741688,0.25940253599828067,0.03438987526470696,1.476312534701791,0.24883571427014498,P_md,P_lead+1.0·1590⊥,3,20,0.01,0.018697614442295292,4.711798839458414
4672,0.11016657009618458,0.08246942721386061,1.3358474020984705,-0.21908760433245655,0.24914383561643835,0.08553382755138154,3.87991507545738,0.2049407738230674,P_md,P_lead+1.0·1590⊥,5,1,0.0,0.23351883561643835,58.846746575342465
4672,0.021896450233170866,0.08296273344459268,0.26393115708747217,-0.2835920906840387,0.2401541095890411,-0.0027136513888459577,-0.12009263294395975,0.20475240469496786,P_md,P_lead+1.0·1590⊥,5,1,0.003,0.23351883561643835,58.846746575342465
4672,-0.036950296342171604,0.0839643221793189,-0.44007139441033644,-0.5791964201083485,0.23137842465753425,-0.0615453040156643,-2.600951762217167,0.20462682527623477,P_md,P_lead+1.0·1590⊥,5,1,0.005,0.23351883561643835,58.846746575342465
4672,-0.1252204162051853,0.08642901977182174,-1.4488237461882059,-0.9170246737931339,0.2191780821917808,-0.14979278295589185,-5.730418725114414,0.20443845614813522,P_md,P_lead+1.0·1590⊥,5,1,0.008,0.23351883561643835,58.846746575342465
4672,-0.18406716278052776,0.08867209602348428,-2.0758183355875417,-0.9721964314214602,0.2108304794520548,-0.20862443558271015,-7.3830333510736255,0.20431287672940218,P_md,P_lead+1.0·1590⊥,5,1,0.01,0.23351883561643835,58.846746575342465
4668,0.08205041188513913,0.08513496102691413,0.9637687137626122,-0.1843660775269914,0.2525706940874036,0.055050549048063106,2.45791359583537,0.2210298839490462,P_md,P_lead+1.0·1590⊥,5,5,0.0,0.07005141388174807,17.652956298200515
4668,0.05557097743783836,0.08522415393078958,0.6520566632197661,-0.20291828215124852,0.25107112253641817,0.028613390042900307,1.2747569059348747,0.22068380307722704,P_md,P_lead+1.0·1590⊥,5,5,0.003,0.07005141388174807,17.652956298200515
4668,0.03791802113963785,0.08552389107268135,0.4433617397905075,-0.2226510884742372,0.24828620394173093,0.010988617372791777,0.48718701347567617,0.22045308249601428,P_md,P_lead+1.0·1590⊥,5,5,0.005,0.07005141388174807,17.652956298200515
4668,0.011438586692337084,0.08632890427328482,0.1325000796503431,-0.25137346155330664,0.24335904027420738,-0.015448541632371027,-0.6766358493926957,0.22010700162419522,P_md,P_lead+1.0·1590⊥,5,5,0.008,0.07005141388174807,17.652956298200515
4668,-0.00621436960586343,0.08709740834520764,-0.07134965005196235,-0.3379194342739993,0.24057412167952014,-0.033073314302479576,-1.4324621181437835,0.21987628104298246,P_md,P_lead+1.0·1590⊥,5,5,0.01,0.07005141388174807,17.652956298200515
4663,0.0792390868663873,0.08705871722318906,0.9101798118991936,-0.19056852519872858,0.26249195796697405,0.051140570234700346,2.235110559886146,0.23035660563869564,P_md,P_lead+1.0·1590⊥,5,10,0.0,0.03967402959468153,9.997855457859746
4663,0.06424230367959767,0.08716708121333208,0.7370018909130561,-0.20392451844744486,0.2612052326828222,0.03611708928956763,1.5679342206091529,0.23057547858030636,P_md,P_lead+1.0·1590⊥,5,10,0.003,0.03967402959468153,9.997855457859746
4663,0.05424444822173791,0.08737674022099962,0.6208110772333565,-0.2197689630857682,0.26013296161269567,0.026101435326145856,1.126542901355878,0.23072139387471347,P_md,P_lead+1.0·1590⊥,5,10,0.005,0.03967402959468153,9.997855457859746
4663,0.0392476650349483,0.0878953865804849,0.4465270199250972,-0.24297503108208807,0.2569161484023161,0.011077954381013154,0.4730497736191942,0.23094026681632415,P_md,P_lead+1.0·1590⊥,5,10,0.008,0.03967402959468153,9.997855457859746
4663,0.029249809577088552,0.088375392304926,0.33097233080636845,-0.25807982653204964,0.25584387733218955,0.0010623004175913582,0.04498554124155422,0.23108618211073126,P_md,P_lead+1.0·1590⊥,5,10,0.01,0.03967402959468153,9.997855457859746
4653,0.10410054191817575,0.09261256491353799,1.124043395357453,-0.18648231092607725,0.2658499892542446,0.07280822600597178,3.0667463496957055,0.2585469293118115,P_md,P_lead+1.0·1590⊥,5,20,0.0,0.018697614442295292,4.711798839458414
4653,0.09703284365898815,0.09260449568339689,1.047820010712344,-0.18648231092607737,0.2654201590371803,0.06576571603778063,2.7769942821511533,0.2583388157509611,P_md,P_lead+1.0·1590⊥,5,20,0.003,0.018697614442295292,4.711798839458414
4653,0.09232104481952973,0.09266152373798786,0.9963255631385809,-0.19197916673664372,0.2645604986030518,0.061070709392319844,2.581767257828472,0.2582000733770608,P_md,P_lead+1.0·1590⊥,5,20,0.005,0.018697614442295292,4.711798839458414
4653,0.0852533465603421,0.0928404471259265,0.9182780695218601,-0.2040185194975459,0.26348592306039115,0.05402819942412869,2.286386762920925,0.2579919598162103,P_md,P_lead+1.0·1590⊥,5,20,0.008,0.018697614442295292,4.711798839458414
4653,0.08054154772088368,0.09302170418779096,0.8658360801290794,-0.2119548090371327,0.26262626262626265,0.0493331927786679,2.088104151412498,0.25785321744231,P_md,P_lead+1.0·1590⊥,5,20,0.01,0.018697614442295292,4.711798839458414
4672,0.12072989993685955,0.08189555307949029,1.4741935965640955,-0.19126250120467492,0.2611301369863014,0.09649202502988988,4.257678432663275,0.20165553349271995,P_md,P_lead+1.0·1590⊥,10,1,0.0,0.1684503424657534,42.44948630136986
4672,0.05705567048480474,0.0823967695595084,0.6924503325776399,-0.23852362942334038,0.2551369863013699,0.0327152098360267,1.4418013417343596,0.2025090316881069,P_md,P_lead+1.0·1590⊥,10,1,0.003,0.1684503424657534,42.44948630136986
4672,0.014606184183434871,0.08326098133173424,0.17542651971924145,-0.3011512637171613,0.2478595890410959,-0.009802666959882068,-0.42351921408769205,0.20307803048503148,P_md,P_lead+1.0·1590⊥,10,1,0.005,0.1684503424657534,42.44948630136986
4672,-0.04906804526861992,0.0853201917960706,-0.5751047229933646,-0.658709699106639,0.23715753424657535,-0.07357948215374521,-3.0112090238546356,0.20393152868041844,P_md,P_lead+1.0·1590⊥,10,1,0.008,0.1684503424657534,42.44948630136986
4672,-0.09151753156998976,0.08717356577941184,-1.0498312275256712,-0.844834182983918,0.23116438356164384,-0.11609735894965395,-4.525887226556941,0.20450052747734304,P_md,P_lead+1.0·1590⊥,10,1,0.01,0.1684503424657534,42.44948630136986
4668,0.0934670435551925,0.08407201228838061,1.1117498084212072,-0.18436607752699152,0.25578406169665807,0.06746160866483017,2.858933853367601,0.21288916505043012,P_md,P_lead+1.0·1590⊥,10,5,0.0,0.05848329048843188,14.737789203084834
4668,0.07136035975056525,0.08413795396813803,0.8481351920868969,-0.1975221057045955,0.2547129391602399,0.04542527982408969,1.9181043283855344,0.2123132158466524,P_md,P_lead+1.0·1590⊥,10,5,0.003,0.05848329048843188,14.737789203084834
4668,0.056622570547480405,0.08438771899033917,0.6709811714896885,-0.2228308446875965,0.2525706940874036,0.03073439393026265,1.2914380015687297,0.2119292497108005,P_md,P_lead+1.0·1590⊥,10,5,0.005,0.05848329048843188,14.737789203084834
4668,0.03451588674285316,0.08506744691131478,0.40574729812729593,-0.25934986955118344,0.24828620394173093,0.008698065089522132,0.36151769907146314,0.21135330050702278,P_md,P_lead+1.0·1590⊥,10,5,0.008,0.05848329048843188,14.737789203084834
4668,0.019778097539768322,0.0857202227154361,0.23072848988534853,-0.2910290415987242,0.24657240788346188,-0.005992820804304901,-0.24671384700475585,0.21096933437117094,P_md,P_lead+1.0·1590⊥,10,5,0.01,0.05848329048843188,14.737789203084834
4663,0.09322814949096087,0.08510936789636549,1.0953923380617905,-0.20847996270078117,0.26334977482307526,0.06664211700509375,2.8833245073384712,0.21795699328618842,P_md,P_lead+1.0·1590⊥,10,10,0.0,0.03795839588247909,9.565515762384731
4663,0.07887987584738378,0.08520044866547435,0.9258152636859078,-0.22963736984980265,0.26249195796697405,0.05227731776037323,2.248178270751902,0.218092473085191,P_md,P_lead+1.0·1590⊥,10,10,0.003,0.03795839588247909,9.565515762384731
4663,0.06931436008499903,0.08539595275719923,0.8116820276257827,-0.2434443403823383,0.2612052326828222,0.04270078493055961,1.82665724367138,0.21818279295119272,P_md,P_lead+1.0·1590⊥,10,10,0.005,0.03795839588247909,9.565515762384731
4663,0.054966086441421945,0.08588954349491901,0.6399624937426008,-0.2637173228998082,0.25841732790049327,0.028335985685839102,1.2004179812656253,0.21831827275019536,P_md,P_lead+1.0·1590⊥,10,10,0.008,0.03795839588247909,9.565515762384731
4663,0.04540057067903721,0.08635037907576483,0.5257715271776887,-0.2769464213167676,0.2571306026163414,0.01875945285602544,0.7886754961567668,0.21840859261619708,P_md,P_lead+1.0·1590⊥,10,10,0.01,0.03795839588247909,9.565515762384731
4653,0.10118185882864371,0.09255675236089839,1.093187220248548,-0.18648231092607737,0.2688588007736944,0.06972839655613852,2.9920732174837257,0.2598783710862889,P_md,P_lead+1.0·1590⊥,10,20,0.0,0.019987105093488073,5.036750483558994
4653,0.09362673310330522,0.09255923349960568,1.0115331508628376,-0.18648231092607714,0.2684289705566301,0.062198438818513745,2.676532538927532,0.25967042527752876,P_md,P_lead+1.0·1590⊥,10,20,0.003,0.019987105093488073,5.036750483558994
4653,0.08858998261974622,0.09262753779905102,0.9564108549655721,-0.1919791667366436,0.26735439501396946,0.05717846699343058,2.4640203143545705,0.2595317947383554,P_md,P_lead+1.0·1590⊥,10,20,0.005,0.019987105093488073,5.036750483558994
4653,0.08103485689440773,0.09282967531084596,0.8729412940749547,-0.20401851949754646,0.2660649043627767,0.04964850925580579,2.142595592830143,0.25932384892959526,P_md,P_lead+1.0·1590⊥,10,20,0.008,0.019987105093488073,5.036750483558994
4653,0.07599810641084875,0.09303055078005425,0.816915580673341,-0.2119548090371316,0.2652052439286482,0.04462853743072259,1.9268866577209456,0.2591852183904218,P_md,P_lead+1.0·1590⊥,10,20,0.01,0.019987105093488073,5.036750483558994
4672,0.11286885511697083,0.08363241718212733,1.3495826011004197,-0.16867073611424432,0.2722602739726027,0.08786924561585956,4.0112929833470865,0.20799305262552648,P_md,P_lead+1.0·1590⊥,20,1,0.0,0.1170804794520548,29.50428082191781
4672,0.06861243388409412,0.08410795384208823,0.815766294979821,-0.22227143105019176,0.2675513698630137,0.043542383466565256,1.951973051959158,0.20857911062914347,P_md,P_lead+1.0·1590⊥,20,1,0.003,0.1170804794520548,29.50428082191781
4672,0.03910815306217631,0.08480839818521127,0.4611353816254005,-0.263109293543082,0.2628424657534247,0.013991142033702388,0.6117458000716098,0.20896981596488812,P_md,P_lead+1.0·1590⊥,20,1,0.005,0.1170804794520548,29.50428082191781
4672,-0.0051482681707003975,0.08641554962319793,-0.05957571517103868,-0.36614557160149863,0.2553510273972603,-0.030335720115591866,-1.257706939612325,0.20955587396850517,P_md,P_lead+1.0·1590⊥,20,1,0.008,0.1170804794520548,29.50428082191781
4672,-0.034652548992618215,0.08784213756520808,-0.39448663196401046,-0.5843622556542836,0.2517123287671233,-0.059886961548454645,-2.377393940865399,0.20994657930424981,P_md,P_lead+1.0·1590⊥,20,1,0.01,0.1170804794520548,29.50428082191781
4668,0.08996136615880221,0.08457199715091368,1.063725218623743,-0.18648231092607703,0.27163667523564694,0.06389561439566867,2.654319603441202,0.21338293909177425,P_md,P_lead+1.0·1590⊥,20,5,0.0,0.04434447300771208,11.174807197943444
4668,0.07319915536188704,0.08464872508169247,0.8647401988777063,-0.18770258745968782,0.27099400171379606,0.04713386699939149,1.9497079879121235,0.21337914553956774,P_md,P_lead+1.0·1590⊥,20,5,0.003,0.04434447300771208,11.174807197943444
4668,0.0620243481639436,0.08485733035402325,0.730925046842496,-0.19998575282843578,0.269280205655527,0.03595936873520669,1.4806645272405587,0.21337661650476347,P_md,P_lead+1.0·1590⊥,20,5,0.005,0.04434447300771208,11.174807197943444
4668,0.04526213736702842,0.08540411072962288,0.5299760981098655,-0.22371972534593565,0.2662810625535561,0.01919762133892954,0.7830752442730482,0.21337282295255702,P_md,P_lead+1.0·1590⊥,20,5,0.008,0.04434447300771208,11.174807197943444
4668,0.03408733016908498,0.0859222308773246,0.3967230578283418,-0.24332651232614066,0.2647814910025707,0.008023123074744766,0.32469240355841095,0.21337029391775272,P_md,P_lead+1.0·1590⊥,20,5,0.01,0.04434447300771208,11.174807197943444
4663,0.08945273671328358,0.08575336953424456,1.0431396130453128,-0.19616360198821903,0.27085567231396096,0.06281727175522328,2.5953507979294486,0.2183622494302048,P_md,P_lead+1.0·1590⊥,20,10,0.0,0.031953677889770535,8.052326828222174
4663,0.0773742464709503,0.08579143961055703,0.9018877270527704,-0.21052659982729705,0.26892558438773323,0.05074087015941905,2.086885786279097,0.21834512633680064,P_md,P_lead+1.0·1590⊥,20,10,0.003,0.031953677889770535,8.052326828222174
4663,0.06932191964272814,0.08593030123273192,0.8067226420512368,-0.21997082271812585,0.268067767531632,0.04268993576221624,1.748865905813344,0.21833371094119786,P_md,P_lead+1.0·1590⊥,20,10,0.005,0.031953677889770535,8.052326828222174
4663,0.05724342940039486,0.08630772053797667,0.663248073794359,-0.23464919222960823,0.26570877117735364,0.030613534166411972,1.2451162578646742,0.2183165878477937,P_md,P_lead+1.0·1590⊥,20,10,0.008,0.031953677889770535,8.052326828222174
4663,0.049191102572172685,0.08667093902216126,0.567561666311182,-0.24458692818586858,0.2644220458932018,0.02256259976920915,0.9124913402757971,0.21830517245219092,P_md,P_lead+1.0·1590⊥,20,10,0.01,0.031953677889770535,8.052326828222174
4653,0.09442016119092207,0.08743627202587229,1.0798740500164883,-0.1916736068326338,0.2621964324091984,0.06662371315937322,2.8762326999755716,0.22966297235704128,P_md,P_lead+1.0·1590⊥,20,20,0.0,0.019127444659359553,4.820116054158608
4653,0.08718998710968415,0.08746889141681892,0.996811388567786,-0.19651571444507077,0.261551687083602,0.05940718540547408,2.56006114297677,0.2295502221202186,P_md,P_lead+1.0·1590⊥,20,20,0.003,0.019127444659359553,4.820116054158608
4653,0.08236987105552557,0.0875581683147513,0.9407445660515075,-0.19973167837256844,0.2609069417580056,0.05459616690287468,2.3487867332968673,0.22947505529567025,P_md,P_lead+1.0·1590⊥,20,20,0.005,0.019127444659359553,4.820116054158608
4653,0.07513969697428764,0.08779296758608056,0.8558737566378942,-0.2045375110364821,0.26004728132387706,0.047379639148975555,2.0317552581517107,0.2293623050588476,P_md,P_lead+1.0·1590⊥,20,20,0.008,0.019127444659359553,4.820116054158608
4653,0.07031958092012902,0.08801633774403415,0.7989378190743385,-0.2077293522468313,0.25918762088974856,0.042568620646376135,1.8206781517473527,0.22928713823429916,P_md,P_lead+1.0·1590⊥,20,20,0.01,0.019127444659359553,4.820116054158608
4672,0.17088015193793799,0.09007593436012337,1.897067770118926,-0.1843641292686765,0.2964469178082192,0.14091733103322612,6.260478644834484,0.24928623724966267,P_md,0.5·P_lead+0.5·2049,1,1,0.0,0.4385702054794521,110.51969178082193
4672,0.005100614266705088,0.09086641046337078,0.05613311058172811,-0.4105344800044144,0.2771832191780822,-0.02474986424083716,-1.0188084294224504,0.24835156512506273,P_md,0.5·P_lead+0.5·2049,1,1,0.003,0.4385702054794521,110.51969178082193
4672,-0.10541907751411685,0.09223456029568305,-1.142945520379424,-0.9076927004432207,0.2607020547945205,-0.13519466109021255,-5.093656576460398,0.24772845037532942,P_md,0.5·P_lead+0.5·2049,1,1,0.005,0.4385702054794521,110.51969178082193
4672,-0.2711986151853497,0.09547623893205111,-2.840482807228691,-0.9950659847848985,0.2363013698630137,-0.3008618563642759,-9.690465834194006,0.24679377825072932,P_md,0.5·P_lead+0.5·2049,1,1,0.008,0.4385702054794521,110.51969178082193
4672,-0.3817183069661716,0.09836937237642987,-3.880458904479445,-0.9993176040983316,0.2262414383561644,-0.4113066532136516,-11.895418628284489,0.24617066350099612,P_md,0.5·P_lead+0.5·2049,1,1,0.01,0.4385702054794521,110.51969178082193
4668,0.10843763142354479,0.0861270280525787,1.2590429958566078,-0.13350603906848513,0.27527849185946873,0.08047142459660994,3.446650795550175,0.22894069820844534,P_md,0.5·P_lead+0.5·2049,1,5,0.0,0.08483290488431877,21.37789203084833
4668,0.07637079337727229,0.08614969764498508,0.8864893953776746,-0.1778475277045446,0.2718508997429306,0.048484698444176605,2.0439835722635946,0.2282848755213059,P_md,0.5·P_lead+0.5·2049,1,5,0.003,0.08483290488431877,21.37789203084833
4668,0.05499290134642396,0.08644822364637898,0.6361368577262538,-0.2069836384727025,0.2686375321336761,0.027160214342554362,1.1298129469487264,0.22784766039654625,P_md,0.5·P_lead+0.5·2049,1,5,0.005,0.08483290488431877,21.37789203084833
4668,0.022926063300151473,0.087315318417433,0.2625663367628991,-0.2850261809741881,0.26413881748071977,-0.00482651180987901,-0.19605802657712532,0.22719183770940682,P_md,0.5·P_lead+0.5·2049,1,5,0.008,0.08483290488431877,21.37789203084833
4668,0.0015481712693031428,0.08816650426707891,0.017559630861776438,-0.4630905536107083,0.2609254498714653,-0.026150995911501253,-1.043275177446055,0.22675462258464718,P_md,0.5·P_lead+0.5·2049,1,5,0.01,0.08483290488431877,21.37789203084833
4663,0.08985020887077895,0.09084820212340408,0.9890147165348468,-0.24983248775257538,0.2755736650225177,0.05868136573348853,2.3611919605226377,0.25552768499865564,P_md,0.5·P_lead+0.5·2049,1,10,0.0,0.0420330259489599,10.592322539137895
4663,0.0739617250620721,0.09089603137322444,0.8136958670767586,-0.2565876946837179,0.2738580313103153,0.04275854564509878,1.702630920791478,0.2558091798882858,P_md,0.5·P_lead+0.5·2049,1,10,0.003,0.0420330259489599,10.592322539137895
4663,0.06336940252293422,0.09106732029445642,0.6958522806868154,-0.26106294285406784,0.27321466866823935,0.03214333225283897,1.2699717508966548,0.2559968431480393,P_md,0.5·P_lead+0.5·2049,1,10,0.005,0.0420330259489599,10.592322539137895
4663,0.047480918714227376,0.09153179258541014,0.5187369041191014,-0.26773370703826394,0.26999785545785976,0.016220512164449245,0.6326357493582904,0.25627833803766953,P_md,0.5·P_lead+0.5·2049,1,10,0.008,0.0420330259489599,10.592322539137895
4663,0.03688859617508947,0.09197816979444016,0.40105816692733637,-0.27215294280111946,0.26935449281578383,0.005605298772189434,0.21658031135963599,0.2564660012974229,P_md,0.5·P_lead+0.5·2049,1,10,0.01,0.0420330259489599,10.592322539137895
4653,0.0912341256822172,0.10332030429602437,0.8830222317272808,-0.29877523889561364,0.2832581130453471,0.05129183571817791,1.8234153654356957,0.33001572810585217,P_md,0.5·P_lead+0.5·2049,1,20,0.0,0.02364066193853428,5.957446808510638
4653,0.08229795546945125,0.1033100107317487,0.796611624435345,-0.30298703984365627,0.2819686223941543,0.042364943894551255,1.5028245053196345,0.32993906714449495,P_md,0.5·P_lead+0.5·2049,1,20,0.003,0.02364066193853428,5.957446808510638
4653,0.07634050866094061,0.10337352170823126,0.7384919019824967,-0.3057843471412326,0.28089404685149366,0.03641368267880014,1.289438089731034,0.32988795983692343,P_md,0.5·P_lead+0.5·2049,1,20,0.005,0.02364066193853428,5.957446808510638
4653,0.06740433844817466,0.10357408928730959,0.65078379073359,-0.3099645104942118,0.2789598108747045,0.027486790855173478,0.9702897555945652,0.32981129887556626,P_md,0.5·P_lead+0.5·2049,1,20,0.008,0.02364066193853428,5.957446808510638
4653,0.061446891639664,0.10377768517607891,0.5921011972410781,-0.31274077904102415,0.27852998065764023,0.02153552963942237,0.7583844932615055,0.32976019156799474,P_md,0.5·P_lead+0.5·2049,1,20,0.01,0.02364066193853428,5.957446808510638
4672,0.18474785326966486,0.08615234388741887,2.144432117959408,-0.11982167897984342,0.3163527397260274,0.15783492423015635,7.135302941226271,0.22391158812991513,P_md,0.5·P_lead+0.5·2049,3,1,0.0,0.2771832191780822,69.85017123287672
4672,0.0799725964203498,0.08682788471717232,0.9210473879543135,-0.20684796046164278,0.3043664383561644,0.05316254100923901,2.27480138405571,0.2230556947606946,P_md,0.5·P_lead+0.5·2049,3,1,0.003,0.2771832191780822,69.85017123287672
4672,0.010122425187473085,0.08799564902991508,0.11503324651917571,-0.42504806866708267,0.2949486301369863,-0.016619047804705876,-0.6721655449165972,0.2224850991812142,P_md,0.5·P_lead+0.5·2049,3,1,0.005,0.2771832191780822,69.85017123287672
4672,-0.09465283166184199,0.09076804003748126,-1.0427991132424648,-0.8929696946754648,0.2797517123287671,-0.12129143102562318,-4.429308630647366,0.22162920581199352,P_md,0.5·P_lead+0.5·2049,3,1,0.008,0.2771832191780822,69.85017123287672
4672,-0.16450300289471867,0.09324960161081003,-1.764114806423458,-0.9693928539396494,0.2720462328767123,-0.1910730198395681,-6.479890279429378,0.2210586102325131,P_md,0.5·P_lead+0.5·2049,3,1,0.01,0.2771832191780822,69.85017123287672
4668,0.11932383145213589,0.08772647352697711,1.3601804182342079,-0.14015859396465336,0.2971293916023993,0.09115891042139065,3.96598220489279,0.2305674389690291,P_md,0.5·P_lead+0.5·2049,3,5,0.0,0.08269065981148244,20.838046272493575
4668,0.08806676204339552,0.08784751310887053,1.0024957898836964,-0.16683428634203568,0.29413024850042846,0.05988180073562362,2.5405704549756076,0.23073149536191642,P_md,0.5·P_lead+0.5·2049,3,5,0.003,0.08269065981148244,20.838046272493575
4668,0.06722871577090195,0.08819949396854289,0.7622347107215792,-0.19762626932174643,0.2911311053984576,0.03903039427844561,1.6240935396419622,0.23084086629050793,P_md,0.5·P_lead+0.5·2049,3,5,0.005,0.08269065981148244,20.838046272493575
4668,0.03597164636216158,0.0891279690392126,0.4035954902813454,-0.3004215711570357,0.2853470437017995,0.007753284592678586,0.31232080256082323,0.2310049226833953,P_md,0.5·P_lead+0.5·2049,3,5,0.008,0.08269065981148244,20.838046272493575
4668,0.015133600089668008,0.09000752853599557,0.16813704737616275,-0.3942739852000203,0.28256212510711226,-0.013098121864499395,-0.5153725415719589,0.23111429361198685,P_md,0.5·P_lead+0.5·2049,3,5,0.01,0.08269065981148244,20.838046272493575
4663,0.11679658461845872,0.09482461350738328,1.23171168643218,-0.24983248775257638,0.3137465151190221,0.08340696235271648,3.235035665294534,0.27373402480687553,P_md,0.5·P_lead+0.5·2049,3,10,0.0,0.0420330259489599,10.592322539137895
4663,0.10090810080975186,0.09488191201539672,1.0635125143070183,-0.2565876946837179,0.31181642719279434,0.06749956666167206,2.5897702441882795,0.2738890677608727,P_md,0.5·P_lead+0.5·2049,3,10,0.003,0.0420330259489599,10.592322539137895
4663,0.09031577827061398,0.09505365331007587,0.9501557817666787,-0.26106294285406795,0.3105297019086425,0.056894636200975825,2.165577407361047,0.2739924297302041,P_md,0.5·P_lead+0.5·2049,3,10,0.005,0.0420330259489599,10.592322539137895
4663,0.07442729446190716,0.09551013792474115,0.77926067409256,-0.2717403125050937,0.3075273429122882,0.04098724050993145,1.5400155298183344,0.27414747268420137,P_md,0.5·P_lead+0.5·2049,3,10,0.008,0.0420330259489599,10.592322539137895
4663,0.06383497192276925,0.09594557095000843,0.6653248429365216,-0.2819270337762222,0.30624061762813637,0.03038231004923518,1.1310258539086724,0.2742508346535328,P_md,0.5·P_lead+0.5·2049,3,10,0.01,0.0420330259489599,10.592322539137895
4653,0.10954774917368194,0.10589359536230578,1.0345077886804561,-0.30810925709498116,0.3034601332473673,0.06827000120601408,2.456675032777768,0.34104970101574444,P_md,0.5·P_lead+0.5·2049,3,20,0.0,0.02213625617880937,5.578336557059961
4653,0.10118024433809199,0.1058753699668542,0.9556542222215415,-0.3143000264578655,0.3021706425961745,0.05991232785155308,2.149293755264533,0.34096847023488414,P_md,0.5·P_lead+0.5·2049,3,20,0.003,0.02213625617880937,5.578336557059961
4653,0.09560190778103203,0.105927621426098,0.9025210468615134,-0.3184015059232409,0.301310982162046,0.05434054561524575,1.9448572431353022,0.3409143163809773,P_md,0.5·P_lead+0.5·2049,3,20,0.005,0.02213625617880937,5.578336557059961
4653,0.08723440294544207,0.10610241090684835,0.8221717320073785,-0.32451537998910107,0.29959166129378895,0.045982872260784756,1.6392832273988962,0.34083308560011705,P_md,0.5·P_lead+0.5·2049,3,20,0.008,0.02213625617880937,5.578336557059961
4653,0.08165606638838213,0.10628296544545514,0.7682893118962546,-0.3285658517659724,0.29916183107672467,0.040411090024477396,1.436488380133211,0.34077893174621016,P_md,0.5·P_lead+0.5·2049,3,20,0.01,0.02213625617880937,5.578336557059961
4672,0.18191392021436711,0.08560190985104088,2.1251152051504745,-0.12320010689649907,0.3255565068493151,0.15531314505512395,6.928567664917554,0.22131451402592156,P_md,0.5·P_lead+0.5·2049,5,1,0.0,0.2168236301369863,54.63955479452055
4672,0.09995458802258629,0.08596762442645513,1.162700361786744,-0.17364025351224543,0.3148544520547945,0.0734518727548386,3.124908407453747,0.22049867023558709,P_md,0.5·P_lead+0.5·2049,5,1,0.003,0.2168236301369863,54.63955479452055
4672,0.04531503322806573,0.08682895077559444,0.5218885270787208,-0.2722921907846003,0.3086472602739726,0.018877691221314996,0.7668825345149325,0.21995477437536398,P_md,0.5·P_lead+0.5·2049,5,1,0.005,0.2168236301369863,54.63955479452055
4672,-0.036644298963715086,0.08901136974115138,-0.41168110400141206,-0.7024429443752218,0.2960188356164384,-0.06298358107897037,-2.353287079613748,0.21913893058502937,P_md,0.5·P_lead+0.5·2049,5,1,0.008,0.2168236301369863,54.63955479452055
4672,-0.09128385375823564,0.09102673252296391,-1.0028246782911479,-0.8881713476071817,0.2887414383561644,-0.11755776261249386,-4.130534617938576,0.21859503472480635,P_md,0.5·P_lead+0.5·2049,5,1,0.01,0.2168236301369863,54.63955479452055
4668,0.11788233078553244,0.08996758349054765,1.3102756149710038,-0.18010535048856835,0.31469580119965723,0.08829408073269887,3.6392488043080573,0.24221928514587257,P_md,0.5·P_lead+0.5·2049,5,5,0.0,0.0766923736075407,19.326478149100257
4668,0.08889261356188204,0.09009570746616069,0.9866464902922204,-0.21738388664314912,0.31191088260497,0.05923569839749847,2.379402638442908,0.2427814006547117,P_md,0.5·P_lead+0.5·2049,5,5,0.003,0.0766923736075407,19.326478149100257
4668,0.06956613541278178,0.09042807670951691,0.7692979652353974,-0.24131924519011116,0.3086975149957155,0.03986344350736485,1.5710897384630274,0.24315614432727115,P_md,0.5·P_lead+0.5·2049,5,5,0.005,0.0766923736075407,19.326478149100257
4668,0.0405764181891314,0.09129166606731275,0.4444701245698912,-0.2933124707454745,0.3026992287917738,0.010805061172164425,0.4129236199224693,0.2437182598361103,P_md,0.5·P_lead+0.5·2049,5,5,0.008,0.0766923736075407,19.326478149100257
4668,0.021249940040031147,0.09210542539797947,0.23071322832734362,-0.3964714952310937,0.3001285347043702,-0.008567193717969187,-0.3203344643683332,0.24409300350866975,P_md,0.5·P_lead+0.5·2049,5,5,0.01,0.0766923736075407,19.326478149100257
4663,0.12442969578251087,0.09624220596972062,1.2928807536026192,-0.18405418278198515,0.33154621488312247,0.09028443891196693,3.5974020854832762,0.27992885085221053,P_md,0.5·P_lead+0.5·2049,5,10,0.0,0.04074630066480806,10.268067767531631
4663,0.10902759413121343,0.0963309356575853,1.1318025033905958,-0.1913966180037211,0.3296161269568947,0.07485371224242839,2.940472265148712,0.2801635238111001,P_md,0.5·P_lead+0.5·2049,5,10,0.003,0.04074630066480806,10.268067767531631
4663,0.09875952636368178,0.09651771834593796,1.0232269064806192,-0.1962609196585131,0.32811494745871755,0.0645665611294027,2.51062830573404,0.2803199724503599,P_md,0.5·P_lead+0.5·2049,5,10,0.005,0.04074630066480806,10.268067767531631
4663,0.08335742471238436,0.09698786197291899,0.8594624421730164,-0.20688623824393648,0.32489813424833797,0.04913583445986416,1.8797486659930942,0.2805546454092494,P_md,0.5·P_lead+0.5·2049,5,10,0.008,0.04074630066480806,10.268067767531631
4663,0.07308935694485272,0.09742651145282578,0.7501998773736531,-0.2148246612736482,0.32404031739223677,0.03884868334683846,1.4692636183991543,0.2807110940485091,P_md,0.5·P_lead+0.5·2049,5,10,0.01,0.04074630066480806,10.268067767531631
4653,0.1308534071507212,0.09820067257209442,1.3325102947197704,-0.28348408274882997,0.3180743606275521,0.09551437946581492,3.7190860245995214,0.29198213128208467,P_md,0.5·P_lead+0.5·2049,5,20,0.0,0.02256608639587363,5.686653771760155
4653,0.12232342649308094,0.09821290597067764,1.2454923849784236,-0.29415792816974184,0.31678486997635935,0.08697656633645316,3.372815122405172,0.2920468456202049,P_md,0.5·P_lead+0.5·2049,5,20,0.003,0.02256608639587363,5.686653771760155
4653,0.11663677272132078,0.09829178794433024,1.1866380209441367,-0.30119409684112575,0.3157102944336987,0.08128469091687872,3.1424048461025036,0.292089988512285,P_md,0.5·P_lead+0.5·2049,5,20,0.005,0.02256608639587363,5.686653771760155
4653,0.10810679206368057,0.09851586068224633,1.097354185559713,-0.31163002863723854,0.31399097356544164,0.07274687778751703,2.7979496432433835,0.29215470285040523,P_md,0.5·P_lead+0.5·2049,5,20,0.008,0.02256608639587363,5.686653771760155
4653,0.10242013829192041,0.09873536903985587,1.0373196483478695,-0.3185091707520158,0.31356114334837737,0.06705500236794255,2.569370714504451,0.29219784574248536,P_md,0.5·P_lead+0.5·2049,5,20,0.01,0.02256608639587363,5.686653771760155
4672,0.1683719761033881,0.08651785558102092,1.9460951149640289,-0.15722681561660756,0.3311215753424658,0.14139917207909186,5.747099319722464,0.22440973914548873,P_md,0.5·P_lead+0.5·2049,10,1,0.0,0.14918664383561644,37.595034246575345
4672,0.11197942473352511,0.08680292459214327,1.2900420724264472,-0.21705778763539574,0.323416095890411,0.08501036344358118,3.3095287682751695,0.2243786001493746,P_md,0.5·P_lead+0.5·2049,10,1,0.003,0.14918664383561644,37.595034246575345
4672,0.07438439048694977,0.08745095569992976,0.8505840775735459,-0.2691931086542395,0.3184931506849315,0.047417824353240726,1.7819131417956924,0.22435784081863178,P_md,0.5·P_lead+0.5·2049,10,1,0.005,0.14918664383561644,37.595034246575345
4672,0.017991839117086763,0.0890899942455126,0.20195128835125054,-0.37464074849222595,0.3103595890410959,-0.008970984282269936,-0.3174415693323211,0.22432670182251746,P_md,0.5·P_lead+0.5·2049,10,1,0.008,0.14918664383561644,37.595034246575345
4672,-0.01960319512948859,0.09060858146645318,-0.2163503148622458,-0.5938528311373125,0.3047945205479452,-0.04656352337261037,-1.577739422332576,0.22430594249177466,P_md,0.5·P_lead+0.5·2049,10,1,0.01,0.14918664383561644,37.595034246575345
4668,0.11577038351638587,0.09077994188773383,1.27528593992225,-0.1797661058776594,0.32883461868037706,0.08578092208552973,3.5333066024315074,0.2455037353246929,P_md,0.5·P_lead+0.5·2049,10,5,0.0,0.060197086546700945,15.169665809768638
4668,0.09301588480173288,0.09091366273338736,1.0231232798805003,-0.21235320334884167,0.3264781491002571,0.06296031675712231,2.532054244363947,0.24604490611709953,P_md,0.5·P_lead+0.5·2049,10,5,0.003,0.060197086546700945,15.169665809768638
4668,0.07784621899196426,0.091198357608092,0.8535923347051263,-0.23338142042394694,0.3249785775492716,0.047746579871517376,1.8873789479460952,0.2464056866453706,P_md,0.5·P_lead+0.5·2049,10,5,0.005,0.060197086546700945,15.169665809768638
4668,0.05509172027731129,0.09191508735998485,0.599376248880066,-0.2639133010554251,0.32047986289631536,0.02492597454310998,0.9585520539476985,0.24694685743777733,P_md,0.5·P_lead+0.5·2049,10,5,0.008,0.060197086546700945,15.169665809768638
4668,0.03992205446754266,0.09258254369779402,0.4312049860917128,-0.28361368836805523,0.318337617823479,0.009712237657505018,0.36635895566804,0.24730763796604838,P_md,0.5·P_lead+0.5·2049,10,5,0.01,0.060197086546700945,15.169665809768638
4663,0.10444420592386652,0.0942703467614013,1.1079221569876614,-0.18405418278198538,0.32983058117092,0.07176257179586655,2.950687980979293,0.26792981291980217,P_md,0.5·P_lead+0.5·2049,10,10,0.0,0.03667167059832726,9.24126099077847
4663,0.09058231443769883,0.09436881899711332,0.9598754694648631,-0.19139661800372132,0.3283294016727429,0.057866135034678474,2.3442698838153535,0.26821302119014817,P_md,0.5·P_lead+0.5·2049,10,10,0.003,0.03667167059832726,9.24126099077847
4663,0.08134105344692036,0.0945521999092886,0.8602766886963737,-0.20710452195232198,0.3274715848166416,0.04860184386055309,1.9482580044534634,0.26840182670371215,P_md,0.5·P_lead+0.5·2049,10,10,0.005,0.03667167059832726,9.24126099077847
4663,0.06747916196075264,0.09500250688071034,0.7102882247674022,-0.23867279210425862,0.3246836800343127,0.03470540709936502,1.3680611147367066,0.2686850349740582,P_md,0.5·P_lead+0.5·2049,10,10,0.008,0.03667167059832726,9.24126099077847
4663,0.05823790096997418,0.09541824884556617,0.6103434266985118,-0.25904211731742766,0.3231825005361355,0.02544111592523962,0.9911596940384161,0.26887384048762214,P_md,0.5·P_lead+0.5·2049,10,10,0.01,0.03667167059832726,9.24126099077847
4653,0.11001270953456631,0.09941677179828835,1.1065809877409478,-0.32658697279239446,0.3333333333333333,0.07367845839031582,2.7871885638805667,0.3002049796680736,P_md,0.5·P_lead+0.5·2049,10,20,0.0,0.019987105093488073,5.036750483558994
4653,0.10245758380922784,0.09944101301451326,1.0303352782043194,-0.33803844745834033,0.33268858800773693,0.06611951310536895,2.482324381209508,0.3002365380676131,P_md,0.5·P_lead+0.5·2049,10,20,0.003,0.019987105093488073,5.036750483558994
4653,0.09742083332566885,0.09951920229842026,0.9789149337586208,-0.34596355363479914,0.33182892757360843,0.06108021624873769,2.280926947847588,0.3002575770006394,P_md,0.5·P_lead+0.5·2049,10,20,0.005,0.019987105093488073,5.036750483558994
4653,0.08986570760033034,0.09972923714657678,0.9010969117135676,-0.3576882464327841,0.3303245218138835,0.05352127096379079,1.981929081905789,0.3002891354001788,P_md,0.5·P_lead+0.5·2049,10,20,0.008,0.019987105093488073,5.036750483558994
4653,0.08482895711677135,0.09993079108084012,0.848877069812727,-0.3653973303448743,0.3296797764882871,0.048481974107159556,1.7848405228823059,0.3003101743332052,P_md,0.5·P_lead+0.5·2049,10,20,0.01,0.019987105093488073,5.036750483558994
4672,0.1437507179303813,0.0891047326350907,1.6132781467296637,-0.21324858510827405,0.3326198630136986,0.11537436290230524,4.711438534229369,0.2360870758566407,P_md,0.5·P_lead+0.5·2049,20,1,0.0,0.09995719178082192,25.189212328767123
4672,0.1059668994372306,0.08927989497012635,1.186906631920746,-0.23193259223733242,0.3283390410958904,0.07753356780337851,3.0152673212388317,0.23656111278762007,P_md,0.5·P_lead+0.5·2049,20,1,0.003,0.09995719178082192,25.189212328767123
4672,0.08077768710846348,0.08971299264186564,0.9004012097882867,-0.24415661328742422,0.324486301369863,0.05230637107076071,1.9619002223116535,0.236877137408273,P_md,0.5·P_lead+0.5·2049,20,1,0.005,0.09995719178082192,25.189212328767123
4672,0.04299386861531279,0.09082807379605473,0.4733544026470405,-0.2930788330724263,0.3184931506849315,0.014465575971834026,0.5120273938758294,0.23735117433925235,P_md,0.5·P_lead+0.5·2049,20,1,0.008,0.09995719178082192,25.189212328767123
4672,0.017804656286545675,0.0918729639644244,0.19379647197885225,-0.3333439052183005,0.3152825342465753,-0.010761620760783748,-0.3659100576732158,0.23766719895990518,P_md,0.5·P_lead+0.5·2049,20,1,0.01,0.09995719178082192,25.189212328767123
4668,0.11903117707131,0.09380402688230635,1.2689346185601984,-0.17255638499206727,0.33269065981148244,0.0872436252814242,3.648871568648064,0.2602235028207146,P_md,0.5·P_lead+0.5·2049,20,5,0.0,0.04434447300771208,11.174807197943444
4668,0.10226896627439483,0.09383126762884753,1.0899241676977325,-0.18244999351615332,0.3314053127677806,0.0704452212201716,2.8859413321288288,0.2605197929561314,P_md,0.5·P_lead+0.5·2049,20,5,0.003,0.04434447300771208,11.174807197943444
4668,0.0910941590764514,0.09399158590773468,0.9691735509801113,-0.19026253986760389,0.3301199657240788,0.05924628517933656,2.3914454422785933,0.260717319713076,P_md,0.5·P_lead+0.5·2049,20,5,0.005,0.04434447300771208,11.174807197943444
4668,0.07433194827953621,0.09444385213339766,0.78704909425492,-0.2248102410401065,0.3266923736075407,0.04244788111808398,1.6734861073268554,0.2610136098484929,P_md,0.5·P_lead+0.5·2049,20,5,0.008,0.04434447300771208,11.174807197943444
4668,0.06315714108159277,0.0948849851924552,0.6656178630738169,-0.2470466767859163,0.32476435304198803,0.031248945077248916,1.21183396052221,0.26121113660543754,P_md,0.5·P_lead+0.5·2049,20,5,0.01,0.04434447300771208,11.174807197943444
4663,0.1055997733318299,0.09589961451713157,1.101149090781439,-0.2230412488745066,0.33176066909714774,0.07176335193362994,2.961308424300095,0.27739696306459155,P_md,0.5·P_lead+0.5·2049,20,10,0.0,0.029809135749517476,7.511902208878404
4663,0.09433192001851227,0.0959065791781079,0.983581322855116,-0.2300328519683864,0.33047394381299594,0.060467190656621365,2.467256725450011,0.2776290367542411,P_md,0.5·P_lead+0.5·2049,20,10,0.003,0.029809135749517476,7.511902208878404
4663,0.08682001780963387,0.09600617876892747,0.9043169817079867,-0.23466473028561496,0.3296161269568947,0.05293641647194897,2.14245842777833,0.27778375254734083,P_md,0.5·P_lead+0.5·2049,20,10,0.005,0.029809135749517476,7.511902208878404
4663,0.07555216449631627,0.09629742360620436,0.7845709850481246,-0.2415689963502906,0.32768603903066695,0.04164025519494042,1.6633215609673238,0.2780158262369904,P_md,0.5·P_lead+0.5·2049,20,10,0.008,0.029809135749517476,7.511902208878404
4663,0.06804026228743786,0.09658548512174858,0.7044563911613768,-0.24614294222539446,0.3257559511044392,0.03410948101026802,1.349889819402025,0.27817054203009,P_md,0.5·P_lead+0.5·2049,20,10,0.01,0.029809135749517476,7.511902208878404
4653,0.1149405157945922,0.09884868226851896,1.1627925952756795,-0.29643725027670875,0.3288201160541586,0.07913281874260959,3.036179033851355,0.2958544245971616,P_md,0.5·P_lead+0.5·2049,20,20,0.0,0.017837954008166772,4.495164410058027
4653,0.10819776917950519,0.09886886307690522,1.0943563606607216,-0.30276296627829935,0.32796045562003007,0.07236748159220524,2.7566534405168683,0.2960410746857708,P_md,0.5·P_lead+0.5·2049,20,20,0.003,0.017837954008166772,4.495164410058027
4653,0.10370260476944716,0.09893812195017511,1.0481561881846861,-0.3069537225313085,0.32710079518590157,0.067857256825269,2.57172873062851,0.2961655080781769,P_md,0.5·P_lead+0.5·2049,20,20,0.005,0.017837954008166772,4.495164410058027
4653,0.09695985815436012,0.09912548381649476,0.9781526850739641,-0.3132004868287457,0.3260262196432409,0.06109191967486463,2.2967987541793433,0.29635215816678606,P_md,0.5·P_lead+0.5·2049,20,20,0.008,0.017837954008166772,4.495164410058027
4653,0.09246469374430208,0.09930579577940823,0.9311107475509027,-0.31733887257293825,0.3253814743176445,0.05658169490792842,2.115323219052777,0.2964765915591922,P_md,0.5·P_lead+0.5·2049,20,20,0.01,0.017837954008166772,4.495164410058027
4672,0.2333064106037928,0.10360103003558407,2.251969990295063,-0.1828210338141204,0.3756421232876712,0.19212981836593485,8.737740967870556,0.3425831557844103,P_md,整體P000,1,1,0.0,0.4351455479452055,109.65667808219179
4672,0.06882139348050514,0.10487125305840816,0.6562465067731669,-0.30585094384994516,0.3553082191780822,0.027502884525127853,1.1423400440105664,0.34376388187911666,P_md,整體P000,1,1,0.003,0.4351455479452055,109.65667808219179
4672,-0.04083528460168664,0.10643965687437904,-0.3836472777235724,-0.7482580161877332,0.3394691780821918,-0.08224840470207677,-3.2186397227744923,0.3445510326089209,P_md,整體P000,1,1,0.005,0.4351455479452055,109.65667808219179
4672,-0.20532030172497429,0.10981282609246258,-1.8697296939803212,-0.9845458697803106,0.3223458904109589,-0.2468753385428837,-8.857303319911473,0.3457317587036274,P_md,整體P000,1,1,0.008,0.4351455479452055,109.65667808219179
4672,-0.31497697980716605,0.11269447292904725,-2.794963866643899,-0.9979521951679272,0.3112157534246575,-0.3566266277700884,-12.099769970510565,0.34651890943343194,P_md,整體P000,1,1,0.01,0.4351455479452055,109.65667808219179
4668,0.13868967673188926,0.10219866998660669,1.3570595072329688,-0.2710059694040947,0.34361610968294776,0.09847333394705012,3.597968518644296,0.32922439762848466,P_md,整體P000,1,5,0.0,0.09682947729220223,24.401028277634964
4668,0.10208813431543683,0.10227057438301512,0.9982161040095949,-0.31550718770545083,0.3397600685518423,0.06190425800530582,2.2336494607363715,0.32895861623617606,P_md,整體P000,1,5,0.003,0.09682947729220223,24.401028277634964
4668,0.07768710603780188,0.10258742323213425,0.7572770968426795,-0.34368949879471955,0.3369751499571551,0.037524874044142974,1.3414302948209356,0.3287814286413034,P_md,整體P000,1,5,0.005,0.09682947729220223,24.401028277634964
4668,0.04108556362134944,0.10346112424548747,0.3971111267248908,-0.38385103250370745,0.33076263924592975,0.0009557981023987106,0.03364887194686151,0.3285156472489946,P_md,整體P000,1,5,0.008,0.09682947729220223,24.401028277634964
4668,0.01668453534371446,0.10430401866181627,0.15996061856265137,-0.4092817711604857,0.3273350471293916,-0.023423585858764157,-0.8155921278635687,0.3283384596541221,P_md,整體P000,1,5,0.01,0.09682947729220223,24.401028277634964
4663,0.13853807116330946,0.10159613810786097,1.3636155246002417,-0.24933066945756666,0.3409822003002359,0.09822850966234396,4.105767191653286,0.33046490972677306,P_md,整體P000,1,10,0.0,0.04482093073128887,11.294874544284795
4663,0.12159575934688223,0.10155242552996246,1.1973693263584937,-0.2715092930608455,0.33969547501608405,0.08123801942292974,3.3526815648661756,0.33085988495375007,P_md,整體P000,1,10,0.003,0.04482093073128887,11.294874544284795
4663,0.11030088480259746,0.1016560494389658,1.0850400483920244,-0.2859476580692859,0.3381942955179069,0.06991102592998691,2.8591262861102402,0.3311232017717348,P_md,整體P000,1,10,0.005,0.04482093073128887,11.294874544284795
4663,0.09335857298617026,0.10200982454894776,0.915191976841149,-0.3070964976847542,0.33519193652155266,0.052920535690572666,2.1331945883350945,0.331518176998712,P_md,整體P000,1,10,0.008,0.04482093073128887,11.294874544284795
4663,0.08206369844188548,0.10237683463857637,0.8015846429672994,-0.321373254023433,0.33454857387947673,0.04159354219762986,1.6596642415635554,0.3317814938166966,P_md,整體P000,1,10,0.01,0.04482093073128887,11.294874544284795
4653,0.11511996570377979,0.11507671362128938,1.000375854342111,-0.36378976858034007,0.34300451321727915,0.06336959691188289,2.3268692566348754,0.42757777914036077,P_md,整體P000,1,20,0.0,0.02321083172147002,5.849129593810445
4653,0.10634627131306415,0.11504457009451607,0.9243919224148891,-0.3732974033475649,0.34235976789168276,0.05460392506674547,2.001511219548351,0.4275114943524168,P_md,整體P000,1,20,0.003,0.02321083172147002,5.849129593810445
4653,0.10049714171925371,0.115085221994813,0.8732410641201459,-0.3795645833256641,0.3417150225660864,0.04876014383665384,1.7846813490386957,0.4274673044937875,P_md,整體P000,1,20,0.005,0.02321083172147002,5.849129593810445
4653,0.09172344732853802,0.11523918982416402,0.795939709993561,-0.3888596280206442,0.3402106168063615,0.03999447199151642,1.4599551871521128,0.42740101970584354,P_md,整體P000,1,20,0.008,0.02321083172147002,5.849129593810445
4653,0.08587431773472756,0.11540363537433346,0.744121426124732,-0.39498649986922274,0.33999570169782933,0.03415069076142477,1.2440493975919495,0.4273568298472143,P_md,整體P000,1,20,0.01,0.02321083172147002,5.849129593810445
4672,0.2533109109649908,0.09825696480499072,2.5780453473983607,-0.10698973016176128,0.3944777397260274,0.21669512978737543,9.312447539988055,0.3046378824862024,P_md,整體P000,3,1,0.0,0.2677654109589041,67.47688356164383
4672,0.152095585622525,0.09906527624309006,1.5353067330000396,-0.19860274918178888,0.3818493150684932,0.11532393365726103,4.5321951551592665,0.3059347043800311,P_md,整體P000,3,1,0.003,0.2677654109589041,67.47688356164383
4672,0.08461870206088117,0.10021880838863077,0.8443395348779726,-0.2843152709857084,0.3728595890410959,0.04774313623718461,1.770116437792481,0.30679925230925037,P_md,整體P000,3,1,0.005,0.2677654109589041,67.47688356164383
4672,-0.0165966232815846,0.10282973073755744,-0.161399073619502,-0.691244727044498,0.3598030821917808,-0.05362805989292991,-1.827136417222606,0.30809607420307933,P_md,整體P000,3,1,0.008,0.2677654109589041,67.47688356164383
4672,-0.08407350684322844,0.10512341105007575,-0.799760072503544,-0.8950576109847517,0.3518835616438356,-0.12120885731300622,-3.911719868223243,0.3089606221322987,P_md,整體P000,3,1,0.01,0.2677654109589041,67.47688356164383
4668,0.14019807650570448,0.10490859567766661,1.33638312094526,-0.19905455036949093,0.36825192802056556,0.09800680563250193,3.938178047906467,0.3453918177673473,P_md,整體P000,3,5,0.0,0.08997429305912596,22.673521850899743
4668,0.10618779372935486,0.10492917481559154,1.011994937689878,-0.2354697772816169,0.36503856041131105,0.06403023341619438,2.5133816877310973,0.3451158518774862,P_md,整體P000,3,5,0.003,0.08997429305912596,22.673521850899743
4668,0.08351427187845514,0.10518842784896795,0.7939492355410703,-0.26548200766269503,0.36182519280205655,0.04137918527198935,1.5977432502687303,0.34493187461757874,P_md,整體P000,3,5,0.005,0.08997429305912596,22.673521850899743
4668,0.0495039891021055,0.10594200276795976,0.46727443137479646,-0.31666432567636194,0.3560411311053985,0.007402613055681816,0.2785592875207447,0.34465590872771784,P_md,整體P000,3,5,0.008,0.08997429305912596,22.673521850899743
4668,0.02683046725120576,0.1066835091325192,0.2514959197478003,-0.3488281620228033,0.352827763496144,-0.015248435088523216,-0.5636771913533203,0.3444719314678104,P_md,整體P000,3,5,0.01,0.08997429305912596,22.673521850899743
4663,0.13995442063325966,0.10652874334946247,1.3137714407664218,-0.29763433839456566,0.3782972335406391,0.09646255087177964,3.722748900674507,0.3565540353057872,P_md,整體P000,3,10,0.0,0.04267638859103581,10.754449924941024
4663,0.12382274574584812,0.10649664228548077,1.1626915467806211,-0.31636940703964445,0.3767960540424619,0.08029675599548164,3.0563995070415433,0.3568337570052402,P_md,整體P000,3,10,0.003,0.04267638859103581,10.754449924941024
4663,0.11306829582090706,0.10659606074705208,1.0607173945124795,-0.32859615337549675,0.3750804203302595,0.06951955941128296,2.6208384746480027,0.35702023813820893,P_md,整體P000,3,10,0.005,0.04267638859103581,10.754449924941024
4663,0.09693662093349555,0.1069257431793014,0.9065788841041272,-0.34654968148672294,0.3722925155479305,0.05335376453498494,1.9814297445380427,0.3572999598376619,P_md,整體P000,3,10,0.008,0.04267638859103581,10.754449924941024
4663,0.08618217100855452,0.10726503805658497,0.8034507102220138,-0.35826575710449293,0.37143469869182927,0.04257656795078624,1.5648909316887643,0.3574864409706304,P_md,整體P000,3,10,0.01,0.04267638859103581,10.754449924941024
4653,0.13017962873055108,0.12083006763289456,1.0773777692988,-0.32362249697077516,0.37094347732645605,0.0743251250616645,2.658847265108688,0.46148742880976634,P_md,整體P000,3,20,0.0,0.02278100150440576,5.740812379110252
4653,0.12156841016188571,0.12080190301873775,1.0063451578492855,-0.33369143448188665,0.37029873200085967,0.0657071165604704,2.341305181137897,0.4615435293620698,P_md,整體P000,3,20,0.003,0.02278100150440576,5.740812379110252
4653,0.11582759778277547,0.12084118041583507,0.9585109760115965,-0.340328901740516,0.3694390715667311,0.059961777559674356,2.1304393702683795,0.4615809297302721,P_md,整體P000,3,20,0.005,0.02278100150440576,5.740812379110252
4653,0.10721637921411008,0.12098706414135926,0.886180518347319,-0.3501735635033456,0.3677197506984741,0.051343769058480274,1.8157062361039393,0.4616370302825756,P_md,整體P000,3,20,0.008,0.02278100150440576,5.740812379110252
4653,0.10147556683499981,0.12114213546576387,0.8376570748472398,-0.3566630043717993,0.3668600902643456,0.045598430057684235,1.6071087613364152,0.4616744306507778,P_md,整體P000,3,20,0.01,0.02278100150440576,5.740812379110252
4672,0.24207571667283484,0.09711046091859937,2.4927872278945244,-0.12000142950095238,0.4019691780821918,0.2067404209565685,8.783659465554917,0.2939844328818497,P_md,整體P000,5,1,0.0,0.203125,51.1875
4672,0.1652944666728349,0.09770585737970607,1.691755961267142,-0.17012430126224942,0.3931934931506849,0.12979636687400248,5.05473538906699,0.2953389387636849,P_md,整體P000,5,1,0.003,0.203125,51.1875
4672,0.11410696667283488,0.09861926853552154,1.1570453560171645,-0.2537369290916527,0.3861301369863014,0.07850033081895827,2.8866121612265436,0.29624194268490844,P_md,整體P000,5,1,0.005,0.203125,51.1875
4672,0.03732571667283486,0.10073601074359759,0.37053002592925444,-0.42686268394992777,0.3767123287671233,0.0015562767363920765,0.05262067752224019,0.2975964485667437,P_md,整體P000,5,1,0.008,0.203125,51.1875
4672,-0.013861783327165143,0.10262096900289708,-0.13507749402340777,-0.6861205658189702,0.3696489726027397,-0.04973975931865203,-1.593166109544189,0.2984994524879674,P_md,整體P000,5,1,0.01,0.203125,51.1875
4668,0.15039506539689274,0.10506080588132873,1.4315049664360204,-0.23352853160617715,0.37789203084832906,0.10818852427613611,4.2729217186967565,0.3455168251077591,P_md,整體P000,5,5,0.0,0.08011996572407884,20.190231362467866
4668,0.12010971835319093,0.10515151138950127,1.142253846530856,-0.27598335653006056,0.3748928877463582,0.07790232088203847,2.992042524629056,0.34552383547776533,P_md,整體P000,5,5,0.003,0.08011996572407884,20.190231362467866
4668,0.09991948699072305,0.10543241144555009,0.9477112931475143,-0.30300508175533536,0.3718937446443873,0.05771151861930675,2.174745617058156,0.34552850905776933,P_md,整體P000,5,5,0.005,0.08011996572407884,20.190231362467866
4668,0.06963413994702126,0.10618090730137708,0.655806601363616,-0.3417337415424828,0.3676092544987147,0.027425315225209152,1.0038693348278769,0.3455355194277755,P_md,整體P000,5,5,0.008,0.08011996572407884,20.190231362467866
4668,0.04944390858455338,0.10689443840744375,0.46254893445523065,-0.36763334752050914,0.36418166238217653,0.0072345129624774105,0.2596655267547012,0.3455401930077796,P_md,整體P000,5,5,0.01,0.08011996572407884,20.190231362467866
4663,0.17519169487299094,0.1075262575407824,1.6292922201495248,-0.23340703229212922,0.39373793695046105,0.1312148154434328,4.969333823705175,0.36053023028806785,P_md,整體P000,5,10,0.0,0.03967402959468153,9.997855457859746
4663,0.1601949116862013,0.10754106116809421,1.4896162446807684,-0.2532225161474221,0.3918078490242333,0.11619153498486137,4.334130103597764,0.3607474596054145,P_md,整體P000,5,10,0.003,0.03967402959468153,9.997855457859746
4663,0.15019705622834156,0.10766248419965979,1.3950732917308646,-0.2666097797366642,0.39009221531203087,0.10617601467914697,3.9194564566721204,0.36089227915031225,P_md,整體P000,5,10,0.005,0.03967402959468153,9.997855457859746
4663,0.13520027304155197,0.10801119723554366,1.251724603577129,-0.2862664045985138,0.38773321895775253,0.0911527342205755,3.3112649099348643,0.361109508467659,P_md,整體P000,5,10,0.008,0.03967402959468153,9.997855457859746
4663,0.1252024175836922,0.10835389099454615,1.1554953535539771,-0.29909323720663583,0.386660947887626,0.08113721391486116,2.915304305792102,0.3612543280125566,P_md,整體P000,5,10,0.01,0.03967402959468153,9.997855457859746
4653,0.16500946253946538,0.11493868548210492,1.4356303262677919,-0.27171831803832225,0.3838383838383838,0.11433880704113905,4.469084502859025,0.4186568492426496,P_md,整體P000,5,20,0.0,0.02149151085321298,5.415860735009671
4653,0.1568856714369509,0.11492157403690184,1.3651542171409363,-0.2825626966603286,0.3829787234042553,0.10619064580338679,4.114177179949402,0.418858202943996,P_md,整體P000,5,20,0.003,0.02149151085321298,5.415860735009671
4653,0.1514698107019412,0.11496781084507518,1.317497563783782,-0.2897113158306006,0.38233397807865893,0.100758538311552,3.8799571711244374,0.4189924387448936,P_md,整體P000,5,20,0.005,0.02149151085321298,5.415860735009671
4653,0.1433460195994267,0.11512349380519056,1.2451500111870621,-0.30031408509987145,0.3806146572104019,0.09261037707379977,3.5325312937626827,0.41919379244624005,P_md,整體P000,5,20,0.008,0.02149151085321298,5.415860735009671
4653,0.13793015886441704,0.11528465293234054,1.1964312278874356,-0.3073032377720736,0.3795400816677412,0.08717826958196495,3.3036905152001563,0.4193280282471376,P_md,整體P000,5,20,0.01,0.02149151085321298,5.415860735009671
4672,0.22854139183388034,0.09475605028860931,2.41189233972697,-0.11310066909342398,0.4049657534246575,0.19526748291406548,8.56031577482086,0.27683399969541017,P_md,整體P000,10,1,0.0,0.13377568493150685,33.711472602739725
4672,0.17797418292977074,0.09516781058886417,1.870109040320782,-0.1431216591715323,0.3998287671232877,0.14451443470186576,5.896711263520047,0.2783801552457912,P_md,整體P000,10,1,0.003,0.13377568493150685,33.711472602739725
4672,0.144262710327031,0.09582310498351411,1.505510704874891,-0.1881778051702908,0.3949058219178082,0.11067906922706584,4.305766896610123,0.27941092561271197,P_md,整體P000,10,1,0.005,0.13377568493150685,33.711472602739725
4672,0.09369550142292142,0.09736185172803576,0.9623430507941071,-0.26409415278035175,0.3884845890410959,0.05992602101486598,2.172614093235859,0.28095708116309304,P_md,整體P000,10,1,0.008,0.13377568493150685,33.711472602739725
4672,0.0599840288201817,0.0987447476737319,0.6074655131873782,-0.316201463903485,0.3837756849315068,0.02609065554006611,0.903402182940969,0.28198785153001393,P_md,整體P000,10,1,0.01,0.13377568493150685,33.711472602739725
4668,0.14994411978490568,0.10265898224611555,1.460603996885809,-0.28381226651593083,0.39267352185089976,0.11016032049360952,4.136326726345813,0.3256834523000719,P_md,整體P000,10,5,0.0,0.06191088260497001,15.601542416452443
4668,0.12654180616022698,0.10278331573215405,1.2311512355758776,-0.31330535733573817,0.3903170522707798,0.08671982161284629,3.158187471493171,0.3259960495444308,P_md,整體P000,10,5,0.003,0.06191088260497001,15.601542416452443
4668,0.11094026374377458,0.10304385391894622,1.076631545934216,-0.3323129964047551,0.38753213367609257,0.07109282235900412,2.5369941661710897,0.3262044477073367,P_md,整體P000,10,5,0.005,0.06191088260497001,15.601542416452443
4668,0.08753795011909589,0.10369845700926379,0.8441586562013723,-0.35987635183469735,0.38303341902313626,0.04765232347824086,1.6496787028664008,0.32651704495169553,P_md,整體P000,10,5,0.008,0.06191088260497001,15.601542416452443
4668,0.07193640770264345,0.10430814776120159,0.6896528147286389,-0.37763880798532545,0.38046272493573263,0.0320253242243987,1.0866198786124728,0.3267254431146015,P_md,整體P000,10,5,0.01,0.06191088260497001,15.601542416452443
4663,0.17571391450614143,0.1026683037657987,1.711471876529395,-0.1848394257938758,0.394381299592537,0.13617374113518582,5.4415541211668215,0.3241573298509054,P_md,整體P000,10,10,0.0,0.03581385374222604,9.025091143040962
4663,0.16217627779158,0.10275681992926973,1.5782531797228672,-0.19701562448989496,0.3926656658803345,0.12259918463955326,4.809887437113982,0.3244600047415391,P_md,整體P000,10,10,0.003,0.03581385374222604,9.025091143040962
4663,0.15315118664853905,0.10292155106617101,1.4880380742617654,-0.20504189371802772,0.3913789405961827,0.11354948030913153,4.399642544417945,0.3246617880019615,P_md,整體P000,10,10,0.005,0.03581385374222604,9.025091143040962
4663,0.13961354993397762,0.1033262170298838,1.3511919234747451,-0.21694596069953587,0.38880549002787906,0.09997492381349898,3.8008579485747678,0.3249644628925952,P_md,整體P000,10,10,0.008,0.03581385374222604,9.025091143040962
4663,0.13058845879093667,0.10370008403855564,1.259289806769915,-0.22479262382721987,0.38816212738580314,0.09092521948307723,3.412814809786803,0.32516624615301765,P_md,整體P000,10,10,0.01,0.03581385374222604,9.025091143040962
4653,0.15645179896195108,0.10839892906931144,1.443296537200235,-0.22150817238860698,0.3803997421018698,0.11214693399013087,4.260750464550347,0.3660606911989909,P_md,整體P000,10,20,0.0,0.0223511712873415,5.6324951644100585
4653,0.148003056215336,0.10842018123054335,1.3650877035579208,-0.23310130622000635,0.3795400816677412,0.10367781271516946,3.893620855335075,0.36622906499218055,P_md,整體P000,10,20,0.003,0.0223511712873415,5.6324951644100585
4653,0.14237056105092594,0.10849782062115645,1.3121974269699248,-0.2407434968527924,0.37868042123361273,0.0980317318651952,3.652683465849654,0.3663413141876403,P_md,整體P000,10,20,0.005,0.0223511712873415,5.6324951644100585
4653,0.13392181830431085,0.10870921464752063,1.231927015005487,-0.25207831465992914,0.3765312701482914,0.08956261059023385,3.2971894542256712,0.36650968798083006,P_md,整體P000,10,20,0.008,0.0223511712873415,5.6324951644100585
4653,0.12828932313990077,0.10891314732754125,1.1779048378253947,-0.2595500122574955,0.3754566946056308,0.08391652974025957,3.0642268734825895,0.3666219371762899,P_md,整體P000,10,20,0.01,0.0223511712873415,5.6324951644100585
4672,0.20652556983925863,0.0973357556876851,2.121785240995342,-0.09842637105360807,0.4051797945205479,0.17180600742311902,7.867851176196668,0.2888616229159247,P_md,整體P000,20,1,0.0,0.08497431506849315,21.413527397260275
4672,0.17440527874336817,0.09745573229984941,1.7895846106492976,-0.11842612166462996,0.4017551369863014,0.13964234548734542,6.054770859794403,0.28922246188750245,P_md,整體P000,20,1,0.003,0.08497431506849315,21.413527397260275
4672,0.15299175134610793,0.09778647833884828,1.5645491477457973,-0.14719748377490305,0.3983304794520548,0.11819990419682974,4.938951666606141,0.2894630212018877,P_md,整體P000,20,1,0.005,0.08497431506849315,21.413527397260275
4672,0.1208714602502175,0.09865369575717503,1.225209652030969,-0.18959081205741046,0.394263698630137,0.08603624226105609,3.4003885088029633,0.2898238601734656,P_md,整體P000,20,1,0.008,0.08497431506849315,21.413527397260275
4672,0.09945793285295722,0.0994742071405886,0.999836396910323,-0.220217032119705,0.390625,0.06459380097054036,2.460361116826796,0.2900644194878509,P_md,整體P000,20,1,0.01,0.08497431506849315,21.413527397260275
4668,0.15453900450662636,0.10419650693625666,1.4831495704665734,-0.2951684351411086,0.39974293059125965,0.11350628281665628,4.355988792335731,0.3359075476781122,P_md,整體P000,20,5,0.0,0.04605826906598115,11.60668380462725
4668,0.13712897879968547,0.10430743979724397,1.314661533887142,-0.3160560894892295,0.39781491002570696,0.09604455693480997,3.570902200867613,0.3363307825563205,P_md,整體P000,20,5,0.003,0.04605826906598115,11.60668380462725
4668,0.1255222949950582,0.10451386576799526,1.201010928767083,-0.32965302946012065,0.3956726649528706,0.08440340634691249,3.0725822862965635,0.3366129391417926,P_md,整體P000,20,5,0.005,0.04605826906598115,11.60668380462725
4668,0.10811226928811736,0.10502064854387826,1.029438217980033,-0.349567914557934,0.3924592973436161,0.06694168046506613,2.361301132599426,0.33703617402000086,P_md,整體P000,20,5,0.008,0.04605826906598115,11.60668380462725
4668,0.0965055854834901,0.10548845967025793,0.9148449582556516,-0.3625308466539806,0.39053127677806343,0.05530052987716859,1.9103412359700582,0.337318330605473,P_md,整體P000,20,5,0.01,0.04605826906598115,11.60668380462725
4663,0.16632327486057688,0.10571910942678064,1.5732564884664462,-0.17967868186361102,0.4029594681535492,0.12423155901807378,4.909017549688415,0.34507532600682406,P_md,整體P000,20,10,0.0,0.029809135749517476,7.511902208878404
4663,0.1550554215472593,0.10580086070835576,1.4655402660161307,-0.19196422281762748,0.40167274286939736,0.11293061867019229,4.3759901955455724,0.3453465793641699,P_md,整體P000,20,10,0.003,0.029809135749517476,7.511902208878404
4663,0.14754351933838086,0.10594137058365585,1.3926903014896734,-0.20006232641475608,0.40060047179927083,0.1053966584382713,4.030467865632115,0.34552741493573397,P_md,整體P000,20,10,0.005,0.029809135749517476,7.511902208878404
4663,0.1362756660250633,0.1062804666721502,1.2822268314406364,-0.2145830819516935,0.3984559296590178,0.09409571809038977,3.5270253210085416,0.34579866829307987,P_md,整體P000,20,10,0.008,0.029809135749517476,7.511902208878404
4663,0.12876376381618487,0.10659144985134031,1.2080121247601716,-0.23026926864415798,0.3973836585888913,0.08656175785846876,3.201290598067552,0.34597950386464377,P_md,整體P000,20,10,0.01,0.029809135749517476,7.511902208878404
4653,0.14371834172331707,0.11088880362976761,1.296058186389672,-0.2932027051805922,0.3836234687298517,0.09729948648666377,3.6040501449791194,0.38352714184780595,P_md,整體P000,20,20,0.0,0.02106168063614872,5.307543520309477
4653,0.1357570264428529,0.11091098727711096,1.2240178342625707,-0.30581244375006,0.3829787234042553,0.08934705214173477,3.268623975430424,0.383453764772792,P_md,整體P000,20,20,0.003,0.02106168063614872,5.307543520309477
4653,0.13044948292254335,0.11098432098377603,1.1753865930450915,-0.31410400826340346,0.38233397807865893,0.08404542924511546,3.0490091241237174,0.3834048467227827,P_md,整體P000,20,20,0.005,0.02106168063614872,5.307543520309477
4653,0.12248816764207918,0.1111819067664636,1.101691553998658,-0.3263712495859521,0.3806146572104019,0.07609299490018648,2.7256568560800183,0.3833314696477689,P_md,整體P000,20,20,0.008,0.02106168063614872,5.307543520309477
4653,0.11718062412176969,0.11137177905904143,1.052157244068525,-0.3344373255890186,0.3795400816677412,0.07079137200356715,2.514161454319974,0.38328255159775965,P_md,整體P000,20,20,0.01,0.02106168063614872,5.307543520309477
4672,0.2246487197773439,0.09822627996213831,2.2870531171895707,-0.14298032339279498,0.348458904109589,0.18725179983767165,8.028754518828642,0.3111368414254268,P_md,D100+0.5·2330,1,1,0.0,0.4685359589041096,118.07106164383562
4672,0.04754212731159049,0.09949816634233669,0.4778191303346786,-0.29610814259959806,0.3270547945205479,0.010080881606486288,0.4149274164168334,0.3116720222775144,P_md,D100+0.5·2330,1,1,0.003,0.4685359589041096,118.07106164383562
4672,-0.07052893433224512,0.10111602421511579,-0.6975050184152889,-0.8412134178350517,0.3105736301369863,-0.10803306388097063,-4.306811175054318,0.31202880951223955,P_md,D100+0.5·2330,1,1,0.005,0.4685359589041096,118.07106164383562
4672,-0.24763552679799852,0.10462630197774701,-2.366857301815639,-0.9918962512408093,0.288527397260274,-0.2852039821121559,-10.78177645171748,0.3125639903643273,P_md,D100+0.5·2330,1,1,0.008,0.4685359589041096,118.07106164383562
4672,-0.3657065884418341,0.1076338613134511,-3.3976908751496353,-0.999076239061112,0.2767551369863014,-0.40331792759961305,-14.680197245761534,0.3129207775990525,P_md,D100+0.5·2330,1,1,0.01,0.4685359589041096,118.07106164383562
4668,0.12272340732073277,0.09891918074208851,1.2406431836582728,-0.22385693007971585,0.3296915167095116,0.08463359952618289,3.762247675655871,0.3118158728165812,P_md,D100+0.5·2330,1,5,0.0,0.09832904884318766,24.77892030848329
4668,0.08555502685800781,0.09890646226277329,0.86500947360453,-0.2756297403929133,0.3254070265638389,0.04753834832317115,2.086786444918326,0.3112172123017029,P_md,D100+0.5·2330,1,5,0.003,0.09832904884318766,24.77892030848329
4668,0.06077610654952452,0.09918003310319969,0.6127857054280798,-0.30825164425808416,0.3217652099400171,0.022808180854496644,0.9910501210899538,0.310818105291784,P_md,D100+0.5·2330,1,5,0.005,0.09832904884318766,24.77892030848329
4668,0.02360772608679959,0.10000883498343295,0.23605640532369315,-0.36559561080452974,0.31598114824335904,-0.01428707034851513,-0.6098570039181822,0.3102194447769058,P_md,D100+0.5·2330,1,5,0.008,0.09832904884318766,24.77892030848329
4668,-0.0011711942216837007,0.10083498333209952,-0.011614959243126749,-0.43494327392979115,0.3125535561268209,-0.03901723781718964,-1.6433795318321778,0.30982033776698675,P_md,D100+0.5·2330,1,5,0.01,0.09832904884318766,24.77892030848329
4663,0.0979181965995253,0.1044891264347127,0.9371137451388967,-0.34783793721274103,0.34162556294231183,0.055372390401747795,2.373744076349871,0.34879803899788303,P_md,D100+0.5·2330,1,10,0.0,0.04717992708556723,11.889341625562942
4663,0.0800841841611809,0.10455017343284242,0.765988056563319,-0.36523451863540524,0.33969547501608405,0.03749020631079688,1.5980803404919524,0.34919295872008393,P_md,D100+0.5·2330,1,10,0.003,0.04717992708556723,11.889341625562942
4663,0.06819484253561794,0.10472618263477194,0.6511728091287786,-0.37658774187355626,0.3377653870898563,0.02556875025016292,1.0848551865885008,0.34945623853488467,P_md,D100+0.5·2330,1,10,0.005,0.04717992708556723,11.889341625562942
4663,0.05036083009727354,0.10519180481741951,0.47875241027268617,-0.39325859139029773,0.33476302809350206,0.007686566159211999,0.3234596269199296,0.3498511582570855,P_md,D100+0.5·2330,1,10,0.008,0.04717992708556723,11.889341625562942
4663,0.0384714884717106,0.1056352428484825,0.3641917927607932,-0.4041376104910257,0.33326184859532487,-0.004234889901421957,-0.17709096513521017,0.3501144380718861,P_md,D100+0.5·2330,1,10,0.01,0.04717992708556723,11.889341625562942
4653,0.09295227363709271,0.1132040470154766,0.8211038040396632,-0.40860136633921273,0.32710079518590157,0.043583400535033734,1.6008190087990606,0.4079011147635709,P_md,D100+0.5·2330,1,20,0.0,0.02278100150440576,5.740812379110252
4653,0.08434105506842732,0.11320163210862762,0.7450515818313833,-0.4214935416587875,0.3264560498603052,0.03498176069447876,1.28561433382217,0.407821972307429,P_md,D100+0.5·2330,1,20,0.003,0.02278100150440576,5.740812379110252
4653,0.07860024268931706,0.11326196671933497,0.6939685488959395,-0.4329676941629702,0.3258113045347088,0.02924733413410876,1.0749769086787422,0.4077692106700011,P_md,D100+0.5·2330,1,20,0.005,0.02278100150440576,5.740812379110252
4653,0.06998902412065168,0.11344518779120122,0.6169413219137007,-0.4497743570834922,0.32430689877498386,0.020645694293553812,0.7586224568388268,0.4076900682138593,P_md,D100+0.5·2330,1,20,0.008,0.02278100150440576,5.740812379110252
4653,0.06424821174154144,0.11362891537972102,0.565421323673108,-0.46071470951065063,0.32344723834085537,0.014911267733183835,0.5476607120967081,0.40763730657643144,P_md,D100+0.5·2330,1,20,0.01,0.02278100150440576,5.740812379110252
4672,0.24815091528581215,0.09411308371671544,2.6367313181741814,-0.13640908603103352,0.3752140410958904,0.21402626500394667,9.562878378089291,0.28391204196962383,P_md,D100+0.5·2330,3,1,0.0,0.2985873287671233,75.24400684931507
4672,0.13528490501183954,0.09513207385628805,1.42207459091251,-0.19035016354413536,0.3610873287671233,0.10097134377262572,4.351087821784731,0.2854837531874156,P_md,D100+0.5·2330,3,1,0.003,0.2985873287671233,75.24400684931507
4672,0.06004089816252444,0.09649166685624709,0.6222392059199594,-0.32331406877234703,0.3497431506849315,0.025601396285078265,1.0729561471152023,0.2865315606659436,P_md,D100+0.5·2330,3,1,0.005,0.2985873287671233,75.24400684931507
4672,-0.05282511211144816,0.09949569695551864,-0.5309286102600456,-0.7681502881500546,0.3341181506849315,-0.08745352494624278,-3.500524146533905,0.2881032718837355,P_md,D100+0.5·2330,3,1,0.008,0.2985873287671233,75.24400684931507
4672,-0.12806911896076323,0.10209733592405294,-1.2543825732733116,-0.9335659019774479,0.3251284246575342,-0.16282347243379006,-6.307234791085068,0.28915107936226325,P_md,D100+0.5·2330,3,1,0.01,0.2985873287671233,75.24400684931507
4668,0.13085998406031077,0.1014895199244477,1.2893940591868742,-0.29005353779677523,0.36182519280205655,0.09120325170024073,4.089274837029529,0.3246432400133598,P_md,D100+0.5·2330,3,5,0.0,0.09490145672664953,23.91516709511568
4668,0.09498723341763726,0.10154998810364216,0.9353741461859462,-0.33940406850855176,0.35796915167095117,0.05531953814875541,2.421679607545698,0.32473298604196177,P_md,D100+0.5·2330,3,5,0.003,0.09490145672664953,23.91516709511568
4668,0.07107206632252158,0.10185632326479678,0.6977678365412318,-0.37042138505652134,0.35411311053984573,0.031397062447765155,1.350691716943762,0.3247928167276964,P_md,D100+0.5·2330,3,5,0.005,0.09490145672664953,23.91516709511568
4668,0.03519931567984806,0.10271010016150572,0.3427054946348915,-0.4142911485288415,0.3491859468723222,-0.004486651103720253,-0.18768109080552423,0.32488256275629823,P_md,D100+0.5·2330,3,5,0.008,0.09490145672664953,23.91516709511568
4668,0.011284148584732388,0.10353707686089379,0.10898654788074706,-0.44185966069595484,0.3453299057412168,-0.028409126804710503,-1.1651543514925529,0.3249423934420329,P_md,D100+0.5·2330,3,5,0.01,0.09490145672664953,23.91516709511568
4663,0.12601130317851592,0.10359764649550966,1.2163529524194137,-0.2694193501858041,0.36264207591679176,0.08519918744516668,3.328481125797674,0.3345849381481568,P_md,D100+0.5·2330,3,10,0.0,0.042461934377010506,10.700407463006648
4663,0.10996069198400592,0.10364899873783014,1.0608948790922776,-0.28887245169803955,0.3609264422045893,0.0691320799133795,2.6676507697821403,0.33472017803681237,P_md,D100+0.5·2330,3,10,0.003,0.042461934377010506,10.700407463006648
4663,0.09926028452099926,0.10380669827019515,0.9562030791369343,-0.3015682821725447,0.35878190006433625,0.05842067489218801,2.2349014105337752,0.3348103379625828,P_md,D100+0.5·2330,3,10,0.005,0.042461934377010506,10.700407463006648
4663,0.08320967332648929,0.10422732379288596,0.7983479791905468,-0.32021131929600954,0.35556508685395666,0.04235356736040079,1.598422314686194,0.3349455778512384,P_md,D100+0.5·2330,3,10,0.008,0.042461934377010506,10.700407463006648
4663,0.07250926586348264,0.1046293071641313,0.6930110485175807,-0.3323778219982686,0.35427836156980486,0.031642162339209294,1.182997298400598,0.33503573777700874,P_md,D100+0.5·2330,3,10,0.01,0.042461934377010506,10.700407463006648
4653,0.1427150755682739,0.10341418103204283,1.3800339000320827,-0.2777798063383917,0.3481624758220503,0.10210575942688971,4.141083497302513,0.3355269076045824,P_md,D100+0.5·2330,3,20,0.0,0.02407049215559854,6.065764023210832
4653,0.13361642953345768,0.10343435395698533,1.291799333797976,-0.2884892453323441,0.3470879002793896,0.09300228924790475,3.7486005630675803,0.3355667661968602,P_md,D100+0.5·2330,3,20,0.003,0.02407049215559854,6.065764023210832
4653,0.12755066551024682,0.10351932177950235,1.2321435584936655,-0.2955897662683492,0.34622823984526113,0.08693330912858148,3.4885279025156084,0.3355933385917121,P_md,D100+0.5·2330,3,20,0.005,0.02407049215559854,6.065764023210832
4653,0.11845201947543059,0.10375370090404015,1.141665487045948,-0.3061210123446041,0.3453685794111326,0.07782983894959654,3.1012639613742787,0.33563319718399004,P_md,D100+0.5·2330,3,20,0.008,0.02407049215559854,6.065764023210832
4653,0.11238625545221975,0.10398086366037887,1.08083594900014,-0.3130628962661508,0.3438641736514077,0.07176085883027324,2.8452437580673333,0.33565976957884186,P_md,D100+0.5·2330,3,20,0.01,0.02407049215559854,6.065764023210832
4672,0.2434184762647473,0.09258763000296555,2.6290604506989834,-0.10437459104161029,0.3842037671232877,0.2105425745654552,9.301508919771265,0.27352263850155434,P_md,D100+0.5·2330,5,1,0.0,0.2363013698630137,59.54794520547945
4672,0.1540965584565281,0.09309104181315797,1.6553317639930774,-0.17655801125204973,0.3730736301369863,0.12117257772550769,5.19113064204013,0.2739226489327581,P_md,D100+0.5·2330,5,1,0.003,0.2363013698630137,59.54794520547945
4672,0.09454861325104864,0.0940317677192915,1.0054964991544142,-0.26022353511847685,0.3642979452054795,0.06159257983220922,2.574877363946022,0.27418932255356065,P_md,D100+0.5·2330,5,1,0.005,0.2363013698630137,59.54794520547945
4672,0.0052266954428294675,0.09631507840306582,0.05426663747244685,-0.5093085254671417,0.351027397260274,-0.02777741700773829,-1.1140449983696399,0.27458933298476446,P_md,D100+0.5·2330,5,1,0.008,0.2363013698630137,59.54794520547945
4672,-0.05432124976264999,0.0983872842549531,-0.552116568457019,-0.7550557364938195,0.3431078767123288,-0.08735741490103667,-3.399445809175357,0.2748560066055668,P_md,D100+0.5·2330,5,1,0.01,0.2363013698630137,59.54794520547945
4668,0.13705372738739915,0.1020319374332792,1.3432434082418698,-0.27140905033784024,0.3693230505569837,0.09712349992608844,4.0786565636987335,0.32688216214613647,P_md,D100+0.5·2330,5,5,0.0,0.08718937446443874,21.971722365038563
4668,0.1040961438398413,0.10209964611980071,1.0195544039173061,-0.31900498437321334,0.36568123393316193,0.06418199985592905,2.650288403735904,0.32675049743493706,P_md,D100+0.5·2330,5,5,0.003,0.08718937446443874,21.971722365038563
4668,0.08212442147480276,0.10238995486053329,0.8020749846668603,-0.34903215028047985,0.3626820908311911,0.04222099980915606,1.7220210279923884,0.32666272096080395,P_md,D100+0.5·2330,5,5,0.005,0.08718937446443874,21.971722365038563
4668,0.049166837927244904,0.10318903396486781,0.4764734782184749,-0.3916603816797237,0.3577549271636675,0.009279499738996583,0.370949789409295,0.3265310562496045,P_md,D100+0.5·2330,5,5,0.008,0.08718937446443874,21.971722365038563
4668,0.02719511556220634,0.10395981648885592,0.2615925699053302,-0.4185498084617897,0.35411311053984573,-0.012681500307776386,-0.4997475729797922,0.3264432797754716,P_md,D100+0.5·2330,5,5,0.01,0.08718937446443874,21.971722365038563
4663,0.13518784298761644,0.10634637065055028,1.2712031652856122,-0.25757269469315447,0.37979841303881623,0.09219718656429715,3.671320421184559,0.35244499977224103,P_md,D100+0.5·2330,5,10,0.0,0.04331975123311173,10.916577310744156
4663,0.1188129770215002,0.10641455231861505,1.1165106128132092,-0.27084542008244294,0.37808277932661377,0.0758252947447271,2.9774212201992283,0.3524206171931883,P_md,D100+0.5·2330,5,10,0.003,0.04331975123311173,10.916577310744156
4663,0.10789639971075604,0.10658256264554562,1.012326941974362,-0.2795726831712223,0.37615269140038604,0.06491070019834698,2.523837895402633,0.3524043621404865,P_md,D100+0.5·2330,5,10,0.005,0.04331975123311173,10.916577310744156
4663,0.09152153374463982,0.10701725753459496,0.8552035050520156,-0.2924841635651445,0.37293587819000645,0.04853880837877688,1.8582309294351536,0.3523799795614339,P_md,D100+0.5·2330,5,10,0.008,0.04331975123311173,10.916577310744156
4663,0.08060495643389565,0.1074276905433804,0.7503182468708712,-0.300973601466881,0.3716491529058546,0.037624213832396794,1.4249408163927124,0.352363724508732,P_md,D100+0.5·2330,5,10,0.01,0.04331975123311173,10.916577310744156
4653,0.15414018224159018,0.10227022497957056,1.5071853246864486,-0.25846835313588923,0.35718891038039974,0.11452193616911067,4.720064883903568,0.32733837583317005,P_md,D100+0.5·2330,5,20,0.0,0.0223511712873415,5.6324951644100585
4653,0.14569143949497507,0.10229789194128117,1.424188091564993,-0.2651157304479663,0.3561143348377391,0.10608622542141434,4.356563001181593,0.3272307013704459,P_md,D100+0.5·2330,5,20,0.003,0.0223511712873415,5.6324951644100585
4653,0.14005894433056504,0.10238359900956805,1.3679822323639566,-0.2695196678194227,0.3552546744036106,0.10046241825628344,4.114393598814038,0.3271589183952965,P_md,D100+0.5·2330,5,20,0.005,0.0223511712873415,5.6324951644100585
4653,0.13161020158394995,0.10261271616841604,1.2825915393170275,-0.2760843236051964,0.3539651837524178,0.09202670750858714,3.7518579673475037,0.3270512439325725,P_md,D100+0.5·2330,5,20,0.008,0.0223511712873415,5.6324951644100585
4653,0.1259777064195399,0.10283215012832857,1.2250809329798806,-0.280433389038121,0.35224586288416077,0.08640290034345628,3.5109136418270888,0.326979460957423,P_md,D100+0.5·2330,5,20,0.01,0.0223511712873415,5.6324951644100585
4672,0.24517568915618382,0.09445299376554223,2.595742912763315,-0.11133208406360517,0.4038955479452055,0.21165239345081685,8.45170336165996,0.27890886085710714,P_md,D100+0.5·2330,10,1,0.0,0.15496575342465754,39.051369863013704
4672,0.18659863436166324,0.09474450976453182,1.969492847927718,-0.15151049082381618,0.3970462328767123,0.15305019039982404,5.910622597644766,0.2791180906305423,P_md,D100+0.5·2330,10,1,0.003,0.15496575342465754,39.051369863013704
4672,0.14754726449864958,0.09537194846667019,1.5470719312210888,-0.18402266585971538,0.3910530821917808,0.11398205503249541,4.292918071039885,0.27925757714616584,P_md,D100+0.5·2330,10,1,0.005,0.15496575342465754,39.051369863013704
4672,0.08897020970412901,0.0969459319750163,0.9177302016866197,-0.2944717396205886,0.3820633561643836,0.055379851981502595,2.0022937717351756,0.2794668069196011,P_md,D100+0.5·2330,10,1,0.008,0.15496575342465754,39.051369863013704
4672,0.04991883984111531,0.09840139327738442,0.5072980999405031,-0.36199077010881386,0.3782106164383562,0.016311716614173986,0.5729480704846075,0.2796062934352245,P_md,D100+0.5·2330,10,1,0.01,0.15496575342465754,39.051369863013704
4668,0.14877464005239377,0.10175857890571545,1.4620353551737504,-0.21858161486785643,0.38688946015424164,0.10925008167703178,4.471612102308334,0.3235612196832052,P_md,D100+0.5·2330,10,5,0.0,0.06812339331619537,17.16709511568123
4668,0.12302399737887189,0.10182684883234562,1.2081685605475885,-0.250756235569947,0.38367609254498714,0.08352729708302134,3.368982525042701,0.3233331641512714,P_md,D100+0.5·2330,10,5,0.003,0.06812339331619537,17.16709511568123
4668,0.10585690226319065,0.1020684848030859,1.0371164269501356,-0.27149216670589715,0.38131962296486716,0.0663787740203477,2.6486391163829,0.32318112712998226,P_md,D100+0.5·2330,10,5,0.005,0.06812339331619537,17.16709511568123
4668,0.08010625958966881,0.10272235476467799,0.7798327810259085,-0.3015619060545064,0.3774635818337618,0.04065598942633721,1.594108977871369,0.3229530715980484,P_md,D100+0.5·2330,10,5,0.008,0.06812339331619537,17.16709511568123
4668,0.06293916447398758,0.10334967743570722,0.6089923649073931,-0.32093963267915837,0.3744644387317909,0.023507466363663555,0.9102842414403539,0.3228010345767593,P_md,D100+0.5·2330,10,5,0.01,0.06812339331619537,17.16709511568123
4663,0.1533269499294167,0.1072370183931008,1.4297949740393114,-0.24159263897921956,0.40017156337122023,0.10970057228048366,4.249322389055027,0.35765675474081926,P_md,D100+0.5·2330,10,10,0.0,0.03774394166845379,9.511473300450355
4663,0.1390597399787412,0.10736110142684838,1.2952525461327447,-0.2529150801616833,0.3986703838730431,0.09537771507564857,3.6484189312623294,0.3581129607658324,P_md,D100+0.5·2330,10,10,0.003,0.03774394166845379,9.511473300450355
4663,0.12954826667829084,0.10755019377071284,1.2045377338368712,-0.2603786173615833,0.3973836585888913,0.0858291436057585,3.254410430000084,0.35841709811584105,P_md,D100+0.5·2330,10,10,0.005,0.03774394166845379,9.511473300450355
4663,0.11528105672761531,0.10799227026028138,1.0674935942152768,-0.2714481420958996,0.3950246622346129,0.07150628640092344,2.674211355452592,0.35887330414085433,P_md,D100+0.5·2330,10,10,0.008,0.03774394166845379,9.511473300450355
4663,0.10576958342716497,0.1083916080541916,0.975809708204387,-0.2787447543112449,0.39373793695046105,0.06195771493103336,2.295082335651196,0.359177441490863,P_md,D100+0.5·2330,10,10,0.01,0.03774394166845379,9.511473300450355
4653,0.15065237323922115,0.11097191702365268,1.3575720531809048,-0.25846835313588956,0.3971631205673759,0.10386262311964964,4.023095034957639,0.38659159170651913,P_md,D100+0.5·2330,10,20,0.0,0.02149151085321298,5.415860735009671
4653,0.1425285821367066,0.1109746405312655,1.2843347043467221,-0.26511573044796644,0.39608854502471524,0.09575255483268763,3.6832860096755993,0.38647820950008327,P_md,D100+0.5·2330,10,20,0.003,0.02149151085321298,5.415860735009671
4653,0.13711272140169697,0.11103614427450931,1.2348476462107671,-0.2695196678194234,0.39544379969911886,0.09034584264137964,3.4584091022899703,0.38640262136245923,P_md,D100+0.5·2330,10,20,0.005,0.02149151085321298,5.415860735009671
4653,0.12898893029918246,0.11121773395069992,1.1597874342266323,-0.27608432360519664,0.3943692241564582,0.08223577435441767,3.1239268552522312,0.3862892391560234,P_md,D100+0.5·2330,10,20,0.008,0.02149151085321298,5.415860735009671
4653,0.12357306956417279,0.11139812325107329,1.109292203116018,-0.28043338903812065,0.39264990328820115,0.07682906216310968,2.9030124311520957,0.3862136510183994,P_md,D100+0.5·2330,10,20,0.01,0.02149151085321298,5.415860735009671
4672,0.2179089958221847,0.09841437179516525,2.2141989208215405,-0.1441155535384807,0.4143835616438356,0.18186352645689,6.923248137797868,0.299892972579203,P_md,D100+0.5·2330,20,1,0.0,0.1035958904109589,26.106164383561644
4672,0.1787497492468423,0.09853933717023845,1.8139938260192559,-0.1805677175000967,0.4096746575342466,0.14280386823092722,5.274052090615752,0.2990644122453906,P_md,D100+0.5·2330,20,1,0.003,0.1035958904109589,26.106164383561644
4672,0.15264358486328067,0.09891878456728874,1.5431203034995447,-0.23379155853270017,0.4073202054794521,0.11676409608028535,4.215937854667924,0.29851203868951554,P_md,D100+0.5·2330,20,1,0.005,0.1035958904109589,26.106164383561644
4672,0.11348433828793818,0.09992541447057397,1.1356904436093886,-0.3073037483294885,0.4028253424657534,0.07770443785432257,2.7041848895187224,0.29768347835570325,P_md,D100+0.5·2330,20,1,0.008,0.1035958904109589,26.106164383561644
4672,0.08737817390437652,0.10088135032101488,0.8661479413819319,-0.3524050861696081,0.4004708904109589,0.051664665703680786,1.7516415872365612,0.2971311047998283,P_md,D100+0.5·2330,20,1,0.01,0.1035958904109589,26.106164383561644
4668,0.16106367142296454,0.1024963798225408,1.571408392197124,-0.20435219750448963,0.40059982862039417,0.12145533461600716,4.63272873385979,0.3242470578715216,P_md,D100+0.5·2330,20,5,0.0,0.04755784061696658,11.984575835475578
4668,0.14308680766975118,0.10259715808990717,1.394646892113351,-0.22091452389266386,0.3982433590402742,0.10352341280440953,3.8684167101736517,0.3238791481454714,P_md,D100+0.5·2330,20,5,0.003,0.04755784061696658,11.984575835475578
4668,0.1311022318342756,0.10280320430388884,1.2752737886139631,-0.23177759941977716,0.3956726649528706,0.09156879826334449,3.37320442210494,0.32363387499477136,P_md,D100+0.5·2330,20,5,0.005,0.04755784061696658,11.984575835475578
4668,0.11312536808106224,0.10331890313400234,1.094914528218918,-0.24780876139811947,0.3924592973436161,0.07363687645174691,2.6531985601642987,0.3232659652687212,P_md,D100+0.5·2330,20,5,0.008,0.04755784061696658,11.984575835475578
4668,0.10114079224558667,0.10379885845878392,0.9743921440691692,-0.2583230204717938,0.3898886032562125,0.061682261910681824,2.1889473872467504,0.3230206921180211,P_md,D100+0.5·2330,20,5,0.01,0.04755784061696658,11.984575835475578
4663,0.165600448756832,0.1072674186418096,1.5438093957477406,-0.21834818395359035,0.4121809993566374,0.1221094442620957,4.727179716698277,0.35654694169609064,P_md,D100+0.5·2330,20,10,0.0,0.03131031524769462,7.8901994424190445
4663,0.1537651495932034,0.10736552326111666,1.4321650463085926,-0.22537903859937536,0.4106798198584602,0.11020661240866035,4.209683608905024,0.3571005866232398,P_md,D100+0.5·2330,20,10,0.003,0.03131031524769462,7.8901994424190445
4663,0.14587495015078436,0.10751978992806994,1.3567265174938845,-0.23331816537096361,0.4100364572163843,0.10227139117303671,3.870343800557981,0.35746968324133915,P_md,D100+0.5·2330,20,10,0.005,0.03131031524769462,7.8901994424190445
4663,0.1340396509871558,0.10788372289761257,1.2424455458806019,-0.2493119429542653,0.40789191507613126,0.09036855931960133,3.370594227479241,0.3580233281684883,P_md,D100+0.5·2330,20,10,0.008,0.03131031524769462,7.8901994424190445
4663,0.12614945154473675,0.10821400685048141,1.165740510089758,-0.25980173976170795,0.40703409822003,0.0824333380839777,3.043985778343622,0.35839242478658767,P_md,D100+0.5·2330,20,10,0.01,0.03131031524769462,7.8901994424190445
4653,0.15906848676292845,0.11105070562648518,1.43239510154892,-0.20199241204945784,0.41048785729636794,0.11266023726264102,4.36549254270584,0.3834395139273232,P_md,D100+0.5·2330,20,20,0.0,0.017623038899634645,4.441005802707931
4653,0.15240697805886652,0.11103877515144298,1.372556369169261,-0.21150876630765325,0.41005802707930367,0.10601408871401705,4.078618172858503,0.38331260350518065,P_md,D100+0.5·2330,20,20,0.003,0.017623038899634645,4.441005802707931
4653,0.1479659722561586,0.11107993682092682,1.3320674866307871,-0.21779769909569224,0.4096281968622394,0.10158332301493438,3.8886794086539824,0.3832279965570857,P_md,D100+0.5·2330,20,20,0.005,0.017623038899634645,4.441005802707931
4653,0.1413044635520967,0.11121524323658966,1.2705494268577722,-0.22714880484177258,0.4081237911025145,0.0949371744663104,3.6060023187227053,0.38310108613494326,P_md,D100+0.5·2330,20,20,0.008,0.017623038899634645,4.441005802707931
4653,0.1368634577493888,0.11135435107443728,1.229080466356446,-0.23332839659646065,0.4066193853427896,0.0905064087672278,3.4191827839433033,0.3830164791868483,P_md,D100+0.5·2330,20,20,0.01,0.017623038899634645,4.441005802707931
4672,0.2485389051979818,0.1296842973093635,1.9164918988232567,-0.2918425937392768,0.3563784246575342,0.19471272295616984,8.23349470518669,0.4478258732463286,xind,P_lead,1,1,0.0,0.456763698630137,115.10445205479452
4672,0.07588222711579004,0.13056746193728866,0.5811725677277556,-0.38114337546460275,0.3407534246575342,0.02210344561770923,0.8840262139183798,0.44743150607091603,xind,P_lead,1,1,0.003,0.456763698630137,115.10445205479452
4672,-0.03922222493900448,0.13174766781262137,-0.2977071669669966,-0.7189358863557787,0.3276969178082192,-0.09296940594126446,-3.5750020772488167,0.44716859462064085,xind,P_lead,1,1,0.005,0.456763698630137,115.10445205479452
4672,-0.21187890302119622,0.13437395729047127,-1.5767854671659731,-0.987078864965521,0.3082191780821918,-0.2655786832797249,-9.6097896248158,0.446774227445228,xind,P_lead,1,1,0.008,0.456763698630137,115.10445205479452
4672,-0.3269833550759908,0.13666988612113487,-2.392504774505886,-0.9983795861908099,0.2962328767123288,-0.38065153483869857,-13.218330154245614,0.44651131599495275,xind,P_lead,1,1,0.01,0.456763698630137,115.10445205479452
4668,0.15795045463539062,0.12407683719562405,1.273005165229673,-0.2375074070192219,0.3269065981148243,0.10827929834471067,4.225388710540515,0.40662465497668715,xind,P_lead,1,5,0.0,0.10197086546700942,25.696658097686374
4668,0.11940546748886109,0.12412183625480296,0.9620021028672193,-0.2522349756223087,0.32562125107112255,0.0697212689668598,2.6866045429732592,0.4067314230329838,xind,P_lead,1,5,0.003,0.10197086546700942,25.696658097686374
4668,0.0937088093911747,0.12438399925360048,0.7533831518000669,-0.2861801005294011,0.32197943444730076,0.04401591604829252,1.6800615172063609,0.4068026017371815,xind,P_lead,1,5,0.005,0.10197086546700942,25.696658097686374
4668,0.055163822244645146,0.12512257058057794,0.44087826831466903,-0.3856350346487122,0.31876606683804626,0.005457886670441622,0.20507299457856973,0.4069093697934781,xind,P_lead,1,5,0.008,0.10197086546700942,25.696658097686374
4668,0.029467164146958772,0.12584201669076517,0.2341599802820166,-0.469347040678856,0.31533847472150817,-0.02024746624812563,-0.7521463206996762,0.406980548497676,xind,P_lead,1,5,0.01,0.10197086546700942,25.696658097686374
4663,0.11027167995930216,0.13080080960482796,0.8430504390030317,-0.2955039340307718,0.31739223675745226,0.05464192496479043,2.0690711038179095,0.45606256376526244,xind,P_lead,1,10,0.0,0.04739438129959254,11.94338408749732
4663,0.0923566038280562,0.13079169809695265,0.7061350618721576,-0.32093555244931016,0.31696332832940166,0.03670849582739259,1.381613566832919,0.45621302495351035,xind,P_lead,1,10,0.003,0.04739438129959254,11.94338408749732
4663,0.08041321974055889,0.13089434184751342,0.6143368659451837,-0.3377227353989294,0.31589105725927513,0.024752876402460756,0.9274107504689796,0.45631333241234234,xind,P_lead,1,10,0.005,0.04739438129959254,11.94338408749732
4663,0.06249814360931291,0.13121087431960682,0.4763183229545314,-0.3621586243062097,0.3137465151190221,0.006819447265062903,0.253580944415478,0.45646379360059,xind,P_lead,1,10,0.008,0.04739438129959254,11.94338408749732
4663,0.05055475952181559,0.13152966529444582,0.38436013205570285,-0.37796580711249517,0.31203088140681967,-0.005136172159868999,-0.18993990281919337,0.45656410105942186,xind,P_lead,1,10,0.01,0.04739438129959254,11.94338408749732
4653,0.09630108748842392,0.14333877193347933,0.6718425600375267,-0.49413929220725605,0.32409198366645176,0.028884907583649706,0.8816269895813076,0.5570136243420144,xind,P_lead,1,20,0.0,0.02493015258972706,6.282398452611219
4653,0.08687748980950712,0.14332393662688267,0.6061617609323458,-0.5031826726505866,0.3236621534493875,0.019464649632338814,0.5932499955012304,0.556986030464985,xind,P_lead,1,20,0.003,0.02493015258972706,6.282398452611219
4653,0.0805950913568959,0.14336747676063052,0.5621574235519206,-0.5149762682258912,0.322802493015259,0.01318447766479822,0.4013711501301202,0.5569676345469652,xind,P_lead,1,20,0.005,0.02493015258972706,6.282398452611219
4653,0.07117149367797905,0.14351283520762528,0.49592423963342813,-0.5377889256398108,0.32194283258113043,0.0037642197134873314,0.11435586589310998,0.5569400406699356,xind,P_lead,1,20,0.008,0.02493015258972706,6.282398452611219
4653,0.06488909522536783,0.14366298034755692,0.45167582538232726,-0.5542295858371311,0.32129808725553405,-0.002515952254053254,-0.07631238734218455,0.5569216447519157,xind,P_lead,1,20,0.01,0.02493015258972706,6.282398452611219
4672,0.25095152444440866,0.12248109210961888,2.0489001210065187,-0.21864747442687094,0.3717893835616438,0.2032602149240679,8.589016520172045,0.39678463979221623,xind,P_lead,3,1,0.0,0.2945205479452055,74.21917808219179
4672,0.13962275732112103,0.12332939521042507,1.132112559888064,-0.26765625206045707,0.364083904109589,0.09171702413632445,3.645812441854197,0.39856861295881013,xind,P_lead,3,1,0.003,0.2945205479452055,74.21917808219179
4672,0.06540357923892925,0.12441897983072958,0.5256720423838065,-0.30617639791825124,0.355736301369863,0.017354896944495476,0.6608726018429854,0.39975792840320584,xind,P_lead,3,1,0.005,0.2945205479452055,74.21917808219179
4672,-0.04592518788435843,0.1268124173768723,-0.3621505593405252,-0.7521132766943075,0.3424657534246575,-0.09418829384324795,-3.357344753986248,0.40154190156979963,xind,P_lead,3,1,0.008,0.2945205479452055,74.21917808219179
4672,-0.12014436596655019,0.1288921587747339,-0.9321309155549772,-0.934986197130269,0.3345462328767123,-0.16855042103507686,-5.746836162245063,0.40273121701419545,xind,P_lead,3,1,0.01,0.2945205479452055,74.21917808219179
4668,0.13321145632338602,0.12806706247914126,1.040169531061764,-0.33884116071318127,0.3444730077120823,0.08009596393989095,2.989992009014138,0.43482113921330445,xind,P_lead,3,5,0.0,0.09254498714652956,23.32133676092545
4668,0.09822945118199786,0.12808332924763885,0.7669183160603134,-0.353570043345085,0.3427592116538132,0.04512470340823758,1.655727913407262,0.4347331802537683,xind,P_lead,3,5,0.003,0.09254498714652956,23.32133676092545
4668,0.0749081144210724,0.12830056918682084,0.5838486523937186,-0.3632185416059237,0.33997429305912596,0.021810529720468708,0.7905076998334418,0.4346745409474108,xind,P_lead,3,5,0.005,0.09254498714652956,23.32133676092545
4668,0.03992610927968422,0.1289339357269795,0.3096633097761683,-0.3774395662000297,0.3365467009425878,-0.013160730811184676,-0.4677960353559099,0.4345865819878747,xind,P_lead,3,5,0.008,0.09254498714652956,23.32133676092545
4668,0.01660477251875876,0.12955884607928025,0.12816394265041456,-0.4369929872707822,0.3344044558697515,-0.03647490449895359,-1.278948186178626,0.4345279426815174,xind,P_lead,3,5,0.01,0.09254498714652956,23.32133676092545
4663,0.10080785951266422,0.13007486067797974,0.7749987890606284,-0.3552128035560722,0.33604975337765386,0.04625685397466007,1.673805025042784,0.44721878505647966,xind,P_lead,3,10,0.0,0.0461076560154407,11.619129315891056
4663,0.08337916553882763,0.13006954003305501,0.6410352917188621,-0.3724245706721192,0.33540639073557793,0.028823872491094894,1.0301855880586717,0.44725393481903386,xind,P_lead,3,10,0.003,0.0461076560154407,11.619129315891056
4663,0.07176003622293657,0.13017248913196225,0.5512688333875978,-0.4001645025906667,0.33411966545142613,0.01720188483538478,0.6095334131232503,0.4472773679940698,xind,P_lead,3,10,0.005,0.0461076560154407,11.619129315891056
4663,0.05433134224909999,0.13048615294351018,0.41637630525149294,-0.4502410348181958,0.3330473943812996,-0.00023109664818044223,-0.00807932156402988,0.44731251775662384,xind,P_lead,3,10,0.008,0.0461076560154407,11.619129315891056
4663,0.042712212933208926,0.13080082825366668,0.3265439026913165,-0.4813184841875626,0.33176066909714774,-0.011853084303890567,-0.4105615759238511,0.4473359509316599,xind,P_lead,3,10,0.01,0.0461076560154407,11.619129315891056
4653,0.09368367996358647,0.14213146580593813,0.659133988609526,-0.48822471710993587,0.3288201160541586,0.027858828708019326,0.8913551895679757,0.5438655679011699,xind,P_lead,3,20,0.0,0.02364066193853428,5.957446808510638
4653,0.08474750975082049,0.14210373984640312,0.5963777578438276,-0.5107336100466711,0.32839028583709434,0.018926903406298164,0.6045374459493547,0.5438304951146459,xind,P_lead,3,20,0.003,0.02364066193853428,5.957446808510638
4653,0.07879006294230986,0.1421364264725319,0.554327028599781,-0.5252046301286073,0.32753062540296585,0.012972286538484042,0.4137947462328766,0.5438071132569632,xind,P_lead,3,20,0.005,0.02364066193853428,5.957446808510638
4653,0.0698538927295439,0.14226214176770144,0.49102236098489,-0.546138221998349,0.3264560498603052,0.004040361236762857,0.12859041302208116,0.5437720404704393,xind,P_lead,3,20,0.008,0.02364066193853428,5.957446808510638
4653,0.06389644592103326,0.14239697022135858,0.448720543855007,-0.559595251305691,0.3260262196432409,-0.0019142556310512788,-0.0608215708596704,0.5437486586127563,xind,P_lead,3,20,0.01,0.02364066193853428,5.957446808510638
4672,0.25294353760434246,0.11899729354444243,2.125624290016937,-0.2301885163191949,0.3775684931506849,0.20820756862545964,9.495770235822437,0.37219664369817745,xind,P_lead,5,1,0.0,0.22388698630136986,56.419520547945204
4672,0.16831425678242462,0.1195169465107432,1.4082877926210668,-0.27872813677179364,0.3715753424657534,0.12337946243995994,5.339714908196766,0.3738508413091013,xind,P_lead,5,1,0.003,0.22388698630136986,56.419520547945204
4672,0.11189473623447946,0.12031800989260005,0.9299915809309056,-0.3122609718492029,0.3651541095890411,0.06682739164962684,2.7838089251766176,0.3749536397163836,xind,P_lead,5,1,0.005,0.22388698630136986,56.419520547945204
4672,0.02726545541256164,0.12218366452172737,0.22315139686871274,-0.3716565337336637,0.3548801369863014,-0.018000714535872788,-0.7058736934553373,0.3766078373273075,xind,P_lead,5,1,0.008,0.22388698630136986,56.419520547945204
4672,-0.029154065135383565,0.12385458154606292,-0.23538947668674529,-0.677134939124071,0.3491010273972603,-0.07455278532620581,-2.804536138082734,0.37771063573459,xind,P_lead,5,1,0.01,0.22388698630136986,56.419520547945204
4668,0.1268901597989469,0.13041682111620528,0.9729585394960976,-0.35658111305672235,0.35711225364181665,0.07176097381092233,2.8474902770559294,0.4513059067991191,xind,P_lead,5,5,0.0,0.08483290488431877,21.37789203084833
4668,0.09482332175267437,0.13038210411585596,0.7272725225266768,-0.37089139604420185,0.3551842330762639,0.03965523895848221,1.5452441232940421,0.451624329029821,xind,P_lead,5,5,0.003,0.08483290488431877,21.37789203084833
4668,0.07344542972182604,0.1305464603424743,0.5625999320789704,-0.38026595178313893,0.3532562125107112,0.018251415723522086,0.7020237522517107,0.4518366105169555,xind,P_lead,5,5,0.005,0.08483290488431877,21.37789203084833
4668,0.041378591675553536,0.1310728353517292,0.3156915890658471,-0.3940836090836086,0.3500428449014567,-0.013854319128918099,-0.521988132973283,0.45215503274765745,xind,P_lead,5,5,0.008,0.08483290488431877,21.37789203084833
4668,0.020000699644705217,0.13160857144753127,0.15197110206973827,-0.40808954554880217,0.34832904884318766,-0.035258142363878184,-1.3093058983763806,0.452367314234792,xind,P_lead,5,5,0.01,0.08483290488431877,21.37789203084833
4663,0.11060638600214807,0.13301929259018128,0.8315063465486542,-0.38412923974825597,0.35191936521552647,0.053355703968360944,1.8713548032694178,0.46935121012513364,xind,P_lead,5,10,0.0,0.046536564443491316,11.727214239759812
4663,0.09301556464250836,0.13301894281109633,0.6992655532874156,-0.397781933440287,0.35084709414539994,0.03577024033064794,1.240291270468392,0.46930728657382415,xind,P_lead,5,10,0.003,0.046536564443491316,11.727214239759812
4663,0.08128835040274855,0.13312376490014974,0.6106223818393309,-0.4073807542310346,0.34956036886124814,0.024046597905505975,0.8271446969411841,0.4692780042062844,xind,P_lead,5,10,0.005,0.046536564443491316,11.727214239759812
4663,0.06369752904310884,0.1334380857912265,0.4773564358736995,-0.42151040620437485,0.3482736435770963,0.0064611342677929695,0.21948507428180256,0.46923408065497474,xind,P_lead,5,10,0.008,0.046536564443491316,11.727214239759812
4663,0.05197031480334903,0.13375178397414608,0.3885579186995725,-0.4307540378924283,0.34677246407891915,-0.005262508157349024,-0.17722728647941507,0.469204798287435,xind,P_lead,5,10,0.01,0.046536564443491316,11.727214239759812
4653,0.1110578268542255,0.13926184952001927,0.797474880859317,-0.4921947418029181,0.3440790887599398,0.04778539779439162,1.5963222037897735,0.5227766551193332,xind,P_lead,5,20,0.0,0.026219643240919837,6.607350096711799
4653,0.10114680170915778,0.13923517284076936,0.7264457654304795,-0.5042368164453106,0.3432194283258113,0.03785536216694732,1.259489670161217,0.522933725687616,xind,P_lead,5,20,0.003,0.026219643240919837,6.607350096711799
4653,0.09453945161244598,0.1392751563125566,0.6787962341272391,-0.5121155667086067,0.34235976789168276,0.031235338415317795,1.0362465856835423,0.5230384393998043,xind,P_lead,5,20,0.005,0.026219643240919837,6.607350096711799
4653,0.08462842646737828,0.13942168400678967,0.606996157522075,-0.5237138895153628,0.34128519234902216,0.021305302787873466,0.7035818091964102,0.523195509968087,xind,P_lead,5,20,0.008,0.026219643240919837,6.607350096711799
4653,0.07802107637066648,0.13957692945207797,0.5589826103564921,-0.5313019494731201,0.3408553621319579,0.014685279036243882,0.4834012271138236,0.5233002236802752,xind,P_lead,5,20,0.01,0.026219643240919837,6.607350096711799
4672,0.24815664033298554,0.1169671973947373,2.1215917441837493,-0.20272972687639168,0.3861301369863014,0.2049871337525959,8.025085073333278,0.35916390828400147,xind,P_lead,10,1,0.0,0.1583904109589041,39.91438356164383
4672,0.18828506499051978,0.11712253510119947,1.607590416548212,-0.23902637391288328,0.3816352739726027,0.1450746178921975,5.395362131281067,0.3595045273364906,xind,P_lead,10,1,0.003,0.1583904109589041,39.91438356164383
4672,0.14837068142887597,0.11758371061656561,1.2618302369509762,-0.26233013615575673,0.3779965753424658,0.105132940651932,3.7729252199428442,0.3597316067048164,xind,P_lead,10,1,0.005,0.1583904109589041,39.91438356164383
4672,0.08849910608641022,0.11880357049219356,0.7449195821284293,-0.29645317716671027,0.3690068493150685,0.045220424791533716,1.5363928063396683,0.36007222575730563,xind,P_lead,10,1,0.008,0.1583904109589041,39.91438356164383
4672,0.04858472252476637,0.11996052156289948,0.4050059293822903,-0.3549343777318955,0.364083904109589,0.005278747551268218,0.17285486946644993,0.3602993051256316,xind,P_lead,10,1,0.01,0.1583904109589041,39.91438356164383
4668,0.1408525214993317,0.12514068248931873,1.1255534067536674,-0.33150158966447874,0.3712510711225364,0.09031338306284961,3.366369265132659,0.41373024636854594,xind,P_lead,10,5,0.0,0.06940874035989718,17.49100257069409
4668,0.11461601764329057,0.12516047066078753,0.9157525298376775,-0.3638154758525388,0.3699657240788346,0.063998229809596,2.326903586852081,0.4143740965704316,xind,P_lead,10,5,0.003,0.06940874035989718,17.49100257069409
4668,0.09712501507259648,0.12533613434251958,0.7749163126985589,-0.3845110280924511,0.3684661525278492,0.04645479430742692,1.6605446689059995,0.4148033300383551,xind,P_lead,10,5,0.005,0.06940874035989718,17.49100257069409
4668,0.07088851121655534,0.1258419764525236,0.5633137146673747,-0.41433535311139813,0.36546700942587834,0.020139641054173343,0.7013844756555304,0.41544718024024074,xind,P_lead,10,5,0.008,0.06940874035989718,17.49100257069409
4668,0.053397508645861264,0.12633925954475292,0.4226517460864679,-0.4334345303441607,0.3639674378748929,0.0025962055520042616,0.08883343947591141,0.41587641370816447,xind,P_lead,10,5,0.01,0.06940874035989718,17.49100257069409
4663,0.14499485377544474,0.12990571579064808,1.116154534794403,-0.314126778872879,0.3718636071198799,0.0905502204915746,2.959576868634869,0.44634672651625007,xind,P_lead,10,10,0.0,0.041389663306883984,10.430195153334765
4663,0.1293495610454426,0.12988631614364174,0.9958675007950373,-0.3202742391981125,0.3707913360497534,0.07489863362633904,2.413763103566277,0.4463983269493551,xind,P_lead,10,10,0.003,0.041389663306883984,10.430195153334765
4663,0.11891936589210787,0.1299695995203216,0.9149783205534464,-0.32434698197133605,0.36929015655157627,0.06446424238284869,2.057576018919639,0.44643272723809185,xind,P_lead,10,10,0.005,0.041389663306883984,10.430195153334765
4663,0.10327407316210571,0.13023848013359018,0.7929612895986953,-0.3304179542628338,0.36821788548144974,0.0488126555176131,1.5351573450522893,0.4464843276711968,xind,P_lead,10,10,0.008,0.041389663306883984,10.430195153334765
4663,0.09284387800877095,0.13051324290449304,0.7113751519967382,-0.33443995993781095,0.3669311601972979,0.03837826427412272,1.194930738375535,0.4465187279599335,xind,P_lead,10,10,0.01,0.041389663306883984,10.430195153334765
4653,0.12735547704715638,0.13302425359739442,0.9573853910325637,-0.40532596109624563,0.36041263700838166,0.07006782782571902,2.190889408050061,0.47332852688983384,xind,P_lead,10,20,0.0,0.02364066193853428,5.957446808510638
4653,0.11841930683439042,0.13297611339884757,0.8905306660543193,-0.41941010792018607,0.35955297657425317,0.06111256757442242,1.8959954879580603,0.47348625477601497,xind,P_lead,10,20,0.003,0.02364066193853428,5.957446808510638
4653,0.11246186002587978,0.1329987011550495,0.8455861527156726,-0.428625144868508,0.3589082312486568,0.055142394073558,1.7016273240701132,0.4735914067001356,xind,P_lead,10,20,0.005,0.02364066193853428,5.957446808510638
4653,0.10352568981311383,0.13311454895018762,0.7777188190890679,-0.44219094633509326,0.3580485708145283,0.04618713382226142,1.413565022561065,0.4737491345863167,xind,P_lead,10,20,0.008,0.02364066193853428,5.957446808510638
4653,0.09756824300460318,0.13324631406654572,0.7322397147577063,-0.45106642099575966,0.35740382548893185,0.04021696032139701,1.2239282255301136,0.47385428651043754,xind,P_lead,10,20,0.01,0.02364066193853428,5.957446808510638
4672,0.20360820538094476,0.11888798004244208,1.7126054737262608,-0.19150002095877838,0.3916952054794521,0.15917918356862737,6.7468258848645135,0.36964288868188805,xind,P_lead,20,1,0.0,0.11087328767123288,27.940068493150683
4672,0.16169810264121873,0.11899666393210566,1.3588456793501091,-0.2142231831899989,0.3886986301369863,0.11724473428264645,4.683259656674576,0.3698454483449193,xind,P_lead,20,1,0.003,0.11087328767123288,27.940068493150683
4672,0.13375803414806803,0.11932963223084164,1.1209121460235028,-0.23705488739260971,0.3852739726027397,0.0892884347586592,3.425447697188935,0.3699804881202731,xind,P_lead,20,1,0.005,0.11087328767123288,27.940068493150683
4672,0.091847931408342,0.1202155239729121,0.7640272102381545,-0.2835376292653117,0.3816352739726027,0.04735398547267827,1.7093501169532646,0.37018304778330424,xind,P_lead,20,1,0.008,0.11087328767123288,27.940068493150683
4672,0.06390786291519131,0.12105934579239597,0.5279052393425832,-0.3158410444756167,0.378638698630137,0.01939768594869093,0.6724583374115737,0.37031808755865847,xind,P_lead,20,1,0.01,0.11087328767123288,27.940068493150683
4668,0.13627870480407006,0.12518563361542553,1.0886129731365406,-0.3813388598949543,0.3819622964867181,0.08581788666047882,2.953606309905911,0.41308909032442137,xind,P_lead,20,5,0.0,0.04948586118251928,12.47043701799486
4668,0.11757304927707776,0.12523369332466888,0.938829209262951,-0.4032851271679836,0.3806769494430163,0.06709015070528458,2.2486764703450883,0.41326984807539474,xind,P_lead,20,5,0.003,0.04948586118251928,12.47043701799486
4668,0.10510261225908289,0.12538397424205236,0.8382459791566623,-0.4174993504053567,0.3791773778920309,0.05460499340182181,1.7978367422064674,0.41339035324271034,xind,P_lead,20,5,0.005,0.04948586118251928,12.47043701799486
4668,0.08639695673209062,0.12578590968655157,0.6868571920923808,-0.43821389858725035,0.37724935732647813,0.035877257446627585,1.1498245044083484,0.4135711109936837,xind,P_lead,20,5,0.008,0.04948586118251928,12.47043701799486
4668,0.07392651971409575,0.12617066799089138,0.585924770719552,-0.4516293821703292,0.3759640102827764,0.02339210014316476,0.7362826030816518,0.41369161616099936,xind,P_lead,20,5,0.01,0.04948586118251928,12.47043701799486
4663,0.1573125761971653,0.1258585481450402,1.24991570708314,-0.29757565101295014,0.37658159982843664,0.1065442665623556,3.8066959028331393,0.41620757546683806,xind,P_lead,20,10,0.0,0.03216813210379584,8.106369290156552
4663,0.14515302226193044,0.12588782844726087,1.1530346027276221,-0.30387564099656195,0.3759382371863607,0.09437297999902082,3.3251526635728506,0.41630376162569305,xind,P_lead,20,10,0.003,0.03216813210379584,8.106369290156552
4663,0.13704665297177393,0.1259852281209923,1.0877993794650163,-0.3080494185346596,0.3752948745442848,0.08625878895679764,3.010456942685344,0.41636788573159644,xind,P_lead,20,10,0.005,0.03216813210379584,8.106369290156552
4663,0.1248870990365391,0.12624778633822997,0.9892220898191003,-0.3142709708089432,0.3735792408320823,0.07408750239346286,2.548226875710259,0.41646407189045154,xind,P_lead,20,10,0.008,0.03216813210379584,8.106369290156552
4663,0.11678072974638253,0.12650008828420525,0.9231671798047568,-0.3183927181362375,0.3727214239759811,0.0659733113512397,2.246759003539612,0.4165281959963549,xind,P_lead,20,10,0.01,0.03216813210379584,8.106369290156552
4653,0.14527282653446988,0.1279837179809194,1.1350883442542905,-0.3529701243282646,0.35998280679131744,0.09253516131278539,3.0812895500707236,0.43573513192173624,xind,P_lead,20,20,0.0,0.02192134107027724,5.524177949709864
4653,0.1369865596099051,0.12802194885745374,1.0700240141042772,-0.36830264441374416,0.35933806146572106,0.0842089371911442,2.7742733004183586,0.43606527081708035,xind,P_lead,20,20,0.003,0.02192134107027724,5.524177949709864
4653,0.13146238166019525,0.12810017515596728,1.0262466971659825,-0.37833436801328635,0.3589082312486568,0.07865812111005008,2.5727418062444647,0.43628536341397645,xind,P_lead,20,20,0.005,0.02192134107027724,5.524177949709864
4653,0.12317611473563045,0.12829643023535567,0.9600899612691316,-0.3931022907473931,0.3578336557059961,0.07033189698840886,2.275254923533316,0.4366155023093205,xind,P_lead,20,20,0.008,0.02192134107027724,5.524177949709864
4653,0.11765193678592056,0.12847968986160604,0.915724009862191,-0.4027641564988331,0.357618740597464,0.06478108090731474,2.0801804901922445,0.43683559490621654,xind,P_lead,20,20,0.01,0.02192134107027724,5.524177949709864
4672,0.141605229575123,0.1014792624455197,1.3954105120851208,-0.18576189652380581,0.23694349315068494,0.10917478950219013,4.8388653708748395,0.26981646367150924,xind,1590,1,1,0.0,0.4158818493150685,104.80222602739727
4672,-0.015598109465972875,0.10196291859157067,-0.15297825603103501,-0.45103484230088053,0.22559931506849315,-0.04790970985764316,-2.0875495461489035,0.2688277351044588,xind,1590,1,1,0.003,0.4158818493150685,104.80222602739727
4672,-0.12040033549337013,0.10302965161705831,-1.1685988800668314,-0.9133487513250244,0.2110445205479452,-0.15263270943086524,-6.085916114522442,0.2681685827264251,xind,1590,1,1,0.005,0.4158818493150685,104.80222602739727
4672,-0.27760367453446605,0.10570113568439657,-2.6263073971441298,-0.9951412169314332,0.19477739726027396,-0.3097172087906984,-10.22132929983452,0.26717985415937456,xind,1590,1,1,0.008,0.4158818493150685,104.80222602739727
4672,-0.38240590056186335,0.10815522350092552,-3.535713654723214,-0.9993000693289361,0.1855736301369863,-0.41444020836392065,-11.956727677714916,0.26652070178134096,xind,1590,1,1,0.01,0.4158818493150685,104.80222602739727
4668,0.097845052708701,0.09921922080170574,0.9861501825765084,-0.21076132844310846,0.24143101970865466,0.06664358263647464,2.6377642659380176,0.2554256423715478,xind,1590,1,5,0.0,0.0779777206512425,19.65038560411311
4668,0.06836947430253132,0.09929287602266462,0.6885637423466844,-0.2364366686121927,0.23993144815766923,0.037205257906039825,1.4784512357475157,0.2551206713546937,xind,1590,1,5,0.003,0.0779777206512425,19.65038560411311
4668,0.048719088698418206,0.09956971327916671,0.4892962638329889,-0.2531084859316266,0.23821765209940018,0.017579708085749934,0.6981623573370412,0.25491735734345766,xind,1590,1,5,0.005,0.0779777206512425,19.65038560411311
4668,0.019243510292248547,0.1003227993582242,0.191815922356148,-0.3316948637661703,0.23543273350471294,-0.01185861664468496,-0.4682631436260982,0.25461238632660355,xind,1590,1,5,0.008,0.0779777206512425,19.65038560411311
4668,-0.0004068753118645666,0.10104616035354345,-0.004026628131548776,-0.39394685348966196,0.2332904884318766,-0.031484166464974817,-1.23459533550857,0.25440907231536747,xind,1590,1,5,0.01,0.0779777206512425,19.65038560411311
4663,0.08801660731873281,0.1012096698073731,0.8696462253680906,-0.23588977857305826,0.24683680034312674,0.05588454135720885,2.274612895160919,0.2634243559572187,xind,1590,1,10,0.0,0.03860175852455501,9.727643148187862
4663,0.07342514259645103,0.10120144073997157,0.725534558199726,-0.2495685753479422,0.24619343770105082,0.04128831435088679,1.6740172876188562,0.26346339800349405,xind,1590,1,10,0.003,0.03860175852455501,9.727643148187862
4663,0.06369749944826318,0.10131143338255948,0.6287296243034753,-0.2629449936352838,0.24533562084494961,0.0315574963466721,1.2747219558967728,0.26348942603434433,xind,1590,1,10,0.005,0.03860175852455501,9.727643148187862
4663,0.04910603472598137,0.10164889063461895,0.4830946449036518,-0.28258809566161425,0.24340553291872186,0.016961269340350044,0.6801690294173809,0.26352846808061964,xind,1590,1,10,0.008,0.03860175852455501,9.727643148187862
4663,0.03937839157779351,0.10198795330181158,0.3861082637991721,-0.29540767938042445,0.24254771606262063,0.007230451336135348,0.2882399924117369,0.26355449611146986,xind,1590,1,10,0.01,0.03860175852455501,9.727643148187862
4653,0.09756783364299741,0.10876355605503507,0.8970636597577544,-0.28151885256684595,0.2587577906726843,0.06070739777035979,2.214409026775015,0.30455248293874787,xind,1590,1,20,0.0,0.019127444659359553,4.820116054158608
4653,0.0903376595617595,0.10870589087916414,0.8310281883635681,-0.2836596593829306,0.25832796045562,0.05346875092676234,1.9506292394412568,0.30462248755895527,xind,1590,1,20,0.003,0.019127444659359553,4.820116054158608
4653,0.0855175435076009,0.1087218137062377,0.7865720833048843,-0.285392690856871,0.2581130453470879,0.04864298636436406,1.7741173418158172,0.30466915730576016,xind,1590,1,20,0.005,0.019127444659359553,4.820116054158608
4653,0.07828736942636297,0.10882719963640156,0.7193731869231768,-0.29186480644759893,0.2572533849129594,0.0414043395207666,1.5087324730375522,0.3047391619259676,xind,1590,1,20,0.008,0.019127444659359553,4.820116054158608
4653,0.07346725337220436,0.10895166875177517,0.6743104921099005,-0.2968304956581411,0.25682355469589513,0.036578574958368304,1.3316151729239658,0.30478583167277257,xind,1590,1,20,0.01,0.019127444659359553,4.820116054158608
4672,0.1686524254501616,0.10078976908823623,1.6733089774470575,-0.1883876333473088,0.2643407534246575,0.1368437286868233,5.463991815462168,0.26464365131592693,xind,1590,3,1,0.0,0.2771832191780822,69.85017123287672
4672,0.06387716860084654,0.1012438466903601,0.6309239592229814,-0.26308230868163285,0.2562071917808219,0.032033250407840524,1.2853085027534956,0.2649366884001302,xind,1590,3,1,0.003,0.2771832191780822,69.85017123287672
4672,-0.005973002632030165,0.10216518486332656,-0.05846416898301183,-0.41874001098966984,0.2459332191780822,-0.03784040177814799,-1.4728033533749922,0.26513204645626565,xind,1590,3,1,0.005,0.2771832191780822,69.85017123287672
4672,-0.11074825948134523,0.10444238399637464,-1.0603765946705075,-0.9005288604681266,0.2326626712328767,-0.1426508800571307,-5.097401606454885,0.2654250835404688,xind,1590,3,1,0.008,0.2771832191780822,69.85017123287672
4672,-0.18059843071422194,0.10652754810345665,-1.6953213880303495,-0.9727538082875137,0.2266695205479452,-0.21252453224311926,-7.051956167738734,0.2656204415966042,xind,1590,3,1,0.01,0.2771832191780822,69.85017123287672
4668,0.09782820424795487,0.10482609524767712,0.933242853478535,-0.223566333452486,0.2643530419880034,0.06298480955944483,2.2582609296274905,0.28523965217395975,xind,1590,3,5,0.0,0.07690659811482434,19.380462724935732
4668,0.06875751016055127,0.10480446686573779,0.6560551493347577,-0.2643934220065214,0.262853470437018,0.03399468955729787,1.2125330975231698,0.28458004583369617,xind,1590,3,5,0.003,0.07690659811482434,19.380462724935732
4668,0.049377047435615544,0.1050032768766522,0.47024291911974303,-0.2904437067644299,0.2607112253641817,0.01466794288919994,0.5200825702003776,0.2841403082735206,xind,1590,3,5,0.005,0.07690659811482434,19.380462724935732
4668,0.02030635334821194,0.10561892711142491,0.19226055313731152,-0.33319070263055117,0.25728363324764353,-0.014322177112947037,-0.5015394395696352,0.28348070193325714,xind,1590,3,5,0.008,0.07690659811482434,19.380462724935732
4668,0.000925890623276211,0.10623812261514197,0.008715238941395273,-0.43038425858617246,0.25492716366752355,-0.033648923781045025,-1.1659942814300475,0.2830409643730814,xind,1590,3,5,0.01,0.07690659811482434,19.380462724935732
4663,0.08872229621494084,0.10955626819397145,0.8098331357714407,-0.2728070520828447,0.28157838301522625,0.0507675219709447,1.7398986831330139,0.31115994759560506,xind,1590,3,10,0.0,0.03881621273858031,9.781685610122238
4663,0.07404976779975748,0.10962457010010908,0.6754851374298234,-0.29226266537665213,0.2809350203731503,0.03609374355689431,1.2290742345023988,0.311170195307249,xind,1590,3,10,0.003,0.03881621273858031,9.781685610122238
4663,0.06426808218963524,0.10977721402097779,0.5854410021496264,-0.30495882411786346,0.2794338408749732,0.02631122461419405,0.8913807272500761,0.3111770271150116,xind,1590,3,10,0.005,0.03881621273858031,9.781685610122238
4663,0.0495955537744519,0.1101659534288372,0.45018948441714934,-0.3236004186104299,0.27750375294874546,0.011637446200143673,0.3907707378432012,0.3111872748266555,xind,1590,3,10,0.008,0.03881621273858031,9.781685610122238
4663,0.039813868164329656,0.11053075461252303,0.3602062457992012,-0.33576471737172786,0.27686039030666953,0.0018549272574434133,0.0618708521653587,0.31119410663441804,xind,1590,3,10,0.01,0.03881621273858031,9.781685610122238
4653,0.11452596314309728,0.11409704723240524,1.003759220077084,-0.26629157577198825,0.284762518805072,0.0738381916233022,2.4958969375556634,0.3361751305495713,xind,1590,3,20,0.0,0.018267784225231034,4.603481624758221
4653,0.10762074070595995,0.11408156690717906,0.9433666071007258,-0.2684879307983332,0.2841177734794756,0.06693726566489497,2.263158750520437,0.3361396316946563,xind,1590,3,20,0.003,0.018267784225231034,4.603481624758221
4653,0.10301725908120175,0.11412076914172306,0.9027038623729201,-0.2699503384183167,0.2839028583709435,0.06233664835929015,2.107292836214146,0.33611596579137965,xind,1590,3,20,0.005,0.018267784225231034,4.603481624758221
4653,0.09611203664406441,0.11425375421910132,0.8412155670592055,-0.27218921221356396,0.2826133677197507,0.055435722400882924,1.872721153016654,0.3360804669364648,xind,1590,3,20,0.008,0.018267784225231034,4.603481624758221
4653,0.09150855501930619,0.11439173127112244,0.7999577766894681,-0.27437967810830466,0.2826133677197507,0.05083510509527808,1.715994059835153,0.3360568010331882,xind,1590,3,20,0.01,0.018267784225231034,4.603481624758221
4672,0.14389671307038432,0.10067693081595594,1.4292918139651773,-0.2285537201094896,0.2669092465753425,0.11220915551459175,4.332755467149184,0.2636357910303912,xind,1590,5,1,0.0,0.2266695205479452,57.12071917808219
4672,0.05821563430326103,0.10116638506848072,0.5754444449493197,-0.28127525989157,0.2611301369863014,0.026406047703404444,1.0024215930722336,0.2646510546241176,xind,1590,5,1,0.003,0.2266695205479452,57.12071917808219
4672,0.0010949151251788297,0.10203409302363113,0.010730875266615513,-0.3245348809083668,0.2521404109589041,-0.03079602417072046,-1.1319465059683242,0.2653278970199351,xind,1590,5,1,0.005,0.2266695205479452,57.12071917808219
4672,-0.08458616364194445,0.10412069479140233,-0.8123857011462152,-0.8400817723695705,0.24165239726027396,-0.11659913198190769,-3.9858285757632386,0.26634316061366126,xind,1590,5,1,0.008,0.2266695205479452,57.12071917808219
4672,-0.14170688282002666,0.10601108906823191,-1.336717545924086,-0.9444994076474598,0.2365154109589041,-0.17380120385603254,-5.598900897035398,0.26702000300947876,xind,1590,5,1,0.01,0.2266695205479452,57.12071917808219
4668,0.09738511093910761,0.10568982853818651,0.9214236817871425,-0.2987930903539602,0.26371036846615253,0.061980108856891335,2.1123899456698774,0.28983715764296364,xind,1590,5,5,0.0,0.07047986289631533,17.760925449871465
4668,0.07074372276430042,0.10573918320604878,0.6690398073762834,-0.3357074756050231,0.26263924592973437,0.03536908657691783,1.1978116284708802,0.28958857229823065,xind,1590,5,5,0.003,0.07047986289631533,17.760925449871465
4668,0.052982797314428946,0.1059670383926712,0.4999931876749828,-0.3592599684801825,0.26049700085689803,0.01762840505693548,0.5932981429722344,0.2894228487350754,xind,1590,5,5,0.005,0.07047986289631533,17.760925449871465
4668,0.02634140913962175,0.10659874904968292,0.2471080512149791,-0.3930735276102648,0.2570694087403599,-0.008982617223038067,-0.29865502009967687,0.28917426339034247,xind,1590,5,5,0.008,0.07047986289631533,17.760925449871465
4668,0.008580483689750291,0.1072105173757858,0.08003397334306915,-0.41464521741065496,0.2547129391602399,-0.026723298743020433,-0.8797334532846166,0.28900853982718716,xind,1590,5,5,0.01,0.07047986289631533,17.760925449871465
4663,0.09490255780798337,0.1069777443762817,0.8871243113350262,-0.243004672353053,0.2706412180999357,0.05879465781769206,2.1247592281359102,0.29601894603664125,xind,1590,5,10,0.0,0.039245121166630925,9.889770533990994
4663,0.08006790200699689,0.10708464938791838,0.7477066270903848,-0.2632576305288742,0.26978340124383443,0.04392592281689481,1.5783685988483243,0.2962983333400421,xind,1590,5,10,0.003,0.039245121166630925,9.889770533990994
4663,0.07017813147300589,0.10726666570509079,0.6542398890811734,-0.27647411299572,0.26849667595968263,0.034013432816363307,1.2164351793917587,0.2964845915423092,xind,1590,5,10,0.005,0.039245121166630925,9.889770533990994
4663,0.055343475672019415,0.10770468671164798,0.5138446372365165,-0.29587969162678374,0.26635213381942957,0.01914469781556608,0.6789635943752753,0.29676397884571004,xind,1590,5,10,0.008,0.039245121166630925,9.889770533990994
4663,0.045453705138028405,0.10810565847164832,0.4204562997037667,-0.3085425170196582,0.26527986274930304,0.009232207815034572,0.32532201500439284,0.29695023704797724,xind,1590,5,10,0.01,0.039245121166630925,9.889770533990994
4653,0.11489362372840652,0.11251335704765884,1.0211554142832966,-0.26629157577198825,0.2647754137115839,0.07531009046210112,2.5934008014391687,0.3270515677404326,xind,1590,5,20,0.0,0.018697614442295292,4.711798839458414
4653,0.10782592546921889,0.11249355690977825,0.9585075663995328,-0.2684879307983332,0.26434558349451964,0.06825179521581579,2.354409061271659,0.32697387709845566,xind,1590,5,20,0.003,0.018697614442295292,4.711798839458414
4653,0.1031141266297605,0.11253173760171535,0.9163115119995153,-0.2699503384183167,0.26413066838598753,0.06354626505162558,2.1939194812287703,0.3269220833371377,xind,1590,5,20,0.005,0.018697614442295292,4.711798839458414
4653,0.09604642837057287,0.1126659753427145,0.852488322924581,-0.27218921221356396,0.26305609284332687,0.05648796980534025,1.9517415130008802,0.32684439269516075,xind,1590,5,20,0.008,0.018697614442295292,4.711798839458414
4653,0.09133462953111446,0.11280663583390148,0.8096565317806057,-0.27437967810830466,0.26284117773479476,0.05178243964115001,1.7895057428422185,0.32679259893384277,xind,1590,5,20,0.01,0.018697614442295292,4.711798839458414
4672,0.15320402942357983,0.09980432272662856,1.5350440265319674,-0.2334351699582523,0.2823202054794521,0.12234376112679413,4.716426993902313,0.25675286678401443,xind,1590,10,1,0.0,0.16545376712328766,41.69434931506849
4672,0.0906625054509771,0.10008554706588779,0.9058501263053759,-0.2728564677740096,0.2788955479452055,0.05972086760097211,2.2809980692422402,0.257429849429047,xind,1590,10,1,0.003,0.16545376712328766,41.69434931506849
4672,0.0489681561359086,0.10070551594250544,0.4862509831523567,-0.3011530205097054,0.2720462328767123,0.017972271917090842,0.6725652286065122,0.257881171192402,xind,1590,10,1,0.005,0.16545376712328766,41.69434931506849
4672,-0.013573367836694135,0.10226846862055648,-0.13272290100534292,-0.44649752951350485,0.2647688356164384,-0.04465062160873113,-1.591453152378322,0.2585581538374346,xind,1590,10,1,0.008,0.16545376712328766,41.69434931506849
4672,-0.05526771715176263,0.10371759947676318,-0.5328672995767202,-0.7288943269510393,0.2607020547945205,-0.08639921729261248,-2.9529481484155764,0.25900947560078963,xind,1590,10,1,0.01,0.16545376712328766,41.69434931506849
4668,0.08507290542189097,0.108386446064312,0.784903542011261,-0.3420359012773524,0.2707797772065124,0.047830650313916534,1.5608499186193756,0.304877523792925,xind,1590,10,5,0.0,0.05976863753213368,15.061696658097686
4668,0.062480360434744434,0.10843615908554222,0.5761948870344573,-0.3747668638488342,0.269280205655527,0.025298326703398284,0.8168638117250734,0.3043845315148633,xind,1590,10,5,0.003,0.05976863753213368,15.061696658097686
4668,0.04741866377664675,0.10863239765357088,0.4365057275810578,-0.3957035901052325,0.2679948586118252,0.010276777629719453,0.32902895138312105,0.3040558699961555,xind,1590,10,5,0.005,0.05976863753213368,15.061696658097686
4668,0.024826118789500213,0.10916964129924647,0.22740863205228445,-0.4258382820258615,0.2654241645244216,-0.012255545980798782,-0.3866586246849457,0.3035628777180937,xind,1590,10,5,0.008,0.05976863753213368,15.061696658097686
4668,0.009764422131402536,0.10968787705997593,0.08902006669400189,-0.46325083040589854,0.26306769494430166,-0.027277095054477604,-0.8511471899714719,0.3032342161993858,xind,1590,10,5,0.01,0.05976863753213368,15.061696658097686
4663,0.09930469613234111,0.10836365558530753,0.9164022346419008,-0.29756377977800685,0.27686039030666953,0.062467367576903174,2.2564570988794728,0.3019989303370791,xind,1590,10,10,0.0,0.03581385374222604,9.025091143040962
4663,0.08576705941777968,0.108381084379724,0.7913471239804741,-0.31217649423765603,0.2760025734505683,0.04893129339890264,1.762155540186775,0.3019861203861812,xind,1590,10,10,0.003,0.03581385374222604,9.025091143040962
4663,0.07674196827473873,0.10849302828755422,0.7073446974983386,-0.32176093798506367,0.2751447565944671,0.03990724394690228,1.4330899194529663,0.301977580418916,xind,1590,10,10,0.005,0.03581385374222604,9.025091143040962
4663,0.06320433156017728,0.10881081193763742,0.5808644420041778,-0.3359053100841939,0.27364357709628995,0.026371169768901737,0.941829081137635,0.3019647704680181,xind,1590,10,10,0.008,0.03581385374222604,9.025091143040962
4663,0.054179240417136315,0.10912190065341537,0.49650198624395564,-0.34518218972764814,0.2725713060261634,0.017347120316901384,0.6167978888142895,0.3019562305007529,xind,1590,10,10,0.01,0.03581385374222604,9.025091143040962
4653,0.10242992629146089,0.11228506092884802,0.9122311146659834,-0.2689011707694694,0.2652052439286482,0.06263108635047568,2.2303121590355555,0.32883049902039846,xind,1590,10,20,0.0,0.019127444659359553,4.820116054158608
4653,0.09519975221022298,0.11225949073927102,0.8480329955471628,-0.27327491794079495,0.2647754137115839,0.05541980420821243,1.9773468714463303,0.32867440789488583,xind,1590,10,20,0.003,0.019127444659359553,4.820116054158608
4653,0.09037963615606436,0.1122950926631013,0.8048404788908637,-0.27617982706464383,0.26434558349451964,0.05061228278003692,1.8076084360285893,0.32857034714454403,xind,1590,10,20,0.005,0.019127444659359553,4.820116054158608
4653,0.08314946207482646,0.11242736859186567,0.7395838141215954,-0.2805683042350917,0.26348592306039115,0.04340100063777361,1.5516584177804202,0.32841425601903135,xind,1590,10,20,0.008,0.019127444659359553,4.820116054158608
4653,0.07832934602066784,0.11256799040144354,0.6958403160732216,-0.2841731977772729,0.26327100795185904,0.03859347920959806,1.3803091765688136,0.32831019526868954,xind,1590,10,20,0.01,0.019127444659359553,4.820116054158608
4672,0.1441977242168116,0.09999729330817769,1.4420162731046564,-0.18822184734009917,0.3000856164383562,0.11362780779616828,4.43841309780393,0.25433718212895123,xind,1590,20,1,0.0,0.10851883561643835,27.346746575342465
4672,0.1031776043537979,0.10008729326014038,1.0308761581315362,-0.23326965218910534,0.2981592465753425,0.0726416839927281,2.815446368349846,0.2540543399426513,xind,1590,20,1,0.003,0.10851883561643835,27.346746575342465
4672,0.07583085777845543,0.10045114316296548,0.7549028850317047,-0.2619392193406612,0.293236301369863,0.045317601457101335,1.7324896581256992,0.25386577848511804,xind,1590,20,1,0.005,0.10851883561643835,27.346746575342465
4672,0.03481073791544174,0.10144615434496616,0.34314497321473947,-0.3252635454929218,0.2889554794520548,0.004331477653661181,0.16037247227178666,0.2535829362988181,xind,1590,20,1,0.008,0.10851883561643835,27.346746575342465
4672,0.007463991340099274,0.1024021960976697,0.07288897723424047,-0.4125995215260213,0.285958904109589,-0.02299260488196559,-0.8278903216377261,0.25339437484128485,xind,1590,20,1,0.01,0.10851883561643835,27.346746575342465
4668,0.09954991049805771,0.1051671247352638,0.946587735936052,-0.21687892853066948,0.2907026563838903,0.06484129325294151,2.295850077143986,0.284136319062527,xind,1590,20,5,0.0,0.04477292202227935,11.282776349614396
4668,0.08262574597363613,0.10522705941911625,0.7852138644732077,-0.2292567558859988,0.2894173093401885,0.04792127945300718,1.682798557627073,0.28410233984725247,xind,1590,20,5,0.003,0.04477292202227935,11.282776349614396
4668,0.07134296962402173,0.10539492609682058,0.6769108558269952,-0.2497946051708414,0.2879177377892031,0.03664127025305093,1.2780921133610692,0.28407968703706954,xind,1590,20,5,0.005,0.04477292202227935,11.282776349614396
4668,0.054418805099600134,0.10583737419703275,0.5141738021418697,-0.27961636658325195,0.28641816623821764,0.019721256453116603,0.6798608107088565,0.28404570782179495,xind,1590,20,5,0.008,0.04477292202227935,11.282776349614396
4668,0.04313602874998573,0.10625820346646483,0.4059548095371244,-0.298859770997291,0.28513281919451583,0.008441247253160374,0.2884186183205807,0.2840230550116119,xind,1590,20,5,0.01,0.04477292202227935,11.282776349614396
4663,0.1038404010274278,0.1084377368225468,0.9576039123479465,-0.3283090276724371,0.3004503538494531,0.06678204306265341,2.3925437630717648,0.3038109685008175,xind,1590,20,10,0.0,0.028522410465365643,7.187647437272142
4663,0.09305892987151956,0.10845300233282901,0.8580576643321784,-0.34426022406200596,0.29980699120737725,0.05600263979948137,1.9992619968497956,0.30379401555067564,xind,1590,20,10,0.003,0.028522410465365643,7.187647437272142
4663,0.08587128243424741,0.10854363801717859,0.7911222067262668,-0.3546963060747703,0.2991636285653013,0.04881637095736663,1.737543569131341,0.30378271358391445,xind,1590,20,10,0.005,0.028522410465365643,7.187647437272142
4663,0.07508981127833919,0.10879987740431812,0.6901644842787202,-0.3700588642424576,0.2985202659232254,0.03803696769419451,1.3466400509095406,0.30376576063377264,xind,1590,20,10,0.008,0.028522410465365643,7.187647437272142
4663,0.06790216384106708,0.1090504545754645,0.6226674075354522,-0.38010935444320026,0.2976624490671242,0.030850698852079785,1.0876989395042849,0.3037544586670114,xind,1590,20,10,0.01,0.028522410465365643,7.187647437272142
4653,0.10040135696935198,0.11381934164367195,0.8821115595947926,-0.2614408341020963,0.2974425102084677,0.05947159091318808,2.125692556825898,0.3381745653138098,xind,1590,20,20,0.0,0.017837954008166772,4.495164410058027
4653,0.09365861035426495,0.11380972014269929,0.8229403449620293,-0.2680754421607314,0.29679776488287124,0.05274391261260756,1.8786753545138635,0.33805006617298267,xind,1590,20,20,0.003,0.017837954008166772,4.495164410058027
4653,0.08916344594420693,0.11385179898641484,0.7831535973783444,-0.2724708619591977,0.296367934665807,0.04825879374555386,1.7144068704973212,0.33796706674576454,xind,1590,20,20,0.005,0.017837954008166772,4.495164410058027
4653,0.0824206993291199,0.11398754961017828,0.7230675596675895,-0.27907028687022206,0.29572318934021063,0.04153111544497333,1.4689294077393862,0.3378425676049374,xind,1590,20,20,0.008,0.017837954008166772,4.495164410058027
4653,0.07792553491906186,0.11412633720678071,0.6828006297781366,-0.28413251648055726,0.29550827423167847,0.03704599657791961,1.3060701239429784,0.33775956817771924,xind,1590,20,20,0.01,0.017837954008166772,4.495164410058027
4672,0.1690393590040923,0.1077862827314837,1.5682826675190364,-0.23340199962427322,0.2679794520547945,0.1321916283109335,5.24921944437123,0.306567668141085,xind,2049,1,1,0.0,0.4552654109589041,114.72688356164383
4672,-0.003050966338373454,0.10823082090152059,-0.02818944098326237,-0.5066878854931869,0.2557791095890411,-0.039699265150012604,-1.4697214264701381,0.30490842439064664,xind,2049,1,1,0.003,0.4552654109589041,114.72688356164383
4672,-0.11777784990001729,0.10924377264410584,-1.078119576515485,-0.931059716522435,0.2403681506849315,-0.15429319412397668,-5.28051239958623,0.3038022618903542,xind,2049,1,1,0.005,0.4552654109589041,114.72688356164383
4672,-0.28986817524248304,0.11179914051132775,-2.592758530313683,-0.9968085231980696,0.22131849315068494,-0.3261840875849227,-9.699936592940375,0.3021430181399158,xind,2049,1,1,0.008,0.4552654109589041,114.72688356164383
4672,-0.4045950588041269,0.11415727963637519,-3.544189736238304,-0.999592746571814,0.20954623287671234,-0.4407780165588869,-11.88245064534144,0.30103685563962357,xind,2049,1,1,0.01,0.4552654109589041,114.72688356164383
4668,0.11414059994304564,0.1010725984849884,1.129293217488597,-0.1458800059814821,0.2506426735218509,0.08152860852855189,3.39084374286632,0.26697264060892,xind,2049,1,5,0.0,0.08868894601542417,22.34961439588689
4668,0.0806161783492153,0.10106069394287757,0.7977006213195201,-0.18719084577904432,0.24914310197086548,0.04808339714462969,1.9833670187136274,0.2663241994072289,xind,2049,1,5,0.003,0.08868894601542417,22.34961439588689
4668,0.05826656395332842,0.10130443817690299,0.5751629938619309,-0.22451207572299037,0.2455012853470437,0.02578658955534819,1.0545188441912954,0.26589190527276824,xind,2049,1,5,0.005,0.08868894601542417,22.34961439588689
4668,0.02474214235949808,0.1020439684694575,0.2424655051209968,-0.3219634115249945,0.24057412167952014,-0.007658621828574066,-0.3078193615779453,0.2652434640710772,xind,2049,1,5,0.008,0.08868894601542417,22.34961439588689
4668,0.0023925279636111928,0.10278207970791348,0.023277676131970557,-0.42834664807304856,0.2384318766066838,-0.02995542941785555,-1.1869969256063895,0.26481116993661635,xind,2049,1,5,0.01,0.08868894601542417,22.34961439588689
4663,0.09124851664775685,0.10636532938112123,0.8578783817873697,-0.24046701211160315,0.24726570877117734,0.05513437520887635,2.0995182711785945,0.29607011453532434,xind,2049,1,10,0.0,0.03988848380870684,10.051897919794124
4663,0.07617066976806566,0.10642020794622624,0.7157538144123384,-0.2532699126477771,0.24683680034312674,0.04002807898686719,1.5150539352425507,0.29630334727194624,xind,2049,1,10,0.003,0.03988848380870684,10.051897919794124
4663,0.06611877184827153,0.10657006194048145,0.6204253863078203,-0.2622232881101624,0.24576452927300022,0.029957214838861088,1.1284925547956632,0.2964588357630275,xind,2049,1,10,0.005,0.03988848380870684,10.051897919794124
4663,0.05104092496858034,0.10696379324366952,0.4771794587754219,-0.2754689660464139,0.24383444134677246,0.014850918616851911,0.554886306959367,0.2966920684996493,xind,2049,1,10,0.008,0.03988848380870684,10.051897919794124
4663,0.04098902704878622,0.10733795029328182,0.381868919024362,-0.28417792941949593,0.24211880763457003,0.004780054468845817,0.17751391317584134,0.29684755699073057,xind,2049,1,10,0.01,0.03988848380870684,10.051897919794124
4653,0.08574496705467849,0.11592487901104667,0.7396597502293508,-0.32004827848506134,0.24070492155598538,0.04239793451349061,1.3909727461239318,0.3581467792204054,xind,2049,1,20,0.0,0.02364066193853428,5.957446808510638
4653,0.07680879684191254,0.11594394704269202,0.6624649134433088,-0.32412486889725767,0.23963034601332472,0.033455698015748936,1.0953903395571478,0.35819690076964467,xind,2049,1,20,0.003,0.02364066193853428,5.957446808510638
4653,0.0708513500334019,0.11601935625216986,0.6106855986979053,-0.32683239349912196,0.23877068557919623,0.027494207017254472,0.8987414043132832,0.35823031513580417,xind,2049,1,20,0.005,0.02364066193853428,5.957446808510638
4653,0.06191517982063594,0.1162262717764066,0.5327124313145563,-0.33146539737459646,0.23812594025359982,0.018551970519512788,0.6047074294521152,0.3582804366850436,xind,2049,1,20,0.008,0.02364066193853428,5.957446808510638
4653,0.05595773301212531,0.11642649061194836,0.4806271555382827,-0.3354792430433041,0.23769611003653557,0.012590479521018329,0.4094994656672834,0.35831385105120306,xind,2049,1,20,0.01,0.02364066193853428,5.957446808510638
4672,0.19349342028164407,0.1073681629466565,1.8021489328990103,-0.20046344477758837,0.2973030821917808,0.1571452957227783,6.379659581568399,0.30241101901512824,xind,2049,3,1,0.0,0.2853167808219178,71.89982876712328
4672,0.08564367713095913,0.10765947688227111,0.7955052319696212,-0.3089426863989504,0.289597602739726,0.04945029243224276,1.9573587344552807,0.3011236062707856,xind,2049,3,1,0.003,0.2853167808219178,71.89982876712328
4672,0.013743848363835838,0.10844729057510197,0.1267329805193975,-0.46544640529485415,0.2808219178082192,-0.022346376428114257,-0.8528911083554583,0.3002653311078905,xind,2049,3,1,0.005,0.2853167808219178,71.89982876712328
4672,-0.0941058947868491,0.11049402652001203,-0.8516830977266014,-0.9010578798818722,0.2688356164383562,-0.13004137971864976,-4.598731323781273,0.29897791836354787,xind,2049,3,1,0.008,0.2853167808219178,71.89982876712328
4672,-0.16600572355397236,0.11241069689960477,-1.4767787064093545,-0.9724275824202468,0.2607020547945205,-0.20183804857900667,-6.719466297685327,0.2981196432006529,xind,2049,3,1,0.01,0.2853167808219178,71.89982876712328
4668,0.10933529492203725,0.10652048610317433,1.0264250466913618,-0.23025632735759705,0.2814910025706941,0.07309832730085473,2.9716943289670685,0.2966479050766432,xind,2049,3,5,0.0,0.08826049700085689,22.24164524421594
4668,0.07597282705571334,0.10652830972399371,0.7131703042369943,-0.26194244323545435,0.27977720651242505,0.03976764598188884,1.5904199558563163,0.2963876897964367,xind,2049,3,5,0.003,0.08826049700085689,22.24164524421594
4668,0.053731181811497414,0.10677124758341502,0.5032364332871538,-0.28236371570861307,0.27677806341045413,0.017547191769244914,0.692336850609909,0.2962142129429657,xind,2049,3,5,0.005,0.08826049700085689,22.24164524421594
4668,0.020368713945173495,0.10748901390899288,0.1894957745395168,-0.33381055831527207,0.2727077977720651,-0.015783489549720985,-0.6081271653355533,0.2959539976627592,xind,2049,3,5,0.008,0.08826049700085689,22.24164524421594
4668,-0.0018729312990424499,0.10819945151157141,-0.017309988848161113,-0.4500090721621577,0.2703513281919452,-0.03800394376236493,-1.438298927360252,0.2957805208092882,xind,2049,3,5,0.01,0.08826049700085689,22.24164524421594
4663,0.11794810539103652,0.11328172203914944,1.0411927296644945,-0.290817334925096,0.2920866395024662,0.07729627557815669,2.873520114144412,0.3332708858423008,xind,2049,3,10,0.0,0.044606476517263564,11.240832082350419
4663,0.10108685726751089,0.11335805432650571,0.8917483443774537,-0.30350771705908297,0.291228822646365,0.06038661374866082,2.2223435936013676,0.3336677899607594,xind,2049,3,10,0.003,0.044606476517263564,11.240832082350419
4663,0.08984602518516048,0.11352724815431811,0.791404941508248,-0.31185196028740836,0.2897276431481879,0.04911350586233023,1.7940488814824922,0.33393239270639846,xind,2049,3,10,0.005,0.044606476517263564,11.240832082350419
4663,0.07298477706163486,0.11395744345745716,0.640456426954521,-0.324196622696006,0.2880120094359854,0.032203844032834376,1.1621001936753796,0.334329296824857,xind,2049,3,10,0.008,0.044606476517263564,11.240832082350419
4663,0.061743944979284426,0.11436081112447713,0.5399047485950291,-0.3323132644951088,0.28608192150975764,0.02093073614650382,0.7487069399493131,0.33459389957049607,xind,2049,3,10,0.01,0.044606476517263564,11.240832082350419
4653,0.09472346386907905,0.12619607437230507,0.7506054712100223,-0.3886416432350609,0.28089404685149366,0.043415608915068855,1.3423537763365776,0.4239215910114731,xind,2049,3,20,0.0,0.02256608639587363,5.686653771760155
4653,0.0861934832114388,0.12618119324801896,0.6830929474729155,-0.39415293488367964,0.28003438641736517,0.034904525574167705,1.075576497768445,0.42376545545318384,xind,2049,3,20,0.003,0.02256608639587363,5.686653771760155
4653,0.08050682943967867,0.12622633863631094,0.6377973908570589,-0.39874870889991776,0.2791747259832366,0.029230470013566885,0.8985231246781097,0.423661365080991,xind,2049,3,20,0.005,0.02256608639587363,5.686653771760155
4653,0.07197684878203843,0.12637653789813721,0.5695428121322144,-0.40777019804638637,0.2783150655491081,0.020719386672665728,0.634360757452507,0.42350522952270186,xind,2049,3,20,0.008,0.02256608639587363,5.686653771760155
4653,0.06629019501027827,0.12653150588900297,0.5239026797675981,-0.41371665019734694,0.27810015044057596,0.015045331112064948,0.45932164670077463,0.4234011391505091,xind,2049,3,20,0.01,0.02256608639587363,5.686653771760155
4672,0.18227535928661434,0.10567091406475461,1.7249340644003224,-0.24505209991516097,0.3007277397260274,0.14734278780021565,5.661264350176362,0.2906338268680758,xind,2049,5,1,0.0,0.22966609589041095,57.87585616438356
4672,0.09546157504003902,0.1057727838060336,0.9025154827644198,-0.3321329845302069,0.2938784246575342,0.06064668760772452,2.278642517830403,0.2896547129481871,xind,2049,5,1,0.003,0.22966609589041095,57.87585616438356
4672,0.03758571887565546,0.10636599457303293,0.35336217206005993,-0.4133368789670584,0.2866010273972603,0.0028492874793971217,0.10397008083166133,0.2890019703349279,xind,2049,5,1,0.005,0.22966609589041095,57.87585616438356
4672,-0.049228065370919886,0.10802645096924614,-0.45570381077255373,-0.7775162427594309,0.2761130136986301,-0.08384681271309401,-2.879316957002271,0.2880228564150391,xind,2049,5,1,0.008,0.22966609589041095,57.87585616438356
4672,-0.10710392153530343,0.10962902677475075,-0.9769668187911993,-0.9202213253687495,0.2699058219178082,-0.1416442128414214,-4.633167044402295,0.2873701138017799,xind,2049,5,1,0.01,0.22966609589041095,57.87585616438356
4668,0.09798702085357157,0.10803945157960963,0.9069559260153144,-0.2461013731539271,0.2859897172236504,0.06092884605664959,2.30950956648195,0.3033705809601134,xind,2049,5,5,0.0,0.0805484147386461,20.298200514138816
4668,0.06753972008236334,0.10805144810083293,0.6250700131231532,-0.2735738119500194,0.28406169665809766,0.030480454328744064,1.1357155660867122,0.30337951189556495,xind,2049,5,5,0.003,0.0805484147386461,20.298200514138816
4668,0.04724151956822452,0.10827516655155511,0.4363098305254559,-0.29225358203898255,0.28213367609254497,0.010181526510140334,0.3744283888407099,0.3033854658525327,xind,2049,5,5,0.005,0.0805484147386461,20.298200514138816
4668,0.016794218797016293,0.10893166719527818,0.15417205326445485,-0.3293385595484727,0.2787060839760069,-0.020266865217765197,-0.7291750272474702,0.30339439678798424,xind,2049,5,5,0.008,0.0805484147386461,20.298200514138816
4668,-0.0035039817171225217,0.10958029216559559,-0.03197638597118699,-0.4922214763003214,0.27613538988860326,-0.04056579303636891,-1.4364380979535813,0.3034003507449519,xind,2049,5,5,0.01,0.0805484147386461,20.298200514138816
4663,0.10934132281049337,0.11629597027810074,0.9401987235587219,-0.2993060683502524,0.29680463221102293,0.06651291445683405,2.385459266759301,0.35111486142051923,xind,2049,5,10,0.0,0.044606476517263564,11.240832082350419
4663,0.09248007468696774,0.116398086201677,0.7945154229317161,-0.31183561184862707,0.29594681535492173,0.04959713040067107,1.760586780979109,0.3515619566352722,xind,2049,5,10,0.003,0.044606476517263564,11.240832082350419
4663,0.08123924260461732,0.11658134479773752,0.6968459897727474,-0.320074181630018,0.2946600900707699,0.03831994102989574,1.3501375743905315,0.3518600201117742,xind,2049,5,10,0.005,0.044606476517263564,11.240832082350419
4663,0.06437799448109167,0.11702792246583131,0.550107983843669,-0.3322626297226696,0.2933733647866181,0.02140415697373275,0.7450728055827127,0.3523071153265272,xind,2049,5,10,0.008,0.044606476517263564,11.240832082350419
4663,0.05313716239874128,0.1174390851845851,0.45246573843131405,-0.34027664041583516,0.291228822646365,0.010126967602957438,0.3494937780608342,0.3526051788030292,xind,2049,5,10,0.01,0.044606476517263564,11.240832082350419
4653,0.0955763732548299,0.12039672149659798,0.7938453146129115,-0.43802517973333355,0.2828282828282828,0.04925631124171573,1.578825312090407,0.38271088124713565,xind,2049,5,20,0.0,0.021706425961745112,5.470019342359768
4653,0.08737134424129024,0.1203839143931347,0.7257725808446788,-0.44641494331203646,0.28175370728562216,0.04106293802961835,1.3107812271485304,0.3826145773596246,xind,2049,5,20,0.003,0.021706425961745112,5.470019342359768
4653,0.08190132489893048,0.1204309434101782,0.6800687811601799,-0.45194531599390586,0.28110896196002577,0.03560068922155341,1.1330213479204025,0.38255037476795056,xind,2049,5,20,0.005,0.021706425961745112,5.470019342359768
4653,0.07369629588539083,0.12058470753514822,0.6111578938308552,-0.46014767397183465,0.2802493015258973,0.027407316009456072,0.8680416212822591,0.38245407088043964,xind,2049,5,20,0.008,0.021706425961745112,5.470019342359768
4653,0.06822627654303105,0.12074253249310085,0.5650558683364494,-0.46555435885116714,0.2802493015258973,0.021945067201391142,0.6926380270640814,0.3823898682887657,xind,2049,5,20,0.01,0.021706425961745112,5.470019342359768
4672,0.16687771237116594,0.10582499721706161,1.5769214907596627,-0.24888138129519843,0.3080051369863014,0.1320588089222186,4.937724847661188,0.2896881256124449,xind,2049,10,1,0.0,0.15946061643835616,40.18407534246575
4672,0.10660159935746727,0.10577798971042245,1.0077862100546582,-0.31529646288813906,0.3037243150684932,0.07179994180266468,2.607351526367443,0.28954464232450594,xind,2049,10,1,0.003,0.15946061643835616,40.18407534246575
4672,0.06641752401500153,0.10614523373074879,0.6257230935444377,-0.3615018397431359,0.2979452054794521,0.031627363722962085,1.1175268857868317,0.2894489867992134,xind,2049,10,1,0.005,0.15946061643835616,40.18407534246575
4672,0.006141411001302887,0.10728578741985964,0.05724347230885917,-0.4595619396702033,0.2902397260273973,-0.028631503396591887,-0.9619665916750354,0.2893055035112744,xind,2049,10,1,0.008,0.15946061643835616,40.18407534246575
4672,-0.034042664341162876,0.10842963323640337,-0.3139608917328113,-0.6895535302429953,0.2861729452054795,-0.06880408147629445,-2.2247795591481827,0.28920984798598176,xind,2049,10,1,0.01,0.15946061643835616,40.18407534246575
4668,0.10509134115691639,0.11179993694891485,0.9399946370715412,-0.2827543253274014,0.30848329048843187,0.0656462035030651,2.3389388449344946,0.3229110551633109,xind,2049,10,5,0.0,0.062339331619537273,15.709511568123393
4668,0.0815270738047313,0.11182305827571531,0.7290721168054174,-0.3019065401240999,0.30698371893744647,0.042041151277372235,1.469087018024656,0.32324493374309143,xind,2049,10,5,0.003,0.062339331619537273,15.709511568123393
4668,0.06581756223660791,0.11200302095972645,0.5876409553298951,-0.32122136749320795,0.305484147386461,0.02630444979357695,0.9064883611259366,0.32346751946294505,xind,2049,10,5,0.005,0.062339331619537273,15.709511568123393
4668,0.04225329488442282,0.11251820861382805,0.3755240632157564,-0.35350788486289564,0.30312767780634103,0.0026993975678840498,0.09098987245194923,0.3238013980427255,xind,2049,10,5,0.008,0.062339331619537273,15.709511568123393
4668,0.026543783316299432,0.11302342389275202,0.2348520545748715,-0.37894838491094207,0.30119965724078834,-0.013037303915911245,-0.43270136987842234,0.32402398376257924,xind,2049,10,5,0.01,0.062339331619537273,15.709511568123393
4663,0.09466575512138384,0.11632784974595278,0.8137841052518673,-0.3387872781782024,0.306669526056187,0.052062803666679536,1.942030488170732,0.3492665259143476,xind,2049,10,10,0.0,0.0383873043105297,9.673600686253485
4663,0.08015535409200361,0.11637844497978049,0.688747423166977,-0.3537030964441419,0.30581170920008577,0.037528956624760634,1.386261532211594,0.3494587404691218,xind,2049,10,10,0.003,0.0383873043105297,9.673600686253485
4663,0.07048175340575012,0.11651202644762083,0.6049311436312192,-0.3640214563083579,0.30516834655800984,0.027839725263481337,1.021011935108919,0.3495868835056379,xind,2049,10,10,0.005,0.0383873043105297,9.673600686253485
4663,0.05597135237636988,0.11686149079399166,0.47895463249770226,-0.3792098096469212,0.30345271284580744,0.013305878221562423,0.4823315894246411,0.34977909806041213,xind,2049,10,10,0.008,0.0383873043105297,9.673600686253485
4663,0.04629775169011641,0.1171931702125129,0.3950550326965481,-0.38914573302192135,0.3019515333476303,0.003616646860283152,0.13001232821902442,0.3499072410969283,xind,2049,10,10,0.01,0.0383873043105297,9.673600686253485
4653,0.09991045650974859,0.11815096890550998,0.8456169038245547,-0.4566126644977536,0.29959166129378895,0.05594418674135806,1.841428619900969,0.36326311142342876,xind,2049,10,20,0.0,0.020846765527616593,5.2533849129593815
4653,0.09203037914030951,0.11815450683645429,0.7788985930743636,-0.4695546479335905,0.29873200085966045,0.04808726216051548,1.5727301676893708,0.3630718158218686,xind,2049,10,20,0.003,0.020846765527616593,5.2533849129593815
4653,0.08677699422735011,0.11821128235976983,0.7340838581147348,-0.4780214788786338,0.2983021706425962,0.04284931243995379,1.3951265337757957,0.3629442854208285,xind,2049,10,20,0.005,0.020846765527616593,5.2533849129593815
4653,0.07889691685791106,0.11837791440472673,0.666483416730653,-0.4904844838572079,0.2974425102084677,0.03499238785911125,1.1312580993876549,0.36275298981926846,xind,2049,10,20,0.008,0.020846765527616593,5.2533849129593815
4653,0.07364353194495167,0.11854313680259775,0.6212382591797406,-0.49863757275909915,0.2974425102084677,0.029754438138549527,0.9571698174749196,0.3626254594182283,xind,2049,10,20,0.01,0.020846765527616593,5.2533849129593815
4672,0.13691616451396055,0.10951949017099513,1.2501534137913755,-0.3461432061993598,0.3122859589041096,0.09953961493268605,3.5764609252957564,0.31096736305713213,xind,2049,20,1,0.0,0.11065924657534247,27.886130136986303
4672,0.09508696930848111,0.10959847281551992,0.8675939259531008,-0.3842701256600176,0.3075770547945205,0.05762263207231601,2.0217772519893225,0.31169774335858136,xind,2049,20,1,0.003,0.11065924657534247,27.886130136986303
4672,0.06720083917149482,0.1099335111530928,0.6112862080599909,-0.4184306928971886,0.3028681506849315,0.029677976832069315,1.0197446176360574,0.31218466355954755,xind,2049,20,1,0.005,0.11065924657534247,27.886130136986303
4672,0.02537164396601534,0.11085452291686786,0.2288733314475772,-0.4789674204984846,0.2975171232876712,-0.012239006028300718,-0.4049614789612228,0.3129150438609968,xind,2049,20,1,0.008,0.11065924657534247,27.886130136986303
4672,-0.002514486170970956,0.1117421352448532,-0.022502578507750257,-0.5158270761393473,0.2947345890410959,-0.040183661268547465,-1.2920540784925885,0.313401964061963,xind,2049,20,1,0.01,0.11065924657534247,27.886130136986303
4668,0.09641441843255333,0.11418921751518303,0.8443390762331279,-0.3573293223233125,0.31469580119965723,0.05518331243625979,1.8797450762728087,0.337531587787818,xind,2049,20,5,0.0,0.04691516709511568,11.822622107969151
4668,0.0786804852705996,0.1141970405221343,0.688988829402714,-0.37633654920226656,0.31362467866323906,0.037431577806152576,1.2542091645474736,0.33767731654443567,xind,2049,20,5,0.003,0.04691516709511568,11.822622107969151
4668,0.06685786316263045,0.11432554883338386,0.5848024684322136,-0.38871001714721165,0.3125535561268209,0.02559708805274775,0.8476074948576487,0.33777446904884734,xind,2049,20,5,0.005,0.04691516709511568,11.822622107969151
4668,0.04912393000067673,0.1147024219661102,0.42827282247964055,-0.4068338155418577,0.31041131105398456,0.00784535342264052,0.2549458619052481,0.33792019780546506,xind,2049,20,5,0.008,0.04691516709511568,11.822622107969151
4668,0.03730130789270757,0.11507547322504202,0.32414646533550207,-0.41863147730495687,0.3086975149957155,-0.0039891363307643255,-0.12793275373914287,0.33801735030987673,xind,2049,20,5,0.01,0.04691516709511568,11.822622107969151
4663,0.11370596596807189,0.11692011521198542,0.9725098693403953,-0.3792901851389603,0.31653441990135106,0.07074688817571574,2.4753264458640616,0.3521861125742183,xind,2049,20,10,0.0,0.03023804417756809,7.619987132747159
4663,0.10227598526895117,0.11689817416164029,0.8749151644364406,-0.3932923277003485,0.31589105725927513,0.059311802676174,2.0560995188701403,0.35222796263032063,xind,2049,20,10,0.003,0.03023804417756809,7.619987132747159
4663,0.09465599813620401,0.11696256184414373,0.8092845834065783,-0.4029786314111128,0.31567660304524986,0.051688412343146244,1.7799849076844239,0.3522558626677223,xind,2049,20,10,0.005,0.03023804417756809,7.619987132747159
4663,0.08322601743708326,0.11717740543493788,0.7102565304989115,-0.4172366147766611,0.314389877761098,0.04025332684360455,1.3715890225046674,0.3522977127238247,xind,2049,20,10,0.008,0.03023804417756809,7.619987132747159
4663,0.0756060303043361,0.11739913921633065,0.6440083871911305,-0.426563908331412,0.31310315247694614,0.032629936510576794,1.103554264833942,0.35232561276122626,xind,2049,20,10,0.01,0.03023804417756809,7.619987132747159
4653,0.12564243085934082,0.11627250497703542,1.0805859122425894,-0.4329043412036856,0.3122716526971846,0.08324867722187479,2.6639085381259577,0.350270489909428,xind,2049,20,20,0.0,0.016978293574038256,4.27852998065764
4653,0.11922463588835436,0.11628073742077015,1.0253171637270542,-0.44306526659855794,0.3114119922630561,0.07683677414098852,2.444692650277319,0.3502218092653516,xind,2049,20,20,0.003,0.016978293574038256,4.27852998065764
4653,0.11494610590769673,0.11633143683446587,0.9880915170957582,-0.44974620848604774,0.31098216204599183,0.07256217208706436,2.2995005588104243,0.350189355502634,xind,2049,20,20,0.005,0.016978293574038256,4.27852998065764
4653,0.10852831093671027,0.11647518455468381,0.9317719594233177,-0.4596299670201657,0.31033741672039544,0.0661502690061781,2.0832900772448224,0.35014067485855777,xind,2049,20,20,0.008,0.016978293574038256,4.27852998065764
4653,0.10424978095605261,0.1166160189580725,0.8939576388174771,-0.466128441628498,0.31012250161186333,0.06187566695225391,1.9402841249750389,0.35010822109584017,xind,2049,20,20,0.01,0.016978293574038256,4.27852998065764
4672,0.16120188099971633,0.10335489185651155,1.559692803157438,-0.16240098694043048,0.2602739726027397,0.12770750159913408,5.532413029222497,0.2786682814791558,xind,0.5·P_lead+0.5·1590,1,1,0.0,0.4064640410958904,102.42893835616438
4672,0.007558473465469741,0.10389294956630916,0.07275251590239608,-0.2931247736858341,0.24871575342465754,-0.02579942350015956,-1.0985622183486794,0.2775327678114574,xind,0.5·P_lead+0.5·1590,1,1,0.003,0.4064640410958904,102.42893835616438
4672,-0.09487046489069464,0.10497669512597865,-0.903728820733441,-0.8609530448499475,0.23544520547945205,-0.12813737356635532,-5.024489119489042,0.27677575869965854,xind,0.5·P_lead+0.5·1590,1,1,0.005,0.4064640410958904,102.42893835616438
4672,-0.24851387242494125,0.1076460861834337,-2.3086196743043925,-0.9919198058654546,0.21939212328767124,-0.2816442986656488,-9.244210216078914,0.2756402450319601,xind,0.5·P_lead+0.5·1590,1,1,0.008,0.4064640410958904,102.42893835616438
4672,-0.35094281078110556,0.11008216380811946,-3.1880079264504855,-0.9987906232749937,0.2093321917808219,-0.38398224873184456,-11.0851678207545,0.27488323592016134,xind,0.5·P_lead+0.5·1590,1,1,0.01,0.4064640410958904,102.42893835616438
4668,0.10925495818901489,0.10330688954613575,1.0575766889218243,-0.19842892066602502,0.26306769494430166,0.07539579111591423,2.8359767837170033,0.27718243659008446,xind,0.5·P_lead+0.5·1590,1,5,0.0,0.07626392459297343,19.218508997429304
4668,0.08042719469287095,0.10336272421257094,0.7781063754421579,-0.205738866948322,0.2619965724078835,0.04659275642101006,1.7507847231479716,0.2769799983739645,xind,0.5·P_lead+0.5·1590,1,5,0.003,0.07626392459297343,19.218508997429304
4668,0.061208685695441634,0.10361436786259376,0.5907355027886902,-0.223068610398498,0.2602827763496144,0.027390733291073895,1.0257206928800708,0.2768450395632178,xind,0.5·P_lead+0.5·1590,1,5,0.005,0.07626392459297343,19.218508997429304
4668,0.032380922199297675,0.10431036051793274,0.3104286289350025,-0.2786255261971212,0.25728363324764353,-0.0014123014038303248,-0.052405379891199665,0.2766426013470978,xind,0.5·P_lead+0.5·1590,1,5,0.008,0.07626392459297343,19.218508997429304
4668,0.013162413201868372,0.10498342227330529,0.12537611097876405,-0.35406332124933826,0.25535561268209084,-0.020614324533766482,-0.7583206988519198,0.2765076425363511,xind,0.5·P_lead+0.5·1590,1,5,0.01,0.07626392459297343,19.218508997429304
4663,0.10000109171539615,0.10409077812073476,0.9607103868452689,-0.22862537246686143,0.26849667595968263,0.0659217722003261,2.538604531483347,0.2793882847578913,xind,0.5·P_lead+0.5·1590,1,10,0.0,0.03602830795625134,9.079133604975336
4663,0.08638239130793315,0.10410469756862628,0.8297645862809361,-0.2376759501957516,0.268067767531632,0.05229808613502802,2.0042451239559,0.27942915806201707,xind,0.5·P_lead+0.5·1590,1,10,0.003,0.03602830795625134,9.079133604975336
4663,0.0773032577029578,0.10421902319623245,0.7417384593732438,-0.24784072296459136,0.26678104224748017,0.043215628758162615,1.649253103343748,0.2794564069314343,xind,0.5·P_lead+0.5·1590,1,10,0.005,0.03602830795625134,9.079133604975336
4663,0.0636845572954948,0.10454739140823562,0.6091453496608057,-0.26571711809618204,0.2646365001072271,0.02959194269286449,1.1206921280133524,0.2794972802355601,xind,0.5·P_lead+0.5·1590,1,10,0.008,0.03602830795625134,9.079133604975336
4663,0.054605423690519454,0.104870125945691,0.5206957004971837,-0.277412586510446,0.2637786832511259,0.02050948531599909,0.7720685514078038,0.27952452910497727,xind,0.5·P_lead+0.5·1590,1,10,0.01,0.03602830795625134,9.079133604975336
4653,0.10642216315071988,0.1109859634397799,0.9588794821650012,-0.40334307878400477,0.2755211691381904,0.06778162534390653,2.3039502994433265,0.31926024347121945,xind,0.5·P_lead+0.5·1590,1,20,0.0,0.02041693531055233,5.145067698259187
4653,0.0987045616033311,0.11098552345029712,0.8893462726923496,-0.4105098267347913,0.27509133892112614,0.06006843523123954,2.039807058973114,0.3192237948138436,xind,0.5·P_lead+0.5·1590,1,20,0.003,0.02041693531055233,5.145067698259187
4653,0.09355949390507191,0.11104199235847775,0.8425595751473286,-0.41524570779201186,0.27487642381259403,0.05492630848946154,1.8633598764639474,0.3191994957089264,xind,0.5·P_lead+0.5·1590,1,20,0.005,0.02041693531055233,5.145067698259187
4653,0.08584189235768315,0.11121166614286156,0.7718784848292031,-0.4222871085446762,0.27358693316140126,0.04721311837679455,1.598526255761646,0.3191630470515506,xind,0.5·P_lead+0.5·1590,1,20,0.008,0.02041693531055233,5.145067698259187
4653,0.08069682465942393,0.11138122759532804,0.7245101028389889,-0.4269400548640637,0.273157102944337,0.04207099163501655,1.422073283905706,0.3191387479466334,xind,0.5·P_lead+0.5·1590,1,20,0.01,0.02041693531055233,5.145067698259187
4672,0.1766153017192611,0.10066487376943209,1.7544878874411518,-0.154494430895304,0.2795376712328767,0.1452000803575116,6.194003615221699,0.2613699941851674,xind,0.5·P_lead+0.5·1590,3,1,0.0,0.2647688356164384,66.72174657534248
4672,0.07653268185624736,0.10120338670947421,0.756226489494375,-0.22458239508184574,0.2711900684931507,0.04507506002226881,1.9366909997155441,0.2617227598414191,xind,0.5·P_lead+0.5·1590,3,1,0.003,0.2647688356164384,66.72174657534248
4672,0.009810935280904907,0.1021629284651049,0.09603224406645668,-0.3023764887271012,0.2617722602739726,-0.021674953534559695,-0.9025740158488122,0.2619579369455867,xind,0.5·P_lead+0.5·1590,3,1,0.005,0.2647688356164384,66.72174657534248
4672,-0.0902716845821088,0.10446995116018162,-0.8640923402337682,-0.8556932533346202,0.24871575342465754,-0.12179997386980247,-4.638299625557738,0.2623107026018383,xind,0.5·P_lead+0.5·1590,3,1,0.008,0.2647688356164384,66.72174657534248
4672,-0.15699343115745126,0.10655722037840244,-1.4733251355463424,-0.957697350070947,0.2420804794520548,-0.18854998742663096,-6.645321372220388,0.26254587970600607,xind,0.5·P_lead+0.5·1590,3,1,0.01,0.2647688356164384,66.72174657534248
4668,0.11619998370483005,0.1057059793751522,1.0992754089381684,-0.2027945126103523,0.2776349614395887,0.08097199691445439,2.9482620854694814,0.2883880514142085,xind,0.5·P_lead+0.5·1590,3,5,0.0,0.07519280205655526,18.948586118251928
4668,0.08777710452745216,0.10570193125779943,0.8304210101267695,-0.2359892964956446,0.27613538988860326,0.052608166248298956,1.8989332715769158,0.2879046606036101,xind,0.5·P_lead+0.5·1590,3,5,0.003,0.07519280205655526,18.948586118251928
4668,0.06882851840920022,0.10590631045770392,0.649900068388167,-0.2615911651395565,0.2737789203084833,0.0336989458041953,1.2062604016264873,0.2875824000632112,xind,0.5·P_lead+0.5·1590,3,5,0.005,0.07519280205655526,18.948586118251928
4668,0.040405639231822325,0.10652111231206766,0.37932047792975226,-0.307369535183342,0.2705655526992288,0.005335115138039868,0.18791359826710585,0.28709900925261284,xind,0.5·P_lead+0.5·1590,3,5,0.008,0.07519280205655526,18.948586118251928
4668,0.021457053113570407,0.10713371742662169,0.2002829139973308,-0.37490886295218095,0.2679948586118252,-0.01357410530606379,-0.471942118196275,0.28677674871221387,xind,0.5·P_lead+0.5·1590,3,5,0.01,0.07519280205655526,18.948586118251928
4663,0.1168264341396699,0.10890069732106902,1.0727794863905569,-0.26161801807888574,0.296161269568947,0.07972101662204434,2.8475210659019283,0.3041967710326655,xind,0.5·P_lead+0.5·1590,3,10,0.0,0.03366931160197298,8.484666523697191
4663,0.10409943435412408,0.1089682910584504,0.9553185917019229,-0.2726094723802932,0.29551790692687113,0.0669641382875037,2.371461842292441,0.3044417206582306,xind,0.5·P_lead+0.5·1590,3,10,0.003,0.03366931160197298,8.484666523697191
4663,0.09561476783042688,0.10910732356939488,0.8763368461660926,-0.279855069217405,0.29401672742869395,0.05845955273114326,2.056927548083899,0.30460502040860726,xind,0.5·P_lead+0.5·1590,3,10,0.005,0.03366931160197298,8.484666523697191
4663,0.08288776804488111,0.1094561111958805,0.7572694401370318,-0.2906017124942205,0.2920866395024662,0.04570267439660265,1.5908177769333696,0.30484997003417236,xind,0.5·P_lead+0.5·1590,3,10,0.008,0.03366931160197298,8.484666523697191
4663,0.07440310152118393,0.1097814357714694,0.6777384627767842,-0.2976857291605467,0.291228822646365,0.037198088840242206,1.2846351856619618,0.30501326978454907,xind,0.5·P_lead+0.5·1590,3,10,0.01,0.03366931160197298,8.484666523697191
4653,0.12791279892182875,0.11052207001559476,1.1573507345978966,-0.26629157577198825,0.2903503116269074,0.08990366448218147,3.048351146176485,0.31404339080374805,xind,0.5·P_lead+0.5·1590,3,20,0.0,0.016978293574038256,4.27852998065764
4653,0.12149500395084227,0.11050811780326353,1.0994215299833319,-0.2684879307983332,0.2901353965183752,0.0834836114400259,2.830442296209906,0.31406204769602075,xind,0.5·P_lead+0.5·1590,3,20,0.003,0.016978293574038256,4.27852998065764
4653,0.11721647397018464,0.1105463937609134,1.0603373839918933,-0.2699503384183167,0.2899204814098431,0.0792035760785889,2.684498517608724,0.31407448562420254,xind,0.5·P_lead+0.5·1590,3,20,0.005,0.016978293574038256,4.27852998065764
4653,0.11079867899919818,0.11067507512093142,1.0011168176586436,-0.27218921221356396,0.28841607565011823,0.07278352303643335,2.464803428958957,0.3140931425164753,xind,0.5·P_lead+0.5·1590,3,20,0.008,0.016978293574038256,4.27852998065764
4653,0.10652014901854054,0.11080824556807764,0.9613016474762017,-0.27437967810830466,0.28841607565011823,0.06850348767499631,2.3179540588870604,0.3141055804446571,xind,0.5·P_lead+0.5·1590,3,20,0.01,0.016978293574038256,4.27852998065764
4672,0.17961557216419696,0.0986197914704204,1.8212933680565542,-0.15622262710369605,0.2840325342465753,0.1495515086240372,6.132104021550699,0.2501285609988293,xind,0.5·P_lead+0.5·1590,5,1,0.0,0.2146832191780822,54.10017123287671
4672,0.09846531531488192,0.09890405254499864,0.9955640115968244,-0.2121407471583353,0.2791095890410959,0.06831136597637448,2.7953187473210512,0.2508763975434429,xind,0.5·P_lead+0.5·1590,5,1,0.003,0.2146832191780822,54.10017123287671
4672,0.04436514408200522,0.09962771204087838,0.44530927362661604,-0.24848899935645485,0.2720462328767123,0.014151270877932732,0.5652426266495949,0.2513749552398518,xind,0.5·P_lead+0.5·1590,5,1,0.005,0.2146832191780822,54.10017123287671
4672,-0.03678511276730985,0.10149158022404876,-0.3624449701749101,-0.6165375423439263,0.2607020547945205,-0.06708887176972989,-2.5122799421115882,0.2521227917844654,xind,0.5·P_lead+0.5·1590,5,1,0.008,0.2146832191780822,54.10017123287671
4672,-0.09088528400018656,0.1032312190805862,-0.8804050248523952,-0.8583091584466807,0.2549229452054795,-0.12124896686817162,-4.290410378942146,0.25262134948087445,xind,0.5·P_lead+0.5·1590,5,1,0.01,0.2146832191780822,54.10017123287671
4668,0.1001377609151032,0.10596342940993027,0.9450218955042511,-0.24299484440539731,0.27742073693230507,0.06474387896371726,2.380089673427415,0.2897461245424713,xind,0.5·P_lead+0.5·1590,5,5,0.0,0.07047986289631533,17.760925449871465
4668,0.07349637274029601,0.10602245034968906,0.6932151869522564,-0.2665105795830074,0.27613538988860326,0.03811566518969331,1.3877091717677799,0.2896382745028697,xind,0.5·P_lead+0.5·1590,5,5,0.003,0.07047986289631533,17.760925449871465
4668,0.05573544729042455,0.10625621269793623,0.5245382446376906,-0.2817994333294669,0.2739931448157669,0.020363522673677296,0.734988396383911,0.28956637447646877,xind,0.5·P_lead+0.5·1590,5,5,0.005,0.07047986289631533,17.760925449871465
4668,0.029094059115617348,0.10689592792684109,0.27217181870135543,-0.3060225912520129,0.2705655526992288,-0.006264691100346694,-0.22249715927423824,0.2894585244368673,xind,0.5·P_lead+0.5·1590,5,5,0.008,0.07047986289631533,17.760925449871465
4668,0.011333133665745882,0.10751244366347593,0.10541229721481972,-0.33626452172246646,0.2679948586118252,-0.024016833616362688,-0.8422463390325774,0.28938662441046636,xind,0.5·P_lead+0.5·1590,5,5,0.01,0.07047986289631533,17.760925449871465
4663,0.11077718370168768,0.10861567704137708,1.0199005034925777,-0.22726655889435587,0.28844091786403603,0.07384826170150767,2.6904170600401454,0.30274982958582247,xind,0.5·P_lead+0.5·1590,5,10,0.0,0.03667167059832726,9.24126099077847
4663,0.09691529221551996,0.10869811433623253,0.891600491943539,-0.2386238967194937,0.2875831010079348,0.0599409392609506,2.1619525229684964,0.3031222805796326,xind,0.5·P_lead+0.5·1590,5,10,0.003,0.03667167059832726,9.24126099077847
4663,0.08767403122474152,0.10885533486924774,0.8054178633509484,-0.2462001714008627,0.2865108299378083,0.05066939096724591,1.813709160027952,0.3033705812421726,xind,0.5·P_lead+0.5·1590,5,10,0.005,0.03667167059832726,9.24126099077847
4663,0.07381213973857383,0.10924367613793609,0.6756651034461274,-0.25743740643141755,0.28479519622560584,0.03676206852668883,1.2993122691730294,0.30374303223598265,xind,0.5·P_lead+0.5·1590,5,10,0.008,0.03667167059832726,9.24126099077847
4663,0.06457087874779534,0.1096034033948421,0.5891320592954692,-0.2648449004528982,0.283508470941454,0.027490520232984116,0.9626658013372685,0.3039913328985227,xind,0.5·P_lead+0.5·1590,5,10,0.01,0.03667167059832726,9.24126099077847
4653,0.12255959162250576,0.10962608307724647,1.117978387827155,-0.26629157577198825,0.27423167848699764,0.08507121490765257,2.956450473695113,0.3097407271390108,xind,0.5·P_lead+0.5·1590,5,20,0.0,0.017408123791102514,4.386847195357833
4653,0.11597932082946903,0.10961526998791876,1.0580580683900307,-0.2684879307983332,0.27401676337846553,0.07848021838826126,2.7285482752304797,0.3098293464544168,xind,0.5·P_lead+0.5·1590,5,20,0.003,0.017408123791102514,4.386847195357833
4653,0.11159247363411118,0.10965721809867963,1.0176482275310872,-0.2699503384183167,0.27380184826993337,0.07408622070866708,2.5757696134086485,0.30988842599802074,xind,0.5·P_lead+0.5·1590,5,20,0.005,0.017408123791102514,4.386847195357833
4653,0.10501220284107443,0.10979376283435964,0.9564496209088044,-0.27218921221356396,0.2725123576187406,0.06749522418927581,2.3455979036491654,0.3099770453134268,xind,0.5·P_lead+0.5·1590,5,20,0.008,0.017408123791102514,4.386847195357833
4653,0.1006253556457166,0.10993373212512546,0.915327385876301,-0.27437967810830466,0.2725123576187406,0.0631012265096816,2.1916357011712835,0.31003612485703075,xind,0.5·P_lead+0.5·1590,5,20,0.01,0.017408123791102514,4.386847195357833
4672,0.15736516730544034,0.09508567362185465,1.6549829360337127,-0.1415515279006011,0.2973030821917808,0.12983714324152926,5.119074133169488,0.22902908773624253,xind,0.5·P_lead+0.5·1590,10,1,0.0,0.1538955479452055,38.78167808219178
4672,0.09919265018215269,0.09532317388618779,1.0405932381205114,-0.19426048857616096,0.2940924657534247,0.07164261812264043,2.799150847236245,0.2292121910037972,xind,0.5·P_lead+0.5·1590,10,1,0.003,0.1538955479452055,38.78167808219178
4672,0.0604109720999609,0.09590988749495163,0.6298722027292621,-0.2366711879498581,0.2874571917808219,0.03284626804338124,1.259193274287825,0.22933425984883368,xind,0.5·P_lead+0.5·1590,10,1,0.005,0.1538955479452055,38.78167808219178
4672,0.002238454976673232,0.09741704925911798,0.02297806178381777,-0.3744504917069964,0.2814640410958904,-0.02534825707550756,-0.9288437521238191,0.2295173631163884,xind,0.5·P_lead+0.5·1590,10,1,0.008,0.1538955479452055,38.78167808219178
4672,-0.03654322310551856,0.09882500899506351,-0.3697770784654718,-0.6188984952343808,0.2769691780821918,-0.06414460715476672,-2.2606018293090413,0.22963943196142483,xind,0.5·P_lead+0.5·1590,10,1,0.01,0.1538955479452055,38.78167808219178
4668,0.09453100224011125,0.10495183660227632,0.9007084135015601,-0.27345772127187595,0.28898886032562127,0.06007433691895638,2.144322374966392,0.28207375656545236,xind,0.5·P_lead+0.5·1590,10,5,0.0,0.05934018851756641,14.953727506426734
4668,0.07210041098047114,0.10507709113416036,0.6861667962278739,-0.2949772392225527,0.28770351328191945,0.03761123810903654,1.3221724238923018,0.28233987421609197,xind,0.5·P_lead+0.5·1590,10,5,0.003,0.05934018851756641,14.953727506426734
4668,0.057146683474044405,0.1053276155264805,0.5425612569732685,-0.3089856764701008,0.286203941730934,0.02263583890242333,0.786316025080319,0.28251728598318504,xind,0.5·P_lead+0.5·1590,10,5,0.005,0.05934018851756641,14.953727506426734
4668,0.034716092214404304,0.10595156464772343,0.3276600239914461,-0.3295035313211476,0.28406169665809766,0.00017274009250349342,0.005880623165544186,0.28278340363382465,xind,0.5·P_lead+0.5·1590,10,5,0.008,0.05934018851756641,14.953727506426734
4668,0.019762364707977563,0.10653071146434138,0.18550861471147265,-0.37128496646400666,0.2823479005998286,-0.014802659114109728,-0.4964925982466069,0.2829608154009177,xind,0.5·P_lead+0.5·1590,10,5,0.01,0.05934018851756641,14.953727506426734
4663,0.10374008527710134,0.10990645807715521,0.9438943542723849,-0.2690838049336718,0.2985202659232254,0.06599944074816273,2.3849286036254345,0.3094044743450558,xind,0.5·P_lead+0.5·1590,10,10,0.0,0.03281149474587176,8.268496675959682
4663,0.0913373402631618,0.10997845956367305,0.8305020876409094,-0.28428535317416526,0.29744799485309886,0.05358139118009434,1.9239955265694217,0.3095299437848185,xind,0.5·P_lead+0.5·1590,10,10,0.003,0.03281149474587176,8.268496675959682
4663,0.08306884358720214,0.11011727175064627,0.7543670694576087,-0.2942560508788813,0.29680463221102293,0.045302691468048745,1.6186148531659574,0.3096135900779936,xind,0.5·P_lead+0.5·1590,10,10,0.005,0.03281149474587176,8.268496675959682
4663,0.07066609857326261,0.11046102211320653,0.6397378660939794,-0.30897050051503805,0.29594681535492173,0.03288464189998034,1.1648407306346753,0.3097390595177563,xind,0.5·P_lead+0.5·1590,10,10,0.008,0.03281149474587176,8.268496675959682
4663,0.06239760189730292,0.11077988954591558,0.563257484305765,-0.31862131557398254,0.2950889984988205,0.024605942187934753,0.8659694324815583,0.30982270581093146,xind,0.5·P_lead+0.5·1590,10,10,0.01,0.03281149474587176,8.268496675959682
4653,0.11653623767458125,0.11842580972790547,0.9840442547307409,-0.2614408341020963,0.29658284977433913,0.07218295634515415,2.488668181596594,0.36646072233196364,xind,0.5·P_lead+0.5·1590,10,20,0.0,0.017408123791102514,4.386847195357833
4653,0.10995596688154448,0.11845594708510879,0.9282435334592597,-0.2680754421607314,0.296367934665807,0.0655919514501389,2.2544771940080577,0.366549410849402,xind,0.5·P_lead+0.5·1590,10,20,0.003,0.017408123791102514,4.386847195357833
4653,0.10556911968618665,0.1185215138448875,0.8907169362040717,-0.2724708619591977,0.29593810444874274,0.0611979481867954,2.0986012874646174,0.36660853652769415,xind,0.5·P_lead+0.5·1590,10,20,0.005,0.017408123791102514,4.386847195357833
4653,0.09898884889314992,0.11868792603599208,0.8340262754539294,-0.27907028687022206,0.29507844401461425,0.05460694329178015,1.865410454031124,0.3666972250451324,xind,0.5·P_lead+0.5·1590,10,20,0.008,0.017408123791102514,4.386847195357833
4653,0.09460200169779209,0.11884409394662009,0.7960176947479061,-0.28413251648055726,0.29507844401461425,0.050212940028436626,1.7105049616532693,0.3667563507234246,xind,0.5·P_lead+0.5·1590,10,20,0.01,0.017408123791102514,4.386847195357833
4672,0.13925031268715599,0.0992965046823506,1.4023687251894472,-0.16837266857915845,0.3125,0.1092441396009243,4.3114353364979126,0.24964692098641758,xind,0.5·P_lead+0.5·1590,20,1,0.0,0.10851883561643835,27.346746575342465
4672,0.09823019282414228,0.09950865123967936,0.9871522887747947,-0.2034800261056381,0.3099315068493151,0.06821577461388509,2.637892139018437,0.2497155191985319,xind,0.5·P_lead+0.5·1590,20,1,0.003,0.10851883561643835,27.346746575342465
4672,0.0708834462487998,0.0999552385468833,0.7091518891783987,-0.22787144102695722,0.3047945205479452,0.040863531289192345,1.545890818267872,0.24976125133994145,xind,0.5·P_lead+0.5·1590,20,1,0.005,0.10851883561643835,27.346746575342465
4672,0.029863326385786104,0.1010747644460718,0.29545778859291444,-0.33901096234650263,0.300513698630137,-0.00016483369784675323,-0.005971188079909719,0.24982984955205567,xind,0.5·P_lead+0.5·1590,20,1,0.008,0.10851883561643835,27.346746575342465
4672,0.002516579810443633,0.10211321017816825,0.024644997508673723,-0.4471886144804116,0.2975171232876712,-0.027517077022539537,-0.9630466764703325,0.24987558169346524,xind,0.5·P_lead+0.5·1590,20,1,0.01,0.10851883561643835,27.346746575342465
4668,0.09572146530988619,0.10756178674872752,0.8899207441904883,-0.2915673652871982,0.30698371893744647,0.059404163305059085,2.00937426668046,0.2973055491395488,xind,0.5·P_lead+0.5·1590,20,5,0.0,0.043487574978577546,10.958868894601542
4668,0.07928316196798388,0.10766313145659559,0.736400296882939,-0.3250583557561265,0.3059125964010283,0.04292629109971102,1.4311317961190901,0.2976294730553182,xind,0.5·P_lead+0.5·1590,20,5,0.003,0.043487574978577546,10.958868894601542
4668,0.06832429307338234,0.10785222527506261,0.6334991503339908,-0.3470257106107437,0.3046272493573265,0.03194104296281223,1.0535713711805683,0.29784542233249794,xind,0.5·P_lead+0.5·1590,20,5,0.005,0.043487574978577546,10.958868894601542
4668,0.05188598973148,0.10831688905959874,0.47902030959300357,-0.3786821769656692,0.30312767780634103,0.01546317075746411,0.5012301305484923,0.29816934624826735,xind,0.5·P_lead+0.5·1590,20,5,0.008,0.043487574978577546,10.958868894601542
4668,0.04092712083687847,0.10874614374233614,0.3763546865059553,-0.3989542176894141,0.3018423307626392,0.004477922620565354,0.14334770234289748,0.29838529552544696,xind,0.5·P_lead+0.5·1590,20,5,0.01,0.043487574978577546,10.958868894601542
4663,0.09642704701761788,0.10894164158187968,0.8851257023251673,-0.2839932140117638,0.3075273429122882,0.059172437455725986,2.103134596933476,0.30541987378061436,xind,0.5·P_lead+0.5·1590,20,10,0.0,0.02766459360926442,6.971477589534635
4663,0.08596983063331595,0.10896940448567963,0.7889354910131111,-0.2989055050335583,0.3068839802702123,0.048714941594593435,1.7187134712238363,0.30542216498106817,xind,0.5·P_lead+0.5·1590,20,10,0.003,0.02766459360926442,6.971477589534635
4663,0.0789983530437813,0.10906564314290958,0.7243193252000463,-0.3086862533931495,0.30624061762813637,0.04174327768717169,1.4646637846337047,0.3054236924480374,xind,0.5·P_lead+0.5·1590,20,10,0.005,0.02766459360926442,6.971477589534635
4663,0.06854113665947935,0.10932618566201845,0.6269416265136522,-0.32312004868430844,0.30581170920008577,0.031285781826039104,1.0878074362736303,0.30542598364849133,xind,0.5·P_lead+0.5·1590,20,10,0.008,0.02766459360926442,6.971477589534635
4663,0.061569659069944715,0.10957690730334611,0.5618853514408741,-0.33258657070114495,0.30516834655800984,0.024314117918617366,0.8398507866211797,0.3054275111154605,xind,0.5·P_lead+0.5·1590,20,10,0.01,0.02766459360926442,6.971477589534635
4653,0.10323979143519599,0.1162484420260818,0.8880961295983034,-0.2614408341020963,0.30689877498388135,0.06055119372166671,2.0460300902973843,0.3527065841475731,xind,0.5·P_lead+0.5·1590,20,20,0.0,0.016978293574038256,4.27852998065764
4653,0.09682199646420953,0.11623756423072598,0.8329664949965961,-0.2680754421607314,0.30646894476681713,0.05414420519410588,1.8188405964381398,0.352617297922408,xind,0.5·P_lead+0.5·1590,20,20,0.003,0.016978293574038256,4.27852998065764
4653,0.0925434664835519,0.11627554498413255,0.7958979379213469,-0.2724708619591977,0.30582419944122075,0.049872879509065306,1.668402226581967,0.35255777377229786,xind,0.5·P_lead+0.5·1590,20,20,0.005,0.016978293574038256,4.27852998065764
4653,0.08612567151256542,0.11640027648485567,0.7399095097834315,-0.27907028687022206,0.3051794541156243,0.043465890981504475,1.4445020803807078,0.35246848754713267,xind,0.5·P_lead+0.5·1590,20,20,0.008,0.016978293574038256,4.27852998065764
4653,0.08184714153190777,0.1165284915741398,0.7023787953166247,-0.28413251648055726,0.3049645390070922,0.03919456529646391,1.2965308616804379,0.3524089633970226,xind,0.5·P_lead+0.5·1590,20,20,0.01,0.016978293574038256,4.27852998065764
4672,0.1708199967942501,0.10374362775960555,1.6465589307333048,-0.1424118137881618,0.2694777397260274,0.13707211009931153,5.773219143860468,0.2807774246645191,xind,0.7·P_lead+0.3·1590,1,1,0.0,0.3983304794520548,100.3792808219178
4672,0.02025107556137341,0.10430113472589092,0.19415968593816688,-0.2359773864978102,0.2566352739726027,-0.013350853720380598,-0.5577834203955713,0.27956308057965484,xind,0.7·P_lead+0.3·1590,1,1,0.003,0.3983304794520548,100.3792808219178
4672,-0.0801282052605444,0.10539009053816231,-0.7603011331651677,-0.8288180959458673,0.2440068493150685,-0.11363282960017532,-4.415276756319925,0.27875351785641206,xind,0.7·P_lead+0.3·1590,1,1,0.005,0.3983304794520548,100.3792808219178
4672,-0.23069712649342114,0.10805608828223422,-2.1349757349244216,-0.9890176994994352,0.2268835616438356,-0.26405579341986724,-8.698565549671367,0.27753917377154763,xind,0.7·P_lead+0.3·1590,1,1,0.008,0.3983304794520548,100.3792808219178
4672,-0.33107640731533894,0.1104830444515311,-2.996626396013029,-0.9982681589676663,0.2166095890410959,-0.36433776929966205,-10.61716291496819,0.27672961104830496,xind,0.7·P_lead+0.3·1590,1,1,0.01,0.3983304794520548,100.3792808219178
4668,0.11045329343144802,0.10256100461295478,1.0769521403215307,-0.19842892066602513,0.2624250214224507,0.07712475123029032,2.8561110986689924,0.2728385643795569,xind,0.7·P_lead+0.3·1590,1,5,0.0,0.07840616966580977,19.75835475578406
4668,0.08081576129777193,0.10267631535073292,0.7870925346484502,-0.20500141741331535,0.2609254498714653,0.04747960055218066,1.7521541623096741,0.2729009323257265,xind,0.7·P_lead+0.3·1590,1,5,0.003,0.07840616966580977,19.75835475578406
4668,0.06105740654198786,0.10297444251211439,0.5929374809172168,-0.22077808397102028,0.2589974293059126,0.027716166766774242,1.0175240356000053,0.27294251095650623,xind,0.7·P_lead+0.3·1590,1,5,0.005,0.07840616966580977,19.75835475578406
4668,0.031419874408311774,0.10374969866909935,0.3028430425472631,-0.3056065862487741,0.25621251071122536,-0.0019289839113354182,-0.06997953285476775,0.2730048789026759,xind,0.7·P_lead+0.3·1590,1,5,0.008,0.07840616966580977,19.75835475578406
4668,0.011661519652527711,0.10448145983019608,0.11161329169290023,-0.3782072865873568,0.25428449014567267,-0.021692417696741864,-0.778713158031614,0.2730464575334555,xind,0.7·P_lead+0.3·1590,1,5,0.01,0.07840616966580977,19.75835475578406
4663,0.09363470995322276,0.10649141802487906,0.87927000776107,-0.2409253762081517,0.27128458074201156,0.057872419247301715,2.1311404392288757,0.293185580038417,xind,0.7·P_lead+0.3·1590,1,10,0.0,0.03688612481235256,9.295303452712846
4663,0.07969175477415347,0.10651310240605953,0.7481873400921595,-0.2515236266952565,0.2706412180999357,0.043915208270515975,1.609731942530074,0.2933024515877476,xind,0.7·P_lead+0.3·1590,1,10,0.003,0.03688612481235256,9.295303452712846
4663,0.07039645132144062,0.10663257533095497,0.6601777280812317,-0.26634730206330803,0.26935449281578383,0.03461040095265886,1.2636917254400493,0.293380365953968,xind,0.7·P_lead+0.3·1590,1,10,0.005,0.03688612481235256,9.295303452712846
4663,0.05645349614237136,0.10696860596989083,0.5277576129043104,-0.28806091035691594,0.26720995067553077,0.020653189975873128,0.7487356702030463,0.2934972375032986,xind,0.7·P_lead+0.3·1590,1,10,0.008,0.03688612481235256,9.295303452712846
4663,0.04715819268965851,0.10729640991586663,0.43951323932120606,-0.3021959534654849,0.26613767960540424,0.011348382658015979,0.4091355798109221,0.293575151869519,xind,0.7·P_lead+0.3·1590,1,10,0.01,0.03688612481235256,9.295303452712846
4653,0.10598687884313183,0.12231051570605948,0.8665393832353948,-0.36985549103750437,0.2832581130453471,0.05826546931004199,1.8498424200317038,0.3942892540081987,xind,0.7·P_lead+0.3·1590,1,20,0.0,0.019987105093488073,5.036750483558994
4653,0.09843175311779334,0.12226648947070085,0.8050591257171975,-0.3736365624781396,0.2826133677197507,0.050733449266300024,1.6102668323600724,0.3940983476194482,xind,0.7·P_lead+0.3·1590,1,20,0.003,0.019987105093488073,5.036750483558994
4653,0.09339500263423435,0.12228760675015975,0.7637323610809185,-0.37614780630869715,0.28218353750268643,0.04571210257047202,1.4502054959739672,0.3939710766936146,xind,0.7·P_lead+0.3·1590,1,20,0.005,0.019987105093488073,5.036750483558994
4653,0.08583987690889587,0.12239493257914352,0.7013352195229957,-0.3799005043537109,0.28067913174296155,0.038180082526730046,1.2098753339558768,0.3937801703048641,xind,0.7·P_lead+0.3·1590,1,20,0.008,0.019987105093488073,5.036750483558994
4653,0.08080312642533688,0.12251681331837223,0.6595268374746399,-0.38239288005182825,0.2802493015258973,0.033158735830902064,1.0496585368957259,0.3936528993790305,xind,0.7·P_lead+0.3·1590,1,20,0.01,0.019987105093488073,5.036750483558994
4672,0.18980063997310895,0.09928031110844289,1.9117651612291142,-0.13366217132532987,0.2872431506849315,0.15929432946254765,6.840318490626417,0.2538079903668805,xind,0.7·P_lead+0.3·1590,3,1,0.0,0.2596318493150685,65.42722602739727
4672,0.09165980093201306,0.09983706901527116,0.9180938687011405,-0.15151233322630198,0.2799657534246575,0.061039131354804405,2.64308731643431,0.2547594408831907,xind,0.7·P_lead+0.3·1590,3,1,0.003,0.2596318493150685,65.42722602739727
4672,0.026232574904615794,0.10080909505250228,0.2602203193169588,-0.24128201674847316,0.2711900684931507,-0.004464334050357761,-0.18769893213991345,0.2553937412273974,xind,0.7·P_lead+0.3·1590,3,1,0.005,0.2596318493150685,65.42722602739727
4672,-0.07190826413648009,0.10313444311560958,-0.6972284133620987,-0.7998437536325519,0.2587756849315068,-0.10271953215810092,-3.963020804580618,0.2563451917437076,xind,0.7·P_lead+0.3·1590,3,1,0.008,0.2596318493150685,65.42722602739727
4672,-0.13733549016387736,0.10523307311062323,-1.305060149859041,-0.9399891984595239,0.2519263698630137,-0.16822299756326306,-6.019757598407626,0.2569794920879144,xind,0.7·P_lead+0.3·1590,3,1,0.01,0.2596318493150685,65.42722602739727
4668,0.10297492844497425,0.10537597351286239,0.9772144921859719,-0.22253081367902683,0.2810625535561268,0.06797230733338049,2.5730830757466445,0.2865431327889609,xind,0.7·P_lead+0.3·1590,3,5,0.0,0.07626392459297343,19.218508997429304
4668,0.07414716494883028,0.10544883642397775,0.7031577347208181,-0.26344931589971565,0.27999143101970864,0.039157177953078784,1.4681011540996518,0.28643970570211713,xind,0.7·P_lead+0.3·1590,3,5,0.003,0.07626392459297343,19.218508997429304
4668,0.05492865595140099,0.105707566243161,0.5196284230501309,-0.28955686460510444,0.2778491859468723,0.019947091699544336,0.7410516802522771,0.28637075431088804,xind,0.7·P_lead+0.3·1590,3,5,0.005,0.07626392459297343,19.218508997429304
4668,0.026100892455257024,0.10640782689872631,0.24529109573958838,-0.32703907654815345,0.2744215938303342,-0.008868037680757343,-0.323724407922156,0.28626732722404435,xind,0.7·P_lead+0.3·1590,3,5,0.008,0.07626392459297343,19.218508997429304
4668,0.006882383457827716,0.10707960241382991,0.06427352458061443,-0.3528248461699368,0.2722793487574979,-0.028078123934291824,-1.0106968454752612,0.2861983758328152,xind,0.7·P_lead+0.3·1590,3,5,0.01,0.07626392459297343,19.218508997429304
4663,0.10673407185977181,0.10889650529672393,0.9801423063939485,-0.2616180180788855,0.2920866395024662,0.06964694498445553,2.4843287269583905,0.3040468211142213,xind,0.7·P_lead+0.3·1590,3,10,0.0,0.03645721638430195,9.187218528844092
4663,0.09295324406650565,0.1089178750645432,0.8534250600410895,-0.2726094723802934,0.2914432768603903,0.055863144255587714,1.9702229091364465,0.30407119376573777,xind,0.7·P_lead+0.3·1590,3,10,0.003,0.03645721638430195,9.187218528844092
4663,0.08376602553766156,0.10903367390883924,0.768258305298385,-0.27985506921740466,0.28994209736221316,0.0466739437696758,1.6326041977408638,0.30408744220008205,xind,0.7·P_lead+0.3·1590,3,10,0.005,0.03645721638430195,9.187218528844092
4663,0.06998519774439542,0.10935905548135476,0.6399579571746355,-0.29060171249422095,0.2882264636500107,0.03289014304080798,1.1351938971287294,0.30411181485159855,xind,0.7·P_lead+0.3·1590,3,10,0.008,0.03645721638430195,9.187218528844092
4663,0.06079797921555134,0.10967639872784979,0.5543396749050359,-0.29768572916054603,0.2873686467939095,0.023700942554896097,0.8102820784197045,0.30412806328594283,xind,0.7·P_lead+0.3·1590,3,10,0.01,0.03645721638430195,9.187218528844092
4653,0.12286001355771996,0.1127143456836597,1.0900122146167157,-0.26629157577198825,0.28519234902213625,0.08307504550177762,2.8277667923446868,0.32871588515507594,xind,0.7·P_lead+0.3·1590,3,20,0.0,0.017408123791102514,4.386847195357833
4653,0.11627974276468318,0.11269405704705801,1.0318178776377522,-0.2684879307983332,0.28497743391360414,0.07648904114507427,2.6016156410604268,0.3287632576564968,xind,0.7·P_lead+0.3·1590,3,20,0.003,0.017408123791102514,4.386847195357833
4653,0.11189289556932538,0.1127283468866017,0.9925888089344845,-0.2699503384183167,0.284762518805072,0.07209837157393872,2.4504134090907645,0.32879483932411063,xind,0.7·P_lead+0.3·1590,3,20,0.005,0.017408123791102514,4.386847195357833
4653,0.10531262477628862,0.1128514178694148,0.9331971787731579,-0.27218921221356396,0.2834730281538792,0.06551236721723541,2.223193414329536,0.3288422118255315,xind,0.7·P_lead+0.3·1590,3,20,0.008,0.017408123791102514,4.386847195357833
4653,0.1009257775809308,0.1129811012878343,0.8932978739852168,-0.27437967810830466,0.2834730281538792,0.06112169764609984,2.071572909803231,0.32887379349314544,xind,0.7·P_lead+0.3·1590,3,20,0.01,0.017408123791102514,4.386847195357833
4672,0.18936279611928045,0.09606291999152843,1.9712371447378443,-0.1172554474439923,0.2936643835616438,0.16117611114852967,6.410915400335205,0.234509049039342,xind,0.7·P_lead+0.3·1590,5,1,0.0,0.2112585616438356,53.23715753424657
4672,0.10950705981791058,0.09628084335238264,1.1373712153426068,-0.14604208343844338,0.2880993150684932,0.08129105167561065,3.24064552855999,0.23475301348858207,xind,0.7·P_lead+0.3·1590,5,1,0.003,0.2112585616438356,53.23715753424657
4672,0.056269902283664006,0.09696877478872239,0.5802888858425411,-0.20151898123296874,0.2814640410958904,0.028034345360331375,1.0953529912705595,0.23491565645474205,xind,0.7·P_lead+0.3·1590,5,1,0.005,0.2112585616438356,53.23715753424657
4672,-0.02358583401770585,0.09879197612568774,-0.23874240543279404,-0.6094422430302583,0.2707619863013699,-0.05185071411258758,-1.9122068229423441,0.23515962090398207,xind,0.7·P_lead+0.3·1590,5,1,0.008,0.2112585616438356,53.23715753424657
4672,-0.07682299155195242,0.10051265464190005,-0.7643116364367492,-0.8113311994359229,0.2651969178082192,-0.10510742042786686,-3.6785779447352756,0.23532226387014213,xind,0.7·P_lead+0.3·1590,5,1,0.01,0.2112585616438356,53.23715753424657
4668,0.09827374986792513,0.10581787064541694,0.9287065527639349,-0.27016385456487746,0.2838474721508141,0.06297546355598113,2.272108290720624,0.2889635467486734,xind,0.7·P_lead+0.3·1590,5,5,0.0,0.07133676092544987,17.976863753213365
4668,0.07130845423810508,0.10590738068106664,0.6733095821984869,-0.2989750545595299,0.28213367609254497,0.03598960970258173,1.2823393598007176,0.28913184322482066,xind,0.7·P_lead+0.3·1590,5,5,0.003,0.07133676092544987,17.976863753213365
4668,0.053331590484891715,0.10616380133254183,0.5023519298997093,-0.32180361622152553,0.27999143101970864,0.017999040466982124,0.6346026115870151,0.2892440408755855,xind,0.7·P_lead+0.3·1590,5,5,0.005,0.07133676092544987,17.976863753213365
4668,0.02636629485507165,0.10684072009554385,0.2467813286122858,-0.35642321923835496,0.27677806341045413,-0.008986813386417263,-0.31094953603208825,0.2894123373517327,xind,0.7·P_lead+0.3·1590,5,5,0.008,0.07133676092544987,17.976863753213365
4668,0.008389431101858287,0.1074839943872043,0.07805284079447114,-0.38191657491618747,0.2750642673521851,-0.026977382622016884,-0.9201193678661171,0.28952453500249753,xind,0.7·P_lead+0.3·1590,5,5,0.01,0.07133676092544987,17.976863753213365
4663,0.10190634896043442,0.10918641436719707,0.9333244392266645,-0.26161801807888563,0.2920866395024662,0.06461405918769914,2.36220429621404,0.30572878280892357,xind,0.7·P_lead+0.3·1590,5,10,0.0,0.03795839588247909,9.565515762384731
4663,0.08755807531685732,0.10923796912168804,0.801535180678067,-0.2726094723802931,0.2916577310744156,0.050230918243806266,1.8155939495949003,0.30601463109955807,xind,0.7·P_lead+0.3·1590,5,10,0.003,0.03795839588247909,9.565515762384731
4663,0.0779925595544726,0.10937756672767408,0.7130580967179202,-0.27985506921740466,0.2901565515762385,0.040642157614544344,1.4567417924611417,0.3062051966266477,xind,0.7·P_lead+0.3·1590,5,10,0.005,0.03795839588247909,9.565515762384731
4663,0.06364428591089549,0.1097440016771256,0.5799340732821222,-0.2906017124942202,0.28844091786403603,0.026259016670651454,0.9284059407609531,0.3064910449172822,xind,0.7·P_lead+0.3·1590,5,10,0.008,0.03795839588247909,9.565515762384731
4663,0.05407877014851078,0.11009217092870818,0.49121358669119436,-0.29768572916054625,0.2873686467939095,0.01667025604138954,0.583628942521563,0.3066816104443718,xind,0.7·P_lead+0.3·1590,5,10,0.01,0.03795839588247909,9.565515762384731
4653,0.11226991130299226,0.11310041170589992,0.9926569639280602,-0.2614408341020963,0.28067913174296155,0.07210252223327081,2.549303617188822,0.33187556752228403,xind,0.7·P_lead+0.3·1590,5,20,0.0,0.018697614442295292,4.711798839458414
4653,0.10520221304380463,0.11310141117276801,0.9301582708203618,-0.2680754421607314,0.2804642166344294,0.06501651973300607,2.2932256706871037,0.3320268029034285,xind,0.7·P_lead+0.3·1590,5,20,0.003,0.018697614442295292,4.711798839458414
4653,0.1004904142043462,0.11315317787620727,0.8880918423191395,-0.2724708619591977,0.28003438641736517,0.06029251806616289,2.122560378111626,0.3321276264908582,xind,0.7·P_lead+0.3·1590,5,20,0.005,0.018697614442295292,4.711798839458414
4653,0.09342271594515861,0.11330733844238135,0.8245071963513255,-0.27907028687022206,0.27874489576617234,0.05320651556589818,1.866951627152558,0.3322788618720027,xind,0.7·P_lead+0.3·1590,5,20,0.008,0.018697614442295292,4.711798839458414
4653,0.0887109171057002,0.11346095745188711,0.7818629341579273,-0.28413251648055726,0.27874489576617234,0.048482513899054995,1.6969820703477339,0.33237968545943236,xind,0.7·P_lead+0.3·1590,5,20,0.01,0.018697614442295292,4.711798839458414
4672,0.1636083778945519,0.09508109055847432,1.720724667055998,-0.13185131538077133,0.3065068493150685,0.13612200798922103,5.5207133784499876,0.22868253129914007,xind,0.7·P_lead+0.3·1590,10,1,0.0,0.14533390410958905,36.62414383561644
4672,0.10867216214112725,0.09533143032922303,1.139940539713215,-0.19503702570165016,0.3017979452054795,0.08114772566486285,3.244704857727722,0.2289992395377664,xind,0.7·P_lead+0.3·1590,10,1,0.003,0.14533390410958905,36.62414383561644
4672,0.07204801830551082,0.09590688425738711,0.7512288493509414,-0.23739935246171362,0.2970890410958904,0.04449820411529076,1.741433240342357,0.22921037836351738,xind,0.7·P_lead+0.3·1590,10,1,0.005,0.14533390410958905,36.62414383561644
4672,0.017111802552086147,0.09736841961933121,0.17574283960842707,-0.2968711250308256,0.2910958904109589,-0.010476078209067399,-0.39100732488244105,0.22952708660214372,xind,0.7·P_lead+0.3·1590,10,1,0.008,0.14533390410958905,36.62414383561644
4672,-0.019512341283530292,0.0987279016021488,-0.19763755703185745,-0.4968380121058481,0.2872431506849315,-0.04712559975863946,-1.6907255910601913,0.22973822542789468,xind,0.7·P_lead+0.3·1590,10,1,0.01,0.14533390410958905,36.62414383561644
4668,0.08953725468816016,0.10619172199740695,0.8431660491421972,-0.2517978581018453,0.2994858611825193,0.054103112227859684,1.9870929828924602,0.29007571049877073,xind,0.7·P_lead+0.3·1590,10,5,0.0,0.05848329048843188,14.737789203084834
4668,0.0674305708835329,0.10626320960794065,0.6345617747884595,-0.27393348970540166,0.2982005141388175,0.03195228189172818,1.1537799135352842,0.29043710873231043,xind,0.7·P_lead+0.3·1590,10,5,0.003,0.05848329048843188,14.737789203084834
4668,0.052692781680448074,0.10647390337424867,0.49488917012121236,-0.28834339563792255,0.29648671808054844,0.017185061667640507,0.6124887193262686,0.2906780408880037,xind,0.7·P_lead+0.3·1590,10,5,0.005,0.05848329048843188,14.737789203084834
4668,0.03058609787582082,0.10703257146796678,0.2857643935516842,-0.30944985961801763,0.29413024850042846,-0.004965768668491002,-0.17314410079712103,0.29103943912154345,xind,0.7·P_lead+0.3·1590,10,5,0.008,0.05848329048843188,14.737789203084834
4668,0.015848308672735983,0.10756480827175682,0.14733730229589653,-0.3321762028703257,0.292630676949443,-0.019732988892578643,-0.6771117689466107,0.29128037127723666,xind,0.7·P_lead+0.3·1590,10,5,0.01,0.05848329048843188,14.737789203084834
4663,0.10629919744874479,0.10893699686607124,0.9757860094071678,-0.21735878983671908,0.3073128886982629,0.06926178837327464,2.6375106483840662,0.3036392258036756,xind,0.7·P_lead+0.3·1590,10,10,0.0,0.03409822003002359,8.592751447565945
4663,0.09341007027739587,0.1089903500460268,0.857048997805298,-0.22900052290746686,0.30624061762813637,0.05632524270619178,2.124936608178323,0.30402797101271767,xind,0.7·P_lead+0.3·1590,10,10,0.003,0.03409822003002359,8.592751447565945
4663,0.0848173188298299,0.10912104127986838,0.7772773961375107,-0.23667484890764734,0.30538280077203517,0.04770087892813659,1.7869578676890348,0.30428713448541245,xind,0.7·P_lead+0.3·1590,10,10,0.005,0.03409822003002359,8.592751447565945
4663,0.07192819165848101,0.10945908036151031,0.6571240268137089,-0.24805747621277185,0.30473943812995924,0.03476433326105377,1.2871959902789825,0.3046758796944545,xind,0.7·P_lead+0.3·1590,10,10,0.008,0.03409822003002359,8.592751447565945
4663,0.06333544021091504,0.10977842771473846,0.5769388533737567,-0.2555607859720427,0.3036671670598327,0.026139969482998546,0.9596656375247608,0.3049350431671492,xind,0.7·P_lead+0.3·1590,10,10,0.01,0.03409822003002359,8.592751447565945
4653,0.1156997303536107,0.1168355009529939,0.9902788913462172,-0.2614408341020963,0.30969267139479906,0.07266632165453338,2.5507644814388146,0.3555555206646576,xind,0.7·P_lead+0.3·1590,10,20,0.0,0.018697614442295292,4.711798839458414
4653,0.1086320320944231,0.11684549434132649,0.9297066412940973,-0.2680754421607314,0.3092628411777348,0.0655858757496477,2.292609616013411,0.35566084571188145,xind,0.7·P_lead+0.3·1590,10,20,0.003,0.018697614442295292,4.711798839458414
4653,0.10392023325496466,0.11690161728800705,0.8889546241172992,-0.2724708619591977,0.30883301096067056,0.06086557847972392,2.121052510266999,0.3557310624100306,xind,0.7·P_lead+0.3·1590,10,20,0.005,0.018697614442295292,4.711798839458414
4653,0.09685253499577706,0.11705985045978771,0.8273762064051821,-0.27907028687022206,0.3077584354180099,0.05378513257483821,1.8648494066146362,0.3558363874572544,xind,0.7·P_lead+0.3·1590,10,20,0.008,0.018697614442295292,4.711798839458414
4653,0.09214073615631863,0.11721454957956408,0.7860861683708847,-0.28413251648055726,0.30754352030947774,0.0490648353049144,1.6949783406703338,0.3559066041554036,xind,0.7·P_lead+0.3·1590,10,20,0.01,0.018697614442295292,4.711798839458414
4672,0.1489746289921663,0.0980933070197896,1.518703299116134,-0.1586105547512522,0.3210616438356164,0.11968259355592854,4.8021065669546275,0.24370540138746377,xind,0.7·P_lead+0.3·1590,20,1,0.0,0.09482020547945205,23.894691780821915
4672,0.11313259132093342,0.09826570971441337,1.1512926701463535,-0.18472949065926658,0.3180650684931507,0.08385369080234732,3.286520393337244,0.24359612081577176,xind,0.7·P_lead+0.3·1590,20,1,0.003,0.09482020547945205,23.894691780821915
4672,0.0892378995401115,0.0986549659745754,0.9045454393356054,-0.2017111275488841,0.3146404109589041,0.059967755633293186,2.298581696602916,0.24352326710131028,xind,0.7·P_lead+0.3·1590,20,1,0.005,0.09482020547945205,23.894691780821915
4672,0.053395861868878625,0.09964390249858646,0.5358668270708897,-0.23805899346003412,0.3116438356164384,0.024138852879712007,0.8875074110071739,0.24341398652961815,xind,0.7·P_lead+0.3·1590,20,1,0.008,0.09482020547945205,23.894691780821915
4672,0.029501170088056708,0.10056703249235353,0.293348320587065,-0.3418992736476799,0.3097174657534247,0.00025291771065791513,0.009004491351202508,0.24334113281515676,xind,0.7·P_lead+0.3·1590,20,1,0.01,0.09482020547945205,23.894691780821915
4668,0.10525939790459458,0.10538803366152444,0.9987794083212237,-0.23354281188996995,0.31533847472150817,0.07047854878011928,2.5807749887919096,0.28472763332247314,xind,0.7·P_lead+0.3·1590,20,5,0.0,0.03920308483290488,9.87917737789203
4668,0.09044063183775654,0.10547164210707564,0.857487662379813,-0.2520193554933381,0.3144815766923736,0.05558821961437925,2.0113762302223543,0.28531347272250196,xind,0.7·P_lead+0.3·1590,20,5,0.003,0.03920308483290488,9.87917737789203
4668,0.08056145445986451,0.10563974243164156,0.7626055554991061,-0.2646646231368611,0.3129820051413882,0.04566133350388593,1.6372988597173668,0.28570403232252123,xind,0.7·P_lead+0.3·1590,20,5,0.005,0.03920308483290488,9.87917737789203
4668,0.06574268839302644,0.10605936643260074,0.6198668783751882,-0.283255834637816,0.3116966580976864,0.03077100433814596,1.0868335746248219,0.28628987172255005,xind,0.7·P_lead+0.3·1590,20,5,0.008,0.03920308483290488,9.87917737789203
4668,0.055863511015134426,0.10644973783546377,0.524787680562267,-0.29540322366937855,0.3101970865467009,0.02084411822765261,0.7281561923035978,0.28668043132256926,xind,0.7·P_lead+0.3·1590,20,5,0.01,0.03920308483290488,9.87917737789203
4663,0.10107823728545634,0.10989440920821919,0.9197759741711823,-0.27448307833568464,0.314389877761098,0.0632439812744808,2.244974492695796,0.31017191782022197,xind,0.7·P_lead+0.3·1590,20,10,0.0,0.0268067767531632,6.755307741797126
4663,0.09094527567276066,0.10987293820072208,0.8277313518877297,-0.28954508772055054,0.3139609693330474,0.05311199219137149,1.8715703353873616,0.3101639448507827,xind,0.7·P_lead+0.3·1590,20,10,0.003,0.0268067767531632,6.755307741797126
4663,0.08418996793096353,0.10993341563267957,0.7658269093745564,-0.29942455552163416,0.3133176066909715,0.04635733280263193,1.6247212336568073,0.3101586295378233,xind,0.7·P_lead+0.3·1590,20,10,0.005,0.0268067767531632,6.755307741797126
4663,0.07405700631826785,0.11013607252147074,0.6724137207982483,-0.3140048044630652,0.3128886982629209,0.036225343719522546,1.2583680955949867,0.31015065656838403,xind,0.7·P_lead+0.3·1590,20,10,0.008,0.0268067767531632,6.755307741797126
4663,0.06730169857647073,0.11034548447352277,0.609918012482148,-0.3235678865469983,0.31203088140681967,0.02947068433078298,1.0171722896546898,0.31014534125542453,xind,0.7·P_lead+0.3·1590,20,10,0.01,0.0268067767531632,6.755307741797126
4653,0.10978066742306018,0.11722888605989909,0.9364643059643749,-0.2614408341020963,0.31742961530195574,0.06654696418496184,2.20985707693826,0.35721041697105743,xind,0.7·P_lead+0.3·1590,20,20,0.0,0.016548463356973995,4.170212765957447
4653,0.103525348274124,0.11722916316072783,0.88310233974958,-0.2680754421607314,0.31678486997635935,0.06029356844050172,1.9920729804132855,0.35719452519997524,xind,0.7·P_lead+0.3·1590,20,20,0.003,0.016548463356973995,4.170212765957447
4653,0.09935513550816656,0.11727307967770141,0.8472117879160482,-0.2724708619591977,0.31614012465076297,0.05612463794419498,1.847656956248612,0.3571839306859205,xind,0.7·P_lead+0.3·1590,20,20,0.005,0.016548463356973995,4.170212765957447
4653,0.09309981635923041,0.11740445397750726,0.7929836833708778,-0.27907028687022206,0.3154953793251666,0.04987124219973484,1.6323927692328668,0.35716803891483834,xind,0.7·P_lead+0.3·1590,20,20,0.008,0.016548463356973995,4.170212765957447
4653,0.08892960359327295,0.11753558930914285,0.7566185196840232,-0.28413251648055726,0.3154953793251666,0.04570231170342809,1.489900844491661,0.35715744440078356,xind,0.7·P_lead+0.3·1590,20,20,0.01,0.016548463356973995,4.170212765957447
4672,0.15631852035243607,0.10362198231969476,1.5085459364226586,-0.16824051001557427,0.2544948630136986,0.1225856309119385,5.436248857908713,0.2806526497262521,xind,0.3·P_lead+0.7·1590,1,1,0.0,0.4090325342465753,103.07619863013699
4672,0.001704222407230571,0.10419963674176101,0.01635535843041528,-0.38014466554702675,0.24336472602739725,-0.03194267569162344,-1.3952066919863364,0.2799372144852733,xind,0.3·P_lead+0.7·1590,1,1,0.003,0.4090325342465753,103.07619863013699
4672,-0.1013719762229064,0.10530867161626858,-0.9626175571969325,-0.874495703366252,0.22923801369863014,-0.13496154676066466,-5.409219007348409,0.2794602576579541,xind,0.3·P_lead+0.7·1590,1,1,0.005,0.4090325342465753,103.07619863013699
4672,-0.25598627416811187,0.10801353295645735,-2.3699463128504985,-0.9928167334733303,0.21404109589041095,-0.2894898533642265,-9.639457298059103,0.27874482241697524,xind,0.3·P_lead+0.7·1590,1,1,0.008,0.4090325342465753,103.07619863013699
4672,-0.3590624727982489,0.11047132626525473,-3.25027756013445,-0.9989357142009933,0.20398116438356165,-0.3925087244332679,-11.445438137304139,0.27826786558965605,xind,0.3·P_lead+0.7·1590,1,1,0.01,0.4090325342465753,103.07619863013699
4668,0.10403725882599354,0.1034392167034625,1.0057815801548993,-0.1996592696233198,0.26306769494430166,0.0700968323730102,2.6426232805207137,0.27784765298076086,xind,0.3·P_lead+0.7·1590,1,5,0.0,0.07883461868037704,19.866323907455016
4668,0.07423777296481102,0.10346127273471392,0.7175416559504815,-0.22335008295570835,0.26178234790059984,0.04032060762819882,1.5225950137855302,0.27765722972257384,xind,0.3·P_lead+0.7·1590,1,5,0.003,0.07883461868037704,19.866323907455016
4668,0.054371449057356,0.1036968536289817,0.5243307502066775,-0.2387721849370339,0.2596401028277635,0.02046979113165791,0.7714544873151096,0.27753028088378257,xind,0.3·P_lead+0.7·1590,1,5,0.005,0.07883461868037704,19.866323907455016
4668,0.024571963196173482,0.10437854922770419,0.2354120015844365,-0.3301483436143121,0.25728363324764353,-0.009306433613153493,-0.3481047223324786,0.2773398576255956,xind,0.3·P_lead+0.7·1590,1,5,0.008,0.07883461868037704,19.866323907455016
4668,0.004705639288718479,0.10504858157374812,0.044794886501298835,-0.3965572627412335,0.25535561268209084,-0.029157250109694426,-1.0819794801256881,0.27721290878680427,xind,0.3·P_lead+0.7·1590,1,5,0.01,0.07883461868037704,19.866323907455016
4663,0.08651674122592407,0.10600644937093724,0.8161460150710748,-0.22999382470983365,0.2650654085352777,0.05101913988760143,1.980978303749202,0.2910156098201364,xind,0.3·P_lead+0.7·1590,1,10,0.0,0.037315033240403174,9.4033883765816
4663,0.07241165866105166,0.10600871353662374,0.6830727045473954,-0.24606106947769368,0.2644220458932018,0.036914038684160794,1.424157386748989,0.29101576262241324,xind,0.3·P_lead+0.7·1590,1,10,0.003,0.037315033240403174,9.4033883765816
4663,0.06300827028447008,0.10611693303444251,0.5937626397854846,-0.26099293152706327,0.26313532060905,0.027510637881867025,1.055790045606303,0.2910158644905979,xind,0.3·P_lead+0.7·1590,1,10,0.005,0.037315033240403174,9.4033883765816
4663,0.04890318771959767,0.10643867639170783,0.4594494161091193,-0.2828650108585474,0.2612052326828222,0.01340553667842637,0.509683181137074,0.29101601729287474,xind,0.3·P_lead+0.7·1590,1,10,0.008,0.037315033240403174,9.4033883765816
4663,0.03949979934301607,0.10675870069889115,0.36999138322621355,-0.29710321484768176,0.260347415826721,0.00400213587613261,0.151078080207349,0.2910161191610593,xind,0.3·P_lead+0.7·1590,1,10,0.01,0.037315033240403174,9.4033883765816
4653,0.1012600614225054,0.11194218975462027,0.904574599125403,-0.3829334175569227,0.273157102944337,0.06198116686728545,2.1991683496528966,0.32453454715551894,xind,0.3·P_lead+0.7·1590,1,20,0.0,0.019127444659359553,4.820116054158608
4653,0.09402988734126749,0.11192629376318798,0.8401054317068211,-0.38479440019079825,0.2727272727272727,0.054751176540743636,1.9431893007710608,0.3245330289165826,xind,0.3·P_lead+0.7·1590,1,20,0.003,0.019127444659359553,4.820116054158608
4653,0.0892097712871089,0.1119685007829282,0.7967398925887083,-0.38603349396681164,0.2722974425102085,0.04993118298971578,1.7718505377421325,0.3245320167572916,xind,0.3·P_lead+0.7·1590,1,20,0.005,0.019127444659359553,4.820116054158608
4653,0.08197959720587097,0.11211089855634905,0.7312366439081434,-0.3879301644190515,0.27143778207607994,0.042701192663173966,1.5141653518222253,0.32453049851835525,xind,0.3·P_lead+0.7·1590,1,20,0.008,0.019127444659359553,4.820116054158608
4653,0.07715948115171235,0.11225839918010305,0.6873381565678721,-0.3918904317848807,0.27100795185901566,0.0378811991121461,1.3421304013437183,0.32452948635906437,xind,0.3·P_lead+0.7·1590,1,20,0.01,0.019127444659359553,4.820116054158608
4672,0.1798891201163824,0.09942333061300697,1.8093250246924295,-0.1710369295673818,0.2735445205479452,0.14907669389709644,6.303130115158782,0.25635482777693774,xind,0.3·P_lead+0.7·1590,3,1,0.0,0.2733304794520548,68.8792808219178
4672,0.07657019888350566,0.09989566966130532,0.7665016826366519,-0.21365371648193987,0.2651969178082192,0.045715168169123174,1.964329107304607,0.2567092908732639,xind,0.3·P_lead+0.7·1590,3,1,0.003,0.2733304794520548,68.8792808219178
4672,0.007690918061587852,0.10083187436960828,0.07627467117586353,-0.3640233042364761,0.2555650684931507,-0.023192515649525694,-0.9701329939518578,0.256945599604148,xind,0.3·P_lead+0.7·1590,3,1,0.005,0.2733304794520548,68.8792808219178
4672,-0.09562800317128886,0.10313431513039008,-0.9272180946796305,-0.8664025281399113,0.24165239726027396,-0.12655404137749898,-4.856691576171181,0.2573000627004741,xind,0.3·P_lead+0.7·1590,3,1,0.008,0.2733304794520548,68.8792808219178
4672,-0.16450728399320666,0.10523746945349344,-1.563200681729674,-0.962848431002489,0.23523116438356165,-0.1954617251961478,-6.943665407679946,0.25753637143135827,xind,0.3·P_lead+0.7·1590,3,1,0.01,0.2733304794520548,68.8792808219178
4668,0.11524782192906823,0.10543625417430065,1.0930568695901102,-0.19842892066602513,0.2744215938303342,0.08009978068913434,2.9560889023579904,0.28773359046961017,xind,0.3·P_lead+0.7·1590,3,5,0.0,0.07433590402742074,18.732647814910028
4668,0.08714885020670321,0.10542385875557388,0.8266520618331622,-0.21502021473861876,0.2731362467866324,0.05203559215917819,1.9070523478423989,0.2874488436533795,xind,0.3·P_lead+0.7·1590,3,5,0.003,0.07433590402742074,18.732647814910028
4668,0.06841620239179316,0.105621054558797,0.6477515555736789,-0.22753742682180478,0.2712082262210797,0.03332613313920743,1.21264326168991,0.28725901244255925,xind,0.3·P_lead+0.7·1590,3,5,0.005,0.07433590402742074,18.732647814910028
4668,0.04031723066942813,0.10622274887751895,0.3795536370077963,-0.2782055064725809,0.26820908311910885,0.005261944609251296,0.18874243023271933,0.2869742656263287,xind,0.3·P_lead+0.7·1590,3,5,0.008,0.07433590402742074,18.732647814910028
4668,0.0215845828545181,0.10682513199248285,0.20205528841318895,-0.3398675420843297,0.26585261353898887,-0.013447514410719456,-0.47670362798751037,0.2867844344155082,xind,0.3·P_lead+0.7·1590,3,5,0.01,0.07433590402742074,18.732647814910028
4663,0.1076147456003586,0.10880315221091087,0.9890774615771372,-0.26161801807888585,0.2897276431481879,0.07047717680950268,2.586144737827288,0.3044603528532077,xind,0.3·P_lead+0.7·1590,3,10,0.0,0.03752948745442848,9.457430838515977
4663,0.09342859934258463,0.10883719822690964,0.8584252522542861,-0.2726094723802933,0.28886982629208663,0.05627175385824855,2.0479104401824393,0.3046183865934308,xind,0.3·P_lead+0.7·1590,3,10,0.003,0.03752948745442848,9.457430838515977
4663,0.08397116850406867,0.10896438272560208,0.7706295066666676,-0.27985506921740466,0.2873686467939095,0.04680147189074582,1.6923168015275967,0.30472374242024625,xind,0.3·P_lead+0.7·1590,3,10,0.005,0.03752948745442848,9.457430838515977
4663,0.0697850222462947,0.10931116077776366,0.6384071100312617,-0.2906017124942206,0.28522410465365644,0.032596048939491716,1.1657563627189382,0.30488177616046924,xind,0.3·P_lead+0.7·1590,3,10,0.008,0.03752948745442848,9.457430838515977
4663,0.06032759140777873,0.10964557952531287,0.5502054133778503,-0.2976857291605467,0.28436628779755524,0.023125766971988964,0.8203237349735282,0.3049871319872846,xind,0.3·P_lead+0.7·1590,3,10,0.01,0.03752948745442848,9.457430838515977
4653,0.12400721433561807,0.1102285639717019,1.1250007245622238,-0.26629157577198825,0.28798624543305396,0.08622056741148257,2.9546586737412164,0.3122051291644631,xind,0.3·P_lead+0.7·1590,3,20,0.0,0.017837954008166772,4.495164410058027
4653,0.11726446772053102,0.11019993051885156,1.0641065486014165,-0.2684879307983332,0.28734150010745757,0.0794718421648043,2.725372230896305,0.3122545264939463,xind,0.3·P_lead+0.7·1590,3,20,0.003,0.017837954008166772,4.495164410058027
4653,0.11276930331047301,0.110230924681175,1.0230278266887434,-0.2699503384183167,0.2871265849989254,0.0749726920003521,2.571572880402572,0.31228745804693514,xind,0.3·P_lead+0.7·1590,3,20,0.005,0.017837954008166772,4.495164410058027
4653,0.10602655669538595,0.11035245622138293,0.9607992456704489,-0.27218921221356396,0.28583709434773263,0.06822396675367381,2.3397306124491597,0.3123368553764185,xind,0.3·P_lead+0.7·1590,3,20,0.008,0.017837954008166772,4.495164410058027
4653,0.10153139228532794,0.11048337571064203,0.9189743853522409,-0.27437967810830466,0.28583709434773263,0.06372481658922156,2.184566493458339,0.31236978692940726,xind,0.3·P_lead+0.7·1590,3,20,0.01,0.017837954008166772,4.495164410058027
4672,0.16695905518094906,0.09898630494358858,1.6866884290316482,-0.19347177223266632,0.2748287671232877,0.13647635850271453,5.515106019484342,0.2536115267753346,xind,0.3·P_lead+0.7·1590,5,1,0.0,0.2189640410958904,55.17893835616438
4672,0.08419064764670248,0.0992521026695,0.8482505194580036,-0.2508506157815801,0.2705479452054795,0.05363316117801262,2.160147427043199,0.25423376676757636,xind,0.3·P_lead+0.7·1590,5,1,0.003,0.2189640410958904,55.17893835616438
4672,0.02901170929053809,0.09996935697151782,0.2902060208189975,-0.28831800212664693,0.261986301369863,-0.0015956370384552481,-0.062659602520189,0.2546485934290707,xind,0.3·P_lead+0.7·1590,5,1,0.005,0.2189640410958904,55.17893835616438
4672,-0.05375669824370848,0.10183250150277295,-0.5278933292456207,-0.7120079271934568,0.2527825342465753,-0.08443883436315712,-3.103097282939372,0.25527083342131235,xind,0.3·P_lead+0.7·1590,5,1,0.008,0.2189640410958904,55.17893835616438
4672,-0.10893563659987286,0.10357741365124834,-1.0517315769890336,-0.8966425216099972,0.24743150684931506,-0.1396676325796249,-4.844858491750408,0.2556856600828067,xind,0.3·P_lead+0.7·1590,5,1,0.01,0.2189640410958904,55.17893835616438
4668,0.100117484798231,0.10702583605608493,0.9354515553213364,-0.2639571850061352,0.2718508997429306,0.06387597300735895,2.181605494174915,0.29668510516559093,xind,0.3·P_lead+0.7·1590,5,5,0.0,0.07047986289631533,17.760925449871465
4668,0.07347609662342379,0.1070477745004388,0.6863860268587144,-0.3002835754049066,0.27099400171379606,0.03728721642367104,1.260835558041384,0.2962542454035488,xind,0.3·P_lead+0.7·1590,5,5,0.003,0.07047986289631533,17.760925449871465
4668,0.05571517117355233,0.10725501701562867,0.519464475637851,-0.3237246873462659,0.2688517566409597,0.019561378701212474,0.6557934769923837,0.29596700556218736,xind,0.3·P_lead+0.7·1590,5,5,0.005,0.07047986289631533,17.760925449871465
4668,0.029073782998745135,0.10785258541920988,0.2695696434697312,-0.35746337913175763,0.2656383890317052,-0.007027377882475437,-0.2319500283815575,0.29553614580014526,xind,0.3·P_lead+0.7·1590,5,5,0.008,0.07047986289631533,17.760925449871465
4668,0.011312857548873663,0.10843964315474695,0.10432400199556026,-0.3790420703067934,0.26306769494430166,-0.024753215604934053,-0.8072330538806729,0.2952489059587837,xind,0.3·P_lead+0.7·1590,5,5,0.01,0.07047986289631533,17.760925449871465
4663,0.1023212497728229,0.11012713227398324,0.9291193519709546,-0.23249826530838458,0.2845807420115805,0.0642359697208809,2.2904983301021367,0.31222985727548613,xind,0.3·P_lead+0.7·1590,5,10,0.0,0.03795839588247909,9.565515762384731
4663,0.08797297612924578,0.11022546366058705,0.7981184492916947,-0.25076405239039856,0.2839373793695046,0.04986086232994523,1.7636033537577778,0.3124498450790814,xind,0.3·P_lead+0.7·1590,5,10,0.003,0.03795839588247909,9.565515762384731
4663,0.07840746036686107,0.11039523941358872,0.7102431298972279,-0.26271396754121845,0.2828651082993781,0.04027745740265476,1.4157599382087134,0.3125965036148116,xind,0.3·P_lead+0.7·1590,5,10,0.005,0.03795839588247909,9.565515762384731
4663,0.06405918672328396,0.11080527716160506,0.5781239699428414,-0.280304260968383,0.28114947458717565,0.02590235001171908,0.9008757921964188,0.3128164914184069,xind,0.3·P_lead+0.7·1590,5,10,0.008,0.03795839588247909,9.565515762384731
4663,0.05449367096089923,0.11118132704327341,0.4901333021478463,-0.2918117059293739,0.2798627493030238,0.01631894508442864,0.5631363700268929,0.3129631499541371,xind,0.3·P_lead+0.7·1590,5,10,0.01,0.03795839588247909,9.565515762384731
4653,0.12340211101021419,0.11429067873625035,1.0797215693765403,-0.26629157577198825,0.27874489576617234,0.0825007276951375,2.8015972982056767,0.3379400582043278,xind,0.3·P_lead+0.7·1590,5,20,0.0,0.018267784225231034,4.603481624758221
4653,0.11649688857307687,0.11426352830922044,1.0195456966619525,-0.2684879307983332,0.27852998065764023,0.07561045543108949,2.5709566974203817,0.3378165351849462,xind,0.3·P_lead+0.7·1590,5,20,0.003,0.018267784225231034,4.603481624758221
4653,0.11189340694831866,0.11429487258722709,0.9789888593902085,-0.2699503384183167,0.2783150655491081,0.07101694058839086,2.416171778996744,0.3377341865053583,xind,0.3·P_lead+0.7·1590,5,20,0.005,0.018267784225231034,4.603481624758221
4653,0.10498818451118132,0.11441597457622171,0.9176007537412552,-0.27218921221356396,0.27724049000644746,0.06412666832434284,2.182717361274918,0.3376106634859767,xind,0.3·P_lead+0.7·1590,5,20,0.008,0.018267784225231034,4.603481624758221
4653,0.10038470288642311,0.11454597777674112,0.8763703871128551,-0.27437967810830466,0.27724049000644746,0.059533153481644153,2.0263843299718434,0.33752831480638884,xind,0.3·P_lead+0.7·1590,5,20,0.01,0.018267784225231034,4.603481624758221
4672,0.15790871004176482,0.09459183009821763,1.6693694357938031,-0.1567997684643313,0.2866010273972603,0.1306426747407912,5.347324632696521,0.2268493799870263,xind,0.3·P_lead+0.7·1590,10,1,0.0,0.1577482876712329,39.75256849315069
4672,0.09827985730203878,0.09470312913483829,1.0377677928900106,-0.184212269684635,0.2833904109589041,0.07105757817221861,2.8932038615827893,0.2264853351162846,xind,0.3·P_lead+0.7·1590,10,1,0.003,0.1577482876712329,39.75256849315069
4672,0.058527288808888106,0.09521790968355234,0.6146668100927439,-0.21953896108111037,0.2763270547945205,0.03133418045983698,1.2531950978307054,0.22624263853579019,xind,0.3·P_lead+0.7·1590,10,1,0.005,0.1577482876712329,39.75256849315069
4672,-0.00110156393083793,0.09663687157411072,-0.011399002398304482,-0.32142546859957233,0.2709760273972603,-0.028250916108735553,-1.0795911132849045,0.2258785936650485,xind,0.3·P_lead+0.7·1590,10,1,0.008,0.1577482876712329,39.75256849315069
4672,-0.040854132423988616,0.09799947340959173,-0.41688114234285273,-0.6434876309352757,0.2664811643835616,-0.0679743138211172,-2.494959870136373,0.22563589708455406,xind,0.3·P_lead+0.7·1590,10,1,0.01,0.1577482876712329,39.75256849315069
4668,0.09289645609705814,0.10393145305677953,0.8938242790304031,-0.252100872856699,0.2769922879177378,0.05906004167318396,2.1067732975908546,0.276996175813561,xind,0.3·P_lead+0.7·1590,10,5,0.0,0.062339331619537273,15.709511568123393
4668,0.06933218874487304,0.10402281634178527,0.6665094369015153,-0.2720626759496957,0.27570694087403597,0.0355242208129704,1.2531631947423558,0.2767633033409426,xind,0.3·P_lead+0.7·1590,10,5,0.003,0.062339331619537273,15.709511568123393
4668,0.05362267717674966,0.1042604716317169,0.5143145464195005,-0.28508983318611214,0.2744215938303342,0.019833673572828017,0.6931923437983615,0.27660805502586383,xind,0.3·P_lead+0.7·1590,10,5,0.005,0.062339331619537273,15.709511568123393
4668,0.030058409824564564,0.10487967122020637,0.28659900889137646,-0.30421841770545077,0.2718508997429306,-0.003702147287385556,-0.12727333439307756,0.2763751825532455,xind,0.3·P_lead+0.7·1590,10,5,0.008,0.062339331619537273,15.709511568123393
4668,0.014348898256441174,0.10546521605370522,0.13605337184474545,-0.34157873668775485,0.26906598114824337,-0.01939269452752793,-0.6583501484414922,0.2762199342381666,xind,0.3·P_lead+0.7·1590,10,5,0.01,0.062339331619537273,15.709511568123393
4663,0.10276910800818015,0.1093403043421533,0.939901426344944,-0.28399321401176436,0.28543855886768177,0.06528169472513344,2.3585733416818497,0.30732843983369906,xind,0.3·P_lead+0.7·1590,10,10,0.0,0.03409822003002359,8.592751447565945
4663,0.08987998083683124,0.10939739231619611,0.8215916205483872,-0.2989055050335584,0.28436628779755524,0.05238531222271227,1.8839981435413804,0.30738792032017825,xind,0.3·P_lead+0.7·1590,10,10,0.003,0.03409822003002359,8.592751447565945
4663,0.08128722938926529,0.10953021565954146,0.7421443379782495,-0.3086862533931497,0.2837229251554793,0.04378772388776479,1.568723549976711,0.30742757397783105,xind,0.3·P_lead+0.7·1590,10,10,0.005,0.03409822003002359,8.592751447565945
4663,0.06839810221791637,0.10987091034938447,0.6225314962842625,-0.3231200486843083,0.28243619987132745,0.030891341385343597,1.0990146325250858,0.30748705446431024,xind,0.3·P_lead+0.7·1590,10,10,0.008,0.03409822003002359,8.592751447565945
4663,0.05980535077035043,0.11019166624082612,0.5427393269436968,-0.3325865707011444,0.2813639288012009,0.022293753050396124,0.7888628397423226,0.30752670812196303,xind,0.3·P_lead+0.7·1590,10,10,0.01,0.03409822003002359,8.592751447565945
4653,0.10750254059711935,0.1124354667668922,0.9561266003368842,-0.2614408341020963,0.2720825274016763,0.06759909422403905,2.41469526710681,0.32969479017354697,xind,0.3·P_lead+0.7·1590,10,20,0.0,0.017837954008166772,4.495164410058027
4653,0.10075979398203229,0.11245099175425519,0.8960329509785717,-0.2680754421607314,0.2716526971846121,0.060857892831568144,2.1702987476132516,0.32968202305961347,xind,0.3·P_lead+0.7·1590,10,20,0.003,0.017837954008166772,4.495164410058027
4653,0.09626462957197428,0.11251041259268585,0.855606404364322,-0.2724708619591977,0.27143778207607994,0.056363758569920853,2.007226601412692,0.3296735116503245,xind,0.3·P_lead+0.7·1590,10,20,0.005,0.017837954008166772,4.495164410058027
4653,0.08952188295688723,0.11267299484850961,0.7945282991479071,-0.27907028687022206,0.27057812164195144,0.04962255717744992,1.7626988325044486,0.329660744536391,xind,0.3·P_lead+0.7·1590,10,20,0.008,0.017837954008166772,4.495164410058027
4653,0.0850267185468292,0.11283018571292254,0.7535813045913565,-0.28413251648055726,0.27057812164195144,0.04512842291580259,1.5999022792659685,0.329652233127102,xind,0.3·P_lead+0.7·1590,10,20,0.01,0.017837954008166772,4.495164410058027
4672,0.142493849053147,0.09969189024546554,1.4293424339963128,-0.18544299162408118,0.3071489726027397,0.11216738833136249,4.366150313034743,0.25231166673110217,xind,0.3·P_lead+0.7·1590,20,1,0.0,0.1076626712328767,27.13099315068493
4672,0.1017973593271196,0.09982863854677333,1.0197210019990792,-0.22679874953972934,0.3045804794520548,0.07148389183964252,2.728784809144956,0.2522035649438732,xind,0.3·P_lead+0.7·1590,20,1,0.003,0.1076626712328767,27.13099315068493
4672,0.07466636617643467,0.10022217530163403,0.7450084370221938,-0.2549518357407118,0.2996575342465753,0.044361560845162615,1.6572707191060891,0.2521314970857206,xind,0.3·P_lead+0.7·1590,20,1,0.005,0.1076626712328767,27.13099315068493
4672,0.03396987645040726,0.10125898662869644,0.33547517688450107,-0.3468880346724452,0.2947345890410959,0.0036780643534427273,0.13160424574439902,0.2520233952984915,xind,0.3·P_lead+0.7·1590,20,1,0.008,0.1076626712328767,27.13099315068493
4672,0.006838883299722344,0.10224082172084431,0.06688994850212622,-0.4554213444420613,0.2904537671232877,-0.02344426664103718,-0.810399404568541,0.25195132744033893,xind,0.3·P_lead+0.7·1590,20,1,0.01,0.1076626712328767,27.13099315068493
4668,0.09838860451131498,0.1060332697017792,0.9279031457582607,-0.24599865159611312,0.29841473864610113,0.06308903258666386,2.1572139610741856,0.28897407120315566,xind,0.3·P_lead+0.7·1590,20,5,0.0,0.04562982005141388,11.498714652956298
4668,0.08114053253188053,0.1061007938121102,0.7647495331238442,-0.27945262147732897,0.29734361610968296,0.045833135249275264,1.5463718606761516,0.28903813219379504,xind,0.3·P_lead+0.7·1590,20,5,0.003,0.04562982005141388,11.498714652956298
4668,0.06964181787892425,0.10627496809984287,0.6552984124492739,-0.30148561401359075,0.29605826906598115,0.034329203691016164,1.1466526301040392,0.28908083952088803,xind,0.3·P_lead+0.7·1590,20,5,0.005,0.04562982005141388,11.498714652956298
4668,0.0523937458994898,0.10672870219346355,0.4909058652705944,-0.33331727127207544,0.29413024850042846,0.017073306353627533,0.5608590445467089,0.28914490051152747,xind,0.3·P_lead+0.7·1590,20,5,0.008,0.04562982005141388,11.498714652956298
4668,0.0408950312465335,0.10715823896404895,0.38163216978820996,-0.35375357814046626,0.292630676949443,0.005569374795368449,0.18076042945120602,0.2891876078386204,xind,0.3·P_lead+0.7·1590,20,5,0.01,0.04562982005141388,11.498714652956298
4663,0.10464389796111301,0.10743886445676808,0.9739855171609737,-0.29756377977800674,0.30066480806347845,0.0683461822477488,2.505893914017284,0.2975750888835066,xind,0.3·P_lead+0.7·1590,20,10,0.0,0.02723568518121381,6.86339266566588
4663,0.09434880896261418,0.10743372620760705,0.8782047527635101,-0.3121764942376556,0.3000214454214025,0.058064529224333104,2.1186868100304306,0.29746493838502436,xind,0.3·P_lead+0.7·1590,20,10,0.003,0.02723568518121381,6.86339266566588
4663,0.08748541629694831,0.1075079728198259,0.8137574730719399,-0.32176093798506356,0.2993780827793266,0.05121009387538931,1.8614613889956446,0.29739150471936965,xind,0.3·P_lead+0.7·1590,20,10,0.005,0.02723568518121381,6.86339266566588
4663,0.07719032729844949,0.10773552973680116,0.7164797675105524,-0.3359053100841942,0.2987347201372507,0.04092844085197357,1.4779376355693332,0.2972813542208874,xind,0.3·P_lead+0.7·1590,20,10,0.008,0.02723568518121381,6.86339266566588
4663,0.07032693463278361,0.10796431141113012,0.651390572621515,-0.34518218972764836,0.29787690328114946,0.03407400550302975,1.224323009264459,0.29720792055523265,xind,0.3·P_lead+0.7·1590,20,10,0.01,0.02723568518121381,6.86339266566588
4653,0.10107578812992915,0.11166696116663154,0.905153924436987,-0.2614408341020963,0.2940038684719536,0.06177194079273422,2.2085434842835325,0.3247407148669632,xind,0.3·P_lead+0.7·1590,20,20,0.0,0.017408123791102514,4.386847195357833
4653,0.09449551733689239,0.1116618267446886,0.8462651927856559,-0.2680754421607314,0.2935740382548893,0.0552023360639014,1.9648622738183752,0.3246525884989595,xind,0.3·P_lead+0.7·1590,20,20,0.003,0.017408123791102514,4.386847195357833
4653,0.09010867014153456,0.11170665882859673,0.8066544204835432,-0.2724708619591977,0.29292929292929293,0.05082259957801286,1.8030849966138658,0.324593837586957,xind,0.3·P_lead+0.7·1590,20,20,0.005,0.017408123791102514,4.386847195357833
4653,0.08352839934849783,0.11184617344791288,0.7468149939648787,-0.27907028687022206,0.29228454760369654,0.04425299484918002,1.5617118179795475,0.3245057112189533,xind,0.3·P_lead+0.7·1590,20,20,0.008,0.017408123791102514,4.386847195357833
4653,0.07914155215313998,0.11198722080953,0.706701635963852,-0.28413251648055726,0.29206963249516443,0.03987325836329148,1.4018132887256969,0.32444696030695075,xind,0.3·P_lead+0.7·1590,20,20,0.01,0.017408123791102514,4.386847195357833
4672,0.1326206197160184,0.10333148466518753,1.2834483134132149,-0.19492830676450734,0.23715753424657535,0.09902139981624268,4.277302832008006,0.27954053892241915,xind,P_lead+1.0·1590⊥,1,1,0.0,0.4193065068493151,105.66523972602741
4672,-0.02587723987302273,0.10385067491250422,-0.24917738757908608,-0.5273897991884398,0.2249571917808219,-0.05943274501597241,-2.4911300284725195,0.2791768386127559,xind,P_lead+1.0·1590⊥,1,1,0.003,0.4193065068493151,105.66523972602741
4672,-0.13154247959905013,0.10492904563367324,-1.2536326696259998,-0.9296573861462895,0.2108304794520548,-0.16506884157078244,-6.311986766499286,0.27893437173964697,xind,P_lead+1.0·1590⊥,1,1,0.005,0.4193065068493151,105.66523972602741
4672,-0.2900403391880912,0.10760094550864917,-2.6955184995542365,-0.9962436928909343,0.1952054794520548,-0.3235229864029975,-10.25735420981425,0.2785706714299835,xind,P_lead+1.0·1590⊥,1,1,0.008,0.4193065068493151,105.66523972602741
4672,-0.3957055789141186,0.11004529376076704,-3.5958428151808364,-0.9994686366652841,0.1860017123287671,-0.4291590829578076,-11.927411536670737,0.27832820455687457,xind,P_lead+1.0·1590⊥,1,1,0.01,0.4193065068493151,105.66523972602741
4668,0.09584102862125561,0.10024668627290911,0.9560518375673822,-0.2168789285306698,0.243573264781491,0.06399166238345297,2.518091969853249,0.26072953651177,xind,P_lead+1.0·1590⊥,1,5,0.0,0.0779777206512425,19.65038560411311
4668,0.06636545021508596,0.1002794484987234,0.6618050977407481,-0.23830027439572588,0.24207369323050557,0.03458589242769275,1.3606926742982275,0.26015806124962604,xind,P_lead+1.0·1590⊥,1,5,0.003,0.0779777206512425,19.65038560411311
4668,0.04671506461097284,0.10052687460717973,0.4647022479662012,-0.25641494385223773,0.2403598971722365,0.014982045790519274,0.5874989796670363,0.25977707774153014,xind,P_lead+1.0·1590⊥,1,5,0.005,0.0779777206512425,19.65038560411311
4668,0.017239486204803183,0.10123308262133048,0.17029498419295105,-0.2828149120151675,0.23714652956298202,-0.014423724165240941,-0.5602455057530599,0.2592056024793862,xind,P_lead+1.0·1590⊥,1,5,0.008,0.0779777206512425,19.65038560411311
4668,-0.002410899399309935,0.10192365584876227,-0.023653972958812507,-0.3471444097961529,0.23479005998286204,-0.0340275708024144,-1.3094892886776546,0.2588246189712902,xind,P_lead+1.0·1590⊥,1,5,0.01,0.0779777206512425,19.65038560411311
4663,0.08226735613201513,0.10470112845766338,0.7857351429147252,-0.24325897568370558,0.2556294231181643,0.04768414365032715,1.7576738143173045,0.283519288359143,xind,P_lead+1.0·1590⊥,1,10,0.0,0.03945957538065623,9.94381299592537
4663,0.06735163663812709,0.10469424745473045,0.6433174532082079,-0.2500730858227461,0.25498606047608835,0.03278520653017543,1.2058170123003684,0.28338170349304,xind,P_lead+1.0·1590⊥,1,10,0.003,0.03945957538065623,9.94381299592537
4663,0.057407823642201726,0.10480366687845677,0.5477654108112353,-0.2629449936352839,0.2539137894059618,0.022852581783407624,0.8384784592539627,0.28328998024897134,xind,P_lead+1.0·1590⊥,1,10,0.005,0.03945957538065623,9.94381299592537
4663,0.04249210414831367,0.10513809425960195,0.4041551679964277,-0.2825880956616138,0.25219815569375936,0.007953644663255906,0.290372032193711,0.2831523953828683,xind,P_lead+1.0·1590⊥,1,10,0.008,0.03945957538065623,9.94381299592537
4663,0.03254829115238829,0.10547373806455305,0.30859142521779,-0.2954076793804249,0.25134033883765816,-0.0019789800835118996,-0.07194413747118471,0.28306067213879965,xind,P_lead+1.0·1590⊥,1,10,0.01,0.03945957538065623,9.94381299592537
4653,0.09842300188907291,0.11132786575752024,0.8840823563746835,-0.28151885256684595,0.2639157532774554,0.0596010617309089,2.1327751235855916,0.3207590465973049,xind,P_lead+1.0·1590⊥,1,20,0.0,0.01955727487642381,4.9284332688588
4653,0.09103035198578471,0.11124066637965475,0.8183190100201847,-0.2836596593829306,0.26348592306039115,0.05222353759310896,1.869892210460173,0.3206340727784462,xind,P_lead+1.0·1590⊥,1,20,0.003,0.01955727487642381,4.9284332688588
4653,0.08610191871692591,0.11123681949495184,0.7740415368567185,-0.285392690856871,0.26305609284332687,0.04730518816790899,1.6938363095556632,0.32055075689920715,xind,P_lead+1.0·1590⊥,1,20,0.005,0.01955727487642381,4.9284332688588
4653,0.0787092688136377,0.11131248947524185,0.7071018641726114,-0.29186480644759893,0.2619815173006662,0.039927664030109035,1.4289414471284547,0.32042578308034847,xind,P_lead+1.0·1590⊥,1,20,0.008,0.01955727487642381,4.9284332688588
4653,0.0737808355447789,0.11141714362779825,0.6622036173468264,-0.2968304956581411,0.261551687083602,0.03500931460490909,1.252033546662116,0.3203424672011093,xind,P_lead+1.0·1590⊥,1,20,0.01,0.01955727487642381,4.9284332688588
4672,0.1498020403249951,0.10132321888518711,1.4784571786526153,-0.21164080898118098,0.2461472602739726,0.11747803822209218,4.613604876134315,0.26893091550721426,xind,P_lead+1.0·1590⊥,3,1,0.0,0.2857448630136986,72.00770547945206
4672,0.041790482105817026,0.10183746459788205,0.41036451831191956,-0.26775191127158326,0.23715753424657535,0.009453546244243716,0.3686465220207978,0.2690385224659413,xind,P_lead+1.0·1590⊥,3,1,0.003,0.2857448630136986,72.00770547945206
4672,-0.03021722337363502,0.10280625506481958,-0.29392397723837915,-0.5639473092103053,0.2268835616438356,-0.06256278174098863,-2.3492965512142354,0.26911026043842606,xind,P_lead+1.0·1590⊥,3,1,0.005,0.2857448630136986,72.00770547945206
4672,-0.1382287815928131,0.10516378760850617,-1.3144142554792548,-0.93902511215319,0.21361301369863014,-0.17058727371883686,-5.835125069765452,0.269217867397153,xind,P_lead+1.0·1590⊥,3,1,0.008,0.2857448630136986,72.00770547945206
4672,-0.21023648707226517,0.10730747192557531,-1.9591970931723919,-0.9839263203360687,0.20761986301369864,-0.24260360170406936,-7.68309162057656,0.2692896053696377,xind,P_lead+1.0·1590⊥,3,1,0.01,0.2857448630136986,72.00770547945206
4668,0.09433992710737857,0.10435541270006829,0.9040252409189775,-0.2168789285306696,0.25299914310197086,0.05977554063893852,2.227747836930221,0.28295559781134927,xind,P_lead+1.0·1590⊥,3,5,0.0,0.07690659811482434,19.380462724935732
4668,0.06526923301997496,0.10434810257705857,0.6254951590688983,-0.22853156383775153,0.25171379605826905,0.03077880180358092,1.1492580542508026,0.2823501754476956,xind,P_lead+1.0·1590⊥,3,5,0.003,0.07690659811482434,19.380462724935732
4668,0.04588877029503923,0.10455737151879138,0.4388860357568568,-0.2543502370010585,0.2493573264781491,0.011447642580009172,0.4267916507780835,0.28194656053859324,xind,P_lead+1.0·1590⊥,3,5,0.005,0.07690659811482434,19.380462724935732
4668,0.016818076207635632,0.10518993235926376,0.1598829453582638,-0.2915125234675957,0.24571550985432733,-0.01754909625534847,-0.650062993095354,0.28134113817493966,xind,P_lead+1.0·1590⊥,3,5,0.008,0.07690659811482434,19.380462724935732
4668,-0.002562386517300097,0.1058211148591377,-0.02421432169478636,-0.3768366724675233,0.24314481576692373,-0.036880255478920224,-1.356638198551641,0.28093752326583726,xind,P_lead+1.0·1590⊥,3,5,0.01,0.07690659811482434,19.380462724935732
4663,0.08705469269673292,0.10829901695356335,0.8038364072506807,-0.26693836744714095,0.26570877117735364,0.04986241350479204,1.6690868900292324,0.30490887839113107,xind,P_lead+1.0·1590⊥,3,10,0.0,0.04096075487883337,10.32211022946601
4663,0.07157152735253393,0.10836608809911433,0.6604605611219705,-0.28393162308268705,0.26527986274930304,0.03437960497199441,1.143887065502514,0.3049059531881976,xind,P_lead+1.0·1590⊥,3,10,0.003,0.04096075487883337,10.32211022946601
4663,0.0612494171230679,0.10852488477281223,0.5643813144910352,-0.2981896631237342,0.2635642290371006,0.024057732616795995,0.7965879295710613,0.3049040030529086,xind,P_lead+1.0·1590⊥,3,10,0.005,0.04096075487883337,10.32211022946601
4663,0.0457662517788689,0.10893320583411135,0.4201313220191456,-0.3190720426459013,0.2618485953248981,0.008574924083998375,0.28154228613105947,0.3049010778499751,xind,P_lead+1.0·1590⊥,3,10,0.008,0.04096075487883337,10.32211022946601
4663,0.03544414154940288,0.10931784876851523,0.32423014126867084,-0.33266421469428864,0.2612052326828222,-0.0017469482712000406,-0.05699314816814199,0.3048991277146861,xind,P_lead+1.0·1590⊥,3,10,0.01,0.04096075487883337,10.32211022946601
4653,0.09687503946689424,0.11025657160385915,0.8786327931087554,-0.26629157577198825,0.25574897915323447,0.058928274933182305,2.0467114222410956,0.3135280710777717,xind,P_lead+1.0·1590⊥,3,20,0.0,0.018697614442295292,4.711798839458414
4653,0.08980734120770663,0.11020669270154267,0.814899159082101,-0.2684879307983332,0.2553191489361702,0.05188106573303916,1.8037107025402412,0.3133587840452844,xind,P_lead+1.0·1590⊥,3,20,0.003,0.018697614442295292,4.711798839458414
4653,0.08509554236824822,0.11022588567357447,0.7720105113988577,-0.2699503384183167,0.2546744036105738,0.047182926266277056,1.6409290647164867,0.3132459260236261,xind,P_lead+1.0·1590⊥,3,20,0.005,0.018697614442295292,4.711798839458414
4653,0.0780278441090606,0.11033328875313887,0.7072012897543654,-0.27218921221356396,0.25359982806791315,0.040135717066133905,1.3958897700398232,0.3130766389911388,xind,P_lead+1.0·1590⊥,3,20,0.008,0.018697614442295292,4.711798839458414
4653,0.0733160452696022,0.11045718098061659,0.6637508274130947,-0.27437967810830466,0.25338491295938104,0.0354375775993718,1.2321324004366774,0.31296378096948047,xind,P_lead+1.0·1590⊥,3,20,0.01,0.018697614442295292,4.711798839458414
4672,0.1401595575538052,0.09919016485765407,1.4130388608078788,-0.20234085135615765,0.2508561643835616,0.10935643407056184,4.334490522310882,0.2562774303893032,xind,P_lead+1.0·1590⊥,5,1,0.0,0.23351883561643835,58.846746575342465
4672,0.05188943769079148,0.09948755865520835,0.5215671023813487,-0.2522454580949307,0.2442208904109589,0.021108955130334336,0.8250477546015863,0.2560890612612037,xind,P_lead+1.0·1590⊥,5,1,0.003,0.23351883561643835,58.846746575342465
4672,-0.006957308884550983,0.10024944450545953,-0.06939997442252253,-0.4183818032679625,0.2358732876712329,-0.037722697496484,-1.4262148084170039,0.2559634818424706,xind,P_lead+1.0·1590⊥,5,1,0.005,0.23351883561643835,58.846746575342465
4672,-0.09522742874756468,0.10221250408050545,-0.9316612444262288,-0.868237246052139,0.22559931506849315,-0.1259701764367115,-4.408667426037663,0.255775112714371,xind,P_lead+1.0·1590⊥,5,1,0.008,0.23351883561643835,58.846746575342465
4672,-0.15407417532290715,0.10404396033856635,-1.4808565035542571,-0.9557058591195313,0.2204623287671233,-0.1848018290635298,-6.068825157266583,0.25564953329563794,xind,P_lead+1.0·1590⊥,5,1,0.01,0.23351883561643835,58.846746575342465
4668,0.09348680114342103,0.10393542954553228,0.8994700031760211,-0.218805505386084,0.2519280205655527,0.05918872264621054,2.153278505513662,0.2807755119223668,xind,P_lead+1.0·1590⊥,5,5,0.0,0.07005141388174807,17.652956298200515
4668,0.06700736669612024,0.10398656712624656,0.6443848330406838,-0.24589048009281744,0.25107112253641817,0.03275156364104773,1.1877051603614466,0.28042943105054763,xind,P_lead+1.0·1590⊥,5,5,0.003,0.07005141388174807,17.652956298200515
4668,0.04935441039791974,0.10421777300206152,0.4735699965201086,-0.29214979761044313,0.24914310197086548,0.01512679097093921,0.5461691088674225,0.280198710469335,xind,P_lead+1.0·1590⊥,5,5,0.005,0.07005141388174807,17.652956298200515
4668,0.022874975950618968,0.10485764531995595,0.21815267623853007,-0.3714795133078852,0.24592973436161097,-0.011310368034223596,-0.4043925705572362,0.27985262959751583,xind,P_lead+1.0·1590⊥,5,5,0.008,0.07005141388174807,17.652956298200515
4668,0.005222019652418452,0.10547683700835196,0.04950868646170114,-0.41942060211353194,0.243573264781491,-0.028935140704332132,-1.0256968694626436,0.27962190901630307,xind,P_lead+1.0·1590⊥,5,5,0.01,0.07005141388174807,17.652956298200515
4663,0.08656609302414141,0.10609043180151628,0.8159651304473641,-0.23178340063725777,0.2594895989706198,0.05095622140941871,1.8774277387703073,0.2919360213893534,xind,P_lead+1.0·1590⊥,5,10,0.0,0.03967402959468153,9.997855457859746
4663,0.0715693098373518,0.1061995204864424,0.6739136816205159,-0.25458515906304935,0.25884623632854387,0.035932740464286024,1.3174839256353752,0.29215489433096403,xind,P_lead+1.0·1590⊥,5,10,0.003,0.03967402959468153,9.997855457859746
4663,0.06157145437949205,0.10638508004080828,0.5787602392729679,-0.26942753304837186,0.25734505683036674,0.025917086500864224,0.9462597817577892,0.2923008096253712,xind,P_lead+1.0·1590⊥,5,10,0.005,0.03967402959468153,9.997855457859746
4663,0.04657467119270243,0.10683149411473988,0.43596386607380017,-0.29116573028159254,0.2556294231181643,0.010893605555731536,0.39467161107594606,0.2925196825669819,xind,P_lead+1.0·1590⊥,5,10,0.008,0.03967402959468153,9.997855457859746
4663,0.03657681573484268,0.10724006498061651,0.34107416609131935,-0.30531494716092666,0.2547716062620631,0.000877951592309717,0.03161553123559206,0.29266559786138896,xind,P_lead+1.0·1590⊥,5,10,0.01,0.03967402959468153,9.997855457859746
4653,0.10949677727829019,0.11181792645041183,0.979241707963964,-0.26629157577198825,0.2576832151300236,0.0703761655290695,2.4578004629782684,0.3232267649648755,xind,P_lead+1.0·1590⊥,5,20,0.0,0.018697614442295292,4.711798839458414
4653,0.10242907901910259,0.11177667715181244,0.9163725531041315,-0.2684879307983332,0.2572533849129594,0.06333365556087833,2.215470363544952,0.323018651404025,xind,P_lead+1.0·1590⊥,5,20,0.003,0.018697614442295292,4.711798839458414
4653,0.09771728017964416,0.11180088792782077,0.8740295537073994,-0.2699503384183167,0.256608639587363,0.05863864891541759,2.052788449346834,0.3228799090301247,xind,P_lead+1.0·1590⊥,5,20,0.005,0.018697614442295292,4.711798839458414
4653,0.09064958192045654,0.11191470243477494,0.8099881422933513,-0.27218921221356396,0.25553406404470236,0.051596138947226436,1.8073918061323597,0.32267179546927427,xind,P_lead+1.0·1590⊥,5,20,0.008,0.018697614442295292,4.711798839458414
4653,0.08593778308099813,0.11204212187477691,0.7670131700740718,-0.27437967810830466,0.2553191489361702,0.04690113230176564,1.6430683816116376,0.32253305309537394,xind,P_lead+1.0·1590⊥,5,20,0.01,0.018697614442295292,4.711798839458414
4672,0.14323658420483484,0.09912719931105692,1.4449776166414687,-0.20248475974224944,0.2592037671232877,0.11264397774130343,4.324203266298174,0.2545259599290322,xind,P_lead+1.0·1590⊥,10,1,0.0,0.1684503424657534,42.44948630136986
4672,0.07956235475278008,0.09947174875166499,0.7998487585797907,-0.22978817882078573,0.2544948630136986,0.048867162547440286,1.8689645016200973,0.2553794581244192,xind,P_lead+1.0·1590⊥,10,1,0.003,0.1684503424657534,42.44948630136986
4672,0.03711286845141021,0.10014246320153367,0.3706007148707905,-0.2489455580076202,0.2482876712328767,0.006349285751531522,0.23877951885666387,0.2559484569213437,xind,P_lead+1.0·1590⊥,10,1,0.005,0.1684503424657534,42.44948630136986
4672,-0.026561361000644587,0.10179262344923938,-0.2609360099053726,-0.5363332713916957,0.24165239726027396,-0.05742752944233165,-2.0665536125589496,0.2568019551167307,xind,P_lead+1.0·1590⊥,10,1,0.008,0.1684503424657534,42.44948630136986
4672,-0.06901084730201446,0.10330611980484651,-0.6680228376826218,-0.7876878416468744,0.23737157534246575,-0.09994540623824044,-3.4572750823404568,0.2573709539136553,xind,P_lead+1.0·1590⊥,10,1,0.01,0.1684503424657534,42.44948630136986
4668,0.10063696528815082,0.10197451276361796,0.9868835119755105,-0.25760154913458844,0.2532133676092545,0.06773560044452172,2.38450651298717,0.2693415480306237,xind,P_lead+1.0·1590⊥,10,5,0.0,0.05848329048843188,14.737789203084834
4668,0.07853028148352359,0.10200860254211444,0.7698397931792293,-0.2923990634912321,0.25214224507283634,0.04569927160378121,1.598820781542575,0.2687655988268459,xind,P_lead+1.0·1590⊥,10,5,0.003,0.05848329048843188,14.737789203084834
4668,0.06379249228043876,0.10220121300015772,0.6241852753777034,-0.3147139417736817,0.2506426735218509,0.031008385709954192,1.0785794470717875,0.26838163269099413,xind,P_lead+1.0·1590⊥,10,5,0.005,0.05848329048843188,14.737789203084834
4668,0.0416858084758115,0.10274304374414557,0.40572876719147044,-0.3469130935854863,0.24850042844901457,0.008972056869213672,0.3086407993641043,0.26780568348721645,xind,P_lead+1.0·1590⊥,10,5,0.008,0.05848329048843188,14.737789203084834
4668,0.026948019272726664,0.10327081012486838,0.2609451716331349,-0.3675596859302579,0.24700085689802914,-0.0057188290246133495,-0.1949872081294501,0.2674217173513645,xind,P_lead+1.0·1590⊥,10,5,0.01,0.05848329048843188,14.737789203084834
4663,0.10197487474143123,0.10326866039977182,0.9874716525484875,-0.25774695855196705,0.25906069054256914,0.06836255715469125,2.5021860952907518,0.2755597204088562,xind,P_lead+1.0·1590⊥,10,10,0.0,0.03795839588247909,9.565515762384731
4663,0.08762660109785411,0.10334883208079709,0.8478721949111966,-0.2775883999976124,0.25820287368646794,0.0539977579099708,1.9678845764164552,0.27569520020785876,xind,P_lead+1.0·1590⊥,10,10,0.003,0.03795839588247909,9.565515762384731
4663,0.07806108533546939,0.10351345485197196,0.7541153509666895,-0.2905365803431349,0.2571306026163414,0.04442122508015711,1.6127496728580593,0.2757855200738605,xind,P_lead+1.0·1590⊥,10,10,0.005,0.03795839588247909,9.565515762384731
4663,0.06371281169189229,0.10392609485816914,0.6130588451229977,-0.30954856928840013,0.2560583315462149,0.03005642583543662,1.0835943851731473,0.2759209998728631,xind,P_lead+1.0·1590⊥,10,10,0.008,0.03795839588247909,9.565515762384731
4663,0.05414729592950755,0.10431063908176692,0.5190965792766606,-0.3219547961235225,0.2556294231181643,0.020479893005622977,0.7342677840961894,0.27601131973886484,xind,P_lead+1.0·1590⊥,10,10,0.01,0.03795839588247909,9.565515762384731
4653,0.1018077444165797,0.11176495950140475,0.9109093303550128,-0.2689011707694694,0.25983236621534495,0.06243526058200274,2.2232159431450715,0.32530781113707086,xind,P_lead+1.0·1590⊥,10,20,0.0,0.019987105093488073,5.036750483558994
4653,0.09425261869124123,0.11173054725880943,0.8435707244225447,-0.27327491794079495,0.25940253599828067,0.05490530284437799,1.9611306503522015,0.32509986532831076,xind,P_lead+1.0·1590⊥,10,20,0.003,0.019987105093488073,5.036750483558994
4653,0.08921586820768222,0.11176283247757063,0.7982606223369179,-0.27617982706464383,0.2589727057812164,0.04988533101929481,1.7849322787348076,0.32496123478913735,xind,P_lead+1.0·1590⊥,10,20,0.005,0.019987105093488073,5.036750483558994
4653,0.08166074248234372,0.1118940047678003,0.7298044488782407,-0.2805683042350917,0.2581130453470879,0.04235537328167006,1.5187417186709136,0.3247532889803772,xind,P_lead+1.0·1590⊥,10,20,0.008,0.019987105093488073,5.036750483558994
4653,0.07662399199878472,0.11203646523822523,0.683920113293986,-0.2841731977772729,0.2581130453470879,0.037335401456586856,1.340212160041797,0.3246146584412038,xind,P_lead+1.0·1590⊥,10,20,0.01,0.019987105093488073,5.036750483558994
4672,0.12321218438301032,0.10082900712043819,1.2219914477173806,-0.18705405414001486,0.2679794520547945,0.09169436277746441,3.6065827681516835,0.26222361303494984,xind,P_lead+1.0·1590⊥,20,1,0.0,0.1170804794520548,29.50428082191781
4672,0.07895576315013361,0.10114311369617174,0.7806340962303406,-0.212468149697133,0.2658390410958904,0.047367500628170106,1.831283235251581,0.26280967103856684,xind,P_lead+1.0·1590⊥,20,1,0.003,0.1170804794520548,29.50428082191781
4672,0.0494514823282158,0.10167281840157257,0.48637859268245626,-0.2659834758195112,0.2613441780821918,0.017816259195307257,0.6744596192048731,0.2632003763743115,xind,P_lead+1.0·1590⊥,20,1,0.005,0.1170804794520548,29.50428082191781
4672,0.005195061095339088,0.1029379370841629,0.05046789592345885,-0.3712270408389772,0.2564212328767123,-0.026510602953986967,-0.9607696597160507,0.2637864343779285,xind,P_lead+1.0·1590⊥,20,1,0.008,0.1170804794520548,29.50428082191781
4672,-0.024309219726578724,0.10408616073625045,-0.23354900934598954,-0.5345280134510797,0.2534246575342466,-0.05606184438684983,-1.9608475382504924,0.2641771397136732,xind,P_lead+1.0·1590⊥,20,1,0.01,0.1170804794520548,29.50428082191781
4668,0.08805440754904971,0.10283168298827752,0.8562964739095794,-0.22060147906744276,0.2671379605826907,0.054902827651435476,1.9004018316930371,0.2713898919306784,xind,P_lead+1.0·1590⊥,20,5,0.0,0.04434447300771208,11.174807197943444
4668,0.07129219675213455,0.10291814377889205,0.6927077591420396,-0.23682646791624962,0.2656383890317052,0.03814108025515831,1.3120439908617358,0.27138609837847194,xind,P_lead+1.0·1590⊥,20,5,0.003,0.04434447300771208,11.174807197943444
4668,0.060117389554191096,0.10310532349803657,0.5830677555202657,-0.2474682767019114,0.26371036846615253,0.02696658199097354,0.9227229651967563,0.2713835693436677,xind,P_lead+1.0·1590⊥,20,5,0.005,0.04434447300771208,11.174807197943444
4668,0.04335517875727593,0.10357899731687846,0.41857113778230304,-0.27493878873028177,0.26263924592973437,0.010204834594696368,0.3458194537861579,0.2713797757914612,xind,P_lead+1.0·1590⊥,20,5,0.008,0.04434447300771208,11.174807197943444
4668,0.03218037155933248,0.10402201628729706,0.309361159376626,-0.29290677812843,0.2619965724078835,-0.0009696636694884273,-0.03261326297735167,0.27137724675665686,xind,P_lead+1.0·1590⊥,20,5,0.01,0.04434447300771208,11.174807197943444
4663,0.09476549341131181,0.10350672032007822,0.9155491848091067,-0.22480060735120078,0.26678104224748017,0.06121190519282726,2.220746632643867,0.2750782466677346,xind,P_lead+1.0·1590⊥,20,10,0.0,0.031953677889770535,8.052326828222174
4663,0.08268700316897855,0.10355441100217194,0.798488469672666,-0.2397932134724774,0.2659232253913789,0.049135503597023025,1.7755568500528016,0.27506112357433044,xind,P_lead+1.0·1590⊥,20,10,0.003,0.031953677889770535,8.052326828222174
4663,0.07463467634075636,0.10368023456399367,0.7198544317980902,-0.249639091318008,0.2646365001072271,0.0410845691998202,1.4796717551017986,0.2750497081787276,xind,P_lead+1.0·1590⊥,20,10,0.005,0.031953677889770535,8.052326828222174
4663,0.06255618609842312,0.10400933206386283,0.601447820662986,-0.26418738600384273,0.2637786832511259,0.029008167604015932,1.0384497130571317,0.27503258508532347,xind,P_lead+1.0·1590⊥,20,10,0.008,0.031953677889770535,8.052326828222174
4663,0.05450385927020094,0.1043216163823893,0.5224598808977218,-0.2737411165529777,0.26334977482307526,0.02095723320681312,0.7467318987376635,0.2750211696897207,xind,P_lead+1.0·1590⊥,20,10,0.01,0.031953677889770535,8.052326828222174
4653,0.0954055646681447,0.10536000448312965,0.9055197476137271,-0.2751586227199757,0.25553406404470236,0.06060854128966876,2.2815646449177738,0.2875039216956001,xind,P_lead+1.0·1590⊥,20,20,0.0,0.019127444659359553,4.820116054158608
4653,0.0881753905869068,0.10536637008266381,0.836845670186132,-0.2859760772344414,0.254889318719106,0.053392013535769646,2.006356721832715,0.2873911714587774,xind,P_lead+1.0·1590⊥,20,20,0.003,0.019127444659359553,4.820116054158608
4653,0.08335527453274819,0.10542669752272667,0.7906467383632066,-0.2931067657445364,0.2544594885020417,0.04858099503317025,1.8227598497094086,0.287316004634229,xind,P_lead+1.0·1590⊥,20,20,0.005,0.019127444659359553,4.820116054158608
4653,0.07612510045151027,0.1056011220077307,0.7208739737248001,-0.30372859539658426,0.2538147431764453,0.04136446727927115,1.5475834327937268,0.28720325439740646,xind,P_lead+1.0·1590⊥,20,20,0.008,0.019127444659359553,4.820116054158608
4653,0.07130498439735165,0.10577314524394882,0.6741312668059377,-0.311393882627113,0.2538147431764453,0.036553448776671695,1.3645118703957084,0.287128087572858,xind,P_lead+1.0·1590⊥,20,20,0.01,0.019127444659359553,4.820116054158608
4672,0.2026054910773648,0.10970842266145488,1.846763321924494,-0.16552486055102633,0.2983732876712329,0.16456232873252208,6.3237180215196185,0.316513482631822,xind,0.5·P_lead+0.5·2049,1,1,0.0,0.4385702054794521,110.51969178082193
4672,0.03682595340613194,0.11034633506225076,0.333730643481335,-0.3727496378589207,0.2870291095890411,-0.0011048665415412154,-0.039717459284857475,0.31557881050722214,xind,0.5·P_lead+0.5·2049,1,1,0.003,0.4385702054794521,110.51969178082193
4672,-0.07369373837468997,0.11146772296745415,-0.6611217706152187,-0.8651454867507329,0.272902397260274,-0.11154966339091668,-3.724655802728082,0.3149556957574888,xind,0.5·P_lead+0.5·2049,1,1,0.005,0.4385702054794521,110.51969178082193
4672,-0.23947327604592283,0.11415295182507892,-2.097828152642756,-0.9924935163216022,0.2540667808219178,-0.2772168586649799,-8.106013542201184,0.31402102363288886,xind,0.5·P_lead+0.5·2049,1,1,0.008,0.4385702054794521,110.51969178082193
4672,-0.34999296782674477,0.11657593092461144,-3.002274698137148,-0.9989321402812175,0.24143835616438356,-0.3876616555143556,-10.323988909953002,0.31339790888315555,xind,0.5·P_lead+0.5·2049,1,1,0.01,0.4385702054794521,110.51969178082193
4668,0.12713171885345748,0.10610414943223691,1.1981785776874803,-0.17564243517744116,0.2778491859468723,0.09108078729017548,3.668222240830112,0.29512495184772414,xind,0.5·P_lead+0.5·2049,1,5,0.0,0.08483290488431877,21.37789203084833
4668,0.09506488080718498,0.10609981547292692,0.8959947798537153,-0.19696511203064104,0.27677806341045413,0.05909406113774212,2.35668053828887,0.29446912916058465,xind,0.5·P_lead+0.5·2049,1,5,0.003,0.08483290488431877,21.37789203084833
4668,0.07368698877633666,0.10632722633305088,0.693020887665455,-0.21187838629180678,0.2737789203084833,0.03776957703611989,1.492444259622311,0.29403191403582496,xind,0.5·P_lead+0.5·2049,1,5,0.005,0.08483290488431877,21.37789203084833
4668,0.041620150730064163,0.10701085642074451,0.3889339093448833,-0.2719274392560571,0.2703513281919452,0.005782850883686579,0.22453962904087213,0.29337609134868553,xind,0.5·P_lead+0.5·2049,1,5,0.008,0.08483290488431877,21.37789203084833
4668,0.020242258699215834,0.10769157016795235,0.18796511804634894,-0.3505994800024741,0.2688517566409597,-0.015541633217935636,-0.5951084375703949,0.2929388762239258,xind,0.5·P_lead+0.5·2049,1,5,0.01,0.08483290488431877,21.37789203084833
4663,0.09650203542571015,0.11207413038487253,0.8610554022976897,-0.326988131278907,0.27364357709628995,0.05626581031430934,2.0775652683515133,0.32986368504323016,xind,0.5·P_lead+0.5·2049,1,10,0.0,0.0420330259489599,10.592322539137895
4663,0.0806135516170033,0.11211504287952825,0.7190252935426831,-0.33703317903452135,0.273000214454214,0.04034299022591961,1.4765950059070019,0.3301451799328603,xind,0.5·P_lead+0.5·2049,1,10,0.003,0.0420330259489599,10.592322539137895
4663,0.07002122907786543,0.11225538195602558,0.6237672337643039,-0.34365470227031447,0.2714990349560369,0.0297277768336598,1.0809088537901477,0.3303328431926138,xind,0.5·P_lead+0.5·2049,1,10,0.005,0.0420330259489599,10.592322539137895
4663,0.05413274526915857,0.11263464144917565,0.4806047639756105,-0.35347542511531815,0.26935449281578383,0.013804956745270077,0.496483155724168,0.33061433808224394,xind,0.5·P_lead+0.5·2049,1,10,0.008,0.0420330259489599,10.592322539137895
4663,0.04354042273002068,0.11299910066555618,0.3853165421102546,-0.35994889339688674,0.2682822217456573,0.0031897433530102865,0.11380598919741862,0.33080200134199755,xind,0.5·P_lead+0.5·2049,1,10,0.01,0.0420330259489599,10.592322539137895
4653,0.09185417404146128,0.12374725663259663,0.7422724070091886,-0.37663669778778286,0.27810015044057596,0.042295051534112504,1.2959865540396507,0.40947301502429534,xind,0.5·P_lead+0.5·2049,1,20,0.0,0.02364066193853428,5.957446808510638
4653,0.08291800382869531,0.12372166262477728,0.670197943266967,-0.38039280914222295,0.27745540511497957,0.033368159710485845,1.0206915114920068,0.40939635406293823,xind,0.5·P_lead+0.5·2049,1,20,0.003,0.02364066193853428,5.957446808510638
4653,0.07696055702018467,0.12376337087196015,0.6218363032452026,-0.3828874358270463,0.2768106597893832,0.027416898494734727,0.8374822661934287,0.40934524675536665,xind,0.5·P_lead+0.5·2049,1,20,0.005,0.02364066193853428,5.957446808510638
4653,0.06802438680741871,0.12391397093103866,0.5489646267996371,-0.3866152425887397,0.2757360842467225,0.018490006671108075,0.5634170259529103,0.4092685857940096,xind,0.5·P_lead+0.5·2049,1,20,0.008,0.02364066193853428,5.957446808510638
4653,0.06206693999890806,0.12407289653542826,0.5002457565837937,-0.389091047094154,0.2753062540296583,0.012538745455356956,0.3813589495264157,0.409217478486438,xind,0.5·P_lead+0.5·2049,1,20,0.01,0.02364066193853428,5.957446808510638
4672,0.21302439831659029,0.10495166950153313,2.0297380625610577,-0.1846901461730609,0.3178510273972603,0.17861095930776041,7.019552153115727,0.286314721454777,xind,0.5·P_lead+0.5·2049,3,1,0.0,0.2771832191780822,69.85017123287672
4672,0.10824914146727513,0.10546124378638487,1.0264352816332913,-0.3055358811808311,0.3097174657534247,0.07393857608684302,2.788724949692427,0.28545882808555656,xind,0.5·P_lead+0.5·2049,3,1,0.003,0.2771832191780822,69.85017123287672
4672,0.03839897023439843,0.1063945667150125,0.3609110072063506,-0.3982151959259036,0.3002996575342466,0.004156987272898155,0.1500793858537456,0.2848882325060761,xind,0.5·P_lead+0.5·2049,3,1,0.005,0.2771832191780822,69.85017123287672
4672,-0.06637628661491665,0.10865437162477555,-0.610893842763538,-0.8444937906354751,0.2883133561643836,-0.10051539594801916,-3.342273495922567,0.28403233913685544,xind,0.5·P_lead+0.5·2049,3,1,0.008,0.2771832191780822,69.85017123287672
4672,-0.13622645784779333,0.11070682356237274,-1.2305154593388068,-0.9555248793680107,0.2810359589041096,-0.17029698476196403,-5.3239483892952215,0.2834617435573751,xind,0.5·P_lead+0.5·2049,3,1,0.01,0.2771832191780822,69.85017123287672
4668,0.12329421028937433,0.10619882178766073,1.1609753122863737,-0.25567946636028116,0.29991431019708653,0.08741472050831935,3.462171020655874,0.29372147222790856,xind,0.5·P_lead+0.5·2049,3,5,0.0,0.08269065981148244,20.838046272493575
4668,0.09203714088063394,0.10625577807878467,0.866184809379419,-0.29486352179564523,0.2986289631533848,0.05613761082255233,2.1763156047166063,0.293885528620796,xind,0.5·P_lead+0.5·2049,3,5,0.003,0.08269065981148244,20.838046272493575
4668,0.07119909460814038,0.10651833191878146,0.6684210438296064,-0.319864132577645,0.2962724935732648,0.03528620436537434,1.3454790936323047,0.2939948995493874,xind,0.5·P_lead+0.5·2049,3,5,0.005,0.08269065981148244,20.838046272493575
4668,0.03994202519940001,0.10724573831912554,0.372434614423061,-0.3557567078688145,0.29241645244215936,0.00400909467960733,0.14867237170155706,0.29415895594227487,xind,0.5·P_lead+0.5·2049,3,5,0.008,0.08269065981148244,20.838046272493575
4668,0.01910397892690643,0.10794956321567713,0.17697134066895442,-0.3786547261243216,0.290274207369323,-0.016842311777570673,-0.6120462292969953,0.29426832687086635,xind,0.5·P_lead+0.5·2049,3,5,0.01,0.08269065981148244,20.838046272493575
4663,0.12189349488646989,0.11604089452005413,1.0504356708953524,-0.351447342992659,0.31138751876474374,0.07911459499753923,2.7642061525451833,0.3507089822762648,xind,0.5·P_lead+0.5·2049,3,10,0.0,0.0420330259489599,10.592322539137895
4663,0.10600501107776304,0.11607689710336366,0.9132309160828804,-0.36496851545561415,0.3105297019086425,0.06320719930649488,2.188517256102116,0.35086402523026194,xind,0.5·P_lead+0.5·2049,3,10,0.003,0.0420330259489599,10.592322539137895
4663,0.09541268853862514,0.11621011336028923,0.8210360163991469,-0.3738367017852964,0.30902852241046536,0.052602268845798585,1.8092765268171613,0.3509673871995934,xind,0.5·P_lead+0.5·2049,3,10,0.005,0.0420330259489599,10.592322539137895
4663,0.0795242047299183,0.11657301070693821,0.682183673970987,-0.38692357827806645,0.3075273429122882,0.0366948731547542,1.2485587574045094,0.3511224301535906,xind,0.5·P_lead+0.5·2049,3,10,0.008,0.0420330259489599,10.592322539137895
4663,0.0689318821907804,0.11692287026057706,0.5895500344556818,-0.3955065684697239,0.3055972549860605,0.026089942694057955,0.8808669392236138,0.35122579212292204,xind,0.5·P_lead+0.5·2049,3,10,0.01,0.0420330259489599,10.592322539137895
4653,0.10789692753062763,0.12543309382270937,0.8601950589142939,-0.3886416432350609,0.2983021706425962,0.05721554765563499,1.765093403160473,0.4187454574065077,xind,0.5·P_lead+0.5·2049,3,20,0.0,0.02213625617880937,5.578336557059961
4653,0.09952942269503766,0.1254030846670546,0.7936760324459996,-0.39415293488367964,0.2976574253169998,0.04885787430117399,1.503007739945339,0.41866422662564745,xind,0.5·P_lead+0.5·2049,3,20,0.003,0.02213625617880937,5.578336557059961
4653,0.09395108613797772,0.12543745634190442,0.7489874944681242,-0.39874870889991776,0.29679776488287124,0.04328609206486662,1.3288211034223423,0.41861007277174056,xind,0.5·P_lead+0.5·2049,3,20,0.005,0.02213625617880937,5.578336557059961
4653,0.08558358130238776,0.12557049121507602,0.681558067299434,-0.40777019804638637,0.29593810444874274,0.034928418710405626,1.0685646526462969,0.41852884199088036,xind,0.5·P_lead+0.5·2049,3,20,0.008,0.02213625617880937,5.578336557059961
4653,0.08000524474532782,0.12571336524718382,0.6364100156575839,-0.41371665019734694,0.29572318934021063,0.0293566364740983,0.8958661431056395,0.4184746881369736,xind,0.5·P_lead+0.5·2049,3,20,0.01,0.02213625617880937,5.578336557059961
4672,0.20714151888741336,0.10442332580522161,1.9836709594347686,-0.19348680018486397,0.3251284246575342,0.1730242074277688,6.766484230144275,0.28385098405444625,xind,0.5·P_lead+0.5·2049,5,1,0.0,0.2168236301369863,54.63955479452055
4672,0.12518218669563252,0.10461368782209413,1.1966138399452773,-0.29882072104879587,0.3187071917808219,0.09116293512748337,3.4325476981850267,0.2830351402641118,xind,0.5·P_lead+0.5·2049,5,1,0.003,0.2168236301369863,54.63955479452055
4672,0.07054263190111201,0.10524996947785614,0.6702389772754632,-0.3745653622360017,0.3114297945205479,0.03658875359395986,1.32739782449141,0.28249124440388873,xind,0.5·P_lead+0.5·2049,5,1,0.005,0.2168236301369863,54.63955479452055
4672,-0.011416700290668831,0.10695027140511516,-0.10674774491617418,-0.5887808935672852,0.3020119863013699,-0.0452725187063255,-1.5334476737706764,0.28167540061355417,xind,0.5·P_lead+0.5·2049,5,1,0.008,0.2168236301369863,54.63955479452055
4672,-0.06605625508518936,0.10856288866978243,-0.6084607354739223,-0.8454289898072255,0.2962328767123288,-0.09984670023984901,-3.2120052617944155,0.28113150475333115,xind,0.5·P_lead+0.5·2049,5,1,0.01,0.2168236301369863,54.63955479452055
4668,0.1190247416627844,0.1088896141442405,1.093077081760235,-0.2201848834644239,0.31533847472150817,0.08133597820546823,3.0707369729256335,0.3085327900893802,xind,0.5·P_lead+0.5·2049,5,5,0.0,0.0766923736075407,19.326478149100257
4668,0.09003502443913401,0.10892641033529156,0.8265674427532582,-0.25229599442229556,0.31405312767780635,0.05227759587026786,1.9289328247148496,0.3090949055982194,xind,0.5·P_lead+0.5·2049,5,5,0.003,0.0766923736075407,19.326478149100257
4668,0.07070854629003377,0.1091555144689791,0.6477780498220127,-0.27299093810091035,0.31191088260497,0.03290534098013424,1.193822613707516,0.30946964927077886,xind,0.5·P_lead+0.5·2049,5,5,0.005,0.0766923736075407,19.326478149100257
4668,0.04171882906638337,0.10980346966422493,0.3799408998090685,-0.30300115848073983,0.30848329048843187,0.0038469586449337866,0.13580468888584443,0.310031764779618,xind,0.5·P_lead+0.5·2049,5,5,0.008,0.0766923736075407,19.326478149100257
4668,0.022392350917283105,0.11043552852954663,0.20276401277232187,-0.3293624038561994,0.3065552699228792,-0.015525296245199797,-0.5375455246548583,0.31040650845217743,xind,0.5·P_lead+0.5·2049,5,5,0.01,0.0766923736075407,19.326478149100257
4663,0.1287326782144197,0.11716959987548749,1.0986866759912122,-0.31411179276492396,0.3261848595324898,0.08523347089505329,2.9858632992546603,0.3566141899022217,xind,0.5·P_lead+0.5·2049,5,10,0.0,0.04074630066480806,10.268067767531631
4663,0.11333057656312223,0.11725044984224565,0.966568373218206,-0.32436725809009714,0.3251125884623633,0.06980274422551477,2.4140899433693246,0.3568488628611113,xind,0.5·P_lead+0.5·2049,5,10,0.003,0.04074630066480806,10.268067767531631
4663,0.10306250879559059,0.11740925308751667,0.8778056761741596,-0.3311273475030825,0.32404031739223677,0.05951559311248907,2.0396356775822544,0.357005311500371,xind,0.5·P_lead+0.5·2049,5,10,0.005,0.04074630066480806,10.268067767531631
4663,0.08766040714429316,0.1178039643832929,0.7441210285511008,-0.34115338086964997,0.3227535921080849,0.0440848664429505,1.4891596904302342,0.3572399844592606,xind,0.5·P_lead+0.5·2049,5,10,0.008,0.04074630066480806,10.268067767531631
4663,0.07739233937676152,0.11817062968660766,0.6549202587987262,-0.3477620474169353,0.3210379583958825,0.03379771532992481,1.1301983033602285,0.35739643309852026,xind,0.5·P_lead+0.5·2049,5,10,0.01,0.04074630066480806,10.268067767531631
4653,0.13013886745994618,0.11808496279722054,1.1020782356803975,-0.41619837495257184,0.31119707715452394,0.08578033030139746,2.7806715949587217,0.36650414764072586,xind,0.5·P_lead+0.5·2049,5,20,0.0,0.02256608639587363,5.686653771760155
4653,0.12160888680230594,0.11808376039501829,1.0298527621028943,-0.4249111519714708,0.31033741672039544,0.07724251717203577,2.491912156767268,0.36656886197884603,xind,0.5·P_lead+0.5·2049,5,20,0.003,0.02256608639587363,5.686653771760155
4653,0.11592223303054579,0.11814179600600802,0.9812127202184284,-0.4315475707421651,0.30947775628626695,0.07155064175246134,2.3003806122422104,0.3666120048709261,xind,0.5·P_lead+0.5·2049,5,20,0.005,0.02256608639587363,5.686653771760155
4653,0.10739225237290556,0.11831693207994136,0.9076659653442122,-0.44342414157653576,0.3084031807436063,0.06301282862309963,2.014812333242092,0.36667671920904643,xind,0.5·P_lead+0.5·2049,5,20,0.008,0.02256608639587363,5.686653771760155
4653,0.10170559860114539,0.11849220871724574,0.8583315283103744,-0.4512134008288835,0.3081882656350741,0.057320953203525184,1.8257347818383145,0.36671986210112656,xind,0.5·P_lead+0.5·2049,5,20,0.01,0.02256608639587363,5.686653771760155
4672,0.17496444245553816,0.10598342530200276,1.6508660854937653,-0.2808419213016655,0.3285530821917808,0.14012588070312365,5.090227414166152,0.28985167978905724,xind,0.5·P_lead+0.5·2049,10,1,0.0,0.14918664383561644,37.595034246575345
4672,0.11857189108567516,0.10607578619326835,1.117803556691431,-0.3622818806273683,0.3236301369863014,0.08373707206761297,2.9268279683277925,0.28982054079294306,xind,0.5·P_lead+0.5·2049,10,1,0.003,0.14918664383561644,37.595034246575345
4672,0.0809768568390998,0.10651343928276996,0.7602501373007392,-0.41144362573348026,0.3193493150684932,0.04614453297727258,1.5635062022749562,0.2897997814622002,xind,0.5·P_lead+0.5·2049,10,1,0.005,0.14918664383561644,37.595034246575345
4672,0.02458430546923677,0.10772487068473359,0.22821383133691503,-0.48038435615267927,0.3112157534246575,-0.01024427565823809,-0.32929244808389646,0.28976864246608597,xind,0.5·P_lead+0.5·2049,10,1,0.008,0.14918664383561644,37.595034246575345
4672,-0.013010728777338573,0.10889285615219468,-0.11948193147908674,-0.5757391085359542,0.3075770547945205,-0.04783681474857846,-1.4802498529093648,0.28974788313534316,xind,0.5·P_lead+0.5·2049,10,1,0.01,0.14918664383561644,37.595034246575345
4668,0.10805177316290637,0.11050105517016454,0.9778347636274928,-0.24671842529525934,0.3254070265638389,0.06962389644992509,2.4900793014729588,0.3145834177577747,xind,0.5·P_lead+0.5·2049,10,5,0.0,0.060197086546700945,15.169665809768638
4668,0.08529727444825343,0.11057092731625005,0.7714258758479068,-0.2630045751756115,0.32390745501285345,0.04680329112151769,1.6390011037433037,0.31512458855018133,xind,0.5·P_lead+0.5·2049,10,5,0.003,0.060197086546700945,15.169665809768638
4668,0.07012760863848479,0.11077850285134778,0.6330434771499676,-0.2805269087291826,0.32240788346186805,0.03158955423591274,1.0897301381904514,0.3154853690784524,xind,0.5·P_lead+0.5·2049,10,5,0.005,0.060197086546700945,15.169665809768638
4668,0.047373109923831834,0.11132955627039127,0.42552141148191197,-0.30606382272190513,0.3196229648671808,0.008768948907505316,0.29537858057902283,0.3160265398708591,xind,0.5·P_lead+0.5·2049,10,5,0.008,0.060197086546700945,15.169665809768638
4668,0.0322034441140632,0.1118548817893962,0.2879037874689889,-0.3226033681719267,0.3181233933161954,-0.006444787978099614,-0.21351274525194575,0.31638732039913015,xind,0.5·P_lead+0.5·2049,10,5,0.01,0.060197086546700945,15.169665809768638
4663,0.11286273203944797,0.11587254277587562,0.9740248149878844,-0.31411179276492385,0.32489813424833797,0.07075944809161713,2.527350533165811,0.3451701633789133,xind,0.5·P_lead+0.5·2049,10,10,0.0,0.03667167059832726,9.24126099077847
4663,0.09900084055328026,0.11597554258721222,0.8536355023200933,-0.3243672580900969,0.32425477160626204,0.056863011330429085,2.005489204887666,0.34545337164925927,xind,0.5·P_lead+0.5·2049,10,10,0.003,0.03667167059832726,9.24126099077847
4663,0.08975957956250182,0.11614003349238278,0.7728564979997947,-0.3311273475030825,0.32382586317821144,0.04759872015630371,1.6637885586130046,0.34564217716282336,xind,0.5·P_lead+0.5·2049,10,10,0.005,0.03667167059832726,9.24126099077847
4663,0.07589768807633411,0.11652969481724901,0.6513162863368245,-0.3516825642367327,0.32211022946600903,0.03370228339511561,1.1614926032965036,0.34592538543316936,xind,0.5·P_lead+0.5·2049,10,10,0.008,0.03667167059832726,9.24126099077847
4663,0.06665642708555565,0.11688401116394638,0.570278401825726,-0.36587575898846614,0.3208235041818572,0.024437992220990242,0.8339334356865103,0.34611419094673335,xind,0.5·P_lead+0.5·2049,10,10,0.01,0.03667167059832726,9.24126099077847
4653,0.11718412646580861,0.12079136310414795,0.9701366343947198,-0.47976380672162455,0.3290350311626907,0.07114240354181191,2.19783868792492,0.3804111563881423,xind,0.5·P_lead+0.5·2049,10,20,0.0,0.019987105093488073,5.036750483558994
4653,0.10962900074047013,0.1208186915638397,0.9073844396216044,-0.48908842263207275,0.32817537072856223,0.06358345825686505,1.950177008253961,0.3804427147876818,xind,0.5·P_lead+0.5·2049,10,20,0.003,0.019987105093488073,5.036750483558994
4653,0.10459225025691113,0.12088796868180546,0.865199832517767,-0.4960112707553075,0.32774554051149796,0.05854416140023378,1.786685904679625,0.380463753720708,xind,0.5·P_lead+0.5·2049,10,20,0.005,0.019987105093488073,5.036750483558994
4653,0.09703712453157264,0.12106829627866204,0.8015073104541175,-0.508047443124103,0.3266709649688373,0.05098521611528692,1.5440285685605382,0.38049531212024756,xind,0.5·P_lead+0.5·2049,10,20,0.008,0.019987105093488073,5.036750483558994
4653,0.09200037404801364,0.12123927916346214,0.7588330669961604,-0.5159212716013467,0.3264560498603052,0.045945919258655654,1.3840593164976425,0.38051635105327386,xind,0.5·P_lead+0.5·2049,10,20,0.01,0.019987105093488073,5.036750483558994
4672,0.1453839507891409,0.10843072349579844,1.3408003387045035,-0.3127339884338325,0.3289811643835616,0.10903472250025605,3.9573199494228546,0.3024202018856019,xind,0.5·P_lead+0.5·2049,20,1,0.0,0.09995719178082192,25.189212328767123
4672,0.10760013229599022,0.10851164972495594,0.9915998196389407,-0.3585663329917905,0.3259845890410959,0.07119392740132933,2.485341990020083,0.30289423881658134,xind,0.5·P_lead+0.5·2049,20,1,0.003,0.09995719178082192,25.189212328767123
4672,0.08241091996722309,0.10882634286995861,0.757269956831128,-0.3874456056622061,0.3232020547945205,0.04596673066871155,1.558314783990935,0.3032102634372341,xind,0.5·P_lead+0.5·2049,20,1,0.005,0.09995719178082192,25.189212328767123
4672,0.044627101474072395,0.10968500765143502,0.40686601049335425,-0.42839449726126066,0.3187071917808219,0.008125935569784921,0.26262664623604115,0.3036843003682136,xind,0.5·P_lead+0.5·2049,20,1,0.008,0.09995719178082192,25.189212328767123
4672,0.019437889145305268,0.11051052798325525,0.17589174081450892,-0.4541930158893127,0.3163527397260274,-0.017101261162832858,-0.5343868866963033,0.30400032498886653,xind,0.5·P_lead+0.5·2049,20,1,0.01,0.09995719178082192,25.189212328767123
4668,0.1134240621366949,0.1129811435494027,1.0039202876991462,-0.31612963814630934,0.32754927163667524,0.07320314323244174,2.596174851976877,0.3292618592685349,xind,0.5·P_lead+0.5·2049,20,5,0.0,0.04434447300771208,11.174807197943444
4668,0.09666185133977973,0.11300654294253594,0.8553650861519805,-0.33038980594008194,0.3260497000856898,0.05640473917118915,1.9671647631854643,0.32955814940395173,xind,0.5·P_lead+0.5·2049,20,5,0.003,0.04434447300771208,11.174807197943444
4668,0.08548704414183629,0.11314154527625807,0.755576070073131,-0.3397426507113175,0.3249785775492716,0.0452058031303541,1.5578631433400234,0.3297556761608963,xind,0.5·P_lead+0.5·2049,20,5,0.005,0.04434447300771208,11.174807197943444
4668,0.06872483334492113,0.1135203104137585,0.6053968060379068,-0.35354469935744537,0.32305055698371893,0.028407399069101526,0.9605693082414507,0.3300519662963132,xind,0.5·P_lead+0.5·2049,20,5,0.008,0.04434447300771208,11.174807197943444
4668,0.057550026146977684,0.11388941640325989,0.5053149622191796,-0.3625967045270345,0.32197943444730076,0.017208463028266483,0.5742168855568568,0.3302494930532578,xind,0.5·P_lead+0.5·2049,20,5,0.01,0.04434447300771208,11.174807197943444
4663,0.1166438604308592,0.11712944573299068,0.9958542849828007,-0.3780503221018535,0.32682822217456575,0.07356505429865215,2.567907231462125,0.35316766666578553,xind,0.5·P_lead+0.5·2049,20,10,0.0,0.029809135749517476,7.511902208878404
4663,0.10537600711754161,0.11714845572970192,0.8995082902388144,-0.3884150761387577,0.3259704053184645,0.06226889302164357,2.154315968936314,0.3533997403554351,xind,0.5·P_lead+0.5·2049,20,10,0.003,0.029809135749517476,7.511902208878404
4663,0.09786410490866324,0.11723887417022233,0.8347410839733216,-0.3957595778555012,0.32532704267638857,0.0547381188369712,1.881662042878603,0.35355445614853476,xind,0.5·P_lead+0.5·2049,20,10,0.005,0.029809135749517476,7.511902208878404
4663,0.08659625159534559,0.117490760509526,0.7370473322310692,-0.40662483981435227,0.32425477160626204,0.0434419575599626,1.4780454495145743,0.35378652983818426,xind,0.5·P_lead+0.5·2049,20,10,0.008,0.029809135749517476,7.511902208878404
4663,0.07908434938646719,0.11773580361470445,0.6717102780839224,-0.41376853483868514,0.32339695475016084,0.035911183375290236,1.2129422591819963,0.35394124563128404,xind,0.5·P_lead+0.5·2049,20,10,0.01,0.029809135749517476,7.511902208878404
4653,0.1271481672702339,0.11976304425712848,1.0616644563347082,-0.46439657460763983,0.3262411347517731,0.08206885000972584,2.6034359253067927,0.3724594589252436,xind,0.5·P_lead+0.5·2049,20,20,0.0,0.017837954008166772,4.495164410058027
4653,0.12040542065514684,0.11978415752163715,1.0051865217100806,-0.47240067365428196,0.3253814743176445,0.07530351285932155,2.3771007452259463,0.3726461090138528,xind,0.5·P_lead+0.5·2049,20,20,0.003,0.017837954008166772,4.495164410058027
4653,0.11591025624508883,0.11984429883992717,0.9671737192931228,-0.4776767635106708,0.32473672899204814,0.07079328809238529,2.2269520650323495,0.3727705424062589,xind,0.5·P_lead+0.5·2049,20,20,0.005,0.017837954008166772,4.495164410058027
4653,0.10916750963000177,0.12000347101145223,0.9097029336725073,-0.4855018933317917,0.32409198366645176,0.06402795094198097,2.0030313616375786,0.3729571924948681,xind,0.5·P_lead+0.5·2049,20,20,0.008,0.017837954008166772,4.495164410058027
4653,0.10467234521994376,0.120155417150794,0.8711412910212852,-0.4906598645911614,0.32387706855791965,0.059517726175044756,1.8547250099539692,0.3730816258872743,xind,0.5·P_lead+0.5·2049,20,20,0.01,0.017837954008166772,4.495164410058027
4672,0.2627412146059785,0.12980220281948693,2.0241660688252487,-0.2653346202546112,0.3782106164383562,0.20882878333893126,9.38119774867561,0.44854345237666843,xind,整體P000,1,1,0.0,0.4351455479452055,109.65667808219179
4672,0.09825619748269075,0.13080720097994183,0.7511528168679147,-0.3283189093959452,0.3647260273972603,0.0442018494981242,1.84507407499079,0.44972417847137514,xind,整體P000,1,1,0.003,0.4351455479452055,109.65667808219179
4672,-0.011400480599501002,0.13206064939100678,-0.08632761274515864,-0.621675480262928,0.3516695205479452,-0.06554943972908041,-2.600368593244822,0.4505113292011793,xind,整體P000,1,1,0.005,0.4351455479452055,109.65667808219179
4672,-0.1758854977227887,0.13478344488200802,-1.304948822733847,-0.9770412022800709,0.3332619863013699,-0.23017637356988727,-8.452571107126388,0.45169205529588574,xind,整體P000,1,1,0.008,0.4351455479452055,109.65667808219179
4672,-0.2855421758049805,0.13713436812293367,-2.0822072520070765,-0.9969080840228839,0.3212756849315068,-0.33992766279709197,-11.859600834533106,0.4524792060256903,xind,整體P000,1,1,0.01,0.4351455479452055,109.65667808219179
4668,0.1454657344755899,0.12710948949510883,1.1444128605456116,-0.393216909206485,0.34468723221936587,0.0931797383020536,3.1531612583017568,0.4280306065306121,xind,整體P000,1,5,0.0,0.09682947729220223,24.401028277634964
4668,0.1088641920591374,0.12711707020974033,0.8564089140782896,-0.430238400493944,0.34233076263924594,0.0566106623603094,1.8946302011622598,0.4277648251383034,xind,整體P000,1,5,0.003,0.09682947729220223,24.401028277634964
4668,0.08446316378150247,0.1273386896446593,0.6632953740705069,-0.4536845068186892,0.33997429305912596,0.032231278399146523,1.069891642202511,0.42758763754343077,xind,整體P000,1,5,0.005,0.09682947729220223,24.401028277634964
4668,0.04786162136505002,0.12799371737140228,0.37393727089095213,-0.48709758449035623,0.3365467009425878,-0.004337797542597752,-0.14206111282100842,0.42732185615112195,xind,整體P000,1,5,0.008,0.09682947729220223,24.401028277634964
4668,0.023460593087415053,0.12864291308248704,0.1823698836201875,-0.5082557173733062,0.33483290488431877,-0.028717181503760607,-0.9313775855818004,0.4271446685562494,xind,整體P000,1,5,0.01,0.09682947729220223,24.401028277634964
4663,0.14842626514394516,0.12840041580851927,1.1559640536156053,-0.3615471917991422,0.33797984130388165,0.09516076716616804,3.650303071418824,0.43667996686979865,xind,整體P000,1,10,0.0,0.04482093073128887,11.294874544284795
4663,0.13148395332751797,0.1283557568046604,1.0243712989641616,-0.3804060614829903,0.3369075702337551,0.07817027692675382,2.9623004835345603,0.43707494209677566,xind,整體P000,1,10,0.003,0.04482093073128887,11.294874544284795
4663,0.12018907878323318,0.1284310450906983,0.9358257475702652,-0.39268332371790793,0.3358352991636286,0.06684328343381102,2.511346382774218,0.4373382589147605,xind,整體P000,1,10,0.005,0.04482093073128887,11.294874544284795
4663,0.10324676696680599,0.128701200198631,0.8022207004088547,-0.410666752652585,0.33369075702337553,0.049852793194396776,1.8476949342051978,0.4377332341417375,xind,整體P000,1,10,0.008,0.04482093073128887,11.294874544284795
4663,0.09195189242252119,0.12898560648517482,0.7128849096281906,-0.42237339846829747,0.33240403173922367,0.03852579970145395,1.4143853658115924,0.4379965509597222,xind,整體P000,1,10,0.01,0.04482093073128887,11.294874544284795
4653,0.11906809714735898,0.14349114745806762,0.8297940274131144,-0.4784475967849372,0.3395658714807651,0.05224116812900617,1.6900996142775926,0.5521450486921345,xind,整體P000,1,20,0.0,0.02321083172147002,5.849129593810445
4653,0.11029440275664332,0.14345400548955828,0.7688485405496148,-0.48625091514407537,0.33913604126370084,0.04347549628386872,1.4062002644486502,0.5520787639041905,xind,整體P000,1,20,0.003,0.02321083172147002,5.849129593810445
4653,0.10444527316283286,0.14347903344705548,0.7279479841308921,-0.49139458673815717,0.33827638082957234,0.03763171505377708,1.21670846339594,0.5520345740455613,xind,整體P000,1,20,0.005,0.02321083172147002,5.849129593810445
4653,0.09567157877211721,0.1435912072184266,0.666277417854594,-0.4990232205999695,0.3374167203954438,0.02886604320863965,0.9324096033039098,0.5519682892576173,xind,整體P000,1,20,0.008,0.02321083172147002,5.849129593810445
4653,0.08982244917830676,0.14371565367512062,0.6250011524934976,-0.5040516028637345,0.3369868901783795,0.02302226197854804,0.7429974657209792,0.551924099398988,xind,整體P000,1,20,0.01,0.02321083172147002,5.849129593810445
4672,0.2809933835413256,0.1234754564837272,2.275702326140885,-0.19506223318388471,0.3955479452054795,0.23254572181289784,9.563291171204797,0.4030773782693141,xind,整體P000,3,1,0.0,0.2677654109589041,67.47688356164383
4672,0.1797780581988598,0.12406158293320098,1.449103372279705,-0.2584842790149303,0.3889126712328767,0.1311745256827833,5.02096133497339,0.40437420016314324,xind,整體P000,3,1,0.003,0.2677654109589041,67.47688356164383
4672,0.112301174637216,0.12494619006598913,0.8987963104589682,-0.33118706568649525,0.379708904109589,0.06359372826270687,2.3179538813871376,0.4052387480923624,xind,整體P000,3,1,0.005,0.2677654109589041,67.47688356164383
4672,0.011085849294750223,0.12699324612877605,0.08729479427204141,-0.5757956028414605,0.3705051369863014,-0.03777746786740765,-1.2793581201317217,0.4065355699861913,xind,整體P000,3,1,0.008,0.2677654109589041,67.47688356164383
4672,-0.05639103426689361,0.12882024702649017,-0.4377497758973987,-0.8537388299710832,0.3621575342465753,-0.10535826528748396,-3.3990962750686524,0.40740011791541053,xind,整體P000,3,1,0.01,0.2677654109589041,67.47688356164383
4668,0.1428223672171361,0.1298298837919665,1.1000731345179986,-0.3019687587047388,0.3676092544987147,0.08818697920700923,3.2481215117828532,0.4472635118281669,xind,整體P000,3,5,0.0,0.08997429305912596,22.673521850899743
4668,0.1088120844407865,0.12979036336616712,0.8383679775501031,-0.3504856123755665,0.3661096829477292,0.05421040699070174,1.9524215861526046,0.44698754593830586,xind,整體P000,3,5,0.003,0.08997429305912596,22.673521850899743
4668,0.08613856258988675,0.12996265999568932,0.6627947026687809,-0.380979162652733,0.3635389888603256,0.03155935884649673,1.1190107869353991,0.44680356867839843,xind,整體P000,3,5,0.005,0.08997429305912596,22.673521850899743
4668,0.05212827981353713,0.13051749693879872,0.3993968704286502,-0.4241084233245499,0.3607540702656384,-0.0024172133698107975,-0.08365091354933366,0.4465276027885373,xind,整體P000,3,5,0.008,0.08997429305912596,22.673521850899743
4668,0.029454757962637385,0.13108303140409946,0.22470305765080306,-0.45121177693914605,0.3577549271636675,-0.025068261514015824,-0.853167604976672,0.44634362552863,xind,整體P000,3,5,0.01,0.08997429305912596,22.673521850899743
4663,0.14098940277055808,0.13276958371360817,1.0619104076930796,-0.4137379138261491,0.3718636071198799,0.08435454243930007,2.8680217446696656,0.4643025949639588,xind,整體P000,3,10,0.0,0.04267638859103581,10.754449924941024
4663,0.12485772788314652,0.13271879206547646,0.9407690195187152,-0.4293943046246955,0.3707913360497534,0.06818874756300204,2.293364278540732,0.4645823166634118,xind,整體P000,3,10,0.003,0.04267638859103581,10.754449924941024
4663,0.1141032779582055,0.1327818974193106,0.8593285694500956,-0.439611607678809,0.36929015655157627,0.05741155097880334,1.916278653501177,0.4647687977963805,xind,整體P000,3,10,0.005,0.04267638859103581,10.754449924941024
4663,0.09797160307079399,0.13302172912459598,0.7365082660970979,-0.45461412681563373,0.3680034312674244,0.041245756102505346,1.360395896088383,0.46504851949583337,xind,整體P000,3,10,0.008,0.04267638859103581,10.754449924941024
4663,0.08721715314585293,0.13327799300851456,0.6544002590156126,-0.4644041901793591,0.3665022517692473,0.030468559518306647,0.9966676442380372,0.46523500062880196,xind,整體P000,3,10,0.01,0.04267638859103581,10.754449924941024
4653,0.11716122652242285,0.1466504127525705,0.7989150819513752,-0.4641408145352234,0.36299161831076726,0.047018270360581045,1.4124207899208847,0.5795431050670322,xind,整體P000,3,20,0.0,0.02278100150440576,5.740812379110252
4653,0.10855000795375748,0.14659966602756114,0.7404519457319213,-0.47369425805486887,0.362561788093703,0.03840026185938698,1.1507327037073467,0.5795992056193358,xind,整體P000,3,20,0.003,0.02278100150440576,5.740812379110252
4653,0.10280919557464722,0.1466136732509831,0.7012251538002978,-0.4799762090810702,0.3617021276595745,0.03265492285859095,0.9767964849126121,0.5796366059875381,xind,整體P000,3,20,0.005,0.02278100150440576,5.740812379110252
4653,0.09419797700598186,0.14670641424121014,0.6420849251424309,-0.4892703484141313,0.36084246722544594,0.0240369143573969,0.7168669215802262,0.5796927065398415,xind,整體P000,3,20,0.008,0.02278100150440576,5.740812379110252
4653,0.0884571646268716,0.1468159911882331,0.6025036095247995,-0.49538158089579165,0.36041263700838166,0.018291575356600857,0.5443389636649972,0.5797301069080437,xind,整體P000,3,20,0.01,0.02278100150440576,5.740812379110252
4672,0.2629185115328411,0.12135735263601699,2.1664819297880022,-0.17387671437522223,0.4013270547945205,0.21628784499713255,8.865784721830448,0.38796024707081367,xind,整體P000,5,1,0.0,0.203125,51.1875
4672,0.18613726153284116,0.12169947249519081,1.5294828951719308,-0.2087662988484923,0.3961900684931507,0.1393437909145664,5.324870399828116,0.3893147529526491,xind,整體P000,5,1,0.003,0.203125,51.1875
4672,0.13494976153284116,0.12234457451254308,1.1030302084953167,-0.2718655595225653,0.3884845890410959,0.08804775485952224,3.2055089453565464,0.3902177568738726,xind,整體P000,5,1,0.005,0.203125,51.1875
4672,0.05816851153284117,0.12392473629995177,0.46938580036231087,-0.35730649553309946,0.3816352739726027,0.01110370077695608,0.37561395634462297,0.391572262755708,xind,整體P000,5,1,0.008,0.203125,51.1875
4672,0.006981011532841145,0.1253745087026928,0.05568126730925493,-0.6461971440671666,0.3767123287671233,-0.040192335278088034,-1.2949031511277984,0.39247526667693144,xind,整體P000,5,1,0.01,0.203125,51.1875
4668,0.1512437024476743,0.12988931186747357,1.1644045246924448,-0.26404029196364387,0.37724935732647813,0.0965839351993726,3.5838190083060173,0.4474630884044284,xind,整體P000,5,5,0.0,0.08011996572407884,20.190231362467866
4668,0.1209583554039725,0.129912239501254,0.9310774401884201,-0.3016952673126668,0.37532133676092544,0.06629773180527498,2.403171367050217,0.4474700987744346,xind,整體P000,5,5,0.003,0.08011996572407884,20.190231362467866
4668,0.10076812404150463,0.1301061201012491,0.7745071789327549,-0.3270658602842189,0.3731790916880891,0.04610692954254328,1.6445464131976657,0.44747477235443867,xind,整體P000,5,5,0.005,0.08011996572407884,20.190231362467866
4668,0.07048277699780285,0.13066324425669112,0.5394231361601411,-0.36344821871612343,0.37017994858611825,0.015820726148445687,0.5504310867425707,0.44748178272444483,xind,整體P000,5,5,0.008,0.08011996572407884,20.190231362467866
4668,0.05029254563533497,0.13121043695767878,0.38329683828091027,-0.3866321397712651,0.36782347900599827,-0.00437007611428605,-0.14948566198698007,0.44748645630444894,xind,整體P000,5,5,0.01,0.08011996572407884,20.190231362467866
4663,0.17630701666145607,0.1324655170885633,1.3309653752650314,-0.39276397685565967,0.386660947887626,0.11972363332984245,4.041180110738179,0.46388057742253547,xind,整體P000,5,10,0.0,0.03967402959468153,9.997855457859746
4663,0.16131023347466644,0.13245195659353362,1.217877316600861,-0.40902545593699624,0.38537422260347415,0.10470035287127098,3.4958896829246933,0.4640978067398822,xind,整體P000,5,10,0.003,0.03967402959468153,9.997855457859746
4663,0.1513123780168067,0.13253352033853683,1.1416913821522445,-0.4196370004439405,0.3843019515333476,0.09468483256555664,3.1376397930415934,0.46424262628477997,xind,整體P000,5,10,0.005,0.03967402959468153,9.997855457859746
4663,0.13631559483001704,0.13279143816157962,1.0265390353265795,-0.43521746675318806,0.3828007720351705,0.07966155210698517,2.608817582998029,0.4644598556021265,xind,整體P000,5,10,0.008,0.03967402959468153,9.997855457859746
4663,0.12631773937215732,0.13305335604715474,0.9493765743675774,-0.4453840627583199,0.38172850096504396,0.06964603180127088,2.2622965041800205,0.4646046751470242,xind,整體P000,5,10,0.01,0.03967402959468153,9.997855457859746
4653,0.1517330069813276,0.14054388623588182,1.0796130023519237,-0.3916280148928273,0.37481194928003436,0.08739769706613287,2.867781198911059,0.5315585101328407,xind,整體P000,5,20,0.0,0.02149151085321298,5.415860735009671
4653,0.1436092158788131,0.14050885524200754,1.0220652330521491,-0.4024892984848747,0.37395228884590587,0.07924953582838071,2.585901031312427,0.5317598638341873,xind,整體P000,5,20,0.003,0.02149151085321298,5.415860735009671
4653,0.1381933551438034,0.14053265175415997,0.9833540705227083,-0.4096310935332802,0.37309262841177737,0.07381742833654588,2.39922650574435,0.5318940996350848,xind,整體P000,5,20,0.005,0.02149151085321298,5.415860735009671
4653,0.13006956404128892,0.14063902441652112,0.9248468878457992,-0.4201971671425153,0.3722329679776488,0.06566926709879366,2.1212943257621304,0.5320954533364313,xind,整體P000,5,20,0.008,0.02149151085321298,5.415860735009671
4653,0.12465370330627926,0.14075697503461063,0.8855952131368855,-0.42714460770000795,0.37180313776058455,0.06023715960695885,1.937509016097669,0.5322296891373287,xind,整體P000,5,20,0.01,0.02149151085321298,5.415860735009671
4672,0.2449409018440447,0.11831837876400902,2.070184737170796,-0.1579568637372224,0.4019691780821918,0.20090171673432494,7.973103471929549,0.3663995049884303,xind,整體P000,10,1,0.0,0.13377568493150685,33.711472602739725
4672,0.19437369293993514,0.11853192879054489,1.639842487363962,-0.2094239971403482,0.3985445205479452,0.1501486685221251,5.617119568077315,0.36794566053881145,xind,整體P000,10,1,0.003,0.13377568493150685,33.711472602739725
4672,0.16066222033719538,0.11898133302413032,1.350314509458487,-0.2548033632191591,0.3946917808219178,0.11631330304732519,4.180300781684947,0.36897643090573207,xind,整體P000,10,1,0.005,0.13377568493150685,33.711472602739725
4672,0.11009501143308581,0.12010910296439768,0.916625041032234,-0.32316165488000814,0.3893407534246575,0.06556025483512543,2.218173599561595,0.37052258645611325,xind,整體P000,10,1,0.008,0.13377568493150685,33.711472602739725
4672,0.07638353883034607,0.12115682327107209,0.63045181251945,-0.36526459149048873,0.3854880136986301,0.031724889360325574,1.0312528713873843,0.371553356823034,xind,整體P000,10,1,0.01,0.13377568493150685,33.711472602739725
4668,0.14819075124926515,0.12689741946917357,1.1677995649491064,-0.3198807311934495,0.39010282776349614,0.09649845512903792,3.2898822179300407,0.42317037984445083,xind,整體P000,10,5,0.0,0.06191088260497001,15.601542416452443
4668,0.12478843762458648,0.12694702230083907,0.9829961771680066,-0.34687998887760907,0.3883890317052271,0.0730579562482747,2.425435357735944,0.4234829770888098,xind,整體P000,10,5,0.003,0.06191088260497001,15.601542416452443
4668,0.10918689520813403,0.12712410342905534,0.858900021812688,-0.36430287208570533,0.38688946015424164,0.05743095699443255,1.8731031783230954,0.4236913752517156,xind,整體P000,10,5,0.005,0.06191088260497001,15.601542416452443
4668,0.08578458158345535,0.12760454488105474,0.6722690141124563,-0.38960065944414557,0.3838903170522708,0.033990458113669304,1.07948441548069,0.4240039724960745,xind,整體P000,10,5,0.008,0.06191088260497001,15.601542416452443
4668,0.07018303916700291,0.12806679874811278,0.5480190014356641,-0.4059242325756367,0.38174807197943444,0.018363458859827153,0.5729609437269573,0.4242123706589804,xind,整體P000,10,5,0.01,0.06191088260497001,15.601542416452443
4663,0.18734709936550167,0.12633240248847927,1.4829694969395248,-0.2960197305535536,0.3868754021016513,0.13638821671746948,4.949455960926937,0.41776992671219754,xind,整體P000,10,10,0.0,0.03581385374222604,9.025091143040962
4663,0.17380946265094027,0.12639568620745384,1.3751217930465285,-0.3074776686572639,0.3855886768174995,0.12281366022183693,4.3913842091669775,0.4180726016028312,xind,整體P000,10,10,0.003,0.03581385374222604,9.025091143040962
4663,0.1647843715078993,0.12652387604750545,1.3023974340307778,-0.3157775283249994,0.3847308599613982,0.11376395589141526,4.026877858786067,0.41827438486325363,xind,整體P000,10,10,0.005,0.03581385374222604,9.025091143040962
4663,0.15124673479333783,0.12684464037331922,1.1923778123238025,-0.32805646316534187,0.3834441346772464,0.10018939939578272,3.491847065775443,0.4185770597538873,xind,整體P000,10,10,0.008,0.03581385374222604,9.025091143040962
4663,0.14222164365029688,0.12714363209250729,1.118590379318558,-0.3371987664484062,0.38215740939309456,0.09113969506536101,3.1431681173453505,0.41877884301430973,xind,整體P000,10,10,0.01,0.03581385374222604,9.025091143040962
4653,0.1459914543437104,0.13138366187087214,1.1111842390813802,-0.3566817118545028,0.3705136471093918,0.09008102356716138,2.962338026746082,0.46194951611554363,xind,整體P000,10,20,0.0,0.0223511712873415,5.6324951644100585
4653,0.1375427115970953,0.131385638306777,1.0468626051497496,-0.3719456765624428,0.3694390715667311,0.08161190229220001,2.6584619484443714,0.46211788990873337,xind,整體P000,10,20,0.003,0.0223511712873415,5.6324951644100585
4653,0.13191021643268525,0.13143934589541875,1.0035824169243899,-0.38193230405265644,0.36879432624113473,0.07596582144222577,2.4586051742286488,0.4622301391041931,xind,整體P000,10,20,0.005,0.0223511712873415,5.6324951644100585
4653,0.12346147368607016,0.13159836393794913,0.9381687582703107,-0.3966334837073029,0.36793466580700623,0.06749670016726438,2.163035759201418,0.4623985128973829,xind,整體P000,10,20,0.008,0.0223511712873415,5.6324951644100585
4653,0.1178289785216601,0.13175653311056132,0.8942932524096234,-0.406251448918568,0.36728992048140985,0.06185061931729011,1.9688630785752532,0.46251076209284264,xind,整體P000,10,20,0.01,0.0223511712873415,5.6324951644100585
4672,0.21850710423486117,0.11979236437786608,1.8240486809794907,-0.21404163648215513,0.4002568493150685,0.17334479373013725,6.959022357651211,0.3757437421205247,xind,整體P000,20,1,0.0,0.08497431506849315,21.413527397260275
4672,0.1863868131389707,0.11980409654441625,1.5557632711655196,-0.24828093686381114,0.3970462328767123,0.14118113179436365,5.426725047259275,0.37610458109210254,xind,整體P000,20,1,0.003,0.08497431506849315,21.413527397260275
4672,0.16497328574171044,0.12001621075986386,1.3745916880495386,-0.27709185198602004,0.3946917808219178,0.11973869050384799,4.467013071076273,0.3763451404064878,xind,整體P000,20,1,0.005,0.08497431506849315,21.413527397260275
4672,0.13285299464582,0.12063866605930475,1.1012472119055994,-0.3242958691709743,0.3910530821917808,0.08757502856807446,3.121276942085171,0.3767059793780657,xind,整體P000,20,1,0.008,0.08497431506849315,21.413527397260275
4672,0.11143946724855974,0.12125406243415536,0.9190575970110261,-0.3554525668778217,0.3895547945205479,0.06613258727755877,2.2856814195696513,0.37694653869245087,xind,整體P000,20,1,0.01,0.08497431506849315,21.413527397260275
4668,0.1499975706835294,0.12840227575707724,1.1681846742911945,-0.3537595364678783,0.3950299914310197,0.09688919598787993,3.3367353114334564,0.43476287144624226,xind,整體P000,20,5,0.0,0.04605826906598115,11.60668380462725
4668,0.1325875449765885,0.12846675832964527,1.0320766764922122,-0.37288911623919885,0.39267352185089976,0.07942747010603367,2.6663130280783496,0.43518610632445054,xind,整體P000,20,5,0.003,0.04605826906598115,11.60668380462725
4668,0.12098086117196127,0.12861740380279335,0.9406258997223966,-0.3853419693550748,0.3916023993144816,0.06778631951813616,2.2367277351706383,0.4354682629099227,xind,整體P000,20,5,0.005,0.04605826906598115,11.60668380462725
4668,0.10357083546502041,0.12900410334779958,0.8028491557806486,-0.4035816576617738,0.3892459297343616,0.05032459363628984,1.6180150445870811,0.43589149778813086,xind,整體P000,20,5,0.008,0.04605826906598115,11.60668380462725
4668,0.09196415166039316,0.12936830990673504,0.7108707822394256,-0.4154545038658165,0.3879605826906598,0.03868344304839232,1.2223313554106756,0.43617365437360306,xind,整體P000,20,5,0.01,0.04605826906598115,11.60668380462725
4663,0.17275952183237459,0.12965622696355394,1.3324429213950277,-0.3574920699935933,0.39609693330473944,0.11875731484000272,4.245611549306398,0.44271963758160027,xind,整體P000,20,10,0.0,0.029809135749517476,7.511902208878404
4663,0.16149166851905697,0.12975987606582098,1.2445424072163878,-0.3679854464109872,0.3950246622346129,0.10745637449212127,3.784475704079467,0.44299089093894617,xind,整體P000,20,10,0.003,0.029809135749517476,7.511902208878404
4663,0.1539797663101786,0.1298990946446589,1.1853798267908855,-0.37558386747382944,0.3941668453785117,0.09992241426020032,3.4833492081397934,0.44317172651051007,xind,整體P000,20,10,0.005,0.029809135749517476,7.511902208878404
4663,0.14271191299686098,0.13021265146660638,1.095991145172711,-0.38682459665028046,0.39288012009435985,0.08862147391231882,3.041427970321408,0.4434429798678559,xind,整體P000,20,10,0.008,0.029809135749517476,7.511902208878404
4663,0.13520001078798258,0.13049111719076859,1.0360859321200382,-0.39421503881011033,0.3918078490242333,0.08108751368039784,2.753470696436288,0.44362381543941987,xind,整體P000,20,10,0.01,0.029809135749517476,7.511902208878404
4653,0.1401852823296726,0.13456730071574974,1.0417484900420935,-0.44748693976552,0.3750268643885665,0.08169316628171765,2.6082619359837214,0.48328020960733487,xind,整體P000,20,20,0.0,0.02106168063614872,5.307543520309477
4653,0.13222396704920839,0.13458860054384633,0.9824306554560867,-0.4605963756505256,0.374167203954438,0.07374073193678869,2.3305123951636775,0.48320683253232105,xind,整體P000,20,20,0.003,0.02106168063614872,5.307543520309477
4653,0.12691642352889893,0.13465105111306983,0.9425579858438987,-0.46917337745152476,0.3735224586288416,0.06843910904016932,2.148141818715006,0.4831579144823117,xind,整體P000,20,20,0.005,0.02106168063614872,5.307543520309477
4653,0.11895510824843471,0.1348169688872177,0.8823452213048021,-0.4817994661384506,0.3726627981947131,0.060486674695240335,1.8788326558544617,0.48308453740729784,xind,整體P000,20,20,0.008,0.02106168063614872,5.307543520309477
4653,0.11364756472812522,0.1349756038791585,0.841985969774746,-0.4900598428291597,0.3722329679776488,0.055185051798621015,1.7021483813003548,0.4830356193572886,xind,整體P000,20,20,0.01,0.02106168063614872,5.307543520309477
4672,0.2933138338431184,0.12310255605742253,2.382678664334955,-0.12172735965958081,0.354666095890411,0.24444228993962538,9.813280020696721,0.4066040152570411,xind,D100+0.5·2330,1,1,0.0,0.4685359589041096,118.07106164383562
4672,0.11620724137736493,0.12424183346441979,0.9353310244785161,-0.20930491246053806,0.3398972602739726,0.06727137170844003,2.5773075655647455,0.407139196109129,xind,D100+0.5·2330,1,1,0.003,0.4685359589041096,118.07106164383562
4672,-0.0018638202664706556,0.1256216767115205,-0.014836772723156377,-0.663699708481432,0.3257705479452055,-0.05084257377901681,-1.8819170763669983,0.40749598334385395,xind,D100+0.5·2330,1,1,0.005,0.4685359589041096,118.07106164383562
4672,-0.17897041273222405,0.1285819941388507,-1.3918777192004104,-0.9769044935070691,0.3039383561643836,-0.22801349201020216,-7.987564935912067,0.4080311641959418,xind,D100+0.5·2330,1,1,0.008,0.4685359589041096,118.07106164383562
4672,-0.29704147437605977,0.13111796780783525,-2.2654520912907974,-0.9971922477925912,0.2923801369863014,-0.346127437497659,-11.670600630850284,0.4083879514306671,xind,D100+0.5·2330,1,1,0.01,0.4685359589041096,118.07106164383562
4668,0.15156149110098927,0.12480287936481659,1.214407006251462,-0.35783786519969407,0.3324764353041988,0.10129332679343898,3.928999910796926,0.4115119617560495,xind,D100+0.5·2330,1,5,0.0,0.09832904884318766,24.77892030848329
4668,0.11439311063826434,0.1247882862359716,0.9166975049400852,-0.4006700590816358,0.33033419023136246,0.06419807559042731,2.4552633142719977,0.4109133012411711,xind,D100+0.5·2330,1,5,0.003,0.09832904884318766,24.77892030848329
4668,0.08961419032978105,0.12500222486392834,0.7169007625850735,-0.4276586322224277,0.3273350471293916,0.039467908121752826,1.4934171747557299,0.4105141942312523,xind,D100+0.5·2330,1,5,0.005,0.09832904884318766,24.77892030848329
4668,0.05244580986705612,0.12565634904227574,0.4173749298526196,-0.46592623635438024,0.32369323050556986,0.002372656918741059,0.0881968748775964,0.4099155337163739,xind,D100+0.5·2330,1,5,0.008,0.09832904884318766,24.77892030848329
4668,0.027666889558572806,0.12631189173503196,0.2190363011632383,-0.4900352417166014,0.32112253641816624,-0.022357510549933485,-0.8204145475535873,0.40951642670645505,xind,D100+0.5·2330,1,5,0.01,0.09832904884318766,24.77892030848329
4663,0.10924831556311956,0.13241311892072657,0.8250565839214514,-0.4364540340142108,0.33604975337765386,0.052927875405165914,2.104296438558993,0.46172492281079486,xind,D100+0.5·2330,1,10,0.0,0.04717992708556723,11.889341625562942
4663,0.09141430312477515,0.13242942100063637,0.6902869651928472,-0.4514799550317269,0.33562084494960326,0.03504569131421501,1.3777669082976938,0.46211984253299576,xind,D100+0.5·2330,1,10,0.003,0.04717992708556723,11.889341625562942
4663,0.07952496149921222,0.1325471876451759,0.5999747177744557,-0.46128615292603425,0.33326184859532487,0.023124235253581035,0.9017402442264804,0.4623831223477964,xind,D100+0.5·2330,1,10,0.005,0.04717992708556723,11.889341625562942
4663,0.06169094906086781,0.13288361707389368,0.464247966899959,-0.47568552300960765,0.33111730645507187,0.005242051162630115,0.20176391821425055,0.4627780420699973,xind,D100+0.5·2330,1,10,0.008,0.04717992708556723,11.889341625562942
4663,0.04980160743530487,0.13321379530371658,0.3738472229678712,-0.4944778958256043,0.3296161269568947,-0.0066794048980038274,-0.2547189578603742,0.4630413218847979,xind,D100+0.5·2330,1,10,0.01,0.04717992708556723,11.889341625562942
4653,0.10449903019481716,0.1397157391392579,0.7479402881779881,-0.5150945176354912,0.32323232323232326,0.04131828917690031,1.3560170874970037,0.5220190997578585,xind,D100+0.5·2330,1,20,0.0,0.02278100150440576,5.740812379110252
4653,0.09588781162615177,0.13970858222706511,0.6863415983300694,-0.5194605626363485,0.3223726627981947,0.032716649336345306,1.073979643673321,0.5219399573017168,xind,D100+0.5·2330,1,20,0.003,0.02278100150440576,5.740812379110252
4653,0.09014699924704153,0.13975400827823514,0.6450405276932638,-0.5223530205311429,0.32129808725553405,0.026982222775975333,0.8856815072500233,0.5218871956642889,xind,D100+0.5·2330,1,20,0.005,0.02278100150440576,5.740812379110252
4653,0.08153578067837615,0.13989734554656424,0.5828257881507647,-0.5266644956312813,0.32043842682140555,0.018380582935420345,0.6030768749481836,0.521808053208147,xind,D100+0.5·2330,1,20,0.008,0.02278100150440576,5.740812379110252
4653,0.07579496829926592,0.14004291612654823,0.541226721034391,-0.529914800639691,0.3200085966043413,0.012646156375050373,0.4147161070312251,0.5217552915707191,xind,D100+0.5·2330,1,20,0.01,0.02278100150440576,5.740812379110252
4672,0.31549172228779515,0.11891476953947414,2.653091146790363,-0.13096993529133605,0.3760702054794521,0.2702817314640796,11.265514836541424,0.3761404353207455,xind,D100+0.5·2330,3,1,0.0,0.2985873287671233,75.24400684931507
4672,0.2026257120138226,0.11981849290197441,1.6911054972089679,-0.1645256768712413,0.366652397260274,0.15722681023275853,6.248950857006731,0.37771214653853735,xind,D100+0.5·2330,3,1,0.003,0.2985873287671233,75.24400684931507
4672,0.1273817051645075,0.12096394003681238,1.0530551925287985,-0.19501036686707118,0.3563784246575342,0.0818568627452111,3.145830655975059,0.37875995401706525,xind,D100+0.5·2330,3,1,0.005,0.2985873287671233,75.24400684931507
4672,0.014515694890534874,0.12346633794821346,0.11756803620937813,-0.5511789602832775,0.3420376712328767,-0.031198058486109924,-1.1378839948944495,0.3803316652348571,xind,D100+0.5·2330,3,1,0.008,0.2985873287671233,75.24400684931507
4672,-0.060728311958780194,0.12563312520150602,-0.48337818438709207,-0.8451931630548959,0.3330479452054795,-0.10656800597365726,-3.7508475153770826,0.3813794727133849,xind,D100+0.5·2330,3,1,0.01,0.2985873287671233,75.24400684931507
4668,0.13844862698058963,0.1271222053814345,1.089098687087514,-0.3914544091639306,0.3596829477292202,0.08646853046275724,3.405542664772151,0.4255264099053076,xind,D100+0.5·2330,3,5,0.0,0.09490145672664953,23.91516709511568
4668,0.10257587633791612,0.12714078242845825,0.8067897206440056,-0.43371526778557745,0.356898029134533,0.05058481691127192,1.9423659195029126,0.42561615593390956,xind,D100+0.5·2330,3,5,0.003,0.09490145672664953,23.91516709511568
4668,0.07866070924280043,0.12736582382692296,0.617596674518372,-0.4602782322855834,0.3543273350471294,0.02666234121028171,1.0056967519880495,0.4256759866196441,xind,D100+0.5·2330,3,5,0.005,0.09490145672664953,23.91516709511568
4668,0.042787958600126894,0.12802012807133287,0.33422836896621,-0.49785014516911164,0.350471293916024,-0.009221372341203685,-0.3382652264542554,0.4257657326482459,xind,D100+0.5·2330,3,5,0.008,0.09490145672664953,23.91516709511568
4668,0.018872791505011227,0.12866498676224958,0.1466816418353569,-0.521462391053181,0.34790059982862037,-0.03314384804219397,-1.192667971188326,0.4258255633339806,xind,D100+0.5·2330,3,5,0.01,0.09490145672664953,23.91516709511568
4663,0.1351833653486724,0.12912803995408761,1.0468939619678095,-0.39939678150004443,0.3562084494960326,0.08204359896380187,2.766960182092303,0.43564919704863175,xind,D100+0.5·2330,3,10,0.0,0.042461934377010506,10.700407463006648
4663,0.11913275415416241,0.1291386275344148,0.9225183543352599,-0.41540385577520267,0.355779541067982,0.06597649143201464,2.1973165984468177,0.43578443693728736,xind,D100+0.5·2330,3,10,0.003,0.042461934377010506,10.700407463006648
4663,0.10843234669115577,0.12924484005420914,0.8389684775475448,-0.4258504689657867,0.35406390735577953,0.05526508641082316,1.8247446883064755,0.43587459686305774,xind,D100+0.5·2330,3,10,0.005,0.042461934377010506,10.700407463006648
4663,0.09238173549664577,0.1295524022897592,0.7130839248354744,-0.441190362933226,0.3525627278576024,0.03919797887903595,1.2771076426787809,0.4360098367517133,xind,D100+0.5·2330,3,10,0.008,0.042461934377010506,10.700407463006648
4663,0.08168132803363914,0.12985572657541064,0.6290159871093913,-0.4512010226398302,0.35106154835942527,0.028486573857844474,0.919703341284765,0.4360999966774837,xind,D100+0.5·2330,3,10,0.01,0.042461934377010506,10.700407463006648
4653,0.15577026113448705,0.12885750889546546,1.2088566857275997,-0.38034451894069665,0.3404255319148936,0.10299919080729839,3.5377514958712593,0.43601113538136105,xind,D100+0.5·2330,3,20,0.0,0.02407049215559854,6.065764023210832
4653,0.1466716150996708,0.12885210657550988,1.1382942739373714,-0.38959630221839847,0.3395658714807651,0.09389572062831343,3.2087240710309577,0.43605099397363895,xind,D100+0.5·2330,3,20,0.003,0.02407049215559854,6.065764023210832
4653,0.14060585107645995,0.12890593389091773,1.0907632164974104,-0.3956948952404784,0.33849129593810445,0.08782674050899017,2.9905392924041085,0.43607756636849065,xind,D100+0.5·2330,3,20,0.005,0.02407049215559854,6.065764023210832
4653,0.1315072050416437,0.12907267445945836,1.0188617040158259,-0.40619830318736827,0.3374167203954438,0.07872327033000528,2.6652961822500774,0.4361174249607685,xind,D100+0.5·2330,3,20,0.008,0.02407049215559854,6.065764023210832
4653,0.12544144101843285,0.12924099530932304,0.9706010133874597,-0.4156595223306059,0.3372018052869117,0.07265429021068197,2.4499811380187793,0.4361439973556204,xind,D100+0.5·2330,3,20,0.01,0.02407049215559854,6.065764023210832
4672,0.3019227811057492,0.11842113733241498,2.549568327977078,-0.14629542601025747,0.3846318493150685,0.2575603932212737,10.865555196232483,0.36908850426001893,xind,D100+0.5·2330,5,1,0.0,0.2363013698630137,59.54794520547945
4672,0.21260086329753,0.11876940531981768,1.7900305446932787,-0.19012339682651214,0.3773544520547945,0.16819039638132613,6.7998676688719515,0.3694885146912228,xind,D100+0.5·2330,5,1,0.003,0.2363013698630137,59.54794520547945
4672,0.1530529180920506,0.11947785682849515,1.2810149274082718,-0.2273229207534917,0.3692208904109589,0.10861039848802774,4.25769812299425,0.36975518831202525,xind,D100+0.5·2330,5,1,0.005,0.2363013698630137,59.54794520547945
4672,0.0637310002838314,0.12123824601309471,0.525667455440983,-0.3270867110728478,0.3570205479452055,0.019240401648080205,0.7182392124027296,0.370155198743229,xind,D100+0.5·2330,5,1,0.008,0.2363013698630137,59.54794520547945
4672,0.004183055078351932,0.12286143019418051,0.03404693459729942,-0.6136063574275296,0.3497431506849315,-0.04033959624521814,-1.4557481181992717,0.37042187236403135,xind,D100+0.5·2330,5,1,0.01,0.2363013698630137,59.54794520547945
4668,0.14740590351716465,0.12760554083686526,1.1551685181571605,-0.37077813316648045,0.3691088260497001,0.09513191739282251,3.69693354137523,0.4279322882615294,xind,D100+0.5·2330,5,5,0.0,0.08718937446443874,21.971722365038563
4668,0.1144483199696068,0.1276196553398922,0.8967922665579541,-0.4118502786626035,0.36632390745501286,0.062190417322663095,2.370097479853075,0.42780062355033,xind,D100+0.5·2330,5,5,0.003,0.08718937446443874,21.971722365038563
4668,0.09247659760456825,0.12782538406446933,0.7234603539929695,-0.43776291018710234,0.3639674378748929,0.04022941727589019,1.5121088435916763,0.427712847076197,xind,D100+0.5·2330,5,5,0.005,0.08718937446443874,21.971722365038563
4668,0.059519014057010405,0.1284265688278471,0.46344782547912106,-0.47455157584634955,0.3607540702656384,0.007287917205730748,0.26802273737279275,0.42758118236499754,xind,D100+0.5·2330,5,5,0.008,0.08718937446443874,21.971722365038563
4668,0.03754729169197184,0.12902029901643539,0.29101848296901595,-0.4977585222419214,0.35711225364181665,-0.014673082841042243,-0.531498809450382,0.4274934058908646,xind,D100+0.5·2330,5,5,0.01,0.08718937446443874,21.971722365038563
4663,0.14150501398788085,0.13215604488587795,1.0707418953864434,-0.3491133465992664,0.3720780613339052,0.08572942594870062,3.0069725976172665,0.45725812884081846,xind,D100+0.5·2330,5,10,0.0,0.04331975123311173,10.916577310744156
4663,0.1251301480217646,0.13217702291859007,0.9466860824882873,-0.3650626528825367,0.371220244477804,0.0693575341291305,2.3959672843256214,0.4572337462617658,xind,D100+0.5·2330,5,10,0.003,0.04331975123311173,10.916577310744156
4663,0.11421357071102044,0.13228974625653864,0.8633592091826637,-0.37644108050094305,0.36993351919365214,0.05844293958275044,1.9978923623365499,0.45721749120906396,xind,D100+0.5·2330,5,10,0.005,0.04331975123311173,10.916577310744156
4663,0.0978387047449042,0.13260643463976327,0.7378126484637901,-0.39314823897105866,0.36821788548144974,0.042071047763180325,1.415192717596368,0.45719310863001117,xind,D100+0.5·2330,5,10,0.008,0.04331975123311173,10.916577310744156
4663,0.08692212743416006,0.13291541541599228,0.6539657357434077,-0.40405049288471384,0.36671670598327255,0.03115645321680026,1.0365633419252207,0.4571768535773094,xind,D100+0.5·2330,5,10,0.01,0.04331975123311173,10.916577310744156
4653,0.1681594314640592,0.12724236096222946,1.3215679919203605,-0.3501841011116744,0.34923705136471095,0.11665411972600008,4.034343400917182,0.4255530408961947,xind,D100+0.5·2330,5,20,0.0,0.0223511712873415,5.6324951644100585
4653,0.15971068871744415,0.1272415338883855,1.2551773295780932,-0.3560130708396102,0.3481624758220503,0.1082184089783038,3.73204073303752,0.4254453664334706,xind,D100+0.5·2330,5,20,0.003,0.0223511712873415,5.6324951644100585
4653,0.1540781935530341,0.12729507882594548,1.2104018079419236,-0.3605560867217851,0.3473028153879218,0.10259460181317291,3.530666267816089,0.42537358345832105,xind,D100+0.5·2330,5,20,0.005,0.0223511712873415,5.6324951644100585
4653,0.14562945080641898,0.12745640435607916,1.1425824503849114,-0.36821021744187865,0.34601332473672897,0.09415889106547662,3.2291203786473806,0.4252659089955971,xind,D100+0.5·2330,5,20,0.008,0.0223511712873415,5.6324951644100585
4653,0.13999695564200892,0.12761780082906962,1.097001787623028,-0.3732683225279022,0.34558349451966475,0.08853508390034572,3.0285905363507735,0.42519412602044765,xind,D100+0.5·2330,5,20,0.01,0.0223511712873415,5.6324951644100585
4672,0.29492380716508054,0.11921923364519807,2.4737938514416844,-0.13332806972082156,0.4021832191780822,0.2502381179870736,10.069451121589259,0.37177832319324666,xind,D100+0.5·2330,10,1,0.0,0.15496575342465754,39.051369863013704
4672,0.23634675237056,0.1193290625105254,1.9806302622189216,-0.15639604803299123,0.3974743150684932,0.19163591493608076,7.402060710552207,0.37198755296668184,xind,D100+0.5·2330,10,1,0.003,0.15496575342465754,39.051369863013704
4672,0.1972953825075463,0.11974726932061976,1.6475981759491636,-0.19103444542083314,0.3916952054794521,0.15256777956875212,5.7219911670770465,0.37212703948230524,xind,D100+0.5·2330,10,1,0.005,0.15496575342465754,39.051369863013704
4672,0.13871832771302572,0.12088490009660005,1.1475240299009624,-0.2405374882040604,0.3844178082191781,0.09396557651775926,3.3639470210859903,0.37233626925574054,xind,D100+0.5·2330,10,1,0.008,0.15496575342465754,39.051369863013704
4672,0.09966695785001203,0.12197613073912206,0.8171021432314161,-0.27188337268452745,0.3794948630136986,0.05489744115043069,1.9032025721859127,0.3724757557713638,xind,D100+0.5·2330,10,1,0.01,0.15496575342465754,39.051369863013704
4668,0.16798534934898118,0.12774268026793897,1.3150291585915814,-0.2797285633615547,0.3864610111396744,0.11591784461328623,4.485074898239998,0.4262419627348507,xind,D100+0.5·2330,10,5,0.0,0.06812339331619537,17.16709511568123
4668,0.14223470667545932,0.1277780104891953,1.1131391554064498,-0.3072885085748911,0.38431876606683807,0.09019506001927587,3.4204467494306354,0.4260139072029169,xind,D100+0.5·2330,10,5,0.003,0.06812339331619537,17.16709511568123
4668,0.12506761155977808,0.12795796564366843,0.9774116908677709,-0.3250954112691333,0.3828191945158526,0.07304653695660229,2.7315538180477352,0.42586187018162763,xind,D100+0.5·2330,10,5,0.005,0.06812339331619537,17.16709511568123
4668,0.09931696888625624,0.1284611863186472,0.7731282244264902,-0.35098297298192915,0.380248500428449,0.047323752362591835,1.7313869494754783,0.4256338146496938,xind,D100+0.5·2330,10,5,0.008,0.06812339331619537,17.16709511568123
4668,0.082149873770575,0.1289507759118784,0.6370638190398644,-0.3677080076459929,0.37724935732647813,0.030175229299918168,1.0874918484586342,0.4254817776284046,xind,D100+0.5·2330,10,5,0.01,0.06812339331619537,17.16709511568123
4663,0.167370822294429,0.13342181092388006,1.2544487376949007,-0.3340309006314993,0.394381299592537,0.11069913008242795,3.9393853738580296,0.4646045492321669,xind,D100+0.5·2330,10,10,0.0,0.03774394166845379,9.511473300450355
4663,0.15310361234375347,0.1335121593965603,1.1467390912988102,-0.3439928687446241,0.3935234827364358,0.0963762728775929,3.3752387214456303,0.46506075525718,xind,D100+0.5·2330,10,10,0.003,0.03774394166845379,9.511473300450355
4663,0.14359213904330312,0.1336579995652529,1.0743250647949458,-0.35210911381156385,0.3926656658803345,0.08682770140770284,3.007899896304938,0.4653648926071887,xind,D100+0.5·2330,10,10,0.005,0.03774394166845379,9.511473300450355
4663,0.12932492909262758,0.13400461258635113,0.9650781909413155,-0.3694687067692485,0.3909500321681321,0.07250484420286779,2.4703102027420223,0.4658210986322019,xind,D100+0.5·2330,10,10,0.008,0.03774394166845379,9.511473300450355
4663,0.11981345579217724,0.13432040989939933,0.8919973954956866,-0.3807966996070543,0.3898777610980056,0.06295627273297774,2.12097190281327,0.46612523598221056,xind,D100+0.5·2330,10,10,0.01,0.03774394166845379,9.511473300450355
4653,0.16211727860277073,0.13837216124310248,1.1716032845505033,-0.3506031544202435,0.3905007522028799,0.10145086917301843,3.306256429333011,0.5012449035233727,xind,D100+0.5·2330,10,20,0.0,0.02149151085321298,5.415860735009671
4653,0.15399348750025624,0.13834467539001633,1.1131146686066764,-0.36408499300840647,0.3894261766602192,0.09334080088605647,3.0200297806396046,0.5011315213169368,xind,D100+0.5·2330,10,20,0.003,0.02149151085321298,5.415860735009671
4653,0.14857762676524658,0.13837423961406317,1.0737376203810876,-0.3729279947661509,0.38878143133462284,0.08793408869474847,2.830977744505755,0.5010559331793129,xind,D100+0.5·2330,10,20,0.005,0.02149151085321298,5.415860735009671
4653,0.14045383566273204,0.13849035680180724,1.0141777298164862,-0.3859786119918499,0.38749194068343007,0.07982402040778645,2.5502145224763537,0.5009425509728769,xind,D100+0.5·2330,10,20,0.008,0.02149151085321298,5.415860735009671
4653,0.13503797492772235,0.13861552197181834,0.9741908626594985,-0.3945384184998094,0.3872770255748979,0.07441730821647845,2.3650050067889565,0.5008669628352529,xind,D100+0.5·2330,10,20,0.01,0.02149151085321298,5.415860735009671
4672,0.25699756288853964,0.12339643213997713,2.082698489993694,-0.14159856766872292,0.4122431506849315,0.2093575434187671,7.826354415057777,0.39635791415929966,xind,D100+0.5·2330,20,1,0.0,0.1035958904109589,26.106164383561644
4672,0.21783831631319714,0.12337293079228054,1.7656897255684496,-0.18914483953299654,0.409888698630137,0.17029788519280434,6.168620586692254,0.39552935382548715,xind,D100+0.5·2330,20,1,0.003,0.1035958904109589,26.106164383561644
4672,0.1917321519296355,0.12359421703618885,1.5513035846450294,-0.2194071942326309,0.4060359589041096,0.14425811304216257,5.105479951275301,0.3949769802696121,xind,D100+0.5·2330,20,1,0.005,0.1035958904109589,26.106164383561644
4672,0.15257290535429305,0.1242790456791603,1.227663959925927,-0.26274896956521654,0.4011130136986301,0.1051984548161998,3.5862588134167432,0.39414841993579985,xind,D100+0.5·2330,20,1,0.008,0.1035958904109589,26.106164383561644
4672,0.1264667409707314,0.12496785603742314,1.0119941637860814,-0.29693957057299714,0.3981164383561644,0.07915868266555798,2.6283648274428444,0.3935960463799248,xind,D100+0.5·2330,20,1,0.01,0.1035958904109589,26.106164383561644
4668,0.18072692594785547,0.12705507524235615,1.4224298053668525,-0.2593026085773754,0.3986718080548415,0.12920698519858662,4.551272137567639,0.42175942128252,xind,D100+0.5·2330,20,5,0.0,0.04755784061696658,11.984575835475578
4668,0.16275006219464205,0.12710780540991756,1.2804096622530747,-0.2747219886270782,0.39695801199657244,0.11127506338698906,3.8307038845456396,0.4213915115564699,xind,D100+0.5·2330,20,5,0.003,0.04755784061696658,11.984575835475578
4668,0.1507654863591665,0.127255143509949,1.1847496470535939,-0.284835406550332,0.3956726649528706,0.099320448845924,3.3662216616403033,0.4211462384057698,xind,D100+0.5·2330,20,5,0.005,0.04755784061696658,11.984575835475578
4668,0.13278862260595314,0.12764365068145686,1.0403073078608187,-0.3089876983612937,0.3922450728363325,0.08138852703432645,2.693655507166578,0.4207783286797196,xind,D100+0.5·2330,20,5,0.008,0.04755784061696658,11.984575835475578
4668,0.12080404677047754,0.12801353138794988,0.9436818550405915,-0.3268062309791233,0.390745501285347,0.0694339124932614,2.2614190619794456,0.42053305552901954,xind,D100+0.5·2330,20,5,0.01,0.04755784061696658,11.984575835475578
4663,0.1773528048443116,0.1325836150798349,1.337667589901807,-0.28615539690910774,0.4055329187218529,0.12117525876453107,4.33400995695943,0.46055345190201685,xind,D100+0.5·2330,20,10,0.0,0.03131031524769462,7.8901994424190445
4663,0.16551750568068302,0.13269621113395252,1.247341610331274,-0.29258430992680495,0.4046751018657517,0.10927242691109569,3.8449615785031637,0.46110709682916595,xind,D100+0.5·2330,20,10,0.003,0.03131031524769462,7.8901994424190445
4663,0.15762730623826401,0.13284317599871068,1.186566830047739,-0.2968433887921431,0.40403173922367575,0.10133720567547212,3.526378609512017,0.46147619344726537,xind,D100+0.5·2330,20,10,0.005,0.03131031524769462,7.8901994424190445
4663,0.14579200707463544,0.13317099844977326,1.0947729518572493,-0.30319192808156736,0.4023161055114733,0.0894343738220368,3.0599348617043356,0.46202983837441436,xind,D100+0.5·2330,20,10,0.008,0.03131031524769462,7.8901994424190445
4663,0.13790180763221638,0.13346071991253347,1.0332763656796806,-0.30923057375281715,0.4014582886553721,0.0814991525864132,2.7566950193814517,0.46239893499251383,xind,D100+0.5·2330,20,10,0.01,0.03131031524769462,7.8901994424190445
4653,0.1709957587860223,0.1359535878660896,1.2577509830373013,-0.30588351737355113,0.40275091338921126,0.11192550174204659,3.7087074868572536,0.48805699185796236,xind,D100+0.5·2330,20,20,0.0,0.017623038899634645,4.441005802707931
4653,0.16433425008196037,0.13591927167289658,1.2090577595018852,-0.31825195039304366,0.4021061680636149,0.10527935319342263,3.459590348997305,0.4879300814358199,xind,D100+0.5·2330,20,20,0.003,0.017623038899634645,4.441005802707931
4653,0.15989324427925244,0.135936521398983,1.176234632413131,-0.3263849816012233,0.4014614227380185,0.10084858749433999,3.2952594756165894,0.48784547448772486,xind,D100+0.5·2330,20,20,0.005,0.017623038899634645,4.441005802707931
4653,0.15323173557519054,0.13602255623801718,1.1265170999070193,-0.33841787932464573,0.40038684719535783,0.09420243894571609,3.0514997062394076,0.48771856406558245,xind,D100+0.5·2330,20,20,0.008,0.017623038899634645,4.441005802707931
4653,0.14879072977248264,0.1361199604816167,1.0930853142039898,-0.3463300021210348,0.39995701697829356,0.08977167324663345,2.890878598814606,0.4876339571174874,xind,D100+0.5·2330,20,20,0.01,0.017623038899634645,4.441005802707931
