n,ann_ret,ann_vol,sharpe,max_dd,win,ann_alpha,t_alpha,beta,predictor,smooth_N,hold_K,cost_rt,avg_daily_turn,ann_turn
4672,0.31127589279642437,0.13250439734685726,2.349174057835955,-0.1926036844253899,0.3595890410958904,0.25889125350443104,10.769863651318481,0.43583244916463415,D100,1,1,0.0,0.4351455479452055,109.65667808219179
4672,0.14679087567313667,0.13347511847131113,1.0997620931476275,-0.3273237257616982,0.3441780821917808,0.09432949797708938,3.724248505476539,0.4364709013337398,D100,1,1,0.003,0.4351455479452055,109.65667808219179
4672,0.0371341975909449,0.13469453780983626,0.27569193372467343,-0.4242828979311848,0.3319777397260274,-0.015378339041138247,-0.5849244364250139,0.43689653611314333,D100,1,1,0.005,0.4351455479452055,109.65667808219179
4672,-0.12735081953234278,0.13735159400514185,-0.9271885081113461,-0.9480660847501925,0.3187071917808219,-0.17994009456847992,-6.456878461575608,0.4375349882822493,D100,1,1,0.008,0.4351455479452055,109.65667808219179
4672,-0.2370074976145346,0.1396504144550802,-1.6971485443802259,-0.9929373120218824,0.3060787671232877,-0.2896479315867075,-9.989075635095864,0.4379606230616529,D100,1,1,0.01,0.4351455479452055,109.65667808219179
4668,0.17867433249697934,0.13121272208952584,1.3617150048534978,-0.3505747269745578,0.3329048843187661,0.12725823157861987,4.664514369477558,0.4209093537872273,D100,1,5,0.0,0.09575835475578406,24.131105398457585
4668,0.1424776743992929,0.1311251231023207,1.086578002966781,-0.3809642724572252,0.32883461868037706,0.09113496166621957,3.296981659549928,0.4203085736212355,D100,1,5,0.003,0.09575835475578406,24.131105398457585
4668,0.11834656900083533,0.13127467432953457,0.9015186638646978,-0.4004536989166636,0.32476435304198803,0.06705278172461934,2.402612752517751,0.41990805351057403,D100,1,5,0.005,0.09575835475578406,24.131105398457585
4668,0.08214991090314896,0.13180951136033234,0.6232472152830675,-0.4285777222517245,0.32305055698371893,0.030929511812219077,1.091139511715484,0.4193072733445822,D100,1,5,0.008,0.09575835475578406,24.131105398457585
4668,0.05801880550469137,0.13237112459403155,0.43830409148996063,-0.44661247097227497,0.3194087403598972,0.006847331870618893,0.23889484839921926,0.4189067532339207,D100,1,5,0.01,0.09575835475578406,24.131105398457585
4663,0.17425081643960016,0.1362657704083858,1.2787570636218761,-0.38237272893738483,0.3418400171563371,0.11941565727272939,4.233612863817862,0.4495483267288624,D100,1,10,0.0,0.04717992708556723,11.889341625562942
4663,0.15641680400125574,0.1363394247673756,1.1472602606922868,-0.3988278850427238,0.3394810208020588,0.10149974943130899,3.5531733081793755,0.45021971971794,D100,1,10,0.003,0.04717992708556723,11.889341625562942
4663,0.1445274623756928,0.13649231310377755,1.058868877588777,-0.4095670078300465,0.337550932875831,0.08955581087036205,3.107504157817451,0.45066731504399177,D100,1,10,0.005,0.04717992708556723,11.889341625562942
4663,0.1266934499373484,0.13687662819880542,0.9256032355891576,-0.42533654319017367,0.33604975337765386,0.07163990302894163,2.4518336559834366,0.45133870803306936,D100,1,10,0.008,0.04717992708556723,11.889341625562942
4663,0.11480410831178546,0.1372354848575703,0.8365482763509364,-0.4356276598251697,0.33476302809350206,0.05969596446799471,2.02371829796733,0.4517863033591211,D100,1,10,0.01,0.04717992708556723,11.889341625562942
4653,0.15420997184735816,0.1475432279455236,1.045185021330129,-0.4974350047674987,0.33935095637223295,0.08858378807414663,2.5353589573623663,0.5422241148472878,D100,1,20,0.0,0.0223511712873415,5.6324951644100585
4653,0.14576122910074304,0.14751379146937832,0.9881193320897114,-0.5019731704277275,0.33892112615516873,0.08012612870917538,2.2928123959697584,0.5422977867449608,D100,1,20,0.003,0.0223511712873415,5.6324951644100585
4653,0.140128733936333,0.14754083450380387,0.949762378717739,-0.5049796011596764,0.3380614657210402,0.07448768913252785,2.130793664168278,0.5423469013434093,D100,1,20,0.005,0.0223511712873415,5.6324951644100585
4653,0.1316799911897179,0.14765134879917338,0.8918306013500847,-0.509460880774224,0.3374167203954438,0.06603002976755662,1.8874572858013199,0.5424205732410823,D100,1,20,0.008,0.0223511712873415,5.6324951644100585
4653,0.12604749602530788,0.14777157678205907,0.8529887734175635,-0.5124295784868842,0.3367719750698474,0.06039159019090907,1.7251286666699996,0.5424696878395309,D100,1,20,0.01,0.0223511712873415,5.6324951644100585
4672,0.31125404338141227,0.1290067526583529,2.412695746289365,-0.16023212214333082,0.3767123287671233,0.2619139507903167,11.568030961213578,0.4105022710211491,D100,3,1,0.0,0.2786815068493151,70.22773972602741
4672,0.20591243379237115,0.1296575380492024,1.5881254332797188,-0.19818457357689923,0.3672945205479452,0.15641643165183472,6.538444484058303,0.4117994154073539,D100,3,1,0.003,0.2786815068493151,70.22773972602741
4672,0.13568469406634376,0.13057552985951915,1.0391280373307417,-0.2547769788270209,0.3602311643835616,0.08608475222618008,3.4641241993659353,0.4126641783314901,D100,3,1,0.005,0.2786815068493151,70.22773972602741
4672,0.030343084477302655,0.13265862026988182,0.22873058995768564,-0.4261517813458904,0.3501712328767123,-0.019412766912301847,-0.7370963862468135,0.41396132271769487,D100,3,1,0.008,0.2786815068493151,70.22773972602741
4672,-0.039884655248724754,0.13450107218363563,-0.2965378238343695,-0.7838060910977969,0.34375,-0.08974444633795646,-3.277384870162163,0.4148260856418312,D100,3,1,0.01,0.2786815068493151,70.22773972602741
4668,0.17858016536486626,0.13044769396425188,1.3689790899163363,-0.27031599154124153,0.3498286203941731,0.12812117397746528,4.636941963930464,0.4130741358888689,D100,3,5,0.0,0.09447300771208227,23.80719794344473
4668,0.14286936844969916,0.1304406909842882,1.0952822111844533,-0.30445071923709865,0.34575835475578404,0.09244375454832443,3.270032322260166,0.41280089665401015,D100,3,5,0.003,0.09447300771208227,23.80719794344473
4668,0.11906217050625445,0.13064249908067527,0.9113586416678262,-0.326342274139487,0.3421165381319623,0.06865880826223049,2.3909593622434655,0.41261873716410424,D100,3,5,0.005,0.09447300771208227,23.80719794344473
4668,0.08335137359108732,0.13125302155353902,0.6350434649391117,-0.3579330505356907,0.33997429305912596,0.03298138883308969,1.1213261504856649,0.4123454979292455,D100,3,5,0.008,0.09447300771208227,23.80719794344473
4668,0.059544175647642604,0.131863026533347,0.45156081437721596,-0.37990848098921515,0.33740359897172234,0.009196442546995774,0.30762559598382583,0.4121633384393395,D100,3,5,0.01,0.09447300771208227,23.80719794344473
4663,0.19112311893289943,0.1364679071003397,1.4004986446547745,-0.31749295040043546,0.3669311601972979,0.13623683995137517,4.439714849213051,0.4499674160045986,D100,3,10,0.0,0.04374865966116234,11.02466223461291
4663,0.17458612558098008,0.13653022017413627,1.2787361315194963,-0.3397048920133793,0.36542998069912075,0.11964502330958467,3.845964511759381,0.45041686702474354,D100,3,10,0.003,0.04374865966116234,11.02466223461291
4663,0.16356146334636718,0.13666822398007739,1.19677755796556,-0.35412766175143495,0.3639288012009436,0.10858381221505761,3.4577071296737603,0.4507165010381735,D100,3,10,0.005,0.04374865966116234,11.02466223461291
4663,0.1470244699944478,0.137019339396411,1.0730198426157271,-0.37519929120411344,0.36242762170276643,0.09199199557326707,2.88720178694712,0.45116595205831844,D100,3,10,0.008,0.04374865966116234,11.02466223461291
4663,0.13599980775983486,0.13734891641571867,0.9901775078312202,-0.3888807201824569,0.36178425906069056,0.08093078447874004,2.515029351282455,0.45146558607174836,D100,3,10,0.01,0.04374865966116234,11.02466223461291
4653,0.1836039167506693,0.14026894061861356,1.3089420647289416,-0.3937238096353992,0.3586933161401247,0.12529034270627182,3.876455140833416,0.48180503957190374,D100,3,20,0.0,0.0223511712873415,5.6324951644100585
4653,0.17515517400405425,0.14024606324091124,1.2489133024944665,-0.3991770242903163,0.3580485708145283,0.11682956316821477,3.60303634876285,0.4819044913182949,D100,3,20,0.003,0.0223511712873415,5.6324951644100585
4653,0.16952267883964423,0.14027989671056687,1.208460248508827,-0.40278974428612624,0.35675908016333546,0.11118904347617672,3.421030976637053,0.4819707924825557,D100,3,20,0.005,0.0223511712873415,5.6324951644100585
4653,0.16107393609302909,0.1404042035285364,1.1472159098163446,-0.40817487210787207,0.3561143348377391,0.10272826393811964,3.148662265382828,0.4820702442289469,D100,3,20,0.008,0.0223511712873415,5.6324951644100585
4653,0.15544144092861906,0.14053601127493803,1.1060612829299727,-0.4117424285923835,0.3552546744036106,0.09708774424608163,2.9676393477686,0.4821365453932077,D100,3,20,0.01,0.0223511712873415,5.6324951644100585
4672,0.28929346798400624,0.12455710207425183,2.3225770603714806,-0.18514903957674933,0.3760702054794521,0.2438362687173057,10.045346634253702,0.37819717299454536,D100,5,1,0.0,0.21746575342465754,54.801369863013704
4672,0.20709141318948565,0.12497213269859712,1.657100736921411,-0.24579933006130317,0.3692208904109589,0.1615784127717946,6.300129777703791,0.3786614303156065,D100,5,1,0.003,0.21746575342465754,54.801369863013704
4672,0.15229004332647195,0.1256754084585617,1.211772813745704,-0.2897193881943798,0.3634417808219178,0.10673984214145371,4.007487517505917,0.3789709351963137,D100,5,1,0.005,0.21746575342465754,54.801369863013704
4672,0.07008798853195142,0.12735607185013925,0.5503309541018543,-0.3804857342950808,0.3550941780821918,0.02448198619594264,0.867807009001379,0.37943519251737473,D100,5,1,0.008,0.21746575342465754,54.801369863013704
4672,0.015286618668937721,0.12888098783348897,0.11861034684718319,-0.5726476064302735,0.3497431506849315,-0.030356584434398128,-1.0354655597426017,0.37974469739808214,D100,5,1,0.01,0.21746575342465754,54.801369863013704
4668,0.17966695783162182,0.12896041015131748,1.393194683708024,-0.23466212191144153,0.35711225364181665,0.13046045747015822,4.714557401832934,0.40282082653760837,D100,5,5,0.0,0.08547557840616966,21.539845758354755
4668,0.1473571891940897,0.1289973144203316,1.142327573688343,-0.25727545790557704,0.354541559554413,0.09816869384586019,3.4512340814507096,0.40267343149306045,D100,5,5,0.003,0.08547557840616966,21.539845758354755
4668,0.12581734343573492,0.12921265789937234,0.973723050676029,-0.27510697642042037,0.3508997429305913,0.07664085142966155,2.6447572652668496,0.4025751681300287,D100,5,5,0.005,0.08547557840616966,21.539845758354755
4668,0.09350757479820278,0.12981988569339198,0.7202869906930017,-0.3102491004289909,0.34875749785775495,0.044349087805363584,1.48795634825383,0.4024277730854807,D100,5,5,0.008,0.08547557840616966,21.539845758354755
4668,0.07196772903984802,0.13041212073416794,0.5518484680311813,-0.34600714721436043,0.3468294772922022,0.022821245389164982,0.7513664161264312,0.4023295097224488,D100,5,5,0.01,0.08547557840616966,21.539845758354755
4663,0.20304544084223558,0.13607143304549404,1.4921974164433875,-0.30281840333423526,0.3722925155479305,0.14887092310920194,4.940632845538951,0.44413227148872886,D100,5,10,0.0,0.04074630066480806,10.268067767531631
4663,0.18764333919093812,0.1361795083922704,1.377911709377186,-0.3255255148494208,0.371220244477804,0.13342770136635498,4.366378687466051,0.44446938126705104,D100,5,10,0.003,0.04074630066480806,10.268067767531631
4663,0.1773752714234065,0.13634186347599175,1.3009597118689833,-0.3402695037818738,0.36971906497962687,0.12313222020445701,3.9910730263699414,0.4446941211192658,D100,5,10,0.005,0.04074630066480806,10.268067767531631
4663,0.16197316977210904,0.13672020996047551,1.1847053908045775,-0.36180998548973575,0.36864679390950034,0.10768899846161013,3.4397605741974053,0.44503123089758806,D100,5,10,0.008,0.04074630066480806,10.268067767531631
4663,0.15170510200457743,0.13706173797063748,1.1068377232826057,-0.37579553909832997,0.3680034312674244,0.09739351729971218,3.080141640755981,0.4452559707498028,D100,5,10,0.01,0.04074630066480806,10.268067767531631
4653,0.20041850244812992,0.13720620790741975,1.4607101639552844,-0.3937238096353992,0.3623468729851709,0.14531149890808395,4.640204605064907,0.4553113482820693,D100,5,20,0.0,0.02192134107027724,5.524177949709864
4653,0.1921322355235651,0.13721215135631257,1.4002567092227574,-0.3991770242903163,0.3612722974425102,0.1370191427863784,4.360624580793985,0.4553616591388025,D100,5,20,0.003,0.02192134107027724,5.524177949709864
4653,0.18660805757385526,0.13726533580086778,1.359469646761871,-0.40278974428612624,0.35998280679131744,0.13149090537190808,4.174405838632495,0.45539519970995784,D100,5,20,0.005,0.02192134107027724,5.524177949709864
4653,0.17832179064929043,0.1374188313846524,1.2976517763431241,-0.40817487210787207,0.35933806146572106,0.12319854925020257,3.89557349901917,0.4554455105666911,D100,5,20,0.008,0.02192134107027724,5.524177949709864
4653,0.1727976126995806,0.13757017976978475,1.256068815122193,-0.4117424285923835,0.3584784010315925,0.11767031183573222,3.710154574548997,0.4554790511378465,D100,5,20,0.01,0.02192134107027724,5.524177949709864
4672,0.2762120414365836,0.1230471804067317,2.2447653048494605,-0.19184215299667295,0.3809931506849315,0.23215092029245446,9.012897639528479,0.3665820095495151,D100,10,1,0.0,0.14897260273972604,37.541095890410965
4672,0.21990039760096708,0.12314298132224628,1.7857322864834781,-0.2447092151075564,0.3760702054794521,0.1757734433314305,6.468642171907812,0.36712973141360233,D100,10,1,0.003,0.14897260273972604,37.541095890410965
4672,0.18235930171055617,0.12353058607645538,1.4762279327136894,-0.2901305933560765,0.3730736301369863,0.13818845869074786,4.903631707645117,0.3674948793229938,D100,10,1,0.005,0.14897260273972604,37.541095890410965
4672,0.12604765787493974,0.1245915566797871,1.011686997369292,-0.3532681094276088,0.3670804794520548,0.08181098172972379,2.747606455657294,0.368042601187081,D100,10,1,0.008,0.14897260273972604,37.541095890410965
4672,0.08850656198452876,0.12561227865047483,0.7046011977125629,-0.40552912880787506,0.3615154109589041,0.0442259970890411,1.4318620938859736,0.36840774909647245,D100,10,1,0.01,0.14897260273972604,37.541095890410965
4668,0.1863803902324962,0.1303399135209915,1.4299563748174444,-0.31772118344701883,0.36246786632390743,0.13609862225976438,4.661815848978578,0.41162332589721373,D100,10,5,0.0,0.06812339331619537,17.16709511568123
4668,0.16062974755897436,0.13036442870995782,1.2321593332515004,-0.3457840482917325,0.3607540702656384,0.11038382100073804,3.6835639416765535,0.41132991612197406,D100,10,5,0.003,0.06812339331619537,17.16709511568123
4668,0.14346265244329312,0.1305340863111206,1.0990436023075079,-0.3638706949527487,0.3577549271636675,0.09324062016138719,3.057393080217772,0.41113430960514763,D100,10,5,0.005,0.06812339331619537,17.16709511568123
4668,0.11771200976977124,0.13101735274947796,0.8984459485672235,-0.39019578045221315,0.3560411311053985,0.06752581890236085,2.1564417618897482,0.410840899829908,D100,10,5,0.008,0.06812339331619537,17.16709511568123
4668,0.10054491465409,0.13149074244401582,0.7646539428195757,-0.40769161282675037,0.35475578406169667,0.05038261806300994,1.5808042171190555,0.4106452933130815,D100,10,5,0.01,0.06812339331619537,17.16709511568123
4663,0.21817540971047983,0.1341015602902875,1.626941619755945,-0.25380591321777124,0.37379369504610765,0.16530341569140675,5.352947710539754,0.433453951866209,D100,10,10,0.0,0.03774394166845379,9.511473300450355
4663,0.2039081997598043,0.13427373954561017,1.5186007364495921,-0.27128311367940594,0.3725069697619558,0.15097152475532435,4.810028010273345,0.43398421801666043,D100,10,10,0.003,0.03774394166845379,9.511473300450355
4663,0.19439672645935394,0.13447352525477588,1.4456133732721481,-0.2843478429006079,0.371220244477804,0.14141693079793607,4.456540478867826,0.43433772878362803,D100,10,10,0.005,0.03774394166845379,9.511473300450355
4663,0.18012951650867842,0.13489994782737155,1.3352823289389717,-0.30353084862601265,0.37036242762170274,0.12708503986185374,3.9390630759278626,0.43486799493407946,D100,10,10,0.008,0.03774394166845379,9.511473300450355
4663,0.17061804320822807,0.13526810402598258,1.2613324067546285,-0.31604859760243353,0.36950461076560154,0.1175304459044655,3.60258470035007,0.43522150570104695,D100,10,10,0.01,0.03774394166845379,9.511473300450355
4653,0.22152581906146465,0.1363457524366922,1.6247357552581123,-0.30705526958229934,0.3735224586288416,0.16634640010928806,5.10577824061652,0.4559096671311365,D100,10,20,0.0,0.02192134107027724,5.524177949709864
4653,0.21323955213689988,0.13636907700410053,1.5636943273473056,-0.31327443042876724,0.3726627981947131,0.1580645999184344,4.823124608943258,0.455872761576165,D100,10,20,0.003,0.02192134107027724,5.524177949709864
4653,0.20771537418719002,0.13643414677027765,1.5224588499602878,-0.3179096380615679,0.3720180528691167,0.1525433997911987,4.635792584190397,0.4558481578728506,D100,10,20,0.005,0.02192134107027724,5.524177949709864
4653,0.19942910726262528,0.1366058899735338,1.4598865927469376,-0.32608551423720467,0.3713733075435203,0.1442615996003451,4.356616086804137,0.45581125231787917,D100,10,20,0.008,0.02192134107027724,5.524177949709864
4653,0.1939049293129154,0.13676966632815402,1.417748061530513,-0.33148834017342155,0.3705136471093918,0.13874039947310934,4.171804411982214,0.4557866486145648,D100,10,20,0.01,0.02192134107027724,5.524177949709864
4672,0.2536038413187958,0.12315632432468802,2.0592027466668896,-0.20572185647685426,0.3848458904109589,0.20971064538376955,7.561706175376395,0.36518489665251125,D100,20,1,0.0,0.1014554794520548,25.56678082191781
4672,0.2152536700859191,0.12322489898913046,1.7468358412280494,-0.2531188483754503,0.3812071917808219,0.1713328787925964,5.817554331638538,0.3654144859511003,D100,20,1,0.003,0.1014554794520548,25.56678082191781
4672,0.18968688926400132,0.12350337617470775,1.5358842417042142,-0.2831717363663745,0.3788527397260274,0.1457477010651477,4.755110764672383,0.3655675454834931,D100,20,1,0.005,0.1014554794520548,25.56678082191781
4672,0.15133671803112458,0.12426710346607253,1.217834115465986,-0.3260510413980776,0.375,0.10736993447397454,3.301648001503028,0.3657971347820821,D100,20,1,0.008,0.1014554794520548,25.56678082191781
4672,0.1257699372092068,0.12500364092526495,1.0061301917149759,-0.3645226767227825,0.3722174657534247,0.08178475674652587,2.41917744290311,0.36595019431447473,D100,20,1,0.01,0.1014554794520548,25.56678082191781
4668,0.19484216382084188,0.1300320755672198,1.4984161636343234,-0.23295613171525364,0.3776778063410454,0.14493338944023282,5.240489659935683,0.4085698759268146,D100,20,5,0.0,0.049271636675235646,12.416452442159382
4668,0.17621748515760283,0.13013192202737825,1.3541449508486372,-0.2511659158166202,0.37617823479005996,0.1263416344456385,4.447273084218812,0.40830035179242713,D100,20,5,0.003,0.049271636675235646,12.416452442159382
4668,0.16380103271544347,0.13031175224797947,1.2569935549921458,-0.2639898138261143,0.3740359897172236,0.11394713111590904,3.939299199620913,0.40812066903616884,D100,20,5,0.005,0.049271636675235646,12.416452442159382
4668,0.14517635405220436,0.1307504617579445,1.110331482583719,-0.30069584344488787,0.3725364181662382,0.09535537612131476,3.208172034705887,0.4078511449017814,D100,20,5,0.008,0.049271636675235646,12.416452442159382
4668,0.132759901610045,0.13115469838255564,1.012239006663774,-0.3241727408690427,0.3716795201371037,0.08296087279158525,2.7409340585809954,0.40767146214552313,D100,20,5,0.01,0.049271636675235646,12.416452442159382
4663,0.22190085005433996,0.13542593247565066,1.6385403149742934,-0.20284984199901723,0.3918078490242333,0.16812836823098878,5.60374419752235,0.4408363100430319,D100,20,10,0.0,0.030452498391593395,7.674029594681535
4663,0.21038980566231766,0.13555314882216687,1.5520835000176172,-0.21478083879328025,0.39052112374008147,0.1565744986644749,5.1326486080627,0.44118739839267984,D100,20,10,0.003,0.030452498391593395,7.674029594681535
4663,0.20271577606763613,0.13570645881894305,1.4937813412263274,-0.22264529854513715,0.38901994424190434,0.14887191895346558,4.825803553262666,0.4414214572924449,D100,20,10,0.005,0.030452498391593395,7.674029594681535
4663,0.19120473167561383,0.13603870928964057,1.4055170963767312,-0.24304482627416935,0.38816212738580314,0.1373180493869517,4.376459368353137,0.4417725456420929,D100,20,10,0.008,0.030452498391593395,7.674029594681535
4663,0.18353070208093228,0.13632801214584195,1.3462435136558253,-0.25663670781168213,0.3870898563156766,0.12961546967594234,4.084201797342788,0.44200660454185803,D100,20,10,0.01,0.030452498391593395,7.674029594681535
4653,0.21605994884282798,0.13909149838588958,1.5533655999836913,-0.24372614746576327,0.3922200730711369,0.15904385429746146,4.913862593774347,0.4710848569794522,D100,20,20,0.0,0.019342359767891684,4.8742746615087045
4653,0.20874853685056494,0.13907831468574305,1.5009423814362903,-0.24827002705171697,0.3915753277455405,0.1517410021542547,4.647456723757294,0.4710141328216408,D100,20,20,0.003,0.019342359767891684,4.8742746615087045
4653,0.20387426218905624,0.1391124915301507,1.4655352653565934,-0.25128788392670376,0.390715667311412,0.1468724340587835,4.471743574534897,0.4709669833830998,D100,20,20,0.005,0.019342359767891684,4.8742746615087045
4653,0.19656285019679315,0.13922814248143467,1.4118040124179907,-0.25579762074634993,0.3900709219858156,0.13956958191557664,4.211121706683827,0.4708962592252884,D100,20,20,0.008,0.019342359767891684,4.8742746615087045
4653,0.19168857553528446,0.13934808378207744,1.375609698623921,-0.25879277296936254,0.3894261766602192,0.1347010138201054,4.039397592653243,0.4708491097867475,D100,20,20,0.01,0.019342359767891684,4.8742746615087045
4672,0.21955574662546432,0.1285058214037784,1.7085276310992776,-0.38164771134241404,0.2992294520547945,0.17033403290295282,6.390368839305283,0.40951737634741225,2330,1,1,0.0,0.5117722602739726,128.9666095890411
4672,0.02610583224190268,0.12935643999320362,0.2018131624778347,-0.5685491670584906,0.2831763698630137,-0.02298121302470104,-0.8327161786109566,0.40839695471701043,2330,1,1,0.003,0.5117722602739726,128.9666095890411
4672,-0.10286077734713843,0.13052495258442523,-0.7880545084328359,-0.9238900478831542,0.270333904109589,-0.15185804364313674,-5.352636894572698,0.40765000696340903,2330,1,1,0.005,0.5117722602739726,128.9666095890411
4672,-0.29631069173070007,0.13314820634339922,-2.225420077882931,-0.9976392555912815,0.2540667808219178,-0.34517328957079063,-11.612787572774742,0.4065295853330072,2330,1,1,0.008,0.5117722602739726,128.9666095890411
4672,-0.42527730131974123,0.13545114364009833,-3.139709934452293,-0.9997702830662235,0.23972602739726026,-0.4740501201892262,-15.420627320393661,0.40578263757940586,2330,1,1,0.01,0.5117722602739726,128.9666095890411
4668,0.11671878035136801,0.13456971583093258,0.8673480480408261,-0.44760133347679476,0.30441302485004285,0.06188734406409188,2.0879703781885945,0.4488684284237883,2330,1,5,0.0,0.1017566409597258,25.6426735218509
4668,0.07825477006859168,0.1345856796240277,0.5814494550029435,-0.4797599638603719,0.30077120822622105,0.02348020321050829,0.7840415428925717,0.44840287630559483,2330,1,5,0.003,0.1017566409597258,25.6426735218509
4668,0.05261209654674077,0.13481010865401505,0.3902681859100618,-0.5248449687507568,0.29734361610968296,-0.0021245573585474205,-0.07039739825833935,0.4480925082267992,2330,1,5,0.005,0.1017566409597258,25.6426735218509
4668,0.014148086263964424,0.135465306852351,0.10444066154432431,-0.6492563151040294,0.29605826906598115,-0.04053169821213095,-1.326035298359298,0.44762695610860587,2330,1,5,0.008,0.1017566409597258,25.6426735218509
4668,-0.011494587257886468,0.1361120901275173,-0.08444942140788309,-0.7251303847715951,0.2939160239931448,-0.06613645878118662,-2.1438810481094968,0.44731658802981017,2330,1,5,0.01,0.1017566409597258,25.6426735218509
4663,0.11363708705824162,0.13935183738553564,0.8154688821493563,-0.4342461330429478,0.29723354063907353,0.05493607467929554,1.7216698628196108,0.48124127463440597,2330,1,10,0.0,0.053828007720351706,13.56465794552863
4663,0.09329010013994866,0.1394319422383072,0.6690726575443081,-0.44600600631761467,0.29551790692687113,0.03458853387901728,1.0765598683900137,0.4812458154568177,2330,1,10,0.003,0.053828007720351706,13.56465794552863
4663,0.07972544219442003,0.13960031376463322,0.5710978725222459,-0.45371938167195847,0.2929444563585675,0.021023506678831783,0.6511715002250222,0.481248842671759,2330,1,10,0.005,0.053828007720351706,13.56465794552863
4663,0.059378455276127104,0.14002449403613063,0.4240576313798759,-0.48242277360201735,0.2920866395024662,0.000675965878553496,0.02077597728797256,0.4812533834941709,2330,1,10,0.008,0.053828007720351706,13.56465794552863
4663,0.04581379733059849,0.14042088975323708,0.3262605543313926,-0.5574860947784075,0.2905854600042891,-0.012889061321631992,-0.3940097582878912,0.4812564107091121,2330,1,10,0.01,0.053828007720351706,13.56465794552863
4653,0.1337464971232008,0.13984858713470977,0.9563664521999704,-0.5119832000626914,0.3047496238985601,0.0752081768409137,2.224329322765624,0.4836619634839518,2330,1,20,0.0,0.026434558349451968,6.661508704061895
4653,0.12375423406710796,0.13985899976988178,0.8848499865630962,-0.5178002342005016,0.3041048785729637,0.06523530449071427,1.9247949764645391,0.4835017513897113,2330,1,20,0.003,0.026434558349451968,6.661508704061895
4653,0.11709272536304606,0.13992390253495587,0.8368314722625313,-0.5216444680273529,0.30324521813883515,0.058586722923914675,1.725587495416192,0.4833949433268842,2330,1,20,0.005,0.026434558349451968,6.661508704061895
4653,0.1071004623069532,0.1401080370981432,0.7644134092887992,-0.5286788698655571,0.3028153879217709,0.04861385057371524,1.4277088283201456,0.48323473123264354,2330,1,20,0.008,0.026434558349451968,6.661508704061895
4653,0.10043895360289133,0.1402884699016937,0.7159458911575081,-0.5333892502264539,0.30260047281323876,0.041965269006915634,1.2298640868876753,0.4831279231698165,2330,1,20,0.01,0.026434558349451968,6.661508704061895
4672,0.29020551296078495,0.12836396088000757,2.260802104977612,-0.18007802496053105,0.3439640410958904,0.24124258276760654,8.44909596580895,0.40736433566760377,2330,3,1,0.0,0.3358304794520548,84.6292808219178
4672,0.16326159172790822,0.128949591203375,1.266088478484724,-0.24169396162611356,0.3334760273972603,0.11434237377754201,3.8777618313208615,0.40700065627416404,2330,3,1,0.003,0.3358304794520548,84.6292808219178
4672,0.07863231090599039,0.12988074545427303,0.6054193070032416,-0.4136983526168807,0.3238441780821918,0.02974223445083222,0.9845288791881044,0.40675820334520385,2330,3,1,0.005,0.3358304794520548,84.6292808219178
4672,-0.04831161032688633,0.13206570457830685,-0.3658149591610327,-0.8212402504222616,0.3148544520547945,-0.09715797453923232,-3.0912169445953226,0.4063945239517638,2330,3,1,0.008,0.3358304794520548,84.6292808219178
4672,-0.1329408911488041,0.13402784190433634,-0.9918901122327403,-0.9525640289677008,0.3045804794520548,-0.181758113865942,-5.622480335601954,0.4061520710228038,2330,3,1,0.01,0.3358304794520548,84.6292808219178
4668,0.1488904015165194,0.13341953895616848,1.115956498436361,-0.29945853421670876,0.3324764353041988,0.09581740656235122,3.409254891102058,0.4344732410803052,2330,3,5,0.0,0.09961439588688946,25.102827763496144
4668,0.11123615987127514,0.1334751768395542,0.8333846225578573,-0.3141080079735358,0.3296915167095116,0.05818723280060343,2.0537346674557857,0.4342762133573046,2330,3,5,0.003,0.09961439588688946,25.102827763496144
4668,0.08613333210777901,0.13372374560907738,0.6441139658141026,-0.3289935723708167,0.3258354755784062,0.03310045029277158,1.1608446002395252,0.4341448615419706,2330,3,5,0.005,0.09961439588688946,25.102827763496144
4668,0.04847909046253479,0.13441146753443478,0.3606767439698921,-0.4250691147748481,0.3241216795201371,-0.004529723468976187,-0.15711412699593336,0.43394783381897,2330,3,5,0.008,0.09961439588688946,25.102827763496144
4668,0.023376262699038645,0.13507736764822975,0.1730583228414357,-0.5083506098498061,0.32197943444730076,-0.02961650597680803,-1.018780039491294,0.43381648200363615,2330,3,5,0.01,0.09961439588688946,25.102827763496144
4663,0.1453424923240539,0.13714987120188196,1.0597348072614126,-0.36429876848264764,0.33047394381299594,0.08927277374771657,2.8513072615302737,0.45966946297074196,2330,3,10,0.0,0.04739438129959254,11.94338408749732
4663,0.12742741619280795,0.13715736942362433,0.9290599311454828,-0.37363255728787215,0.3289727643148188,0.07140818510582793,2.26742107669206,0.45925555760954345,2330,3,10,0.003,0.04739438129959254,11.94338408749732
4663,0.11548403210531062,0.13726603598957413,0.8413154155196999,-0.3860606999646129,0.327042676388591,0.05949845934456884,1.8812465910346103,0.4589796207020777,2330,3,10,0.005,0.04739438129959254,11.94338408749732
4663,0.09756895597406465,0.1375840461936732,0.7091589371977007,-0.40432262799179297,0.32532704267638857,0.04163387070268024,1.3073832627090562,0.45856571534087925,2330,3,10,0.008,0.04739438129959254,11.94338408749732
4663,0.08562557188656732,0.13789883716786483,0.6209303402778876,-0.42202093911470884,0.32425477160626204,0.029724144941421157,0.9288294929734806,0.4582897784334135,2330,3,10,0.01,0.04739438129959254,11.94338408749732
4653,0.16123566058788336,0.14155015688815661,1.1390708716436175,-0.3732011404584836,0.3307543520309478,0.10115930434372641,3.074809714989076,0.4963696990260656,2330,3,20,0.0,0.023425746830002148,5.903288201160541
4653,0.1523807282861425,0.14152552982463346,1.0767013448030183,-0.37695595613453947,0.3301096067053514,0.09230852875432864,2.798103007016541,0.4963353549648801,2330,3,20,0.003,0.023425746830002148,5.903288201160541
4653,0.14647744008498195,0.14156003546137605,1.0347372378622186,-0.3794497774728719,0.3292499462712229,0.08640801169473014,2.6139648775966844,0.49631245892408965,2330,3,20,0.005,0.023425746830002148,5.903288201160541
4653,0.13762250778324114,0.14168810502576798,0.9713060087733728,-0.3831764634164956,0.3288201160541586,0.07755723610533241,2.3384722279327588,0.4962781148629039,2330,3,20,0.008,0.023425746830002148,5.903288201160541
4653,0.1317192195820806,0.1418242516146877,0.9287496185062853,-0.3856515785782366,0.32817537072856223,0.07165671904573388,2.1554093153402443,0.4962552188221134,2330,3,20,0.01,0.023425746830002148,5.903288201160541
4672,0.3013987916767211,0.12787679818959122,2.356946654465533,-0.22505819849251385,0.3540239726027397,0.253122245088174,8.514166301836985,0.4016537256201542,2330,5,1,0.0,0.285958904109589,72.06164383561644
4672,0.19330632592329644,0.1283505880114854,1.506080563542089,-0.26497275470841086,0.34375,0.1451284109778976,4.747735716546536,0.4008331249406528,2330,5,1,0.003,0.285958904109589,72.06164383561644
4672,0.12124468208768004,0.12916450894928028,0.9386841871190007,-0.3115747735491329,0.3349743150684932,0.07313252157104672,2.3437616053085417,0.4002860578209852,2330,5,1,0.005,0.285958904109589,72.06164383561644
4672,0.013152216334255375,0.13111393225771242,0.1003113559923128,-0.6314910501174176,0.3266267123287671,-0.034861312539229625,-1.080599919901253,0.3994654571414835,2330,5,1,0.008,0.285958904109589,72.06164383561644
4672,-0.058909427501361064,0.13288261781045868,-0.4433192878950383,-0.8511527268709448,0.3178510273972603,-0.10685720194608048,-3.2350205591204504,0.3989183900218159,2330,5,1,0.01,0.285958904109589,72.06164383561644
4668,0.1564394007206511,0.13451320045235637,1.1630040783696975,-0.2810186061301929,0.34040274207369325,0.10250008170551679,3.517250809842733,0.4415652588365829,2330,5,5,0.0,0.09532990574121679,24.02313624678663
4668,0.12040469635047112,0.1345824184628723,0.8946539802573659,-0.2960463339795839,0.33740359897172234,0.06647405635061708,2.2552999211408826,0.4414942095223044,2330,5,5,0.003,0.09532990574121679,24.02313624678663
4668,0.0963815601036845,0.13483022303037795,0.7148364657230393,-0.32956723736933513,0.3341902313624679,0.04245670611401733,1.4283952866553815,0.44144684331278516,2330,5,5,0.005,0.09532990574121679,24.02313624678663
4668,0.060346855733504554,0.13550220599074736,0.4453569983770248,-0.42351094259754485,0.33226221079691515,0.006430680759117625,0.213390020578199,0.44137579399850657,2330,5,5,0.008,0.09532990574121679,24.02313624678663
4668,0.0363237194867179,0.13614807328727224,0.26679569243756324,-0.5377521293510785,0.3305484147386461,-0.017586669477482164,-0.5778217528016398,0.44132842778898757,2330,5,5,0.01,0.09532990574121679,24.02313624678663
4663,0.1594253672792437,0.13572488304097946,1.1746215115993754,-0.37715240265104333,0.34033883765816,0.10480963114985459,3.2800818053766863,0.44774945788550796,2330,5,10,0.0,0.046536564443491316,11.727214239759812
4663,0.14183454591960395,0.13576230543479623,1.0447269988923702,-0.39323604066611173,0.3390521123740082,0.08725549534767106,2.7143274160284014,0.4474487032014673,2330,5,10,0.003,0.046536564443491316,11.727214239759812
4663,0.13010733167984417,0.1358901629318403,0.9574448133166441,-0.40407919140521786,0.3377653870898563,0.07555273814621538,2.3401936240506864,0.4472482000787734,2330,5,10,0.005,0.046536564443491316,11.727214239759812
4663,0.11251651032020446,0.13623573354730534,0.8258957278718302,-0.42000135154433127,0.3362642075916792,0.057998602344031897,1.7841700751667111,0.44694744539473275,2330,5,10,0.008,0.046536564443491316,11.727214239759812
4663,0.10078929608044462,0.1365680315515856,0.7380152949072396,-0.43039198382499644,0.33476302809350206,0.046295845142576224,1.4172794821940013,0.4467469422720388,2330,5,10,0.01,0.046536564443491316,11.727214239759812
4653,0.19111522737663822,0.13956159125671197,1.369397021456266,-0.3761160457270064,0.3505265420159037,0.13343387857983213,4.047938303951518,0.47658139627056506,2330,5,20,0.0,0.02493015258972706,6.282398452611219
4653,0.18169162969772137,0.13952345312230383,1.302230023926183,-0.3817140511823197,0.34988179669030733,0.12399595935063994,3.7473663371275174,0.4766997254110819,2330,5,20,0.003,0.02493015258972706,6.282398452611219
4653,0.17540923124511018,0.1395529141621436,1.2569370714917918,-0.3854227500068387,0.3490221362561788,0.11770401319784522,3.54746976842949,0.4767786115047598,2330,5,20,0.005,0.02493015258972706,6.282398452611219
4653,0.16598563356619334,0.1396793659564833,1.1883332404150926,-0.3909628218049255,0.34859230603911456,0.10826609396865303,3.248617466197373,0.4768969406452767,2330,5,20,0.008,0.02493015258972706,6.282398452611219
4653,0.15970323511358214,0.1398183915817528,1.1422190836761454,-0.3958394860025337,0.3481624758220503,0.10197414781585824,3.050194302661757,0.4769758267389545,2330,5,20,0.01,0.02493015258972706,6.282398452611219
4672,0.2836799491590073,0.12914793800890934,2.1965503556041095,-0.18510485214245787,0.3775684931506849,0.23500974389190596,7.819481218398536,0.404928907588152,2330,10,1,0.0,0.2007705479452055,50.59417808219178
4672,0.20778868203571962,0.12929457205679726,1.6070951682677062,-0.23457553419956412,0.3707191780821918,0.15934617886964486,5.201961196551378,0.4030344597936912,2330,10,1,0.003,0.2007705479452055,50.59417808219178
4672,0.15719450395352783,0.12978236865197648,1.2112161735548188,-0.2889462396255831,0.3638698630136986,0.1089038021881374,3.498276552834397,0.4017714945973839,2330,10,1,0.005,0.2007705479452055,50.59417808219178
4672,0.08130323683024016,0.1310904164697855,0.6202073272761278,-0.4311980199926091,0.3583047945205479,0.03324023716587633,1.037499339618769,0.3998770468029231,2330,10,1,0.008,0.2007705479452055,50.59417808219178
4672,0.030709058748048364,0.1323378222973073,0.23205050691447873,-0.625817369685334,0.3527397260273973,-0.017202139515631067,-0.5253532614670516,0.3986140816066157,2330,10,1,0.01,0.2007705479452055,50.59417808219178
4668,0.1620044382719626,0.1373953804476193,1.1791112462745812,-0.33566777987791396,0.3652527849185947,0.1057487096720029,3.296345026167742,0.4605281604187841,2330,10,5,0.0,0.07840616966580977,19.75835475578406
4668,0.13236690613828647,0.13748937384772195,0.9627428101090278,-0.3815163744072294,0.3628963153384747,0.07611089413537765,2.3439573324377103,0.4605304804498652,2330,10,5,0.003,0.07840616966580977,19.75835475578406
4668,0.11260855138250242,0.1377174118318192,0.8176783885542391,-0.4137780001155268,0.359254498714653,0.05635235044429415,1.720358189598823,0.4605320271372525,2330,10,5,0.005,0.07840616966580977,19.75835475578406
4668,0.08297101924882634,0.13830589637036825,0.5999094863362797,-0.46118719434989497,0.35732647814910024,0.02671453490766887,0.804180443823404,0.4605343471683336,2330,10,5,0.008,0.07840616966580977,19.75835475578406
4668,0.06321266449304228,0.13886087990888457,0.4552229867369423,-0.4906795724156796,0.3556126820908312,0.0069559912165853485,0.20732208034688698,0.4605358938557209,2330,10,5,0.01,0.07840616966580977,19.75835475578406
4663,0.158291224706712,0.14133606162145604,1.119963460780925,-0.37715240265104366,0.365644434913146,0.09844968695196855,3.106594326630881,0.490591503248154,2330,10,10,0.0,0.042461934377010506,10.700407463006648
4663,0.142240613512202,0.14141364650489613,1.005847858588932,-0.3864418397377082,0.3641432554149689,0.0823684229083116,2.5712013828945435,0.4908428007232203,2330,10,10,0.003,0.042461934377010506,10.700407463006648
4663,0.13154020604919534,0.1415558715361208,0.9292458491602043,-0.3925653284710827,0.3628565301308171,0.0716475802125403,2.2198165888199486,0.4910103323732645,2330,10,10,0.005,0.042461934377010506,10.700407463006648
4663,0.11548959485468538,0.14190441750988605,0.8138548248269971,-0.4016474665200882,0.36156980484666523,0.05556631616888333,1.7015935545550425,0.49126162984833094,2330,10,10,0.008,0.042461934377010506,10.700407463006648
4663,0.10478918739167874,0.14222640501529063,0.7367773050328661,-0.40763413640760415,0.3596397169204375,0.04484547347311204,1.3622863830442409,0.49142916149837507,2330,10,10,0.01,0.042461934377010506,10.700407463006648
4653,0.1807359281982567,0.14627307231945866,1.2356062898817877,-0.37611604572700585,0.36363636363636365,0.11752161130646142,3.4351416517220614,0.5222965141593553,2330,10,20,0.0,0.0223511712873415,5.6324951644100585
4653,0.17228718545164162,0.14625055353690877,1.1780275785975884,-0.3817140511823197,0.36320653341929937,0.10907988837359162,3.170499460849632,0.5222385142563352,2330,10,20,0.003,0.0223511712873415,5.6324951644100585
4653,0.16665469028723157,0.14628261126185818,1.139265213066956,-0.3854227500068389,0.3623468729851709,0.10345207308501177,2.995203907045458,0.5221998476543218,2330,10,20,0.005,0.0223511712873415,5.6324951644100585
4653,0.15820594754061648,0.14640124137696503,1.080632555111031,-0.39095102747128296,0.3619170427681066,0.09501035015214197,2.7341223285768224,0.5221418477513015,2330,10,20,0.008,0.0223511712873415,5.6324951644100585
4653,0.15257345237620643,0.14652726829667334,1.0412632006985307,-0.39540022910255934,0.3614872125510423,0.08938253486356205,2.561398953954156,0.522103181149288,2330,10,20,0.01,0.0223511712873415,5.6324951644100585
4672,0.26389310699302254,0.13550292323300273,1.9475085901965947,-0.2401125332063001,0.3991866438356164,0.210166782815937,6.19323903130783,0.4469950689207326,2330,20,1,0.0,0.1421232876712329,35.81506849315069
4672,0.21017050425329653,0.1356308418835935,1.5495775248057329,-0.2931202150676647,0.3940496575342466,0.15645827357349998,4.496563616063232,0.4468778131082697,2330,20,1,0.003,0.1421232876712329,35.81506849315069
4672,0.17435543576014584,0.13599880896963676,1.282036490474506,-0.348910860428275,0.3880565068493151,0.12065260074520859,3.4007037134646967,0.44679964256662785,2330,20,1,0.005,0.1421232876712329,35.81506849315069
4672,0.12063283302041981,0.13697023504805222,0.88072297589399,-0.42847182905323156,0.3850599315068493,0.06694409150277161,1.826224113153079,0.4466823867541649,2330,20,1,0.008,0.1421232876712329,35.81506849315069
4672,0.08481776452726912,0.13789290596433823,0.6150988256727625,-0.5737662187034185,0.3809931506849315,0.031138418674480254,0.8295352278932923,0.4466042162125228,2330,20,1,0.01,0.1421232876712329,35.81506849315069
4668,0.1675444119301399,0.14388392474882306,1.1644414914495889,-0.3985797085364673,0.3943873179091688,0.10627087912737646,3.0474309451048747,0.5016055794900307,2330,20,5,0.0,0.055698371893744644,14.03598971722365
4668,0.14649042735430443,0.14392715766599135,1.0178094928704255,-0.42688459226394515,0.393101970865467,0.08521082450468874,2.412769373912578,0.5016552709184433,2330,20,5,0.003,0.055698371893744644,14.03598971722365
4668,0.13245443763708076,0.14407104014600497,0.9193689273211905,-0.4482913082523904,0.3903170522707798,0.07117078808956358,1.9973763249932048,0.501688398537385,2330,20,5,0.005,0.055698371893744644,14.03598971722365
4668,0.11140045306124531,0.14445876706135755,0.7711574404752394,-0.4789488695559696,0.38881748071979433,0.05011073346687589,1.3868258465106786,0.5017380899657977,2330,20,5,0.008,0.055698371893744644,14.03598971722365
4668,0.09736446334402164,0.14483113793470412,0.6722619509343191,-0.4996796373283344,0.38817480719794345,0.03607069705175069,0.9886277418633372,0.5017712175847394,2330,20,5,0.01,0.055698371893744644,14.03598971722365
4663,0.1780412276909665,0.14726564957149124,1.2089800181442518,-0.3771524026510432,0.3973836585888913,0.11313077372568717,3.4908614668708102,0.5321473742512952,2330,20,10,0.0,0.033883765815998286,8.538708985631567
4663,0.16523316421251916,0.14728946695145745,1.121826072376075,-0.3864418397377084,0.39652584173279004,0.10030652775645651,3.067673848360672,0.5322800411709226,2330,20,10,0.003,0.033883765815998286,8.538708985631567
4663,0.15669445522688757,0.14737534387665024,1.0632338565264838,-0.39256532847108216,0.39523911644863824,0.09175703044363612,2.788632229121665,0.5323684857840074,2330,20,10,0.005,0.033883765815998286,8.538708985631567
4663,0.1438863917484402,0.1476089129266219,0.9747811896695412,-0.4016474665200884,0.3941668453785117,0.07893278447440541,2.375246798741204,0.5325011527036347,2330,20,10,0.008,0.033883765815998286,8.538708985631567
4663,0.13534768276280865,0.14783420395030414,0.9155369944583803,-0.40763413640760326,0.3926656658803345,0.07038328716158494,2.1033998788783044,0.53258959731672,2330,20,10,0.01,0.033883765815998286,8.538708985631567
4653,0.17779306617376886,0.15585497406922685,1.140759653232483,-0.46886654788245896,0.4010315925209542,0.10571130088564638,2.8722109891697984,0.5955621542012675,2330,20,20,0.0,0.018052869116698903,4.549323017408123
4653,0.17096908164765665,0.1558131359057396,1.097270012915251,-0.4783314832220339,0.4008166774124221,0.09886744097822024,2.666799931493008,0.5957263708358571,2330,20,20,0.003,0.018052869116698903,4.549323017408123
4653,0.16641975863024855,0.15582108531031325,1.0680182229435018,-0.48455527401728427,0.39995701697829356,0.09430486770660285,2.5311847209143052,0.5958358485922501,2330,20,20,0.005,0.018052869116698903,4.549323017408123
4653,0.15959577410413633,0.15588676072115015,1.0237929979802511,-0.49376342325273004,0.39952718676122934,0.08746100779917672,2.32982189747467,0.5960000652268398,2330,20,20,0.008,0.018052869116698903,4.549323017408123
4653,0.1550464510867282,0.15596634332261758,0.9941019824130484,-0.49981815236409755,0.39909735654416506,0.0828984345275593,2.1969915474660664,0.5961095429832328,2330,20,20,0.01,0.018052869116698903,4.549323017408123
4672,0.32233536526042966,0.13014351552819645,2.4767685424218744,-0.12966934301943445,0.3503852739726027,0.27181375497527693,10.18436341593696,0.4203323234428529,0.5·D100+0.5·2330,1,1,0.0,0.4685359589041096,118.07106164383562
4672,0.14522877279467625,0.13120405301060015,1.1068924279568026,-0.19065799727677624,0.3351883561643836,0.0946428367440914,3.3938453869782186,0.42086750429494046,0.5·D100+0.5·2330,1,1,0.003,0.4685359589041096,118.07106164383562
4672,0.027157711150840633,0.13249978370566745,0.20496419232780233,-0.5303931646708159,0.3221318493150685,-0.023471108743365478,-0.8150445566646547,0.42122429152966556,0.5·D100+0.5·2330,1,1,0.005,0.4685359589041096,118.07106164383562
4672,-0.1499488813149128,0.13529261345912064,-1.1083301407302673,-0.9679503326437288,0.3075770547945205,-0.20064202697455077,-6.619241195739215,0.4217594723817536,0.5·D100+0.5·2330,1,1,0.008,0.4685359589041096,118.07106164383562
4672,-0.2680199429587484,0.13769386406212605,-1.9464915505444789,-0.9960448980905597,0.2955907534246575,-0.3187559724620077,-10.148377713678228,0.4221162596164787,0.5·D100+0.5·2330,1,1,0.01,0.4685359589041096,118.07106164383562
4668,0.17474646032671226,0.13140650333952378,1.3298159214784686,-0.36334578492224534,0.3318337617823479,0.12305690969516851,4.4968303082850385,0.4231479043582331,0.5·D100+0.5·2330,1,5,0.0,0.09832904884318766,24.77892030848329
4668,0.1375780798639873,0.13139604860124135,1.0470488369213224,-0.4058011110271561,0.32840616966580977,0.08596165849215673,3.0996540931634367,0.4225492438433548,0.5·D100+0.5·2330,1,5,0.003,0.09832904884318766,24.77892030848329
4668,0.11279915955550401,0.13160151195939793,0.8571266232131524,-0.43255257015984017,0.3249785775492716,0.06123149102348225,2.185888193642069,0.4221501368334359,0.5·D100+0.5·2330,1,5,0.005,0.09832904884318766,24.77892030848329
4668,0.07563077909277906,0.13222637621836042,0.5719795191836868,-0.47048446036577485,0.3234790059982862,0.024136239820470494,0.8474420157332344,0.4215514763185575,0.5·D100+0.5·2330,1,5,0.008,0.09832904884318766,24.77892030848329
4668,0.05085185878429578,0.13285174831234267,0.3827714684246376,-0.49438227690983805,0.32069408740359895,-0.0005939276482040274,-0.020603896010687173,0.42115236930863864,0.5·D100+0.5·2330,1,5,0.01,0.09832904884318766,24.77892030848329
4663,0.1358633903048246,0.13995825898049757,0.9707422148181797,-0.45804802125582333,0.3373364786618057,0.07773206533536342,2.6068961804230666,0.47657087656164626,0.5·D100+0.5·2330,1,10,0.0,0.04717992708556723,11.889341625562942
4663,0.1180293778664802,0.13999971360636204,0.8430687093999639,-0.4724969812702037,0.33562084494960326,0.05984988124441247,1.986845909295714,0.4769657962838472,0.5·D100+0.5·2330,1,10,0.003,0.04717992708556723,11.889341625562942
4663,0.10614003624091727,0.14012845509907368,0.757448129759756,-0.4819266604372856,0.33411966545142613,0.04792842518377852,1.5796368730036232,0.4772290760986479,0.5·D100+0.5·2330,1,10,0.005,0.04717992708556723,11.889341625562942
4663,0.08830602380257284,0.14047266898301206,0.6286349112741074,-0.4971796140067374,0.33240403173922367,0.030046241092827594,0.9790028542392486,0.47762399582084875,0.5·D100+0.5·2330,1,10,0.008,0.04717992708556723,11.889341625562942
4663,0.0764166821770099,0.14080230472651434,0.5427232340083987,-0.5071869081349674,0.33154621488312247,0.018124785032193624,0.5858503446875492,0.4778872756356493,0.5·D100+0.5·2330,1,10,0.01,0.04717992708556723,11.889341625562942
4653,0.12995138630866648,0.14741796199227278,0.8815166384912998,-0.5319872101044993,0.32495164410058025,0.06452000300598434,1.8700379184378302,0.5406146122580519,0.5·D100+0.5·2330,1,20,0.0,0.02278100150440576,5.740812379110252
4653,0.12134016774000111,0.14742114001428627,0.8230852625901707,-0.5361997537384638,0.32430689877498386,0.05591836316542937,1.620824864616272,0.54053546980191,0.5·D100+0.5·2330,1,20,0.003,0.02278100150440576,5.740812379110252
4653,0.11559935536089086,0.14747082859119737,0.7838794727419811,-0.5389905244276716,0.3230174081237911,0.05018393660505938,1.4544132479510452,0.5404827081644821,0.5·D100+0.5·2330,1,20,0.005,0.02278100150440576,5.740812379110252
4653,0.10698813679222548,0.14761662022619695,0.724770263865171,-0.5444247218324647,0.322802493015259,0.04158229676450442,1.2045655893247351,0.5404035657083402,0.5·D100+0.5·2330,1,20,0.008,0.02278100150440576,5.740812379110252
4653,0.10124732441311524,0.14776121112654703,0.6852090859380143,-0.5480866620571023,0.3223726627981947,0.03584787020413446,1.0379486992353992,0.5403508040709124,0.5·D100+0.5·2330,1,20,0.01,0.02278100150440576,5.740812379110252
4672,0.34272389220856586,0.12583273917368923,2.7236464409750933,-0.14282659798915198,0.3741438356164384,0.2961697726369591,11.108483265379913,0.38732338765378777,0.5·D100+0.5·2330,3,1,0.0,0.2985873287671233,75.24400684931507
4672,0.22985788193459328,0.1267273190780527,1.8137989788375575,-0.17927637855966627,0.3651541095890411,0.18311485140563813,6.555904471354883,0.3888950988715797,0.5·D100+0.5·2330,3,1,0.003,0.2985873287671233,75.24400684931507
4672,0.15461387508527824,0.12783742735480377,1.2094570290135636,-0.20922319352743146,0.3555222602739726,0.1077449039180908,3.7351487629766744,0.38994290635010737,0.5·D100+0.5·2330,3,1,0.005,0.2985873287671233,75.24400684931507
4672,0.04174786481130563,0.1302469039013607,0.3205286541238812,-0.4931743030715069,0.3458904109589041,-0.005310017313230265,-0.17519664365075838,0.3915146175678994,0.5·D100+0.5·2330,3,1,0.008,0.2985873287671233,75.24400684931507
4672,-0.033496142038009435,0.1323283507095143,-0.2531289920747202,-0.7986380015867676,0.336472602739726,-0.08067996480077762,-2.574536907769914,0.39256242504642724,0.5·D100+0.5·2330,3,1,0.01,0.2985873287671233,75.24400684931507
4668,0.16632697621052298,0.13410162288319943,1.2403054686026536,-0.39079769182160684,0.3583976006855184,0.11287423415450361,3.9847471042787577,0.4375819775342147,0.5·D100+0.5·2330,3,5,0.0,0.09490145672664953,23.91516709511568
4668,0.13045422556784944,0.13414135594043636,0.9725130974952712,-0.4331121511437471,0.3551842330762639,0.07699052060301817,2.65034825958528,0.4376717235628166,0.5·D100+0.5·2330,3,5,0.003,0.09490145672664953,23.91516709511568
4668,0.10653905847273377,0.13436939508271875,0.7928818791447827,-0.45970849879039455,0.35197086546700945,0.05306804490202789,1.7953135094600985,0.43773155424855126,0.5·D100+0.5·2330,3,5,0.005,0.09490145672664953,23.91516709511568
4668,0.07066630783006025,0.1350117369169641,0.5234086268627295,-0.49732719773856826,0.3500428449014567,0.01718433135054249,0.5659494230415804,0.43782130027715305,0.5·D100+0.5·2330,3,5,0.008,0.09490145672664953,23.91516709511568
4668,0.04675114073494456,0.1356379414884774,0.3446759824124589,-0.5209685718645117,0.34832904884318766,-0.006738144350447748,-0.2178879676396651,0.43788113096288783,0.5·D100+0.5·2330,3,5,0.01,0.09490145672664953,23.91516709511568
4663,0.16451699444618148,0.13606914583726729,1.2090690614236423,-0.4018826025861365,0.3559939952820073,0.10995355007154575,3.3399447900956205,0.44732076083769695,0.5·D100+0.5·2330,3,10,0.0,0.042461934377010506,10.700407463006648
4663,0.14846638325167152,0.1360964866258796,1.0908906389317456,-0.4178292017717059,0.3549217242118808,0.09388644253975854,2.8210414438928257,0.44745600072635244,0.5·D100+0.5·2330,3,10,0.003,0.042461934377010506,10.700407463006648
4663,0.1377659757886649,0.1362087923019848,1.0114323272408707,-0.4282362658166874,0.3536349989277289,0.08317503751856704,2.4805700866157596,0.4475461606521229,0.5·D100+0.5·2330,3,10,0.005,0.042461934377010506,10.700407463006648
4663,0.12171536459415493,0.13651790418370613,0.8915707087794722,-0.44351796568564084,0.3527771820716277,0.06710792998677984,1.978435628331931,0.44768140054077854,0.5·D100+0.5·2330,3,10,0.008,0.042461934377010506,10.700407463006648
4663,0.11101495713114826,0.1368172533614931,0.8114105085696244,-0.45349056992632397,0.3517049110015012,0.056396524965588335,1.649582009621425,0.4477715604665489,0.5·D100+0.5·2330,3,10,0.01,0.042461934377010506,10.700407463006648
4653,0.18763190017973816,0.13641753695784994,1.3754236028884788,-0.39083721536883176,0.3432194283258113,0.1331058788506854,4.023336346400371,0.4505110910221544,0.5·D100+0.5·2330,3,20,0.0,0.02407049215559854,6.065764023210832
4653,0.17853325414492188,0.13641415670566234,1.3087589914156708,-0.3999278124320146,0.34257468300021493,0.12400240867170044,3.7336748167524036,0.45055094961443226,0.5·D100+0.5·2330,3,20,0.003,0.02407049215559854,6.065764023210832
4653,0.17246749012171103,0.13646614928120251,1.2638115095218527,-0.4059201886226239,0.34128519234902216,0.11793342855237716,3.5411726839453017,0.4505775220092841,0.5·D100+0.5·2330,3,20,0.005,0.02407049215559854,6.065764023210832
4653,0.1633688440868948,0.1366253834005093,1.195742987289475,-0.41480780659290073,0.34107027724049,0.1088299583733922,3.2535338761119075,0.450617380601562,0.5·D100+0.5·2330,3,20,0.008,0.02407049215559854,6.065764023210832
4653,0.15730308006368396,0.13678555586151145,1.1499977396951584,-0.4206662159198362,0.3404255319148936,0.10276097825406891,3.062633819834458,0.4506439529964139,0.5·D100+0.5·2330,3,20,0.01,0.02407049215559854,6.065764023210832
4672,0.33145214663928313,0.12506893193798177,2.6501557301508027,-0.16593487518560868,0.3827054794520548,0.2858876175849755,10.921525765884551,0.37909014094914795,0.5·D100+0.5·2330,5,1,0.0,0.2363013698630137,59.54794520547945
4672,0.242130228831064,0.12542120545244495,1.930536610277365,-0.2087461157904973,0.3754280821917808,0.19651762074502802,7.193492288708606,0.3794901513803518,0.5·D100+0.5·2330,5,1,0.003,0.2363013698630137,59.54794520547945
4672,0.1825822836255845,0.12610718531549245,1.4478341037332951,-0.2360927723022922,0.3675085616438356,0.13693762285172958,4.86365218483611,0.37975682500115415,0.5·D100+0.5·2330,5,1,0.005,0.2363013698630137,59.54794520547945
4672,0.09326036581736534,0.12779832307316752,0.7297463970945192,-0.30529484268623064,0.3591609589041096,0.04756762601178198,1.611927345880652,0.38015683543235795,0.5·D100+0.5·2330,5,1,0.008,0.2363013698630137,59.54794520547945
4672,0.033712420611885896,0.12935372778581145,0.26062194873663125,-0.5384567886381317,0.3516695205479452,-0.012012371881516397,-0.3942055739560144,0.38042350905316047,0.5·D100+0.5·2330,5,1,0.01,0.2363013698630137,59.54794520547945
4668,0.17548865116457024,0.13470517344567617,1.3027610349007215,-0.3614295062542896,0.3684661525278492,0.12174793006296603,4.328966481686684,0.4399394700670271,0.5·D100+0.5·2330,5,5,0.0,0.08718937446443874,21.971722365038563
4668,0.14253106761701237,0.13471901694185656,1.057987735157891,-0.40311760972762034,0.3661096829477292,0.08880642999280648,3.0954917891566787,0.43980780535582764,0.5·D100+0.5·2330,5,5,0.003,0.08718937446443874,21.971722365038563
4668,0.1205593452519738,0.13491423512204886,0.8935998869423302,-0.42941864578043976,0.3626820908311911,0.06684542994603349,2.2979358305764874,0.4397200288816947,0.5·D100+0.5·2330,5,5,0.005,0.08718937446443874,21.971722365038563
4668,0.08760176170441596,0.13548443823619996,0.6465817244021294,-0.4667584449484464,0.36032562125107115,0.03390392987587409,1.140639351824981,0.4395883641704953,0.5·D100+0.5·2330,5,5,0.008,0.08718937446443874,21.971722365038563
4668,0.06563003933937742,0.1360476824948017,0.48240468441559153,-0.49031287023258663,0.3581833761782348,0.011942929829101136,0.3958827485206637,0.43950058769636235,0.5·D100+0.5·2330,5,5,0.01,0.08718937446443874,21.971722365038563
4663,0.16617554199728327,0.13938020493169195,1.1922463600819306,-0.3678740623580933,0.3716491529058546,0.10880812271356233,3.430314958723526,0.4703082427328986,0.5·D100+0.5·2330,5,10,0.0,0.04331975123311173,10.916577310744156
4663,0.149800676031167,0.13941281270962158,1.0745115396472344,-0.3791956549490654,0.37057688183572807,0.09243623089399222,2.8768251842531463,0.4702838601538458,0.5·D100+0.5·2330,5,10,0.003,0.04331975123311173,10.916577310744156
4663,0.13888409872042287,0.13952816088511352,0.9953839987526175,-0.3866397919951343,0.36929015655157627,0.08152163634761213,2.514701313118611,0.4702676051011441,0.5·D100+0.5·2330,5,10,0.005,0.04331975123311173,10.916577310744156
4663,0.12250923275430664,0.13984113435000745,0.8760600614671725,-0.3984856975234815,0.3680034312674244,0.06514974452804202,1.9823034418242276,0.47024322252209133,0.5·D100+0.5·2330,5,10,0.008,0.04331975123311173,10.916577310744156
4663,0.11159265544356246,0.14014259794583878,0.7962793403237034,-0.40929341639719796,0.3671456144113232,0.054235149981661915,1.6347953590070319,0.4702269674693896,0.5·D100+0.5·2330,5,10,0.01,0.04331975123311173,10.916577310744156
4653,0.199158232379437,0.13537868680862938,1.4711195467641525,-0.364441022743326,0.35289060820975715,0.14571812293933564,4.481656026445554,0.4415389463851361,0.5·D100+0.5·2330,5,20,0.0,0.0223511712873415,5.6324951644100585
4653,0.19070948963282194,0.13537468095962246,1.4087530126087902,-0.3720300704314804,0.3520309477756286,0.1372824121916393,4.212549531807787,0.4414312719224119,0.5·D100+0.5·2330,5,20,0.003,0.0223511712873415,5.6324951644100585
4653,0.18507699446841186,0.13542285865095516,1.3666599295872015,-0.37704527486209494,0.350956372232968,0.13165860502650845,4.033114866683946,0.44135948894726246,0.5·D100+0.5·2330,5,20,0.005,0.0223511712873415,5.6324951644100585
4653,0.1766282517217968,0.13557128915495711,1.302844081683931,-0.3845023694859415,0.3505265420159037,0.1232228942788121,3.7641143050714643,0.44125181448453843,0.5·D100+0.5·2330,5,20,0.008,0.0223511712873415,5.6324951644100585
4653,0.17099575655738675,0.13572088923024053,1.259907428600066,-0.38943026455373164,0.34988179669030733,0.11759908711368121,3.5849947148894756,0.441180031509389,0.5·D100+0.5·2330,5,20,0.01,0.0223511712873415,5.6324951644100585
4672,0.3259128461657225,0.12568749278566418,2.5930411924240078,-0.14887234463772003,0.3998287671232877,0.2801313299704737,10.541703933240417,0.380895441860862,0.5·D100+0.5·2330,10,1,0.0,0.15496575342465754,39.051369863013704
4672,0.267335791371202,0.1257980188483493,2.1251192492425326,-0.17153291429289608,0.3940496575342466,0.22152912691948087,8.007007331447063,0.3811046716342971,0.5·D100+0.5·2330,10,1,0.003,0.15496575342465754,39.051369863013704
4672,0.22828442150818826,0.1261990056990451,1.8089240897237562,-0.192073338237853,0.3891267123287671,0.18246099155215226,6.408902037864947,0.3812441581499206,0.5·D100+0.5·2330,10,1,0.005,0.15496575342465754,39.051369863013704
4672,0.1697073667136677,0.12728525372476682,1.3332837995564804,-0.2374542484603045,0.3835616438356164,0.12385878850115932,4.160003755635049,0.3814533879233558,0.5·D100+0.5·2330,10,1,0.008,0.15496575342465754,39.051369863013704
4672,0.13065599685065402,0.128326214615933,1.018155154359488,-0.28562190975647694,0.3790667808219178,0.08479065313383075,2.761683032698113,0.38159287443897927,0.5·D100+0.5·2330,10,1,0.01,0.15496575342465754,39.051369863013704
4668,0.19595567042755765,0.13563502028001043,1.4447276966009135,-0.25710393075429394,0.38431876606683807,0.14212002989253963,4.995265852215712,0.44071651221270647,0.5·D100+0.5·2330,10,5,0.0,0.06812339331619537,17.16709511568123
4668,0.17020502775403584,0.13565660080393158,1.2546756055021469,-0.28552978161743503,0.38303341902313626,0.11639724529852913,4.015354631050319,0.4404884566807726,0.5·D100+0.5·2330,10,5,0.003,0.06812339331619537,17.16709511568123
4668,0.15303793263835458,0.13581833095702572,1.1267840766411519,-0.303896154866265,0.3800342759211654,0.09924872223585546,3.3796311678633852,0.44033641965948345,0.5·D100+0.5·2330,10,5,0.005,0.06812339331619537,17.16709511568123
4668,0.1272872899648327,0.1362808917473705,0.9340068760394554,-0.33059706499423513,0.3776778063410454,0.07352593764184501,2.4537958767998798,0.44010836412754967,0.5·D100+0.5·2330,10,5,0.008,0.06812339331619537,17.16709511568123
4668,0.1101201948491515,0.1367347517953113,0.8053563077658475,-0.3478475710899729,0.37617823479005996,0.056377414579171364,1.8556713787019805,0.4399563271062605,0.5·D100+0.5·2330,10,5,0.01,0.06812339331619537,17.16709511568123
4663,0.1923337854610198,0.14131234606048276,1.3610543651911313,-0.35112774832511906,0.3926656658803345,0.13378237031887313,4.187526125818103,0.48001485004645517,0.5·D100+0.5·2330,10,10,0.0,0.03774394166845379,9.511473300450355
4663,0.17806657551034427,0.14140164002958946,1.259296394816088,-0.3608300183969523,0.3918078490242333,0.11945951311403806,3.6871133081001077,0.48047105607146834,0.5·D100+0.5·2330,10,10,0.003,0.03774394166845379,9.511473300450355
4663,0.16855510220989392,0.1415420067060902,1.1908486118887378,-0.36722545623181635,0.3907355779541068,0.109910941644148,3.3602300150358952,0.48077519342147707,0.5·D100+0.5·2330,10,10,0.005,0.03774394166845379,9.511473300450355
4663,0.15428789225921838,0.14187333289394038,1.0875045303584903,-0.379347833074536,0.38944885266995494,0.09558808443931294,2.8802069108094095,0.48123139944649024,0.5·D100+0.5·2330,10,10,0.008,0.03774394166845379,9.511473300450355
4663,0.14477641895876803,0.14217429664266362,1.0183023399978164,-0.39049987331578573,0.38816212738580314,0.08603951296942287,2.567150543299954,0.4815355367964989,0.5·D100+0.5·2330,10,10,0.01,0.03774394166845379,9.511473300450355
4653,0.19708200922236188,0.14686099133324512,1.34196295036004,-0.36444102274332657,0.39179024285407266,0.1342081790727785,3.8317421722550526,0.5194833058970699,0.5·D100+0.5·2330,10,20,0.0,0.02149151085321298,5.415860735009671
4653,0.18895821811984734,0.1468429285957862,1.286805023073271,-0.3720300704314815,0.3909305824199441,0.12609811078581648,3.5770872332144843,0.5193699236906341,0.5·D100+0.5·2330,10,20,0.003,0.02149151085321298,5.415860735009671
4653,0.18354235738483768,0.14687600368883577,1.2496415532497838,-0.3770452748620948,0.3898560068772835,0.12069139859450848,3.4086505888937397,0.5192943355530102,0.5·D100+0.5·2330,10,20,0.005,0.02149151085321298,5.415860735009671
4653,0.1754185662823232,0.14699323079464052,1.1933785340591283,-0.38873641391362224,0.38921126155168706,0.11258133030754648,3.1581119438329717,0.5191809533465742,0.5·D100+0.5·2330,10,20,0.008,0.02149151085321298,5.415860735009671
4653,0.1700027055473135,0.14711637470006111,1.1555661692582677,-0.3972582388234869,0.3885665162260907,0.10717461811623849,2.9925603860296257,0.5191053652089501,0.5·D100+0.5·2330,10,20,0.01,0.02149151085321298,5.415860735009671
4672,0.2850476017501217,0.13007373172114223,2.1914309521096795,-0.15061356003833515,0.4094606164383562,0.23618729785130538,8.72113549088523,0.4065105000809703,0.5·D100+0.5·2330,20,1,0.0,0.1035958904109589,26.106164383561644
4672,0.24588835517477922,0.13003090468641207,1.8909993417931978,-0.19019035472723378,0.40625,0.19712763962534258,7.04081440499838,0.4056819397471579,0.5·D100+0.5·2330,20,1,0.003,0.1035958904109589,26.106164383561644
4672,0.21978219079121758,0.13022721121542394,1.6876825414594065,-0.2204314355111232,0.4034674657534247,0.17108786747470062,5.964921020864279,0.4051295661912828,0.5·D100+0.5·2330,20,1,0.005,0.1035958904109589,26.106164383561644
4672,0.18062294421587513,0.13085693391403883,1.3803085462366715,-0.2637415427954417,0.4004708904109589,0.13202820924873793,4.429000736203661,0.40430100585747053,0.5·D100+0.5·2330,20,1,0.008,0.1035958904109589,26.106164383561644
4672,0.15451677983231343,0.13149776019354315,1.175052560628334,-0.3078562839746639,0.3970462328767123,0.10598843709809606,3.4610586263227447,0.4037486323015954,0.5·D100+0.5·2330,20,1,0.01,0.1035958904109589,26.106164383561644
4668,0.20760627685882566,0.13488776814191197,1.5391038025064543,-0.28553485609473417,0.39588688946015427,0.1544051363177412,4.998780002007493,0.43552228360232115,0.5·D100+0.5·2330,20,5,0.0,0.04755784061696658,11.984575835475578
4668,0.18962941310561227,0.13495626499076238,1.4051175254338302,-0.30026664567061734,0.39417309340188517,0.1364732145061436,4.325477644216041,0.435154373876271,0.5·D100+0.5·2330,20,5,0.003,0.04755784061696658,11.984575835475578
4668,0.17764483727013675,0.13510758092589203,1.3148398931631888,-0.31826614092741157,0.39203084832904883,0.12451859996507852,3.890149851984003,0.43490910072557093,0.5·D100+0.5·2330,20,5,0.005,0.04755784061696658,11.984575835475578
4668,0.15966797351692333,0.13549232394443803,1.1784281859568602,-0.34443313014755117,0.38967437874892885,0.1065866781534809,3.2577468488246155,0.4345411909995209,0.5·D100+0.5·2330,20,5,0.008,0.04755784061696658,11.984575835475578
4668,0.14768339768144775,0.13585330366526135,1.087079914120715,-0.3613383274271008,0.389031705227078,0.09463206361241583,2.8499242301825705,0.4342959178488207,0.5·D100+0.5·2330,20,5,0.01,0.04755784061696658,11.984575835475578
4663,0.20444910176257172,0.1404717134682102,1.4554467708464318,-0.2844535149312407,0.4033883765815998,0.14645266756739794,4.647909522335244,0.47546501815267234,0.5·D100+0.5·2330,20,10,0.0,0.03131031524769462,7.8901994424190445
4663,0.19261380259894315,0.14059312083649542,1.3700087276883615,-0.2908922577265495,0.4023161055114733,0.13454983571396262,4.203705348189282,0.47601866307982144,0.5·D100+0.5·2330,20,10,0.003,0.03131031524769462,7.8901994424190445
4663,0.1847236031565241,0.1407419145343153,1.312498865513765,-0.29515787175832975,0.40124383444134676,0.126614614478339,3.914141084162337,0.47638775969792085,0.5·D100+0.5·2330,20,10,0.005,0.03131031524769462,7.8901994424190445
4663,0.17288830399289556,0.14106645882580093,1.2255805202170031,-0.3071286008655686,0.39995710915719496,0.11471178262490363,3.489749745708745,0.47694140462506995,0.5·D100+0.5·2330,20,10,0.008,0.03131031524769462,7.8901994424190445
4663,0.16499810455047648,0.1413500288547363,1.1673015271899452,-0.3168389193544794,0.3988848380870684,0.10677656138928004,3.213487117717955,0.4773105012431693,0.5·D100+0.5·2330,20,10,0.01,0.03131031524769462,7.8901994424190445
4653,0.20880009990410628,0.14379018432774426,1.4521165048942661,-0.2833654155106916,0.40253599828067915,0.1479015381321409,4.384783738297853,0.5031630189923634,0.5·D100+0.5·2330,20,20,0.0,0.017623038899634645,4.441005802707931
4653,0.20213859120004438,0.14376976753792195,1.4059881619181624,-0.29612824557032835,0.4021061680636149,0.14125538958351702,4.157057382751496,0.503036108570221,0.5·D100+0.5·2330,20,20,0.003,0.017623038899634645,4.441005802707931
4653,0.19769758539733642,0.1437940931431324,1.37486583124488,-0.30452068050830183,0.4010315925209542,0.13682462388443434,4.006562032020909,0.5029515016221259,0.5·D100+0.5·2330,20,20,0.005,0.017623038899634645,4.441005802707931
4653,0.19103607669327452,0.1438874482670311,1.3276771462285124,-0.3169374612283067,0.40060176230388994,0.1301784753358104,3.782894584413153,0.5028245911999835,0.5·D100+0.5·2330,20,20,0.008,0.017623038899634645,4.441005802707931
4653,0.18659507089056662,0.1439875388072597,1.2959112464609939,-0.3251020640097476,0.39995701697829356,0.12574770963672774,3.6352162462696445,0.5027399842518885,0.5·D100+0.5·2330,20,20,0.01,0.017623038899634645,4.441005802707931
4672,0.3188655549154915,0.13002410611689044,2.4523572161983136,-0.12603727797628617,0.3555222602739726,0.26885563262528456,10.762149020971194,0.41607515502364634,0.7·D100+0.3·2330,1,1,0.0,0.4488441780821918,113.10873287671234
4672,0.14920245560042295,0.13104046273509962,1.138598357226791,-0.18317536082694907,0.3405393835616438,0.09918102902867766,3.765007345330575,0.4161708689441104,0.7·D100+0.3·2330,1,1,0.003,0.4488441780821918,113.10873287671234
4672,0.03609372272371065,0.1323041094702072,0.27280878022793675,-0.42461565693256387,0.3276969178082192,-0.013935373369060177,-0.5092625176216474,0.41623467822441945,0.7·D100+0.3·2330,1,1,0.005,0.4488441780821918,113.10873287671234
4672,-0.13356937659135787,0.135045792999999,-0.9890672906142206,-0.9567289266577806,0.3131421232876712,-0.18360997696566697,-6.3223124513623015,0.41633039214488354,0.7·D100+0.3·2330,1,1,0.008,0.4488441780821918,113.10873287671234
4672,-0.24667810946807017,0.13741146287888442,-1.7951785411490326,-0.9943887001380205,0.3007277397260274,-0.29672637936340485,-9.810760790489738,0.41639420142519284,0.7·D100+0.3·2330,1,1,0.01,0.4488441780821918,113.10873287671234
4668,0.1808582188467747,0.12982690787184006,1.3930719125291864,-0.34488374798990185,0.335261353898886,0.13081892292650263,4.5995374673503475,0.40963836879059873,0.7·D100+0.3·2330,1,5,0.0,0.09447300771208227,23.80719794344473
4668,0.14514742193160762,0.12975971318553883,1.1185861803198227,-0.3848614869398532,0.3318337617823479,0.09517949147787266,3.3093081652643823,0.40905414727503525,0.7·D100+0.3·2330,1,5,0.003,0.09447300771208227,23.80719794344473
4668,0.12134022398816288,0.12992252038793747,0.9339429655909648,-0.4101795712105535,0.32883461868037706,0.07141987051211937,2.4621407287365304,0.40866466626465947,0.7·D100+0.3·2330,1,5,0.005,0.09447300771208227,23.80719794344473
4668,0.0856294270729958,0.13047658241771262,0.6562819586955346,-0.4462600589929664,0.32712082262210795,0.035780439063489475,1.2160119586148406,0.4080804447490959,0.7·D100+0.3·2330,1,5,0.008,0.09447300771208227,23.80719794344473
4668,0.061822229129551064,0.13105048681856013,0.47174360531101395,-0.469107051029384,0.32433590402742074,0.012020818097736195,0.40428484999310865,0.4076909637387201,0.7·D100+0.3·2330,1,5,0.01,0.09447300771208227,23.80719794344473
4663,0.14290735799919307,0.1386637370053231,1.0306036825886717,-0.4640767791246905,0.34334119665451424,0.08601595006478986,2.9126587466232143,0.46640581755823085,0.7·D100+0.3·2330,1,10,0.0,0.0458932018014154,11.56508685395668
4663,0.12555972771825805,0.13870250138458123,0.9052448691615004,-0.47835364197242103,0.34162556294231183,0.0686211023347141,2.2933154799128124,0.4667929145517679,0.7·D100+0.3·2330,1,10,0.003,0.0458932018014154,11.56508685395668
4663,0.11399464086430137,0.13882774787789756,0.8211228850630242,-0.4876711669692567,0.3401243834441347,0.05702453718133024,1.8884875192871455,0.467050979214126,0.7·D100+0.3·2330,1,10,0.005,0.0458932018014154,11.56508685395668
4663,0.09664701058336636,0.13916418620578613,0.694481915343159,-0.5027441039568084,0.3381942955179069,0.0396296894512545,1.2940029530767507,0.4674380762076632,0.7·D100+0.3·2330,1,10,0.008,0.0458932018014154,11.56508685395668
4663,0.08508192372940969,0.13948696672844468,0.6099632512265355,-0.5126335189044474,0.3369075702337551,0.02803312429787069,0.9064984245324653,0.46769614087002126,0.7·D100+0.3·2330,1,10,0.01,0.0458932018014154,11.56508685395668
4653,0.15095237660889926,0.14676588644574617,1.028524954023977,-0.44198531507043215,0.33849129593810445,0.0861086620475394,2.424912927431169,0.5357591087872413,0.7·D100+0.3·2330,1,20,0.0,0.02364066193853428,5.957446808510638
4653,0.1420162063961333,0.14674265236574352,0.9677909190449282,-0.44678352596649784,0.33827638082957234,0.07717265353984488,2.1721344001181166,0.5357577727292198,0.7·D100+0.3·2330,1,20,0.003,0.02364066193853428,5.957446808510638
4653,0.13605875958762267,0.14677671615077822,0.9269778147090756,-0.4501123304097131,0.3369868901783795,0.07121531453471525,2.0034321223415312,0.5357568820238721,0.7·D100+0.3·2330,1,20,0.005,0.02364066193853428,5.957446808510638
4653,0.12712258937485668,0.14690207264329652,0.8653559959193509,-0.45659418882120306,0.33634214485278313,0.062279306027020746,1.7502714678502866,0.5357555459658507,0.7·D100+0.3·2330,1,20,0.008,0.02364066193853428,5.957446808510638
4653,0.12116514256634607,0.14703505236306982,0.824056173130446,-0.4664999458034401,0.3359123146357189,0.056321967021891066,1.581523703266388,0.535754655260503,0.7·D100+0.3·2330,1,20,0.01,0.02364066193853428,5.957446808510638
4672,0.318183827489519,0.1276154390745634,2.49330198443787,-0.15025264067831545,0.3777825342465753,0.2701894026275256,11.456696000440884,0.3993065145921073,0.7·D100+0.3·2330,3,1,0.0,0.2891695205479452,72.8707191780822
4672,0.20887774872239578,0.12833545527732573,1.6275919095858795,-0.1951894195461641,0.3683647260273973,0.16077195742055697,6.482754620959341,0.4002330668961523,0.7·D100+0.3·2330,3,1,0.003,0.2891695205479452,72.8707191780822
4672,0.13600702954431357,0.12931501389812475,1.0517497191119731,-0.2566101079080041,0.3598030821917808,0.08782699394924444,3.417186094856004,0.40085076843218204,0.7·D100+0.3·2330,3,1,0.005,0.2891695205479452,72.8707191780822
4672,0.02670095077719029,0.13151135024448848,0.2030315309481001,-0.5758289409649455,0.351027397260274,-0.021590451257724186,-0.7945866489293845,0.4017773207362272,0.7·D100+0.3·2330,3,1,0.008,0.2891695205479452,72.8707191780822
4672,-0.04616976840089191,0.13344162794933928,-0.3459922447770206,-0.8133702721577106,0.3424657534246575,-0.09453541472903665,-3.3497944544428866,0.4023950222722571,0.7·D100+0.3·2330,3,1,0.01,0.2891695205479452,72.8707191780822
4668,0.17217523255452494,0.1333181920572349,1.2914609019045824,-0.3586941073889598,0.36311053984575836,0.11941698344262346,4.2127921124799546,0.43189662662083794,0.7·D100+0.3·2330,3,5,0.0,0.09490145672664953,23.91516709511568
4668,0.1363024819118514,0.1333618230647501,1.0220502298148217,-0.4014351436380923,0.35946872322193657,0.08350474930317009,2.8708877480637724,0.4322198516966028,0.7·D100+0.3·2330,3,5,0.003,0.09490145672664953,23.91516709511568
4668,0.11238731481673575,0.13359363164182864,0.8412625170491054,-0.4283675348701057,0.3560411311053985,0.05956325987686777,2.0119027535955762,0.43243533508044596,0.7·D100+0.3·2330,3,5,0.005,0.09490145672664953,23.91516709511568
4668,0.07651456417406224,0.13424332605312378,0.5699692224832341,-0.46655725063033415,0.35389888603256214,0.023651025737414393,0.7775204640963571,0.4327585601562108,0.7·D100+0.3·2330,3,5,0.008,0.09490145672664953,23.91516709511568
4668,0.05259939707894655,0.1348755139320824,0.38998477592777425,-0.490618313533972,0.35197086546700945,-0.00029046368888784334,-0.009375085750951724,0.432974043540054,0.7·D100+0.3·2330,3,5,0.01,0.09490145672664953,23.91516709511568
4663,0.16108667971854027,0.13867885959493487,1.1615806489111324,-0.4257412813809026,0.365644434913146,0.10406787622884435,3.1633352695893695,0.4674502288371372,0.7·D100+0.3·2330,3,10,0.0,0.04417756808921295,11.132747158481664
4663,0.14438755898081776,0.13868304329105421,1.0411334764106055,-0.44272480444684503,0.3645721638430195,0.08735405483011831,2.625667756182128,0.4675707474543228,0.7·D100+0.3·2330,3,10,0.003,0.04417756808921295,11.132747158481664
4663,0.13325481182233606,0.13878172835406286,0.9601754741256256,-0.45378087231256914,0.3632854385588677,0.07621150723096763,2.2731004200506058,0.4676510931991133,0.7·D100+0.3·2330,3,10,0.005,0.04417756808921295,11.132747158481664
4663,0.11655569108461356,0.13907319156631712,0.8380888492735419,-0.4699750430065809,0.36178425906069056,0.05949768583224156,1.753500897848074,0.46777161181629906,0.7·D100+0.3·2330,3,10,0.008,0.04417756808921295,11.132747158481664
4663,0.10542294392613191,0.13936265748268656,0.7564647935852465,-0.48051662192220446,0.3609264422045893,0.048355138233090865,1.4134847640107024,0.4678519575610896,0.7·D100+0.3·2330,3,10,0.01,0.04417756808921295,11.132747158481664
4653,0.17818095320776098,0.13540375410263,1.3159232872724325,-0.4173015980136925,0.34300451321727915,0.12422409807053332,3.7254936620331316,0.44580846141885716,0.7·D100+0.3·2330,3,20,0.0,0.02493015258972706,6.282398452611219
4653,0.16875735552884416,0.1353910795230045,1.246443680952927,-0.42599726445205743,0.34214485278315065,0.11480576221669783,3.429324873881546,0.4457649865695945,0.7·D100+0.3·2330,3,20,0.003,0.02493015258972706,6.282398452611219
4653,0.16247495707623294,0.1354391893405106,1.1996155460422253,-0.4317293086912387,0.34107027724049,0.10852687164747415,3.2326091014810774,0.4457360033367528,0.7·D100+0.3·2330,3,20,0.005,0.02493015258972706,6.282398452611219
4653,0.15305135939731612,0.13559607296793708,1.128730029176483,-0.4402308142319642,0.3404255319148936,0.09910853579363872,2.9388367514002947,0.4456925284874902,0.7·D100+0.3·2330,3,20,0.008,0.02493015258972706,6.282398452611219
4653,0.14676896094470493,0.13575698902695407,1.08111532228786,-0.4458347116451211,0.3397807865892972,0.09282964522441509,2.7439720502798526,0.4456635452546484,0.7·D100+0.3·2330,3,20,0.01,0.02493015258972706,6.282398452611219
4672,0.33320464034560826,0.12512804576865866,2.662909328590085,-0.1788870020726776,0.3880565068493151,0.28724457119432883,10.85655142097775,0.3823809760400442,0.7·D100+0.3·2330,5,1,0.0,0.2183219178082192,55.01712328767124
4672,0.2506789554141014,0.1254829081946013,1.9977139438412097,-0.2110184673060692,0.3799229452054795,0.20463521007958252,7.370507752379982,0.3830771495056039,0.7·D100+0.3·2330,5,1,0.003,0.2183219178082192,55.01712328767124
4672,0.19566183212643018,0.12614589069393867,1.5510757508633752,-0.2421612084935193,0.3730736301369863,0.14956230266975165,5.210190543964773,0.3835412651493104,0.7·D100+0.3·2330,5,1,0.005,0.2183219178082192,55.01712328767124
4672,0.1131361471949233,0.12776670066121723,0.8854900894319256,-0.32602781496393196,0.3653681506849315,0.06695294155500528,2.2161367098218805,0.38423743861487025,0.7·D100+0.3·2330,5,1,0.008,0.2183219178082192,55.01712328767124
4672,0.05811902390725207,0.1292525810949578,0.4496546484015964,-0.5193126742434809,0.359375,0.011880034145174398,0.37990974558626056,0.38470155425857677,0.7·D100+0.3·2330,5,1,0.01,0.2183219178082192,55.01712328767124
4668,0.1833932998705755,0.13464149929148472,1.3620859900969184,-0.3471749313459974,0.3736075407026564,0.12979286813045046,4.60307214816048,0.438791014555451,0.7·D100+0.3·2330,5,5,0.0,0.0837617823479006,21.107969151670954
4668,0.15173134614306905,0.13465782320183237,1.1267919125325974,-0.38332190300616986,0.37103684661525277,0.09816859821295788,3.4078285667975248,0.43848252231590223,0.7·D100+0.3·2330,5,5,0.003,0.0837617823479006,21.107969151670954
4668,0.1306233769913981,0.13484813757757594,0.9686702340716615,-0.40632919110431365,0.36782347900599827,0.07708575160129612,2.6368479372804177,0.43827686082286976,0.7·D100+0.3·2330,5,5,0.005,0.0837617823479006,21.107969151670954
4668,0.09896142326389168,0.13540124359177244,0.7308752906454474,-0.43928080166746886,0.3652527849185947,0.04546148168380349,1.5202329651811688,0.437968368583321,0.7·D100+0.3·2330,5,5,0.008,0.0837617823479006,21.107969151670954
4668,0.07785345411222074,0.13594671009231443,0.572676264540381,-0.46025182693613453,0.363324764353042,0.02437863507214179,0.802729933164207,0.43776270709028847,0.7·D100+0.3·2330,5,5,0.01,0.0837617823479006,21.107969151670954
4663,0.17865351444112335,0.13931479569187785,1.282372870403879,-0.38187743684118636,0.37786832511258844,0.12138466568908363,3.83569067313524,0.46950014409225743,0.7·D100+0.3·2330,5,10,0.0,0.041604117520909284,10.484237615269139
4663,0.16292715801821964,0.13936521857815054,1.16906613917343,-0.40020570894477914,0.3767960540424619,0.10563909928900898,3.292639677534732,0.4696576308803862,0.7·D100+0.3·2330,5,10,0.003,0.041604117520909284,10.484237615269139
4663,0.15244292040295046,0.13948891555767248,1.0928676288971657,-0.4121364422841034,0.3755093287583101,0.0951420550222925,2.9377781742709383,0.46976262207247194,0.7·D100+0.3·2330,5,10,0.005,0.041604117520909284,10.484237615269139
4663,0.13671656398004675,0.13980910540858527,0.9778802573730754,-0.42961066530130465,0.374008149260133,0.0793964886222178,2.416590721980835,0.4699201088606006,0.7·D100+0.3·2330,5,10,0.008,0.041604117520909284,10.484237615269139
4663,0.1262323263647776,0.1401118495938881,0.900939690187946,-0.4409847744898363,0.3731503324040317,0.06889944435550133,2.076693267956673,0.4700251000526864,0.7·D100+0.3·2330,5,10,0.01,0.041604117520909284,10.484237615269139
4653,0.1984364975767683,0.13949507777538708,1.4225340473754053,-0.3937238096353992,0.37094347732645605,0.14148123383210018,4.415024510891905,0.4705822538237044,0.7·D100+0.3·2330,5,20,0.0,0.0223511712873415,5.6324951644100585
4653,0.18998775483015318,0.1395000011814219,1.3619193779294037,-0.3991770242903163,0.3698689017837954,0.13302531553078792,4.13651398690569,0.47064154050731904,0.7·D100+0.3·2330,5,20,0.003,0.0223511712873415,5.6324951644100585
4653,0.18435525966574312,0.1395526263887699,1.3210447157917382,-0.40278974428612624,0.36879432624113473,0.12738803666324638,3.9512066498301426,0.47068106496306217,0.7·D100+0.3·2330,5,20,0.005,0.0223511712873415,5.6324951644100585
4653,0.17590651691912806,0.13970546708382187,1.2591240743183367,-0.40817487210787207,0.3683644960240705,0.11893211836193412,3.6740021138749377,0.470740351646677,0.7·D100+0.3·2330,5,20,0.008,0.0223511712873415,5.6324951644100585
4653,0.170274021754718,0.13985650383707202,1.2174909073451554,-0.4117424285923835,0.3677197506984741,0.11329483949439266,3.4898207745218244,0.47077987610242006,0.7·D100+0.3·2330,5,20,0.01,0.0223511712873415,5.6324951644100585
4672,0.3061595120361193,0.12412042554922592,2.466632793767671,-0.15327800159911098,0.3951198630136986,0.2615294056477984,10.588804935839335,0.3713158826059354,0.7·D100+0.3·2330,10,1,0.0,0.14940068493150685,37.648972602739725
4672,0.24968605313200967,0.12424766199787204,2.009583513420848,-0.1896677603401854,0.3901969178082192,0.20501083157501043,7.8881669712036055,0.37169123413503513,0.7·D100+0.3·2330,10,1,0.003,0.14940068493150685,37.648972602739725
4672,0.21203708052926995,0.12465402832060714,1.7010046396889458,-0.23230056287700984,0.3850599315068493,0.16733178219315173,6.215961540305886,0.3719414684877683,0.7·D100+0.3·2330,10,1,0.005,0.14940068493150685,37.648972602739725
4672,0.15556362162516033,0.12573965602382572,1.2371882232259601,-0.2921532036684128,0.3801369863013699,0.11081320812036367,3.901165269438486,0.37231682001686806,0.7·D100+0.3·2330,10,1,0.008,0.14940068493150685,37.648972602739725
4672,0.11791464902242062,0.1267744516570793,0.9301136584000053,-0.33297215503160726,0.375,0.073134158738505,2.483446833249822,0.37256705436960125,0.7·D100+0.3·2330,10,1,0.01,0.14940068493150685,37.648972602739725
4668,0.1950133710288444,0.13395363819966913,1.4558273567617523,-0.28215455120120636,0.38110539845758357,0.14211447681146314,5.009240155987531,0.4330479943714741,0.7·D100+0.3·2330,10,5,0.0,0.06940874035989718,17.49100257069409
4668,0.16877686717280327,0.13393598314553493,1.2601308715478663,-0.31166683916252425,0.37939160239931446,0.11592102075160464,3.9986225254478605,0.432695590751799,0.7·D100+0.3·2330,10,5,0.003,0.06940874035989718,17.49100257069409
4668,0.15128586460210916,0.13407608162950294,1.1283583377694661,-0.33068794629003306,0.3759640102827764,0.09845871671169894,3.3464787816930275,0.4324606550053489,0.7·D100+0.3·2330,10,5,0.005,0.06940874035989718,17.49100257069409
4668,0.12504936074606807,0.13451308309145363,0.9296445956937043,-0.3582724182908412,0.37382176520994004,0.07226526065184047,2.401294144962049,0.43210825138567366,0.7·D100+0.3·2330,10,5,0.008,0.06940874035989718,17.49100257069409
4668,0.10755835817537396,0.13495451054214935,0.7969971343920443,-0.3777727768732715,0.37210796915167094,0.05480295661193481,1.7933481546480616,0.43187331563922354,0.7·D100+0.3·2330,10,5,0.01,0.06940874035989718,17.49100257069409
4663,0.20023333673492985,0.14063224368300498,1.4238081644083698,-0.3127044177387489,0.38966330688398026,0.14199020324681846,4.572708566467489,0.47748750255921574,0.7·D100+0.3·2330,10,10,0.0,0.03602830795625134,9.079133604975336
4663,0.18661463632746683,0.1407264214626221,1.3260810186737604,-0.3350786425892559,0.38859103581385374,0.12829434232684298,4.0688012335800625,0.4781200780785824,0.7·D100+0.3·2330,10,10,0.003,0.03602830795625134,9.079133604975336
4663,0.1775355027224915,0.14086687196304695,1.2603069852297402,-0.3496066739117687,0.3875187647437272,0.11916376838019259,3.740264559781198,0.47854179509149347,0.7·D100+0.3·2330,10,10,0.005,0.03602830795625134,9.079133604975336
4663,0.1639168023150285,0.1411935821460302,1.1609366362381592,-0.3708319253653022,0.3860175852455501,0.10546790746021713,3.2586984341984784,0.47917437061086027,0.7·D100+0.3·2330,10,10,0.008,0.03602830795625134,9.079133604975336
4663,0.15483766871005317,0.1414883284362434,1.0943494097453075,-0.384612990656506,0.3851597683894489,0.09633733351356681,2.945192861237781,0.4795960876237712,0.7·D100+0.3·2330,10,10,0.01,0.03602830795625134,9.079133604975336
4653,0.2109601816775132,0.14622488456213134,1.4427105366451884,-0.31600881784912516,0.390715667311412,0.14840641636021928,4.455209651249752,0.516838829860163,0.7·D100+0.3·2330,10,20,0.0,0.02149151085321298,5.415860735009671
4653,0.2028363905749987,0.14622297865965087,1.3871717867758762,-0.3242036542108647,0.3898560068772835,0.14028522542783745,4.180394244801057,0.5168173464389494,0.7·D100+0.3·2330,10,20,0.003,0.02149151085321298,5.415860735009671
4653,0.19742052983998903,0.14626701410630966,1.349726943195135,-0.32961903282250926,0.38899634644315495,0.13487109813958287,3.9988072843821234,0.5168030241581404,0.7·D100+0.3·2330,10,20,0.005,0.02149151085321298,5.415860735009671
4653,0.18929673873747452,0.14640094458406797,1.293002167952369,-0.33767090737059424,0.38835160111755856,0.12674990720720106,3.728996256470646,0.5167815407369268,0.7·D100+0.3·2330,10,20,0.008,0.02149151085321298,5.415860735009671
4653,0.18388087800246483,0.14653538660340243,1.2548564702677443,-0.34299169484674796,0.3877068557919622,0.12133577991894652,3.5509074894995316,0.5167672184561177,0.7·D100+0.3·2330,10,20,0.01,0.02149151085321298,5.415860735009671
4672,0.2751585901807583,0.127029633352716,2.1660976491740396,-0.1585232482458776,0.4053938356164384,0.22848847486542032,8.931612171799795,0.3882884550813072,0.7·D100+0.3·2330,20,1,0.0,0.09717465753424658,24.488013698630137
4672,0.238426569632813,0.1269752716471206,1.877740181532581,-0.20149740126865157,0.4019691780821918,0.19175671430270846,7.146857702244679,0.3882862920426272,0.7·D100+0.3·2330,20,1,0.003,0.09717465753424658,24.488013698630137
4672,0.2139385559341829,0.1271565846288164,1.6824811436913967,-0.22973469684834213,0.3985445205479452,0.16726887392756729,6.031421753438113,0.38828485001684065,0.7·D100+0.3·2330,20,1,0.005,0.09717465753424658,24.488013698630137
4672,0.17720653538623768,0.12775303271604385,1.3871023772884823,-0.27512950194590335,0.3957619863013699,0.13053711336485546,4.473955127997571,0.38828268697816076,0.7·D100+0.3·2330,20,1,0.008,0.09717465753424658,24.488013698630137
4672,0.15271852168760755,0.12836463856964755,1.189724237058839,-0.31607169392725243,0.3923373287671233,0.10604927298971428,3.5122695529374273,0.388281244952374,0.7·D100+0.3·2330,20,1,0.01,0.09717465753424658,24.488013698630137
4668,0.19976239677163038,0.13419079942897089,1.4886445093232155,-0.2945025889201235,0.39288774635818335,0.14676670141316114,4.979642043425953,0.43384044080388384,0.7·D100+0.3·2330,20,5,0.0,0.04755784061696658,11.984575835475578
4668,0.18178553301841704,0.13425385284371574,1.3540433229132927,-0.323543195743909,0.3911739502999143,0.12882563597101906,4.2708102932637795,0.4335473838876544,0.7·D100+0.3·2330,20,5,0.003,0.04755784061696658,11.984575835475578
4668,0.16980095718294147,0.13440209779167037,1.2633802594818202,-0.3422594920346539,0.3892459297343616,0.11686492567625761,3.814187655720921,0.43335201261016804,0.7·D100+0.3·2330,20,5,0.005,0.04755784061696658,11.984575835475578
4668,0.1518240934297281,0.13478307831870026,1.1264328973903805,-0.3694007607709934,0.3871036846615253,0.0989238602341155,3.153124909965957,0.4330589556939387,0.7·D100+0.3·2330,20,5,0.008,0.04755784061696658,11.984575835475578
4668,0.1398395175942525,0.1351421118452577,1.0347590080164908,-0.3868914710895187,0.38581833761782347,0.08696314993935408,2.728209394296992,0.43286358441645234,0.7·D100+0.3·2330,20,5,0.01,0.04755784061696658,11.984575835475578
4663,0.21787952323043489,0.1390575615308006,1.566829741812894,-0.31068110248394165,0.4014582886553721,0.1610406790468765,5.20691248760354,0.4659748906383879,0.7·D100+0.3·2330,20,10,0.0,0.030452498391593395,7.674029594681535
4663,0.2063684788384126,0.13917461114584034,1.4828026257041969,-0.32643117640456465,0.40017156337122023,0.14949145843222506,4.765219291475274,0.4662878660589846,0.7·D100+0.3·2330,20,10,0.003,0.030452498391593395,7.674029594681535
4663,0.1986944492437311,0.1393193760052819,1.426179580621996,-0.3371664836560597,0.3990992923010937,0.14179197802245744,4.47640948825789,0.4664965163393824,0.7·D100+0.3·2330,20,10,0.005,0.030452498391593395,7.674029594681535
4663,0.18718340485170878,0.13963620587266543,1.3405076690668734,-0.3529690875664131,0.3982414754449925,0.13024275740780605,4.0518774285978525,0.46680949175997916,0.7·D100+0.3·2330,20,10,0.008,0.030452498391593395,7.674029594681535
4663,0.17950937525702723,0.13991352970421123,1.283002263158716,-0.3633071802191403,0.39716920437486597,0.12254327699803841,3.7747343541486087,0.4670181420403769,0.7·D100+0.3·2330,20,10,0.01,0.030452498391593395,7.674029594681535
4653,0.20985175979457818,0.14184305477572082,1.4794644695603267,-0.2958648778375286,0.39329464861379754,0.15058430814781204,4.494306103182218,0.4896862755188902,0.7·D100+0.3·2330,20,20,0.0,0.018912529550827423,4.76595744680851
4653,0.20270282362436542,0.1418419660347022,1.4290751128955264,-0.3125603725139424,0.3928648183967333,0.1434324907939075,4.243197411077083,0.48971008076227246,0.7·D100+0.3·2330,20,20,0.003,0.018912529550827423,4.76595744680851
4653,0.1979368661775569,0.1418824495414598,1.395076465181251,-0.32348373801976105,0.39200515796260477,0.13866461255797113,4.077677072958623,0.48972595092452725,0.7·D100+0.3·2330,20,20,0.005,0.018912529550827423,4.76595744680851
4653,0.19078793000734418,0.14200491831373027,1.3435304373461066,-0.3395640873028074,0.3913604126370084,0.13151279520406664,3.832310019085301,0.48974975616790956,0.7·D100+0.3·2330,20,20,0.008,0.018912529550827423,4.76595744680851
4653,0.18602197256053563,0.14212764374275114,1.3088373778800735,-0.35008448603366504,0.390715667311412,0.12674491696813028,3.670718409497235,0.48976562633016446,0.7·D100+0.3·2330,20,20,0.01,0.018912529550827423,4.76595744680851
4672,0.2697720611896608,0.132093186491856,2.0422859676134255,-0.24057993035109726,0.3409674657534247,0.21775487307747174,8.266759675490716,0.432775309709118,0.3·D100+0.7·2330,1,1,0.0,0.4899400684931507,123.46489726027397
4672,0.08457471529924981,0.1330682859049227,0.6355737937413463,-0.38585869857821675,0.3264126712328767,0.03256349642628082,1.1825533488204885,0.4327256465218918,0.3·D100+0.7·2330,1,1,0.003,0.4899400684931507,123.46489726027397
4672,-0.038890181961024145,0.1343019403882508,-0.28957274815685685,-0.7712533245198323,0.3137842465753425,-0.09089742134117977,-3.1956023185781244,0.4326925377304078,0.3·D100+0.7·2330,1,1,0.005,0.4899400684931507,123.46489726027397
4672,-0.2240875278514351,0.13699627670514386,-1.6357198402825004,-0.9918001283024817,0.2977311643835616,-0.27608879799237074,-9.217522045375931,0.4326428745431817,0.3·D100+0.7·2330,1,1,0.008,0.4899400684931507,123.46489726027397
4672,-0.34755242511170903,0.1393296888847745,-2.4944606414727195,-0.9991127881118952,0.2836044520547945,-0.39954971575983117,-12.870272831204192,0.4326097657516975,0.3·D100+0.7·2330,1,1,0.01,0.4899400684931507,123.46489726027397
4668,0.13663587460607346,0.13398720125564445,1.0197681071446179,-0.46909903494443095,0.3249785775492716,0.0826658943948899,2.8815322851571485,0.4418162616155753,0.3·D100+0.7·2330,1,5,0.0,0.09704370179948586,24.455012853470436
4668,0.09995335532586783,0.13393817425337595,0.7462648784265363,-0.5045137733060248,0.3217652099400171,0.046057480569456494,1.589735647433772,0.4412096096422983,0.3·D100+0.7·2330,1,5,0.003,0.09704370179948586,24.455012853470436
4668,0.07549834247239738,0.13411149771262723,0.5629520493028456,-0.5268284719701888,0.3185518423307626,0.02165187135250093,0.7415814756292596,0.44080517499344685,0.3·D100+0.7·2330,1,5,0.005,0.09704370179948586,24.455012853470436
4668,0.03881582319219173,0.1346789043833735,0.288210119988054,-0.5584687120924399,0.31748071979434445,-0.014956542472932419,-0.5055116876139557,0.44019852302016993,0.3·D100+0.7·2330,1,5,0.008,0.09704370179948586,24.455012853470436
4668,0.014360810338721282,0.13526011710436048,0.10617180175617578,-0.6411026548383122,0.31555269922879176,-0.03936215168988796,-1.3173042281098704,0.43979408837131867,0.3·D100+0.7·2330,1,5,0.01,0.09704370179948586,24.455012853470436
4663,0.1380956672964765,0.13806263255041928,1.0002392736213048,-0.4230736984457003,0.32489813424833797,0.08145166656920919,2.7168414631373143,0.4643775295459696,0.3·D100+0.7·2330,1,10,0.0,0.04911001501179498,12.375723782972335
4663,0.11953208162201802,0.138163834053706,0.8651473986713081,-0.43676698846826645,0.3231825005361355,0.06287869422091179,2.074940194828347,0.46445448315715493,0.3·D100+0.7·2330,1,10,0.003,0.04911001501179498,12.375723782972335
4663,0.10715635783904566,0.13833765787476168,0.7746000581855685,-0.4457259277488591,0.3212524126099078,0.050496712655380166,1.653812835701137,0.46450578556461186,0.3·D100+0.7·2330,1,10,0.005,0.04911001501179498,12.375723782972335
4663,0.08859277216458714,0.1387571284301116,0.6384736637815985,-0.460423426559352,0.32018014153978125,0.03192374030708278,1.0331886500683152,0.46458273917579734,0.3·D100+0.7·2330,1,10,0.008,0.04911001501179498,12.375723782972335
4663,0.07621704838161479,0.1391418542932969,0.5477650759271685,-0.4704289501456006,0.31932232468368005,0.019541758741551212,0.6272513590891334,0.4646340415832543,0.3·D100+0.7·2330,1,10,0.01,0.04911001501179498,12.375723782972335
4653,0.14460692941923786,0.1364794365983587,1.0595510431714144,-0.5319872101044996,0.3120567375886525,0.08956870679074296,2.6163955773862146,0.45474305881679894,0.3·D100+0.7·2330,1,20,0.0,0.02385557704706641,6.0116054158607355
4653,0.13558952129544677,0.13647894257226562,0.9934830878664825,-0.5361997537384636,0.3114119922630561,0.08057155078774884,2.3522065862886756,0.454575729442431,0.3·D100+0.7·2330,1,20,0.003,0.02385557704706641,6.0116054158607355
4653,0.12957791587958603,0.13653236066200242,0.9490637622560946,-0.5389905244276711,0.30990758650333117,0.0745734467857528,2.1758780653026673,0.45446417652618576,0.3·D100+0.7·2330,1,20,0.005,0.02385557704706641,6.0116054158607355
4653,0.12056050775579494,0.13669298293397059,0.8819802243545418,-0.5444247218324649,0.30969267139479906,0.06557629078275869,1.9112647280636645,0.4542968471518178,0.3·D100+0.7·2330,1,20,0.008,0.02385557704706641,6.0116054158607355
4653,0.11454890233993419,0.13685358091169916,0.8370179397340255,-0.5480866620571019,0.30947775628626695,0.05957818678076261,1.7348819934974296,0.4541852942355725,0.3·D100+0.7·2330,1,20,0.01,0.02385557704706641,6.0116054158607355
4672,0.32577621218767205,0.1249096370055683,2.608095099765196,-0.12637700267232888,0.3610873287671233,0.2798236548623118,10.665994871877853,0.3823184787596905,0.3·D100+0.7·2330,3,1,0.0,0.3131421232876712,78.91181506849314
4672,0.20740848958493235,0.1256307869897168,1.6509368010399337,-0.1667074550133908,0.351027397260274,0.1612962907066401,5.891127498585696,0.38364667286283255,0.3·D100+0.7·2330,3,1,0.003,0.3131421232876712,78.91181506849314
4672,0.12849667451643926,0.12664548209589574,1.0146171216683577,-0.21092143918908346,0.3409674657534247,0.0822780479361922,2.915226323191129,0.3845321355982602,0.3·D100+0.7·2330,3,1,0.005,0.3131421232876712,78.91181506849314
4672,0.010128951913699516,0.12894320997806688,0.07855358894370974,-0.6382732010334095,0.3309075342465753,-0.036249316219479695,-1.2247485741248416,0.3858603297014023,0.3·D100+0.7·2330,3,1,0.008,0.3131421232876712,78.91181506849314
4672,-0.06878286315479364,0.13097098504120255,-0.5251763444640432,-0.8780962012755212,0.3210616438356164,-0.11526755898992747,-3.7696819289113526,0.38674579243683027,0.3·D100+0.7·2330,3,1,0.01,0.3131421232876712,78.91181506849314
4668,0.16125693685139048,0.13264058537566956,1.2157435553731362,-0.3438514233818605,0.34190231362467866,0.10868954262083907,3.950316029987292,0.4303342248956711,0.3·D100+0.7·2330,3,5,0.0,0.0966152527849186,24.34704370179949
4668,0.12473637129869126,0.1326616125510565,0.9402597247239469,-0.3848329019495309,0.33911739502999144,0.07218769182028088,2.578896358511856,0.43018101969167244,0.3·D100+0.7·2330,3,5,0.003,0.0966152527849186,24.34704370179949
4668,0.10038932759689177,0.1328827345208421,0.7554730714933184,-0.4107535127938452,0.3361182519280206,0.04785312461990882,1.6886033141283416,0.43007888288900675,0.3·D100+0.7·2330,3,5,0.005,0.0966152527849186,24.34704370179949
4668,0.06386876204419253,0.13352301541367362,0.47833522817259533,-0.4476457391447174,0.3344044558697515,0.011351273819350723,0.39276704450917527,0.42992567768500817,0.3·D100+0.7·2330,3,5,0.008,0.0966152527849186,24.34704370179949
4668,0.03952171834239304,0.13415331020130733,0.2946011416571658,-0.4709768311507183,0.33226221079691515,-0.012983293381021393,-0.4430920024967118,0.4298235408823426,0.3·D100+0.7·2330,3,5,0.01,0.0966152527849186,24.34704370179949
4663,0.16095161413568232,0.1343652523452682,1.1978663480800615,-0.3800353775204719,0.34162556294231183,0.10779500243325697,3.3549753755182157,0.43578729793928384,0.3·D100+0.7·2330,3,10,0.0,0.045464293373364786,11.457001930087927
4663,0.14376611124055041,0.13440631295943758,1.069638085258224,-0.39838251809736025,0.3401243834441347,0.0906346532636975,2.787466450407995,0.4355810832512278,0.3·D100+0.7·2330,3,10,0.003,0.045464293373364786,11.457001930087927
4663,0.1323091093104625,0.13453535002045797,0.98345237359804,-0.4103260971645555,0.3386232039459575,0.07919442048399122,2.4158766683701507,0.43544360679252375,0.3·D100+0.7·2330,3,10,0.005,0.045464293373364786,11.457001930087927
4663,0.11512360641533059,0.13488081703828392,0.8535209746146072,-0.42781995927778305,0.337550932875831,0.062034071314431796,1.8689191207626865,0.43523739210446777,0.3·D100+0.7·2330,3,10,0.008,0.045464293373364786,11.457001930087927
4663,0.10366660448524266,0.13521179890399856,0.7666979163471287,-0.4392073915378073,0.33647866180570446,0.05059383853472552,1.5113751651320793,0.4350999156457637,0.3·D100+0.7·2330,3,10,0.01,0.045464293373364786,11.457001930087927
4653,0.18972102480221809,0.13543715145598695,1.4008048955745482,-0.35784007489513103,0.33849129593810445,0.13601941094830994,4.168674019108657,0.44369957787629627,0.3·D100+0.7·2330,3,20,0.0,0.024500322372662798,6.174081237911025
4653,0.18045990294535152,0.13544010576715007,1.332396352787851,-0.36551806163171674,0.33784655061250807,0.1267535398574675,3.8699225306375133,0.4437388175370639,0.3·D100+0.7·2330,3,20,0.003,0.024500322372662798,6.174081237911025
4653,0.17428582170744053,0.13549766059361742,1.2862644339680225,-0.37059198221932477,0.3365570599613153,0.12057629246357264,3.6713112630977274,0.44376497731090897,0.3·D100+0.7·2330,3,20,0.005,0.024500322372662798,6.174081237911025
4653,0.16502469985057397,0.13566722927449124,1.216393234630632,-0.3781362938794668,0.33634214485278313,0.11131042137273027,3.3744574710134487,0.44380421697167666,0.3·D100+0.7·2330,3,20,0.008,0.024500322372662798,6.174081237911025
4653,0.15885061861266295,0.13583560438923953,1.169432854713654,-0.3831217665830028,0.33569739952718675,0.10513317397883537,3.1773927331469163,0.4438303767455218,0.3·D100+0.7·2330,3,20,0.01,0.024500322372662798,6.174081237911025
4672,0.3240332486609973,0.12463415849306787,2.5998751271628318,-0.18570911234414833,0.3715753424657534,0.2787747600061105,10.003099928925666,0.37654393010135767,0.3·D100+0.7·2330,5,1,0.0,0.2551369863013699,64.29452054794521
4672,0.22759146783907952,0.1251112498792845,1.8191127341360163,-0.23448246023014196,0.3634417808219178,0.18230801538954716,6.333164902006213,0.3767516251796827,0.3·D100+0.7·2330,5,1,0.003,0.2551369863013699,64.29452054794521
4672,0.16329694729113436,0.1259047705985627,1.2969877671418317,-0.26557954270161066,0.3548801369863014,0.11799685231183829,4.003474486489126,0.3768900885652324,0.3·D100+0.7·2330,5,1,0.005,0.2551369863013699,64.29452054794521
4672,0.06685516646921653,0.12779052827089696,0.5231621417785637,-0.37266902765607,0.3461044520547945,0.021530107695275028,0.7034118747292877,0.37709778364355756,0.3·D100+0.7·2330,5,1,0.008,0.2551369863013699,64.29452054794521
4672,0.0025606459212713325,0.12949559777976727,0.01977399977431059,-0.6469465156501748,0.3375428082191781,-0.042781055382433805,-1.3612576831792071,0.3772362470291074,0.3·D100+0.7·2330,5,1,0.01,0.2551369863013699,64.29452054794521
4668,0.16541471662689072,0.13507342227940672,1.22462816026621,-0.34040851127375016,0.356898029134533,0.11124825259297075,3.8864674024347186,0.44342474373266455,0.3·D100+0.7·2330,5,5,0.0,0.0889031705227078,22.403598971722364
4668,0.1318093181693072,0.13515436658656177,0.9752501639293158,-0.3816531439338251,0.35411311053984573,0.07765701838191755,2.6567268724428303,0.4433087904855782,0.3·D100+0.7·2330,5,5,0.003,0.0889031705227078,22.403598971722364
4668,0.10940571919758484,0.1353969188311223,0.808036993323639,-0.40773853894248746,0.3508997429305913,0.05526286224121546,1.8633825776850026,0.4432314883208538,0.3·D100+0.7·2330,5,5,0.005,0.0889031705227078,22.403598971722364
4668,0.07580032074000127,0.13604161382627783,0.5571848099126245,-0.44486294708834506,0.34875749785775495,0.021671628030162333,0.7145194709747232,0.4431155350737675,0.3·D100+0.7·2330,5,5,0.008,0.0889031705227078,22.403598971722364
4668,0.05339672176827891,0.13665659377520026,0.3907365191328885,-0.4683393724553254,0.3468294772922022,-0.0007225281105397291,-0.023458913583172137,0.4430382329090432,0.3·D100+0.7·2330,5,5,0.01,0.0889031705227078,22.403598971722364
4663,0.18053137832983693,0.1376795033312662,1.311243677974827,-0.3502785119718913,0.3604975337765387,0.12448480767843209,3.9701485023871474,0.45947969219084855,0.3·D100+0.7·2330,5,10,0.0,0.044606476517263564,11.240832082350419
4663,0.1636701302063113,0.13770825196097197,1.1885281228658486,-0.36188526792948716,0.3592108084923869,0.10764132256903752,3.387946534036792,0.45933406786146586,0.3·D100+0.7·2330,5,10,0.003,0.044606476517263564,11.240832082350419
4663,0.1524292981239609,0.13782487067407437,1.1059636579266077,-0.369517178966873,0.3581385374222604,0.09641233249610778,3.0071152961357743,0.45923698497521065,0.3·D100+0.7·2330,5,10,0.005,0.044606476517263564,11.240832082350419
4663,0.1355680500004353,0.1381454845815065,0.9813426071153959,-0.3860514301333787,0.3568518121381085,0.07956884738671316,2.4473092876521467,0.459091360645828,0.3·D100+0.7·2330,5,10,0.008,0.044606476517263564,11.240832082350419
4663,0.12432721791808483,0.13845582630328596,0.8979558407729802,-0.39706424259350803,0.3553506326399314,0.06833985731378343,2.081963365447439,0.45899427775957286,0.3·D100+0.7·2330,5,10,0.01,0.044606476517263564,11.240832082350419
4653,0.20201877115196,0.1366284718816452,1.4785993605122025,-0.36444102274332657,0.3440790887599398,0.14685952038394975,4.4249491188945065,0.45574303126753757,0.3·D100+0.7·2330,5,20,0.0,0.02278100150440576,5.740812379110252
4653,0.1934075525832946,0.13661450856120488,1.4157175150737797,-0.37203007043148095,0.3432194283258113,0.13825785599052925,4.154868757728665,0.45566409167487193,0.3·D100+0.7·2330,5,20,0.003,0.02278100150440576,5.740812379110252
4653,0.18766674020418433,0.13665653462378466,1.3732730799945334,-0.37704527486209394,0.34214485278315065,0.13252341306158225,3.97486812482032,0.45561146527976143,0.3·D100+0.7·2330,5,20,0.005,0.02278100150440576,5.740812379110252
4653,0.17905552163551897,0.13679648150651397,1.308919057446611,-0.38450236948594163,0.34192993767461854,0.12392174866816177,3.705151888769271,0.4555325256870957,0.3·D100+0.7·2330,5,20,0.008,0.02278100150440576,5.740812379110252
4653,0.17331470925640874,0.13694092902722824,1.2656165726898805,-0.3894302645537313,0.34150010745755427,0.11818730573921479,3.5256484586649903,0.45547989929198535,0.3·D100+0.7·2330,5,20,0.01,0.02278100150440576,5.740812379110252
4672,0.30196605063868415,0.1260529085107,2.3955500448690703,-0.19931977283789748,0.3901969178082192,0.2559786172010081,9.108143771183187,0.38260864285461105,0.3·D100+0.7·2330,10,1,0.0,0.1780821917808219,44.87671232876712
4672,0.23465098214553343,0.1264182055348646,1.856148654798138,-0.23589815455910468,0.383347602739726,0.1885607228140435,6.540213300052447,0.38346413907915683,0.3·D100+0.7·2330,10,1,0.003,0.1780821917808219,44.87671232876712
4672,0.18977426981676632,0.12702471997930564,1.4939947897360732,-0.26600251665095864,0.3775684931506849,0.14361545988940033,4.886777347436205,0.3840344698955207,0.3·D100+0.7·2330,10,1,0.005,0.1780821917808219,44.87671232876712
4672,0.12245920132361564,0.1284686846070663,0.9532221933942014,-0.3492157354720089,0.3726455479452055,0.07619756550243563,2.5125550263452916,0.3848899661200667,0.3·D100+0.7·2330,10,1,0.008,0.1780821917808219,44.87671232876712
4672,0.0775824889948485,0.1297782109907872,0.5978082792369206,-0.44648747608620354,0.3681506849315068,0.031252302577792476,1.0076451363622096,0.3854602969364306,0.3·D100+0.7·2330,10,1,0.01,0.1780821917808219,44.87671232876712
4668,0.18047951416713792,0.13718845449042624,1.3155590595251787,-0.34184731983154404,0.37703513281919454,0.12499083421904764,4.472561554453553,0.4542488442782172,0.3·D100+0.7·2330,10,5,0.0,0.07240788346186804,18.246786632390744
4668,0.1531093342185518,0.1372518778397611,1.1155354420527783,-0.3774376764981481,0.3751071122536418,0.097646711770241,3.4260246546940296,0.45403552889261584,0.3·D100+0.7·2330,10,5,0.003,0.07240788346186804,18.246786632390744
4668,0.13486254758616106,0.13744818996913888,0.9811882398483502,-0.40011669846228926,0.37210796915167094,0.07941729680436994,2.7484408277145556,0.45389331863554827,0.3·D100+0.7·2330,10,5,0.005,0.07240788346186804,18.246786632390744
4668,0.10749236763757494,0.137972388058187,0.7790860849073822,-0.43263527878509656,0.3699657240788346,0.05207317435556335,1.7639968717493746,0.45368000324994684,0.3·D100+0.7·2330,10,5,0.008,0.07240788346186804,18.246786632390744
4668,0.0892455810051842,0.13847365392789496,0.6444950246756365,-0.4533545367999394,0.3691088260497001,0.03384375938969231,1.1297162451641165,0.4535377929928793,0.3·D100+0.7·2330,10,5,0.01,0.07240788346186804,18.246786632390744
4663,0.19120845599562256,0.13922504254151688,1.373376890429782,-0.35112774832511884,0.37979841303881623,0.1343008283828534,4.227726613192976,0.4665387893482323,0.3·D100+0.7·2330,10,10,0.0,0.03988848380870684,10.051897919794124
4663,0.17613060911593137,0.13931151686205853,1.264293240668177,-0.3608300183969523,0.378940596182715,0.11919315319819812,3.6962431236977977,0.46678332706435305,0.3·D100+0.7·2330,10,10,0.003,0.03988848380870684,10.051897919794124
4663,0.1660787111961372,0.13945568747667544,1.1909066901549972,-0.36722545623181635,0.37765387089856317,0.10912136974176126,3.3498487911333763,0.46694635220843345,0.3·D100+0.7·2330,10,10,0.005,0.03988848380870684,10.051897919794124
4663,0.15100086431644602,0.13980118964953558,1.0801114403603194,-0.37671066381643203,0.3763671456144113,0.09401369455710595,2.8421953075570316,0.4671908899245542,0.3·D100+0.7·2330,10,10,0.008,0.03988848380870684,10.051897919794124
4663,0.1409489663966519,0.14011719284948052,1.0059362704194688,-0.38296284256256574,0.3748659661162342,0.08394191110066906,2.5117175199159054,0.46735391506863466,0.3·D100+0.7·2330,10,10,0.01,0.03988848380870684,10.051897919794124
4653,0.18746499330960875,0.14412568418560504,1.3007049671187778,-0.3644410227433267,0.3726627981947131,0.1269742160803644,3.6493324686672293,0.4997937751934341,0.3·D100+0.7·2330,10,20,0.0,0.02321083172147002,5.849129593810445
4653,0.17869129891889307,0.14408932559974383,1.2401425169777516,-0.37203007043148084,0.37180313776058455,0.11820464389631602,3.37468996890773,0.49975971622896487,0.3·D100+0.7·2330,10,20,0.003,0.02321083172147002,5.849129593810445
4653,0.17284216932508265,0.144114656361276,1.1993379000383604,-0.3770452748620938,0.37072856221792394,0.11235826244028374,3.1931664642010245,0.49973701025265194,0.3·D100+0.7·2330,10,20,0.005,0.02321083172147002,5.849129593810445
4653,0.164068474934367,0.14422695499568536,1.1375715097034063,-0.3845023694859413,0.37008381689232756,0.10358869025623536,2.923359089278302,0.4997029512881826,0.3·D100+0.7·2330,10,20,0.008,0.02321083172147002,5.849129593810445
4653,0.15821934534055657,0.14435126582952484,1.096071755459419,-0.39022375609546767,0.3696539866752633,0.0977423088002031,2.745204668853223,0.49968024531186983,0.3·D100+0.7·2330,10,20,0.01,0.02321083172147002,5.849129593810445
4672,0.2760648145247753,0.131776955503622,2.094939995158618,-0.1942463380680145,0.410958904109589,0.22594052446994925,8.160818240200554,0.4170266779057942,0.3·D100+0.7·2330,20,1,0.0,0.1190068493150685,29.98972602739726
4672,0.23108022548367937,0.13180127322032284,1.753247292971131,-0.24537786159190245,0.4068921232876712,0.1809964845193241,6.303377604651667,0.41668931547188093,0.3·D100+0.7·2330,20,1,0.003,0.1190068493150685,29.98972602739726
4672,0.20109049945628213,0.13206784128565402,1.5226303201347606,-0.2973251370101695,0.4023972602739726,0.1510337912189072,5.121702338394884,0.41646440718260536,0.3·D100+0.7·2330,20,1,0.005,0.1190068493150685,29.98972602739726
4672,0.15610591041518623,0.1328402134868114,1.1751404662616316,-0.37319080578723185,0.3985445205479452,0.10608975126828193,3.447648162404262,0.416127044748692,0.3·D100+0.7·2330,20,1,0.008,0.1190068493150685,29.98972602739726
4672,0.12611618438778896,0.13360012498631516,0.943982532955768,-0.4192161995647192,0.3944777397260274,0.07612705796786509,2.4015249288482385,0.41590213645941637,0.3·D100+0.7·2330,20,1,0.01,0.1190068493150685,29.98972602739726
4668,0.20421707362374789,0.1351061001819563,1.5115311103548639,-0.2908444815202904,0.3943873179091688,0.15085422788440694,5.201028946999076,0.4368460562977702,0.3·D100+0.7·2330,20,5,0.0,0.05012853470437018,12.632390745501286
4668,0.185268487505496,0.13513171490090428,1.371021507729391,-0.3221143914587188,0.39288774635818335,0.13195225074755895,4.461340471830788,0.43646449962791345,0.3·D100+0.7·2330,20,5,0.003,0.05012853470437018,12.632390745501286
4668,0.1726360967599947,0.1352597478148577,1.2763301687971313,-0.3422159733300355,0.39095972579263066,0.11935093265632703,3.9814539222786745,0.4362101285146756,0.3·D100+0.7·2330,20,5,0.005,0.05012853470437018,12.632390745501286
4668,0.15368751064174274,0.13561760333339964,1.1332416062826327,-0.37129189749038627,0.38881748071979433,0.10044895551947906,3.2823393537444305,0.4358285718448187,0.3·D100+0.7·2330,20,5,0.008,0.05012853470437018,12.632390745501286
4668,0.1410551198962415,0.13596603227874332,1.0374291102873774,-0.3899813837015724,0.3879605826906598,0.08784763742824708,2.830419044290779,0.4355742007315808,0.3·D100+0.7·2330,20,5,0.01,0.05012853470437018,12.632390745501286
4663,0.19893262435644593,0.1420601173123263,1.400341124026264,-0.35112774832511906,0.40488955607977695,0.13936207776760004,4.443491457864115,0.48836986977360125,0.3·D100+0.7·2330,20,10,0.0,0.03131031524769462,7.8901994424190445
4663,0.18709732519281738,0.14218702326613222,1.3158537319022872,-0.3608300183969524,0.40403173922367575,0.12744278540530143,4.0075196724734905,0.48905846086173527,0.3·D100+0.7·2330,20,10,0.003,0.03131031524769462,7.8901994424190445
4663,0.17920712575039832,0.14233871577081048,1.259018846558601,-0.3672254562318167,0.4029594681535492,0.11949659049710235,3.7225249274651073,0.489517521587158,0.3·D100+0.7·2330,20,10,0.005,0.03131031524769462,7.8901994424190445
4663,0.16737182658676975,0.14266645933362088,1.1731687137155076,-0.3767106638164328,0.4018871970834227,0.10757729813480377,3.303677935821007,0.490206112675292,0.3·D100+0.7·2330,20,10,0.008,0.03131031524769462,7.8901994424190445
4663,0.1594816271443507,0.14295140087503838,1.115635287014517,-0.38296284256256574,0.40081492601329616,0.09963110322660469,3.0302804618885903,0.49066517340071475,0.3·D100+0.7·2330,20,10,0.01,0.03131031524769462,7.8901994424190445
4653,0.18520931146875277,0.14732350746094258,1.2571606165285893,-0.45892720705087864,0.3986675263271008,0.12110886171336267,3.350639258186574,0.5296180218255677,0.3·D100+0.7·2330,20,20,0.0,0.018912529550827423,4.76595744680851
4653,0.17806037529854,0.14733178568106234,1.2085672787812238,-0.4701607850451517,0.3984526112185687,0.11394108652756663,3.1292678565402423,0.5297736756814205,0.3·D100+0.7·2330,20,20,0.003,0.018912529550827423,4.76595744680851
4653,0.1732944178517315,0.1473769767812988,1.175858140372177,-0.47752910215612654,0.3971631205673759,0.10916256973703596,2.9831167824292653,0.5298774449186558,0.3·D100+0.7·2330,20,20,0.005,0.018912529550827423,4.76595744680851
4653,0.16614548168151874,0.14750419893513003,1.12637798029456,-0.4884033509262644,0.39673329035031163,0.10199479455124,2.7661077866451476,0.5300330987745087,0.3·D100+0.7·2330,20,20,0.008,0.018912529550827423,4.76595744680851
4653,0.16137952423471025,0.14762855769803254,1.0931457080601212,-0.49553568657837366,0.39608854502471524,0.0972162777607093,2.6229522377502446,0.5301368680117439,0.3·D100+0.7·2330,20,20,0.01,0.018912529550827423,4.76595744680851
4672,0.27144302709778534,0.12818169422647205,2.117642684751838,-0.15674067611792286,0.3266267123287671,0.22260221876233735,8.361240616796096,0.40634829987790433,D100+1.0·2330⊥,1,1,0.0,0.4920804794520548,124.0042808219178
4672,0.08543660586490864,0.12923490103624372,0.6610954562571923,-0.3068036765286327,0.3114297945205479,0.03661715865310434,1.3089137209261434,0.4061705784893376,D100+1.0·2330⊥,1,1,0.003,0.4920804794520548,124.0042808219178
4672,-0.03856767495700917,0.13053695179507604,-0.29545407968124454,-0.7708101019757088,0.2985873287671233,-0.08737288141971765,-3.012831379269292,0.40605209756362615,D100+1.0·2330⊥,1,1,0.005,0.4920804794520548,124.0042808219178
4672,-0.2245740961898859,0.13335475727238968,-1.6840351314289608,-0.9915852267319001,0.2825342465753425,-0.27335794152895065,-8.904611584747988,0.40587437617505945,D100+1.0·2330⊥,1,1,0.008,0.4920804794520548,124.0042808219178
4672,-0.3485783770118037,0.1357818685246535,-2.5671938440625706,-0.9991094264691092,0.2690496575342466,-0.3973479816017726,-12.44651706355221,0.40575589524934835,D100+1.0·2330⊥,1,1,0.01,0.4920804794520548,124.0042808219178
4668,0.1320542526405673,0.13358035903889717,0.9885753683452412,-0.42510261898640245,0.31041131105398456,0.07826777027350547,2.8643130442824525,0.44031408705136077,D100+1.0·2330⊥,1,5,0.0,0.09704370179948586,24.455012853470436
4668,0.09537173336036162,0.13352248910686149,0.7142746813537394,-0.4634396867537307,0.30698371893744647,0.04169221133799355,1.510870459465519,0.4394384739892694,D100+1.0·2330⊥,1,5,0.003,0.09704370179948586,24.455012853470436
4668,0.0709167205068912,0.13369056297998133,0.5304541990559961,-0.4875961965661957,0.30377035132819197,0.017308505380985634,0.6223986417820722,0.43885473194787505,D100+1.0·2330⊥,1,5,0.005,0.09704370179948586,24.455012853470436
4668,0.03423420122668554,0.13425110223536463,0.25500126745080476,-0.5639322037152485,0.3022707797772065,-0.01926705355452627,-0.6836732786329492,0.43797911888578367,D100+1.0·2330⊥,1,5,0.008,0.09704370179948586,24.455012853470436
4668,0.009779188373215104,0.13482841941076767,0.07253061643793265,-0.6579263958292428,0.3001285347043702,-0.043650759511534146,-1.5336219411252825,0.43739537684438945,D100+1.0·2330⊥,1,5,0.01,0.09704370179948586,24.455012853470436
4663,0.12834673105498712,0.13845670043009742,0.9269810031316288,-0.4937948581811591,0.3096718850525413,0.07095921649650572,2.4008629202922647,0.47047298734713827,D100+1.0·2330⊥,1,10,0.0,0.050825648723997426,12.808063478447352
4663,0.10913463583731606,0.13859905736035302,0.7874125402856788,-0.507286181615624,0.3075273429122882,0.051725920020549175,1.7372331821044917,0.4706467990097942,D100+1.0·2330⊥,1,10,0.003,0.050825648723997426,12.808063478447352
4663,0.09632657235886871,0.13880342865087744,0.6939783353706068,-0.5160909526197478,0.30538280077203517,0.03890372236991147,1.299659382953188,0.4707626734515649,D100+1.0·2330⊥,1,10,0.005,0.050825648723997426,12.808063478447352
4663,0.07711447714119767,0.13927322179885462,0.5536920604347783,-0.5303336523918207,0.3040960754878833,0.019670425893954954,0.6515349515964125,0.47093648511422087,D100+1.0·2330⊥,1,10,0.008,0.050825648723997426,12.808063478447352
4663,0.06430641366275033,0.13969438743019386,0.46033641612756016,-0.5399649104562494,0.3032382586317821,0.006848228243317263,0.22545922569002816,0.4710523595559915,D100+1.0·2330⊥,1,10,0.01,0.050825648723997426,12.808063478447352
4653,0.13600562708925804,0.13327296016938345,1.020504286213809,-0.5319872101044996,0.29249946271222865,0.08328639671631533,2.5374425615194967,0.4355828174190996,D100+1.0·2330⊥,1,20,0.0,0.025574897915323448,6.444874274661509
4653,0.12633831567726578,0.1332882562725245,0.947857817413046,-0.5361997537384636,0.29185471738663227,0.07363939464577388,2.2426183104705326,0.435415015269742,D100+1.0·2330⊥,1,20,0.003,0.025574897915323448,6.444874274661509
4653,0.1198934414026043,0.13335734319930545,0.8990389169902775,-0.5389905244276711,0.2903503116269074,0.06720805993207953,2.0457906889035935,0.43530314717017027,D100+1.0·2330⊥,1,20,0.005,0.025574897915323448,6.444874274661509
4653,0.11022612999061197,0.13354912509012848,0.8253601805045411,-0.5444247218324649,0.2901353965183752,0.05756105786153808,1.7503711520451537,0.4351353450208127,D100+1.0·2330⊥,1,20,0.008,0.025574897915323448,6.444874274661509
4653,0.1037812557159505,0.13373555070940135,0.7760184570627777,-0.5480866620571019,0.289705566301311,0.05112972314784379,1.5534451913826588,0.43502347692124094,D100+1.0·2330⊥,1,20,0.01,0.025574897915323448,6.444874274661509
4672,0.3285521592265842,0.1219566707725816,2.6940072826295096,-0.12108234361863823,0.34375,0.2847130595626684,10.665396444529742,0.36473482367983445,D100+1.0·2330⊥,3,1,0.0,0.3169948630136986,79.88270547945206
4672,0.20872810100740613,0.12272145598593488,1.7008281015776776,-0.1907588001390036,0.3336900684931507,0.16483083302165963,5.919356890109676,0.3652187755120868,D100+1.0·2330⊥,3,1,0.003,0.3169948630136986,79.88270547945206
4672,0.12884539552795404,0.12378100223918645,1.0409141402731699,-0.23422729570267875,0.3238441780821918,0.08490934866098722,2.9569018816132453,0.36554141006692153,D100+1.0·2330⊥,3,1,0.005,0.3169948630136986,79.88270547945206
4672,0.009021337308775986,0.12616716121895893,0.07150305373931459,-0.661362366397094,0.3131421232876712,-0.034972877880021465,-1.1597454669673615,0.36602536189917384,D100+1.0·2330⊥,3,1,0.008,0.3169948630136986,79.88270547945206
4672,-0.07086136817067608,0.1282661031617685,-0.552455921119753,-0.8836118861497032,0.3028681506849315,-0.11489436224069392,-3.6829435606442678,0.3663479964540085,D100+1.0·2330⊥,3,1,0.01,0.3169948630136986,79.88270547945206
4668,0.15029643237147045,0.1308569471910463,1.1485552398837737,-0.3870798948794314,0.32840616966580977,0.09899618596105332,3.52347064477126,0.4199609301378193,D100+1.0·2330⊥,3,5,0.0,0.100471293916024,25.318766066838048
4668,0.11231828327121338,0.13091733638550868,0.8579328481025067,-0.4279497421305952,0.32519280205655526,0.061018219106264496,2.1309725962065724,0.4199594382156208,D100+1.0·2330⊥,3,5,0.003,0.100471293916024,25.318766066838048
4668,0.08699951720437535,0.13117483543176853,0.6632332864608679,-0.45370228058538864,0.32197943444730076,0.03569957453640538,1.2302449975265473,0.4199584436008218,D100+1.0·2330⊥,3,5,0.005,0.100471293916024,25.318766066838048
4668,0.04902136810411827,0.13188439849072664,0.37169952371254267,-0.49021790912305574,0.3202656383890317,-0.0022783923183833255,-0.07689125069103946,0.41995695167862324,D100+1.0·2330⊥,3,5,0.008,0.100471293916024,25.318766066838048
4668,0.023702602037280238,0.13257029167174408,0.17879271244246792,-0.513223546042957,0.3181233933161954,-0.027597036888242495,-0.9179622007016764,0.4199559570638243,D100+1.0·2330⊥,3,5,0.01,0.100471293916024,25.318766066838048
4663,0.15709185495332753,0.1329952758304926,1.1811837222966246,-0.3800242057305878,0.3330473943812996,0.10492957072037497,3.223444118389514,0.4276356256014366,D100+1.0·2330⊥,3,10,0.0,0.04717992708556723,11.889341625562942
4663,0.13925784251498313,0.13305676720671888,1.0466047344937384,-0.4019626089141046,0.33154621488312247,0.08711382080510975,2.6477852284965184,0.42748590620941046,D100+1.0·2330⊥,3,10,0.003,0.04717992708556723,11.889341625562942
4663,0.1273685008894202,0.13320411775517518,0.9561904169022715,-0.4161727741879738,0.33004503538494534,0.07523665419493299,2.2700396598632486,0.42738609328139304,D100+1.0·2330⊥,3,10,0.005,0.04717992708556723,11.889341625562942
4663,0.10953448845107579,0.13358397412472492,0.8199672840157117,-0.43688291608877605,0.3291872185288441,0.057420904279667784,1.7129167389976045,0.42723637388936697,D100+1.0·2330⊥,3,10,0.008,0.04717992708556723,11.889341625562942
4663,0.09764514682551284,0.13394239805559843,0.7290085009899636,-0.4502965284610144,0.32811494745871755,0.045543737669491005,1.3480599397189135,0.4271365609613496,D100+1.0·2330⊥,3,10,0.01,0.04717992708556723,11.889341625562942
4653,0.17397823969124537,0.13430663861799147,1.295380790417158,-0.37388815558766975,0.32452181388351603,0.12111204556139488,3.674079086465437,0.4367970780757811,D100+1.0·2330⊥,3,20,0.0,0.02407049215559854,6.065764023210832
4653,0.16487959365642912,0.13430023022621607,1.2276940507004719,-0.3813742634076689,0.32387706855791965,0.11201933988156779,3.3857543245699033,0.43674799699959005,D100+1.0·2330⊥,3,20,0.003,0.02407049215559854,6.065764023210832
4653,0.15881382963321827,0.134351058264002,1.1820809726794004,-0.38632138273622196,0.3225875779067268,0.10595753609501647,3.194116749679801,0.4367152762821293,D100+1.0·2330⊥,3,20,0.005,0.02407049215559854,6.065764023210832
4653,0.14971518359840202,0.13450982584270277,1.1130427287407285,-0.39367715612488696,0.3223726627981947,0.09686483041518944,2.907741538403932,0.4366661952059382,D100+1.0·2330⊥,3,20,0.008,0.02407049215559854,6.065764023210832
4653,0.14364941957519123,0.1346705365666926,1.066672957852604,-0.39853803795143206,0.3217279174725983,0.09080302662863807,2.717665649450498,0.4366334744884776,D100+1.0·2330⊥,3,20,0.01,0.02407049215559854,6.065764023210832
4672,0.3218492323777529,0.12109261882263529,2.6578765535591105,-0.1951418684074917,0.3508133561643836,0.2791111576468903,10.055226171790695,0.35557445912164504,D100+1.0·2330⊥,5,1,0.0,0.2654109589041096,66.88356164383562
4672,0.2215238899119995,0.12161873358684679,1.8214619029379333,-0.2501538691261094,0.3422517123287671,0.17875912811829792,6.191010367969331,0.3557964915364007,D100+1.0·2330⊥,5,1,0.003,0.2654109589041096,66.88356164383562
4672,0.15464032826816387,0.12247082033974517,1.262670796514448,-0.2847658038820623,0.3334760273972603,0.11185777509923645,3.766234539930494,0.3559445131462373,D100+1.0·2330⊥,5,1,0.005,0.2654109589041096,66.88356164383562
4672,0.05431498580241048,0.12448037690741036,0.43633371903115675,-0.5419475795140503,0.324486301369863,0.011505745570644087,0.37056215311241403,0.3561665455609929,D100+1.0·2330⊥,5,1,0.008,0.2654109589041096,66.88356164383562
4672,-0.012568575841425154,0.12628959561269076,-0.09952186306757123,-0.7620627429071863,0.316138698630137,-0.05539560744841748,-1.7302975068483897,0.3563145671708299,D100+1.0·2330⊥,5,1,0.01,0.2654109589041096,66.88356164383562
4668,0.1549527889315725,0.13224385687782272,1.1717201281775234,-0.3575324832175424,0.33783204798628963,0.1027729786651771,3.737371746328998,0.42716133327267103,D100+1.0·2330⊥,5,5,0.0,0.09254498714652956,23.32133676092545
4668,0.11997078379018433,0.13228642982249042,0.9069016674738903,-0.39768205305172555,0.33547557840616965,0.06780591750058666,2.414606899564337,0.42703899689350894,D100+1.0·2330⊥,5,5,0.003,0.09254498714652956,23.32133676092545
4668,0.0966494470292589,0.1325146271188244,0.7293492735907141,-0.4230757066272637,0.33226221079691515,0.044494543390859766,1.5616081933688692,0.4269574393074008,D100+1.0·2330⊥,5,5,0.005,0.09254498714652956,23.32133676092545
4668,0.06166744188787072,0.1331545914452956,0.46312666516802603,-0.4592168232422553,0.33033419023136246,0.009527482226269425,0.3269367191581232,0.42683510292823873,D100+1.0·2330⊥,5,5,0.008,0.09254498714652956,23.32133676092545
4668,0.038346105126945265,0.13377746484765873,0.2866409912208497,-0.48207220010301344,0.3286203941730934,-0.013783891883457503,-0.46575758040675275,0.4267535453421307,D100+1.0·2330⊥,5,5,0.01,0.09254498714652956,23.32133676092545
4663,0.1617295202510105,0.1340248791672123,1.206712673467389,-0.3542388129833338,0.3386232039459575,0.10879959514108564,3.5000022560243833,0.43392888118808315,D100+1.0·2330⊥,5,10,0.0,0.04717992708556723,11.889341625562942
4663,0.14389550781266605,0.13411535711111452,1.0729234213905026,-0.3657761832103429,0.3371220244477804,0.09098366939761493,2.8830477248271924,0.43378060326676243,D100+1.0·2330⊥,5,10,0.003,0.04717992708556723,11.889341625562942
4663,0.13200616618710315,0.13428116006273752,0.9830579816664416,-0.3733624578500293,0.33562084494960326,0.07910638556863452,2.4810387233204505,0.4336817513192153,D100+1.0·2330⊥,5,10,0.005,0.04717992708556723,11.889341625562942
4663,0.11417215374875875,0.13468731185526303,0.8476830681085226,-0.3880278910488377,0.33476302809350206,0.06129045982516383,1.8922761909769192,0.4335334733978948,D100+1.0·2330⊥,5,10,0.008,0.04717992708556723,11.889341625562942
4663,0.10228281212319577,0.13506230812498077,0.7573009342365726,-0.40021270880958615,0.33369075702337553,0.049413175996183396,1.509394068201542,0.4334346214503476,D100+1.0·2330⊥,5,10,0.01,0.04717992708556723,11.889341625562942
4653,0.1899324992914297,0.13125085298602038,1.447095351918662,-0.36082641623961265,0.3262411347517731,0.139909929004837,4.371051198307387,0.41330216594288255,D100+1.0·2330⊥,5,20,0.0,0.02321083172147002,5.849129593810445
4653,0.18115880490071404,0.13126068343982708,1.3801452205889315,-0.3703635061850846,0.32559638942617664,0.13114825631802388,4.082044253948872,0.4132028388544741,D100+1.0·2330⊥,5,20,0.003,0.02321083172147002,5.849129593810445
4653,0.1753096753069036,0.1313216429556519,1.334964072648,-0.37665021355401507,0.32452181388351603,0.12530714119348185,3.8897609752749687,0.4131366207955351,D100+1.0·2330⊥,5,20,0.005,0.02321083172147002,5.849129593810445
4653,0.16653598091618793,0.13149453971736938,1.26648590332447,-0.3859743852132721,0.32430689877498386,0.11654546850666882,3.602161823365199,0.4130372937071266,D100+1.0·2330⊥,5,20,0.008,0.02321083172147002,5.849129593810445
4653,0.16068685132237748,0.1316639428237021,1.2204317133168119,-0.3921205656151643,0.3236621534493875,0.11070435338212682,3.411117566136789,0.4129710756481877,D100+1.0·2330⊥,5,20,0.01,0.02321083172147002,5.849129593810445
4672,0.32043771197415455,0.11942262786283737,2.6832244249573267,-0.15449529344302837,0.3681506849315068,0.27923325380878466,9.899488105778731,0.34281499617884514,D100+1.0·2330⊥,10,1,0.0,0.16909246575342465,42.611301369863014
4672,0.25652075991936,0.11953760277377513,2.145941979485949,-0.17950760135080002,0.3623715753424658,0.21540284214137967,7.429554237890258,0.3420949929584851,D100+1.0·2330⊥,10,1,0.003,0.16909246575342465,42.611301369863014
4672,0.213909458549497,0.11998370240454637,1.782820952034496,-0.20302429473358719,0.3565924657534247,0.1728492343631096,5.839665683396627,0.3416149908115784,D100+1.0·2330⊥,10,1,0.005,0.16909246575342465,42.611301369863014
4672,0.1499925064947025,0.12119886760557343,1.2375734976570438,-0.25975851480988066,0.3505993150684932,0.10901882269570462,3.560043462211934,0.3408949875912184,D100+1.0·2330⊥,10,1,0.008,0.16909246575342465,42.611301369863014
4672,0.10738120512483947,0.12236455381890157,0.877551560264443,-0.3400358215666385,0.3458904109589041,0.06646521491743461,2.1183723645058383,0.3404149854443117,D100+1.0·2330⊥,10,1,0.01,0.16909246575342465,42.611301369863014
4668,0.1962439472538886,0.1315960756752719,1.4912598741784868,-0.312231272944249,0.354541559554413,0.1452546023709052,5.151219458653569,0.41741578652198175,D100+1.0·2330⊥,10,5,0.0,0.07326478149100257,18.46272493573265
4668,0.16854985985028967,0.13156162836476107,1.2811475651774156,-0.34842178315789196,0.352827763496144,0.11763670948271907,4.106184367152027,0.41679203280142113,D100+1.0·2330⊥,10,5,0.003,0.07326478149100257,18.46272493573265
4668,0.150087134914557,0.13170118823903756,1.1396034988093577,-0.37151289908462914,0.34897172236503854,0.09922478089059496,3.4248579572222146,0.41637619698771416,D100+1.0·2330⊥,10,5,0.005,0.07326478149100257,18.46272493573265
4668,0.12239304751095804,0.13215328537527732,0.9261445688875385,-0.40466475682378733,0.3466152527849186,0.07160688800240879,2.428200988497975,0.41575244326715366,D100+1.0·2330⊥,10,5,0.008,0.07326478149100257,18.46272493573265
4668,0.10393032257522539,0.13261523434017433,0.7836982160634077,-0.4258147467744535,0.34554413024850045,0.053194959410284674,1.7817260626708524,0.4153366074534466,D100+1.0·2330⊥,10,5,0.01,0.07326478149100257,18.46272493573265
4663,0.18425021817777437,0.1342718584241679,1.3722176809061783,-0.35913475641365256,0.3566373579240832,0.1310231378032174,4.211598347505718,0.43636501256845345,D100+1.0·2330⊥,10,10,0.0,0.0420330259489599,10.592322539137895
4663,0.1683617343690675,0.13432320014306187,1.2534077076019086,-0.37541265202772434,0.35556508685395666,0.11511006815274497,3.645745726668038,0.4365665716446895,D100+1.0·2330⊥,10,10,0.003,0.0420330259489599,10.592322539137895
4663,0.1577694118299296,0.1344518080849588,1.1734272233084186,-0.3890633869113008,0.35427836156980486,0.10450135505243002,3.2767528838431974,0.43670094436218004,D100+1.0·2330⊥,10,10,0.005,0.0420330259489599,10.592322539137895
4663,0.14188092802122276,0.13478574986713535,1.0526404175595827,-0.4090067658421309,0.352991636285653,0.08858828540195768,2.7357854812284326,0.43690250343841625,D100+1.0·2330⊥,10,10,0.008,0.0420330259489599,10.592322539137895
4663,0.13128860548208487,0.13510185537775907,0.9717749997954365,-0.421955439931056,0.35106154835942527,0.07797957230164274,2.383543921667976,0.43703687615590686,D100+1.0·2330⊥,10,10,0.01,0.0420330259489599,10.592322539137895
4653,0.1827956342801426,0.13992723270343582,1.3063621051347656,-0.36444102274332646,0.3511712873415001,0.12587129236977845,3.6758726941378095,0.47032676792964584,D100+1.0·2330⊥,10,20,0.0,0.0223511712873415,5.6324951644100585
4653,0.1743468915335275,0.1398882609998789,1.2463296797554617,-0.3720300704314812,0.3503116269073716,0.11744715970402607,3.4056916731086884,0.4701234317222834,D100+1.0·2330⊥,10,20,0.003,0.0223511712873415,5.6324951644100585
4653,0.16871439636911745,0.13991149025820818,1.2058651941863618,-0.3770452748620948,0.34923705136471095,0.11183107126019118,3.2271587297911335,0.46998787425070826,D100+1.0·2330⊥,10,20,0.005,0.0223511712873415,5.6324951644100585
4653,0.16026565362250234,0.1400201007528964,1.1445903321076358,-0.3845023694859413,0.34859230603911456,0.10340693859443881,2.9618792987218305,0.4697845380433458,D100+1.0·2330⊥,10,20,0.008,0.0223511712873415,5.6324951644100585
4653,0.1546331584580923,0.14014159655714975,1.1034065706182596,-0.3894302645537311,0.3481624758220503,0.0977908501506039,2.786780966250352,0.46964898057177085,D100+1.0·2330⊥,10,20,0.01,0.0223511712873415,5.6324951644100585
4672,0.2650887823764453,0.12452403707036801,2.1288161596194053,-0.16345281553154634,0.3709332191780822,0.22051742397148025,8.081074075667999,0.3708271080755476,D100+1.0·2330⊥,20,1,0.0,0.12585616438356165,31.715753424657535
4672,0.21751515223945897,0.1245277933294039,1.7467197195415058,-0.1839326632514634,0.3657962328767123,0.17306144514455146,6.1117760701584745,0.3698482665811168,D100+1.0·2330⊥,20,1,0.003,0.12585616438356165,31.715753424657535
4672,0.18579939881480143,0.1248083336343665,1.4886778262668896,-0.21256434682947956,0.3608732876712329,0.14142412592659892,4.864708910784349,0.36919570558482967,D100+1.0·2330⊥,20,1,0.005,0.12585616438356165,31.715753424657535
4672,0.13822576867781514,0.12564247347409563,1.1001516036399417,-0.26955508149337404,0.3561643835616438,0.09396814709967014,3.1013430359398693,0.3682168640903987,D100+1.0·2330⊥,20,1,0.008,0.12585616438356165,31.715753424657535
4672,0.10651001525315759,0.12646987903210072,0.8421769362657737,-0.4136606064587326,0.3529537671232877,0.06233082788171765,1.9993866674718381,0.3675643030941115,D100+1.0·2330⊥,20,1,0.01,0.12585616438356165,31.715753424657535
4668,0.18830810498072084,0.1279864588598577,1.4713127205661185,-0.26775700861012774,0.35904027420736934,0.14051763717526672,4.964370435023796,0.3912287116660815,D100+1.0·2330⊥,20,5,0.0,0.05398457583547558,13.604113110539846
4668,0.16790193531491113,0.12801365835822803,1.3115939148076015,-0.29683710444756817,0.35796915167095117,0.1201614457912816,4.161085102878316,0.3908195727790308,D100+1.0·2330⊥,20,5,0.003,0.05398457583547558,13.604113110539846
4668,0.15429782220437127,0.12815740291602856,1.2039712002081573,-0.3176656664914147,0.35539845758354754,0.1065906515352915,3.640677225944888,0.39054681352099685,D100+1.0·2330⊥,20,5,0.005,0.05398457583547558,13.604113110539846
4668,0.13389165253856153,0.12856059441050638,1.0414672797096174,-0.34779433370654933,0.3532562125107112,0.08623446015130642,2.883633519712415,0.39013767463394616,D100+1.0·2330⊥,20,5,0.008,0.05398457583547558,13.604113110539846
4668,0.12028753942802167,0.1289535262149138,0.9327975973883073,-0.3671612832332599,0.35218508997429304,0.07266366589531639,2.3949957352783073,0.38986491537591234,D100+1.0·2330⊥,20,5,0.01,0.05398457583547558,13.604113110539846
4663,0.18723357285632208,0.13469432196880335,1.3900628483781774,-0.27495748864130065,0.37014797340767747,0.13423820993863617,4.433310598554287,0.4344653519019596,D100+1.0·2330⊥,20,10,0.0,0.033025948959897064,8.32253913789406
4663,0.174749764149481,0.13479513348059835,1.2964100382350487,-0.28792677933146926,0.36929015655157627,0.12169880958464732,3.9663969250877016,0.43492110205086154,D100+1.0·2330⊥,20,10,0.003,0.033025948959897064,8.32253913789406
4663,0.1664272250115869,0.13493688629762657,1.2333708712123606,-0.2964544573392528,0.36821788548144974,0.11333920934865475,3.6607370172237963,0.43522493548346297,D100+1.0·2330⊥,20,10,0.005,0.033025948959897064,8.32253913789406
4663,0.15394341630474584,0.13526086449975375,1.138122374672728,-0.310750545369302,0.3675745228393738,0.1007998089946659,3.2109873527528383,0.4356806856323651,D100+1.0·2330⊥,20,10,0.008,0.033025948959897064,8.32253913789406
4663,0.1456208771668518,0.1355506686333097,1.074291101881496,-0.32040580782062766,0.36628779755522195,0.09244020875867334,2.9171307835723455,0.4359845190649665,D100+1.0·2330⊥,20,10,0.01,0.033025948959897064,8.32253913789406
4653,0.18502564396668345,0.1354720977627173,1.3657841505544592,-0.24098375121625182,0.3610573823339781,0.131891010865586,3.995967491123061,0.4390150050556274,D100+1.0·2330⊥,20,20,0.0,0.019772189984955942,4.982591876208898
4653,0.17755175615237015,0.13542306457786654,1.3110894861656315,-0.2500800560429185,0.36084246722544594,0.12441994558426794,3.7407768822264282,0.4389916844026958,D100+1.0·2330⊥,20,20,0.003,0.019772189984955942,4.982591876208898
4653,0.17256916427616123,0.13543546063398487,1.2741800667886414,-0.25609113505976633,0.35955297657425317,0.11943923539672258,3.5723150828517065,0.4389761373007414,D100+1.0·2330⊥,20,20,0.005,0.019772189984955942,4.982591876208898
4653,0.16509527646184788,0.135521657243947,1.2182206137330998,-0.2650287059897425,0.3591231463571889,0.1119681701154045,3.3222210257033735,0.4389528166478099,D100+1.0·2330⊥,20,20,0.008,0.019772189984955942,4.982591876208898
4653,0.160112684585639,0.13562412316647596,1.1805619888808703,-0.2709962906200305,0.3584784010315925,0.10698745992785912,3.157277629705028,0.4389372695458555,D100+1.0·2330⊥,20,20,0.01,0.019772189984955942,4.982591876208898
4672,0.23048269613249214,0.12929011448996358,1.782678413130989,-0.3004179851527723,0.3075770547945205,0.18053798122592896,7.050419096301529,0.4155326392384619,D100+2.0·2330⊥,1,1,0.0,0.515625,129.9375
4672,0.03557644613249211,0.13015086296616002,0.27334775445739606,-0.4977610660040773,0.2902397260273973,-0.014221208548622733,-0.5352431540582809,0.4143091199187129,D100+2.0·2330⊥,1,1,0.003,0.515625,129.9375
4672,-0.09436105386750789,0.1313221330368291,-0.7185464604130705,-0.9055125903406128,0.277611301369863,-0.1440606683983238,-5.266618053185069,0.4134934403722134,D100+2.0·2330⊥,1,1,0.005,0.515625,129.9375
4672,-0.28926730386750793,0.1339438527251393,-2.1596161225935577,-0.9971128335485189,0.2624143835616438,-0.33881985817287563,-11.797699977015649,0.4122699210524643,D100+2.0·2330⊥,1,1,0.008,0.515625,129.9375
4672,-0.4192048038675079,0.13624232430377706,-3.0769058441253145,-0.999720329291837,0.2480736301369863,-0.46865931802257654,-15.75723830568937,0.4114542415059646,D100+2.0·2330⊥,1,1,0.01,0.515625,129.9375
4668,0.13520564495706586,0.13714374944586843,0.9858680800500678,-0.40373291264409106,0.3106255355612682,0.07814028402763211,2.637858861673353,0.4671560807495245,D100+2.0·2330⊥,1,5,0.0,0.10325621251071122,26.020565552699228
4668,0.09617479662801702,0.13716405278167632,0.7011661924359891,-0.42829138541322453,0.30698371893744647,0.03918844102921563,1.3140751069639347,0.46650931675792945,D100+2.0·2330⊥,1,5,0.003,0.10325621251071122,26.020565552699228
4668,0.07015423107531778,0.13739009147335185,0.5106207465399707,-0.4441186896629834,0.30398457583547556,0.01322054569693793,0.4409137306570291,0.46607814076353243,D100+2.0·2330⊥,1,5,0.005,0.10325621251071122,26.020565552699228
4668,0.031123382746268947,0.13804581648973333,0.22545690653786415,-0.565348587501191,0.30248500428449016,-0.025731297301478526,-0.8500285623599969,0.46543137677193736,D100+2.0·2330⊥,1,5,0.008,0.10325621251071122,26.020565552699228
4668,0.005102817193569717,0.13869174889337804,0.03679250737181638,-0.6611313230349449,0.3001285347043702,-0.0516991926337562,-1.6955927099441883,0.4650002007775405,D100+2.0·2330⊥,1,5,0.01,0.10325621251071122,26.020565552699228
4663,0.12606258688630048,0.1415257855202545,0.8907393548312722,-0.411572969103033,0.3064550718421617,0.0652529228886423,2.2710255171025215,0.4985283732997248,D100+2.0·2330⊥,1,10,0.0,0.053828007720351706,13.56465794552863
4663,0.10571559996800756,0.14167437431987376,0.7461871667018756,-0.42553387438562795,0.30431052970190864,0.04487072441828584,1.5507581817271412,0.4988170438270319,D100+2.0·2330⊥,1,10,0.003,0.053828007720351706,13.56465794552863
4663,0.09215094202247892,0.14188648649966262,0.6494694758876706,-0.43466796941973385,0.301737079133605,0.03128259210471487,1.0757159445482547,0.4990094908452366,D100+2.0·2330⊥,1,10,0.005,0.053828007720351706,13.56465794552863
4663,0.07180395510418598,0.14237322366333507,0.5043360911317024,-0.4481141613751687,0.3008792622775038,0.010900393634358425,0.3718173558105228,0.4992981613725435,D100+2.0·2330⊥,1,10,0.008,0.053828007720351706,13.56465794552863
4663,0.05823929715865737,0.14280920065163952,0.40781193993742,-0.5022644713005984,0.2995925369933519,-0.002687738679212503,-0.09115702165690007,0.49949060839074827,D100+2.0·2330⊥,1,10,0.01,0.053828007720351706,13.56465794552863
4653,0.140464982985951,0.14347676483383318,0.9790085743056012,-0.5272842415365773,0.3118418224801204,0.07793026841004945,2.4131015665840745,0.516681426659264,D100+2.0·2330⊥,1,20,0.0,0.026004728132387706,6.553191489361702
4653,0.13063519575190846,0.14350708789462088,0.9103048334994827,-0.5315391161938157,0.31119707715452394,0.0680682422063015,2.1049519288164897,0.516947795139146,D100+2.0·2330⊥,1,20,0.003,0.026004728132387706,6.553191489361702
4653,0.12408200426254674,0.14358288942562025,0.8641837809429551,-0.5343579307893329,0.31012250161186333,0.0614935580704695,1.8995944036036816,0.5171253741257339,D100+2.0·2330⊥,1,20,0.005,0.026004728132387706,6.553191489361702
4653,0.11425221702850419,0.14377979512589684,0.7946333275023961,-0.5398467353761058,0.30969267139479906,0.051631531866721515,1.5919154126144894,0.5173917426056156,D100+2.0·2330⊥,1,20,0.008,0.026004728132387706,6.553191489361702
4653,0.10769902553914251,0.14396635750807452,0.748084673414774,-0.5435454737185421,0.3092628411777348,0.04505684773088953,1.3871748667710049,0.5175693215922037,D100+2.0·2330⊥,1,20,0.01,0.026004728132387706,6.553191489361702
4672,0.28564217579058115,0.12681663752073288,2.2524030077984234,-0.14850869501351094,0.3212756849315068,0.23733362101535346,7.982258993869758,0.4019200289980695,D100+2.0·2330⊥,3,1,0.0,0.3383989726027397,85.27654109589041
4672,0.1577273641467455,0.1273474362573716,1.2385593992483328,-0.2119690934370172,0.3097174657534247,0.10957821970636639,3.5785360187576023,0.4005937585951761,D100+2.0·2330⊥,3,1,0.003,0.3383989726027397,85.27654109589041
4672,0.0724508230508551,0.12825126633014997,0.5649131203457208,-0.45345524706952733,0.3000856164383562,0.024407952167041665,0.7792504688507774,0.3997095783265804,D100+2.0·2330⊥,3,1,0.005,0.3383989726027397,85.27654109589041
4672,-0.05546398859298054,0.13040908989756775,-0.4253076885709866,-0.8512797307452306,0.2898116438356164,-0.10334744914194523,-3.177570640749994,0.39838330792368665,D100+2.0·2330⊥,3,1,0.008,0.3383989726027397,85.27654109589041
4672,-0.14074052968887096,0.13236201929097066,-1.0632999590273846,-0.9591259590624591,0.2799657534246575,-0.18851771668126985,-5.641446033834781,0.39749912765509077,D100+2.0·2330⊥,3,1,0.01,0.3383989726027397,85.27654109589041
4668,0.15479647134074054,0.12882785588946438,1.2015760898291867,-0.2962659195909224,0.31469580119965723,0.1053740738932453,3.9330998032447413,0.4045882321040162,D100+2.0·2330⊥,3,5,0.0,0.10132819194515853,25.53470437017995
4668,0.11649441478547064,0.12881499381266293,0.9043544647829566,-0.33921373782669917,0.3116966580976864,0.06713702289791486,2.475444743208912,0.4040560749054343,D100+2.0·2330⊥,3,5,0.003,0.10132819194515853,25.53470437017995
4668,0.09095971041529068,0.12902896576311604,0.7049557429010428,-0.3664126785840808,0.307840616966581,0.041645655567694596,1.5215013817206822,0.4037013034397129,D100+2.0·2330⊥,3,5,0.005,0.10132819194515853,25.53470437017995
4668,0.052657653860020755,0.12968154052465805,0.4060535805403103,-0.4051733979404567,0.3059125964010283,0.0034086045723641604,0.12265199043643414,0.403169146241131,D100+2.0·2330⊥,3,5,0.008,0.10132819194515853,25.53470437017995
4668,0.027122949489840804,0.13033508548035366,0.20810167415687347,-0.45867394400516515,0.30377035132819197,-0.022082762757856127,-0.7858951175171008,0.4028143747754096,D100+2.0·2330⊥,3,5,0.01,0.10132819194515853,25.53470437017995
4663,0.1308724173974008,0.1342104353927449,0.9751284765184172,-0.4047953825023679,0.31245978983487027,0.07722282825528758,2.4217474271454,0.4398288141214896,D100+2.0·2330⊥,3,10,0.0,0.04739438129959254,11.94338408749732
4663,0.1129573412661548,0.13429297485683245,0.8411262121981942,-0.41891858916406577,0.31095861033669314,0.05934330471544942,1.845858298775141,0.4395373476933602,D100+2.0·2330⊥,3,10,0.003,0.04739438129959254,11.94338408749732
4663,0.10101395717865747,0.1344538109749774,0.7512911418885458,-0.42815885324219727,0.30945743083851596,0.047423622355557346,1.4666498464497797,0.43934303674127384,D100+2.0·2330⊥,3,10,0.005,0.04739438129959254,11.94338408749732
4663,0.08309888104741148,0.13485302268580648,0.6162181565705296,-0.4417613079295505,0.3079562513403388,0.029544098815719264,0.9054894336005402,0.4390515703131444,D100+2.0·2330⊥,3,10,0.008,0.04739438129959254,11.94338408749732
4663,0.07115549695991415,0.1352237434529889,0.5262056436460929,-0.450660444511053,0.306669526056187,0.017624416455827168,0.5367873325735145,0.438857259361058,D100+2.0·2330⊥,3,10,0.01,0.04739438129959254,11.94338408749732
4653,0.16440179737087204,0.13762631546167767,1.1945520507424328,-0.426622510589727,0.3148506339995702,0.1079298012775132,3.339743025685569,0.4665893449053519,D100+2.0·2330⊥,3,20,0.0,0.02299591661293789,5.794970986460348
4653,0.15570934089118152,0.13760129767908283,1.131597910176187,-0.4317631332321934,0.31399097356544164,0.09923290332507323,3.0635343674237987,0.466626041746334,D100+2.0·2330⊥,3,20,0.003,0.02299591661293789,5.794970986460348
4653,0.14991436990472118,0.13763605651011276,1.0892085526564492,-0.43516883256589567,0.31313131313131315,0.0934349713567799,2.87957690939831,0.4666505063069886,D100+2.0·2330⊥,3,20,0.005,0.02299591661293789,5.794970986460348
4653,0.14122191342503065,0.1377652729184927,1.025090797073244,-0.4402454788386212,0.3127014829142489,0.08473807340433996,2.6041173530998276,0.4666872031479706,D100+2.0·2330⊥,3,20,0.008,0.02299591661293789,5.794970986460348
4653,0.1354269424385703,0.1379026902849318,0.9820471388828882,-0.4436087405276813,0.3120567375886525,0.07894014143604668,2.420912281056773,0.4667116677086252,D100+2.0·2330⊥,3,20,0.01,0.02299591661293789,5.794970986460348
4672,0.2879606780285979,0.12196312351153228,2.3610470914298096,-0.161208014955325,0.3225599315068493,0.2440080964092904,8.291488311710404,0.36567897676025685,D100+2.0·2330⊥,5,1,0.0,0.2773972602739726,69.9041095890411
4672,0.18310451364503627,0.12238486669270947,1.4961368884339676,-0.20267950464520645,0.3112157534246575,0.13926684910005074,4.609642587484964,0.3647228837026447,D100+2.0·2330⊥,5,1,0.003,0.2773972602739726,69.9041095890411
4672,0.11320040405599516,0.1231790009809867,0.9189910873970168,-0.3418572608980406,0.3032962328767123,0.06943935089389096,2.2514702118949206,0.3640854883309033,D100+2.0·2330⊥,5,1,0.005,0.2773972602739726,69.9041095890411
4672,0.008344239672433529,0.12512012726102822,0.06668982724918111,-0.7197730724970259,0.2940924657534247,-0.03530189641534866,-1.1054341823425144,0.3631293952732909,D100+2.0·2330⊥,5,1,0.008,0.2773972602739726,69.9041095890411
4672,-0.061559869916607564,0.1268963179504836,-0.4851194338091744,-0.8606548821488771,0.2855308219178082,-0.1051293946215084,-3.2095774369468058,0.3624919999015495,D100+2.0·2330⊥,5,1,0.01,0.2773972602739726,69.9041095890411
4668,0.14868320346220892,0.12825100669093736,1.1593141239078897,-0.29767956924496775,0.3181233933161954,0.09983557636634698,3.5681359456331347,0.39988297027044806,D100+2.0·2330⊥,5,5,0.0,0.0972579263067695,24.50899742930591
4668,0.11191970731825007,0.128335616380522,0.87208610107425,-0.3309778115325339,0.31555269922879176,0.06310284181282486,2.2220936665945024,0.39963114562951,D100+2.0·2330⊥,5,5,0.003,0.0972579263067695,24.50899742930591
4668,0.08741070988894416,0.1286072652873521,0.6796716320313559,-0.3592198644895589,0.31233933161953725,0.03861435211047679,1.345047661932211,0.3994632625355512,D100+2.0·2330⊥,5,5,0.005,0.0972579263067695,24.50899742930591
4668,0.050647213744985285,0.12933488983615482,0.39159745532815354,-0.4459540051363262,0.3101970865467009,0.0018816175569546412,0.06439442775942658,0.3992114378946131,D100+2.0·2330⊥,5,5,0.008,0.0972579263067695,24.50899742930591
4668,0.026138216315679377,0.13003062024638407,0.2010158550820743,-0.5572203993042336,0.3080548414738646,-0.02260687214539344,-0.7639895592098608,0.39904355480065445,D100+2.0·2330⊥,5,5,0.01,0.0972579263067695,24.50899742930591
4663,0.1508557751184296,0.12816367898357842,1.1770555926204236,-0.36748075777988876,0.317177782543427,0.10274767859845271,3.2408757049734453,0.3943986781701971,D100+2.0·2330⊥,5,10,0.0,0.04868110658374437,12.267638859103581
4663,0.1324543168297742,0.12826408486566426,1.0326687861882657,-0.3860104134816926,0.31610551147330046,0.08438204007229123,2.6355284681948317,0.39410502142628273,D100+2.0·2330⊥,5,10,0.003,0.04868110658374437,12.267638859103581
4663,0.12018667797067066,0.12844462770708612,0.9357080955129751,-0.398214269152264,0.3148187861891486,0.07213828105485025,2.2377874549832972,0.3939092502636733,D100+2.0·2330⊥,5,10,0.005,0.04868110658374437,12.267638859103581
4663,0.10178521968201529,0.1288848955159148,0.7897373798114828,-0.4160888440808599,0.3133176066909715,0.05377264252868881,1.6504552658996388,0.393615593519759,D100+2.0·2330⊥,5,10,0.008,0.04868110658374437,12.267638859103581
4663,0.0895175808229117,0.1292904788149966,0.6923756617144528,-0.4301878384873923,0.31138751876474374,0.041528883511247845,1.2653651602064777,0.39341982235714945,D100+2.0·2330⊥,5,10,0.01,0.04868110658374437,12.267638859103581
4653,0.17906452003471335,0.1303503560745579,1.3737171529649823,-0.36444102274332546,0.3144208037825059,0.12928607368821324,3.827114072082724,0.4112851373771625,D100+2.0·2330⊥,5,20,0.0,0.02364066193853428,5.957446808510638
4653,0.17012834982194736,0.13033832567068207,1.305282609290228,-0.3720300704314812,0.31334622823984526,0.12033697284140817,3.554553639677113,0.41139197433145636,D100+2.0·2330⊥,5,20,0.003,0.02364066193853428,5.957446808510638
4653,0.1641709030134367,0.13038609202341878,1.259113609938933,-0.3770452748620948,0.3122716526971846,0.11437090561020477,3.3728352087251436,0.41146319896765227,D100+2.0·2330⊥,5,20,0.005,0.02364066193853428,5.957446808510638
4653,0.15523473280067077,0.130541299008301,1.1891618513065323,-0.3845142886989079,0.3118418224801204,0.10542180476339973,3.100459377817399,0.41157003592194624,D100+2.0·2330⊥,5,20,0.008,0.02364066193853428,5.957446808510638
4653,0.14927728599216014,0.13070032095262407,1.1421340430087377,-0.39066677383293313,0.3114119922630561,0.09945573753219636,2.9191358878029887,0.41164126055814226,D100+2.0·2330⊥,5,20,0.01,0.02364066193853428,5.957446808510638
4672,0.284033716967558,0.12044246253671552,2.358252322190553,-0.1684166965043593,0.3373287671232877,0.2417800241041737,8.240363983115262,0.3515444736433208,D100+2.0·2330⊥,10,1,0.0,0.20804794520547945,52.428082191780824
4672,0.20539159367988682,0.12053725081011252,1.7039677966726567,-0.2356069852713123,0.3285530821917808,0.1634028354540566,5.447286283002162,0.34934025665310464,D100+2.0·2330⊥,10,1,0.003,0.20804794520547945,52.428082191780824
4672,0.152963511488106,0.12103008059108351,1.2638470596819142,-0.29949546607532995,0.3217037671232877,0.11115137635397851,3.637724040818103,0.3478707786596271,D100+2.0·2330⊥,10,1,0.005,0.20804794520547945,52.428082191780824
4672,0.07432138820043475,0.12240340306545777,0.6071840025615125,-0.528891078247407,0.3150684931506849,0.032774187703861375,1.0384559180749722,0.3456665616694107,D100+2.0·2330⊥,10,1,0.008,0.20804794520547945,52.428082191780824
4672,0.021893306008653923,0.12373072269708003,0.1769431676419893,-0.7019034048897212,0.3090753424657534,-0.019477271396216658,-0.6023647253704955,0.3441970836759331,D100+2.0·2330⊥,10,1,0.01,0.20804794520547945,52.428082191780824
4668,0.1577907381366585,0.12659063418512934,1.2464645520765887,-0.2913181283883284,0.3258354755784062,0.11066501027162574,3.7404086545611483,0.3857869287661366,D100+2.0·2330⊥,10,5,0.0,0.08483290488431877,21.37789203084833
4668,0.12572390009038598,0.12663339538971524,0.9928178874416952,-0.34737797590519803,0.3232647814910026,0.07865939169177613,2.6232935496892114,0.3852857657920682,D100+2.0·2330⊥,10,5,0.003,0.08483290488431877,21.37789203084833
4668,0.10434600805953768,0.12685486566469567,0.8225621265119333,-0.3842496198323848,0.3196229648671808,0.05732231263854306,1.8933855062280016,0.38495165714268925,D100+2.0·2330⊥,10,5,0.005,0.08483290488431877,21.37789203084833
4668,0.07227917001326518,0.12747450381512923,0.5670088358852414,-0.4873167992120663,0.31748071979434445,0.02531669405869345,0.8234354868451588,0.38445049416862065,D100+2.0·2330⊥,10,5,0.008,0.08483290488431877,21.37789203084833
4668,0.05090127798241685,0.1280770545993331,0.3974269875400609,-0.5789305019559556,0.31598114824335904,0.003979615005460369,0.12803923077819188,0.38411638551924165,D100+2.0·2330⊥,10,5,0.01,0.08483290488431877,21.37789203084833
4663,0.1471089011655302,0.12834703435407224,1.1461807583313488,-0.3412959429544945,0.3218957752519837,0.0984415368171102,3.2677640974558826,0.3989836546759605,D100+2.0·2330⊥,10,10,0.0,0.04803774394166845,12.10551147330045
4663,0.1289506339555795,0.12840264308397045,1.0042677538284839,-0.35799678049408634,0.32018014153978125,0.08029951756402331,2.632288660419286,0.3988504510538341,D100+2.0·2330⊥,10,10,0.003,0.04803774394166845,12.10551147330045
4663,0.11684512248227907,0.1285518310048657,0.9089339418110388,-0.3720084311541585,0.31889341625562945,0.06820483806196541,2.216583045240037,0.39876164863908325,D100+2.0·2330⊥,10,10,0.005,0.04803774394166845,12.10551147330045
4663,0.0986868552723284,0.12894300773016582,0.7653525151115343,-0.39247986528971346,0.31739223675745226,0.05006281880887858,1.6054435767669386,0.39862844501695693,D100+2.0·2330⊥,10,10,0.008,0.04803774394166845,12.10551147330045
4663,0.0865813437990279,0.1293146010928836,0.669540354045856,-0.40580082090798,0.31546214883122453,0.0379681393068207,1.2065359240341456,0.39853964260220615,D100+2.0·2330⊥,10,10,0.01,0.04803774394166845,12.10551147330045
4653,0.16413746350130426,0.13385909242630595,1.226195849128946,-0.3644410227433261,0.3148506339995702,0.11186484645418408,3.3353491093619314,0.43189275803502863,D100+2.0·2330⊥,10,20,0.0,0.02407049215559854,6.065764023210832
4653,0.15503881746648804,0.13379014317361881,1.1588209249861923,-0.3720300704314805,0.31399097356544164,0.10277920949000059,3.045661709312424,0.43178527301299513,D100+2.0·2330⊥,10,20,0.003,0.02407049215559854,6.065764023210832
4653,0.1489730534432772,0.13379948496578076,1.113405283147219,-0.37704527486209405,0.312916398022781,0.09672211818054492,2.8539754026713418,0.43171361633163957,D100+2.0·2330⊥,10,20,0.005,0.02407049215559854,6.065764023210832
4653,0.13987440740846094,0.13389643644233917,1.044646229018172,-0.3845023694859414,0.31248656780571676,0.08763648121636146,2.568790301717224,0.43160613130960607,D100+2.0·2330⊥,10,20,0.008,0.02407049215559854,6.065764023210832
4653,0.13380864338525011,0.13401626995157037,0.9984507361203586,-0.38943026455373164,0.3120567375886525,0.08157938990690579,2.380331811864751,0.4315344746282505,D100+2.0·2330⊥,10,20,0.01,0.02407049215559854,6.065764023210832
4672,0.2300568106117708,0.12441436127023552,1.8491178049138033,-0.2199920104170381,0.3392551369863014,0.18559982171721345,5.835374354367144,0.36987557066869603,D100+2.0·2330⊥,20,1,0.0,0.1528253424657534,38.51198630136986
4672,0.172288831159716,0.12451522258998199,1.3836768515207853,-0.30247806955040046,0.3330479452054795,0.12795512225583314,3.8998939969635784,0.3688498993842352,D100+2.0·2330⊥,20,1,0.003,0.1528253424657534,38.51198630136986
4672,0.13377684485834618,0.1249094164187967,1.0709908723760164,-0.3615330972512468,0.3272688356164384,0.08952532261491293,2.6669112078149873,0.3681661185279277,D100+2.0·2330⊥,20,1,0.005,0.1528253424657534,38.51198630136986
4672,0.07600886540629137,0.1259849987263844,0.6033167930681037,-0.5622099715813722,0.323416095890411,0.031880623153532656,0.915312066661519,0.3671404472434668,D100+2.0·2330⊥,20,1,0.008,0.1528253424657534,38.51198630136986
4672,0.03749687910492149,0.12701853556065132,0.29520793118431715,-0.7058107704942144,0.3189212328767123,-0.0065491764873876175,-0.18321192583794035,0.3664566663871593,D100+2.0·2330⊥,20,1,0.01,0.1528253424657534,38.51198630136986
4668,0.16807431938255943,0.1296492463876082,1.296377141137196,-0.30766404695877314,0.33911739502999144,0.11874814403722568,3.715556794282481,0.40380052587741627,D100+2.0·2330⊥,20,5,0.0,0.061268209083119106,15.439588688946015
4668,0.1449149363491404,0.12976222380127866,1.1167729105125928,-0.3413492739852316,0.3380462724935733,0.09561548743628191,2.954509265652488,0.4035817343856218,D100+2.0·2330⊥,20,5,0.003,0.061268209083119106,15.439588688946015
4668,0.1294753476601944,0.12997697871642283,0.9961406161215453,-0.3710299881765998,0.335261353898886,0.08019371636898606,2.456180151685277,0.403435873391092,D100+2.0·2330⊥,20,5,0.005,0.061268209083119106,15.439588688946015
4668,0.10631596462677537,0.1305068893601404,0.8146387148450919,-0.4131131252206379,0.3333333333333333,0.057061059768042266,1.7235043962519752,0.4032170818992974,D100+2.0·2330⊥,20,5,0.008,0.061268209083119106,15.439588688946015
4668,0.09087637593782932,0.13099737452462282,0.6937266969480205,-0.4396248733733479,0.3324764353041988,0.04163928870074639,1.2455586811935315,0.4030712209047677,D100+2.0·2330⊥,20,5,0.01,0.061268209083119106,15.439588688946015
4663,0.159982240242452,0.13196459056272467,1.2123118751799573,-0.2613105483143454,0.3362642075916792,0.10830057519947126,3.6092500993931766,0.4236954245346695,D100+2.0·2330⊥,20,10,0.0,0.03988848380870684,10.051897919794124
4663,0.14490439336276079,0.13200256564913762,1.0977392193112079,-0.27013590221950934,0.33519193652155266,0.09322775186693327,3.077324717281893,0.42365424060721735,D100+2.0·2330⊥,20,10,0.003,0.03988848380870684,10.051897919794124
4663,0.1348524954429667,0.1321192365038896,1.0206878196650544,-0.28133370028411553,0.33369075702337553,0.08317920297857459,2.7274240393580067,0.4236267846555826,D100+2.0·2330⊥,20,10,0.005,0.03988848380870684,10.051897919794124
4663,0.11977464856327552,0.13243079108746142,0.9044320250580744,-0.300535111371644,0.33240403173922367,0.0681063796460366,2.2101595268875465,0.4235856007281305,D100+2.0·2330⊥,20,10,0.008,0.03988848380870684,10.051897919794124
4663,0.10972275064348137,0.13272902775909726,0.8266673273809239,-0.313065755381719,0.33047394381299594,0.058057830757677925,1.8706396027003698,0.4235581447764957,D100+2.0·2330⊥,20,10,0.01,0.03988848380870684,10.051897919794124
4653,0.1852067182319535,0.13622227032276418,1.3595920681187144,-0.26465013345474775,0.33569739952718675,0.13082030118575616,4.015073193851936,0.44935763664848943,D100+2.0·2330⊥,20,20,0.0,0.02149151085321298,5.415860735009671
4653,0.177082927129439,0.1361584246847686,1.3005653343846921,-0.266831465884387,0.33548248441865464,0.12273080231900152,3.7423099831231563,0.4490743034404319,D100+2.0·2330⊥,20,20,0.003,0.02149151085321298,5.415860735009671
4653,0.17166706639442936,0.1361645129197918,1.2607327908964834,-0.2682838876249445,0.33419299376746187,0.11733780307449844,3.561797832250651,0.4488854146350604,D100+2.0·2330⊥,20,20,0.005,0.02149151085321298,5.415860735009671
4653,0.16354327529191484,0.13624661021865314,1.2003474804213854,-0.27045982041697825,0.3337631635503976,0.10924830420774378,3.2931951623216524,0.4486020814270029,D100+2.0·2330⊥,20,20,0.008,0.02149151085321298,5.415860735009671
4653,0.15812741455690518,0.13634991670898272,1.1597177202124964,-0.27190864239913226,0.3333333333333333,0.10385530496324072,3.1156636103086788,0.4484131926216313,D100+2.0·2330⊥,20,20,0.01,0.02149151085321298,5.415860735009671
