n,ann_ret,ann_vol,sharpe,max_dd,ann_alpha,t_alpha,beta,target,predictor,smooth_N,hold_K,cost_rt,avg_daily_turn,ann_turn
4672,0.26844104631597665,0.13775620799015267,1.9486675064049803,-0.30227557653164894,0.21409676093645155,8.215772202828653,0.4521364147043058,G_md,A_G_up,1,1,0.0,0.4387842465753425,110.57363013698631
4672,0.10258060111049713,0.1387918579088835,0.7390966779754549,-0.38281203483363724,0.04806760236721913,1.7460085224773862,0.45354008493140124,G_md,A_G_up,1,1,0.003,0.4387842465753425,110.57363013698631
4672,-0.00799302902648917,0.14003317528682968,-0.05707953854589861,-0.6048252967284833,-0.06261850334560255,-2.1895111457029017,0.4544758650827979,G_md,A_G_up,1,1,0.005,0.4387842465753425,110.57363013698631
4672,-0.17385347423196865,0.1426927267812739,-1.2183765644794176,-0.9766076813796808,-0.22864766191483507,-7.541719734896887,0.4558795353098938,G_md,A_G_up,1,1,0.008,0.4387842465753425,110.57363013698631
4672,-0.28442710436895496,0.14497471978813212,-1.9619082884562242,-0.9968755548657675,-0.3393337676276565,-10.762286549084832,0.4568153154612904,G_md,A_G_up,1,1,0.01,0.4387842465753425,110.57363013698631
4668,0.1343160940820456,0.135094297952297,0.9942395505802459,-0.5145407578339607,0.08055713908984148,2.7793433609256657,0.4400887387780396,G_md,A_G_up,1,5,0.0,0.09811482433590403,24.724935732647815
4668,0.09722869048307382,0.13501916804704892,0.7201102768548642,-0.5442003336961952,0.04356564099907488,1.4819622969187434,0.43930362429517833,G_md,A_G_up,1,5,0.003,0.09811482433590403,24.724935732647815
4668,0.07250375475042602,0.13517546468065278,0.5363677123042525,-0.5629827021398832,0.01890464227189718,0.6364847445759684,0.4387802146399371,G_md,A_G_up,1,5,0.005,0.09811482433590403,24.724935732647815
4668,0.035416351151454306,0.13571805843467064,0.26095533313646946,-0.5897475532831343,-0.018086855818869367,-0.5989028706647548,0.437995100157076,G_md,A_G_up,1,5,0.008,0.09811482433590403,24.724935732647815
4668,0.010691415418806485,0.13628331171481903,0.0784499237968249,-0.606694603967936,-0.042747854546047126,-1.3988630451707735,0.43747169050183493,G_md,A_G_up,1,5,0.01,0.09811482433590403,24.724935732647815
4663,0.14744998789378097,0.13540126933614982,1.088985270350153,-0.35596881344847153,0.09379585046132403,3.4630372872864,0.43986610180961805,G_md,A_G_up,1,10,0.0,0.04482093073128887,11.294874544284795
4663,0.13050767607735378,0.13544982302514888,0.9635130793277045,-0.3693672670302188,0.07679551772360459,2.8053262749355734,0.44034176757732074,G_md,A_G_up,1,10,0.003,0.04482093073128887,11.294874544284795
4663,0.119212801533069,0.1355817064558271,0.8792690743415954,-0.3781552738513235,0.06546196256512497,2.3733105788069615,0.44065887808912263,G_md,A_G_up,1,10,0.005,0.04482093073128887,11.294874544284795
4663,0.10227048971664181,0.13592822374165076,0.7523859791695664,-0.3911242842503966,0.048461629827405484,1.7360529521504662,0.44113454385682527,G_md,A_G_up,1,10,0.008,0.04482093073128887,11.294874544284795
4663,0.090975615172357,0.13625777514358076,0.6676728361114955,-0.3996302724950853,0.03712807466892584,1.3189444574411735,0.44145165436862704,G_md,A_G_up,1,10,0.01,0.04482093073128887,11.294874544284795
4653,0.11779588390104878,0.15075620314016286,0.7813667460935602,-0.4650790598261044,0.050077205643230524,1.442548205796824,0.5595129606174392,G_md,A_G_up,1,20,0.0,0.02407049215559854,6.065764023210832
4653,0.10869723786623253,0.1507724948096884,0.7209354597696014,-0.469921696300558,0.040998418701560395,1.1800591435612733,0.5593488785608018,G_md,A_G_up,1,20,0.003,0.02407049215559854,6.065764023210832
4653,0.1026314738430217,0.1508324325367255,0.6804337244778733,-0.4731297806151621,0.03494589407378021,1.0051325817614134,0.5592394905230434,G_md,A_G_up,1,20,0.005,0.02407049215559854,6.065764023210832
4653,0.09353282780820545,0.15099583716272247,0.6194397777165783,-0.47791156125878465,0.025867107132109983,0.7430205887786651,0.559075408466406,G_md,A_G_up,1,20,0.008,0.02407049215559854,6.065764023210832
4653,0.08746706378499461,0.15115364867367173,0.5786632645158888,-0.4810792798744663,0.01981458250432989,0.5685677558237244,0.5589660204286476,G_md,A_G_up,1,20,0.01,0.02407049215559854,6.065764023210832
4672,0.26571878207191696,0.13424827397250247,1.9793087405082248,-0.22372805740681612,0.21472035501375933,9.226331068331717,0.424299368454332,G_md,A_G_up,3,1,0.0,0.2718321917808219,68.50171232876713
4672,0.16296621357876626,0.13477609701201268,1.2091625829188464,-0.2908862321685811,0.11175214130706536,4.589960450709294,0.4260935047286193,G_md,A_G_up,3,1,0.003,0.2718321917808219,68.50171232876713
4672,0.09446450124999912,0.13558757213675018,0.6967047182961917,-0.35799052828837363,0.04310666550260265,1.7132414017254725,0.427289595578144,G_md,A_G_up,3,1,0.005,0.2718321917808219,68.50171232876713
4672,-0.008288067243151563,0.13747789870806149,-0.060286542935541435,-0.5046784149958515,-0.05986154820409134,-2.2580894855149114,0.42908373185243154,G_md,A_G_up,3,1,0.008,0.2718321917808219,68.50171232876713
4672,-0.07678977957191871,0.13917263785683998,-0.5517591730273056,-0.8543530070848501,-0.12850702400855413,-4.675564222980798,0.4302798227019562,G_md,A_G_up,3,1,0.01,0.2718321917808219,68.50171232876713
4668,0.12035721362367986,0.1362863080408124,0.8831203614939631,-0.4337680686165105,0.06588082940491087,2.4814192302700544,0.44596185375074027,G_md,A_G_up,3,5,0.0,0.09383033419023136,23.645244215938302
4668,0.0848893472997724,0.1362241846551179,0.6231591513260942,-0.46432092613877995,0.030428409165424893,1.1215062570880776,0.4458354069510755,G_md,A_G_up,3,5,0.003,0.09383033419023136,23.645244215938302
4668,0.06124410308383409,0.13637932499953823,0.4490717569106715,-0.4837919101002133,0.006793462339100843,0.24663572345823456,0.4457511090846322,G_md,A_G_up,3,5,0.005,0.09383033419023136,23.645244215938302
4668,0.02577623675992664,0.13690553301056632,0.18827753848295703,-0.5184825712144834,-0.02865895790038511,-1.016324652152414,0.44562466228496755,G_md,A_G_up,3,5,0.008,0.09383033419023136,23.645244215938302
4668,0.0021309925439883404,0.13745025551800924,0.015503736504215737,-0.5705126687579003,-0.05229390472670915,-1.824837781492284,0.4455403644185241,G_md,A_G_up,3,5,0.01,0.09383033419023136,23.645244215938302
4663,0.13964782020075675,0.13894386710874632,1.0050664567401129,-0.4008849743046391,0.08390031734661858,2.8829306808751944,0.45702788152990803,G_md,A_G_up,3,10,0.0,0.04439202230323826,11.186789620416041
4663,0.12286763577013268,0.1389085570629481,0.8845217196695356,-0.42038129219750053,0.06708412520248636,2.2797223671881137,0.4573230791294565,G_md,A_G_up,3,10,0.003,0.04439202230323826,11.186789620416041
4663,0.11168084614971664,0.13898121371931807,0.8035679295135791,-0.43378758866262057,0.05587333043973153,1.883946829031315,0.4575198775291555,G_md,A_G_up,3,10,0.005,0.04439202230323826,11.186789620416041
4663,0.09490066171909259,0.139234192544327,0.6815902041366724,-0.4555450345125409,0.03905713829559938,1.3007626936369194,0.457815075128704,G_md,A_G_up,3,10,0.008,0.04439202230323826,11.186789620416041
4663,0.08371387209867655,0.1394984347844839,0.600106174868622,-0.48472503111505527,0.027846343532844566,0.9194331057691786,0.45801187352840306,G_md,A_G_up,3,10,0.01,0.04439202230323826,11.186789620416041
4653,0.12396569438089595,0.14617994594954659,0.8480348899819831,-0.5501106940239129,0.06153304177395475,1.8328301972195153,0.5158381586586382,G_md,A_G_up,3,20,0.0,0.02192134107027724,5.524177949709864
4653,0.11567942745633113,0.14618873503087487,0.791301925089507,-0.5660441550702773,0.053226583696266004,1.5829345368551435,0.5160049842989687,G_md,A_G_up,3,20,0.003,0.02192134107027724,5.524177949709864
4653,0.11015524950662127,0.14624079443292254,0.7532456995585256,-0.5763644783063931,0.04768894497780682,1.4164996813058313,0.5161162013925222,G_md,A_G_up,3,20,0.005,0.02192134107027724,5.524177949709864
4653,0.10186898258205647,0.14638808497822592,0.6958830194220295,-0.5914051183442915,0.039382486900118,1.1672820974720093,0.5162830270328526,G_md,A_G_up,3,20,0.008,0.02192134107027724,5.524177949709864
4653,0.09634480463234658,0.14653230476624352,0.6574987323514851,-0.6011464425545021,0.033844848181658796,1.0015367713866177,0.516394244126406,G_md,A_G_up,3,20,0.01,0.02192134107027724,5.524177949709864
4672,0.26537679443876844,0.13083650795018284,2.0283084484325506,-0.2108879232544557,0.21740756162707628,8.42814970580508,0.3990969204604931,G_md,A_G_up,5,1,0.0,0.21746575342465754,54.801369863013704
4672,0.18317473964424782,0.13115759568810592,1.396600316460811,-0.240069266363108,0.13512826385263763,4.981474764912867,0.3997395706261423,G_md,A_G_up,5,1,0.003,0.21746575342465754,54.801369863013704
4672,0.12837336978123412,0.13177871525148785,0.9741586077557752,-0.2777858766726966,0.08027539866967855,2.8580803495518756,0.4001680040699082,G_md,A_G_up,5,1,0.005,0.21746575342465754,54.801369863013704
4672,0.04617131498671358,0.13330960715263712,0.3463464934965133,-0.38880417542107304,-0.0020038991047600235,-0.06764192253881468,0.4008106542355575,G_md,A_G_up,5,1,0.008,0.21746575342465754,54.801369863013704
4672,-0.008630054876300114,0.1347190851130085,-0.0640596309651363,-0.6324732821713714,-0.05685676428771909,-1.8515803358887228,0.4012390876793234,G_md,A_G_up,5,1,0.01,0.21746575342465754,54.801369863013704
4668,0.15426437890223316,0.1328005400143672,1.161624635604222,-0.3586926495861703,0.10323392611938347,3.549440134718627,0.417752309503289,G_md,A_G_up,5,5,0.0,0.0831191088260497,20.946015424164525
4668,0.12284535576598637,0.13281241644935532,0.924953848820531,-0.3932822950174345,0.07176388749889345,2.409636325898652,0.4181699392753341,G_md,A_G_up,5,5,0.003,0.0831191088260497,20.946015424164525
4668,0.10189934034182187,0.1330009916404271,0.7661547412917818,-0.4153262963994576,0.050783861751900035,1.6779391028448523,0.4184483591233641,G_md,A_G_up,5,5,0.005,0.0831191088260497,20.946015424164525
4668,0.07048031720557506,0.1335533102734164,0.5277317129862565,-0.44709431002063516,0.019313823131409995,0.6226824637380365,0.41886598889540927,G_md,A_G_up,5,5,0.008,0.0831191088260497,20.946015424164525
4668,0.049534301781410536,0.13409943355946025,0.36938486961950384,-0.4677566073964653,-0.0016662026155833923,-0.052837278556417705,0.41914440874343933,G_md,A_G_up,5,5,0.01,0.0831191088260497,20.946015424164525
4663,0.16498410435269267,0.13850484254612147,1.1911793213854869,-0.3757426445469816,0.11006267011016845,3.508804855509961,0.4502556250478179,G_md,A_G_up,5,10,0.0,0.043534205447137035,10.970619772678534
4663,0.14852817469367488,0.1385114049366161,1.0723172922954796,-0.3978792398422373,0.09356238156188304,2.9377715888843383,0.45061928706227705,G_md,A_G_up,5,10,0.003,0.043534205447137035,10.970619772678534
4663,0.13755755492099633,0.13861045922533335,0.9924038610778618,-0.4129911404991252,0.08256218919635938,2.565638397177811,0.45086172840524963,G_md,A_G_up,5,10,0.005,0.043534205447137035,10.970619772678534
4663,0.12110162526197857,0.13890065458915643,0.8718578441561401,-0.43725496528929175,0.06606190064807403,2.0205838179074442,0.4512253904197087,G_md,A_G_up,5,10,0.008,0.043534205447137035,10.970619772678534
4663,0.11013100548930001,0.1391880681703885,0.7912388391976388,-0.45289043401833895,0.05506170828255042,1.666106282199224,0.4514678317626814,G_md,A_G_up,5,10,0.01,0.043534205447137035,10.970619772678534
4653,0.1361477332631372,0.14497432599255727,0.9391161664729988,-0.41449193385250926,0.07498768015842387,2.2922771123567216,0.5053235424037122,G_md,A_G_up,5,20,0.0,0.0223511712873415,5.6324951644100585
4653,0.12769899051652212,0.14496219204099656,0.880912386316618,-0.4334896077026852,0.06655219750191954,2.0283842057949815,0.5052139833800164,G_md,A_G_up,5,20,0.003,0.0223511712873415,5.6324951644100585
4653,0.12206649535211207,0.14500159034496957,0.8418286658905383,-0.44582627317373036,0.06092854239758331,1.8529794498433394,0.5051409440308857,G_md,A_G_up,5,20,0.005,0.0223511712873415,5.6324951644100585
4653,0.11361775260549697,0.14513184186095998,0.7828588898799045,-0.4638515698629516,0.05249305974107895,1.5908495973784593,0.5050313850071898,G_md,A_G_up,5,20,0.008,0.0223511712873415,5.6324951644100585
4653,0.10798525744108693,0.14526601300107161,0.7433621616660625,-0.47555602360276217,0.04686940463674273,1.4168564543499629,0.5049583456580591,G_md,A_G_up,5,20,0.01,0.0223511712873415,5.6324951644100585
4672,0.2606285681816576,0.12749392401509102,2.0442430507575238,-0.17852054328714972,0.2154128067778986,8.103126705631732,0.376188445693012,G_md,A_G_up,10,1,0.0,0.1425513698630137,35.92294520547945
4672,0.20674415037343846,0.1277164585492162,1.618774531661231,-0.212263063311537,0.16139096705480946,5.781603751472741,0.37733177569463344,G_md,A_G_up,10,1,0.003,0.1425513698630137,35.92294520547945
4672,0.170821205167959,0.12816543041297837,1.3328180978094792,-0.23917916126631356,0.12537640723941668,4.345987367892582,0.3780939956957143,G_md,A_G_up,10,1,0.005,0.1425513698630137,35.92294520547945
4672,0.1169367873597398,0.12928354781304213,0.9044985950481722,-0.3146736868469624,0.07135456751632754,2.354001642008315,0.3792373256973357,G_md,A_G_up,10,1,0.008,0.1425513698630137,35.92294520547945
4672,0.08101384215426036,0.1303194646862638,0.6216557315462911,-0.3644828714223405,0.03534000770093488,1.1281967782516091,0.37999954569841654,G_md,A_G_up,10,1,0.01,0.1425513698630137,35.92294520547945
4668,0.14282703179983539,0.13476494319604318,1.0598233369346228,-0.38374747937863574,0.09024056369829518,3.127871451865215,0.43049036996635304,G_md,A_G_up,10,5,0.0,0.06812339331619537,17.16709511568123
4668,0.11707638912631356,0.13483446064069207,0.8682972332888966,-0.4100252238530181,0.06443117728544892,2.1833572674624513,0.43097126581252676,G_md,A_G_up,10,5,0.003,0.06812339331619537,17.16709511568123
4668,0.0999092940106323,0.13502899302033144,0.7399099391609094,-0.4269390971126481,0.04722491967688472,1.5760517803650003,0.4312918630433093,G_md,A_G_up,10,5,0.005,0.06812339331619537,17.16709511568123
4668,0.07415865133711046,0.13554179663080407,0.5471275516518918,-0.4515900345186742,0.02141553326403846,0.6983723618820638,0.4317727588894831,G_md,A_G_up,10,5,0.008,0.06812339331619537,17.16709511568123
4668,0.05699155622142922,0.1360297064045813,0.41896404636737367,-0.4678751528992413,0.004209275655474274,0.13515193243823323,0.43209335612026556,G_md,A_G_up,10,5,0.01,0.06812339331619537,17.16709511568123
4663,0.19682738301619856,0.13638768750591684,1.4431462737987966,-0.35843670121256066,0.1432720484813283,4.614068829319222,0.43905609819221436,G_md,A_G_up,10,10,0.0,0.037315033240403174,9.4033883765816
4663,0.18272230045132615,0.13642193888053672,1.3393908776749917,-0.377437657319297,0.12910910532659847,4.103068520475956,0.4395304495344764,G_md,A_G_up,10,10,0.003,0.037315033240403174,9.4033883765816
4663,0.17331891207474456,0.13652769285768454,1.2694780703238788,-0.3898066256085657,0.11966714322344524,3.7686940161872515,0.439846683762651,G_md,A_G_up,10,10,0.005,0.037315033240403174,9.4033883765816
4663,0.15921382950987217,0.136810318834805,1.1637560007598469,-0.40792322207185416,0.10550420006871544,3.2768835205004945,0.44032103510491305,G_md,A_G_up,10,10,0.008,0.037315033240403174,9.4033883765816
4663,0.14981044113329056,0.13708100182282246,1.0928607111211586,-0.4197157957289882,0.09606223796556224,2.9556564502064253,0.44063726933308767,G_md,A_G_up,10,10,0.01,0.037315033240403174,9.4033883765816
4653,0.16592256272402894,0.1437883579415889,1.1539360007952217,-0.439035599443085,0.10567262528100695,3.080859549007349,0.49780388133710796,G_md,A_G_up,10,20,0.0,0.02149151085321298,5.415860735009671
4653,0.1577987716215144,0.1437639865849793,1.0976237886130067,-0.45069110334046714,0.09755583346468849,2.824563102451379,0.49774605103913827,G_md,A_G_up,10,20,0.003,0.02149151085321298,5.415860735009671
4653,0.15238291088650474,0.14379382227294915,1.0597319723322456,-0.4583360731251439,0.0921446389204762,2.6552549166969666,0.49770749750715854,G_md,A_G_up,10,20,0.005,0.02149151085321298,5.415860735009671
4653,0.14425911978399023,0.14390764336814077,1.0024423748983946,-0.469655238198616,0.0840278471041577,2.403746008109238,0.49764966720918896,G_md,A_G_up,10,20,0.008,0.02149151085321298,5.415860735009671
4653,0.13884325904898057,0.14402948423589162,0.9639919200264786,-0.4775797113768889,0.07861665255994538,2.2377731481475456,0.49761111367720906,G_md,A_G_up,10,20,0.01,0.02149151085321298,5.415860735009671
4672,0.22656153670230958,0.12778302619362922,1.7730174613254315,-0.17907069564369182,0.18112239079701786,6.640760177879815,0.3780469716984252,G_md,A_G_up,20,1,0.0,0.09503424657534247,23.948630136986303
4672,0.19063859149683013,0.12785037517745362,1.4911070165592224,-0.21333787269877758,0.14515999298371454,5.0644436778235455,0.37837521155893006,G_md,A_G_up,20,1,0.003,0.09503424657534247,23.948630136986303
4672,0.16668996135984382,0.12810694565262817,1.3011781719613895,-0.26295756481197885,0.121185061108179,4.087678873410876,0.3785940381326,G_md,A_G_up,20,1,0.005,0.09503424657534247,23.948630136986303
4672,0.13076701615436437,0.12880677835005747,1.0152184367113009,-0.33166283121368156,0.08522266329487571,2.731609094606635,0.378922277993105,G_md,A_G_up,20,1,0.008,0.09503424657534247,23.948630136986303
4672,0.10681838601737807,0.12948066994777616,0.824975543148344,-0.37392152054090466,0.06124773141934015,1.897457747977607,0.37914110456677497,G_md,A_G_up,20,1,0.01,0.09503424657534247,23.948630136986303
4668,0.18115290421173733,0.13149761479294902,1.3776136129691294,-0.24175543474594086,0.13160069664542157,4.51799305027232,0.4056509010394639,G_md,A_G_up,20,5,0.0,0.04884318766066838,12.30848329048843
4668,0.16269017927600468,0.13155931777498203,1.2366298490105327,-0.26846717518093866,0.11313121315619948,3.7980575500084006,0.4057062288128843,G_md,A_G_up,20,5,0.003,0.04884318766066838,12.30848329048843
4668,0.15038169598551623,0.1317116150554749,1.1417496924791166,-0.28728871864044214,0.10081822416338473,3.3342075037425865,0.40574311399516466,G_md,A_G_up,20,5,0.005,0.04884318766066838,12.30848329048843
4668,0.1319189710497836,0.1321060350046372,0.998583986304282,-0.3146505838973599,0.08234874067416263,2.6623503209543724,0.4057984417685851,G_md,A_G_up,20,5,0.008,0.04884318766066838,12.30848329048843
4668,0.11961048775929516,0.13247886232544148,0.9028646959955434,-0.3323276100464613,0.07003575168134789,2.230172926199818,0.4058353269508653,G_md,A_G_up,20,5,0.01,0.04884318766066838,12.30848329048843
4663,0.1816551967491488,0.13569009381081815,1.3387506165513903,-0.286449230102931,0.12817341212520528,4.219640637290731,0.4384531230228058,G_md,A_G_up,20,10,0.0,0.03345485738794767,8.430624061762813
4663,0.16900926065650454,0.13576594038995374,1.2448575848336314,-0.2992239315877996,0.11548737418737128,3.750059364252489,0.43878188503750076,G_md,A_G_up,20,10,0.003,0.03345485738794767,8.430624061762813
4663,0.16057863659474172,0.1358914728531864,1.1816682329157377,-0.3076235604156031,0.10703001556214858,3.442999230424746,0.439001059713964,G_md,A_G_up,20,10,0.005,0.03345485738794767,8.430624061762813
4663,0.1479327005020975,0.136191809061147,1.0862084990418117,-0.32005007790766393,0.09434397762431457,2.9916837131587326,0.439329821728659,G_md,A_G_up,20,10,0.008,0.03345485738794767,8.430624061762813
4663,0.13950207644033472,0.1364663413176583,1.0222453030788743,-0.32822048438308427,0.08588661899909186,2.6971197230337665,0.43954899640512224,G_md,A_G_up,20,10,0.01,0.03345485738794767,8.430624061762813
4653,0.16452372780591776,0.13934928126512808,1.1806571681765075,-0.3903630046326142,0.10784582617083135,3.2917057132043746,0.46829060107607784,G_md,A_G_up,20,20,0.0,0.020631850419084462,5.199226305609284
4653,0.15672488834750387,0.13935242957556362,1.1246656324891708,-0.40660136251786094,0.10005322765114885,3.023827154773061,0.46823903648272636,G_md,A_G_up,20,20,0.003,0.020631850419084462,5.199226305609284
4653,0.15152566204189458,0.1394002052234205,1.0869830628946366,-0.41719905044623096,0.09485816197136054,2.847714662287909,0.4682046600871588,G_md,A_G_up,20,20,0.005,0.020631850419084462,5.199226305609284
4653,0.14372682258348066,0.13954029002401114,1.030002320897779,-0.43280030650395496,0.08706556345167803,2.5873329276202512,0.4681530954938074,G_md,A_G_up,20,20,0.008,0.020631850419084462,5.199226305609284
4653,0.1385275962778714,0.13967918736806728,0.9917554568300764,-0.44351457026901664,0.08187049777188975,2.4163076001739094,0.46811871909823977,G_md,A_G_up,20,20,0.01,0.020631850419084462,5.199226305609284
4672,0.2652785742580624,0.13843536951598104,1.9162629838427132,-0.3296169610201086,0.2102134222395456,8.356848669670727,0.45813391849624,G_md,B_GA00,1,1,0.0,0.4456335616438356,112.29965753424658
4672,0.09682908795669248,0.13951310106794745,0.6940501445060243,-0.4200608597645673,0.04158731427342002,1.5491444573234556,0.4596033846177301,G_md,B_GA00,1,1,0.003,0.4456335616438356,112.29965753424658
4672,-0.015470569577554086,0.1407809616044972,-0.10989106340256652,-0.6109611858010797,-0.07083009103733044,-2.5207071357676885,0.46058302869872314,G_md,B_GA00,1,1,0.005,0.4456335616438356,112.29965753424658
4672,-0.18392005587892396,0.1434776869613969,-1.281872183571012,-0.9795085424348416,-0.23945619900345608,-7.945115617108185,0.462052494820214,G_md,B_GA00,1,1,0.008,0.4456335616438356,112.29965753424658
4672,-0.2962197134131706,0.1457825877203513,-2.0319279417744776,-0.9973200064968225,-0.3518736043142064,-11.139381657536603,0.46303213890120715,G_md,B_GA00,1,1,0.01,0.4456335616438356,112.29965753424658
4668,0.1324958504363529,0.13665268558543903,0.9695810211758543,-0.46893288201173045,0.0773430423909204,2.889977414445997,0.45149928484103835,G_md,B_GA00,1,5,0.0,0.10239931448157669,25.804627249357324
4668,0.09378890956231692,0.13647918688474292,0.6872030212307898,-0.502843986992513,0.03875155881458402,1.426076821168791,0.4505541128871805,G_md,B_GA00,1,5,0.003,0.10239931448157669,25.804627249357324
4668,0.06798428231295958,0.13657559983867198,0.49777765862471096,-0.5242658670283422,0.0130239030970264,0.4740182463610479,0.44992399825127477,G_md,B_GA00,1,5,0.005,0.10239931448157669,25.804627249357324
4668,0.029277341438923597,0.13703744215360542,0.2136448329654796,-0.5547173440235615,-0.02556758047930996,-0.9141513540191456,0.4489788262974167,G_md,B_GA00,1,5,0.008,0.10239931448157669,25.804627249357324
4668,0.0034727141895662646,0.13755516217519137,0.025245975030318297,-0.5747077010478291,-0.05129523619686752,-1.8110762000194076,0.4483487116615113,G_md,B_GA00,1,5,0.01,0.10239931448157669,25.804627249357324
4663,0.14130289365432486,0.13623062814294654,1.0372329305129242,-0.332129873840743,0.08719955856169324,3.2327916737461475,0.44354870362148746,G_md,B_GA00,1,10,0.0,0.04524983915933948,11.402959468153549
4663,0.12419845445209456,0.13621684951150403,0.9117701290074657,-0.3401108107351699,0.07005167004404944,2.57935545400409,0.44390490878872746,G_md,B_GA00,1,10,0.003,0.04524983915933948,11.402959468153549
4663,0.112795494983941,0.13630755935334207,0.8275072601919888,-0.3453849604601771,0.05861974436562022,2.1475219969554757,0.44414237890022096,G_md,B_GA00,1,10,0.005,0.04524983915933948,11.402959468153549
4663,0.09569105578171067,0.13659306947397554,0.7005557174329571,-0.3532270298687894,0.04147185584797636,1.50672659050455,0.44449858406746096,G_md,B_GA00,1,10,0.008,0.04524983915933948,11.402959468153549
4663,0.08428809631355712,0.13688255490592569,0.6157694555853754,-0.35840929564765145,0.030039930169547133,1.0848516159316308,0.4447360541789542,G_md,B_GA00,1,10,0.01,0.04524983915933948,11.402959468153549
4653,0.10798392936638204,0.15111109647836785,0.71459960176942,-0.5177756553203164,0.040038092233489496,1.1340874040953866,0.5613898184946622,G_md,B_GA00,1,20,0.0,0.024500322372662798,6.174081237911025
4653,0.09872280750951548,0.15108063463160346,0.6534444851270461,-0.5362309392721494,0.030802620292723987,0.8721573371573088,0.5611778908424034,G_md,B_GA00,1,20,0.003,0.024500322372662798,6.174081237911025
4653,0.09254872627160447,0.1511101636363578,0.6124586463576354,-0.5481551014774018,0.024645638998880306,0.697543324125594,0.5610366057408974,G_md,B_GA00,1,20,0.005,0.024500322372662798,6.174081237911025
4653,0.08328760441473794,0.15122915411047458,0.5507377522848235,-0.5654902573124383,0.01541016705811473,0.4357892628428521,0.5608246780886387,G_md,B_GA00,1,20,0.008,0.024500322372662798,6.174081237911025
4653,0.0771135231768269,0.1513581877241357,0.5094770513331822,-0.576689811225988,0.00925318576427104,0.2614894787710168,0.5606833929871327,G_md,B_GA00,1,20,0.01,0.024500322372662798,6.174081237911025
4672,0.28321643440608146,0.1343268130611133,2.1084132642768005,-0.20472329027652414,0.23175212857239652,9.824838776081968,0.42817541094495803,G_md,B_GA00,3,1,0.0,0.2752568493150685,69.36472602739727
4672,0.17916934536498552,0.13477913252954604,1.329355234763129,-0.29203959215917474,0.12758816845916615,5.171493472325232,0.42914776097529683,G_md,B_GA00,3,1,0.003,0.2752568493150685,69.36472602739727
4672,0.10980461933758828,0.1355443410931595,0.8101010964531501,-0.3615962847396078,0.05814552838367927,2.2817700875895612,0.4297959943288558,G_md,B_GA00,3,1,0.005,0.2752568493150685,69.36472602739727
4672,0.005757530296492381,0.13737215167202782,0.041911917564182326,-0.5142641143520287,-0.046018431729551015,-1.7160151053392165,0.430768344359195,G_md,B_GA00,3,1,0.008,0.2752568493150685,69.36472602739727
4672,-0.06360719573090487,0.13903011815744307,-0.4575065933474475,-0.8152675555610721,-0.11546107180503794,-4.156830451077191,0.431416577712754,G_md,B_GA00,3,1,0.01,0.2752568493150685,69.36472602739727
4668,0.1503155377335404,0.13253997020136407,1.1341147693421876,-0.33324382304638756,0.09930364235630454,3.5102508197845297,0.41760039239045127,G_md,B_GA00,3,5,0.0,0.09511568123393316,23.969151670951156
4668,0.11436181022711366,0.13244263583619656,0.8634818350229376,-0.37297004686620205,0.06336949439258191,2.1917693897684636,0.4174401077224228,G_md,B_GA00,3,5,0.003,0.09511568123393316,23.969151670951156
4668,0.09039265855616252,0.13258239728646465,0.6817847648421631,-0.3981611625002277,0.03941339575010015,1.3428735452205238,0.4173332512770704,G_md,B_GA00,3,5,0.005,0.09511568123393316,23.969151670951156
4668,0.05443893104973579,0.13309772662568192,0.4090147324817756,-0.47055100212446266,0.0034792477863774653,0.1158285803235217,0.4171729666090418,G_md,B_GA00,3,5,0.008,0.09511568123393316,23.969151670951156
4668,0.030469779378784628,0.13364323739046158,0.22799342468606892,-0.5277356228406789,-0.02047685085610429,-0.6710116270009072,0.4170661101636893,G_md,B_GA00,3,5,0.01,0.09511568123393316,23.969151670951156
4663,0.13823198056146016,0.13773376489116043,1.0036172369984473,-0.459174395934552,0.08369909827853465,2.5411443192160963,0.44707020740813763,G_md,B_GA00,3,10,0.0,0.0461076560154407,11.619129315891056
4663,0.12080328658762356,0.13767637580807648,0.8774438307122906,-0.47676820229229977,0.06625802668995212,1.989299511402409,0.4471716812815152,G_md,B_GA00,3,10,0.003,0.0461076560154407,11.619129315891056
4663,0.10918415727173247,0.13773874499115865,0.7926902287278785,-0.4898828237003858,0.05463064563089711,1.62764116318026,0.4472393305304335,G_md,B_GA00,3,10,0.005,0.0461076560154407,11.619129315891056
4663,0.0917554632978959,0.13798296871521612,0.664976729753297,-0.509479399657726,0.037189574042314585,1.0949239398630413,0.447340804403811,G_md,B_GA00,3,10,0.008,0.0461076560154407,11.619129315891056
4663,0.08013633398200484,0.13824581711937903,0.5796655237156648,-0.5221394307741645,0.02556219298325956,0.7464958437169423,0.44740845365272935,G_md,B_GA00,3,10,0.01,0.0461076560154407,11.619129315891056
4653,0.1288286070173467,0.1428832514388253,0.9016354661589151,-0.5103611146458409,0.06902073454500043,2.052524320174618,0.4941514018899107,G_md,B_GA00,3,20,0.0,0.02407049215559854,6.065764023210832
4653,0.11972996098253047,0.14286900464195085,0.8380401423149132,-0.5205310738621675,0.05991474717072252,1.7765925472930568,0.49421205833925075,G_md,B_GA00,3,20,0.003,0.02407049215559854,6.065764023210832
4653,0.11366419695931963,0.14291130475820052,0.7953478358596917,-0.5272016975029545,0.05384408892120393,1.593234065235807,0.494252495972144,G_md,B_GA00,3,20,0.005,0.02407049215559854,6.065764023210832
4653,0.1045655509245034,0.14305236000488963,0.730959985007792,-0.5414165613383577,0.044738101546926014,1.3192831397931317,0.4943131524214839,G_md,B_GA00,3,20,0.008,0.02407049215559854,6.065764023210832
4653,0.09849978690129257,0.1431980146383395,0.6878572105211329,-0.5523206985258475,0.03866744329740739,1.1374829557738317,0.4943535900543772,G_md,B_GA00,3,20,0.01,0.02407049215559854,6.065764023210832
4672,0.2669155800746221,0.12827266216088443,2.080845408352456,-0.24248521591525718,0.22082307174629398,9.190359894719224,0.3834828504001358,G_md,B_GA00,5,1,0.0,0.22003424657534246,55.448630136986296
4672,0.18374263486914272,0.1285959759860459,1.4288365826398863,-0.286731283653321,0.13756596672550472,5.4624485591425955,0.38418304761297234,G_md,B_GA00,5,1,0.003,0.22003424657534246,55.448630136986296
4672,0.1282940047321564,0.1292301605263285,0.9927559031857633,-0.3148179035516435,0.08206123004497859,3.1518884970211523,0.3846498457548632,G_md,B_GA00,5,1,0.005,0.22003424657534246,55.448630136986296
4672,0.04512105952667697,0.1307972219019506,0.3449695557028042,-0.3549366833533678,-0.0011958749758105517,-0.043614543302431,0.3853500429676999,G_md,B_GA00,5,1,0.008,0.22003424657534246,55.448630136986296
4672,-0.010327570610309325,0.1322411020228625,-0.07809652560611485,-0.6162202081250906,-0.056700611656336705,-1.9961977972848257,0.38581684110959075,G_md,B_GA00,5,1,0.01,0.22003424657534246,55.448630136986296
4668,0.1502589621813908,0.13156524856300583,1.142087016309878,-0.2666895911906453,0.10029037475753094,3.496936796097151,0.40905952545163304,G_md,B_GA00,5,5,0.0,0.08740359897172237,22.025706940874038
4668,0.11722040177007971,0.13158835717387088,0.8908113475054146,-0.30414218315964736,0.0672193223848654,2.2963853427789602,0.4093255154861305,G_md,B_GA00,5,5,0.003,0.08740359897172237,22.025706940874038
4668,0.09519469482920569,0.13179458273961844,0.7222959612632808,-0.3280711133293902,0.045171954136421714,1.5215184721318364,0.4095028421757954,G_md,B_GA00,5,5,0.005,0.08740359897172237,22.025706940874038
4668,0.06215613441789464,0.13238836736138535,0.4694984586389285,-0.3626524335532706,0.012100901763756191,0.39877193925021104,0.4097688322102929,G_md,B_GA00,5,5,0.008,0.08740359897172237,22.025706940874038
4668,0.0401304274770206,0.1329718787850469,0.30179634854894893,-0.38522857358705154,-0.0099464664846875,-0.32290546818918475,0.4099461588999578,G_md,B_GA00,5,5,0.01,0.08740359897172237,22.025706940874038
4663,0.1555974655755478,0.13673562606580714,1.1379438559828072,-0.37742626286323067,0.10198730787172133,3.3465023575153605,0.4395055482210771,G_md,B_GA00,5,10,0.0,0.045678747587390094,11.511044392022304
4663,0.13833089898751433,0.1367357441950046,1.0116659678264874,-0.39768390886440574,0.08467291377125945,2.7409784254627434,0.4398976466212733,G_md,B_GA00,5,10,0.003,0.045678747587390094,11.511044392022304
4663,0.12681985459549203,0.13683623150973978,0.9268002574776053,-0.4154366448069349,0.07312998437095147,2.345378989851174,0.4401590455547373,G_md,B_GA00,5,10,0.005,0.045678747587390094,11.511044392022304
4663,0.10955328800745857,0.137137133878865,0.7988593964945223,-0.44467404112089415,0.055815590270489546,1.7645853671934149,0.4405511439549334,G_md,B_GA00,5,10,0.008,0.045678747587390094,11.511044392022304
4663,0.09804224361543627,0.13743733828517832,0.7133595923692991,-0.4638856952937539,0.04427266087018159,1.3860165223162453,0.4408125428883974,G_md,B_GA00,5,10,0.01,0.045678747587390094,11.511044392022304
4653,0.14847160844089538,0.14368011617018764,1.0333483323818606,-0.417461090950929,0.0883276638972429,2.8717780140523343,0.4969281347564544,G_md,B_GA00,5,20,0.0,0.02149151085321298,5.415860735009671
4653,0.14034781733838086,0.14367393491249286,0.9768495407595134,-0.42786238934349885,0.0802099407569472,2.5947447178649585,0.4968779993493065,G_md,B_GA00,5,20,0.003,0.02149151085321298,5.415860735009671
4653,0.1349319566033712,0.1437159244684676,0.9388796481838472,-0.4347017118346026,0.07479812533008345,2.4111037364535517,0.4968445757445412,G_md,B_GA00,5,20,0.005,0.02149151085321298,5.415860735009671
4653,0.12680816550085666,0.14384799363573617,0.8815428168012607,-0.44485876074799224,0.06668040218978778,2.1374254055019373,0.4967944403373933,G_md,B_GA00,5,20,0.008,0.02149151085321298,5.415860735009671
4653,0.12139230476584702,0.14398199772902315,0.8431075181656366,-0.45206216856177706,0.06126858676292401,1.956279235828675,0.49676101673262807,G_md,B_GA00,5,20,0.01,0.02149151085321298,5.415860735009671
4672,0.2533279164059703,0.12761615332068105,1.9850772007630864,-0.17302057746247923,0.2079444094284775,8.097374862138956,0.3775840640503202,G_md,B_GA00,10,1,0.0,0.1464041095890411,36.89383561643836
4672,0.1979871629813128,0.1278317208604679,1.5488109027134327,-0.19625579383551595,0.15249464064875312,5.6435921107209746,0.3784910556768258,G_md,B_GA00,10,1,0.003,0.1464041095890411,36.89383561643836
4672,0.16109332736487444,0.12828253047909483,1.2557697978301616,-0.24824318277327861,0.11552812812893684,4.126017383025322,0.3790957167611627,G_md,B_GA00,10,1,0.005,0.1464041095890411,36.89383561643836
4672,0.1057525739402169,0.1294129733073651,0.8171713487259655,-0.3346317991828479,0.06007835934921241,2.0310628508616833,0.3800027083876684,G_md,B_GA00,10,1,0.008,0.1464041095890411,36.89383561643836
4672,0.06885873832377855,0.13046329855988373,0.5278016046188793,-0.38669847730537454,0.023111846829396186,0.7528715430628278,0.38060736947200546,G_md,B_GA00,10,1,0.01,0.1464041095890411,36.89383561643836
4668,0.15652631446887766,0.1348526935525448,1.1607207119514287,-0.3725313349429811,0.10378275479313202,3.6082257893780434,0.43177637399628155,G_md,B_GA00,10,5,0.0,0.06812339331619537,17.16709511568123
4668,0.13077567179535576,0.13498404140978293,0.9688232062807229,-0.4001978671875879,0.0779447535287174,2.6466071650544185,0.43249152056289564,G_md,B_GA00,10,5,0.003,0.06812339331619537,17.16709511568123
4668,0.11360857667967457,0.1352195339389799,0.8401787328370941,-0.4179830889278723,0.06071941935244092,2.0289693148374983,0.4329682849406384,G_md,B_GA00,10,5,0.005,0.06812339331619537,17.16709511568123
4668,0.0878579340061527,0.13579312446440103,0.6469983981345475,-0.4437085710158608,0.03488141808802631,1.1375760343812895,0.4336834315072525,G_md,B_GA00,10,5,0.008,0.06812339331619537,17.16709511568123
4668,0.07069083889047148,0.1363209770576532,0.518561709402763,-0.4602444888496374,0.017656083911749856,0.5664646067102141,0.43416019588499527,G_md,B_GA00,10,5,0.01,0.06812339331619537,17.16709511568123
4663,0.19877355213651046,0.13698217601275975,1.4510906303459141,-0.3591716044197909,0.14466645713432058,4.552315725791432,0.4435795280245939,G_md,B_GA00,10,10,0.0,0.038172850096504396,9.619558224319107
4663,0.18434421480003182,0.13702856892231272,1.3452976722288064,-0.3781773742369444,0.13020740172798362,4.0348472547199234,0.44382316201383315,G_md,B_GA00,10,10,0.003,0.038172850096504396,9.619558224319107
4663,0.17472465657571268,0.1371438635653171,1.274024604772033,-0.3905490560777669,0.12056803145709234,3.697457894919887,0.4439855846733259,G_md,B_GA00,10,10,0.005,0.038172850096504396,9.619558224319107
4663,0.16029531923923404,0.13744292996037272,1.166268205177597,-0.4086690121882799,0.10610897605075545,3.2029377275145,0.4442292186625651,G_md,B_GA00,10,10,0.008,0.038172850096504396,9.619558224319107
4663,0.15067576101491492,0.1377259644850095,1.094025818431026,-0.42046337031161873,0.09646960577986416,2.8810335218262844,0.44439164132205794,G_md,B_GA00,10,10,0.01,0.038172850096504396,9.619558224319107
4653,0.17669099009597303,0.14346037075875137,1.2316362293047718,-0.4331396060436664,0.11620810832095453,3.40921535587785,0.4997285404741073,G_md,B_GA00,10,20,0.0,0.02278100150440576,5.740812379110252
4653,0.1680797715273077,0.1434556613405292,1.1716496230032134,-0.44823179497019594,0.10761947680063608,3.1341608886806473,0.4995419191959412,G_md,B_GA00,10,20,0.003,0.02278100150440576,5.740812379110252
4653,0.16233895914819743,0.14350140785980758,1.1312708465326906,-0.45808155070907497,0.10189372245375711,2.952614766547701,0.4994175050104971,G_md,B_GA00,10,20,0.005,0.02278100150440576,5.740812379110252
4653,0.15372774057953204,0.14364326342238046,1.070205012869266,-0.4725819049894435,0.09330509093343864,2.68313407422634,0.49923088373233093,G_md,B_GA00,10,20,0.008,0.02278100150440576,5.740812379110252
4653,0.14798692820042178,0.14378654526083395,1.029212628566659,-0.48254044198700574,0.0875793365865597,2.5054274845699847,0.49910646954688676,G_md,B_GA00,10,20,0.01,0.02278100150440576,5.740812379110252
4672,0.2390735586172473,0.12572527975934777,1.901555192995878,-0.17557082546853442,0.19492628913427895,7.050849530476847,0.3672987509839364,G_md,B_GA00,20,1,0.0,0.09717465753424658,24.488013698630137
4672,0.20234153806930208,0.1258389918302942,1.6079399169231965,-0.24044666008956994,0.1581466480837087,5.448298851715632,0.36769494652083434,G_md,B_GA00,20,1,0.003,0.09717465753424658,24.488013698630137
4672,0.17785352437067192,0.12613407664959583,1.4100354883855397,-0.2826568759891923,0.1336268873833286,4.452118094882445,0.3679590768787663,G_md,B_GA00,20,1,0.005,0.09717465753424658,24.488013698630137
4672,0.14112150382272676,0.1269025597854169,1.1120461562111361,-0.3416858895322179,0.09684724633275843,3.066435723818083,0.3683552724156644,G_md,B_GA00,20,1,0.008,0.09717465753424658,24.488013698630137
4672,0.11663349012409659,0.12762906710399854,0.913847392060445,-0.3784553421272375,0.07232748563237831,2.2131542582019295,0.3686194027735963,G_md,B_GA00,20,1,0.01,0.09717465753424658,24.488013698630137
4668,0.18616503370727938,0.13012926273996356,1.4306162179623791,-0.30001032975304354,0.13768739934418966,4.803823247270781,0.3968540863357364,G_md,B_GA00,20,5,0.0,0.04627249357326478,11.660668380462726
4668,0.16867403113658527,0.1301849443281194,1.2956492934502293,-0.3207283547480989,0.12015023850328121,4.09672518756177,0.39723195333344413,G_md,B_GA00,20,5,0.003,0.04627249357326478,11.660668380462726
4668,0.15701336275612254,0.13032878260939165,1.2047481731392156,-0.33421528669365885,0.10845879794267559,3.641376421798179,0.3974838646652494,G_md,B_GA00,20,5,0.005,0.04627249357326478,11.660668380462726
4668,0.13952236018542846,0.13070391121985814,1.0674688988513648,-0.35396965236246847,0.09092163710176714,2.982219232824462,0.39786173166295713,G_md,B_GA00,20,5,0.008,0.04627249357326478,11.660668380462726
4668,0.12786169180496573,0.13105953483208058,0.9756000734230282,-0.3668284955533052,0.07923019654116148,2.55848614139824,0.39811364299476243,G_md,B_GA00,20,5,0.01,0.04627249357326478,11.660668380462726
4663,0.19335889062612793,0.1341572210321142,1.441285747711204,-0.31487552473435765,0.141204745762044,4.64529886597932,0.42756889761685224,G_md,B_GA00,20,10,0.0,0.030023589963542784,7.565944670812781
4663,0.1820099736199087,0.13421210380524812,1.3561368047998033,-0.3311618543164393,0.1298627675664432,4.2160141451749675,0.4275120120209977,G_md,B_GA00,20,10,0.003,0.030023589963542784,7.565944670812781
4663,0.17444402894909597,0.1343170091539646,1.298748610082098,-0.34181699676778765,0.12230144876937599,3.935038946777448,0.42747408829042804,G_md,B_GA00,20,10,0.005,0.030023589963542784,7.565944670812781
4663,0.1630951119428768,0.13457652290054758,1.2119135524359217,-0.35750172995239216,0.11095947057377523,3.5215919070076547,0.4274172026945735,G_md,B_GA00,20,10,0.008,0.030023589963542784,7.565944670812781
4663,0.155529167272064,0.13481732999264823,1.153628893856192,-0.3677627991749898,0.10339815177670804,3.251392349191144,0.4273792789640039,G_md,B_GA00,20,10,0.01,0.030023589963542784,7.565944670812781
4653,0.16763649011133222,0.13379676724693443,1.2529188377320315,-0.3585304039936956,0.11573029961162318,3.522413826389832,0.4288652269658264,G_md,B_GA00,20,20,0.0,0.02149151085321298,5.415860735009671
4653,0.15951269900881768,0.13381178943182118,1.1920676024595835,-0.3718505633439798,0.10762133014101949,3.245678166372546,0.4287427659939803,G_md,B_GA00,20,20,0.003,0.02149151085321298,5.415860735009671
4653,0.15409683827380802,0.13387130591219493,1.151081908283459,-0.3805874851348334,0.10221535049395036,3.063591698239311,0.4286611253460828,G_md,B_GA00,20,20,0.005,0.02149151085321298,5.415860735009671
4653,0.1459730471712935,0.13403470128474965,1.0890690677273303,-0.3934815018169495,0.09410638102334663,2.794129718380162,0.42853866437423666,G_md,B_GA00,20,20,0.008,0.02149151085321298,5.415860735009671
4653,0.14055718643628387,0.13419290491158276,1.047426363777537,-0.4019385646152247,0.0887004013762775,2.616963888394795,0.4284570237263392,G_md,B_GA00,20,20,0.01,0.02149151085321298,5.415860735009671
4672,0.27814361367810936,0.13636263027214965,2.0397348828120743,-0.245107940516325,0.22487735584998234,8.634617549652392,0.44316738495927144,G_md,C_G_overall,1,1,0.0,0.4336472602739726,109.2791095890411
4672,0.11422494929454767,0.13752926703676246,0.8305501203901176,-0.3666262315724521,0.0607496926609034,2.1834656622621655,0.44490622410204783,G_md,C_G_overall,1,1,0.003,0.4336472602739726,109.2791095890411
4672,0.004945839705506584,0.13885993048972362,0.035617472139470814,-0.594787748384266,-0.04866874946514928,-1.6735440016410474,0.4460654501972318,G_md,C_G_overall,1,1,0.005,0.4336472602739726,109.2791095890411
4672,-0.1589728246780551,0.14165412436814542,-1.1222604734395172,-0.9707179396227975,-0.21279641265422836,-6.851004302227593,0.44780428934000865,G_md,C_G_overall,1,1,0.008,0.4336472602739726,109.2791095890411
4672,-0.26825193426709615,0.1440249659599257,-1.8625377376706764,-0.9960100148960452,-0.3222148547802809,-9.934953245320447,0.4489635154351928,G_md,C_G_overall,1,1,0.01,0.4336472602739726,109.2791095890411
4668,0.14680175891699995,0.13402588949586977,1.0953238920419468,-0.4993812518817654,0.09424040213722498,3.169646124684867,0.4302848003096075,G_md,C_G_overall,1,5,0.0,0.09982862039417309,25.15681233933162
4668,0.10906654040800248,0.13397235545228942,0.8140973564269649,-0.5327728551126919,0.05653901345265969,1.8717247054275228,0.43000785808166475,G_md,C_G_overall,1,5,0.003,0.09982862039417309,25.15681233933162
4668,0.08390972806867088,0.13414787764160524,0.6255017190271726,-0.5538128991746484,0.0314047543296162,1.0278847020841653,0.4298232299297028,G_md,C_G_overall,1,5,0.005,0.09982862039417309,25.15681233933162
4668,0.046174509559673435,0.13472632725792358,0.34272818460549104,-0.5836459563978406,-0.006296634354949174,-0.20237458610918824,0.42954628770176007,G_md,C_G_overall,1,5,0.008,0.09982862039417309,25.15681233933162
4668,0.021017697220341816,0.1353199755406151,0.1553185118189261,-0.6024410955694299,-0.03143089347799272,-0.9973422748741877,0.4293616595497982,G_md,C_G_overall,1,5,0.01,0.09982862039417309,25.15681233933162
4663,0.1460082477894064,0.13806695028985908,1.0575177294991691,-0.4283533484701484,0.09045853172541714,3.343137664611764,0.4554063904663016,G_md,C_G_overall,1,10,0.0,0.04696547287154192,11.835299163628564
4663,0.12825529904396354,0.1380864946206974,0.9288040759978836,-0.4435847829966314,0.07265863528494468,2.6530135573340363,0.4557912759679579,G_md,C_G_overall,1,10,0.003,0.04696547287154192,11.835299163628564
4663,0.11641999988033495,0.13820160210102447,0.8423925490764768,-0.45352525086871187,0.060792037657963045,2.200765009794235,0.4560478663023954,G_md,C_G_overall,1,10,0.005,0.04696547287154192,11.835299163628564
4663,0.09866705113489212,0.13852687128847752,0.7122592910470151,-0.46812199958026623,0.04299214121749056,1.5353861933484658,0.45643275180405163,G_md,C_G_overall,1,10,0.008,0.04696547287154192,11.835299163628564
4663,0.08683175197126354,0.13884489992996663,0.6253866869799429,-0.47764774446499914,0.03112554359050892,1.1010847151265617,0.4566893421384891,G_md,C_G_overall,1,10,0.01,0.04696547287154192,11.835299163628564
4653,0.13753793836267253,0.15211092568379944,0.9041949994346857,-0.4650790598261044,0.06896838081025589,2.0414051386545564,0.5665431922388584,G_md,C_G_overall,1,20,0.0,0.02364066193853428,5.957446808510638
4653,0.12860176814990656,0.15210874980132716,0.8454593724416012,-0.469921696300558,0.060049107962993085,1.77423565148424,0.5664035809049913,G_md,C_G_overall,1,20,0.003,0.02364066193853428,5.957446808510638
4653,0.12264432134139595,0.15215510217057185,0.8060480364562922,-0.4731297806151621,0.05410292606481787,1.596346249907349,0.5663105066824132,G_md,C_G_overall,1,20,0.005,0.02364066193853428,5.957446808510638
4653,0.11370815112862999,0.15229624786592746,0.7466247706163573,-0.47791156125878465,0.04518365321755505,1.3300509601397619,0.5661708953485461,G_md,C_G_overall,1,20,0.008,0.02364066193853428,5.957446808510638
4653,0.10775070432011935,0.15243798660536054,0.7068494324782053,-0.4810792798744663,0.0392374713193799,1.152996632703005,0.566077821125968,G_md,C_G_overall,1,20,0.01,0.02364066193853428,5.957446808510638
4672,0.28044340786845634,0.13549838595032282,2.069717701074861,-0.1852697874179876,0.2282874490571518,9.151942986806196,0.43392986139612405,G_md,C_G_overall,3,1,0.0,0.2688356164383562,67.74657534246576
4672,0.1788235448547577,0.13601054006731506,1.3147771104081598,-0.24886719117804368,0.12651473463584254,4.848989200968871,0.43520156249472053,G_md,C_G_overall,3,1,0.003,0.2688356164383562,67.74657534246576
4672,0.11107696951229196,0.13680435362637594,0.8119403116047929,-0.32643849858203355,0.05866625835496974,2.178468290028133,0.43604936322711796,G_md,C_G_overall,3,1,0.005,0.2688356164383562,67.74657534246576
4672,0.009457106498593328,0.13865810197047215,0.06820449987558073,-0.4539863608071578,-0.043106456066339525,-1.5238812689625454,0.43732106432571466,G_md,C_G_overall,3,1,0.008,0.2688356164383562,67.74657534246576
4672,-0.058289468843872434,0.14032232837847702,-0.4153969615345481,-0.816049936360514,-0.11095493234721242,-3.7932393277932097,0.43816886505811203,G_md,C_G_overall,3,1,0.01,0.2688356164383562,67.74657534246576
4668,0.13816761429546678,0.13864439255404598,0.9965611428648776,-0.35225339167144964,0.08197156594591572,2.769834752974755,0.46003959798046834,G_md,C_G_overall,3,5,0.0,0.09297343616109682,23.429305912596398
4668,0.10302365542657216,0.13856920044939086,0.7434816329491569,-0.3890136454372438,0.046844477090829256,1.5502394447970609,0.45990149441984174,G_md,C_G_overall,3,5,0.003,0.09297343616109682,23.429305912596398
4668,0.07959434951397576,0.13871072785330069,0.5738153836100846,-0.41238265489447756,0.02342641785410498,0.7641647730454677,0.4598094253794241,G_md,C_G_overall,3,5,0.005,0.09297343616109682,23.429305912596398
4668,0.04445039064508116,0.13920933309342554,0.3193061101388211,-0.48894334600883216,-0.011700671000981495,-0.3732617348149945,0.45967132181879733,G_md,C_G_overall,3,5,0.008,0.09297343616109682,23.429305912596398
4668,0.021021084732484766,0.13973102343504756,0.15043963907024693,-0.5450589973431967,-0.03511873023770584,-1.1033749988211878,0.45957925277837947,G_md,C_G_overall,3,5,0.01,0.09297343616109682,23.429305912596398
4663,0.15129289308755178,0.14011424856315635,1.079782353608075,-0.41555222738602315,0.09476034264879198,2.902514124369348,0.46346384038242516,G_md,C_G_overall,3,10,0.0,0.04181857173493459,10.538280077203517
4663,0.1354854729717465,0.14008495212237176,0.9671665008914923,-0.4328620857574801,0.07893571695901995,2.3871678807188474,0.4636048947188154,G_md,C_G_overall,3,10,0.003,0.04181857173493459,10.538280077203517
4663,0.124947192894543,0.14015552299882642,0.8914896125469793,-0.4448624131549884,0.06838596649917199,2.0501635644648135,0.46369893094307557,G_md,C_G_overall,3,10,0.005,0.04181857173493459,10.538280077203517
4663,0.10913977277873771,0.14039626032842698,0.7773695148533771,-0.486620384581229,0.05256134080939998,1.5548019410738554,0.4638399852794658,G_md,C_G_overall,3,10,0.008,0.04181857173493459,10.538280077203517
4663,0.09860149270153419,0.1406463134287704,0.7010599161667357,-0.5137242391917651,0.04201159034955207,1.2314652650892586,0.4639340215037259,G_md,C_G_overall,3,10,0.01,0.04181857173493459,10.538280077203517
4653,0.14346540145155776,0.14282809345079223,1.0044620633473982,-0.44710642482031016,0.08394071753138045,2.5570833878470913,0.49181160924608736,G_md,C_G_overall,3,20,0.0,0.02278100150440576,5.740812379110252
4653,0.13485418288289236,0.14284412851321704,0.9440652849123905,-0.4676500515902001,0.07532680025438926,2.286272392831159,0.491833906820761,G_md,C_G_overall,3,20,0.003,0.02278100150440576,5.740812379110252
4653,0.1291133705037821,0.14290390824186744,0.9034978265622757,-0.4813422671469312,0.06958418873639514,2.1064218710875466,0.49184877187054327,G_md,C_G_overall,3,20,0.005,0.02278100150440576,5.740812379110252
4653,0.12050215193511674,0.1430670892944518,0.8422772318174916,-0.5012475724364206,0.06097027145940393,1.8378848453142773,0.49187106944521686,G_md,C_G_overall,3,20,0.008,0.02278100150440576,5.740812379110252
4653,0.1147613395560065,0.14322475401829973,0.8012674927781236,-0.5141074556986864,0.055227659941409754,1.6598006203163755,0.4918859344949992,G_md,C_G_overall,3,20,0.01,0.02278100150440576,5.740812379110252
4672,0.2760537472986947,0.13105220146676363,2.106441129634172,-0.19463701857549476,0.2278611446662916,8.900314115720898,0.400955324323643,G_md,C_G_overall,5,1,0.0,0.20761986301369864,52.320205479452056
4672,0.19757343907951666,0.13130439907213318,1.5046977898354954,-0.23226817537630928,0.1493164322190418,5.545527193389572,0.40149115797328544,G_md,C_G_overall,5,1,0.003,0.20761986301369864,52.320205479452056
4672,0.14525323360006462,0.13186592283210338,1.10152214067471,-0.29484951022957895,0.09695329058754197,3.478285636894462,0.4018483804063805,G_md,C_G_overall,5,1,0.005,0.20761986301369864,52.320205479452056
4672,0.06677292538088651,0.1332883530694192,0.500965942208843,-0.3996271884431255,0.018408578140292287,0.6265252854370325,0.4023842140560232,G_md,C_G_overall,5,1,0.008,0.20761986301369864,52.320205479452056
4672,0.014452719901434461,0.13461386736916986,0.107364272224635,-0.5120450183996892,-0.03395456349120753,-1.1155332006134417,0.4027414364891181,G_md,C_G_overall,5,1,0.01,0.20761986301369864,52.320205479452056
4668,0.1704854190612828,0.13415273990278323,1.2708306903372146,-0.39001200700307903,0.11869724406798626,4.083366881946748,0.4239552762832058,G_md,C_G_overall,5,5,0.0,0.07969151670951156,20.082262210796916
4668,0.14036202574508744,0.13415669468651095,1.0462543525917711,-0.42289949838619934,0.08848558847511011,2.9761290180380877,0.4246778207231371,G_md,C_G_overall,5,5,0.003,0.07969151670951156,20.082262210796916
4668,0.12027976353429051,0.13433145843046454,0.8953953522104597,-0.44385909760616116,0.06834448474652598,2.2635939797292366,0.4251595170164246,G_md,C_G_overall,5,5,0.005,0.07969151670951156,20.082262210796916
4668,0.09015637021809514,0.13485045644271076,0.6685655547365297,-0.47406496933963505,0.03813282915364975,1.2336200469055454,0.42588206145635615,G_md,C_G_overall,5,5,0.008,0.07969151670951156,20.082262210796916
4668,0.07007410800729826,0.1353661581771109,0.5176634171416347,-0.4937117558456655,0.017991725425065646,0.5728548876253152,0.42636375774964375,G_md,C_G_overall,5,5,0.01,0.07969151670951156,20.082262210796916
4663,0.17521077490441386,0.1398978401791799,1.252419441786989,-0.3774262628632298,0.11904300921472771,3.8887406368318658,0.4604732705353812,G_md,C_G_overall,5,10,0.0,0.04310529701908643,10.86253484880978
4663,0.1589169726311992,0.13992218990077193,1.1357524688821534,-0.3976839088644051,0.10269206438335227,3.3062848706856394,0.46094173532688526,G_md,C_G_overall,5,10,0.003,0.04310529701908643,10.86253484880978
4663,0.1480544377823894,0.14003125692361582,1.0572956426660516,-0.41161383840098975,0.09179143449576856,2.926096449206587,0.461254045187888,G_md,C_G_overall,5,10,0.005,0.04310529701908643,10.86253484880978
4663,0.13176063550917474,0.14033367536952587,0.938909603573222,-0.4342213926240158,0.07544048966439305,2.3684233048331023,0.461722509979392,G_md,C_G_overall,5,10,0.008,0.04310529701908643,10.86253484880978
4663,0.12089810066036497,0.14062736856632305,0.8597053467821002,-0.4488265271077958,0.06453985977680946,2.0052442936283863,0.46203481984039474,G_md,C_G_overall,5,10,0.01,0.04310529701908643,10.86253484880978
4653,0.16087662829613428,0.14682745740297284,1.0956849021406332,-0.4105239995733321,0.09828716769415674,3.1846187968644255,0.5171337554985123,G_md,C_G_overall,5,20,0.0,0.02149151085321298,5.415860735009671
4653,0.15275283719361976,0.1468102398576708,1.0404780847828474,-0.4175546987228025,0.09016414111722364,2.9069157645376986,0.5171274387483553,G_md,C_G_overall,5,20,0.003,0.02149151085321298,5.415860735009671
4653,0.1473369764586101,0.14684388839527332,1.0033579066090208,-0.4222009669768334,0.0847487900659349,2.722701104716829,0.517123227581584,G_md,C_G_overall,5,20,0.005,0.02149151085321298,5.415860735009671
4653,0.1392131853560956,0.1469619895596423,0.9472734124873701,-0.4291095615580166,0.07662576348900177,2.4479969936204617,0.5171169108314271,G_md,C_G_overall,5,20,0.008,0.02149151085321298,5.415860735009671
4653,0.13379732462108593,0.14708572477209214,0.9096554055698032,-0.43367503619680337,0.071210412437713,2.2660713297643236,0.5171126996646558,G_md,C_G_overall,5,20,0.01,0.02149151085321298,5.415860735009671
4672,0.25823971706297916,0.12760890689834478,2.0236809744691016,-0.17464094485842963,0.21297636234225995,8.161168824653407,0.37658441504920065,G_md,C_G_overall,10,1,0.0,0.136986301369863,34.52054794520548
4672,0.20645889514517096,0.12773282364269578,1.6163339168223034,-0.21474753139172142,0.1611180700567005,5.839442472373989,0.377228957047982,G_md,C_G_overall,10,1,0.003,0.136986301369863,34.52054794520548
4672,0.1719383471999655,0.1281064538673664,1.3421521087296662,-0.2516044577909511,0.12654587519966085,4.418448551069559,0.3776586517138361,G_md,C_G_overall,10,1,0.005,0.136986301369863,34.52054794520548
4672,0.12015752528215728,0.1290983743768025,0.9307439064372001,-0.32922260728017727,0.07468758291410134,2.4664488392655413,0.3783031937126175,G_md,C_G_overall,10,1,0.008,0.136986301369863,34.52054794520548
4672,0.0856369773369518,0.13004218535669834,0.6585322839819588,-0.3815983114071193,0.04011538805706178,1.2769482733477424,0.3787328883784718,G_md,C_G_overall,10,1,0.01,0.136986301369863,34.52054794520548
4668,0.15527231658836407,0.1323740501556451,1.1729815353220308,-0.33542960827466095,0.10498049904952622,3.633124906900467,0.4117055949977465,G_md,C_G_overall,10,5,0.0,0.0664095972579263,16.73521850899743
4668,0.13016948882486798,0.13244064288890375,0.9828515324714869,-0.36181015088629087,0.07980756102894106,2.6969716655321405,0.4122795409500476,G_md,C_G_overall,10,5,0.003,0.0664095972579263,16.73521850899743
4668,0.11343427031587053,0.13263238045850523,0.8552532188876688,-0.3788338036054938,0.06302560234855097,2.096001171282416,0.4126621715849152,G_md,C_G_overall,10,5,0.005,0.0664095972579263,16.73521850899743
4668,0.08833144255237438,0.13313972729303394,0.6634491774041361,-0.40372037989446863,0.037852664327965746,1.2287549907675657,0.4132361175372164,G_md,C_G_overall,10,5,0.008,0.0664095972579263,16.73521850899743
4668,0.07159622404337697,0.13362315434271954,0.535807019341464,-0.4202362701721962,0.02107070564757566,0.6729970055275986,0.4136187481720839,G_md,C_G_overall,10,5,0.01,0.0664095972579263,16.73521850899743
4663,0.1978276050092549,0.13574866528289614,1.457307919727889,-0.3314323095213443,0.14493355223632284,4.599453304269625,0.43363479342913447,G_md,C_G_overall,10,10,0.0,0.03774394166845379,9.511473300450355
4663,0.18356039505857938,0.13579878422061678,1.351708677747584,-0.35123854767732043,0.13063519235609755,4.080838065724758,0.4338901660571993,G_md,C_G_overall,10,10,0.003,0.03774394166845379,9.511473300450355
4663,0.174048921758129,0.13591640445131536,1.2805586085119884,-0.36413164009330523,0.1211029524359474,3.7429215315612194,0.43406041447590926,G_md,C_G_overall,10,10,0.005,0.03774394166845379,9.511473300450355
4663,0.1597817118074535,0.13621870994394047,1.1729791881982308,-0.38301578434101213,0.10680459255572217,3.24793886778447,0.4343157871039742,G_md,C_G_overall,10,10,0.008,0.03774394166845379,9.511473300450355
4663,0.15027023850700313,0.13650373006639518,1.1008507857910692,-0.39530789209182526,0.09727235263557199,2.925929019358569,0.43448603552268417,G_md,C_G_overall,10,10,0.01,0.03774394166845379,9.511473300450355
4653,0.17337322805448896,0.14178340797205696,1.2228033627789352,-0.40616737928854807,0.11493616134921235,3.4151996555695647,0.48282537467117836,G_md,C_G_overall,10,20,0.0,0.02149151085321298,5.415860735009671
4653,0.16524943695197442,0.1417699183793635,1.1656170705394768,-0.4167805140978108,0.10681918123352686,3.1510043629381723,0.4827691001616417,G_md,C_G_overall,10,20,0.003,0.02149151085321298,5.415860735009671
4653,0.15983357621696478,0.14180765584734292,1.1271152834585103,-0.42375903514657964,0.10140786115640324,2.976522568793774,0.4827315838219505,G_md,C_G_overall,10,20,0.005,0.02149151085321298,5.415860735009671
4653,0.15170978511445027,0.1419342832957527,1.0688734362953598,-0.4341226299059683,0.09329088104071775,2.7174000813175856,0.48267530931241376,G_md,C_G_overall,10,20,0.008,0.02149151085321298,5.415860735009671
4653,0.14629392437944058,0.14206528533998952,1.0297654633173132,-0.4414718995381426,0.08787956096359412,2.5464536672949953,0.4826377929727226,G_md,C_G_overall,10,20,0.01,0.02149151085321298,5.415860735009671
4672,0.22901972894803585,0.12880361063733592,1.7780536416240071,-0.1728740104503813,0.18283055017466926,6.895205037754723,0.3842871342015013,G_md,C_G_overall,20,1,0.0,0.09375,23.625
4672,0.19358222894803587,0.1289525452719337,1.5011896705087275,-0.21170308409690075,0.14728068175745918,5.261878411108527,0.38522202280898804,G_md,C_G_overall,20,1,0.003,0.09375,23.625
4672,0.16995722894803583,0.1292589970862823,1.3148580197832331,-0.23660177030901142,0.1235807694793192,4.258028272113525,0.3858452818806457,G_md,C_G_overall,20,1,0.005,0.09375,23.625
4672,0.13451972894803585,0.1300264884390106,1.0345563474255697,-0.27609459013379267,0.08803090106210924,2.873352213827543,0.3867801704881325,G_md,C_G_overall,20,1,0.008,0.09375,23.625
4672,0.11089472894803586,0.1307405476156634,0.8482045621686696,-0.31709471925368593,0.06433098878396926,2.0261079083726923,0.38740342955979035,G_md,C_G_overall,20,1,0.01,0.09375,23.625
4668,0.17955760934281154,0.13336581691588292,1.3463540620462204,-0.2421264993200779,0.1285215117452823,4.336445478033198,0.41779851983928423,G_md,C_G_overall,20,5,0.0,0.04670094258783205,11.768637532133676
4668,0.16190465304461102,0.13344257796868805,1.2132908064965708,-0.26236499839881067,0.11086353735002158,3.6633055830549575,0.4178395996557844,G_md,C_G_overall,20,5,0.003,0.04670094258783205,11.768637532133676
4668,0.1501360155124773,0.1335987607148874,1.1237829955090823,-0.2755725803979895,0.09909155441984772,3.2287063786828774,0.41786698620011775,G_md,C_G_overall,20,5,0.005,0.04670094258783205,11.768637532133676
4668,0.1324830592142768,0.13398981349393033,0.9887547102248803,-0.2949658762293037,0.08143358002458691,2.597824548103958,0.417908066016618,G_md,C_G_overall,20,5,0.008,0.04670094258783205,11.768637532133676
4668,0.12071442168214311,0.1343543246219731,0.8984781250755568,-0.308086952631872,0.069661597094413,2.1910607633171657,0.4179354525609514,G_md,C_G_overall,20,5,0.01,0.04670094258783205,11.768637532133676
4663,0.1897954174532317,0.1372217343864097,1.3831294167932398,-0.28644923010293155,0.13528161681223563,4.546740023950846,0.44691377273500105,G_md,C_G_overall,20,10,0.0,0.030881406819644006,7.78211451855029
4663,0.17812224567540624,0.1373038592151318,1.2972850631701398,-0.29922393158779925,0.12358944873950274,4.099388990702733,0.4470695077181661,G_md,C_G_overall,20,10,0.003,0.030881406819644006,7.78211451855029
4663,0.17034013115685595,0.13742721173132727,1.2394934672026532,-0.3076235604156037,0.11579467002434746,3.8067220417228653,0.44717333104027607,G_md,C_G_overall,20,10,0.005,0.030881406819644006,7.78211451855029
4663,0.15866695937903053,0.1377147757632696,1.1521418707588615,-0.3200500779076646,0.10410250195161455,3.3762225517063804,0.4473290660234411,G_md,C_G_overall,20,10,0.008,0.030881406819644006,7.78211451855029
4663,0.15088484486048023,0.1379745095311331,1.0935704382876172,-0.32822048438308526,0.09630772323645931,3.0949547970130413,0.44743288934555114,G_md,C_G_overall,20,10,0.01,0.030881406819644006,7.78211451855029
4653,0.16292664995202108,0.14065485605554462,1.1583435831584894,-0.3903630046326142,0.10523838875348138,3.194883029888145,0.4766385087018534,G_md,C_G_overall,20,20,0.0,0.02106168063614872,5.307543520309477
4653,0.1549653346715569,0.14067517807229482,1.1015826444656653,-0.40660136251786094,0.09726814288448307,2.923626619012049,0.4767122960255183,G_md,C_G_overall,20,20,0.003,0.02106168063614872,5.307543520309477
4653,0.14965779115124744,0.14073489039562032,1.0634021935182096,-0.41719905044623096,0.09195464563848421,2.745366392245716,0.4767614875746281,G_md,C_G_overall,20,20,0.005,0.02106168063614872,5.307543520309477
4653,0.1416964758707832,0.14089358795909632,1.005698541170802,-0.43280030650395496,0.0839843997694859,2.4819047948817787,0.47683527489829297,G_md,C_G_overall,20,20,0.008,0.02106168063614872,5.307543520309477
4653,0.1363889323504737,0.14104535139481197,0.966986369998795,-0.44351457026901664,0.07867090252348705,2.308912729789443,0.47688446644740284,G_md,C_G_overall,20,20,0.01,0.02106168063614872,5.307543520309477
4672,0.29879971701301566,0.13225911234318122,2.259199473815467,-0.15591414973362172,0.24858938182706036,9.483058275742355,0.41774256066733745,G_md,D_D_macro,1,1,0.0,0.4685359589041096,118.07106164383562
4672,0.12169312454726222,0.13333786122158514,0.9126674406830981,-0.2698267654498808,0.07141846359587499,2.621891192537732,0.4182777415194251,G_md,D_D_macro,1,1,0.003,0.4685359589041096,118.07106164383562
4672,0.003622062903426625,0.13463618912003927,0.026902595261347282,-0.6591722375566154,-0.04669548189158198,-1.6649631764628965,0.41863452875415014,G_md,D_D_macro,1,1,0.005,0.4685359589041096,118.07106164383562
4672,-0.1734845295623268,0.13741959663849757,-1.2624438857778293,-0.9768687055354861,-0.22386640012276732,-7.609212728213909,0.41916970960623834,G_md,D_D_macro,1,1,0.008,0.4685359589041096,118.07106164383562
4672,-0.29155559120616237,0.13980659324233455,-2.0854208978598945,-0.9972163719304278,-0.3419803456102241,-11.236462557895246,0.4195264968409633,G_md,D_D_macro,1,1,0.01,0.4685359589041096,118.07106164383562
4668,0.15537461744725684,0.13289237451664707,1.1691763204050019,-0.36694835740355725,0.10406145539436883,3.775378296622271,0.4200666618955571,G_md,D_D_macro,1,5,0.0,0.09832904884318766,24.77892030848329
4668,0.11820623698453189,0.1328513153815021,0.8897633918421154,-0.4091717719414488,0.06696620419135713,2.3939111645361195,0.41946800138067875,G_md,D_D_macro,1,5,0.003,0.09832904884318766,24.77892030848329
4668,0.0934273166760486,0.13303407800681674,0.7022810852363809,-0.43577679560250915,0.04223603672268263,1.4934565576344596,0.4190688943707599,G_md,D_D_macro,1,5,0.005,0.09832904884318766,24.77892030848329
4668,0.056258936213323674,0.13362170053844794,0.42103143416541006,-0.47350061756408834,0.00514078551967085,0.17856320353192354,0.4184702338558816,G_md,D_D_macro,1,5,0.008,0.09832904884318766,24.77892030848329
4668,0.031480015904840376,0.1342202997580545,0.23453990165113817,-0.49726707225973665,-0.019589381949003618,-0.6717916412799447,0.4180711268459627,G_md,D_D_macro,1,5,0.01,0.09832904884318766,24.77892030848329
4663,0.11317742045463443,0.14026346954050564,0.8068916363283797,-0.4456516982987566,0.0558778152902687,2.067107083177851,0.46975229059657,G_md,D_D_macro,1,10,0.0,0.04717992708556723,11.889341625562942
4663,0.09534340801628999,0.1402896395886483,0.6796183117716472,-0.46043329990763116,0.037995631199317786,1.3919138906683566,0.4701472103187708,G_md,D_D_macro,1,10,0.003,0.04717992708556723,11.889341625562942
4663,0.08345406639072707,0.14040799402008164,0.5943683404435732,-0.4700800381465001,0.026074175138683837,0.9484518825345816,0.4704104901335715,G_md,D_D_macro,1,10,0.005,0.04717992708556723,11.889341625562942
4663,0.06562005395238264,0.1407363781076598,0.4662622048024069,-0.48424524052564155,0.008191991047732876,0.29460406660706956,0.4708054098557724,G_md,D_D_macro,1,10,0.008,0.04717992708556723,11.889341625562942
4663,0.053730712326819696,0.1410553228282799,0.38091942402082357,-0.50469538886427,-0.003729465012901065,-0.13303793625159405,0.4710686896705729,G_md,D_D_macro,1,10,0.01,0.04717992708556723,11.889341625562942
4653,0.10894235806739713,0.1479853391349437,0.7361699388887143,-0.5652073872814822,0.044259034307006534,1.3382252744959557,0.534433909680955,G_md,D_D_macro,1,20,0.0,0.02278100150440576,5.740812379110252
4653,0.10033113949873174,0.14798269405115097,0.677992383785443,-0.5691282996540067,0.035657394466451574,1.0785563166639054,0.5343547672248132,G_md,D_D_macro,1,20,0.003,0.02278100150440576,5.740812379110252
4653,0.0945903271196215,0.1480283213576471,0.6390015522170548,-0.5717258368000309,0.029922967906081583,0.9051617560233783,0.5343020055873854,G_md,D_D_macro,1,20,0.005,0.02278100150440576,5.740812379110252
4653,0.0859791085509561,0.14816776079899918,0.5802821618367663,-0.575597667756518,0.0213213280655266,0.6448440782160069,0.5342228631312436,G_md,D_D_macro,1,20,0.008,0.02278100150440576,5.740812379110252
4653,0.08023829617184586,0.14830794890980034,0.5410249198486733,-0.5781626485318225,0.015586901505156665,0.47126363580745045,0.5341701014938156,G_md,D_D_macro,1,20,0.01,0.02278100150440576,5.740812379110252
4672,0.3226197973689217,0.12816917035859024,2.517140404875055,-0.16785047865892,0.2762522715027179,10.24216936462604,0.3857709556293699,G_md,D_D_macro,3,1,0.0,0.2985873287671233,75.24400684931507
4672,0.2097537870949491,0.12900081019004658,1.6259881374848395,-0.21293274291159092,0.16319735027139695,5.8099565641292825,0.3873426668471618,G_md,D_D_macro,3,1,0.003,0.2985873287671233,75.24400684931507
4672,0.134509780245634,0.13006060853574147,1.0342084491221637,-0.24165777770686148,0.08782740278384948,3.0380242300914664,0.38839047432568957,G_md,D_D_macro,3,1,0.005,0.2985873287671233,75.24400684931507
4672,0.02164376997166141,0.13238409150047128,0.16349222724835002,-0.5437593179946139,-0.025227518447471516,-0.834235022317073,0.3899621855434815,G_md,D_D_macro,3,1,0.008,0.2985873287671233,75.24400684931507
4672,-0.053600236877653674,0.13440253918371442,-0.3988037517980793,-0.8433491645630871,-0.10059746593501886,-3.225513422194461,0.39100999302200934,G_md,D_D_macro,3,1,0.01,0.2985873287671233,75.24400684931507
4668,0.1469745256277026,0.13515912760747617,1.0874184247070628,-0.4009540083767569,0.09410655883572679,3.298317183598587,0.4327948121501613,G_md,D_D_macro,3,5,0.0,0.09490145672664953,23.91516709511568
4668,0.11110177498502909,0.13516030816165797,0.8220000124011722,-0.442544695488873,0.05822284528424139,1.9973694537190083,0.4328845581787631,G_md,D_D_macro,3,5,0.003,0.09490145672664953,23.91516709511568
4668,0.08718660788991339,0.13536117318413038,0.6441035183059057,-0.46868682922153715,0.034300369583251146,1.1590838354181612,0.43294438886449765,G_md,D_D_macro,3,5,0.005,0.09490145672664953,23.91516709511568
4668,0.05131385724723987,0.13596081416839637,0.3774165193191937,-0.5056640675071872,-0.0015833439682342132,-0.05225461287251846,0.4330341348930996,G_md,D_D_macro,3,5,0.008,0.09490145672664953,23.91516709511568
4668,0.02739869015212419,0.13655743259633357,0.20063858576717133,-0.5289029480978991,-0.025505819669224446,-0.8281116326967368,0.43309396557883434,G_md,D_D_macro,3,5,0.01,0.09490145672664953,23.91516709511568
4663,0.1415966500796159,0.13794244730448177,1.0264907781943884,-0.4338713796458493,0.08715089784119762,2.592450040751795,0.44635589990340635,G_md,D_D_macro,3,10,0.0,0.042461934377010506,10.700407463006648
4663,0.12554603888510593,0.13793810637034154,0.910162116826768,-0.448967721374267,0.07108379030941035,2.093264115852058,0.4464911397920619,G_md,D_D_macro,3,10,0.003,0.042461934377010506,10.700407463006648
4663,0.11484563142209929,0.13802805300348728,0.8320455800329063,-0.4595327171241954,0.06037238528821891,1.765499365710622,0.44658129971783234,G_md,D_D_macro,3,10,0.005,0.042461934377010506,10.700407463006648
4663,0.09879502022758932,0.13830187155617615,0.7143433354584813,-0.4771364273761496,0.04430527775643169,1.2817600449276791,0.44671653960648794,G_md,D_D_macro,3,10,0.008,0.042461934377010506,10.700407463006648
4663,0.08809461276458266,0.13857658939753603,0.635710643100508,-0.4905905217490766,0.03359387273524025,0.9647256270968382,0.4468066995322583,G_md,D_D_macro,3,10,0.01,0.042461934377010506,10.700407463006648
4653,0.1658113399475797,0.1372783843393803,1.2078474025281365,-0.4036971766705777,0.11179545079564035,3.522700626765351,0.4462962189651971,G_md,D_D_macro,3,20,0.0,0.02407049215559854,6.065764023210832
4653,0.1567126939127635,0.1372691942799509,1.1416450335765715,-0.41259728348193925,0.10269198061665541,3.2228838642685367,0.44633607755747495,G_md,D_D_macro,3,20,0.003,0.02407049215559854,6.065764023210832
4653,0.15064692988955267,0.13731697710928947,1.0970743243907415,-0.4184640809990551,0.09662300049733218,3.0237470365195986,0.44636264995232666,G_md,D_D_macro,3,20,0.005,0.02407049215559854,6.065764023210832
4653,0.1415482838547364,0.13746940322666532,1.0296711888779038,-0.427165430769464,0.08751953031834724,2.726381773385337,0.4464025085446046,G_md,D_D_macro,3,20,0.008,0.02407049215559854,6.065764023210832
4653,0.13548251983152557,0.1376247160968762,0.9844345091048712,-0.4329010481988421,0.08145055019902397,2.5291600504052734,0.44642908093945644,G_md,D_D_macro,3,20,0.01,0.02407049215559854,6.065764023210832
4672,0.308344220285083,0.1274624795801154,2.4190979282752463,-0.14780791386412884,0.26298293525414773,10.06538598752758,0.377399180742459,G_md,D_D_macro,5,1,0.0,0.2363013698630137,59.54794520547945
4672,0.21902230247686374,0.1277581528097896,1.7143508861070584,-0.20951097442884448,0.17361293841420022,6.405554363828239,0.37779919117366284,G_md,D_D_macro,5,1,0.003,0.2363013698630137,59.54794520547945
4672,0.15947435727138431,0.12839847973724344,1.2420268339448803,-0.2651367137935643,0.11403294052090185,4.096439832384852,0.37806586479446513,G_md,D_D_macro,5,1,0.005,0.2363013698630137,59.54794520547945
4672,0.07015243946316513,0.13001069055494777,0.5395897765308453,-0.3466491593871056,0.024662943680954313,0.8490048000452834,0.3784658752256691,G_md,D_D_macro,5,1,0.008,0.2363013698630137,59.54794520547945
4672,0.010604494257685664,0.13150755015876736,0.08063791200492289,-0.6114166278071029,-0.03491705421234406,-1.1668259073863991,0.37873254884647156,G_md,D_D_macro,5,1,0.01,0.2363013698630137,59.54794520547945
4668,0.15882042995778156,0.1355546202809716,1.171634206407614,-0.3598504301423291,0.10575928705652256,3.7566573963029777,0.43437621622151656,G_md,D_D_macro,5,5,0.0,0.08718937446443874,21.971722365038563
4668,0.1258628464102237,0.13556071844083398,0.9284610457796966,-0.40163093945593564,0.07281778698636313,2.542077587549949,0.43424455151031716,G_md,D_D_macro,5,5,0.003,0.08718937446443874,21.971722365038563
4668,0.10389112404518512,0.1357496275683033,0.7653142473110037,-0.42799066088033455,0.050856786939590205,1.7537660031786404,0.43415677503618405,G_md,D_D_macro,5,5,0.005,0.08718937446443874,21.971722365038563
4668,0.0709335404976273,0.13630871975948708,0.5203888689057278,-0.46541432222437507,0.01791528686943074,0.6059588737035686,0.4340251103249847,G_md,D_D_macro,5,5,0.008,0.08718937446443874,21.971722365038563
4668,0.04896181813258874,0.13686351478187614,0.3577419315193008,-0.4890219966153254,-0.004045713177342208,-0.13501045911253406,0.4339373338508517,G_md,D_D_macro,5,5,0.01,0.08718937446443874,21.971722365038563
4663,0.14993045996833593,0.1410316515090294,1.0630979525807849,-0.38419396013915297,0.09284377462858207,2.899296387933797,0.4680067362417374,G_md,D_D_macro,5,10,0.0,0.04331975123311173,10.916577310744156
4663,0.1335555940022197,0.14105856716577597,0.9468095181008145,-0.40066858141224804,0.076471882809012,2.359391912795142,0.4679823536626846,G_md,D_D_macro,5,10,0.003,0.04331975123311173,10.916577310744156
4663,0.12263901669147553,0.1411690331424083,0.8687388017155285,-0.412194745430158,0.06555728826263191,2.0058343863019075,0.46796609860998284,G_md,D_D_macro,5,10,0.005,0.04331975123311173,10.916577310744156
4663,0.1062641507253593,0.1414730819533063,0.751126286769042,-0.431391408641264,0.04918539644306181,1.4855735808310981,0.4679417160309301,G_md,D_D_macro,5,10,0.008,0.04331975123311173,10.916577310744156
4663,0.09534757341461514,0.1417675528292904,0.672562737465237,-0.44605586144659115,0.03827080189668175,1.1456981805648578,0.4679254609782283,G_md,D_D_macro,5,10,0.01,0.04331975123311173,10.916577310744156
4653,0.1816217263176618,0.13571741025492337,1.3382345417328152,-0.3548170219384862,0.1289656940535148,4.08665966245018,0.4350606548213133,G_md,D_D_macro,5,20,0.0,0.0223511712873415,5.6324951644100585
4653,0.17317298357104668,0.13570893098642003,1.276061806045584,-0.3625153443380872,0.12052998330581847,3.8115021888570877,0.4349529803585891,G_md,D_D_macro,5,20,0.003,0.0223511712873415,5.6324951644100585
4653,0.1675404884066366,0.13575400208935284,1.2341476923557806,-0.3676027956471001,0.1149061761406876,3.628006653614459,0.43488119738343967,G_md,D_D_macro,5,20,0.005,0.0223511712873415,5.6324951644100585
4653,0.15909174566002154,0.13589759372961532,1.17067374994552,-0.37516736302228415,0.1064704653929913,3.352891068564624,0.43477352292071564,G_md,D_D_macro,5,20,0.008,0.0223511712873415,5.6324951644100585
4653,0.1534592504956115,0.13604385339048544,1.1280131124714528,-0.38016631217276664,0.1008466582278604,3.1696886949542225,0.43470173994556616,G_md,D_D_macro,5,20,0.01,0.0223511712873415,5.6324951644100585
4672,0.3009973158479767,0.12794265664083226,2.3525954810595584,-0.14971594502373875,0.2555768664501018,8.796791354656529,0.37789141952266553,G_md,D_D_macro,10,1,0.0,0.15496575342465754,39.051369863013704
4672,0.24242026105345618,0.12805709793280956,1.8930638361073273,-0.2016241682809451,0.19697466339910896,6.541244147018935,0.3781006492961008,G_md,D_D_macro,10,1,0.003,0.15496575342465754,39.051369863013704
4672,0.20336889119044246,0.12845492847839082,1.583192592136735,-0.23449718687171806,0.1579065280317802,5.112131113896433,0.3782401358117243,G_md,D_D_macro,10,1,0.005,0.15496575342465754,39.051369863013704
4672,0.14479183639592189,0.12952805358676234,1.1178415207091439,-0.28134313068209693,0.09930432498078742,3.0890879362983825,0.37844936558515957,G_md,D_D_macro,10,1,0.008,0.15496575342465754,39.051369863013704
4672,0.10574046653290821,0.13055496556626545,0.8099306378296106,-0.3134319577088124,0.06023618961345886,1.8229650834931432,0.37858885210078297,G_md,D_D_macro,10,1,0.01,0.15496575342465754,39.051369863013704
4668,0.18079364315897967,0.1352930132146364,1.3363117493152328,-0.23300846771132266,0.1281814097601064,4.35608200375505,0.4307012932852534,G_md,D_D_macro,10,5,0.0,0.06812339331619537,17.16709511568123
4668,0.15504300048545777,0.1353204388720629,1.1457471005694961,-0.26235504312109226,0.10245862516609593,3.424853001407216,0.4304732377533196,G_md,D_D_macro,10,5,0.003,0.06812339331619537,17.16709511568123
4668,0.13787590536977656,0.13548642594916402,1.017636301229978,-0.28131633720981075,0.08531010210342233,2.8188618870499886,0.4303212007320304,G_md,D_D_macro,10,5,0.005,0.06812339331619537,17.16709511568123
4668,0.11212526269625471,0.13595587955104468,0.8247180119500257,-0.30888217805155316,0.05958731750941183,1.9336685977348829,0.4300931452000966,G_md,D_D_macro,10,5,0.008,0.06812339331619537,17.16709511568123
4668,0.09495816758057349,0.13641465036879555,0.6960994828917209,-0.3319201788598587,0.04243879444673819,1.3601047719794075,0.42994110817880743,G_md,D_D_macro,10,5,0.01,0.06812339331619537,17.16709511568123
4663,0.17848674134855083,0.14186513691303745,1.258143792283246,-0.3655062178560984,0.12078947429635858,3.746348405687419,0.47301239303800224,G_md,D_D_macro,10,10,0.0,0.03774394166845379,9.511473300450355
4663,0.16421953139787532,0.1419557315550425,1.156836216466541,-0.382478446639014,0.10646661709152352,3.2633153703268247,0.47346859906301536,G_md,D_D_macro,10,10,0.003,0.03774394166845379,9.511473300450355
4663,0.15470805809742494,0.14209664872195815,1.088752335040242,-0.39355406739199217,0.09691804562163348,2.9466414861437813,0.4737727364130241,G_md,D_D_macro,10,10,0.005,0.03774394166845379,9.511473300450355
4663,0.14044084814674943,0.14242832758300572,0.9860457573996438,-0.4098163150404388,0.08259518841679846,2.4800119997297876,0.47422894243803715,G_md,D_D_macro,10,10,0.008,0.03774394166845379,9.511473300450355
4663,0.13092937484629907,0.14272921402028477,0.9173270920394146,-0.42042804972233194,0.07304661694690834,2.1746895333864344,0.474533079788046,G_md,D_D_macro,10,10,0.01,0.03774394166845379,9.511473300450355
4653,0.1751883172962329,0.1467613667919798,1.1936950515359104,-0.3714581570393265,0.113375359175605,3.3528712034804125,0.5107180484374167,G_md,D_D_macro,10,20,0.0,0.02149151085321298,5.415860735009671
4653,0.1670645261937184,0.1467315421628356,1.1385726867664092,-0.38449737204491385,0.10526529088864306,3.09487858682443,0.5106046662309809,G_md,D_D_macro,10,20,0.003,0.02149151085321298,5.415860735009671
4653,0.1616486654587087,0.14675681051630943,1.1014730075558865,-0.3930501525050374,0.09985857869733504,2.9240940182287956,0.5105290780933569,G_md,D_D_macro,10,20,0.005,0.02149151085321298,5.415860735009671
4653,0.1535248743561942,0.14686239359479952,1.0453654648975474,-0.40567261117386944,0.09174851041037302,2.669872025502532,0.510415695886921,G_md,D_D_macro,10,20,0.008,0.02149151085321298,5.415860735009671
4653,0.14810901362118453,0.1469778270497164,1.0076963076279901,-0.4139516928892619,0.08634179821906504,2.501770313252637,0.510340107749297,G_md,D_D_macro,10,20,0.01,0.02149151085321298,5.415860735009671
4672,0.26534015827954965,0.1312857028301302,2.0210895212471973,-0.1779071239943406,0.21722420883360996,7.2127792893609275,0.4003175811522832,G_md,D_D_macro,20,1,0.0,0.1035958904109589,26.106164383561644
4672,0.2261809117042072,0.13124569432148203,1.7233396712442584,-0.2234539635239149,0.1781645506076472,5.7600252925826565,0.39948902081847076,G_md,D_D_macro,20,1,0.003,0.1035958904109589,26.106164383561644
4672,0.20007474732064554,0.1314417995123956,1.5221546575203235,-0.2524433598836785,0.1521247784570054,4.822515854157776,0.3989366472625957,G_md,D_D_macro,20,1,0.005,0.1035958904109589,26.106164383561644
4672,0.16091550074530306,0.1320681388227942,1.2184278674602627,-0.29469771088583185,0.11306512023104254,3.472244182781509,0.3981080869287836,G_md,D_D_macro,20,1,0.008,0.1035958904109589,26.106164383561644
4672,0.13480933636174144,0.13270471388915064,1.0158594401880012,-0.32851233045920736,0.08702534808040069,2.613250885795521,0.39755571337290846,G_md,D_D_macro,20,1,0.01,0.1035958904109589,26.106164383561644
4668,0.19151704589939472,0.13492082583742881,1.4194772727685558,-0.28604070751386856,0.1393727035023404,4.410058751922959,0.42687098146267505,G_md,D_D_macro,20,5,0.0,0.04755784061696658,11.984575835475578
4668,0.17354018214618136,0.13500823103349288,1.2854044588076226,-0.3009268382770873,0.12144078169074284,3.7707258817016034,0.4265030717366249,G_md,D_D_macro,20,5,0.003,0.04755784061696658,11.984575835475578
4668,0.16155560631070578,0.13517208994823937,1.1951846447929402,-0.31069025048489063,0.10948616714967778,3.3558851859436207,0.42625779858592483,G_md,D_D_macro,20,5,0.005,0.04755784061696658,11.984575835475578
4668,0.14357874255749237,0.13557549579987344,1.0590316613662454,-0.33606692278806016,0.09155424533808013,2.7512157025651165,0.42588988885987467,G_md,D_D_macro,20,5,0.008,0.04755784061696658,11.984575835475578
4668,0.13159416672201682,0.13594878381609385,0.9679686940048852,-0.3532021053869906,0.07959963079701507,2.360028148574217,0.42564461570917467,G_md,D_D_macro,20,5,0.01,0.04755784061696658,11.984575835475578
4663,0.19201734530363027,0.14047996747091698,1.3668663850123888,-0.31139305120127736,0.13506516736138402,4.384535861027824,0.46690402082336513,G_md,D_D_macro,20,10,0.0,0.03131031524769462,7.8901994424190445
4663,0.1801820461400017,0.1405893251092809,1.2816196820060495,-0.3176016242589129,0.12316233550794868,3.9506655856677075,0.46745766575051423,G_md,D_D_macro,20,10,0.003,0.03131031524769462,7.8901994424190445
4663,0.17229184669758263,0.14073010233442365,1.224271451804656,-0.32443776892981446,0.1152271142723251,3.665847759394942,0.46782676236861365,G_md,D_D_macro,20,10,0.005,0.03131031524769462,7.8901994424190445
4663,0.16045654753395408,0.14104266990569544,1.1376454206463849,-0.33857213441363265,0.10332428241888976,3.2456780043739837,0.4683804072957627,G_md,D_D_macro,20,10,0.008,0.03131031524769462,7.8901994424190445
4663,0.15256634809153505,0.14131830056240244,1.0795937078521955,-0.34784195331883805,0.09538906118326614,2.9704767853657708,0.46874950391386205,G_md,D_D_macro,20,10,0.01,0.03131031524769462,7.8901994424190445
4653,0.18797372158619124,0.1442510550635926,1.3031011905134675,-0.3323921364219454,0.12781985180578326,3.8198353189181953,0.49701014017570866,G_md,D_D_macro,20,20,0.0,0.017623038899634645,4.441005802707931
4653,0.18131221288212934,0.1442077114102481,1.257299010635602,-0.3442726210917717,0.12117370325715934,3.595814585830713,0.49688322975356625,G_md,D_D_macro,20,20,0.003,0.017623038899634645,4.441005802707931
4653,0.1768712070794214,0.1442166356262088,1.2264272170226542,-0.352084937595877,0.11674293755807676,3.447737359180442,0.4967986228054712,G_md,D_D_macro,20,20,0.005,0.017623038899634645,4.441005802707931
4653,0.17020969837535954,0.14428673789231192,1.1796628079733509,-0.3636435456418531,0.1100967890094528,3.227622321969677,0.49667171238332886,G_md,D_D_macro,20,20,0.008,0.017623038899634645,4.441005802707931
4653,0.1657686925726516,0.14437124052522665,1.1482113194399413,-0.371461166713865,0.1056660233103702,3.082264589371152,0.49658710543523377,G_md,D_D_macro,20,20,0.01,0.017623038899634645,4.441005802707931
4672,0.2842017185723058,0.13537424622063768,2.0993780316907835,-0.26581349894908735,0.23189344514841878,9.770374152750472,0.4351970964394986,G_md,E_0.7GA+0.3D,1,1,0.0,0.4383561643835616,110.46575342465752
4672,0.11850308843531951,0.13641657855939984,0.8686853877054228,-0.36867975968845357,0.06603292585280443,2.6166266722310545,0.4365439902895226,G_md,E_0.7GA+0.3D,1,1,0.003,0.4383561643835616,110.46575342465752
4672,0.008037335010661978,0.1376716614982883,0.05838046060598977,-0.5659031070858975,-0.04454075367760521,-1.690714683227456,0.43744191952287204,G_md,E_0.7GA+0.3D,1,1,0.005,0.4383561643835616,110.46575342465752
4672,-0.15766129512632432,0.14036452698310667,-1.1232274885612616,-0.9698622696714357,-0.21040127297321973,-7.476223471982207,0.4387888133728968,G_md,E_0.7GA+0.3D,1,1,0.008,0.4383561643835616,110.46575342465752
4672,-0.26812704855098185,0.14267614505819673,-1.8792703464311744,-0.9958922810999571,-0.32097495250362934,-10.910379216166929,0.4396867426062461,G_md,E_0.7GA+0.3D,1,1,0.01,0.4383561643835616,110.46575342465752
4668,0.16305676214827547,0.13333088476851018,1.222948174621173,-0.47559938211032204,0.11116878624389803,3.877207864730369,0.42477227983345806,G_md,E_0.7GA+0.3D,1,5,0.0,0.09961439588688946,25.102827763496144
4668,0.12540252050303125,0.13320145696856747,0.9414500663654406,-0.5120155696958975,0.07361858638029026,2.5263814901955377,0.42392055910214466,G_md,E_0.7GA+0.3D,1,5,0.003,0.09961439588688946,25.102827763496144
4668,0.1002996927395351,0.133327221569595,0.7522821788285748,-0.5349049253204758,0.04858511980455177,1.6479617057729992,0.423352745281269,G_md,E_0.7GA+0.3D,1,5,0.005,0.09961439588688946,25.102827763496144
4668,0.06264545109429087,0.13383274758006258,0.468087611044633,-0.5672807761264187,0.011034919940943931,0.36736081832575956,0.4225010245499558,G_md,E_0.7GA+0.3D,1,5,0.008,0.09961439588688946,25.102827763496144
4668,0.03754262333079474,0.13437916332672686,0.2793783083729607,-0.587627572890784,-0.013998546634794544,-0.45991848074489433,0.42193321072908,G_md,E_0.7GA+0.3D,1,5,0.01,0.09961439588688946,25.102827763496144
4663,0.143675490547596,0.13629304231322265,1.0541659948965507,-0.38968421059891256,0.08979410939885737,3.4294975636908247,0.44172908596004673,G_md,E_0.7GA+0.3D,1,10,0.0,0.04632211022946601,11.673171777825434
4663,0.12616573288085783,0.13625138682325805,0.9259776052372731,-0.40236891094849236,0.07223959241702689,2.7291527669433795,0.44209603073619025,G_md,E_0.7GA+0.3D,1,10,0.003,0.04632211022946601,11.673171777825434
4663,0.1144925611030324,0.13632574535937553,0.8398454804058654,-0.410688902151226,0.06053658109580659,2.2690780135349122,0.44234066058695276,G_md,E_0.7GA+0.3D,1,10,0.005,0.04632211022946601,11.673171777825434
4663,0.09698280343629426,0.13659014286948631,0.7100278350902863,-0.422967429141765,0.042982064113976134,1.590788278002094,0.44270760536309633,G_md,E_0.7GA+0.3D,1,10,0.008,0.04632211022946601,11.673171777825434
4663,0.08530963165846883,0.1368678550074304,0.623299252069359,-0.43102067929381416,0.03127905279275579,1.1472912100138273,0.4429522352138587,G_md,E_0.7GA+0.3D,1,10,0.01,0.04632211022946601,11.673171777825434
4653,0.11755315230309533,0.15194966631991416,0.773632184591965,-0.5652073872814822,0.04894579078460538,1.4519614735626745,0.5668555404642651,G_md,E_0.7GA+0.3D,1,20,0.0,0.0223511712873415,5.6324951644100585
4653,0.10910440955648021,0.151914181891271,0.718197657375854,-0.5691282996540067,0.04052588265750555,1.2003407402187256,0.5666172997934737,G_md,E_0.7GA+0.3D,1,20,0.003,0.0223511712873415,5.6324951644100585
4653,0.10347191439207017,0.15193584117871836,0.6810237373179033,-0.5717258368000309,0.03491261057277233,1.0328171974445548,0.5664584726796128,G_md,E_0.7GA+0.3D,1,20,0.005,0.0223511712873415,5.6324951644100585
4653,0.09502317164545511,0.15203626473540932,0.6250033293755617,-0.575597667756518,0.026492702445672523,0.7820662707325323,0.5662202320088213,G_md,E_0.7GA+0.3D,1,20,0.008,0.0223511712873415,5.6324951644100585
4653,0.08939067648104504,0.15214843377346748,0.5875228174490318,-0.5781626485318225,0.020879430360939328,0.6153694386319818,0.5660614048949604,G_md,E_0.7GA+0.3D,1,20,0.01,0.0223511712873415,5.6324951644100585
4672,0.3042893487562275,0.13197850683668413,2.305597752615645,-0.16678936408045397,0.2548683089210371,9.929959466861279,0.4111757401167423,G_md,E_0.7GA+0.3D,3,1,0.0,0.2778253424657534,70.01198630136986
4672,0.1992713693041726,0.13266206956179652,1.5020975472672558,-0.22184389554904538,0.14963807150924152,5.582719153220114,0.4129416949405002,G_md,E_0.7GA+0.3D,3,1,0.003,0.2778253424657534,70.01198630136986
4672,0.12925938300280276,0.1335898683387807,0.9675837292915365,-0.2897524731225678,0.07948457990137778,2.876018480970846,0.4141189981563387,G_md,E_0.7GA+0.3D,3,1,0.005,0.2778253424657534,70.01198630136986
4672,0.024241403550747952,0.13567033263118358,0.17867873602586062,-0.4083007388650727,-0.025745657510417793,-0.8881934197384126,0.41588495298009687,G_md,E_0.7GA+0.3D,3,1,0.008,0.2778253424657534,70.01198630136986
4672,-0.04577058275062191,0.13750027604292223,-0.3328762971816444,-0.7855945895796119,-0.09589914911828154,-3.2024348452437144,0.41706225619593534,G_md,E_0.7GA+0.3D,3,1,0.01,0.2778253424657534,70.01198630136986
4668,0.15174160073486387,0.1347812733859126,1.1258359334563464,-0.3346243910230067,0.09909104772469281,3.425519347497899,0.43101499040620594,G_md,E_0.7GA+0.3D,3,5,0.0,0.0979005998286204,24.67095115681234
4668,0.11473517399964536,0.13472265865986924,0.8516397697384688,-0.374278764778336,0.062060258422672154,2.100581532515547,0.4312144305050493,G_md,E_0.7GA+0.3D,3,5,0.003,0.0979005998286204,24.67095115681234
4668,0.09006422284283302,0.13489000903590337,0.6676863874985793,-0.3994239772803647,0.03737306555465835,1.2467478603275588,0.43134739057094473,G_md,E_0.7GA+0.3D,3,5,0.005,0.0979005998286204,24.67095115681234
4668,0.053057796107614484,0.13544914462933275,0.3917174689645426,-0.43944430998101247,0.00034227625263769616,0.011165783585399415,0.4315468306697881,G_md,E_0.7GA+0.3D,3,5,0.008,0.0979005998286204,24.67095115681234
4668,0.02838684495080216,0.13602533829025334,0.20868792026254546,-0.5019854783090335,-0.024344916615376133,-0.7821820373899928,0.43167979073568363,G_md,E_0.7GA+0.3D,3,5,0.01,0.0979005998286204,24.67095115681234
4663,0.14151307931710475,0.1388986721621852,1.0188224056733015,-0.46091390013992506,0.08599853152447144,2.5459766642749897,0.4551180747618846,G_md,E_0.7GA+0.3D,3,10,0.0,0.04331975123311173,10.916577310744156
4663,0.1251382133509885,0.1388569870046812,0.9012021364597936,-0.4768808654810268,0.06960273235304983,2.035663021293733,0.45528968887883225,G_md,E_0.7GA+0.3D,3,10,0.003,0.04331975123311173,10.916577310744156
4663,0.11422163604024434,0.1389232117619439,0.822192595402792,-0.48795017507750627,0.05867219957210208,1.701768458460462,0.4554040982901308,G_md,E_0.7GA+0.3D,3,10,0.005,0.04331975123311173,10.916577310744156
4663,0.09784677007412813,0.13916330275385475,0.7031075588022995,-0.5061348372603854,0.042276400400680446,1.2106717059947492,0.4555757124070785,G_md,E_0.7GA+0.3D,3,10,0.008,0.04331975123311173,10.916577310744156
4663,0.08693019276338397,0.13941682226307853,0.6235272856768126,-0.5179123439388644,0.03134586761973273,0.8898978009064714,0.455690121818377,G_md,E_0.7GA+0.3D,3,10,0.01,0.04331975123311173,10.916577310744156
4653,0.14075619501468237,0.1418298578800828,0.9924299235615947,-0.43271843922194175,0.08212919131471946,2.4751774254664674,0.4843946936975052,G_md,E_0.7GA+0.3D,3,20,0.0,0.02321083172147002,5.849129593810445
4653,0.13198250062396671,0.14182798029934549,0.9305815421287207,-0.44259216290127457,0.07335114935662128,2.203847503820722,0.484430614662891,G_md,E_0.7GA+0.3D,3,20,0.003,0.02321083172147002,5.849129593810445
4653,0.12613337103015626,0.1418770856125908,0.8890327179018586,-0.4547253703284212,0.06749912138455585,2.0235228358587207,0.4844545619731481,G_md,E_0.7GA+0.3D,3,20,0.005,0.02321083172147002,5.849129593810445
4653,0.1173596766394406,0.14202617466793938,0.8263242808153523,-0.47245359352406213,0.058721079426457726,1.7540676752110802,0.4844904829385339,G_md,E_0.7GA+0.3D,3,20,0.008,0.02321083172147002,5.849129593810445
4653,0.11151054704563014,0.14217573171908746,0.7843149157547791,-0.48396527920617094,0.05286905145439228,1.5752258117430293,0.484514430248791,G_md,E_0.7GA+0.3D,3,20,0.01,0.02321083172147002,5.849129593810445
4672,0.29266966015896745,0.1280266904439781,2.286005044292181,-0.19754936420836933,0.2469542997251973,9.448623483209046,0.3803450357123934,G_md,E_0.7GA+0.3D,5,1,0.0,0.2110445205479452,53.18321917808219
4672,0.21289483139184417,0.12824963325102104,1.6600034323306672,-0.24073195232778688,0.16712000760575282,6.1196523400346905,0.38083976200674113,G_md,E_0.7GA+0.3D,5,1,0.003,0.2110445205479452,53.18321917808219
4672,0.15971161221376198,0.1288059736273619,1.2399394819669676,-0.27210004172533486,0.11389714619278987,4.043656634543904,0.3811695795363059,G_md,E_0.7GA+0.3D,5,1,0.005,0.2110445205479452,53.18321917808219
4672,0.07993678344663871,0.13024160287067701,0.6137576756177646,-0.32429695904786526,0.034062854073345514,1.1524972117161576,0.3816643058306538,G_md,E_0.7GA+0.3D,5,1,0.008,0.2110445205479452,53.18321917808219
4672,0.02675356426855649,0.13158923362833516,0.20331119447142698,-0.4529068590840447,-0.019160007339617445,-0.6273301332258799,0.38199412336021865,G_md,E_0.7GA+0.3D,5,1,0.01,0.2110445205479452,53.18321917808219
4668,0.16041300146083617,0.1322359830494244,1.2130813244749,-0.29859494685714405,0.11007595103689126,3.6979863059339215,0.412075886484271,G_md,E_0.7GA+0.3D,5,5,0.0,0.08547557840616966,21.539845758354755
4668,0.12810323282330405,0.132317730175539,0.9681486574275134,-0.334506537176823,0.07773694803346978,2.551080758160948,0.41231520875560385,G_md,E_0.7GA+0.3D,5,5,0.003,0.08547557840616966,21.539845758354755
4668,0.10656338706494924,0.13255812585013618,0.8038993187443271,-0.36451274543128054,0.056177612697855435,1.8144006382955133,0.4124747569364923,G_md,E_0.7GA+0.3D,5,5,0.005,0.08547557840616966,21.539845758354755
4668,0.07425361842741712,0.13319555267884464,0.5574782110514924,-0.4070559880613547,0.023838609694433983,0.7514302759445374,0.4127140792078252,G_md,E_0.7GA+0.3D,5,5,0.008,0.08547557840616966,21.539845758354755
4668,0.052713772669062374,0.1338030079732597,0.39396552788706474,-0.4338567052586382,0.002279274358819657,0.07067581362270367,0.41287362738871386,G_md,E_0.7GA+0.3D,5,5,0.01,0.08547557840616966,21.539845758354755
4663,0.1630542402094158,0.1391673287548706,1.1716416609290508,-0.3695062380915455,0.10767672103780551,3.4856900946539615,0.45399468990751723,G_md,E_0.7GA+0.3D,5,10,0.0,0.04074630066480806,10.268067767531631
4663,0.14765213855811835,0.1391993324710136,1.0607244728624323,-0.38820263594208915,0.09225051373596217,2.948648257953366,0.454192312291263,G_md,E_0.7GA+0.3D,5,10,0.003,0.04074630066480806,10.268067767531631
4663,0.1373840707905867,0.13930909096558264,0.9861816615006734,-0.401162830950171,0.0819663755347332,2.597199931479293,0.4543240605470934,G_md,E_0.7GA+0.3D,5,10,0.005,0.04074630066480806,10.268067767531631
4663,0.12198196913928927,0.1396059456251452,0.873759126755404,-0.42245054816062033,0.06654016823288986,2.0803028389054687,0.45452168293083917,G_md,E_0.7GA+0.3D,5,10,0.008,0.04074630066480806,10.268067767531631
4663,0.11171390137175764,0.139891556903631,0.7985750094175843,-0.4362373836784823,0.05625603003166098,1.7427488017273143,0.4546534311866697,G_md,E_0.7GA+0.3D,5,10,0.01,0.04074630066480806,10.268067767531631
4653,0.16152594468485096,0.14203243168861585,1.137246914415798,-0.39859283671645784,0.10306998519799723,3.2826972686316354,0.4829814727585372,G_md,E_0.7GA+0.3D,5,20,0.0,0.02278100150440576,5.740812379110252
4653,0.1529147261161856,0.14203605881712822,1.0765908839604155,-0.40754679630131774,0.09448259720304172,2.992676996065724,0.4827845770837747,G_md,E_0.7GA+0.3D,5,20,0.003,0.02278100150440576,5.740812379110252
4653,0.14717391373707536,0.1420878495804916,1.035795208187049,-0.4134492596665763,0.08875767187307135,2.800564771136272,0.4826533133005998,G_md,E_0.7GA+0.3D,5,20,0.005,0.02278100150440576,5.740812379110252
4653,0.13856269516840997,0.14223948687971325,0.9741506961817671,-0.4222037553174497,0.08017028387811578,2.514446826920513,0.48245641762583735,G_md,E_0.7GA+0.3D,5,20,0.008,0.02278100150440576,5.740812379110252
4653,0.1328218827892997,0.14238975667591414,0.9328050408261364,-0.42797456872776307,0.07444535854814542,2.3251780099045503,0.48232515384266234,G_md,E_0.7GA+0.3D,5,20,0.01,0.02278100150440576,5.740812379110252
4672,0.2764910323827304,0.12706899781301859,2.1759125919099924,-0.1733613119920011,0.23155276830440846,8.831969196945542,0.3738797089981234,G_md,E_0.7GA+0.3D,10,1,0.0,0.1365582191780822,34.41267123287671
4672,0.22487202553341523,0.12723230342735667,1.767412987707214,-0.21212978301156904,0.1798249461489126,6.581094941403167,0.3747850362474918,G_md,E_0.7GA+0.3D,10,1,0.003,0.1365582191780822,34.41267123287671
4672,0.1904593543005385,0.12763245735576537,1.492248588222729,-0.23699057665731693,0.14533973137858205,5.166789013145018,0.3753885877470706,G_md,E_0.7GA+0.3D,10,1,0.005,0.1365582191780822,34.41267123287671
4672,0.13884034745122345,0.12866417817779016,1.079090928163173,-0.28142020506229015,0.09361190922308608,3.1811495611807503,0.37629391499643916,G_md,E_0.7GA+0.3D,10,1,0.008,0.1365582191780822,34.41267123287671
4672,0.10442767621834674,0.12963431018928714,0.8055558444817994,-0.332199985461043,0.0591266944527555,1.9484231376007903,0.3768974664960181,G_md,E_0.7GA+0.3D,10,1,0.01,0.1365582191780822,34.41267123287671
4668,0.16287208647979143,0.1347065040858667,1.209088511241974,-0.3127764498274952,0.11028364202084638,3.6099584959201843,0.43050654908735375,G_md,E_0.7GA+0.3D,10,5,0.0,0.0664095972579263,16.73521850899743
4668,0.13776925871629528,0.13477127187836604,1.022244999220865,-0.34404860125955206,0.08513558280484534,2.735918842408794,0.430876828846119,G_md,E_0.7GA+0.3D,10,5,0.003,0.0664095972579263,16.73521850899743
4668,0.12103404020729788,0.13495925068435521,0.8968191479543272,-0.36412681781863243,0.06837020999417792,2.169557197216604,0.4311236820186294,G_md,E_0.7GA+0.3D,10,5,0.005,0.0664095972579263,16.73521850899743
4668,0.09593121244380172,0.13545721364813448,0.7082030543828693,-0.3933045987656041,0.043222150778176864,1.3451680939752204,0.43149396177739485,G_md,E_0.7GA+0.3D,10,5,0.008,0.0664095972579263,16.73521850899743
4668,0.0791959939348043,0.13593195461869073,0.5826149867186182,-0.4124995044976295,0.02645677796750947,0.812580929335605,0.431740814949905,G_md,E_0.7GA+0.3D,10,5,0.01,0.0664095972579263,16.73521850899743
4663,0.1877488088551412,0.13730673226871895,1.3673678322465903,-0.3591716044197907,0.13363608544520428,4.119723885987435,0.4436256707061004,G_md,E_0.7GA+0.3D,10,10,0.0,0.03688612481235256,9.295303452712846
4663,0.1738058536760719,0.13734882640419027,1.2654338462608765,-0.3781773742369443,0.11965230566334276,3.640228395031725,0.44396035801536465,G_md,E_0.7GA+0.3D,10,10,0.003,0.03688612481235256,9.295303452712846
4663,0.16451055022335906,0.13745833403936192,1.1968030266993532,-0.3905490560777666,0.1103297858087684,3.3265442865469006,0.4441834828882074,G_md,E_0.7GA+0.3D,10,10,0.005,0.03688612481235256,9.295303452712846
4663,0.15056759504428982,0.13774437431484204,1.0930943335670305,-0.4086690121882808,0.09634600602690688,2.865244003876338,0.44451817019747164,G_md,E_0.7GA+0.3D,10,10,0.008,0.03688612481235256,9.295303452712846
4663,0.14127229159157695,0.1380158611095101,1.0235946104736686,-0.4204633703116183,0.08702348617233253,2.563978728566142,0.44474129507031446,G_md,E_0.7GA+0.3D,10,10,0.01,0.03688612481235256,9.295303452712846
4653,0.16747960616189136,0.14456493277739335,1.1585078272044225,-0.4331396060436661,0.10696276933891327,3.1449963454792744,0.5000090877307951,G_md,E_0.7GA+0.3D,10,20,0.0,0.02192134107027724,5.524177949709864
4653,0.15919333923732662,0.14452741634946706,1.1014750229285037,-0.44823179497019605,0.09870819524357506,2.885481374491513,0.4997472316348539,G_md,E_0.7GA+0.3D,10,20,0.003,0.02192134107027724,5.524177949709864
4653,0.15366916128761676,0.14454914114872433,1.06309286977713,-0.45808155070907497,0.0932051458466829,2.7137575044849465,0.49957266090422625,G_md,E_0.7GA+0.3D,10,20,0.005,0.02192134107027724,5.524177949709864
4653,0.14538289436305196,0.14465178985985197,1.005054237516925,-0.4725819049894434,0.08495057175134467,2.4582207628853987,0.49931080480828516,G_md,E_0.7GA+0.3D,10,20,0.008,0.02192134107027724,5.524177949709864
4653,0.1398587164133421,0.14476685273193723,0.9660962697884754,-0.4825404419870062,0.0794475223544525,2.289294652268859,0.49913623407765756,G_md,E_0.7GA+0.3D,10,20,0.01,0.02192134107027724,5.524177949709864
4672,0.244468443488786,0.12752185870728366,1.917070892527876,-0.19659303109048065,0.19913588801371387,6.96879591202182,0.37716015508790807,G_md,E_0.7GA+0.3D,20,1,0.0,0.09118150684931507,22.977739726027398
4672,0.21000183389974486,0.12761234743572325,1.6456231557492522,-0.2343349272703661,0.16459213200947492,5.484079272643819,0.3778020018493702,G_md,E_0.7GA+0.3D,20,1,0.003,0.09118150684931507,22.977739726027398
4672,0.1870240941737175,0.1278769723667888,1.4625314527878979,-0.258535800177751,0.14156296133998225,4.562400522590093,0.378229899690345,G_md,E_0.7GA+0.3D,20,1,0.005,0.09118150684931507,22.977739726027398
4672,0.15255748458467638,0.12857783565888528,1.1864990867431358,-0.29988165138469347,0.10701920533574338,3.280130953951346,0.3788717464518073,G_md,E_0.7GA+0.3D,20,1,0.008,0.09118150684931507,22.977739726027398
4672,0.12957974485864895,0.12924513141230912,1.0025889829866967,-0.3374941855239568,0.08399003466625081,2.489580887386311,0.3792996442927821,G_md,E_0.7GA+0.3D,20,1,0.01,0.09118150684931507,22.977739726027398
4668,0.18200622585987875,0.1335606263065416,1.3627236626020849,-0.30017315700833536,0.13074139060945472,4.325160145883843,0.41967104256946314,G_md,E_0.7GA+0.3D,20,5,0.0,0.04755784061696658,11.984575835475578
4668,0.16402936210666536,0.13363802584499748,1.2274153338430625,-0.31475816799783307,0.11273674659420346,3.654258840635215,0.41989846106160006,G_md,E_0.7GA+0.3D,20,5,0.003,0.04755784061696658,11.984575835475578
4668,0.15204478627118978,0.1337963077694562,1.1363900006357235,-0.3243241537596059,0.1007336505840359,3.2205230323666347,0.4200500733896914,G_md,E_0.7GA+0.3D,20,5,0.005,0.04755784061696658,11.984575835475578
4668,0.13406792251797645,0.13419299901022783,0.9990679357852207,-0.33844086197111733,0.08272900656878461,2.5902520445660966,0.4202774918818284,G_md,E_0.7GA+0.3D,20,5,0.008,0.04755784061696658,11.984575835475578
4668,0.12208334668250084,0.13456290837322685,0.9072585317782194,-0.34769931815851607,0.07072591055861709,2.1835690989664522,0.42042910420991975,G_md,E_0.7GA+0.3D,20,5,0.01,0.04755784061696658,11.984575835475578
4663,0.18337708920415513,0.1365019725168529,1.3434024858616231,-0.3094955800293139,0.1293884318580562,4.198026844679283,0.4426085551866127,G_md,E_0.7GA+0.3D,20,10,0.0,0.03131031524769462,7.8901994424190445
4663,0.17154179004052655,0.13657167870762288,1.2560568315761051,-0.32389542231999047,0.11753325083886622,3.768445504648594,0.442771550152538,G_md,E_0.7GA+0.3D,20,10,0.003,0.03131031524769462,7.8901994424190445
4663,0.16365159059810752,0.13668805858611535,1.1972632597967934,-0.3333398612008175,0.10962979682607289,3.48659312555355,0.44288021346315487,G_md,E_0.7GA+0.3D,20,10,0.005,0.03131031524769462,7.8901994424190445
4663,0.15181629143447897,0.13696713562414978,1.1084140056128255,-0.34727705443636114,0.09777461580688292,3.070944254157111,0.44304320842908024,G_md,E_0.7GA+0.3D,20,10,0.008,0.03131031524769462,7.8901994424190445
4663,0.14392609199205994,0.137222527842376,1.048851775689369,-0.3564176794269436,0.08987116179408956,2.7987600991228057,0.44315187173969706,G_md,E_0.7GA+0.3D,20,10,0.01,0.03131031524769462,7.8901994424190445
4653,0.16929037667381153,0.14183171817758,1.193600266915275,-0.3743416893994692,0.11077001445250333,3.314780295101151,0.48351358835136315,G_md,E_0.7GA+0.3D,20,20,0.0,0.018912529550827423,4.76595744680851
4653,0.16214144050359877,0.14180874818377218,1.1433810860066063,-0.38916570683974905,0.10363861076889204,3.0748490147190615,0.4833687294477673,G_md,E_0.7GA+0.3D,20,20,0.003,0.018912529550827423,4.76595744680851
4653,0.15737548305679028,0.14183465601626474,1.1095700266565558,-0.39886475412200084,0.09888434164648455,2.916790337164942,0.48327215684536995,G_md,E_0.7GA+0.3D,20,20,0.005,0.018912529550827423,4.76595744680851
4653,0.15022654688657752,0.14193530436230103,1.0584156462095748,-0.41318366134473083,0.09175293796287325,2.6826116648492544,0.4831272979417741,G_md,E_0.7GA+0.3D,20,20,0.008,0.018912529550827423,4.76595744680851
4653,0.14546058943976903,0.1420435262217345,1.0240564516308923,-0.4231043125150936,0.08699866884046574,2.528465849108821,0.48303072533937685,G_md,E_0.7GA+0.3D,20,20,0.01,0.018912529550827423,4.76595744680851
4672,0.2943998852946654,0.13516200296911654,2.1781260918568472,-0.24724755125461706,0.24218317005311046,10.007462539959029,0.4344353459075449,G_md,F_0.5GA+0.5D,1,1,0.0,0.4490582191780822,113.16267123287672
4672,0.12465587844535019,0.1362926682266115,0.9146191065691588,-0.34602752014782245,0.07226544220761007,2.826720141768786,0.4358806788956512,G_md,F_0.5GA+0.5D,1,1,0.003,0.4490582191780822,113.16267123287672
4672,0.011493207212473504,0.13760888828067416,0.08352082017428532,-0.5085451595508472,-0.041013043022723496,-1.543050129568036,0.43684423422105556,G_md,F_0.5GA+0.5D,1,1,0.005,0.4490582191780822,113.16267123287672
4672,-0.1582507996368416,0.14039524896761604,-1.127180590515169,-0.9712523105383611,-0.2109307708682239,-7.470768514409256,0.43828956720916257,G_md,F_0.5GA+0.5D,1,1,0.008,0.4490582191780822,113.16267123287672
4672,-0.2714134708697183,0.14276952619383737,-1.9010602479777214,-0.9962737075901149,-0.3242092560985575,-11.021922826565515,0.4392531225345667,G_md,F_0.5GA+0.5D,1,1,0.01,0.4490582191780822,113.16267123287672
4668,0.17243593527170856,0.1318175731093656,1.308140722092061,-0.49250149309637303,0.12193936729772817,4.282538991702474,0.4133817503616147,G_md,F_0.5GA+0.5D,1,5,0.0,0.10218508997429306,25.75064267352185
4668,0.13380997126142574,0.13173728880031244,1.0157334531474616,-0.527764908597335,0.08338660612394799,2.88114307239264,0.41278248752259405,G_md,F_0.5GA+0.5D,1,5,0.003,0.10218508997429306,25.75064267352185
4668,0.10805932858790392,0.131903061787553,0.8192329057679304,-0.5499288832499678,0.05768476534142789,1.9696400536825402,0.4123829789632469,G_md,F_0.5GA+0.5D,1,5,0.005,0.10218508997429306,25.75064267352185
4668,0.06943336457762113,0.13247901861932465,0.5241083856239627,-0.5812775829274455,0.019132004167647747,0.6409291179167277,0.4117837161242263,G_md,F_0.5GA+0.5D,1,5,0.008,0.10218508997429306,25.75064267352185
4668,0.043682721904099275,0.13307898461594045,0.3282465825101199,-0.6009781392564917,-0.006569836614872362,-0.21714447204879278,0.41138420756487915,G_md,F_0.5GA+0.5D,1,5,0.01,0.10218508997429306,25.75064267352185
4663,0.1274228445245247,0.13834150021205363,0.921074618456555,-0.4456516982987566,0.0719333504981791,2.588525727032738,0.4549126795577124,G_md,F_0.5GA+0.5D,1,10,0.0,0.04803774394166845,12.10551147330045
4663,0.10926457731457401,0.13829978148279873,0.790056037276993,-0.46043329990763116,0.053719382966071344,1.9122780731127695,0.45536932064354896,G_md,F_0.5GA+0.5D,1,10,0.003,0.04803774394166845,12.10551147330045
4663,0.09715906584127355,0.13837612377555128,0.7021375016897238,-0.4700800381465001,0.04157673794466617,1.4685453130605917,0.4556737480341069,G_md,F_0.5GA+0.5D,1,10,0.005,0.04803774394166845,12.10551147330045
4663,0.07900079863132288,0.13864652528191565,0.5698000614922539,-0.48424524052564155,0.023362770412558367,0.8149644199241708,0.4561303891199434,G_md,F_0.5GA+0.5D,1,10,0.008,0.04803774394166845,12.10551147330045
4663,0.06689528715802243,0.13893024636579915,0.48150268863620355,-0.4934892109099219,0.01122012539115319,0.387953322116664,0.45643481651050116,G_md,F_0.5GA+0.5D,1,10,0.01,0.04803774394166845,12.10551147330045
4653,0.1119207060180406,0.15109149151144574,0.7407479064402658,-0.5652073872814822,0.04415368337323705,1.3069268064368091,0.5599123971065625,G_md,F_0.5GA+0.5D,1,20,0.0,0.02364066193853428,5.957446808510638
4653,0.10298453580527467,0.15107072055025617,0.6816975217313217,-0.5691282996540067,0.035224569299971,1.0424747010947506,0.559854097068764,G_md,F_0.5GA+0.5D,1,20,0.003,0.02364066193853428,5.957446808510638
4653,0.09702708899676403,0.1511050069403436,0.6421169685996602,-0.5717258368000309,0.02927182658446029,0.8660533856021444,0.5598152303768984,G_md,F_0.5GA+0.5D,1,20,0.005,0.02364066193853428,5.957446808510638
4653,0.08809091878399807,0.1512285715948678,0.5825018239277451,-0.575597667756518,0.020342712511194162,0.6014416522687193,0.5597569303390999,G_md,F_0.5GA+0.5D,1,20,0.008,0.02364066193853428,5.957446808510638
4653,0.08213347197548743,0.15135894647272555,0.5426403518888634,-0.5781626485318225,0.014389969795683476,0.4251637087026286,0.5597180636472343,G_md,F_0.5GA+0.5D,1,20,0.01,0.02364066193853428,5.957446808510638
4672,0.3064975796951598,0.13160226842169817,2.3289688192382663,-0.16678936408045397,0.2575398622913987,10.417085241329294,0.40732096603082724,G_md,F_0.5GA+0.5D,3,1,0.0,0.2863869863013699,72.16952054794521
4672,0.1982432988732419,0.13225725614100103,1.498921909145706,-0.22703522686088806,0.1491319145360984,5.771812585062707,0.4085994521831984,G_md,F_0.5GA+0.5D,3,1,0.003,0.2863869863013699,72.16952054794521
4672,0.1260737783252967,0.1331764943136579,0.9466668947477109,-0.28029848199835916,0.07685994936589804,2.8840528874272215,0.40945177628477886,G_md,F_0.5GA+0.5D,3,1,0.005,0.2863869863013699,72.16952054794521
4672,0.017819497503378898,0.1352595445676729,0.13174299499776498,-0.44214862453282944,-0.03154799838940236,-1.128369509381884,0.41073026243714994,G_md,F_0.5GA+0.5D,3,1,0.008,0.2863869863013699,72.16952054794521
4672,-0.054350023044566306,0.13710106457000834,-0.39642305634186664,-0.8106785684151885,-0.10381996355960259,-3.5941563966755115,0.4115825865387305,G_md,F_0.5GA+0.5D,3,1,0.01,0.2863869863013699,72.16952054794521
4668,0.15275902013056378,0.13595386482231142,1.1236092503160267,-0.35658058956896765,0.09920811811511271,3.3438561588457008,0.43838554770686766,G_md,F_0.5GA+0.5D,3,5,0.0,0.09532990574121679,24.02313624678663
4668,0.1167243157603838,0.13595251481664294,0.8585668011938441,-0.3967536174063775,0.0631187555372961,2.0786032307510207,0.4388329980277713,G_md,F_0.5GA+0.5D,3,5,0.003,0.09532990574121679,24.02313624678663
4668,0.09270117951359716,0.13615133397211418,0.6808686834650018,-0.4221633501666371,0.039059180485418295,1.2659855484302396,0.4391312982417069,G_md,F_0.5GA+0.5D,3,5,0.005,0.09532990574121679,24.02313624678663
4668,0.05666647514341724,0.13674739920667583,0.414387955252979,-0.45832911197788784,0.0029698179076016362,0.0939396888268233,0.4395787485626107,G_md,F_0.5GA+0.5D,3,5,0.008,0.09532990574121679,24.02313624678663
4668,0.03264333889663061,0.13734132297156001,0.23768038774018685,-0.4812011982183909,-0.021089757144276144,-0.6561599413090508,0.4398770487765464,G_md,F_0.5GA+0.5D,3,5,0.01,0.09532990574121679,24.02313624678663
4663,0.14321692635904607,0.1407542204017695,1.0174964981529295,-0.4331852513583393,0.08646656418866615,2.6204857361706435,0.4652494994555345,G_md,F_0.5GA+0.5D,3,10,0.0,0.04289084280506112,10.808492386875402
4663,0.12700418777873296,0.14070593179960525,0.9026214186876893,-0.44993816152174315,0.07023566015665535,2.106272990123027,0.4653984230392176,G_md,F_0.5GA+0.5D,3,10,0.003,0.04289084280506112,10.808492386875402
4663,0.11619569539185758,0.14076564275576858,0.8254549413983042,-0.4615544644034034,0.059415057468648155,1.7689257783454506,0.4654977054283397,G_md,F_0.5GA+0.5D,3,10,0.005,0.04289084280506112,10.808492386875402
4663,0.09998295681154444,0.14099283069825894,0.7091350412385125,-0.4806429949327595,0.04318415343663738,1.2714281961831482,0.4656466290120228,G_md,F_0.5GA+0.5D,3,10,0.008,0.04289084280506112,10.808492386875402
4663,0.08917446442466904,0.14123569263920527,0.6313875958570216,-0.4930065414798267,0.032363550748630183,0.9456099129012667,0.46574591140114496,G_md,F_0.5GA+0.5D,3,10,0.01,0.04289084280506112,10.808492386875402
4653,0.16208388029332846,0.14321409041080768,1.131759311031429,-0.43271843922194164,0.10266677974689109,3.2146016021664794,0.49092272166731193,G_md,F_0.5GA+0.5D,3,20,0.0,0.02493015258972706,6.282398452611219
4653,0.1526602826144116,0.14319291164003117,1.0661161985320908,-0.44139733031494033,0.09325651380182282,2.90991064089001,0.49081257070058243,G_md,F_0.5GA+0.5D,3,20,0.003,0.02493015258972706,6.282398452611219
4653,0.1463778841618004,0.14323227236572916,1.0219616134277283,-0.4480649578260669,0.08698300317177726,2.7074454005552693,0.4907391367227625,G_md,F_0.5GA+0.5D,3,20,0.005,0.02493015258972706,6.282398452611219
4653,0.13695428648288357,0.14337144522043985,0.955241026358564,-0.45792970167136615,0.07757273722670902,2.4049608100884874,0.49062898575603286,G_md,F_0.5GA+0.5D,3,20,0.008,0.02493015258972706,6.282398452611219
4653,0.13067188803027233,0.1435175274251424,0.9104942816021533,-0.4644161249896658,0.07129922659666349,2.204237656504992,0.49055555177821303,G_md,F_0.5GA+0.5D,3,20,0.01,0.02493015258972706,6.282398452611219
4672,0.30826380676594756,0.128056650997448,2.4072455773663086,-0.20107114060904052,0.26252921364365234,9.78953629284018,0.38050504883565206,G_md,F_0.5GA+0.5D,5,1,0.0,0.2148972602739726,54.1541095890411
4672,0.2270326423823859,0.12836049243974013,1.768711213763598,-0.236725507491913,0.1811854441017603,6.4897543890510665,0.3814419070942376,G_md,F_0.5GA+0.5D,5,1,0.003,0.2148972602739726,54.1541095890411
4672,0.1728785327933448,0.1289754636649992,1.3403986144401807,-0.26538406075939214,0.1269562644071656,4.418190728827536,0.38206647926662757,G_md,F_0.5GA+0.5D,5,1,0.005,0.2148972602739726,54.1541095890411
4672,0.09164736840978319,0.13050487614490866,0.7022524454030417,-0.3172169468123308,0.045612494865273495,1.516936844350723,0.3830033375252132,G_md,F_0.5GA+0.5D,5,1,0.008,0.2148972602739726,54.1541095890411
4672,0.037493258820742066,0.1319181758365045,0.2842160193846988,-0.48760217549736695,-0.008616684829321203,-0.2777440381293423,0.38362790969760324,G_md,F_0.5GA+0.5D,5,1,0.01,0.2148972602739726,54.1541095890411
4668,0.15675034430697252,0.13444137276713694,1.165938290279708,-0.3247243237080427,0.10459197237302947,3.5169386908680935,0.42698583193169676,G_md,F_0.5GA+0.5D,5,5,0.0,0.08033419023136247,20.24421593830334
4668,0.1263840203995175,0.1344561680463019,0.9399644674983997,-0.3611784497046199,0.07421985974234536,2.4460213774560073,0.4270332203510851,G_md,F_0.5GA+0.5D,5,5,0.003,0.08033419023136247,20.24421593830334
4668,0.10613980446121415,0.13463902910410952,0.7883286530471165,-0.38440972719230837,0.05397178465522258,1.7540984019557408,0.4270648126306773,G_md,F_0.5GA+0.5D,5,5,0.005,0.08033419023136247,20.24421593830334
4668,0.07577348055375917,0.13517141281025277,0.5605732675157165,-0.41788721474668267,0.02359967202453843,0.750600700480604,0.4271122010500657,G_md,F_0.5GA+0.5D,5,5,0.008,0.08033419023136247,20.24421593830334
4668,0.05552926461545583,0.13569682157693028,0.40921566157667705,-0.4396600570496805,0.003351596937415655,0.10503212899090363,0.4271437933296579,G_md,F_0.5GA+0.5D,5,5,0.01,0.08033419023136247,20.24421593830334
4663,0.1412433475872883,0.14183867916478343,0.9958027557715518,-0.37153414975485644,0.08344884457579134,2.680914498922767,0.473809550618421,G_md,F_0.5GA+0.5D,5,10,0.0,0.04074630066480806,10.268067767531631
4663,0.12584124593599086,0.14185459547693194,0.8871143406591637,-0.3883343692239568,0.06804164492159481,2.1622002862357474,0.47385134494723763,G_md,F_0.5GA+0.5D,5,10,0.003,0.04074630066480806,10.268067767531631
4663,0.11557317816845922,0.14195198476459536,0.8141709209640065,-0.40008916143739803,0.05777017848546384,1.8218699200234163,0.4738792078331153,G_md,F_0.5GA+0.5D,5,10,0.005,0.04074630066480806,10.268067767531631
4663,0.10017107651716177,0.14222787979136164,0.7042998648654943,-0.41966869056533296,0.042362978831267356,1.320182959731979,0.47392100216193184,G_md,F_0.5GA+0.5D,5,10,0.008,0.04074630066480806,10.268067767531631
4663,0.08990300874963014,0.14249795957970618,0.6309073408124342,-0.43238119615689397,0.03209151239513636,0.9918953279546446,0.4739488650478096,G_md,F_0.5GA+0.5D,5,10,0.01,0.04074630066480806,10.268067767531631
4653,0.15733962972772314,0.14230257172621907,1.1056696152367111,-0.39859283671645784,0.09870896804974393,3.13520326369242,0.4844249170592487,G_md,F_0.5GA+0.5D,5,20,0.0,0.0223511712873415,5.6324951644100585
4653,0.14889088698110803,0.14228682193588782,1.0464137504469382,-0.40754679630131774,0.09028838189704548,2.8555821951341174,0.4841922784486249,G_md,F_0.5GA+0.5D,5,20,0.003,0.0223511712873415,5.6324951644100585
4653,0.14325839181669797,0.1423247027496558,1.006560274140776,-0.4134492596665763,0.08467465779524645,2.669996236464128,0.48403718604154244,G_md,F_0.5GA+0.5D,5,20,0.005,0.0223511712873415,5.6324951644100585
4653,0.13480964907008286,0.1424540177901172,0.9463379914542175,-0.4222037553174497,0.07625407164254797,2.393054132484653,0.48380454743091866,G_md,F_0.5GA+0.5D,5,20,0.008,0.0223511712873415,5.6324951644100585
4653,0.1291771539056728,0.1425884547596441,0.9059439919131027,-0.42797456872776307,0.070640347540749,2.2094930361673297,0.48364945502383616,G_md,F_0.5GA+0.5D,5,20,0.01,0.0223511712873415,5.6324951644100585
4672,0.27723756421826484,0.1275738831213085,2.1731529795533695,-0.1693855512051241,0.23199909160709284,8.494440127293341,0.3763773995788086,G_md,F_0.5GA+0.5D,10,1,0.0,0.1502568493150685,37.86472602739726
4672,0.22044047517716892,0.12773849911692153,1.7257168097410907,-0.22713141916630353,0.17511466939575576,6.129590707828584,0.37710399863520966,G_md,F_0.5GA+0.5D,10,1,0.003,0.1502568493150685,37.86472602739726
4672,0.18257574914977165,0.12816239154967382,1.4245657165269736,-0.289027339695209,0.1371917212548645,4.655049348215293,0.37758839800614363,G_md,F_0.5GA+0.5D,10,1,0.005,0.1502568493150685,37.86472602739726
4672,0.12577866010867575,0.12926327188726836,0.9730425222283438,-0.3734326963248321,0.08030729904352753,2.5979396788848836,0.3783149970625449,G_md,F_0.5GA+0.5D,10,1,0.008,0.1502568493150685,37.86472602739726
4672,0.08791393408127848,0.1303011082439708,0.6746982835838343,-0.4246576814933498,0.04238435090263622,1.327686715927342,0.3787993964334788,G_md,F_0.5GA+0.5D,10,1,0.01,0.1502568493150685,37.86472602739726
4668,0.1638221688576223,0.13612509714864843,1.2034677828639397,-0.321974613841175,0.11036983109378203,3.5653687322629377,0.4375786678635701,G_md,F_0.5GA+0.5D,10,5,0.0,0.06812339331619537,17.16709511568123
4668,0.13807152618410046,0.1361740525106082,1.01393417937198,-0.356691993176361,0.08458637048677713,2.6835190783767673,0.43784732641465146,G_md,F_0.5GA+0.5D,10,5,0.003,0.06812339331619537,17.16709511568123
4668,0.12090443106841925,0.13635344581214834,0.8866987581303013,-0.3788708853500107,0.06739739674877383,2.1117774971531023,0.43802643211537257,G_md,F_0.5GA+0.5D,10,5,0.005,0.06812339331619537,17.16709511568123
4668,0.09515378839489737,0.13684151601201777,0.6953576017569165,-0.4109190905926746,0.04161393614176893,1.2791672449103877,0.4382950906664541,G_md,F_0.5GA+0.5D,10,5,0.008,0.06812339331619537,17.16709511568123
4668,0.07798669327921615,0.13731167220212515,0.5679538529282376,-0.43183795465192354,0.024424962403765627,0.7410550411240114,0.43847419636717505,G_md,F_0.5GA+0.5D,10,5,0.01,0.06812339331619537,17.16709511568123
4663,0.183631394057929,0.13968321744308423,1.314627465055006,-0.3604533968943836,0.12776328010728608,4.037540515938511,0.4580166726165471,G_md,F_0.5GA+0.5D,10,10,0.0,0.03688612481235256,9.295303452712846
4663,0.16968843887885973,0.1397288273610972,1.2144125309256246,-0.38128484068599144,0.11376723346396825,3.5525465347999408,0.4584519258241446,G_md,F_0.5GA+0.5D,10,10,0.003,0.03688612481235256,9.295303452712846
4663,0.1603931354261469,0.13983929011338747,1.1469819054150914,-0.39481091073673824,0.10443653570175641,3.234540847385011,0.4587420946292097,G_md,F_0.5GA+0.5D,10,10,0.005,0.03688612481235256,9.295303452712846
4663,0.14645018024707762,0.1401246897947942,1.045141869441758,-0.41457201482442796,0.09044048905843868,2.7658991529388657,0.45917734783680714,G_md,F_0.5GA+0.5D,10,10,0.008,0.03688612481235256,9.295303452712846
4663,0.13715487679436475,0.14039438141870203,0.9769256818428083,-0.4274022498091261,0.08110979129622686,2.4592370455498167,0.4594675166418721,G_md,F_0.5GA+0.5D,10,10,0.01,0.03688612481235256,9.295303452712846
4653,0.17566929145048146,0.1443941608065269,1.2165955359223979,-0.4331396060436661,0.11564941782157598,3.3906819433776687,0.4959030219423458,G_md,F_0.5GA+0.5D,10,20,0.0,0.02106168063614872,5.307543520309477
4653,0.1677079761700173,0.14434924228643428,1.1618209663839587,-0.44823179497019605,0.10771141429252001,3.1404846331596104,0.49571041294017437,G_md,F_0.5GA+0.5D,10,20,0.003,0.02106168063614872,5.307543520309477
4653,0.1624004326497078,0.14436429377671695,1.1249349018455124,-0.45808155070907497,0.10241941193981607,2.9747913495457765,0.49558200693872667,G_md,F_0.5GA+0.5D,10,20,0.005,0.02106168063614872,5.307543520309477
4653,0.1544391173692436,0.14445433863664764,1.069120656581393,-0.4725819049894434,0.09448140841076007,2.728034344116029,0.4953893979365553,G_md,F_0.5GA+0.5D,10,20,0.008,0.02106168063614872,5.307543520309477
4653,0.14913157384893408,0.1445592815873017,1.0316291850058146,-0.4825404419870062,0.08918940605805607,2.5647874724570907,0.49526099193510753,G_md,F_0.5GA+0.5D,10,20,0.01,0.02106168063614872,5.307543520309477
4672,0.2538085677997555,0.12854599687384152,1.974457190206009,-0.20202840896117136,0.20769617461701667,7.514793073806449,0.3836482894470823,G_md,F_0.5GA+0.5D,20,1,0.0,0.09503424657534247,23.948630136986303
4672,0.21788562259427607,0.1285600161073443,1.6948163915314636,-0.2508214593114687,0.17173073061863364,5.93480167493328,0.3840018731167995,G_md,F_0.5GA+0.5D,20,1,0.003,0.09503424657534247,23.948630136986303
4672,0.1939369924572898,0.12877994416534128,1.5059564881336884,-0.28171902440960606,0.14775376795304504,4.946521192295227,0.3842375955632774,G_md,F_0.5GA+0.5D,20,1,0.005,0.09503424657534247,23.948630136986303
4672,0.15801404725181034,0.12942356208635603,1.2209063381084946,-0.3257460841779961,0.11178832395466204,3.5644400701325516,0.3845911792329947,G_md,F_0.5GA+0.5D,20,1,0.008,0.09503424657534247,23.948630136986303
4672,0.13406541711482398,0.13005937625024572,1.0308016306096248,-0.3536220393186885,0.08781136128907346,2.70933026445688,0.38482690167947275,G_md,F_0.5GA+0.5D,20,1,0.01,0.09503424657534247,23.948630136986303
4668,0.18370140879471356,0.13378660806973905,1.3730926543780482,-0.2635999628196011,0.13236313013193549,4.322474634981176,0.42027227484265584,G_md,F_0.5GA+0.5D,20,5,0.0,0.04798628963153385,12.09254498714653
4668,0.16556259131399376,0.1338418917067676,1.237001279664536,-0.2767797857356791,0.11423112423405052,3.652776312013613,0.4202165129533244,G_md,F_0.5GA+0.5D,20,5,0.003,0.04798628963153385,12.09254498714653
4668,0.15347004632684721,0.13398620251828788,1.145416792493242,-0.285445826550368,0.10214312030212717,3.220028646027252,0.42017933836043675,G_md,F_0.5GA+0.5D,20,5,0.005,0.04798628963153385,12.09254498714653
4668,0.1353312288461274,0.1343631588543087,1.007204876694425,-0.2982665310897018,0.08401111440424212,2.5916640223427794,0.42012357647110543,G_md,F_0.5GA+0.5D,20,5,0.008,0.04798628963153385,12.09254498714653
4668,0.12323868385898089,0.1347207579541154,0.9147713071875294,-0.3066961501388815,0.07192311047231878,2.186597860094035,0.4200864018782178,G_md,F_0.5GA+0.5D,20,5,0.01,0.04798628963153385,12.09254498714653
4663,0.19503325162682814,0.1369917708484671,1.4236858930932679,-0.3094955800293139,0.14082548031451636,4.551600635512912,0.444404890209078,G_md,F_0.5GA+0.5D,20,10,0.0,0.030023589963542784,7.565944670812781
4663,0.18368433462060896,0.13706139785340365,1.3401609606891043,-0.32389542231999047,0.12943803005074686,4.133930232594155,0.44472079266506315,G_md,F_0.5GA+0.5D,20,10,0.003,0.030023589963542784,7.565944670812781
4663,0.17611838994979614,0.137174701339097,1.283898475670306,-0.3333398612008175,0.1218463965415672,3.859609547977295,0.44493139430238654,G_md,F_0.5GA+0.5D,20,10,0.005,0.030023589963542784,7.565944670812781
4663,0.164769472943577,0.13744465396647765,1.198805978905253,-0.34727705443636114,0.11045894627779781,3.4547367330623255,0.4452472967583717,G_md,F_0.5GA+0.5D,20,10,0.008,0.030023589963542784,7.565944670812781
4663,0.15720352827276418,0.1376909823482124,1.141712591425964,-0.3564176794269436,0.10286731276861816,3.189438182995397,0.4454578983956951,G_md,F_0.5GA+0.5D,20,10,0.01,0.030023589963542784,7.565944670812781
4653,0.18429950475526402,0.14177957072761144,1.2999016981744316,-0.3743416893994692,0.12617974784277808,3.744503667167773,0.48020366163476547,G_md,F_0.5GA+0.5D,20,20,0.0,0.017623038899634645,4.441005802707931
4653,0.17763799605120215,0.1417499155901962,1.2531788489014668,-0.38916570683974905,0.11952349897677926,3.5192220422977396,0.4801602032028716,G_md,F_0.5GA+0.5D,20,20,0.003,0.017623038899634645,4.441005802707931
4653,0.17319699024849422,0.14176862263887058,1.2216877544876883,-0.39886475412200084,0.11508599973278001,3.370502506195259,0.4801312309149422,G_md,F_0.5GA+0.5D,20,20,0.005,0.017623038899634645,4.441005802707931
4653,0.1665354815444323,0.14185436847726868,1.1739890941118154,-0.41318366134473083,0.10842975086678117,3.149719095750761,0.4800877724830484,G_md,F_0.5GA+0.5D,20,20,0.008,0.017623038899634645,4.441005802707931
4653,0.16209447574172436,0.14194993500951772,1.1419129972187445,-0.4231043125150936,0.1039922516227819,3.0041104792382605,0.48005880019511904,G_md,F_0.5GA+0.5D,20,20,0.01,0.017623038899634645,4.441005802707931
4672,0.2995056176174979,0.13452497180036332,2.226394204802123,-0.18331252853185376,0.24792614698353355,10.526629275432958,0.4291335650458869,G_md,G_0.3GA+0.7D,1,1,0.0,0.4509845890410959,113.64811643835617
4672,0.12903344295996358,0.1355347855143597,0.952031926492352,-0.2614326691045856,0.07744453240087365,3.1361825552296527,0.4292121038263972,G_md,G_0.3GA+0.7D,1,1,0.003,0.4509845890410959,113.64811643835617
4672,0.015385326521607397,0.13677538007676304,0.11248608128869847,-0.5097917679980677,-0.03620987732089966,-1.4162514318824178,0.4292644630134038,G_md,G_0.3GA+0.7D,1,1,0.005,0.4509845890410959,113.64811643835617
4672,-0.15508684813592685,0.1394570689523,-1.1120759191416312,-0.9683855581048447,-0.2066914919035596,-7.648280399770182,0.4293430017939147,G_md,G_0.3GA+0.7D,1,1,0.008,0.4509845890410959,113.64811643835617
4672,-0.26873496457428303,0.14176790968884714,-1.8955979894470036,-0.9959572492236131,-0.3203459016253329,-11.407485190232816,0.42939536098092146,G_md,G_0.3GA+0.7D,1,1,0.01,0.4509845890410959,113.64811643835617
4668,0.1765632227907902,0.13134598188544477,1.3442605571655954,-0.4280682364982218,0.12648425306138528,4.637417108862855,0.4099631518267699,G_md,G_0.3GA+0.7D,1,5,0.0,0.0991859468723222,24.994858611825194
4668,0.1390709348730524,0.13127337395429145,1.059399409673709,-0.4678087818204394,0.08903797608273671,3.2058183927851824,0.4095864909307998,G_md,G_0.3GA+0.7D,1,5,0.003,0.0991859468723222,24.994858611825194
4668,0.11407607626122723,0.13143929361040657,0.8678993406595377,-0.49278674911857034,0.06407379143030435,2.2771236869185256,0.4093353836668198,G_md,G_0.3GA+0.7D,1,5,0.005,0.0991859468723222,24.994858611825194
4668,0.07658378834348943,0.1320080442218929,0.5801448600720075,-0.5281155566837754,0.026627514451655822,0.926851094471544,0.40895872277084977,G_md,G_0.3GA+0.7D,1,5,0.008,0.0991859468723222,24.994858611825194
4668,0.05158892973166422,0.1325983244859398,0.38906170143299595,-0.5503173440190376,0.001663329799223434,0.05705832810199371,0.4087076155068697,G_md,G_0.3GA+0.7D,1,5,0.01,0.0991859468723222,24.994858611825194
4663,0.13528029803818753,0.13841963696302054,0.9773201332288447,-0.4456516982987566,0.07975067230862776,3.0523195333755404,0.4552416863537681,G_md,G_0.3GA+0.7D,1,10,0.0,0.04932446922582029,12.429766244906713
4663,0.11663564867082746,0.13838250318816314,0.8428496810195306,-0.46043329990763116,0.061061181020582084,2.31406504726654,0.4556093083451659,G_md,G_0.3GA+0.7D,1,10,0.003,0.04932446922582029,12.429766244906713
4663,0.10420588242592076,0.13846448187040902,0.7525820413891311,-0.4700800381465001,0.04860152016188497,1.8285171349788245,0.4558543896727646,G_md,G_0.3GA+0.7D,1,10,0.005,0.04932446922582029,12.429766244906713
4663,0.08556123305856067,0.1387471733083229,0.6166700987012339,-0.48424524052564155,0.029912028873839213,1.112049730766142,0.4562220116641623,G_md,G_0.3GA+0.7D,1,10,0.008,0.04932446922582029,12.429766244906713
4663,0.07313146681365397,0.13904161139233184,0.5259682053547259,-0.4934892109099219,0.017452368015142064,0.6433037831770211,0.4564670929917608,G_md,G_0.3GA+0.7D,1,10,0.01,0.04932446922582029,12.429766244906713
4653,0.1135415570726577,0.14826265982709286,0.7658135717049213,-0.5652073872814822,0.04848528031955357,1.4390548682839903,0.5375153642883502,G_md,G_0.3GA+0.7D,1,20,0.0,0.02493015258972706,6.282398452611219
4653,0.10411795939374086,0.1482527376486359,0.7023004164719305,-0.5691282996540067,0.03908258596608802,1.1597174764810345,0.53734265445687,G_md,G_0.3GA+0.7D,1,20,0.003,0.02493015258972706,6.282398452611219
4653,0.09783556094112963,0.1482977766852448,0.659723720260359,-0.5717258368000309,0.032814123063777643,0.9733840661837119,0.5372275145692165,G_md,G_0.3GA+0.7D,1,20,0.005,0.02493015258972706,6.282398452611219
4653,0.0884119632622128,0.14844272193977764,0.595596483996575,-0.575597667756518,0.023411428710312064,0.6939269610659171,0.5370548047377361,G_md,G_0.3GA+0.7D,1,20,0.008,0.02493015258972706,6.282398452611219
4653,0.0821295648096016,0.14859082581670338,0.5527229851384894,-0.5781626485318225,0.017142965808001683,0.5077704872332279,0.5369396648500826,G_md,G_0.3GA+0.7D,1,20,0.01,0.02493015258972706,6.282398452611219
4672,0.3111433523992917,0.13045795084300066,2.3850087356786442,-0.16678936408045408,0.26292177264772665,9.945660474656863,0.40119640966821735,G_md,G_0.3GA+0.7D,3,1,0.0,0.2928082191780822,73.78767123287672
4672,0.20046184554997665,0.13113284784372897,1.5286928397137158,-0.20550139629428843,0.15205531007874107,5.508437599246636,0.4027352138936633,G_md,G_0.3GA+0.7D,3,1,0.003,0.2928082191780822,73.78767123287672
4672,0.12667417431709993,0.1320757536259276,0.959102415390138,-0.25917804520650833,0.07814433503275069,2.7461010631721243,0.4037610833772938,G_md,G_0.3GA+0.7D,3,1,0.005,0.2928082191780822,73.78767123287672
4672,0.01599266746778487,0.1342087947459308,0.11916258914373244,-0.49290353788659136,-0.0327221275362348,-1.0968507376743672,0.40529988760273983,G_md,G_0.3GA+0.7D,3,1,0.008,0.2928082191780822,73.78767123287672
4672,-0.05779500376509185,0.13609242275001984,-0.4246746629770278,-0.8339215394881929,-0.10663310258222512,-3.4611336364162923,0.40632575708637025,G_md,G_0.3GA+0.7D,3,1,0.01,0.2928082191780822,73.78767123287672
4668,0.14359475120678544,0.1363029144287874,1.0534972917384517,-0.38594214603895205,0.08976180667259918,3.117621305659605,0.44069444185054973,G_md,G_0.3GA+0.7D,3,5,0.0,0.09447300771208227,23.80719794344473
4668,0.10788395429161836,0.13626828182701792,0.7917026093318527,-0.4277194931305933,0.054019888169418113,1.8336973108126107,0.4409492135517451,G_md,G_0.3GA+0.7D,3,5,0.003,0.09447300771208227,23.80719794344473
4668,0.08407675634817363,0.1364428748523197,0.6162048142064944,-0.4540118614921709,0.03019194250063073,1.0086480538025149,0.4411190613525419,G_md,G_0.3GA+0.7D,3,5,0.005,0.09447300771208227,23.80719794344473
4668,0.048365959433006527,0.13699977498264038,0.3530367800905886,-0.49124790929469975,-0.005549976002550383,-0.18087951721177475,0.4413738330537373,G_md,G_0.3GA+0.7D,3,5,0.008,0.09447300771208227,23.80719794344473
4668,0.024558761489561806,0.13756585771617538,0.17852366784374085,-0.5146788427505435,-0.029377921671337768,-0.9413433114041475,0.4415436808545342,G_md,G_0.3GA+0.7D,3,5,0.01,0.09447300771208227,23.80719794344473
4663,0.13728578815199022,0.14038158478918905,0.9779472739116902,-0.43318525135833874,0.08073657237099321,2.464028964255465,0.46360046580361336,G_md,G_0.3GA+0.7D,3,10,0.0,0.0420330259489599,10.592322539137895
4663,0.12139730434328337,0.14032464606477277,0.8651174811247864,-0.4499381615217427,0.06482787553288853,1.9592982238135268,0.46376617579118284,G_md,G_0.3GA+0.7D,3,10,0.003,0.0420330259489599,10.592322539137895
4663,0.11080498180414548,0.1403770782667269,0.7893381396185478,-0.46155446440340453,0.05422207764081874,1.6276618412921902,0.46387664911622917,G_md,G_0.3GA+0.7D,3,10,0.005,0.0420330259489599,10.592322539137895
4663,0.09491649799543866,0.1405911113332573,0.6751244591163982,-0.4806429949327595,0.03831338080271404,1.137979409390793,0.4640423591037986,G_md,G_0.3GA+0.7D,3,10,0.008,0.0420330259489599,10.592322539137895
4663,0.08432417545630075,0.14082373647238866,0.5987923454426607,-0.4950127886492228,0.02770758291064426,0.8169605700316639,0.46415283242884503,G_md,G_0.3GA+0.7D,3,10,0.01,0.0420330259489599,10.592322539137895
4653,0.16547755167215686,0.1413989836923633,1.1702881262016738,-0.43271843922194153,0.107853754246554,3.3072977708259854,0.4761058887899403,G_md,G_0.3GA+0.7D,3,20,0.0,0.02364066193853428,5.957446808510638
4653,0.1565413814593909,0.14136870698050083,1.1073269665045662,-0.44139733031494044,0.09892912202685968,3.0254441693976735,0.4760105582721398,G_md,G_0.3GA+0.7D,3,20,0.003,0.02364066193853428,5.957446808510638
4653,0.15058393465088024,0.14139995913718123,1.0649503406488898,-0.44806495782606737,0.09297936721373012,2.8378509082375794,0.47594700459360606,G_md,G_0.3GA+0.7D,3,20,0.005,0.02364066193853428,5.957446808510638
4653,0.14164776443811428,0.1415239241678398,1.0008750483072222,-0.45792970167136615,0.08405473499403585,2.557137851735305,0.47585167407580564,G_md,G_0.3GA+0.7D,3,20,0.008,0.02364066193853428,5.957446808510638
4653,0.13569031762960365,0.14165785378285214,0.9578735947644942,-0.46441612498966656,0.0781049801809063,2.3705685446567477,0.4757881203972719,G_md,G_0.3GA+0.7D,3,20,0.01,0.02364066193853428,5.957446808510638
4672,0.3081452808409095,0.12787718435475579,2.409697104262599,-0.16204482623806216,0.26259116055949194,9.931221957602661,0.37900354149856846,G_md,G_0.3GA+0.7D,5,1,0.0,0.2230308219178082,56.20376712328767
4672,0.22383963015597802,0.12816662403517323,1.7464736380553247,-0.19326494838809982,0.17819099283934692,6.4409631731651595,0.37978990924876505,G_md,G_0.3GA+0.7D,5,1,0.003,0.2230308219178082,56.20376712328767
4672,0.16763586303269035,0.12878386752362855,1.3016837143979503,-0.23823628882350234,0.12192421435925023,4.268456129298141,0.38031415441556254,G_md,G_0.3GA+0.7D,5,1,0.005,0.2230308219178082,56.20376712328767
4672,0.08333021234775885,0.13033410278810542,0.6393584684680376,-0.31821570628049134,0.03752404663910519,1.2499225757797938,0.3811005221657591,G_md,G_0.3GA+0.7D,5,1,0.008,0.2230308219178082,56.20376712328767
4672,0.02712644522447116,0.13177241397750744,0.2058583007297828,-0.5471739053933417,-0.018742731840991532,-0.603490857556072,0.38162476733255674,G_md,G_0.3GA+0.7D,5,1,0.01,0.2230308219178082,56.20376712328767
4668,0.15526497464059152,0.13627234947274394,1.1393725524021023,-0.30440208172082295,0.10151185172956641,3.4630497365733066,0.44004099541601077,G_md,G_0.3GA+0.7D,5,5,0.0,0.0837617823479006,21.107969151670954
4668,0.12360302091308509,0.1363047978485467,0.906813427436538,-0.34391222909564534,0.06984688027263072,2.3403907305383926,0.4400656995557899,G_md,G_0.3GA+0.7D,5,5,0.003,0.0837617823479006,21.107969151670954
4668,0.10249505176141414,0.13650367963426627,0.7508592591498537,-0.3690283141806493,0.048736899301340245,1.6126348735468494,0.44008216898230934,G_md,G_0.3GA+0.7D,5,5,0.005,0.0837617823479006,21.107969151670954
4668,0.07083309803390771,0.13706633350121578,0.5167796950903295,-0.4049548742918099,0.017071927844404495,0.5538824998248235,0.44010687312208874,G_md,G_0.3GA+0.7D,5,5,0.008,0.0837617823479006,21.107969151670954
4668,0.04972512888223677,0.13761597573199164,0.3613325314720503,-0.4277901909028299,-0.004038053126886009,-0.12924250032087337,0.4401233425486082,G_md,G_0.3GA+0.7D,5,5,0.01,0.0837617823479006,21.107969151670954
4663,0.1582296571398172,0.14207772759914258,1.1136837547560279,-0.37579074243531263,0.10033885511737314,3.1025753097035613,0.47459902693060163,G_md,G_0.3GA+0.7D,5,10,0.0,0.0420330259489599,10.592322539137895
4663,0.14234117333111035,0.14210889832937068,1.0016344859785018,-0.3943035557353698,0.08446278197421708,2.5844564383053625,0.4744972821008845,G_md,G_0.3GA+0.7D,5,10,0.003,0.0420330259489599,10.592322539137895
4663,0.13174885079197246,0.14221890767452225,0.9263806968162684,-0.40713632444319603,0.07387873321211305,2.2441517490215825,0.47442945221440624,G_md,G_0.3GA+0.7D,5,10,0.005,0.0420330259489599,10.592322539137895
4663,0.1158603669832656,0.1425173517250571,0.8129562160738304,-0.4282143248128816,0.05800266006895704,1.7419283137315473,0.474327707384689,G_md,G_0.3GA+0.7D,5,10,0.008,0.0420330259489599,10.592322539137895
4663,0.10526804444412771,0.14280483401165353,0.7371462259851608,-0.44186528842262274,0.047418611306853015,1.4128936575770494,0.47425987749821086,G_md,G_0.3GA+0.7D,5,10,0.01,0.0420330259489599,10.592322539137895
4653,0.17047266330278055,0.13942549151593892,1.2226793066983193,-0.39859283671645773,0.11478857466976765,3.544943257335848,0.46007940633046684,G_md,G_0.3GA+0.7D,5,20,0.0,0.02321083172147002,5.849129593810445
4653,0.16169896891206487,0.13942920083538599,1.1597209762607132,-0.4075467963013175,0.10603460807449447,3.264314752303064,0.45991640909663933,G_md,G_0.3GA+0.7D,5,20,0.003,0.02321083172147002,5.849129593810445
4653,0.15584983931825444,0.13948289538915784,1.1173401504423375,-0.4134492596665764,0.10019863034431235,3.0776763477511455,0.45980774427408766,G_md,G_0.3GA+0.7D,5,20,0.005,0.02321083172147002,5.849129593810445
4653,0.14707614492753876,0.13964015155625742,1.0532511121508317,-0.4222037553174498,0.09144466374903916,2.798582213767463,0.4596447470402603,G_md,G_0.3GA+0.7D,5,20,0.008,0.02321083172147002,5.849129593810445
4653,0.14122701533372833,0.13979599765416004,1.01023647102622,-0.42797456872776274,0.08560868601885704,2.613204422611149,0.4595360822177086,G_md,G_0.3GA+0.7D,5,20,0.01,0.02321083172147002,5.849129593810445
4672,0.29611564089559006,0.12715379162376428,2.328799142472822,-0.16224442883526746,0.25128502162128563,8.716308722815882,0.37298412015359084,G_md,G_0.3GA+0.7D,10,1,0.0,0.14897260273972604,37.541095890410965
4672,0.23980399705997366,0.12722215104570483,1.8849233021836231,-0.22066417318948217,0.1949328638870305,6.483252444401736,0.37332118979666884,G_md,G_0.3GA+0.7D,10,1,0.003,0.14897260273972604,37.541095890410965
4672,0.2022629011695627,0.1275811770227059,1.58536632040607,-0.2587336661640194,0.1573647587308603,5.083885518960499,0.373545902892054,G_md,G_0.3GA+0.7D,10,1,0.005,0.14897260273972604,37.541095890410965
4672,0.14595125733394623,0.12858464441569695,1.1350597732502599,-0.3124444023909744,0.10101260099660522,3.1210231135800113,0.3738829725351322,G_md,G_0.3GA+0.7D,10,1,0.008,0.14897260273972604,37.541095890410965
4672,0.1084101614435353,0.12955797350114961,0.8367695056805851,-0.35866206156271496,0.0634444958404351,1.902073230703609,0.3741076856305175,G_md,G_0.3GA+0.7D,10,1,0.01,0.14897260273972604,37.541095890410965
4668,0.15850117608740694,0.13524704176023553,1.1719382104371354,-0.3099055189570551,0.10588225010497758,3.4111763301326636,0.4307560810067929,G_md,G_0.3GA+0.7D,10,5,0.0,0.0689802913453299,17.383033419023135
4668,0.13242662595887225,0.135257429050566,0.9790709973451036,-0.33539266699670023,0.0797986310408721,2.526317955318495,0.4308303223386412,G_md,G_0.3GA+0.7D,10,5,0.003,0.0689802913453299,17.383033419023135
4668,0.11504359253984911,0.13541386138480704,0.8495702830076495,-0.3615215991205588,0.0624095516648018,1.9522090690819864,0.4308798165598734,G_md,G_0.3GA+0.7D,10,5,0.005,0.0689802913453299,17.383033419023135
4668,0.08896904241131438,0.13587173831225616,0.654801679263487,-0.3988469738236199,0.03632593260069631,1.1154689506820819,0.43095405789172175,G_md,G_0.3GA+0.7D,10,5,0.008,0.0689802913453299,17.383033419023135
4668,0.07158600899229126,0.1363246422552432,0.5251142259244621,-0.4225394211022424,0.018936853224625984,0.5742078776354602,0.431003552112954,G_md,G_0.3GA+0.7D,10,5,0.01,0.0689802913453299,17.383033419023135
4663,0.1751962711433065,0.13962735183361655,1.2547417740334632,-0.3759571507591236,0.11932105389469347,3.708694770393037,0.4580749067087837,G_md,G_0.3GA+0.7D,10,10,0.0,0.037315033240403174,9.4033883765816
4663,0.16109118857843413,0.1396735530741412,1.153340664949821,-0.3926470439105493,0.10516716695890023,3.232484566486176,0.4584750135675554,G_md,G_0.3GA+0.7D,10,10,0.003,0.037315033240403174,9.4033883765816
4663,0.15168780020185255,0.13978533625952222,1.0851481583177829,-0.40353845936116006,0.09573124233503806,2.919937595186865,0.4587417514734033,G_md,G_0.3GA+0.7D,10,10,0.005,0.037315033240403174,9.4033883765816
4663,0.13758271763698016,0.14007409681807545,0.9822138479726841,-0.4195302975663594,0.0815773553992449,2.4588908417906143,0.45914185833217513,G_md,G_0.3GA+0.7D,10,10,0.008,0.037315033240403174,9.4033883765816
4663,0.12817932926039854,0.14034694017392274,0.9133033402905282,-0.4299656177007175,0.07214143077538278,2.156901116988076,0.459408596238023,G_md,G_0.3GA+0.7D,10,10,0.01,0.037315033240403174,9.4033883765816
4653,0.16895421083518164,0.14169849659790645,1.1923500593984275,-0.3879729087746002,0.11121820518580484,3.2632307233074087,0.4770329883303419,G_md,G_0.3GA+0.7D,10,20,0.0,0.02149151085321298,5.415860735009671
4653,0.16083041973266707,0.14165118597312668,1.135397622178603,-0.40066952224768526,0.10312836091648656,3.0096029978914873,0.4767525089466055,G_md,G_0.3GA+0.7D,10,20,0.003,0.02149151085321298,5.415860735009671
4653,0.1554145589976574,0.14166641462533575,1.0970458976369333,-0.4089975809211426,0.09773513140360768,2.841616530204455,0.47656552269078123,G_md,G_0.3GA+0.7D,10,20,0.005,0.02149151085321298,5.415860735009671
4653,0.14729076789514292,0.14175938106144453,1.0390195470118544,-0.4212883882074304,0.08964528713428933,2.5914135873232556,0.47628504330704496,G_md,G_0.3GA+0.7D,10,20,0.008,0.02149151085321298,5.415860735009671
4653,0.14187490716013323,0.14186803617642224,1.0000484322183925,-0.4293499394900331,0.08425205762141047,2.4258671905279985,0.47609805705122055,G_md,G_0.3GA+0.7D,10,20,0.01,0.02149151085321298,5.415860735009671
4672,0.2541433221089925,0.13000045187413797,1.954941836317965,-0.19259085063939763,0.2070152815574403,7.318968548634955,0.39209832530149025,G_md,G_0.3GA+0.7D,20,1,0.0,0.09888698630136987,24.919520547945208
4672,0.2167640412870747,0.1300019730725084,1.6673903954224976,-0.2350481223889801,0.16962568217696564,5.767884417111114,0.3921841741821627,G_md,G_0.3GA+0.7D,20,1,0.003,0.09888698630136987,24.919520547945208
4672,0.19184452073912953,0.1302187657701766,1.473247881013681,-0.26329311173085557,0.14469928258998255,4.789362887040662,0.39224140676927777,G_md,G_0.3GA+0.7D,20,1,0.005,0.09888698630136987,24.919520547945208
4672,0.1544652399172117,0.1308654779203886,1.1803360395105875,-0.32281794820459475,0.1073096832095079,3.407485700257574,0.3923272556499505,G_md,G_0.3GA+0.7D,20,1,0.008,0.09888698630136987,24.919520547945208
4672,0.1295457193692665,0.13150850856706423,0.9850748121229222,-0.3598496924003277,0.08238328362252491,2.543472591782591,0.3923844882370655,G_md,G_0.3GA+0.7D,20,1,0.01,0.09888698630136987,24.919520547945208
4668,0.18167396301426497,0.1347605877030957,1.348123855132843,-0.27395255933162266,0.1295859880747737,4.182403184155002,0.4264095386516933,G_md,G_0.3GA+0.7D,20,5,0.0,0.049271636675235646,12.416452442159382
4668,0.1630492843510259,0.134830278188496,1.2092927978912797,-0.2922547774027735,0.11097917981143166,3.5030353325299193,0.4262632455968286,G_md,G_0.3GA+0.7D,20,5,0.003,0.049271636675235646,12.416452442159382
4668,0.1506328319088665,0.13498610003444186,1.1159136523718547,-0.3104691136544482,0.0985746409692036,3.0650374382341736,0.42616571689358557,G_md,G_0.3GA+0.7D,20,5,0.005,0.049271636675235646,12.416452442159382
4668,0.13200815324562742,0.13538311985830526,0.9750709939598813,-0.3369480277034014,0.07996783270586151,2.4304268012424832,0.42601942383872093,G_md,G_0.3GA+0.7D,20,5,0.008,0.049271636675235646,12.416452442159382
4668,0.11959170080346805,0.13575591494735564,0.8809317873909519,-0.3540544821611379,0.06756329386363348,2.0221877095187675,0.42592189513547785,G_md,G_0.3GA+0.7D,20,5,0.01,0.049271636675235646,12.416452442159382
4663,0.1845100456122302,0.14038912451970575,1.3142759187612958,-0.3259725400173873,0.1274378827964568,4.091353011618526,0.46788767802335235,G_md,G_0.3GA+0.7D,20,10,0.0,0.03131031524769462,7.8901994424190445
4663,0.17267474644860165,0.1404771229084095,1.229201900448836,-0.34002877027837075,0.11555260569198215,3.663536121289751,0.4682974060157947,G_md,G_0.3GA+0.7D,20,10,0.003,0.03131031524769462,7.8901994424190445
4663,0.1647845470061826,0.14060373832550294,1.1719784194122933,-0.34924784399563413,0.10762908762233242,3.3829636303542583,0.46857055801075626,G_md,G_0.3GA+0.7D,20,10,0.005,0.03131031524769462,7.8901994424190445
4663,0.15294924784255404,0.14089521981010522,1.0855531369246942,-0.3628524650293977,0.09574381051785784,2.969488912325534,0.4689802860031985,G_md,G_0.3GA+0.7D,20,10,0.008,0.03131031524769462,7.8901994424190445
4663,0.145059048400135,0.14115692015329695,1.0276439032716238,-0.37177497452661024,0.08782029244820808,2.6989727773391325,0.46925343799816005,G_md,G_0.3GA+0.7D,20,10,0.01,0.03131031524769462,7.8901994424190445
4653,0.1868892980726405,0.14402524705741054,1.2976148410850754,-0.3323921364219454,0.12682981890048853,3.8007270701498106,0.49623025536344534,G_md,G_0.3GA+0.7D,20,20,0.0,0.017193208682570384,4.332688588007737
4653,0.18039026519062887,0.1439827553318407,1.2528602107584264,-0.3442726210917717,0.12034287820683245,3.5815292076652323,0.4961303459103787,G_md,G_0.3GA+0.7D,20,20,0.003,0.017193208682570384,4.332688588007737
4653,0.1760575766026211,0.14399139895403404,1.2226950906895728,-0.352084937595877,0.11601825107772847,3.436573821874199,0.4960637396083342,G_md,G_0.3GA+0.7D,20,20,0.005,0.017193208682570384,4.332688588007737
4653,0.16955854372060955,0.14405980823641445,1.1770010372521773,-0.3636435456418531,0.10953131038407236,3.2210086671352527,0.4959638301552676,G_md,G_0.3GA+0.7D,20,20,0.008,0.017193208682570384,4.332688588007737
4653,0.1652258551326018,0.14414233605878954,1.1462687483100955,-0.371461166713865,0.10520668325496832,3.0785997628234076,0.4958972238532231,G_md,G_0.3GA+0.7D,20,20,0.01,0.017193208682570384,4.332688588007737
4672,0.25650964768667006,0.13795940415851074,1.8593125220514077,-0.2981118485336326,0.20154404768657194,8.232694621885734,0.4573056604306484,G_md,H_GA-0.3Q,1,1,0.0,0.4490582191780822,113.16267123287672
4672,0.08676564083735495,0.13902014898989673,0.6241227726180947,-0.4456494812768794,0.031615495223454415,1.2200371151169147,0.45884105263594444,G_md,H_GA-0.3Q,1,1,0.003,0.4490582191780822,113.16267123287672
4672,-0.026397030395521753,0.14027961382830237,-0.18817438739053596,-0.6688205507385538,-0.08167020641862405,-3.027734968002883,0.4598646474394748,G_md,H_GA-0.3Q,1,1,0.005,0.4490582191780822,113.16267123287672
4672,-0.19614103724483684,0.1429680737729564,-1.3719219408126246,-0.9843523757818876,-0.2515987588817416,-8.766666754077256,0.4614000396447715,G_md,H_GA-0.3Q,1,1,0.008,0.4490582191780822,113.16267123287672
4672,-0.30930370847771355,0.14527021478752664,-2.1291612250322864,-0.997960161319112,-0.3648844605238198,-12.192271276243245,0.4624236344483017,G_md,H_GA-0.3Q,1,1,0.01,0.4490582191780822,113.16267123287672
4668,0.13160887248708003,0.13789527288994013,0.9544117773502102,-0.45394953988494,0.07569035537712619,2.5891099050764055,0.45776763467270776,G_md,H_GA-0.3Q,1,5,0.0,0.10154241645244216,25.588688946015424
4668,0.09322583906805688,0.13775759865388845,0.6767382705492988,-0.4903494237659741,0.037395418060367946,1.2583971737376156,0.45704645059197874,G_md,H_GA-0.3Q,1,5,0.003,0.10154241645244216,25.588688946015424
4668,0.06763715012204147,0.1378743775411295,0.4905708466525228,-0.5132857977173217,0.011865459849195752,0.39463785373025023,0.45656566120482556,G_md,H_GA-0.3Q,1,5,0.005,0.10154241645244216,25.588688946015424
4668,0.029254116703018338,0.1383613322690392,0.21143274803204873,-0.545808842070181,-0.026429477467562454,-0.8628010241048678,0.4558444771240964,G_md,H_GA-0.3Q,1,5,0.008,0.10154241645244216,25.588688946015424
4668,0.0036654277570029124,0.13889212595275077,0.02639046477155834,-0.5662994310760275,-0.05195943567873461,-1.674220389947308,0.45536368773694347,G_md,H_GA-0.3Q,1,5,0.01,0.10154241645244216,25.588688946015424
4663,0.13398668844488928,0.136506374257999,0.9815416252405369,-0.3321298738407432,0.07999627731221169,2.9686443823989803,0.44262293303895933,G_md,H_GA-0.3Q,1,10,0.0,0.04524983915933948,11.402959468153549
4663,0.11688224924265893,0.1365214018765461,0.8561459788433282,-0.34011081073516936,0.06287474106494609,2.3189697804953675,0.4427630976359883,G_md,H_GA-0.3Q,1,10,0.003,0.04524983915933948,11.402959468153549
4663,0.10547928977450541,0.13663107902962232,0.7720007082110284,-0.3453849604601772,0.051460383566769,1.889225245818669,0.4428565407006743,G_md,H_GA-0.3Q,1,10,0.005,0.04524983915933948,11.402959468153549
4663,0.08837485057227508,0.13694460397880198,0.6453328426577135,-0.35322702986878884,0.03433884731950333,1.2509914350922282,0.44299670529770324,G_md,H_GA-0.3Q,1,10,0.008,0.04524983915933948,11.402959468153549
4663,0.07697189110412153,0.13725243061089565,0.5608053042232332,-0.3584092956476512,0.022924489821326183,0.8304785497147533,0.4430901483623892,G_md,H_GA-0.3Q,1,10,0.01,0.04524983915933948,11.402959468153549
4653,0.09246091898779465,0.151544264395919,0.6101248328754605,-0.5578175034543734,0.024021557623826077,0.73117071649311,0.5654674704921591,G_md,H_GA-0.3Q,1,20,0.0,0.02385557704706641,6.0116054158607355
4653,0.08344351086400356,0.1515278098970382,0.5506811648680376,-0.5679076288470413,0.01503272777567089,0.4576641090047822,0.5652313478149043,G_md,H_GA-0.3Q,1,20,0.003,0.02385557704706641,6.0116054158607355
4653,0.07743190544814284,0.1515652539803386,0.510881639522654,-0.5798599696332607,0.00904017454356749,0.27521006170739126,0.5650739326967342,G_md,H_GA-0.3Q,1,20,0.005,0.02385557704706641,6.0116054158607355
4653,0.06841449732435173,0.15169396902654567,0.45100341011170686,-0.5971926927813236,5.13446954123277e-05,0.0015625249967884775,0.5648378100194792,G_md,H_GA-0.3Q,1,20,0.008,0.02385557704706641,6.0116054158607355
4653,0.06240289190849101,0.15182804933091604,0.41101029871286243,-0.608362552646128,-0.005941208536691151,-0.18072563676982747,0.5646803949013091,G_md,H_GA-0.3Q,1,20,0.01,0.02385557704706641,6.0116054158607355
4672,0.2641944308218814,0.13414764974190546,1.969430186292347,-0.22743028430526935,0.21263616562294452,9.22742994133442,0.42895713896357573,G_md,H_GA-0.3Q,3,1,0.0,0.2833904109589041,71.41438356164383
4672,0.15707285547941563,0.1347141935574187,1.1659710928118876,-0.31821559438912994,0.10531750541016457,4.354943091472787,0.4305968559279994,G_md,H_GA-0.3Q,3,1,0.003,0.2833904109589041,71.41438356164383
4672,0.08565847191777176,0.13556337973829366,0.6318702888872809,-0.3876267823647447,0.03377173193497802,1.3483657260932438,0.4316900005709482,G_md,H_GA-0.3Q,3,1,0.005,0.2833904109589041,71.41438356164383
4672,-0.02146310342469398,0.13752692773507844,-0.15606473421727923,-0.5760106056325575,-0.0735469282778018,-2.7779094730294176,0.4333297175353722,G_md,H_GA-0.3Q,3,1,0.008,0.2833904109589041,71.41438356164383
4672,-0.09287748698633781,0.13928067982882836,-0.6668368297776934,-0.8853648183844387,-0.14509270175298844,-5.274678994397812,0.43442286217832105,G_md,H_GA-0.3Q,3,1,0.01,0.2833904109589041,71.41438356164383
4668,0.14001095754387174,0.13474570536902308,1.0390754730210432,-0.3477348414799072,0.08700135594270986,3.0332337006698893,0.4339542819454876,G_md,H_GA-0.3Q,3,5,0.0,0.09768637532133675,24.61696658097686
4668,0.10308550767240643,0.13464202030375408,0.7656265662075202,-0.3866057088081406,0.050056371185679564,1.712962672768306,0.4341142010352783,G_md,H_GA-0.3Q,3,5,0.003,0.09768637532133675,24.61696658097686
4668,0.07846854109142959,0.1347790603232336,0.5822012774331752,-0.41125416352946953,0.025426381347659382,0.8589512954542378,0.43422081376180544,G_md,H_GA-0.3Q,3,5,0.005,0.09768637532133675,24.61696658097686
4668,0.04154309121996429,0.1352926124958228,0.30706104681988416,-0.4465811863549809,-0.011518603409370881,-0.3814180509597964,0.43438073285159623,G_md,H_GA-0.3Q,3,5,0.008,0.09768637532133675,24.61696658097686
4668,0.016926124638987416,0.1358384974332224,0.1246047693313762,-0.504413589956118,-0.03614859324739105,-1.1807085477254697,0.4344873455781232,G_md,H_GA-0.3Q,3,5,0.01,0.09768637532133675,24.61696658097686
4663,0.12095928541739571,0.13939305640943855,0.8677568921518057,-0.45917439593455267,0.06481420187085157,2.1175265257227385,0.4602873183169317,G_md,H_GA-0.3Q,3,10,0.0,0.04739438129959254,11.94338408749732
4663,0.10304420928614974,0.13935619627197968,0.7394304095746106,-0.47676820229229877,0.04688847272106475,1.5122274355513574,0.460374653645805,G_md,H_GA-0.3Q,3,10,0.003,0.04739438129959254,11.94338408749732
4663,0.09110082519865241,0.1394336725960397,0.65336316187113,-0.48886659840360835,0.03493798662120686,1.1167961982416468,0.4604328771983873,G_md,H_GA-0.3Q,3,10,0.005,0.04739438129959254,11.94338408749732
4663,0.07318574906740644,0.1397026221374001,0.5238681131942313,-0.5127169028892806,0.017012257471420007,0.5363370668413403,0.4605202125272605,G_md,H_GA-0.3Q,3,10,0.008,0.04739438129959254,11.94338408749732
4663,0.061242364979909106,0.13998328872559845,0.43749768659857075,-0.537520113054661,0.0050617713715621045,0.1580748735506691,0.46057843607984267,G_md,H_GA-0.3Q,3,10,0.01,0.04739438129959254,11.94338408749732
4653,0.11329396541760364,0.14653048361651339,0.7731767658264652,-0.5494120980462204,0.05046881575363018,1.4878213861362315,0.5190810924556876,G_md,H_GA-0.3Q,3,20,0.0,0.02321083172147002,5.849129593810445
4653,0.104520271026888,0.1465495587410466,0.7132076815841906,-0.5640402851658601,0.04168604187855221,1.226329547999319,0.5191561100033886,G_md,H_GA-0.3Q,3,20,0.003,0.02321083172147002,5.849129593810445
4653,0.09867114143307755,0.14661100463195945,0.6730132003445015,-0.5735393604237278,0.03583085929516688,1.0524095188048217,0.519206121701856,G_md,H_GA-0.3Q,3,20,0.005,0.02321083172147002,5.849129593810445
4653,0.08989744704236188,0.14677614478135456,0.6124799583493478,-0.5874184004625236,0.02704808542008885,0.7923367857956668,0.5192811392495569,G_md,H_GA-0.3Q,3,20,0.008,0.02321083172147002,5.849129593810445
4653,0.08404831744855143,0.14693475818128657,0.5720111326201899,-0.5964304088104768,0.021192902836703532,0.6196047325112038,0.5193311509480241,G_md,H_GA-0.3Q,3,20,0.01,0.02321083172147002,5.849129593810445
4672,0.2627399182311068,0.12852030810839904,2.0443455365007512,-0.22828494856741077,0.21609528218880392,9.343206128762725,0.3880764712990395,G_md,H_GA-0.3Q,5,1,0.0,0.22131849315068494,55.772260273972606
4672,0.17908152782014786,0.12881791621325947,1.390191155737036,-0.26871297368417624,0.13226849032959767,5.457316914800854,0.38947754643527194,G_md,H_GA-0.3Q,5,1,0.003,0.22131849315068494,55.772260273972606
4672,0.12330926754617527,0.12943611607556893,0.9526650774516705,-0.32569482573476516,0.07638396242346016,3.0470561466105415,0.3904115965260935,G_md,H_GA-0.3Q,5,1,0.005,0.22131849315068494,55.772260273972606
4672,0.03965087713521635,0.1309812201236692,0.30272184896261456,-0.413941955469057,-0.007442829435746052,-0.2815411823532935,0.39181267166232614,G_md,H_GA-0.3Q,5,1,0.008,0.22131849315068494,55.772260273972606
4672,-0.016121383138756263,0.13241194530086464,-0.12175172792851487,-0.5837966067106868,-0.06332735734188358,-2.309591118100155,0.3927467217531475,G_md,H_GA-0.3Q,5,1,0.01,0.22131849315068494,55.772260273972606
4668,0.1507491648102029,0.130081613211126,1.1588814213545533,-0.26521377095160037,0.10175941314189672,3.3770330169264176,0.40104644943118317,G_md,H_GA-0.3Q,5,5,0.0,0.0856898029134533,21.59383033419023
4668,0.11835841930891754,0.13007024389294755,0.9099576949077665,-0.28667354626176234,0.06935862910053094,2.252871851686743,0.4011286282689941,G_md,H_GA-0.3Q,5,5,0.003,0.0856898029134533,21.59383033419023
4668,0.09676458897472731,0.13025231567160317,0.7429011029538523,-0.3044405406245424,0.047758106406287054,1.5286048485259651,0.401183414160868,G_md,H_GA-0.3Q,5,5,0.005,0.0856898029134533,21.59383033419023
4668,0.06437384347344197,0.13080831648402702,0.4921234765780558,-0.337790724264178,0.015357322364921233,0.4805807117419908,0.4012655929986789,G_md,H_GA-0.3Q,5,5,0.008,0.0856898029134533,21.59383033419023
4668,0.042780013139251734,0.13136571661346233,0.3256558426513212,-0.36126687092210696,-0.006243200329322626,-0.19240015661058915,0.40132037889055283,G_md,H_GA-0.3Q,5,5,0.01,0.0856898029134533,21.59383033419023
4663,0.1551313591297775,0.1359470006249862,1.1411164528573303,-0.3774262628632291,0.10203521674648106,3.4997177377301227,0.43529155977337214,G_md,H_GA-0.3Q,5,10,0.0,0.044606476517263564,11.240832082350419
4663,0.13827011100625192,0.13593871757471723,1.0171503268026143,-0.39768390886440497,0.08515405547093044,2.8807783096550925,0.43545481131323727,G_md,H_GA-0.3Q,5,10,0.003,0.044606476517263564,11.240832082350419
4663,0.12702927892390145,0.13603193697898694,0.933819526097933,-0.41161383840098986,0.07389994795389669,2.4763933206143016,0.4355636456731473,G_md,H_GA-0.3Q,5,10,0.005,0.044606476517263564,11.240832082350419
4663,0.11016803080037585,0.13631947310826628,0.8081606265663843,-0.4342213926240155,0.05701878667834605,1.8828000061875494,0.4357268972130125,G_md,H_GA-0.3Q,5,10,0.008,0.044606476517263564,11.240832082350419
4663,0.09892719871802544,0.13660915159607478,0.7241623094954346,-0.448826527107796,0.045764679161312286,1.4960206499547917,0.4358357315729226,G_md,H_GA-0.3Q,5,10,0.01,0.044606476517263564,11.240832082350419
4653,0.14784365609288144,0.14520957932496834,1.0181398278278753,-0.4105239995733324,0.08647249213062044,2.8183461510467858,0.5070678065264599,G_md,H_GA-0.3Q,5,20,0.0,0.02149151085321298,5.415860735009671
4653,0.13971986499036695,0.14521909789269163,0.9621314759413512,-0.4175546987228014,0.07835344750177045,2.541353174600426,0.5070285896722496,G_md,H_GA-0.3Q,5,20,0.003,0.02149151085321298,5.415860735009671
4653,0.1343040042553573,0.14527106002803528,0.924506259054202,-0.42220096697683307,0.07294075108253718,2.3576417187556924,0.5070024451027763,G_md,H_GA-0.3Q,5,20,0.005,0.02149151085321298,5.415860735009671
4653,0.12618021315284275,0.14541733006537352,0.8677109743117787,-0.4291095615580166,0.06482170645368722,2.083739602525612,0.506963228248566,G_md,H_GA-0.3Q,5,20,0.008,0.02149151085321298,5.415860735009671
4653,0.12076435241783308,0.14556028784208366,0.8296517835197513,-0.4336750361968025,0.05940901003445391,1.902381407795866,0.5069370836790925,G_md,H_GA-0.3Q,5,20,0.01,0.02149151085321298,5.415860735009671
4672,0.2419297912899126,0.1275433908151445,1.8968430252928945,-0.2257897469078355,0.19627595989496263,7.338979083321789,0.37983312321196966,G_md,H_GA-0.3Q,10,1,0.0,0.1485445205479452,37.43321917808219
4672,0.1857799625227893,0.12779908714035113,1.4536877115465043,-0.2554870380103933,0.13997729817728083,4.959949857068478,0.38107139134237983,G_md,H_GA-0.3Q,10,1,0.003,0.1485445205479452,37.43321917808219
4672,0.14834674334470713,0.1282802879916329,1.1564266472053997,-0.2746733906437956,0.10244485703215969,3.4993635679201915,0.3818969034293197,G_md,H_GA-0.3Q,10,1,0.005,0.1485445205479452,37.43321917808219
4672,0.09219691457758382,0.12946126445335515,0.7121583043922945,-0.33034391210239555,0.04614619531447795,1.4912183733250468,0.38313517155973,G_md,H_GA-0.3Q,10,1,0.008,0.1485445205479452,37.43321917808219
4672,0.054763695399501634,0.1305482375321323,0.41949011671660796,-0.3802401309230047,0.008613754169356775,0.26824944194987727,0.3839606836466698,G_md,H_GA-0.3Q,10,1,0.01,0.1485445205479452,37.43321917808219
4668,0.15962068657476905,0.13213598142700364,1.2080031861945864,-0.2899627321047753,0.10868223336571724,3.3817042268028814,0.41699917030244904,G_md,H_GA-0.3Q,10,5,0.0,0.06812339331619537,17.16709511568123
4668,0.13387004390124718,0.13213968385111027,1.0130949310586108,-0.3192049687933629,0.08288959770396813,2.5260880119682807,0.4173429389123325,G_md,H_GA-0.3Q,10,5,0.003,0.06812339331619537,17.16709511568123
4668,0.11670294878556595,0.13229342750390122,0.8821522806348372,-0.3380508840229939,0.06569450726280204,1.9740115901666349,0.41757211798558824,G_md,H_GA-0.3Q,10,5,0.005,0.06812339331619537,17.16709511568123
4668,0.0909523061120441,0.13274990484935134,0.6851402734733376,-0.36537964239928,0.03990187160105291,1.173513339684003,0.41791588659547174,G_md,H_GA-0.3Q,10,5,0.008,0.06812339331619537,17.16709511568123
4668,0.07378521099636287,0.13320359364807835,0.5539280808842302,-0.3829908681669737,0.022706781159886856,0.6582020657135657,0.4181450656687274,G_md,H_GA-0.3Q,10,5,0.01,0.06812339331619537,17.16709511568123
4663,0.19429275160914836,0.13398229350881366,1.4501375257945361,-0.3604533968943835,0.14249514347280762,4.383028390282614,0.4246459465064787,G_md,H_GA-0.3Q,10,10,0.0,0.03945957538065623,9.94381299592537
4663,0.17937703211526024,0.13404111241925268,1.3382239887282215,-0.38128484068599244,0.1275605609784111,3.872256052598543,0.424800588718601,G_md,H_GA-0.3Q,10,10,0.003,0.03945957538065623,9.94381299592537
4663,0.16943321911933493,0.13416934606279746,1.2628310720097895,-0.3948109107367377,0.11760417264881345,3.5379762773706718,0.42490368352668245,G_md,H_GA-0.3Q,10,10,0.005,0.03945957538065623,9.94381299592537
4663,0.15451749962544686,0.13449471882268743,1.1488741043368154,-0.4145720148244272,0.10266959015441701,3.0462635355554117,0.4250583257388047,G_md,H_GA-0.3Q,10,10,0.008,0.03945957538065623,9.94381299592537
4663,0.1445736866295215,0.13479981606527705,1.072506557126988,-0.4274022498091261,0.09271320182481937,2.725093697255887,0.4251614205468862,G_md,H_GA-0.3Q,10,10,0.01,0.03945957538065623,9.94381299592537
4653,0.18483630238547935,0.141070327909048,1.310242239634181,-0.405670336807758,0.12655736187161176,3.680583499991334,0.48151888647940444,G_md,H_GA-0.3Q,10,20,0.0,0.02192134107027724,5.524177949709864
4653,0.17655003546091458,0.14105960779686666,1.2515987972627574,-0.4180315994537761,0.11832172121676324,3.417028314118854,0.4811005963594155,G_md,H_GA-0.3Q,10,20,0.003,0.02192134107027724,5.524177949709864
4653,0.1710258575112047,0.1411003446031719,1.212086745728331,-0.42613934866288317,0.11283129411353088,3.242924797004028,0.4808217362794227,G_md,H_GA-0.3Q,10,20,0.005,0.02192134107027724,5.524177949709864
4653,0.16273959058663992,0.14123319226611844,1.1522758069505226,-0.43814346552447325,0.10459565345868232,2.9842749306779157,0.4804034461594338,G_md,H_GA-0.3Q,10,20,0.008,0.02192134107027724,5.524177949709864
4653,0.15721541263693004,0.14136948080500403,1.1120887743358334,-0.4465467807847773,0.09910522635545,2.81356861757745,0.480124586079441,G_md,H_GA-0.3Q,10,20,0.01,0.02192134107027724,5.524177949709864
4672,0.21854626882403974,0.1257809193982329,1.7375152755252488,-0.17325679746769218,0.17398724005190735,6.311246676218782,0.3707245273544162,G_md,H_GA-0.3Q,20,1,0.0,0.10787671232876712,27.184931506849317
4672,0.17776887156376572,0.1260157450546002,1.410687779425832,-0.20427886566334763,0.1331293951900273,4.59880077840556,0.3713938394984202,G_md,H_GA-0.3Q,20,1,0.003,0.10787671232876712,27.184931506849317
4672,0.15058394005691642,0.12641214592000413,1.1912141745636422,-0.2499268340998304,0.10589083194877391,3.537183322095626,0.37184004759442285,G_md,H_GA-0.3Q,20,1,0.005,0.10787671232876712,27.184931506849317
4672,0.10980654279664244,0.12736204388436323,0.8621606520097929,-0.3136122962209493,0.06503298708689394,2.064130696969378,0.3725093597384269,G_md,H_GA-0.3Q,20,1,0.008,0.10787671232876712,27.184931506849317
4672,0.08262161128979312,0.12822807949004034,0.6443332195130511,-0.35308408043466843,0.03779442384564055,1.1591648209977774,0.3729555678344295,G_md,H_GA-0.3Q,20,1,0.01,0.10787671232876712,27.184931506849317
4668,0.1641001257200719,0.1318514153035226,1.2445837258728898,-0.2925671616420553,0.11355261106900601,3.6297243935504144,0.4137988168553133,G_md,H_GA-0.3Q,20,5,0.0,0.048414738646101116,12.200514138817482
4668,0.1457993545118457,0.1319228705964292,1.1051863399627395,-0.319621378910221,0.09519574964843236,2.974453331866353,0.41425799004447533,G_md,H_GA-0.3Q,20,5,0.003,0.048414738646101116,12.200514138817482
4668,0.1335988403730282,0.13208042988398466,1.011496104989795,-0.3371018191133418,0.08295784203471653,2.5527585102113255,0.4145641055039168,G_md,H_GA-0.3Q,20,5,0.005,0.048414738646101116,12.200514138817482
4668,0.11529806916480198,0.1324808680726616,0.870299771145556,-0.362515201677964,0.06460098061414281,1.9426246908970821,0.4150232786930788,G_md,H_GA-0.3Q,20,5,0.008,0.048414738646101116,12.200514138817482
4668,0.1030975550259845,0.13285645698502455,0.7760071084659858,-0.3789341656988674,0.052363073000426995,1.5505559059126977,0.4153293941525203,G_md,H_GA-0.3Q,20,5,0.01,0.048414738646101116,12.200514138817482
4663,0.1836347155355822,0.13582985154936986,1.351946670344676,-0.36426683702288987,0.12974807399602611,4.074341154784836,0.44177221157371854,G_md,H_GA-0.3Q,20,10,0.0,0.030881406819644006,7.78211451855029
4663,0.17196154375775674,0.13592573670973138,1.2651139358911816,-0.3830950706334082,0.11809814872912158,3.666241004374287,0.4415816325684682,G_md,H_GA-0.3Q,20,10,0.003,0.030881406819644006,7.78211451855029
4663,0.16417942923920645,0.13605894302163626,1.2066787055158767,-0.39535160314387396,0.11033153188451852,3.3985505877159836,0.4414545798983014,G_md,H_GA-0.3Q,20,10,0.005,0.030881406819644006,7.78211451855029
4663,0.15250625746138102,0.13636227072123153,1.118390421740285,-0.41330351794091524,0.09868160661761397,3.0037599716642056,0.441264000893051,G_md,H_GA-0.3Q,20,10,0.008,0.030881406819644006,7.78211451855029
4663,0.14472414294283073,0.13663314385712894,1.0592169575938486,-0.4249888965328231,0.09091498977301096,2.745149569483228,0.4411369482228841,G_md,H_GA-0.3Q,20,10,0.01,0.030881406819644006,7.78211451855029
4653,0.17400351388226548,0.13539427680599367,1.2851615148518796,-0.3748002750438657,0.12052571983090807,3.6610950117815264,0.44185030846360585,G_md,H_GA-0.3Q,20,20,0.0,0.020631850419084462,5.199226305609284
4653,0.16620467442385153,0.13541554298037844,1.227367780432224,-0.3914450449352427,0.11273824912171425,3.3957366496661447,0.4417563762915922,G_md,H_GA-0.3Q,20,20,0.003,0.020631850419084462,5.199226305609284
4653,0.16100544811824224,0.13547671866888703,1.1884362841098106,-0.40230808520441985,0.10754660198225166,3.220808990894525,0.4416937548435831,G_md,H_GA-0.3Q,20,20,0.005,0.020631850419084462,5.199226305609284
4653,0.15320660865982832,0.13563885237751824,1.129518614868655,-0.41830016517398727,0.09975913127305785,2.9614898841333197,0.4415998226715695,G_md,H_GA-0.3Q,20,20,0.008,0.020631850419084462,5.199226305609284
4653,0.14800738235421904,0.13579372426959715,1.0899427285783367,-0.4292832192513132,0.0945674841335953,2.7907138206567397,0.4415372012235603,G_md,H_GA-0.3Q,20,20,0.01,0.020631850419084462,5.199226305609284
4672,0.29515018579085783,0.13490051437725795,2.187910010227622,-0.2534377715821422,0.24302126347671077,10.199761134863108,0.4337049217395327,G_md,I_3factor,1,1,0.0,0.4511986301369863,113.70205479452055
4672,0.12459710359907696,0.13597085827422392,0.9163515269410999,-0.39260063779929244,0.07237717941457741,2.873826016638516,0.43446204383811715,G_md,I_3factor,1,1,0.003,0.4511986301369863,113.70205479452055
4672,0.01089504880455643,0.13724937517621075,0.07938140913624249,-0.4974906782984,-0.04138554329351161,-1.5798933583448156,0.43496679190384,G_md,I_3factor,1,1,0.005,0.4511986301369863,113.70205479452055
4672,-0.1596580333872244,0.13998362591736732,-1.1405479200936754,-0.9708170534255682,-0.21202962735564498,-7.614844986731044,0.4357239140024253,G_md,I_3factor,1,1,0.008,0.4511986301369863,113.70205479452055
4672,-0.27336008818174495,0.14232637922568384,-1.920656519676397,-0.9962697659783397,-0.32579235006373386,-11.226080361083373,0.43622866206814825,G_md,I_3factor,1,1,0.01,0.4511986301369863,113.70205479452055
4668,0.15866416085458665,0.13400032957653654,1.1840579896780252,-0.46754702468459564,0.10623784037348437,3.882862827924314,0.4291793481225119,G_md,I_3factor,1,5,0.0,0.10004284490145672,25.210796915167094
4668,0.120847965481836,0.13394394001444554,0.902227943039475,-0.5060175789622501,0.0684304920163901,2.4570476464659428,0.4291069235011121,G_md,I_3factor,1,5,0.003,0.10004284490145672,25.210796915167094
4668,0.09563716856666893,0.13411800763882561,0.7130822344469653,-0.5301371128733048,0.04322559311166064,1.5321429300248153,0.4290586404201786,G_md,I_3factor,1,5,0.005,0.10004284490145672,25.210796915167094
4668,0.05782097319391828,0.13469495889705468,0.42927347591464043,-0.5641673682711341,0.0054182447545663166,0.18809897229180667,0.4289862157987788,G_md,I_3factor,1,5,0.008,0.10004284490145672,25.210796915167094
4668,0.03261017627875117,0.1352880643351786,0.24104252240581164,-0.5854997161906323,-0.019786654150163185,-0.6768770866322628,0.42893793271784564,G_md,I_3factor,1,5,0.01,0.10004284490145672,25.210796915167094
4663,0.12946546883930712,0.13620841479122622,0.9504953789950912,-0.4270410944124652,0.07548425200305771,2.8893663493581223,0.44254755657178846,G_md,I_3factor,1,10,0.0,0.045464293373364786,11.457001930087927
4663,0.11227996594417519,0.13615576925027048,0.8246434694793674,-0.44064671602776984,0.05829230078785739,2.211309938853668,0.44260042103942254,G_md,I_3factor,1,10,0.003,0.045464293373364786,11.457001930087927
4663,0.10082296401408727,0.13622107210344053,0.7401422001548085,-0.44954821739880013,0.04683099997772381,1.7648356944335177,0.4426356640178454,G_md,I_3factor,1,10,0.005,0.045464293373364786,11.457001930087927
4663,0.08363746111895541,0.136469337946112,0.6128663213122759,-0.46265179760103403,0.029639048762523445,1.104998451434437,0.44268852848547957,G_md,I_3factor,1,10,0.008,0.045464293373364786,11.457001930087927
4663,0.07218045918886748,0.1367346316793644,0.5278871804630074,-0.47122443250341284,0.018177747952389883,0.672491593255756,0.4427237714639022,G_md,I_3factor,1,10,0.01,0.045464293373364786,11.457001930087927
4653,0.11288586510453126,0.14519513768270823,0.7774768969964979,-0.5652073872814818,0.05090664268216086,1.5607120716459382,0.5120917762493922,G_md,I_3factor,1,20,0.0,0.023425746830002148,5.903288201160541
4653,0.10403093280279045,0.14515306016690835,0.7166981714554799,-0.5691282996540068,0.04208911242728027,1.2898659289039105,0.5117827488065905,G_md,I_3factor,1,20,0.003,0.023425746830002148,5.903288201160541
4653,0.0981276446016299,0.14517465935276597,0.6759281891145027,-0.5717258368000314,0.0362107589240266,1.1091894433806733,0.5115767305113892,G_md,I_3factor,1,20,0.005,0.023425746830002148,5.903288201160541
4653,0.08927271229988909,0.14528149013619976,0.6144809790717106,-0.5755976677565178,0.02739322866914601,0.8382339802535524,0.5112677030685875,G_md,I_3factor,1,20,0.008,0.023425746830002148,5.903288201160541
4653,0.08336942409872854,0.14540224692610013,0.5733709475693356,-0.5860761839834234,0.021514875165892306,0.6577687843968364,0.5110616847733862,G_md,I_3factor,1,20,0.01,0.023425746830002148,5.903288201160541
4672,0.32502236352413605,0.13246746914109014,2.4536013681816256,-0.18990830280216686,0.27511769189797053,11.43868261798873,0.4151994850695261,G_md,I_3factor,3,1,0.0,0.276541095890411,69.68835616438356
4672,0.22048982927756064,0.13329328611932997,1.654170556498761,-0.23864821788824175,0.17023333119165335,6.785501813804604,0.4181266291656321,G_md,I_3factor,3,1,0.003,0.276541095890411,69.68835616438356
4672,0.15080147311317707,0.13431113850076393,1.1227771188338143,-0.31628145834569277,0.10031042405410862,3.878139032900357,0.4200780585630358,G_md,I_3factor,3,1,0.005,0.276541095890411,69.68835616438356
4672,0.04626893886660172,0.13651797531524162,0.3389219533893571,-0.41859236409268286,-0.0045739366522085136,-0.16848279223303225,0.423005202659142,G_md,I_3factor,3,1,0.008,0.276541095890411,69.68835616438356
4672,-0.02341941729778184,0.13842570809532875,-0.1691840166109444,-0.673091849941033,-0.07449684378975328,-2.653836811707737,0.42495663205654566,G_md,I_3factor,3,1,0.01,0.276541095890411,69.68835616438356
4668,0.15650168646436602,0.1355742873115633,1.1543611223617167,-0.35932524536360533,0.10307011163793818,3.4837162245761086,0.43740869553169504,G_md,I_3factor,3,5,0.0,0.09618680377035133,24.239074550128535
4668,0.12014307463917322,0.13556574331439553,0.8862347647852672,-0.40110098921254767,0.06662065263824916,2.1975369065553934,0.438152400807428,G_md,I_3factor,3,5,0.003,0.09618680377035133,24.239074550128535
4668,0.0959040000890447,0.13576195001274355,0.7064129535561511,-0.4274591107832989,0.042321013305123126,1.3729369859461529,0.43864820432458307,G_md,I_3factor,3,5,0.005,0.09618680377035133,24.239074550128535
4668,0.05954538826385189,0.13635737099090298,0.4366862446169077,-0.46488248874866356,0.005871554305434097,0.18568810349621853,0.43939190960031604,G_md,I_3factor,3,5,0.008,0.09618680377035133,24.239074550128535
4668,0.03530631371372336,0.13695302253835098,0.2577987185630498,-0.4884912507179847,-0.01842808502769192,-0.5728227572100479,0.4398877131174712,G_md,I_3factor,3,5,0.01,0.09618680377035133,24.239074550128535
4663,0.1460285398534662,0.1402184970583453,1.0414356373589093,-0.4430818066050558,0.08951737299841413,2.698143809897644,0.46328853398373177,G_md,I_3factor,3,10,0.0,0.04374865966116234,11.02466223461291
4663,0.12949154650154682,0.1401194260624165,0.9241512768105725,-0.4611595408068295,0.07300867585967909,2.1748018694117515,0.46305655662681255,G_md,I_3factor,3,10,0.003,0.04374865966116234,11.02466223461291
4663,0.11846688426693391,0.1401474206398531,0.8453019236891044,-0.47359299991118786,0.06200287776718909,1.832085817973397,0.4629019050555332,G_md,I_3factor,3,10,0.005,0.04374865966116234,11.02466223461291
4663,0.10192989091501455,0.1403303628053204,0.7263566406966493,-0.49377798486626157,0.04549418062845404,1.3276403937613686,0.4626699276986141,G_md,I_3factor,3,10,0.008,0.04374865966116234,11.02466223461291
4663,0.09090522868040161,0.14054600572015025,0.6468005135728196,-0.5068189211700269,0.03448838253596398,0.997936696007173,0.4625152761273346,G_md,I_3factor,3,10,0.01,0.04374865966116234,11.02466223461291
4653,0.1578883091937269,0.14392259499020194,1.0970362867934373,-0.4290764575234882,0.09770029904962026,3.045490851962627,0.4972922185691594,G_md,I_3factor,3,20,0.0,0.02278100150440576,5.740812379110252
4653,0.14927709062506153,0.14390782138771302,1.0373104754527744,-0.43589392959211637,0.08909950955446899,2.7683412702030408,0.4972060502925704,G_md,I_3factor,3,20,0.003,0.02278100150440576,5.740812379110252
4653,0.14353627824595125,0.14394670641344606,0.9971487491605682,-0.44039923885975574,0.0833656498910348,2.5840524581503663,0.49714860477484435,G_md,I_3factor,3,20,0.005,0.02278100150440576,5.740812379110252
4653,0.1349250596772859,0.1440780561764954,0.9364719601158619,-0.4470981698573524,0.0747648603958835,2.308558507817353,0.4970624364982553,G_md,I_3factor,3,20,0.008,0.02278100150440576,5.740812379110252
4653,0.12918424729817565,0.14421420071072927,0.8957803507665566,-0.4515250440908657,0.06903100073244932,2.1256483485276667,0.49700499098052925,G_md,I_3factor,3,20,0.01,0.02278100150440576,5.740812379110252
4672,0.3031048962986204,0.12913684625946076,2.3471604354470945,-0.2526517810453356,0.2562045925547162,10.186077027406288,0.3902035887530719,G_md,I_3factor,5,1,0.0,0.2170376712328767,54.69349315068493
4672,0.22106465657259297,0.1294556681316191,1.7076475658665946,-0.28905275805660413,0.17402203836328728,6.637441490205554,0.39138762405131633,G_md,I_3factor,5,1,0.003,0.2170376712328767,54.69349315068493
4672,0.16637116342190802,0.13008002764686205,1.2789908368836471,-0.3205512590680536,0.11923366890233468,4.414321733575733,0.39217698091681247,G_md,I_3factor,5,1,0.005,0.2170376712328767,54.69349315068493
4672,0.08433092369588063,0.1316225641243081,0.6407026352733572,-0.41567031220731643,0.037051114710905705,1.3088430540197962,0.393361016215057,G_md,I_3factor,5,1,0.008,0.2170376712328767,54.69349315068493
4672,0.02963743054519569,0.13304399096108038,0.2227641423795351,-0.47163119700251566,-0.017737254750046956,-0.6066389981409523,0.3941503730805531,G_md,I_3factor,5,1,0.01,0.2170376712328767,54.69349315068493
4668,0.1621936633647975,0.13403414686953574,1.210092108264555,-0.3261842793715175,0.11028002628929685,3.611023881301308,0.42498235074046964,G_md,I_3factor,5,5,0.0,0.08526135389888603,21.48586118251928
4668,0.1299648715910186,0.13404778431775255,0.9695413635703547,-0.36448031442994977,0.07802652689741604,2.4974008116573696,0.4251846155443567,G_md,I_3factor,5,5,0.003,0.08526135389888603,21.48586118251928
4668,0.10847901040849932,0.13424005058055946,0.808097210477431,-0.38882388185332506,0.05652419396949546,1.7813063553259902,0.42531945874694815,G_md,I_3factor,5,5,0.005,0.08526135389888603,21.48586118251928
4668,0.07625021863472041,0.13480164436880623,0.5656475408126779,-0.42380713333405107,0.024270694577614632,0.7469478871993459,0.4255217235508353,G_md,I_3factor,5,5,0.008,0.08526135389888603,21.48586118251928
4668,0.054764357452201116,0.13535640663834714,0.40459375963284555,-0.446477485714435,0.0027683616496940763,0.08384298668285842,0.4256565667534268,G_md,I_3factor,5,5,0.01,0.08526135389888603,21.48586118251928
4663,0.15117096351605944,0.1395058461640085,1.083617408680759,-0.3882963670718682,0.09541474511174285,3.0546461871210955,0.45709933315070683,G_md,I_3factor,5,10,0.0,0.042461934377010506,10.700407463006648
4663,0.13512035232154945,0.13949620061261256,0.9686310575352872,-0.409971286092466,0.07936048979082105,2.511456332237906,0.45712920834311477,G_md,I_3factor,5,10,0.003,0.042461934377010506,10.700407463006648
4663,0.12441994485854282,0.13958157655199446,0.8913779879266237,-0.42476894366312057,0.06865765291020647,2.1553935298465134,0.45714912513805345,G_md,I_3factor,5,10,0.005,0.042461934377010506,10.700407463006648
4663,0.10836933366403285,0.13984701363804722,0.7749134632543169,-0.4485304252161758,0.05260339758928461,1.6309446275260662,0.45717900033046144,G_md,I_3factor,5,10,0.008,0.042461934377010506,10.700407463006648
4663,0.09766892620102621,0.14011514899210803,0.6970618587896403,-0.4638425340302008,0.04190056070867009,1.2880155244066231,0.4571989171254001,G_md,I_3factor,5,10,0.01,0.042461934377010506,10.700407463006648
4653,0.15415599839845145,0.14283177914906092,1.0792836112303301,-0.4067395282390497,0.09510702124031378,2.973377297629681,0.48788117076645343,G_md,I_3factor,5,20,0.0,0.02192134107027724,5.524177949709864
4653,0.14586973147388665,0.1428309758091201,1.0212751866151748,-0.41205620691860956,0.08683770794419038,2.7044180132972717,0.4877410945705427,G_md,I_3factor,5,20,0.003,0.02192134107027724,5.524177949709864
4653,0.14034555352417682,0.14287772837670212,0.9822773298449347,-0.4155785530684678,0.08132483241344152,2.5257597764009083,0.4876477104399355,G_md,I_3factor,5,20,0.005,0.02192134107027724,5.524177949709864
4653,0.132059286599612,0.14301869666897057,0.9233707877038966,-0.4208290894772556,0.0730555191173181,2.258951110822413,0.4875076342440249,G_md,I_3factor,5,20,0.008,0.02192134107027724,5.524177949709864
4653,0.1265351086499021,0.14315979331663703,0.8838732280790257,-0.4243075611919015,0.06754264358656918,2.081980861446601,0.48741425011341766,G_md,I_3factor,5,20,0.01,0.02192134107027724,5.524177949709864
4672,0.2871640483061549,0.12653890282658029,2.269373622590272,-0.1523092428379722,0.2426047579716342,9.128767348277455,0.370726703514793,G_md,I_3factor,10,1,0.0,0.144263698630137,36.35445205479452
4672,0.23263237022396313,0.12663321721144938,1.8370564639096132,-0.18352038148682082,0.18803639670609512,6.774096985345967,0.3710319021733583,G_md,I_3factor,10,1,0.003,0.144263698630137,36.35445205479452
4672,0.19627791816916862,0.12700268275853765,1.5454627721710392,-0.20373350827160885,0.15165748919573588,5.301208904988383,0.371235367945735,G_md,I_3factor,10,1,0.005,0.144263698630137,36.35445205479452
4672,0.1417462400869768,0.12801145587301657,1.1072933990187934,-0.2509975659630137,0.09708912793019696,3.2400706223915283,0.37154056660430046,G_md,I_3factor,10,1,0.008,0.144263698630137,36.35445205479452
4672,0.1053917880321823,0.12898149085819893,0.8171078449391554,-0.28562469708101934,0.06071022041983771,1.96352778828966,0.3717440323766772,G_md,I_3factor,10,1,0.01,0.144263698630137,36.35445205479452
4668,0.1693493718394899,0.1348363620652956,1.2559621844253046,-0.2807115385435297,0.11669165090353423,3.769013141710602,0.4310736694377958,G_md,I_3factor,10,5,0.0,0.06683804627249357,16.843187660668377
4668,0.14408459034848733,0.1349027615407541,1.068062571165079,-0.3134120577060351,0.09139078080971003,2.8998600076915246,0.4313691027791312,G_md,I_3factor,10,5,0.003,0.06683804627249357,16.843187660668377
4668,0.12724140268781894,0.13509255124940855,0.941883186830229,-0.33440811442905094,0.07452353408049385,2.3358737761618613,0.4315660583400215,G_md,I_3factor,10,5,0.005,0.06683804627249357,16.843187660668377
4668,0.10197662119681639,0.13559429878137774,0.7520715997155306,-0.36492098469883727,0.04922266398666958,1.5139460950628705,0.43186149168135707,G_md,I_3factor,10,5,0.008,0.06683804627249357,16.843187660668377
4668,0.085133433536148,0.13607226073737552,0.6256487036726661,-0.38499540019867073,0.032355417257453396,0.9823843801963199,0.4320584472422474,G_md,I_3factor,10,5,0.01,0.06683804627249357,16.843187660668377
4663,0.18897400216097165,0.13911468908080274,1.3584043741866025,-0.3604533968943828,0.13336261997637536,4.196730279282471,0.4559119402222598,G_md,I_3factor,10,10,0.0,0.03774394166845379,9.511473300450355
4663,0.1747067922102961,0.1391622460446216,1.2554180259082437,-0.3812848406859918,0.11906636312551273,3.701295662606908,0.4561500718439081,G_md,I_3factor,10,10,0.003,0.03774394166845379,9.511473300450355
4663,0.16519531890984576,0.13927612675895576,1.1860993176220944,-0.39481091073673835,0.10953552522493766,3.3765434586586163,0.45630882625834035,G_md,I_3factor,10,10,0.005,0.03774394166845379,9.511473300450355
4663,0.15092810895917025,0.1395698096338176,1.0813807753636182,-0.41457201482442696,0.09523926837407509,2.898120399903862,0.45654695787998867,G_md,I_3factor,10,10,0.008,0.03774394166845379,9.511473300450355
4663,0.14141663565871987,0.13984710473257922,1.011223192136455,-0.4274022498091262,0.08570843047350006,2.5851707281699463,0.456705712294421,G_md,I_3factor,10,10,0.01,0.03774394166845379,9.511473300450355
4653,0.1857552561318337,0.14219457363492813,1.3063456036567451,-0.4056703368077581,0.12763642259853783,3.7398813333522476,0.48019603238626707,G_md,I_3factor,10,20,0.0,0.02149151085321298,5.415860735009671
4653,0.17763146502931915,0.1421730955093357,1.2494028099546801,-0.4180315994537779,0.11955789320118139,3.4838014362048746,0.47982206598132393,G_md,I_3factor,10,20,0.003,0.02149151085321298,5.415860735009671
4653,0.1722156042943095,0.1422053754583318,1.211034419333685,-0.4261393486628826,0.11417220693627712,3.314160813282987,0.4795727550446953,G_md,I_3factor,10,20,0.005,0.02149151085321298,5.415860735009671
4653,0.16409181319179497,0.14232363001755086,1.1529484820725815,-0.43814346552447236,0.1060936775389206,3.0614534971806298,0.47919878863975224,G_md,I_3factor,10,20,0.008,0.02149151085321298,5.415860735009671
4653,0.1586759524567853,0.1424489326331992,1.113914646628979,-0.44654678078477816,0.10070799127401629,2.894225360568631,0.47894947770312346,G_md,I_3factor,10,20,0.01,0.02149151085321298,5.415860735009671
4672,0.24955435114320995,0.12785630091697273,1.9518345936291828,-0.1886440005851423,0.20380363355695816,7.064427311058454,0.38063920199033036,G_md,I_3factor,20,1,0.0,0.1014554794520548,25.56678082191781
4672,0.2112041799103333,0.12793006419040687,1.650934682530793,-0.22903745276809018,0.16542683680599532,5.481577321942417,0.38086072236184754,G_md,I_3factor,20,1,0.003,0.1014554794520548,25.56678082191781
4672,0.1856373990884155,0.12820344875502593,1.447990681148802,-0.25487470843854987,0.13984230563868671,4.492653600452153,0.3810084026095255,G_md,I_3factor,20,1,0.005,0.1014554794520548,25.56678082191781
4672,0.14728722785553874,0.12894698709103386,1.1422308591945394,-0.29230604266096816,0.10146550888772385,3.1094582277271128,0.3812299229810428,G_md,I_3factor,20,1,0.008,0.1014554794520548,25.56678082191781
4672,0.12172044703362095,0.12966201245480966,0.938751795758557,-0.3323398369317674,0.0758809777204153,2.2527855180019647,0.38137760322872083,G_md,I_3factor,20,1,0.01,0.1014554794520548,25.56678082191781
4668,0.17012163559946755,0.13138097994769493,1.294872634282344,-0.29756728069288774,0.1204845329406174,4.018832604788354,0.4063458805867279,G_md,I_3factor,20,5,0.0,0.05012853470437018,12.632390745501286
4668,0.15117304948121563,0.1314308245618429,1.1502100057972573,-0.31631809550349477,0.10152979180175449,3.3125979784833137,0.40639626763867565,G_md,I_3factor,20,5,0.003,0.05012853470437018,12.632390745501286
4668,0.13854065873571433,0.13157811029989036,1.0529157047472035,-0.3285549219161442,0.08889329770917923,2.857312694889645,0.4064298590066409,G_md,I_3factor,20,5,0.005,0.05012853470437018,12.632390745501286
4668,0.11959207261746241,0.1319693591420122,0.9062109067967015,-0.3465229635351309,0.06993855657031628,2.197699580655885,0.4064802460585887,G_md,I_3factor,20,5,0.008,0.05012853470437018,12.632390745501286
4668,0.10695968187196112,0.13234295527260564,0.8082007965716121,-0.35824832148285435,0.05730206247774097,1.7734041753928302,0.4065138374265539,G_md,I_3factor,20,5,0.01,0.05012853470437018,12.632390745501286
4663,0.1915667334365449,0.13337835955562888,1.4362654787086888,-0.3069980035056009,0.14026087469500553,4.639328570188837,0.4206144980533034,G_md,I_3factor,20,10,0.0,0.03259704053184645,8.214454214025306
4663,0.17924505211550695,0.1334456430000439,1.3432064778274402,-0.32753740206878756,0.1279566527244601,4.177910226586818,0.42047136321210055,G_md,I_3factor,20,10,0.003,0.03259704053184645,8.214454214025306
4663,0.17103059790148167,0.13356488750428708,1.2805056860171582,-0.3409076064076486,0.11975383807742981,3.8755056560237495,0.4203759399846319,G_md,I_3factor,20,10,0.005,0.03259704053184645,8.214454214025306
4663,0.15870891658044373,0.13385493995778192,1.185678441382147,-0.36049034760399956,0.1074496161068844,3.430112867633817,0.42023280514342903,G_md,I_3factor,20,10,0.008,0.03259704053184645,8.214454214025306
4663,0.1504944623664184,0.1341220580249762,1.122070929886815,-0.3732370466960562,0.09924680145985411,3.1388568933901033,0.42013738191596045,G_md,I_3factor,20,10,0.01,0.03259704053184645,8.214454214025306
4653,0.17441060917292742,0.13685640763356255,1.2744058695440659,-0.3367102934161994,0.12039791451926456,3.6526403862076675,0.44626982501844104,G_md,I_3factor,20,20,0.0,0.018482699333763165,4.657640232108317
4653,0.16742414882476492,0.1368367101711398,1.22353240307641,-0.35242261537032193,0.11343032107583668,3.4154438746687257,0.4461139407336717,G_md,I_3factor,20,20,0.003,0.018482699333763165,4.657640232108317
4653,0.1627665085926566,0.13686534460360483,1.1892455980297116,-0.36270290303558694,0.10878525878021807,3.2588151998956474,0.4460100178771588,G_md,I_3factor,20,20,0.005,0.018482699333763165,4.657640232108317
4653,0.15578004824449415,0.13697089297502513,1.1373222796532299,-0.3778799777552896,0.10181766533679022,3.026225917934975,0.4458541335923895,G_md,I_3factor,20,20,0.008,0.018482699333763165,4.657640232108317
4653,0.1511224080123858,0.13708291473139844,1.1024160691979483,-0.3883953666470531,0.09717260304117163,2.872789068464842,0.44575021073587656,G_md,I_3factor,20,20,0.01,0.018482699333763165,4.657640232108317
4672,0.2849663101933906,0.13164908295830202,2.164590164928453,-0.2203375831062333,0.23510709522527942,9.531473806236576,0.4148212923993384,G_md,J_D-0.3Q,1,1,0.0,0.4766695205479452,120.1207191780822
4672,0.10478523142626722,0.13265360318435143,0.7899162096686138,-0.2791541409755375,0.054977534796492145,2.1378063210585245,0.4143926674459681,G_md,J_D-0.3Q,1,1,0.003,0.4766695205479452,120.1207191780822
4672,-0.015335487751814954,0.13390730909719833,-0.1145231567657259,-0.680109457042966,-0.06510883882269942,-2.4507235309741393,0.4141069174770543,G_md,J_D-0.3Q,1,1,0.005,0.4766695205479452,120.1207191780822
4672,-0.19551656651893826,0.13663175696450236,-1.4309745469329982,-0.9847630536295825,-0.2452383992514867,-8.745814572516196,0.4136782925236845,G_md,J_D-0.3Q,1,1,0.008,0.4766695205479452,120.1207191780822
4672,-0.3156372856970204,0.13898491810774977,-2.2710182514358768,-0.9982765818964427,-0.3653247728706782,-12.53717142594996,0.41339254255477076,G_md,J_D-0.3Q,1,1,0.01,0.4766695205479452,120.1207191780822
4668,0.15238646057086283,0.1321797365659375,1.152873084255583,-0.36306815480886023,0.1018618636148669,3.742000619142401,0.41361120495845805,G_md,J_D-0.3Q,1,5,0.0,0.09640102827763496,24.29305912596401
4668,0.11594687188191682,0.13213017884563794,0.8775199798781218,-0.40551636691637016,0.06546930453009425,2.371256330511734,0.41322620493029744,G_md,J_D-0.3Q,1,5,0.003,0.09640102827763496,24.29305912596401
4668,0.09165381275595282,0.1323047296233639,0.6927478179870565,-0.4322642901128546,0.0412075984735792,1.4768074291996867,0.4129695382448569,G_md,J_D-0.3Q,1,5,0.005,0.09640102827763496,24.29305912596401
4668,0.0552142240670068,0.1328763035095621,0.4155310059707784,-0.47019250227527465,0.004815039388806463,0.16958213076137615,0.41258453821669633,G_md,J_D-0.3Q,1,5,0.008,0.09640102827763496,24.29305912596401
4668,0.030921164941042786,0.1334617877408083,0.2316855293523698,-0.49408885136208536,-0.019446666667708577,-0.6763478432725476,0.41232787153125583,G_md,J_D-0.3Q,1,5,0.01,0.09640102827763496,24.29305912596401
4663,0.12473342832558218,0.13691642192964193,0.9110187555856499,-0.4354556106215638,0.07023326659895283,2.5341105488889646,0.4468019585044035,G_md,J_D-0.3Q,1,10,0.0,0.04675101865751662,11.78125670169419
4663,0.10706154327304088,0.13694062538097554,0.7818099484735843,-0.4488538818098512,0.05256127677700705,1.8822660254532748,0.4468028174224993,G_md,J_D-0.3Q,1,10,0.003,0.04675101865751662,11.78125670169419
4663,0.0952802865713467,0.1370592424340582,0.6951759318032701,-0.45761981724741674,0.04077995022904322,1.4522445420960441,0.4468033900345632,G_md,J_D-0.3Q,1,10,0.005,0.04675101865751662,11.78125670169419
4663,0.07760840151880542,0.1373903592741382,0.5648751624846657,-0.470523973299002,0.023107960407097415,0.8154039867812514,0.44680424895265913,G_md,J_D-0.3Q,1,10,0.008,0.04675101865751662,11.78125670169419
4663,0.06582714481711123,0.13771265837889884,0.47800358799258846,-0.49349224699629024,0.011326633859133496,0.39704093552480546,0.44680482156472295,G_md,J_D-0.3Q,1,10,0.01,0.04675101865751662,11.78125670169419
4653,0.12724821336133252,0.13833385671125595,0.9198631223514395,-0.5500708177678896,0.07133446904995097,2.1643235481291976,0.4619768935796641,G_md,J_D-0.3Q,1,20,0.0,0.023425746830002148,5.903288201160541
4653,0.11839328105959171,0.1383066890095556,0.856019921432809,-0.554128230073825,0.06250601784202219,1.8929341044080035,0.461758098476447,G_md,J_D-0.3Q,1,20,0.003,0.023425746830002148,5.903288201160541
4653,0.11248999285843114,0.13834068585391474,0.8131374523993509,-0.5568161960827713,0.05662038370340295,1.7122684652215234,0.4616122350743022,G_md,J_D-0.3Q,1,20,0.005,0.023425746830002148,5.903288201160541
4653,0.10363506055669036,0.1384697673269971,0.7484309575819221,-0.560822818286173,0.047791932495474164,1.4418502907442845,0.46139343997108495,G_md,J_D-0.3Q,1,20,0.008,0.023425746830002148,5.903288201160541
4653,0.09773177235552978,0.13860776599429298,0.705095934953268,-0.5634770945294099,0.041906298356854936,1.262066850938902,0.46124757656894033,G_md,J_D-0.3Q,1,20,0.01,0.023425746830002148,5.903288201160541
4672,0.30739164251299295,0.12808949598648123,2.399819283740765,-0.14929721110293814,0.2609517487337899,9.924664431621185,0.38637304595946836,G_md,J_D-0.3Q,3,1,0.0,0.3080051369863014,77.61729452054794
4672,0.19096570073217098,0.12900446501361687,1.4803030322401156,-0.24072709762597222,0.1442147825099854,5.278120386155362,0.3889607233123575,G_md,J_D-0.3Q,3,1,0.003,0.3080051369863014,77.61729452054794
4672,0.11334840621162304,0.1301279357812577,0.8710535945345304,-0.31487282170912145,0.06639013836078242,2.36170908815184,0.39068584154761643,G_md,J_D-0.3Q,3,1,0.005,0.3080051369863014,77.61729452054794
4672,-0.0030775355691988956,0.13255726947639385,-0.0232166487839956,-0.646785046363838,-0.05034682786302207,-1.710808300272258,0.39327351890050566,G_md,J_D-0.3Q,3,1,0.008,0.3080051369863014,77.61729452054794
4672,-0.08069483008974683,0.13465202823422512,-0.5992841782477976,-0.8896794564387863,-0.12817147201222492,-4.217772099408143,0.394998637135765,G_md,J_D-0.3Q,3,1,0.01,0.3080051369863014,77.61729452054794
4668,0.14691831772892042,0.1335636132421585,1.0999875951435147,-0.34368881920420924,0.09533991300570054,3.4129327991114726,0.4222380268760219,G_md,J_D-0.3Q,3,5,0.0,0.09554413024850043,24.07712082262211
4668,0.11080263649498723,0.13359488279190015,0.8293928193910224,-0.3874219216124999,0.05918091090934791,2.072368753193587,0.42259266590700223,G_md,J_D-0.3Q,3,5,0.003,0.09554413024850043,24.07712082262211
4668,0.08672551567236514,0.1338193386267144,0.6480790935178937,-0.4149797385289431,0.03507490951177953,1.2093540666882165,0.42282909192765566,G_md,J_D-0.3Q,3,5,0.005,0.09554413024850043,24.07712082262211
4668,0.05060983443843198,0.1344593972600642,0.3763949227032838,-0.45405671511617174,-0.0010840925845730619,-0.03648226044736533,0.42318373095863593,G_md,J_D-0.3Q,3,5,0.008,0.09554413024850043,24.07712082262211
4668,0.026532713615809868,0.13508611694259345,0.19641332667135053,-0.4786770533491267,-0.025190093982141455,-0.8336051681180251,0.4234201569792894,G_md,J_D-0.3Q,3,5,0.01,0.09554413024850043,24.07712082262211
4663,0.145421665496754,0.13736176094187783,1.0586764795355716,-0.4168751591540598,0.0911251170680417,2.753173142539644,0.44513270070030403,G_md,J_D-0.3Q,3,10,0.0,0.044606476517263564,11.240832082350419
4663,0.12856041737322838,0.13737134633924986,0.9358605036580033,-0.4358251830028216,0.07427826403282843,2.221277150038771,0.44501468722204907,G_md,J_D-0.3Q,3,10,0.003,0.044606476517263564,11.240832082350419
4663,0.11731958529087794,0.1374754404133274,0.8533857752202881,-0.4488573305939568,0.06304702867601962,1.872126950259727,0.44493601156987905,G_md,J_D-0.3Q,3,10,0.005,0.044606476517263564,11.240832082350419
4663,0.10045833716735232,0.13777769433465772,0.7291335339328742,-0.47001120654128126,0.046200175640806404,1.3569614752173167,0.44481799809162414,G_md,J_D-0.3Q,3,10,0.008,0.044606476517263564,11.240832082350419
4663,0.0892175050850019,0.13807610795080463,0.6461473053454647,-0.48572085510418894,0.03496894028399755,1.0194203354519726,0.44473932243945424,G_md,J_D-0.3Q,3,10,0.01,0.044606476517263564,11.240832082350419
4653,0.16595804645940346,0.13620049198884868,1.2184834579965482,-0.38036730321844425,0.11267109367155384,3.6213708368297888,0.44027351808464005,G_md,J_D-0.3Q,3,20,0.0,0.02321083172147002,5.849129593810445
4653,0.15718435206868783,0.13621181942780106,1.153969991216535,-0.3877751023557944,0.10388757252055861,3.3265290917601575,0.4403547098603619,G_md,J_D-0.3Q,3,20,0.003,0.02321083172147002,5.849129593810445
4653,0.15133522247487735,0.13627179970256637,1.1105395452704756,-0.39267047719397985,0.09803189175322848,3.130585847252611,0.44040883771084316,G_md,J_D-0.3Q,3,20,0.005,0.02321083172147002,5.849129593810445
4653,0.1425615280841617,0.1364402747995707,1.0448639765170737,-0.39994932019928875,0.08924837060223326,2.8378241808063014,0.440490029486565,G_md,J_D-0.3Q,3,20,0.008,0.02321083172147002,5.849129593810445
4653,0.13671239849035124,0.1366047773785598,1.0007878283165252,-0.40475936942868995,0.08339268983490312,2.6435462224566297,0.44054415733704627,G_md,J_D-0.3Q,3,20,0.01,0.02321083172147002,5.849129593810445
4672,0.30846765162824685,0.12636747466680281,2.4410367655252543,-0.16500375310603588,0.26349298928941184,10.135934903533611,0.37418253714085975,G_md,J_D-0.3Q,5,1,0.0,0.2457191780821918,61.92123287671233
4672,0.2155858023131783,0.1267311597448316,1.7011270373225666,-0.2509696617168883,0.17054054007342362,6.360609022549757,0.374769917872015,G_md,J_D-0.3Q,5,1,0.003,0.2457191780821918,61.92123287671233
4672,0.15366456943646598,0.1274321086249563,1.2058544043143324,-0.30743969819829065,0.10857224059609816,3.9562750684312085,0.37516150502611834,G_md,J_D-0.3Q,5,1,0.005,0.2457191780821918,61.92123287671233
4672,0.06078272012139747,0.12915634125739078,0.4706135179244966,-0.39717719180102684,0.015619791380109918,0.5478970964618832,0.37574888575727383,G_md,J_D-0.3Q,5,1,0.008,0.2457191780821918,61.92123287671233
4672,-0.001138512755314863,0.13074056728187639,-0.008708182769776666,-0.6605610400249734,-0.046348508097215566,-1.58231428534228,0.37614047291137725,G_md,J_D-0.3Q,5,1,0.01,0.2457191780821918,61.92123287671233
4668,0.1499518622969393,0.13606010225573265,1.1021001734593459,-0.33884412163829836,0.09639139272112465,3.4733608438806547,0.4384638709476042,G_md,J_D-0.3Q,5,5,0.0,0.09040274207369323,22.781491002570693
4668,0.1157796257930832,0.13611184251270825,0.8506212512865903,-0.3810514327442105,0.062187136649228404,2.204417558550214,0.43872599381284705,G_md,J_D-0.3Q,5,5,0.003,0.09040274207369323,22.781491002570693
4668,0.09299813479051254,0.13633648774661966,0.682122125394259,-0.40771445643746695,0.039384299267964246,1.3797749748731398,0.4389007423896756,G_md,J_D-0.3Q,5,5,0.005,0.09040274207369323,22.781491002570693
4668,0.058825898286656485,0.1369568118107308,0.42952152221498613,-0.44561681378043205,0.005180043196068056,0.1781016348188746,0.4391628652549183,G_md,J_D-0.3Q,5,5,0.008,0.09040274207369323,22.781491002570693
4668,0.03604440728408579,0.13755727763195377,0.2620319906339356,-0.4695570924047978,-0.01762279418519607,-0.5979735743208933,0.43933761383174696,G_md,J_D-0.3Q,5,5,0.01,0.09040274207369323,22.781491002570693
4663,0.15162714800500093,0.139163546612149,1.089560820317322,-0.35696785656940444,0.09581127692280997,2.922967151436277,0.45758837634727495,G_md,J_D-0.3Q,5,10,0.0,0.04503538494531418,11.348917006219173
4663,0.13460377249567212,0.13916831463168294,0.9672012832224698,-0.37294997138286323,0.07882826008164191,2.376304285109713,0.4572575088524724,G_md,J_D-0.3Q,5,10,0.003,0.04503538494531418,11.348917006219173
4663,0.12325485548945297,0.13926882232732957,0.8850139853969738,-0.3862162896738306,0.06750624885419654,2.018330918385456,0.4570369305226041,G_md,J_D-0.3Q,5,10,0.005,0.04503538494531418,11.348917006219173
4663,0.1062314799801242,0.13956515684706042,0.7611604671252995,-0.40801069601560436,0.05052323201302846,1.4915051561302837,0.45670606302780153,G_md,J_D-0.3Q,5,10,0.008,0.04503538494531418,11.348917006219173
4663,0.09488256297390504,0.13985928204853168,0.6784144862189444,-0.4244128864071568,0.03920122078558308,1.1472536328659058,0.45648548469793315,G_md,J_D-0.3Q,5,10,0.01,0.04503538494531418,11.348917006219173
4653,0.18053698689106581,0.13677150762693055,1.3199897407251933,-0.3548170219384865,0.12698270309260698,3.9927101425139124,0.4424822907461694,G_md,J_D-0.3Q,5,20,0.0,0.02364066193853428,5.957446808510638
4653,0.17160081667829985,0.13677619480309416,1.2546102552811909,-0.3625153443380873,0.1180488095706008,3.702032334616382,0.4424634800129984,G_md,J_D-0.3Q,5,20,0.003,0.02364066193853428,5.957446808510638
4653,0.1656433698697892,0.13683247746879548,1.2105559508528525,-0.36760279564709974,0.11209288055593003,3.508388967210986,0.44245093952421766,G_md,J_D-0.3Q,5,20,0.005,0.02364066193853428,5.957446808510638
4653,0.15670719965702326,0.13699650725577397,1.143877335240739,-0.3751673630222838,0.10315898703392383,3.218375823592722,0.4424321287910467,G_md,J_D-0.3Q,5,20,0.008,0.02364066193853428,5.957446808510638
4653,0.1507497528485126,0.13715878288158376,1.0990893159110537,-0.3801663121727664,0.09720305801925304,3.0254717316953617,0.442419588302266,G_md,J_D-0.3Q,5,20,0.01,0.02364066193853428,5.957446808510638
4672,0.2862437761162878,0.12656523982857865,2.2616302588608024,-0.15095365152391294,0.24170711842762752,8.859216872588267,0.3705384032494911,G_md,J_D-0.3Q,10,1,0.0,0.1678082191780822,42.28767123287671
4672,0.22281226926697284,0.1266404333404622,1.7594086137399791,-0.18724553589308446,0.17834359890026247,6.3479743854615265,0.3699727587888611,G_md,J_D-0.3Q,10,1,0.003,0.1678082191780822,42.28767123287671
4672,0.1805245980340961,0.12703735581318462,1.4210355440612872,-0.2275517351797376,0.1361012525486857,4.73845002883207,0.36959566248177445,G_md,J_D-0.3Q,10,1,0.005,0.1678082191780822,42.28767123287671
4672,0.11709309118478103,0.1281464849078901,0.9137440739708618,-0.30916489191865637,0.07273773302132074,2.442111971514714,0.36903001802114427,G_md,J_D-0.3Q,10,1,0.008,0.1678082191780822,42.28767123287671
4672,0.07480541995190433,0.12922154209686712,0.5788927971144987,-0.36574912760654166,0.03049538666974408,0.9976844898000105,0.36865292171405756,G_md,J_D-0.3Q,10,1,0.01,0.1678082191780822,42.28767123287671
4668,0.17892020347683846,0.134551260935238,1.3297549367668584,-0.27113651397137073,0.1267353309563699,4.368228534646888,0.4272027745732081,G_md,J_D-0.3Q,10,5,0.0,0.06983718937446444,17.59897172236504
4668,0.1525217458932909,0.13457242856039126,1.1333803478536812,-0.30531448034932207,0.10038671620681708,3.407274446492675,0.4267947445072773,G_md,J_D-0.3Q,10,5,0.003,0.06983718937446444,17.59897172236504
4668,0.13492277417092582,0.13473852409895837,1.0013674639320833,-0.3272316801282926,0.08282097304044848,2.78076490965832,0.4265227244633234,G_md,J_D-0.3Q,10,5,0.005,0.06983718937446444,17.59897172236504
4668,0.10852431658737828,0.1352145229261946,0.8026084346473279,-0.3588564620753427,0.05647235829089557,1.8640304526727212,0.42611469439739247,G_md,J_D-0.3Q,10,5,0.008,0.06983718937446444,17.59897172236504
4668,0.09092534486501326,0.13568185450097908,0.670136365687404,-0.379134409661839,0.03890661512452699,1.2690912964155636,0.4258426743534386,G_md,J_D-0.3Q,10,5,0.01,0.06983718937446444,17.59897172236504
4663,0.17644067001535096,0.1407730002312977,1.2533701045331798,-0.3733364178637484,0.11935121416545567,3.6612901122895494,0.4680294493735523,G_md,J_D-0.3Q,10,10,0.0,0.041604117520909284,10.484237615269139
4663,0.16071431359244723,0.14081290704690416,1.1413322611038348,-0.3937612063261686,0.10363655389688804,3.1352097682907396,0.46793356223306,G_md,J_D-0.3Q,10,10,0.003,0.041604117520909284,10.484237615269139
4663,0.1502300759771781,0.1409286761779233,1.066000760466321,-0.4078040963147519,0.093160113717843,2.7916397701335924,0.46786963747273186,G_md,J_D-0.3Q,10,10,0.005,0.041604117520909284,10.484237615269139
4663,0.1345037195542744,0.14123563823330318,0.9523355523914687,-0.43059018773945346,0.07744545344927536,2.2872804744106254,0.46777375033223967,G_md,J_D-0.3Q,10,10,0.008,0.041604117520909284,10.484237615269139
4663,0.12401948193900524,0.14152870208117496,0.8762850228632271,-0.44530999388717607,0.0669690132702303,1.9584896389881012,0.4677098255719115,G_md,J_D-0.3Q,10,10,0.01,0.041604117520909284,10.484237615269139
4653,0.19038824387369688,0.14294034149834672,1.3319419967658253,-0.3548170219384871,0.13181317121913474,3.9893163524276787,0.48396562311155084,G_md,J_D-0.3Q,10,20,0.0,0.02106168063614872,5.307543520309477
4653,0.18242692859323265,0.14292992390329995,1.2763382475222937,-0.3625153443380875,0.12387906379856177,3.7276428163551816,0.48374082323902756,G_md,J_D-0.3Q,10,20,0.003,0.02106168063614872,5.307543520309477
4653,0.1771193850729232,0.14296842289976955,1.2388706644480214,-0.36760279564709986,0.11858965885151314,3.55425587938854,0.4835909566573453,G_md,J_D-0.3Q,10,20,0.005,0.02106168063614872,5.307543520309477
4653,0.16915806979245895,0.14309426412488008,1.182144307649066,-0.3751673630222849,0.11065555143094014,3.2959318155190456,0.48336615678482203,G_md,J_D-0.3Q,10,20,0.008,0.02106168063614872,5.307543520309477
4653,0.1638505262721495,0.1432234603617304,1.1440201616294052,-0.3801663121727662,0.10536614648389146,3.1249767538171134,0.4832162902031397,G_md,J_D-0.3Q,10,20,0.01,0.02106168063614872,5.307543520309477
4672,0.24880088860846059,0.13192086604704434,1.8859858645844219,-0.20492704367366088,0.19986880541341254,6.617019504488154,0.4071076932066426,G_md,J_D-0.3Q,20,1,0.0,0.11301369863013698,28.479452054794518
4672,0.2060817105262688,0.13195068348132022,1.561808587035042,-0.23005972527830787,0.157247960030718,5.02094955019993,0.40628957969409235,G_md,J_D-0.3Q,20,1,0.003,0.11301369863013698,28.479452054794518
4672,0.17760225847147426,0.13220965893577616,1.3433379973981223,-0.2470055317777241,0.12883406310892154,4.009170488775849,0.4057441706857253,G_md,J_D-0.3Q,20,1,0.005,0.11301369863013698,28.479452054794518
4672,0.1348830803892825,0.13295397353035004,1.0145095840892044,-0.2962794974966553,0.08621321772622695,2.5765855384252925,0.4049260571731752,G_md,J_D-0.3Q,20,1,0.008,0.11301369863013698,28.479452054794518
4672,0.106403628334488,0.13368433558788903,0.7959319083015103,-0.35769831763241766,0.05779932080443064,1.6799699624959705,0.4043806481648084,G_md,J_D-0.3Q,20,1,0.01,0.11301369863013698,28.479452054794518
4668,0.1757973577892341,0.13304070521726025,1.321380230976307,-0.253508008209286,0.12481479940242159,4.01867322867093,0.4173602300004493,G_md,J_D-0.3Q,20,5,0.0,0.05098543273350471,12.848329048843187
4668,0.1565248642159693,0.13308411911853346,1.1761348029554,-0.2833168075923229,0.1056211666947341,3.341301531474196,0.41671464864798624,G_md,J_D-0.3Q,20,5,0.003,0.05098543273350471,12.848329048843187
4668,0.1436765351671261,0.133227530061681,1.078429774241161,-0.30456238041193395,0.09282541155627587,2.9011710473690284,0.41628426107967753,G_md,J_D-0.3Q,20,5,0.005,0.05098543273350471,12.848329048843187
4668,0.12440404159386133,0.1336136118209009,0.9310731137229918,-0.3352933760963417,0.0736317788485884,2.2588008239445356,0.4156386797272145,G_md,J_D-0.3Q,20,5,0.008,0.05098543273350471,12.848329048843187
4668,0.11155571254501814,0.13398421022282178,0.8326034266238982,-0.35504693702276413,0.0608360237101301,1.842706173489665,0.41520829215890587,G_md,J_D-0.3Q,20,5,0.01,0.05098543273350471,12.848329048843187
4663,0.17420157385448898,0.14085954997981953,1.2367040351857312,-0.307160417158042,0.11683880951688978,3.7610756750105816,0.4702700806618508,G_md,J_D-0.3Q,20,10,0.0,0.03345485738794767,8.430624061762813
4663,0.16155563776184473,0.1409709444917647,1.146020822548171,-0.32569923858577865,0.10419291958287918,3.307637673380264,0.47026970224521364,G_md,J_D-0.3Q,20,10,0.003,0.03345485738794767,8.430624061762813
4663,0.1531250137000819,0.14111737167221985,1.085089751074395,-0.33779709222178944,0.09576232629353884,3.0112142663491137,0.47026944996745557,G_md,J_D-0.3Q,20,10,0.005,0.03345485738794767,8.430624061762813
4663,0.14047907760743775,0.1414448104654892,0.9931723698107179,-0.35556015400085994,0.08311643635952831,2.575702733961392,0.4702690715508184,G_md,J_D-0.3Q,20,10,0.008,0.03345485738794767,8.430624061762813
4663,0.1320484535456749,0.14173458095127403,0.9316600977645035,-0.3671511466299261,0.07468584307018794,2.291592303326338,0.4702688192730602,G_md,J_D-0.3Q,20,10,0.01,0.03345485738794767,8.430624061762813
4653,0.18216965078719313,0.14258164083366373,1.2776515245725986,-0.3010108003581098,0.12427176235572676,3.90898941758045,0.4783705146526236,G_md,J_D-0.3Q,20,20,0.0,0.018052869116698903,4.549323017408123
4653,0.17534566626108095,0.14255835709964085,1.2299921928710464,-0.30727998512822186,0.11746500604866097,3.668282737656592,0.47822816970300513,G_md,J_D-0.3Q,20,20,0.003,0.018052869116698903,4.549323017408123
4653,0.17079634324367282,0.14258200967781307,1.1978814412113743,-0.311433354276461,0.11292716851061722,3.509188901223253,0.47813327306992615,G_md,J_D-0.3Q,20,20,0.005,0.018052869116698903,4.549323017408123
4653,0.16397235871756066,0.14267621218017007,1.1492620683712715,-0.31762448556385947,0.10612041220355146,3.272733736082769,0.4779909281203077,G_md,J_D-0.3Q,20,20,0.008,0.018052869116698903,4.549323017408123
4653,0.15942303570015254,0.14277810266875043,1.1165790322204998,-0.3217260793661336,0.10158257466550763,3.1166185731706695,0.4778960314872287,G_md,J_D-0.3Q,20,20,0.01,0.018052869116698903,4.549323017408123
4672,0.26157209128238634,0.13230138552060983,1.9770926075573019,-0.2950324184145049,0.2079444795114456,8.283718774156998,0.44617379630504833,G_overall,A_G_up,1,1,0.0,0.4387842465753425,110.57363013698631
4672,0.09571164607690685,0.13334380281717761,0.7177809846036362,-0.3535700861185159,0.041915320942213036,1.5661062655277116,0.44757746653214375,G_overall,A_G_up,1,1,0.003,0.4387842465753425,110.57363013698631
4672,-0.01486198406007945,0.13461185267374676,-0.11040620691923643,-0.6446826966260673,-0.06877078477060863,-2.4604480698000235,0.44851324668354053,G_overall,A_G_up,1,1,0.005,0.4387842465753425,110.57363013698631
4672,-0.1807224292655589,0.13734184043008027,-1.315858508227603,-0.9783208178337353,-0.23479994333984108,-7.871304300949446,0.4499169169106359,G_overall,A_G_up,1,1,0.008,0.4387842465753425,110.57363013698631
4672,-0.2912960594025452,0.139688607285969,-2.085324387308173,-0.9971042629345973,-0.34548604905266284,-11.094664789454368,0.4508526970620329,G_overall,A_G_up,1,1,0.01,0.4387842465753425,110.57363013698631
4668,0.12396653598065299,0.1301962330290591,0.9521514800891692,-0.5072003149228799,0.07079318217757434,2.5042652870692597,0.43529481209575066,G_overall,A_G_up,1,5,0.0,0.09811482433590403,24.724935732647815
4668,0.08687913238168125,0.13013821721486019,0.6675912290871673,-0.5373000620734558,0.033801684086807775,1.1773173718248104,0.43450969761288943,G_overall,A_G_up,1,5,0.003,0.09811482433590403,24.724935732647815
4668,0.06215419664903345,0.13031364528468686,0.47695846826515864,-0.5563614544729187,0.00914068535963002,0.31482187150124336,0.43398628795764826,G_overall,A_G_up,1,5,0.005,0.09811482433590403,24.724935732647815
4668,0.025066793050061726,0.13089622364698408,0.19150126987364224,-0.5836927193812472,-0.027850812731136574,-0.9421176393717111,0.433201173474787,G_overall,A_G_up,1,5,0.008,0.09811482433590403,24.724935732647815
4668,0.0003418573174139046,0.13149536527091363,0.002599767046614854,-0.6016807552269894,-0.052511811458314295,-1.7538806206007505,0.432677763819546,G_overall,A_G_up,1,5,0.01,0.09811482433590403,24.724935732647815
4663,0.13942292847263044,0.13124654754759707,1.0622978743274616,-0.3526281469853694,0.086051409302002,3.3024479239580455,0.4375491473475842,G_overall,A_G_up,1,10,0.0,0.04482093073128887,11.294874544284795
4663,0.12248061665620325,0.13129062255009788,0.9328969143204962,-0.3660940044623905,0.06905107656428254,2.618378380325985,0.43802481311528674,G_overall,A_G_up,1,10,0.003,0.04482093073128887,11.294874544284795
4663,0.11118574211191846,0.13142267362219337,0.8460164372515285,-0.3749262436582099,0.05771752140580291,2.1701501006673665,0.4383419236270886,G_overall,A_G_up,1,10,0.005,0.04482093073128887,11.294874544284795
4663,0.09424343029549126,0.13177413453639836,0.7151891425965661,-0.3879605635493192,0.04071718866808345,1.510632459746761,0.4388175893947912,G_overall,A_G_up,1,10,0.008,0.04482093073128887,11.294874544284795
4663,0.08294855575120648,0.1321100632609739,0.6278746198716716,-0.39650940810304935,0.029383633509603782,1.0800520257862467,0.43913469990659304,G_overall,A_G_up,1,10,0.01,0.04482093073128887,11.294874544284795
4653,0.11305113931512971,0.14598813237888864,0.7743858180315899,-0.43468293282081627,0.04606082890561961,1.3764983882408552,0.5534949569925914,G_overall,A_G_up,1,20,0.0,0.02407049215559854,6.065764023210832
4653,0.10395249328031346,0.14600114355900276,0.711997801841214,-0.4397965467982612,0.03698204196394939,1.1044900098765014,0.553330874935954,G_overall,A_G_up,1,20,0.003,0.02407049215559854,6.065764023210832
4653,0.09788672925710262,0.14606049858575373,0.6701793448940766,-0.4431841621520446,0.030929517336169287,0.9231715996985532,0.5532214868981957,G_overall,A_G_up,1,20,0.005,0.02407049215559854,6.065764023210832
4653,0.08878808322228637,0.14622542905324523,0.6072000184725455,-0.44823356731491304,0.02185073039449908,0.6514244305740043,0.5530574048415582,G_overall,A_G_up,1,20,0.008,0.02407049215559854,6.065764023210832
4653,0.08272231919907554,0.14638584829645296,0.5650977889034099,-0.46517141952749874,0.015798205766718917,0.4705288799938106,0.5529480168037998,G_overall,A_G_up,1,20,0.01,0.02407049215559854,6.065764023210832
4672,0.2581577525497961,0.12880990473002563,2.0041762556293503,-0.2009400469856839,0.2077461688792723,10.029474017387454,0.4194169182863959,G_overall,A_G_up,3,1,0.0,0.2718321917808219,68.50171232876713
4672,0.15540518405664538,0.1293175009349294,1.2017335854243187,-0.2496249117738396,0.1047779551725782,4.779714661892444,0.4212110545606833,G_overall,A_G_up,3,1,0.003,0.2718321917808219,68.50171232876713
4672,0.08690347172787827,0.13013490792406032,0.6677952373746668,-0.32063439578724096,0.03613247936811546,1.5829096872966906,0.42240714541020824,G_overall,A_G_up,3,1,0.005,0.2718321917808219,68.50171232876713
4672,-0.015849096765272415,0.13206174467252452,-0.12001277739116396,-0.5504604304524026,-0.06683573433857852,-2.7490636163259805,0.42420128168449556,G_overall,A_G_up,3,1,0.008,0.2718321917808219,68.50171232876713
4672,-0.08435080909403952,0.1337977567861262,-0.6304351516810038,-0.8696094632079503,-0.13548121014304118,-5.338936941786738,0.4253973725340202,G_overall,A_G_up,3,1,0.01,0.2718321917808219,68.50171232876713
4668,0.11339134479558645,0.13195427060371026,0.85932303878309,-0.4312453086102146,0.05919696793124466,2.2681377617181617,0.44365324747381474,G_overall,A_G_up,3,5,0.0,0.09383033419023136,23.645244215938302
4668,0.07792347847167896,0.13189664461034178,0.5907919697418074,-0.46193930377379533,0.023744547691758634,0.8867020252916636,0.4435268006741499,G_overall,A_G_up,3,5,0.003,0.09383033419023136,23.645244215938302
4668,0.05427823425574069,0.1320612221562923,0.4110081170648511,-0.4815000841058985,0.00010960086543459211,0.00402149682215316,0.4434425028077066,G_overall,A_G_up,3,5,0.005,0.09383033419023136,23.645244215938302
4668,0.018810367931833216,0.1326110692300772,0.14184613728736067,-0.5106882913400247,-0.035342819374051405,-1.262329806643633,0.4433160560080419,G_overall,A_G_up,3,5,0.008,0.09383033419023136,23.645244215938302
4668,-0.004834876284105082,0.13317767527244148,-0.03630395465467,-0.5646529707634095,-0.058977766200375446,-2.068378718010049,0.4432317581415984,G_overall,A_G_up,3,5,0.01,0.09383033419023136,23.645244215938302
4663,0.1345298123315197,0.13397423518806223,1.004146895428644,-0.3778991682905142,0.0793609437471882,2.8641546872030372,0.4522841355149112,G_overall,A_G_up,3,10,0.0,0.04439202230323826,11.186789620416041
4663,0.11774962790089566,0.13393204549845872,0.8791744161202312,-0.39993499484856443,0.062544751603056,2.2290535056721725,0.4525793331144598,G_overall,A_G_up,3,10,0.003,0.04439202230323826,11.186789620416041
4663,0.1065628382804796,0.13400368932353096,0.7952231674995178,-0.41420784111987174,0.051333956840301176,1.8134016224395917,0.45277613151415874,G_overall,A_G_up,3,10,0.005,0.04439202230323826,11.186789620416041
4663,0.08978265384985555,0.13426049105336615,0.6687198381701772,-0.436989845174924,0.034517764696169004,1.2025254230072444,0.4530713291137072,G_overall,A_G_up,3,10,0.008,0.04439202230323826,11.186789620416041
4663,0.0785958642294395,0.13453080610430068,0.5842220566827255,-0.4677750923824625,0.023306969933414155,0.804157514513918,0.4532681275134062,G_overall,A_G_up,3,10,0.01,0.04439202230323826,11.186789620416041
4653,0.11807320274218668,0.14106940507082258,0.8369866072867406,-0.5261168800727338,0.05634377874929264,1.7502013504690825,0.5100278632725053,G_overall,A_G_up,3,20,0.0,0.02192134107027724,5.524177949709864
4653,0.10978693581762188,0.14107443442258943,0.778219925296701,-0.5428957707262063,0.04803732067160392,1.4898495840648849,0.5101946889128356,G_overall,A_G_up,3,20,0.003,0.02192134107027724,5.524177949709864
4653,0.10426275786791202,0.14112566263121767,0.738793752489695,-0.5537637729734315,0.042499681953144706,1.3164583316574947,0.5103059060063891,G_overall,A_G_up,3,20,0.005,0.02192134107027724,5.524177949709864
4653,0.09597649094334723,0.141274213743425,0.6793631222584954,-0.5696027100206975,0.03419322387545594,1.0568530414128212,0.5104727316467196,G_overall,A_G_up,3,20,0.008,0.02192134107027724,5.524177949709864
4653,0.09045231299363736,0.14142093651344456,0.6395963371734444,-0.579861143080476,0.028655585156996764,0.8842283566251904,0.5105839487402731,G_overall,A_G_up,3,20,0.01,0.02192134107027724,5.524177949709864
4672,0.2530476627641856,0.1253313996142527,2.0190284600907713,-0.19236491838476133,0.20562154857747417,9.072515393877527,0.3945782538492212,G_overall,A_G_up,5,1,0.0,0.21746575342465754,54.801369863013704
4672,0.17084560796966508,0.12562597140573986,1.3599545226032705,-0.22451943155366783,0.12334225080303551,5.119612029632921,0.3952209040148704,G_overall,A_G_up,5,1,0.003,0.21746575342465754,54.801369863013704
4672,0.11604423810665136,0.1262473794730214,0.9191813611580715,-0.2516468959702376,0.06848938562007642,2.726413905190934,0.3956493374586367,G_overall,A_G_up,5,1,0.005,0.21746575342465754,54.801369863013704
4672,0.03384218331213083,0.12780463316306126,0.26479621649516283,-0.3837233187929233,-0.013789912154362182,-0.5153015257992407,0.3962919876242857,G_overall,A_G_up,5,1,0.008,0.21746575342465754,54.801369863013704
4672,-0.020959186550882882,0.12924784732428427,-0.16216275152572604,-0.6875643722141511,-0.06864277733732123,-2.459407530882436,0.3967204210680518,G_overall,A_G_up,5,1,0.01,0.21746575342465754,54.801369863013704
4668,0.13872111946683446,0.128135317687429,1.0826142391532385,-0.389764558438649,0.08796900895379182,3.2500524570606366,0.41547370683168366,G_overall,A_G_up,5,5,0.0,0.0831191088260497,20.946015424164525
4668,0.10730209633058767,0.12814915033957736,0.8373219490433772,-0.42268825458083414,0.056498970333301694,2.0291904555786244,0.41589133660372885,G_overall,A_G_up,5,5,0.003,0.0831191088260497,20.946015424164525
4668,0.08635608090642312,0.128345591741857,0.6728402567975388,-0.44367025030547314,0.03551894458630832,1.2516319590881955,0.41616975645175885,G_overall,A_G_up,5,5,0.005,0.0831191088260497,20.946015424164525
4668,0.054937057770176344,0.12891937164796335,0.42613501033957485,-0.4737587216602076,0.004048905965818216,0.1386373736258166,0.41658738622380403,G_overall,A_G_up,5,5,0.008,0.0831191088260497,20.946015424164525
4668,0.03399104234601183,0.12948604617748669,0.26250737704524757,-0.49293168344604166,-0.01693111978117522,-0.5687023165585022,0.416865806071834,G_overall,A_G_up,5,5,0.01,0.0831191088260497,20.946015424164525
4663,0.15147134051640898,0.13311550676958583,1.1378940304723169,-0.3829792470508394,0.097168086195303,3.3314232335219947,0.445187676791385,G_overall,A_G_up,5,10,0.0,0.043534205447137035,10.970619772678534
4663,0.13501541085739116,0.13311791656838726,1.014254236679171,-0.40663290744739855,0.08066779764701763,2.71799883175014,0.445551338805844,G_overall,A_G_up,5,10,0.003,0.043534205447137035,10.970619772678534
4663,0.12404479108471266,0.13321803784565892,0.9311411058945784,-0.42191497733301464,0.06966760528149399,2.319760700859445,0.4457937801488167,G_overall,A_G_up,5,10,0.005,0.043534205447137035,10.970619772678534
4663,0.10758886142569485,0.1335155486311646,0.8058152217380167,-0.4443760982017525,0.053167316733208576,1.738697667237666,0.44615744216327563,G_overall,A_G_up,5,10,0.008,0.043534205447137035,10.970619772678534
4663,0.0966182416530163,0.1338115988574466,0.7220468365821303,-0.4598031409336196,0.042167124367684966,1.3622512256276653,0.4463998835062483,G_overall,A_G_up,5,10,0.01,0.043534205447137035,10.970619772678534
4653,0.1278169918955465,0.13950129831110075,0.916242310594865,-0.3995545745471948,0.06754217281542649,2.174136902921599,0.4980094612272632,G_overall,A_G_up,5,20,0.0,0.0223511712873415,5.6324951644100585
4653,0.11936824914893139,0.13948725632601588,0.8557645500599608,-0.40671734814764127,0.05910669015892212,1.8959672036299517,0.4978999022035673,G_overall,A_G_up,5,20,0.003,0.0223511712873415,5.6324951644100585
4653,0.11373575398452133,0.13952724622916565,0.8151508544626241,-0.4189291284887937,0.0534830350545859,1.711247441116565,0.49782686285443667,G_overall,A_G_up,5,20,0.005,0.0223511712873415,5.6324951644100585
4653,0.10528701123790624,0.1396611731377801,0.7538746014544596,-0.4378285280405966,0.045047552398081545,1.4354763636899504,0.49771730383074064,G_overall,A_G_up,5,20,0.008,0.0223511712873415,5.6324951644100585
4653,0.0996545160734962,0.13979964225701283,0.7128381336648033,-0.4501005803040641,0.039423897293745375,1.2526244544059726,0.4976442644816099,G_overall,A_G_up,5,20,0.01,0.0223511712873415,5.6324951644100585
4672,0.24803520731155973,0.12233068441515584,2.027579658344739,-0.17181163987073,0.20313923586119711,8.528618211042577,0.3735278405902418,G_overall,A_G_up,10,1,0.0,0.1425513698630137,35.92294520547945
4672,0.19415078950334058,0.12255121942641417,1.5842420043802043,-0.20071685470807443,0.14911739613810804,5.925134604069706,0.3746711705918632,G_overall,A_G_up,10,1,0.003,0.1425513698630137,35.92294520547945
4672,0.1582278442978611,0.12301148899478179,1.2862850908549952,-0.22314079550668986,0.1131028363227153,4.330642947280252,0.37543339059294417,G_overall,A_G_up,10,1,0.005,0.1425513698630137,35.92294520547945
4672,0.10434342648964197,0.12416479580271246,0.8403624055842287,-0.27218355740892497,0.05908099659962626,2.140011029710218,0.37657672059456565,G_overall,A_G_up,10,1,0.008,0.1425513698630137,35.92294520547945
4672,0.0684204812841625,0.1252356376233952,0.5463339555942894,-0.32730361848850886,0.02306643678423351,0.8053806833082526,0.3773389405956465,G_overall,A_G_up,10,1,0.01,0.1425513698630137,35.92294520547945
4668,0.12903892264727115,0.13004220923165916,0.9922849158721939,-0.4088515756928969,0.07676401442734318,2.8856381218049667,0.4279398368435939,G_overall,A_G_up,10,5,0.0,0.06812339331619537,17.16709511568123
4668,0.1032882799737493,0.13012299205572153,0.7937742465183939,-0.4340594712841175,0.05095462801449687,1.866328928149836,0.4284207326897677,G_overall,A_G_up,10,5,0.003,0.06812339331619537,17.16709511568123
4668,0.08612118485806806,0.13033037604507702,0.660791347891773,-0.4502847132748823,0.033748370405932655,1.2147186366216038,0.42874132992055014,G_overall,A_G_up,10,5,0.005,0.06812339331619537,17.16709511568123
4668,0.06037054218454623,0.13087028545824247,0.4613006074920576,-0.47378339939010006,0.00793898399308639,0.2783274905305184,0.429222225766724,G_overall,A_G_up,10,5,0.008,0.06812339331619537,17.16709511568123
4668,0.04320344706886499,0.13138131786989976,0.32884011036978006,-0.48890716007347146,-0.009267273615477797,-0.3192272719836782,0.42954282299750635,G_overall,A_G_up,10,5,0.01,0.06812339331619537,17.16709511568123
4663,0.18177336194786753,0.13149753617844137,1.3823328347475818,-0.34743572602180184,0.12858416669393627,4.489645094402533,0.43605442365353214,G_overall,A_G_up,10,10,0.0,0.037315033240403174,9.4033883765816
4663,0.16766827938299514,0.13152754266393504,1.274776947756129,-0.3667516466210724,0.11442122353920635,3.9303608583137017,0.4365287749957942,G_overall,A_G_up,10,10,0.003,0.037315033240403174,9.4033883765816
4663,0.15826489100641356,0.13163355280473482,1.2023142096695032,-0.3793258169129957,0.10497926143605314,3.5663350798215747,0.4368450092239688,G_overall,A_G_up,10,10,0.005,0.037315033240403174,9.4033883765816
4663,0.14415980844154114,0.13192116206331397,1.0927724270072257,-0.3977432191932665,0.09081631828132332,3.0337145653404725,0.4373193605662308,G_overall,A_G_up,10,10,0.008,0.037315033240403174,9.4033883765816
4663,0.13475642006495953,0.1321981957398403,1.0193514314685028,-0.40973175916422,0.08137435617817008,2.6876342988406714,0.4376355947944054,G_overall,A_G_up,10,10,0.01,0.037315033240403174,9.4033883765816
4653,0.15429290373030108,0.13850964128847107,1.113950641233404,-0.4104629021695084,0.09470242475935768,2.9235659963349647,0.49235522859299796,G_overall,A_G_up,10,20,0.0,0.02149151085321298,5.415860735009671
4653,0.14616911262778656,0.13849119360635098,1.0554397635077029,-0.41922955945222595,0.08658563294303925,2.6531681328328314,0.4922973982950282,G_overall,A_G_up,10,20,0.003,0.02149151085321298,5.415860735009671
4653,0.14075325189277693,0.1385267322089579,1.0160728521370193,-0.42500863208366313,0.08117443839882695,2.4747021479170987,0.4922588447630484,G_overall,A_G_up,10,20,0.005,0.02149151085321298,5.415860735009671
4653,0.13262946079026242,0.13865172213060706,0.9565655496534562,-0.43358023302812443,0.07305764658250849,2.209838175323685,0.49220101446507886,G_overall,A_G_up,10,20,0.008,0.02149151085321298,5.415860735009671
4653,0.12721360005525273,0.13878273633341504,0.9166385057405964,-0.4392305632256738,0.06764645203829618,2.0352248416729743,0.492162460933099,G_overall,A_G_up,10,20,0.01,0.02149151085321298,5.415860735009671
4672,0.21708875291424198,0.12242467079983434,1.7732435096287453,-0.1705195555794936,0.17210971087437066,7.080372741642646,0.3742189756055523,G_overall,A_G_up,20,1,0.0,0.09503424657534247,23.948630136986303
4672,0.18116580770876256,0.12249717174681563,1.4789386981375108,-0.18407606615530447,0.1361473130610674,5.281000119224177,0.37454721546605724,G_overall,A_G_up,20,1,0.003,0.09503424657534247,23.948630136986303
4672,0.15721717757177625,0.12276639790486932,1.28062059533263,-0.21570189278246643,0.11217238118553188,4.182129380678507,0.37476604203972713,G_overall,A_G_up,20,1,0.005,0.09503424657534247,23.948630136986303
4672,0.12129423236629679,0.12349868620645013,0.982149981446214,-0.28599132266050187,0.07620998337222859,2.6778016146431614,0.37509428190023214,G_overall,A_G_up,20,1,0.008,0.09503424657534247,23.948630136986303
4672,0.09734560222931049,0.12420283214589518,0.7837631441041798,-0.3311301088415569,0.052235051496693045,1.7649242399451635,0.37531310847390215,G_overall,A_G_up,20,1,0.01,0.09503424657534247,23.948630136986303
4668,0.16806544697716086,0.12647578375057408,1.328834991120567,-0.24998814281751247,0.11894568796521363,4.3938786386756306,0.4021107329148041,G_overall,A_G_up,20,5,0.0,0.04884318766066838,12.30848329048843
4668,0.1496027220414282,0.12651828253006492,1.1824593177343967,-0.2699643473922181,0.10047620447599152,3.618671722613178,0.4021660606882246,G_overall,A_G_up,20,5,0.003,0.04884318766066838,12.30848329048843
4668,0.13729423875093977,0.12666222123964668,1.0839399262640212,-0.2830014963205152,0.08816321548317677,3.1217733904603797,0.40220294587050487,G_overall,A_G_up,20,5,0.005,0.04884318766066838,12.30848329048843
4668,0.11883151381520714,0.12705075275391903,0.9353074361186077,-0.3052723142898862,0.06969373199395465,2.4056394743882445,0.4022582736439253,G_overall,A_G_up,20,5,0.008,0.04884318766066838,12.30848329048843
4668,0.10652303052471868,0.12742403729922894,0.8359728100167745,-0.32317931138365064,0.05738074300113993,1.9472363062197346,0.40229515882620553,G_overall,A_G_up,20,5,0.01,0.04884318766066838,12.30848329048843
4663,0.16926989768658796,0.1309009878127568,1.2931139826745601,-0.27938835271043194,0.11619470983037941,4.055764735351427,0.43511977085668313,G_overall,A_G_up,20,10,0.0,0.03345485738794767,8.430624061762813
4663,0.1566239615939437,0.13097422609445214,1.1958380382487945,-0.2922805547428007,0.10350867189254533,3.5541201180190334,0.4354485328713781,G_overall,A_G_up,20,10,0.003,0.03345485738794767,8.430624061762813
4663,0.1481933375321809,0.13110076243619145,1.1303773889515603,-0.3007575240814824,0.09505131326732265,3.2276523414187954,0.43566770754784134,G_overall,A_G_up,20,10,0.005,0.03345485738794767,8.430624061762813
4663,0.13554740143953667,0.1314066841967929,1.031510704862948,-0.3132985807639399,0.08236527532948863,2.7500372866047376,0.4359964695625363,G_overall,A_G_up,20,10,0.008,0.03345485738794767,8.430624061762813
4663,0.12711677737777385,0.13168762392474687,0.9652902344901825,-0.3215443761599065,0.07390791670426596,2.439728054920266,0.43621564423899956,G_overall,A_G_up,20,10,0.01,0.03345485738794767,8.430624061762813
4653,0.15217635233147223,0.13376664876348265,1.1376255123243793,-0.3566824995899254,0.0963395457339224,3.059452031784675,0.46134121005546325,G_overall,A_G_up,20,20,0.0,0.020631850419084462,5.199226305609284
4653,0.1443775128730583,0.1337763210270203,1.0792456524790868,-0.3738212763721648,0.08854694721423992,2.7818730314233826,0.4612896454621118,G_overall,A_G_up,20,20,0.003,0.020631850419084462,5.199226305609284
4653,0.139178286567449,0.13383034730451937,1.0399605871959734,-0.38500656079576046,0.08335188153445157,2.599685627736713,0.46125526906654424,G_overall,A_G_up,20,20,0.005,0.020631850419084462,5.199226305609284
4653,0.13137944710903507,0.1339826387630445,0.9805706793205252,-0.40143126399421447,0.07555928301476908,2.3307670449191766,0.4612037044731928,G_overall,A_G_up,20,20,0.008,0.020631850419084462,5.199226305609284
4653,0.12618022080342578,0.13413154192109897,0.9407199753034196,-0.412149949919821,0.07036421733498076,2.15442592060351,0.4611693280776251,G_overall,A_G_up,20,20,0.01,0.020631850419084462,5.199226305609284
4672,0.25889222327646516,0.1329547577704512,1.9472204501582957,-0.3012400111354938,0.2045935999339171,8.313049164887223,0.45175651331186606,G_overall,B_GA00,1,1,0.0,0.4456335616438356,112.29965753424658
4672,0.09044273697509525,0.1340589484475911,0.6746490109196468,-0.39626634651540105,0.03596749196779139,1.3572382704469814,0.4532259794333563,G_overall,B_GA00,1,1,0.003,0.4456335616438356,112.29965753424658
4672,-0.021856920559151307,0.1353662768635617,-0.16146503446483443,-0.6342816767123036,-0.07644991334295909,-2.7427279964685747,0.45420562351434934,G_overall,B_GA00,1,1,0.005,0.4456335616438356,112.29965753424658
4672,-0.1903064068605212,0.13815164358744902,-1.377518225036958,-0.9809227340024845,-0.24507602130908462,-8.149441256559161,0.4556750896358398,G_overall,B_GA00,1,1,0.008,0.4456335616438356,112.29965753424658
4672,-0.30260606439476767,0.14053272332414188,-2.1532783058419787,-0.9975367081715344,-0.35749342661983546,-11.307151298651014,0.456654733716833,G_overall,B_GA00,1,1,0.01,0.4456335616438356,112.29965753424658
4668,0.12420880603540603,0.1319549650841676,0.94129694897179,-0.464353573525185,0.06963242811731718,2.708901284983045,0.44678043552982877,G_overall,B_GA00,1,5,0.0,0.10239931448157669,25.804627249357324
4668,0.08550186516137001,0.13178452615910324,0.6488004901132608,-0.49854934134726814,0.031040944540980785,1.1875424508758694,0.4458352635759709,G_overall,B_GA00,1,5,0.003,0.10239931448157669,25.804627249357324
4668,0.059697237912012695,0.13189052930349857,0.4526271766992534,-0.5201513174942018,0.005313288823423189,0.2008301861746172,0.4452051489400653,G_overall,B_GA00,1,5,0.005,0.10239931448157669,25.804627249357324
4668,0.020990297037976707,0.13237792244280938,0.15856342697208478,-0.5508591892557823,-0.033278194752913215,-1.2337007411096463,0.44425997698620723,G_overall,B_GA00,1,5,0.008,0.10239931448157669,25.804627249357324
4668,-0.004814330211380623,0.13291990372295667,-0.036219784069472946,-0.5702551861105571,-0.05900585047047079,-2.1577920228903698,0.44362986235030183,G_overall,B_GA00,1,5,0.01,0.10239931448157669,25.804627249357324
4663,0.13705489651683606,0.13180743293945713,1.0398115907453358,-0.3249853479863327,0.08342465259694479,3.302705466453067,0.4396702185705289,G_overall,B_GA00,1,10,0.0,0.04524983915933948,11.402959468153549
4663,0.11995045731460571,0.1318050730252428,0.9100594883144846,-0.33305118128580136,0.06627676407930097,2.601419755357905,0.4400264237377689,G_overall,B_GA00,1,10,0.003,0.04524983915933948,11.402959468153549
4663,0.10854749784645214,0.13190673152472604,0.8229109810525843,-0.3383814366777249,0.054844838400871725,2.1392557007789996,0.4402638938492623,G_overall,B_GA00,1,10,0.005,0.04524983915933948,11.402959468153549
4663,0.09144305864422185,0.13221359069125888,0.6916313078415433,-0.3463069325543592,0.03769694988322788,1.4554970667315312,0.4406200990165022,G_overall,B_GA00,1,10,0.008,0.04524983915933948,11.402959468153549
4663,0.0800400991760683,0.1325205217053141,0.603982674879997,-0.3515443313611756,0.02626502420479866,1.0067476299661686,0.4408575691279955,G_overall,B_GA00,1,10,0.01,0.04524983915933948,11.402959468153549
4653,0.10509153522390309,0.14629536186298187,0.7183517911000509,-0.4920744145467205,0.037907694766164415,1.1165164316597995,0.5550939629542934,G_overall,B_GA00,1,20,0.0,0.024500322372662798,6.174081237911025
4653,0.09583041336703654,0.146259419679239,0.6552084889793894,-0.511508437884442,0.02867222282539889,0.8442570973809276,0.5548820353020346,G_overall,B_GA00,1,20,0.003,0.024500322372662798,6.174081237911025
4653,0.08965633212912552,0.1462869374850521,0.6128799581868806,-0.5240650750898276,0.02251524153155517,0.662729413104004,0.5547407502005285,G_overall,B_GA00,1,20,0.005,0.024500322372662798,6.174081237911025
4653,0.08039521027225897,0.1464053750311507,0.5491274501032034,-0.5423198591265577,0.013279769590789647,0.39058332461187883,0.5545288225482697,G_overall,B_GA00,1,20,0.008,0.024500322372662798,6.174081237911025
4653,0.07422112903434794,0.14653567694082525,0.5065055185456323,-0.5541136432682825,0.007122788296945968,0.20935268446001834,0.5543875374467638,G_overall,B_GA00,1,20,0.01,0.024500322372662798,6.174081237911025
4672,0.2687578718968233,0.12901599306073216,2.0831360943779273,-0.17496590515095356,0.2179163140501259,9.994686220744077,0.42299423982209877,G_overall,B_GA00,3,1,0.0,0.2752568493150685,69.36472602739727
4672,0.1647107828557274,0.1294708687717518,1.2721841169236392,-0.258353863564318,0.11375235393689546,4.930475916552371,0.42396658985243774,G_overall,B_GA00,3,1,0.003,0.2752568493150685,69.36472602739727
4672,0.09534605682833017,0.13025666223016422,0.7319860281683956,-0.3312174590226372,0.04430971386140858,1.8461429193867236,0.4246148232059969,G_overall,B_GA00,3,1,0.005,0.2752568493150685,69.36472602739727
4672,-0.00870103221276572,0.13214195111610302,-0.065846100646121,-0.5613090860807133,-0.059854246251821744,-2.346804341468749,0.42558717323633577,G_overall,B_GA00,3,1,0.008,0.2752568493150685,69.36472602739727
4672,-0.07806575824016299,0.1338543959028227,-0.5832140043935363,-0.8526422428285513,-0.1292968863273086,-4.866361079475875,0.42623540658989467,G_overall,B_GA00,3,1,0.01,0.2752568493150685,69.36472602739727
4668,0.13825600550366188,0.1278656790065766,1.0812596982850329,-0.3634207664943381,0.0875618920868009,3.2651633223322203,0.4149989232553455,G_overall,B_GA00,3,5,0.0,0.09511568123393316,23.969151670951156
4668,0.10230227799723512,0.12776754456219758,0.8006906475958306,-0.40136370982855507,0.05162774412307824,1.8773601669245121,0.41483863858731695,G_overall,B_GA00,3,5,0.003,0.09511568123393316,23.969151670951156
4668,0.07833312632628397,0.12791425273476223,0.6123877883156019,-0.425423531846827,0.02767164548059649,0.9890686152111415,0.4147317821419645,G_overall,B_GA00,3,5,0.005,0.09511568123393316,23.969151670951156
4668,0.042379398819857236,0.12845105801343487,0.3299264285968335,-0.4749588721383958,-0.008262502483126193,-0.28765139561721853,0.41457149747393607,G_overall,B_GA00,3,5,0.008,0.09511568123393316,23.969151670951156
4668,0.018410247148906076,0.12901804020485755,0.14269513875481213,-0.5316670829425496,-0.032218601125608023,-1.1018341314307096,0.41446464102858344,G_overall,B_GA00,3,5,0.01,0.09511568123393316,23.969151670951156
4663,0.12758438297519745,0.13256400434091514,0.9624360972612779,-0.45550005689394235,0.07363408235683565,2.4025792690027736,0.44229409995323776,G_overall,B_GA00,3,10,0.0,0.0461076560154407,11.619129315891056
4663,0.11015568900136087,0.13250891608011994,0.8313077509045245,-0.4747842260174254,0.056193010768253115,1.8118096720870784,0.4423955738266153,G_overall,B_GA00,3,10,0.003,0.0461076560154407,11.619129315891056
4663,0.09853655968546982,0.13257674133499267,0.7432416779387367,-0.4873071489763573,0.04456562970919807,1.4251451533772523,0.44246322307553376,G_overall,B_GA00,3,10,0.005,0.0461076560154407,11.619129315891056
4663,0.08110786571163321,0.13283498506043986,0.6105911456588727,-0.5069890538034365,0.027124558120615542,0.8564281965056965,0.4425646969489112,G_overall,B_GA00,3,10,0.008,0.0461076560154407,11.619129315891056
4663,0.06948873639574214,0.13311101245852017,0.5220359691681867,-0.5197044924960472,0.01549717706156054,0.4850493605718788,0.4426323461978296,G_overall,B_GA00,3,10,0.01,0.0461076560154407,11.619129315891056
4653,0.11996865252465311,0.13809630772311188,0.8687317894493938,-0.49862940146373635,0.060759840017318614,1.8769588112361233,0.48920178055597063,G_overall,B_GA00,3,20,0.0,0.02407049215559854,6.065764023210832
4653,0.11087000648983686,0.1380812564123826,0.8029330654315691,-0.5090451205447808,0.05165385264304067,1.5909171264809796,0.4892624370053106,G_overall,B_GA00,3,20,0.003,0.02407049215559854,6.065764023210832
4653,0.10480424246662602,0.13812481575037366,0.7587647585067819,-0.5203322043970555,0.04558319439352206,1.400893789342352,0.4893028746382038,G_overall,B_GA00,3,20,0.005,0.02407049215559854,6.065764023210832
4653,0.09570559643180977,0.1382704437736659,0.6921623582004968,-0.5373184515155236,0.03647720701924415,1.11708013970362,0.4893635310875437,G_overall,B_GA00,3,20,0.008,0.02407049215559854,6.065764023210832
4653,0.08963983240859895,0.1384209237366341,0.6475887458976345,-0.5483207140537567,0.03040654876972549,0.9288067330730044,0.489403968720437,G_overall,B_GA00,3,20,0.01,0.02407049215559854,6.065764023210832
4672,0.25041566724844655,0.12301733636856677,2.0356128220675123,-0.23041830119833362,0.20480808436232587,9.727755070416162,0.3794483424604805,G_overall,B_GA00,5,1,0.0,0.22003424657534246,55.448630136986296
4672,0.1672427220429671,0.12335800096938195,1.3557509097806926,-0.27427140441512377,0.12155097934153666,5.4362297819569765,0.3801485396733171,G_overall,B_GA00,5,1,0.003,0.22003424657534246,55.448630136986296
4672,0.11179409190598079,0.12402134440896335,0.9014100954859601,-0.3021438436936077,0.06604624266101049,2.8332394990132377,0.38061533781520823,G_overall,B_GA00,5,1,0.005,0.22003424657534246,55.448630136986296
4672,0.02862114670050134,0.1256568936055472,0.2277721968071782,-0.34349810926823365,-0.01721086235977875,-0.6928018349726357,0.3813155350280447,G_overall,B_GA00,5,1,0.008,0.22003424657534246,55.448630136986296
4672,-0.026827483436484962,0.127161467565991,-0.21097179790381645,-0.696900978350647,-0.0727155990403049,-2.8050936877837502,0.3817823331699355,G_overall,B_GA00,5,1,0.01,0.22003424657534246,55.448630136986296
4668,0.13528892147106505,0.12680873483772762,1.0668738367604504,-0.30307807379040874,0.08566775209475894,3.15757916596439,0.4062154454207098,G_overall,B_GA00,5,5,0.0,0.08740359897172237,22.025706940874038
4668,0.10225036105975398,0.12684005118836958,0.8061362330097331,-0.33869161764558586,0.052596699722093354,1.8922951072259098,0.40648143545520726,G_overall,B_GA00,5,5,0.003,0.08740359897172237,22.025706940874038
4668,0.08022465411887994,0.12705886972040575,0.6313975112120472,-0.36144501273479857,0.030549331473649667,1.081028870373891,0.4066587621448722,G_overall,B_GA00,5,5,0.005,0.08740359897172237,22.025706940874038
4668,0.047186093707568884,0.1276819736211045,0.3695595577774615,-0.39415553222283195,-0.0025217208990158772,-0.08699787347303772,0.4069247521793696,G_overall,B_GA00,5,5,0.008,0.08740359897172237,22.025706940874038
4668,0.02516038676669485,0.12829173245443154,0.1961185361311702,-0.41505196178157455,-0.024569089147459606,-0.8331547435373675,0.40710207886903443,G_overall,B_GA00,5,5,0.01,0.08740359897172237,22.025706940874038
4663,0.1408407285795231,0.13173306280833416,1.0691372809303021,-0.37465981747656163,0.08771232264270842,3.1288495095842,0.43555606208755937,G_overall,B_GA00,5,10,0.0,0.045678747587390094,11.511044392022304
4663,0.12357416199148967,0.13173556896714464,0.9380470510763084,-0.39681240565564935,0.07039792854224652,2.475568739126537,0.4359481604877555,G_overall,B_GA00,5,10,0.003,0.045678747587390094,11.511044392022304
4663,0.11206311759946737,0.1318414551794778,0.8499839253663739,-0.4111608411824299,0.05885499914193856,2.04932477438533,0.43620955942121953,G_overall,B_GA00,5,10,0.005,0.045678747587390094,11.511044392022304
4663,0.0947965510114339,0.1321561066611914,0.7173073829608482,-0.43232263449235264,0.04154060504147666,1.424515178875511,0.4366016578214155,G_overall,B_GA00,5,10,0.008,0.045678747587390094,11.511044392022304
4663,0.08328550661941161,0.13246918001470587,0.6287161029468575,-0.4469671234499967,0.02999767564116871,1.0179750768933364,0.43686305675487963,G_overall,B_GA00,5,10,0.01,0.045678747587390094,11.511044392022304
4653,0.13557143558653414,0.1386786013382931,0.9775944830581375,-0.3995545745471948,0.07609806660691414,2.5944656687674392,0.49138762911159944,G_overall,B_GA00,5,20,0.0,0.02149151085321298,5.415860735009671
4653,0.12744764448401963,0.13867406582278635,0.9190445504560809,-0.4067173481476417,0.06798034346661845,2.30515484124573,0.4913374937044517,G_overall,B_GA00,5,20,0.003,0.02149151085321298,5.415860735009671
4653,0.12203178374900997,0.1387188142219863,0.8797060761615746,-0.4114508911618685,0.06256852803975468,2.113541638146522,0.49130407009968635,G_overall,B_GA00,5,20,0.005,0.02149151085321298,5.415860735009671
4653,0.11390799264649545,0.13885750256457544,0.8203229248885762,-0.4184892449307174,0.05445080489945905,1.8282492826394612,0.4912539346925385,G_overall,B_GA00,5,20,0.008,0.02149151085321298,5.415860735009671
4653,0.10849213191148578,0.13899756087870438,0.7805326311168942,-0.4231404624840043,0.049038989472595246,1.639603128053826,0.4912205110877731,G_overall,B_GA00,5,20,0.01,0.02149151085321298,5.415860735009671
4672,0.23909064081999082,0.12251843904078992,1.9514665930439312,-0.16417128091044908,0.19403878895039536,8.502671758453879,0.37482474261742565,G_overall,B_GA00,10,1,0.0,0.1464041095890411,36.89383561643836
4672,0.1837498873953333,0.12275945928672498,1.4968287451165383,-0.19006204959607476,0.13858902017067093,5.700842554996749,0.37573173424393125,G_overall,B_GA00,10,1,0.003,0.1464041095890411,36.89383561643836
4672,0.14685605177889496,0.12323978277625267,1.1916286159439173,-0.2116105795328862,0.10162250765085463,4.002742589017902,0.37633639532826835,G_overall,B_GA00,10,1,0.005,0.1464041095890411,36.89383561643836
4672,0.09151529835423741,0.12443233005319468,0.7354623859821215,-0.30219593212380635,0.046172738871130235,1.7030094887146843,0.377243386954774,G_overall,B_GA00,10,1,0.008,0.1464041095890411,36.89383561643836
4672,0.05462146273779908,0.12553509397669355,0.435109107800086,-0.3582915050834513,0.009206226351313967,0.325040885642833,0.37784804803911093,G_overall,B_GA00,10,1,0.01,0.1464041095890411,36.89383561643836
4668,0.14280719066158604,0.12984294551161463,1.099845587289236,-0.4007189261410963,0.09049414913186718,3.3278475150793123,0.4282520088382642,G_overall,B_GA00,10,5,0.0,0.06812339331619537,17.16709511568123
4668,0.11705654798806421,0.1299853869505049,0.900536212063871,-0.4271453324467789,0.06465614786745252,2.3137291183099093,0.42896715540487834,G_overall,B_GA00,10,5,0.003,0.06812339331619537,17.16709511568123
4668,0.09988945287238297,0.13023393172964579,0.7670002091294049,-0.4441332826748433,0.04743081369117605,1.666494250705263,0.4294439197826211,G_overall,B_GA00,10,5,0.005,0.06812339331619537,17.16709511568123
4668,0.07413881019886112,0.13083537408319795,0.5666572264448635,-0.46870545414075193,0.021592812426761414,0.7379937724777913,0.4301590663492353,G_overall,B_GA00,10,5,0.008,0.06812339331619537,17.16709511568123
4668,0.056971715083179886,0.13138712446572476,0.43361718520631926,-0.48449998128046134,0.0043674782504849454,0.14653917147263754,0.4306358307269779,G_overall,B_GA00,10,5,0.01,0.06812339331619537,17.16709511568123
4663,0.1855433051192362,0.13164202718647877,1.4094534176111029,-0.35204663031638583,0.13198315237050856,4.463518557830437,0.4390955987610176,G_overall,B_GA00,10,10,0.0,0.038172850096504396,9.619558224319107
4663,0.17111396778275756,0.1316952755919455,1.2993174357518331,-0.37125893123405207,0.11752409696417158,3.902163019100906,0.4393392327502569,G_overall,B_GA00,10,10,0.003,0.038172850096504396,9.619558224319107
4663,0.16149440955843844,0.13181854820095742,1.2251265983618647,-0.38376512847451894,0.10788472669328021,3.5380784268150234,0.4395016554097497,G_overall,B_GA00,10,10,0.005,0.038172850096504396,9.619558224319107
4663,0.1470650722219598,0.13213462630228417,1.112994196430535,-0.40208221036830327,0.09342567128694333,3.0071568256979737,0.4397452893989889,G_overall,B_GA00,10,10,0.008,0.038172850096504396,9.619558224319107
4663,0.13744551399764068,0.13243230417508728,1.0378548863419723,-0.4140049507035519,0.08378630101605199,2.6632899019578122,0.43990771205848167,G_overall,B_GA00,10,10,0.01,0.038172850096504396,9.619558224319107
4653,0.16483504880922237,0.13812277500771525,1.193395142835894,-0.41448200139920743,0.1051058814565646,3.2767519484168375,0.4935011155041513,G_overall,B_GA00,10,20,0.0,0.02278100150440576,5.740812379110252
4653,0.156223830240557,0.13812381287733422,1.1310419759357293,-0.4266366513097817,0.09651724993624618,2.985247344230898,0.49331449422598517,G_overall,B_GA00,10,20,0.003,0.02278100150440576,5.740812379110252
4653,0.15048301786144674,0.13817527606108923,1.0890734011988954,-0.4346091351258292,0.0907914955893672,2.793029787462994,0.49319008004054105,G_overall,B_GA00,10,20,0.005,0.02278100150440576,5.740812379110252
4653,0.14187179929278138,0.13832851441034658,1.0256149998974455,-0.4463750469956581,0.08220286406904875,2.507999548655817,0.49300345876237484,G_overall,B_GA00,10,20,0.008,0.02278100150440576,5.740812379110252
4653,0.1361309869136711,0.1384812381302069,0.9830283780801703,-0.4540922352311234,0.07647710972216978,2.320238744325416,0.4928790445769307,G_overall,B_GA00,10,20,0.01,0.02278100150440576,5.740812379110252
4672,0.22988905580710867,0.12046431306766968,1.9083581680988853,-0.15630421203217681,0.18613627656930176,7.625373092691823,0.3640166505047876,G_overall,B_GA00,20,1,0.0,0.09717465753424658,24.488013698630137
4672,0.19315703525916345,0.12059058514892888,1.6017588356554977,-0.18038893113760057,0.1493566355187316,5.741097837244075,0.36441284604168567,G_overall,B_GA00,20,1,0.003,0.09717465753424658,24.488013698630137
4672,0.16866902156053332,0.12090353342041035,1.3950710685520746,-0.22582272785337454,0.12483687481835148,4.598789786642346,0.36467697639961755,G_overall,B_GA00,20,1,0.005,0.09717465753424658,24.488013698630137
4672,0.13193700101258812,0.12171257696221215,1.084004663327031,-0.2911373077240179,0.08805723376778128,3.045169243196241,0.36507317193651573,G_overall,B_GA00,20,1,0.008,0.09717465753424658,24.488013698630137
4672,0.10744898731395798,0.12247486362566826,0.8773146107952787,-0.3332872289829597,0.06353747306740118,2.107956911140867,0.3653373022944476,G_overall,B_GA00,20,1,0.01,0.09717465753424658,24.488013698630137
4668,0.17380135216777878,0.12486446139012514,1.391920088653214,-0.32030583602976004,0.12585080574904575,4.69656481312107,0.3925391685942987,G_overall,B_GA00,20,5,0.0,0.04627249357326478,11.660668380462726
4668,0.1563103495970847,0.12491760703468198,1.2513075883184896,-0.34042456355121187,0.10831364490813726,3.9357274825888604,0.3929170355920065,G_overall,B_GA00,20,5,0.003,0.04627249357326478,11.660668380462726
4668,0.14464968121662197,0.12506425205085242,1.1566029368472608,-0.3535213453156919,0.09662220434753163,3.4489220191299337,0.3931689469238117,G_overall,B_GA00,20,5,0.005,0.04627249357326478,11.660668380462726
4668,0.12715867864592786,0.12545026143184287,1.0136182834103793,-0.37270422409069215,0.07908504350662315,2.7485435225243466,0.39354681392151947,G_overall,B_GA00,20,5,0.008,0.04627249357326478,11.660668380462726
4668,0.11549801026546515,0.12581750316465476,0.9179804666312229,-0.3851910443066138,0.06739360294601753,2.3009711299084707,0.3937987252533247,G_overall,B_GA00,20,5,0.01,0.04627249357326478,11.660668380462726
4663,0.18169331672918487,0.12894595604633782,1.4090656450202428,-0.29162850314963606,0.13012246188732868,4.706193288031078,0.4227869829206232,G_overall,B_GA00,20,10,0.0,0.030023589963542784,7.565944670812781
4663,0.17034439972296567,0.12899825230898057,1.3205171130144582,-0.3084536064245499,0.11878048369172786,4.2281927489807325,0.4227300973247687,G_overall,B_GA00,20,10,0.003,0.030023589963542784,7.565944670812781
4663,0.16277845505215294,0.12910419441625837,1.2608301053900843,-0.3194614076625606,0.11121916489466069,3.916713426842848,0.422692173594199,G_overall,B_GA00,20,10,0.005,0.030023589963542784,7.565944670812781
4663,0.15142953804593373,0.12936937523657827,1.1705207493582928,-0.3356655203533926,0.0998771866990599,3.4604021233258466,0.42263528799834454,G_overall,B_GA00,20,10,0.008,0.030023589963542784,7.565944670812781
4663,0.14386359337512097,0.12961666936128122,1.1099158316908238,-0.3462665383286685,0.0923158679019927,3.1635061751788047,0.4225973642677748,G_overall,B_GA00,20,10,0.01,0.030023589963542784,7.565944670812781
4653,0.1582864055949873,0.1281520485437849,1.235145340192565,-0.3310925434601961,0.10722615387537843,3.515264918639029,0.42187581542484864,G_overall,B_GA00,20,20,0.0,0.02149151085321298,5.415860735009671
4653,0.1501626144924728,0.12817082301968863,1.1715818854452231,-0.344987247584143,0.09911718440477472,3.2174136351351956,0.42175335445300244,G_overall,B_GA00,20,20,0.003,0.02149151085321298,5.415860735009671
4653,0.14474675375746315,0.12823501707467216,1.1287615275410778,-0.35410097140042784,0.09371120475770559,3.021642147141542,0.42167171380510493,G_overall,B_GA00,20,20,0.005,0.02149151085321298,5.415860735009671
4653,0.13662296265494864,0.1284086697554223,1.0639699244231093,-0.36755099896710985,0.08560223528710188,2.7322542676327504,0.4215492528332589,G_overall,B_GA00,20,20,0.008,0.02149151085321298,5.415860735009671
4653,0.13120710191993898,0.12857585007839076,1.020464588333999,-0.3763726936391516,0.08019625564003273,2.542211584686688,0.4214676121853614,G_overall,B_GA00,20,20,0.01,0.02149151085321298,5.415860735009671
4672,0.26814059752487546,0.1312145883180122,2.0435273315418927,-0.23966299711965133,0.21544454579877778,8.662016180899796,0.4384233545462572,G_overall,C_G_overall,1,1,0.0,0.4336472602739726,109.2791095890411
4672,0.1042219331413138,0.13237504748947038,0.78732310294056,-0.33391373871072894,0.05131688260969863,1.922200812321814,0.44016219368903364,G_overall,C_G_overall,1,1,0.003,0.4336472602739726,109.2791095890411
4672,-0.005057176447727295,0.1337229822085342,-0.03781830440964057,-0.6421536400985504,-0.05810155951635402,-2.0761207660640295,0.44132141978421774,G_overall,C_G_overall,1,1,0.005,0.4336472602739726,109.2791095890411
4672,-0.16897584083128894,0.13657232252210938,-1.2372627023600178,-0.9743188798627068,-0.22222922270543308,-7.405545232650194,0.4430602589269942,G_overall,C_G_overall,1,1,0.008,0.4336472602739726,109.2791095890411
4672,-0.27825495042033005,0.13899712557206886,-2.001875573146706,-0.9965005507409237,-0.3316476648314859,-10.55935886291151,0.44421948502217845,G_overall,C_G_overall,1,1,0.01,0.4336472602739726,109.2791095890411
4668,0.13331177212148126,0.12916542320449326,1.0321010748396926,-0.4949197549706813,0.08126811759128712,2.7947157809232017,0.42604671699653784,G_overall,C_G_overall,1,5,0.0,0.09982862039417309,25.15681233933162
4668,0.09557655361248384,0.1291491271549867,0.7400480027850769,-0.5286043874159285,0.0435667289067218,1.47253685359895,0.4257697747685951,G_overall,C_G_overall,1,5,0.003,0.09982862039417309,25.15681233933162
4668,0.07041974127315222,0.1293573207974323,0.5443815691222172,-0.5498292366297735,0.018432469783678254,0.6153686610280794,0.425585146616633,G_overall,C_G_overall,1,5,0.005,0.09982862039417309,25.15681233933162
4668,0.032684522764154796,0.12999609281657443,0.25142696258012104,-0.5800944335325768,-0.019268918900887045,-0.6308049351513549,0.4253082043886904,G_overall,C_G_overall,1,5,0.008,0.09982862039417309,25.15681233933162
4668,0.007527710424823161,0.130637111955835,0.05762306217675789,-0.5998466331062284,-0.04440317802393064,-1.433811572662546,0.4251235762367283,G_overall,C_G_overall,1,5,0.01,0.09982862039417309,25.15681233933162
4663,0.1395564698139535,0.13352460420091455,1.0451741883013772,-0.4268975382437501,0.08443618601674174,3.2833553324452045,0.4518858288429511,G_overall,C_G_overall,1,10,0.0,0.04696547287154192,11.835299163628564
4663,0.12180352106851065,0.13354241570231098,0.9120961338608077,-0.44217065546424716,0.06663628957626928,2.5576635860245247,0.45227071434460736,G_overall,C_G_overall,1,10,0.003,0.04696547287154192,11.835299163628564
4663,0.10996822190488213,0.13365983953730884,0.8227469244730494,-0.4521382855705497,0.05476969194928767,2.0828539528094865,0.4525273046790449,G_overall,C_G_overall,1,10,0.005,0.04696547287154192,11.835299163628564
4663,0.09221527315943925,0.1339937445597075,0.6882058073863904,-0.46677485945831687,0.0369697955088152,1.38550855404994,0.45291219018070106,G_overall,C_G_overall,1,10,0.008,0.04696547287154192,11.835299163628564
4663,0.0803799739958107,0.1343209173419855,0.5984173990649619,-0.4763265544472257,0.025103197881833534,0.9312090369362844,0.4531687805151386,G_overall,C_G_overall,1,10,0.01,0.04696547287154192,11.835299163628564
4653,0.129201879408877,0.1472314572172727,0.8775426247273432,-0.43468293282081627,0.061352311121018265,1.8922839874189252,0.5605944151010082,G_overall,C_G_overall,1,20,0.0,0.02364066193853428,5.957446808510638
4653,0.12026570919611106,0.1472237517427305,0.8168906699665698,-0.4397965467982612,0.05243303827375544,1.6149194688445476,0.5604548037671411,G_overall,C_G_overall,1,20,0.003,0.02364066193853428,5.957446808510638
4653,0.1143082623876004,0.14726800437880253,0.7761921054730727,-0.4431841621520446,0.046486856375580254,1.430143713685777,0.560361729544563,G_overall,C_G_overall,1,20,0.005,0.02364066193853428,5.957446808510638
4653,0.10537209217483445,0.14740837879971752,0.7148310905583095,-0.44823356731491304,0.03756758352831744,1.1534121166087503,0.5602221182106959,G_overall,C_G_overall,1,20,0.008,0.02364066193853428,5.957446808510638
4653,0.09941464536632384,0.1475511825527417,0.673763799424572,-0.4515785927587814,0.03162140163014221,0.9693453826151474,0.5601290439881178,G_overall,C_G_overall,1,20,0.01,0.02364066193853428,5.957446808510638
4672,0.26982744328985475,0.13016281981659555,2.072999368560485,-0.18027012130468367,0.21823207612826032,9.65093992909004,0.42926582180405004,G_overall,C_G_overall,3,1,0.0,0.2688356164383562,67.74657534246576
4672,0.16820758027615618,0.13064500599380466,1.2875163424473552,-0.24852394990960647,0.11645936170695101,4.89088178389587,0.4305375229026466,G_overall,C_G_overall,3,1,0.003,0.2688356164383562,67.74657534246576
4672,0.10046100493369038,0.13143750389070144,0.7643252645548566,-0.3277527484987395,0.048610885426078165,1.9688926437243937,0.4313853236350441,G_overall,C_G_overall,3,1,0.005,0.2688356164383562,67.74657534246576
4672,-0.0011588580800082537,0.13331601184477107,-0.008692564861283066,-0.5032123328511853,-0.05316182899523111,-2.036197859732382,0.43265702473364076,G_overall,C_G_overall,3,1,0.008,0.2688356164383562,67.74657534246576
4672,-0.068905433422474,0.13501326338500055,-0.5103604764073063,-0.8400281174129172,-0.12101030527610389,-4.463011137718412,0.4335048254660381,G_overall,C_G_overall,3,1,0.01,0.2688356164383562,67.74657534246576
4668,0.12532784808730493,0.13386433430169595,0.9362303166192726,-0.36687096797389684,0.06956784105649126,2.4942083554926886,0.4564700182881912,G_overall,C_G_overall,3,5,0.0,0.09297343616109682,23.429305912596398
4668,0.09018388921841033,0.13379696628056983,0.6740353815593721,-0.40281368580775434,0.03444075220140478,1.2047099165735218,0.4563319147275646,G_overall,C_G_overall,3,5,0.003,0.09297343616109682,23.429305912596398
4668,0.06675458330581392,0.13395053515579058,0.4983524942858593,-0.4256626003257151,0.011022692964680498,0.37910616481778114,0.45623984568714676,G_overall,C_G_overall,3,5,0.005,0.09297343616109682,23.429305912596398
4668,0.031610624436919324,0.13447724985510087,0.23506298999258055,-0.48949542289997683,-0.024104395890406027,-0.8078483756066934,0.4561017421265202,G_overall,C_G_overall,3,5,0.008,0.09297343616109682,23.429305912596398
4668,0.008181318524322925,0.13502416892064364,0.060591511799130186,-0.545546487359369,-0.04752245512713034,-1.564995783905719,0.4560096730861021,G_overall,C_G_overall,3,5,0.01,0.09297343616109682,23.429305912596398
4663,0.1403992358068718,0.13478187049485088,1.0416774547748657,-0.3924049132361074,0.08454915424166473,2.788526680785221,0.4578688399335974,G_overall,C_G_overall,3,10,0.0,0.04181857173493459,10.538280077203517
4663,0.1245918156910665,0.13473938904319602,0.9246874026653312,-0.4121535977756061,0.06872452855189279,2.2352845798906786,0.45800989426998756,G_overall,C_G_overall,3,10,0.003,0.04181857173493459,10.538280077203517
4663,0.11405353561386299,0.13480474484343494,0.8460646971019244,-0.4313618904305996,0.058174778092044806,1.8742100547288507,0.45810393049424775,G_overall,C_G_overall,3,10,0.005,0.04181857173493459,10.538280077203517
4663,0.09824611549805772,0.1350430216796493,0.7275171591696041,-0.4757190033353417,0.04235015240227284,1.344577679360271,0.4582449848306378,G_overall,C_G_overall,3,10,0.008,0.04181857173493459,10.538280077203517
4663,0.0877078354208542,0.13529498411947577,0.6482711535218594,-0.5033847593791005,0.031800401942424845,0.999630767226786,0.45833902105489804,G_overall,C_G_overall,3,10,0.01,0.04181857173493459,10.538280077203517
4653,0.13292316512017457,0.1378864008196306,0.9640048933763349,-0.4326451949370229,0.07401166610435687,2.3508381521193003,0.4867452832327838,G_overall,C_G_overall,3,20,0.0,0.02278100150440576,5.740812379110252
4653,0.12431194655150922,0.13789976665661433,0.9014659673867305,-0.45436360926279507,0.06539774882736567,2.069477869626503,0.4867675808074575,G_overall,C_G_overall,3,20,0.003,0.02278100150440576,5.740812379110252
4653,0.11857113417239894,0.13795952719817756,0.8594631815610141,-0.4683960107414811,0.0596551373093715,1.8826703162074103,0.48678244585723973,G_overall,C_G_overall,3,20,0.005,0.02278100150440576,5.740812379110252
4653,0.10995991560373358,0.13812531098309203,0.7960880943623274,-0.4887959383269498,0.05104122003238023,1.6038371401543392,0.4868047434319134,G_overall,C_G_overall,3,20,0.008,0.02278100150440576,5.740812379110252
4653,0.1042191032246233,0.13828645349161325,0.7536465112321646,-0.5019754199306841,0.04529860851438612,1.4189959860952024,0.48681960848169564,G_overall,C_G_overall,3,20,0.01,0.02278100150440576,5.740812379110252
4672,0.26062099747440204,0.1256939763973726,2.0734565405940164,-0.18324126456892764,0.21289329661565054,9.339695300059438,0.39708741034408584,G_overall,C_G_overall,5,1,0.0,0.20761986301369864,52.320205479452056
4672,0.18214068925522395,0.12595705652877373,1.446053871651213,-0.21572649230227403,0.13434858416840073,5.5685408673382675,0.39762324399372845,G_overall,C_G_overall,5,1,0.003,0.20761986301369864,52.320205479452056
4672,0.12982048377577193,0.1265424129096435,1.0259049182859277,-0.251270412166427,0.0819854425369009,3.2680820701474564,0.39798046642682355,G_overall,C_G_overall,5,1,0.005,0.20761986301369864,52.320205479452056
4672,0.05134017555659385,0.12802415555273647,0.40101944304913223,-0.3625305652375772,0.0034407300896511597,0.12925245331469792,0.3985163000764661,G_overall,C_G_overall,5,1,0.008,0.20761986301369864,52.320205479452056
4672,-0.0009800299228582064,0.12940370325478073,-0.007573430266741613,-0.5940584323869604,-0.04892241154184868,-1.7663720366939273,0.398873522509561,G_overall,C_G_overall,5,1,0.01,0.20761986301369864,52.320205479452056
4668,0.1549449379565881,0.1291624640379961,1.1996127443883966,-0.4116754402335131,0.10356142025003717,3.864747358193305,0.42064261674607306,G_overall,C_G_overall,5,5,0.0,0.07969151670951156,20.082262210796916
4668,0.1248215446403927,0.12917044671317163,0.9663320660147919,-0.44340648905192503,0.073349764657161,2.6643753720583856,0.42136516118600464,G_overall,C_G_overall,5,5,0.003,0.07969151670951156,20.082262210796916
4668,0.1047392824295958,0.1293545271216978,0.8097071262999266,-0.4636287312088183,0.05320866092857686,1.8977882154151249,0.421846857479292,G_overall,C_G_overall,5,5,0.005,0.07969151670951156,20.082262210796916
4668,0.07461588911340043,0.12989726574319269,0.5744223227986668,-0.492628149370154,0.022997005335700697,0.7978423097996429,0.4225694019192235,G_overall,C_G_overall,5,5,0.008,0.07969151670951156,20.082262210796916
4668,0.0545336269026035,0.1304351111178759,0.4180900865973178,-0.5111074304271523,0.002855901607116523,0.09725656625920591,0.42305109821251097,G_overall,C_G_overall,5,5,0.01,0.07969151670951156,20.082262210796916
4663,0.1615151535860645,0.13447267949137537,1.2011001357076665,-0.3746598174765615,0.10600392130543415,3.757212976800912,0.4550908936084815,G_overall,C_G_overall,5,10,0.0,0.04310529701908643,10.86253484880978
4663,0.1452213513128498,0.1344893198791115,1.079798391748765,-0.39681240565564957,0.0896529764740587,3.126862272111023,0.4555593583999857,G_overall,C_G_overall,5,10,0.003,0.04310529701908643,10.86253484880978
4663,0.13435881646404002,0.13459699939180542,0.9982303994231547,-0.41116084118243146,0.07875234658647504,2.71651028800817,0.4558716682609883,G_overall,C_G_overall,5,10,0.005,0.04310529701908643,10.86253484880978
4663,0.11806501419082538,0.1349029349736948,0.8751849187999305,-0.4323226344923521,0.06240140175509955,2.1162915609833735,0.4563401330524924,G_overall,C_G_overall,5,10,0.008,0.04310529701908643,10.86253484880978
4663,0.1072024793420156,0.1352026612402196,0.7929021393413626,-0.4469671234499957,0.05150077186751588,1.726557655687685,0.45665244291349505,G_overall,C_G_overall,5,10,0.01,0.04310529701908643,10.86253484880978
4653,0.1485778553818805,0.14120352090257085,1.0522248626108828,-0.39955457454719445,0.08694705006068394,2.9824116707249755,0.5092130448739015,G_overall,C_G_overall,5,20,0.0,0.02149151085321298,5.415860735009671
4653,0.14045406427936602,0.14118691414948922,0.9948093640650914,-0.40671734814764116,0.07882402348375084,2.690003382831173,0.5092067281237446,G_overall,C_G_overall,5,20,0.003,0.02149151085321298,5.415860735009671
4653,0.13503820354435633,0.14122276674501483,0.9562070384031985,-0.4114508911618684,0.07340867243246207,2.4960891719035367,0.5092025169569733,G_overall,C_G_overall,5,20,0.005,0.02149151085321298,5.415860735009671
4653,0.12691441244184185,0.14134685987148504,0.8978933989565426,-0.41848924493071715,0.065285645855529,2.2070341810616534,0.5091962002068163,G_overall,C_G_overall,5,20,0.008,0.02149151085321298,5.415860735009671
4653,0.12149855170683217,0.14147636883952538,0.8587904305392954,-0.4231404624840043,0.059870294804240255,2.015696883459506,0.509191989040045,G_overall,C_G_overall,5,20,0.01,0.02149151085321298,5.415860735009671
4672,0.2438211489738604,0.1224216571404015,1.991650453597681,-0.18113144969295192,0.19889350625065683,8.545695313520692,0.37379134089485366,G_overall,C_G_overall,10,1,0.0,0.136986301369863,34.52054794520548
4672,0.19204032705605217,0.12253057853867147,1.567284912438759,-0.20415508144904138,0.14703521396509733,5.941465339630897,0.37443588289363505,G_overall,C_G_overall,10,1,0.003,0.136986301369863,34.52054794520548
4672,0.1575197791108467,0.12290656985344522,1.2816221240139931,-0.22596052603595973,0.11246301910805773,4.3609045247047105,0.3748655775594893,G_overall,C_G_overall,10,1,0.005,0.136986301369863,34.52054794520548
4672,0.10573895719303845,0.12392009958628629,0.8532833458498943,-0.2995775812051584,0.06060472682249836,2.209669904588362,0.3755101195582706,G_overall,C_G_overall,10,1,0.008,0.136986301369863,34.52054794520548
4672,0.07121840924783297,0.12488980637534262,0.5702499772783206,-0.3523171450054364,0.026032531965458742,0.9114123248362284,0.3759398142241248,G_overall,C_G_overall,10,1,0.01,0.136986301369863,34.52054794520548
4668,0.14323390167108718,0.1275990314044453,1.122531261362672,-0.36102838157167294,0.09320538875765162,3.481560010868973,0.4095500954995789,G_overall,C_G_overall,10,5,0.0,0.0664095972579263,16.73521850899743
4668,0.11813107390759106,0.12767223974545064,0.9252682818372853,-0.38639540316966015,0.06803245073706647,2.4746902645616347,0.41012404145188025,G_overall,C_G_overall,10,5,0.003,0.0664095972579263,16.73521850899743
4668,0.10139585539859361,0.12787387312080964,0.7929364531157922,-0.4027649627093032,0.051250492056676325,1.8313207264493916,0.4105066720867476,G_overall,C_G_overall,10,5,0.005,0.0664095972579263,16.73521850899743
4668,0.07629302763509743,0.12840412499815182,0.5941633700334437,-0.4265333010210297,0.026077554036091122,0.9071512298011026,0.4110806180390489,G_overall,C_G_overall,10,5,0.008,0.0664095972579263,16.73521850899743
4668,0.05955780912610003,0.12890803651211724,0.4620178131446572,-0.44186996212446494,0.009295595355700986,0.31761982573134084,0.41146324867391626,G_overall,C_G_overall,10,5,0.01,0.0664095972579263,16.73521850899743
4663,0.18330622010296035,0.13081052575005958,1.4013109346659507,-0.31492418938348954,0.13076947769925612,4.471966228315566,0.43070549986913137,G_overall,C_G_overall,10,10,0.0,0.03774394166845379,9.511473300450355
4663,0.1690390101522848,0.1308513683247883,1.2918398356577392,-0.335207949553044,0.11647111781903086,3.910582755908803,0.43096087249719633,G_overall,C_G_overall,10,10,0.003,0.03774394166845379,9.511473300450355
4663,0.15952753685183443,0.13096599296311118,1.2180836661679657,-0.348412072001971,0.10693887789888071,3.546429659331838,0.4311311209159063,G_overall,C_G_overall,10,10,0.005,0.03774394166845379,9.511473300450355
4663,0.14526032690115892,0.13126856641398993,1.106588811544131,-0.3677520391078253,0.09264051801865546,3.0153561687477635,0.4313864935439712,G_overall,C_G_overall,10,10,0.008,0.03774394166845379,9.511473300450355
4663,0.1357488536007086,0.1315569056674728,1.0318641420757606,-0.38034102619475796,0.08310827809850525,2.67136811379675,0.4315567419626811,G_overall,C_G_overall,10,10,0.01,0.03774394166845379,9.511473300450355
4653,0.16079681045251226,0.13656675834695117,1.1774227667028903,-0.3901534142565841,0.10297529248636661,3.2436807009284907,0.47773951791354563,G_overall,C_G_overall,10,20,0.0,0.02149151085321298,5.415860735009671
4653,0.15267301934999777,0.1365607254841941,1.1179862937068872,-0.3974394358633674,0.09485831237068117,2.9654370435735955,0.4776832434040089,G_overall,C_G_overall,10,20,0.003,0.02149151085321298,5.415860735009671
4653,0.1472571586149881,0.13660521499281283,1.0779761125718055,-0.40225436283679084,0.0894469922935575,2.781768552220776,0.47764572706431774,G_overall,C_G_overall,10,20,0.005,0.02149151085321298,5.415860735009671
4653,0.13913336751247357,0.13674462168307522,1.0174686638494246,-0.40941363060795655,0.08133001217787202,2.50915868998893,0.477589452554781,G_overall,C_G_overall,10,20,0.008,0.02149151085321298,5.415860735009671
4653,0.1337175067774639,0.13688589263374495,0.976853817472934,-0.4141446887418382,0.07591869210074839,2.3294285421956906,0.47755193621508985,G_overall,C_G_overall,10,20,0.01,0.02149151085321298,5.415860735009671
4672,0.21705482163919343,0.12330972281622823,1.7602409338205716,-0.18006509972256646,0.1713463632883767,6.9749374124899415,0.38028761140330913,G_overall,C_G_overall,20,1,0.0,0.09375,23.625
4672,0.18161732163919345,0.12346564318250187,1.470994820565055,-0.19836564710356075,0.1357964948711668,5.204403866165847,0.38122250001079583,G_overall,C_G_overall,20,1,0.003,0.09375,23.625
4672,0.1579923216391934,0.12378591774975486,1.2763351802148457,-0.21046130458260348,0.11209658259302678,4.127203007058405,0.38184575908245355,G_overall,C_G_overall,20,1,0.005,0.09375,23.625
4672,0.12255482163919341,0.124587484474709,0.9836848553120261,-0.24726382663524882,0.07654671417581681,2.655463301783866,0.38278064768994025,G_overall,C_G_overall,20,1,0.008,0.09375,23.625
4672,0.09892982163919341,0.12533277055039527,0.7893372276440229,-0.28453771382502935,0.05284680189767683,1.7631047840856153,0.3834039067615981,G_overall,C_G_overall,20,1,0.01,0.09375,23.625
4668,0.16701715347931687,0.1281442303127681,1.303352894403983,-0.25851842051337526,0.11649812097991707,4.208755064255795,0.4135656524605401,G_overall,C_G_overall,20,5,0.0,0.04670094258783205,11.768637532133676
4668,0.14936419718111635,0.12821405886682083,1.1649595879049792,-0.27610740778669274,0.09884014658465626,3.488268031314519,0.41360673227704037,G_overall,C_G_overall,20,5,0.003,0.04670094258783205,11.768637532133676
4668,0.13759555964898268,0.12836990521265151,1.0718677358298925,-0.28761526155815964,0.08706816365448239,3.0250814852382972,0.4136341188213738,G_overall,C_G_overall,20,5,0.005,0.04670094258783205,11.768637532133676
4668,0.11994260335078215,0.1287668220282456,0.9314713329220177,-0.3045558959793332,0.06941018925922156,2.3555005514921734,0.4136751986378739,G_overall,C_G_overall,20,5,0.008,0.04670094258783205,11.768637532133676
4668,0.10817396581864847,0.12913941808494545,0.8376525728766542,-0.3156390328698079,0.05763820632904769,1.9255562437345521,0.41370258518220737,G_overall,C_G_overall,20,5,0.01,0.04670094258783205,11.768637532133676
4663,0.17740213177373432,0.13204993258629186,1.343447348280968,-0.2793883527104305,0.12342237518994667,4.424634604370328,0.4425355851640143,G_overall,C_G_overall,20,10,0.0,0.030881406819644006,7.78211451855029
4663,0.1657289599959089,0.1321268562791208,1.2543169849269928,-0.292280554742801,0.11173020711721372,3.946847341710943,0.4426913201471794,G_overall,C_G_overall,20,10,0.003,0.030881406819644006,7.78211451855029
4663,0.15794684547735857,0.1322494321737715,1.194310197640936,-0.30075752408148193,0.10393542840205842,3.6351012528503843,0.44279514346928944,G_overall,C_G_overall,20,10,0.005,0.030881406819644006,7.78211451855029
4663,0.14627367369953317,0.13253984056264143,1.1036204138966113,-0.3132985807639401,0.09224326032932552,3.1777637817985833,0.44295087845245446,G_overall,C_G_overall,20,10,0.008,0.030881406819644006,7.78211451855029
4663,0.13849155918098288,0.1328041134317863,1.0428258252114904,-0.32154437615990694,0.08444848161417022,2.879764643477661,0.4430547017745644,G_overall,C_G_overall,20,10,0.01,0.030881406819644006,7.78211451855029
4653,0.14955448047434192,0.1350086470932919,1.1077400129119044,-0.3566824995899254,0.09271927828578516,2.942294034386761,0.4695902675882304,G_overall,C_G_overall,20,20,0.0,0.02106168063614872,5.307543520309477
4653,0.14159316519387768,0.13503704146775145,1.0485505580903292,-0.3738212763721648,0.08474903241678684,2.6614216391566203,0.46966405491189533,G_overall,C_G_overall,20,20,0.003,0.02106168063614872,5.307543520309477
4653,0.13628562167356822,0.1351040584408286,1.0087455791215711,-0.38500656079576046,0.07943553517078795,2.4770087293671783,0.46971324646100504,G_overall,C_G_overall,20,20,0.005,0.02106168063614872,5.307543520309477
4653,0.12832430639310402,0.13527657204867172,0.9486070237419505,-0.40143126399421447,0.07146528930178966,2.2047085828696544,0.46978703378467,G_overall,C_G_overall,20,20,0.008,0.02106168063614872,5.307543520309477
4653,0.12301676287279452,0.1354394305849004,0.9082787954847559,-0.412149949919821,0.06615179205579079,2.026085379238249,0.46983622533377983,G_overall,C_G_overall,20,20,0.01,0.02106168063614872,5.307543520309477
4672,0.290188048775788,0.1267981453857394,2.2885827540536297,-0.13241992102501743,0.2406278192684591,9.436691470106025,0.412333777597319,G_overall,D_D_macro,1,1,0.0,0.4685359589041096,118.07106164383562
4672,0.11308145631003459,0.12789080994873547,0.8842031445055581,-0.23820440848908464,0.06345690103727367,2.386934482571728,0.41286895844940663,G_overall,D_D_macro,1,1,0.003,0.4685359589041096,118.07106164383562
4672,-0.0049896053338010105,0.1292226588520393,-0.038612464548606285,-0.695396267155931,-0.054657044450183226,-1.9924276532653433,0.4132257456841317,G_overall,D_D_macro,1,1,0.005,0.4685359589041096,118.07106164383562
4672,-0.18209619779955447,0.1320890413283816,-1.3785867167197619,-0.9794789904476002,-0.2318279626813686,-8.031013201212142,0.41376092653621954,G_overall,D_D_macro,1,1,0.008,0.4685359589041096,118.07106164383562
4672,-0.30016725944339007,0.13455025424954714,-2.2308932905223426,-0.997478212266702,-0.3499419081688257,-11.69615147864448,0.41411771377094464,G_overall,D_D_macro,1,1,0.01,0.4685359589041096,118.07106164383562
4668,0.14552546862814544,0.12777519309628363,1.1389180098400342,-0.3704193370411817,0.09484098780996425,3.5413179868157783,0.41492006758925687,G_overall,D_D_macro,1,5,0.0,0.09832904884318766,24.77892030848329
4668,0.10835708816542051,0.1277544418241249,0.8481668943815821,-0.4124045755581828,0.057745736606952494,2.1267138730367825,0.4143214070743786,G_overall,D_D_macro,1,5,0.003,0.09832904884318766,24.77892030848329
4668,0.08357816785693722,0.12795909663784974,0.653163159579662,-0.4388597694999774,0.03301556913827799,1.2033954350277927,0.4139223000644596,G_overall,D_D_macro,1,5,0.005,0.09832904884318766,24.77892030848329
4668,0.04640978739421229,0.12859172600566504,0.3609080368994171,-0.4763714909150404,-0.004079682064733752,-0.1461714806240419,0.4133236395495814,G_overall,D_D_macro,1,5,0.008,0.09832904884318766,24.77892030848329
4668,0.021630867085728995,0.12922809719067974,0.16738517053154497,-0.5000045400332924,-0.028809849533408278,-1.0194805477676208,0.41292453253966244,G_overall,D_D_macro,1,5,0.01,0.09832904884318766,24.77892030848329
4663,0.10792494144845986,0.1358261236864201,0.7945816203783057,-0.4680749483543003,0.051034249960340776,1.9742829326100215,0.4663999440049646,G_overall,D_D_macro,1,10,0.0,0.04717992708556723,11.889341625562942
4663,0.09009092901011545,0.1358331216575161,0.6632471367128477,-0.4822604393602028,0.033152065869389895,1.2684512453871941,0.46679486372716567,G_overall,D_D_macro,1,10,0.003,0.04717992708556723,11.889341625562942
4663,0.07820158738455249,0.13594201483784288,0.5752569393489901,-0.49151811939541945,0.02123060980875593,0.8058947271582646,0.46705814354196634,G_overall,D_D_macro,1,10,0.005,0.04717992708556723,11.889341625562942
4663,0.06036757494620809,0.1362611966462411,0.4430283634080605,-0.5051119936786108,0.0033484257178050102,0.12549454245299002,0.4674530632641671,G_overall,D_D_macro,1,10,0.008,0.04717992708556723,11.889341625562942
4663,0.04847823332064515,0.1365773126727493,0.3549508507082949,-0.5228314697866479,-0.008573030342828932,-0.31842391252595936,0.46771634307896776,G_overall,D_D_macro,1,10,0.01,0.04717992708556723,11.889341625562942
4653,0.10187422791982409,0.14300465237548263,0.7123840114819222,-0.5522935407203853,0.03801778084172712,1.1839262762262435,0.5276019951711322,G_overall,D_D_macro,1,20,0.0,0.02278100150440576,5.740812379110252
4653,0.09326300935115871,0.14299437458138353,0.65221453378279,-0.5563277791967371,0.029416141001172118,0.9163471544971314,0.5275228527149903,G_overall,D_D_macro,1,20,0.003,0.02278100150440576,5.740812379110252
4653,0.08752219697204844,0.1430365674504416,0.6118868659398763,-0.5590004059181614,0.02368171444080214,0.7377192556569784,0.5274700910775625,G_overall,D_D_macro,1,20,0.005,0.02278100150440576,5.740812379110252
4653,0.07891097840338308,0.14317333713149055,0.5511569401425013,-0.5629841831014466,0.015080074600247202,0.46963012488634903,0.5273909486214207,G_overall,D_D_macro,1,20,0.008,0.02278100150440576,5.740812379110252
4653,0.07317016602427283,0.1433133947534821,0.5105605526275836,-0.5656233380319589,0.009345648039877186,0.29093166431284057,0.5273381869839927,G_overall,D_D_macro,1,20,0.01,0.02278100150440576,5.740812379110252
4672,0.3149254311728365,0.1226333860182874,2.5680236141067985,-0.14478382581823268,0.2691404038712393,10.551085384881466,0.38092465374624945,G_overall,D_D_macro,3,1,0.0,0.2985873287671233,75.24400684931507
4672,0.20205942089886386,0.1234838669365128,1.6363224274694073,-0.18719234770502524,0.15608548263991828,5.850848111438063,0.3824963649640412,G_overall,D_D_macro,3,1,0.003,0.2985873287671233,75.24400684931507
4672,0.1268154140495488,0.12457841603556385,1.0179565456454862,-0.21685626466615637,0.08071553515237088,2.931538658132722,0.3835441724425692,G_overall,D_D_macro,3,1,0.005,0.2985873287671233,75.24400684931507
4672,0.013949403775576213,0.1269843012330769,0.10985140399341481,-0.5963215179409325,-0.03233938607895014,-1.1182719837077864,0.38511588366036104,G_overall,D_D_macro,3,1,0.008,0.2985873287671233,75.24400684931507
4672,-0.061294603073738865,0.12907544732292908,-0.4748742254627883,-0.8572762616757881,-0.10770933356649752,-3.6019469700649034,0.3861636911388887,G_overall,D_D_macro,3,1,0.01,0.2985873287671233,75.24400684931507
4668,0.13441703509678393,0.1301833360326807,1.032521052180138,-0.40201727987701863,0.08202705373453993,3.085084126964742,0.4288818639733333,G_overall,D_D_macro,3,5,0.0,0.09490145672664953,23.91516709511568
4668,0.09854428445411044,0.1302063856575258,0.756831425405707,-0.44353544905430253,0.04614334018305454,1.6940945005039156,0.42897161000193523,G_overall,D_D_macro,3,5,0.003,0.09490145672664953,23.91516709511568
4668,0.07462911735899476,0.13042940494841737,0.5721801566794643,-0.4696319503200186,0.0222208644820643,0.8021131624191421,0.42903144068766974,G_overall,D_D_macro,3,5,0.005,0.09490145672664953,23.91516709511568
4668,0.03875636671632124,0.13107329330342424,0.29568469471964315,-0.5065445714932697,-0.013662849069421067,-0.48031343839312873,0.42912118671627175,G_overall,D_D_macro,3,5,0.008,0.09490145672664953,23.91516709511568
4668,0.014841199621205555,0.13170643921671624,0.11268393337082874,-0.5297427972246967,-0.037585324770411335,-1.2974264248110823,0.4291810174020063,G_overall,D_D_macro,3,5,0.01,0.09490145672664953,23.91516709511568
4663,0.13120705833436164,0.13283792296481434,0.9877228987471848,-0.40918413230445905,0.07734568541365779,2.5189949959527893,0.4415650549702496,G_overall,D_D_macro,3,10,0.0,0.042461934377010506,10.700407463006648
4663,0.11515644713985168,0.13282852422840458,0.8669557070575823,-0.42665561602145174,0.061278577881870536,1.9725826385108554,0.44170029485890516,G_overall,D_D_macro,3,10,0.003,0.042461934377010506,10.700407463006648
4663,0.10445603967684505,0.13291867002994603,0.7858643157752897,-0.4380293675542153,0.05056717286067908,1.614749673618975,0.44179045478467555,G_overall,D_D_macro,3,10,0.005,0.042461934377010506,10.700407463006648
4663,0.08840542848233504,0.13319811467487525,0.66371381230226,-0.45492972027185785,0.03450006532889184,1.0880877600574703,0.4419256946733311,G_overall,D_D_macro,3,10,0.008,0.042461934377010506,10.700407463006648
4663,0.0777050210193284,0.1334800920474265,0.5821468941729468,-0.4668368969366573,0.023788660307700358,0.7439114834055196,0.44201585459910153,G_overall,D_D_macro,3,10,0.01,0.042461934377010506,10.700407463006648
4653,0.15164523755912887,0.13237656362178202,1.145559556844217,-0.38745306687762526,0.09820154769519693,3.2621221227847967,0.4415685289698707,G_overall,D_D_macro,3,20,0.0,0.02407049215559854,6.065764023210832
4653,0.14254659152431265,0.13235598612568147,1.0769939138903357,-0.396595257909364,0.08909807751621197,2.9469014399778204,0.44160838756214854,G_overall,D_D_macro,3,20,0.003,0.02407049215559854,6.065764023210832
4653,0.1364808275011018,0.13239817956139052,1.0308361334969733,-0.4026216359276331,0.08302909739688867,2.737674798758981,0.4416349599570004,G_overall,D_D_macro,3,20,0.005,0.02407049215559854,6.065764023210832
4653,0.12738218146628555,0.13254523057351467,0.9610468887874055,-0.41458021960470637,0.07392562721790376,2.425478131317077,0.44167481854927826,G_overall,D_D_macro,3,20,0.008,0.02407049215559854,6.065764023210832
4653,0.1213164174430747,0.1326989607673656,0.9142228148700757,-0.4239017507914452,0.06785664709858044,2.2185895374270745,0.44170139094413013,G_overall,D_D_macro,3,20,0.01,0.02407049215559854,6.065764023210832
4672,0.29644268428455967,0.1217359726523548,2.4351280712326524,-0.13775501371083565,0.2516771111489855,10.273482549169305,0.3724429459022323,G_overall,D_D_macro,5,1,0.0,0.2363013698630137,59.54794520547945
4672,0.20712076647634048,0.12206741110125242,1.696773648328939,-0.18209665342955939,0.16230711430903794,6.349830155798466,0.37284295633343617,G_overall,D_D_macro,5,1,0.003,0.2363013698630137,59.54794520547945
4672,0.14757282127086102,0.12275194274180473,1.2022035494889423,-0.2423264723622337,0.10272711641573956,3.8980562310327214,0.3731096299542387,G_overall,D_D_macro,5,1,0.005,0.2363013698630137,59.54794520547945
4672,0.05825090346264186,0.12445880207247473,0.46803361829500223,-0.4346570484749833,0.013357119575792015,0.4830159610991798,0.3735096403854426,G_overall,D_D_macro,5,1,0.008,0.2363013698630137,59.54794520547945
4672,-0.0012970417428375988,0.1260357572594426,-0.010291061608553347,-0.6753779222039427,-0.046222878317506336,-1.6169373384551216,0.3737763140062447,G_overall,D_D_macro,5,1,0.01,0.2363013698630137,59.54794520547945
4668,0.1436925179160962,0.1304259632384267,1.1017171301500563,-0.37355536458659855,0.0911513628183692,3.4279047963436056,0.4301194226013744,G_overall,D_D_macro,5,5,0.0,0.08718937446443874,21.971722365038563
4668,0.11073493436853835,0.13042896252504543,0.8490057133382061,-0.41444004991982086,0.0582098627482097,2.1455658421827652,0.42998775789017507,G_overall,D_D_macro,5,5,0.003,0.08718937446443874,21.971722365038563
4668,0.08876321200349979,0.13062307089014605,0.6795370174549764,-0.44023463544552655,0.03624886270143675,1.3173958494793356,0.4298999814160419,G_overall,D_D_macro,5,5,0.005,0.08718937446443874,21.971722365038563
4668,0.05580562845594194,0.13120069138659696,0.42534553641569356,-0.4768560248157917,0.003307362631277322,0.11757498949522878,0.4297683167048425,G_overall,D_D_macro,5,5,0.008,0.08718937446443874,21.971722365038563
4668,0.03383390609090337,0.13177479045315876,0.25675552944954305,-0.4999576515293592,-0.01865363741549566,-0.6530839380446255,0.42968054023070945,G_overall,D_D_macro,5,5,0.01,0.08718937446443874,21.971722365038563
4663,0.1388777170204974,0.13564896514659588,1.0238022595337324,-0.3658731619354578,0.08248776225507114,2.806350868043551,0.46229481584926363,G_overall,D_D_macro,5,10,0.0,0.04331975123311173,10.916577310744156
4663,0.12250285105438115,0.13566295192985753,0.9029941432921157,-0.3845865097312424,0.06611587043550102,2.218579065382637,0.46227043327021095,G_overall,D_D_macro,5,10,0.003,0.04331975123311173,10.916577310744156
4663,0.111586273743637,0.13576848369735459,0.8218864253678871,-0.3968338737217906,0.05520127588912095,1.8347818919320789,0.4622541782175091,G_overall,D_D_macro,5,10,0.005,0.04331975123311173,10.916577310744156
4663,0.09521140777752077,0.13607064452690157,0.6997204144108924,-0.4150300859400208,0.038829384069550825,1.2717362413280875,0.46222979563845634,G_overall,D_D_macro,5,10,0.008,0.04331975123311173,10.916577310744156
4663,0.08429483046677662,0.13636749800249504,0.6181445850479294,-0.42784612053024484,0.027914789523170763,0.9050741076906976,0.46221354058575453,G_overall,D_D_macro,5,10,0.01,0.04331975123311173,10.916577310744156
4653,0.16510684225323843,0.130858183030656,1.2617234813245042,-0.3375545290901948,0.11294587770375314,3.7791569804883727,0.430970250078299,G_overall,D_D_macro,5,20,0.0,0.0223511712873415,5.6324951644100585
4653,0.15665809950662335,0.13084490665105633,1.1972808381789513,-0.3450991097952034,0.10451016695605678,3.487793841189099,0.4308625756155749,G_overall,D_D_macro,5,20,0.003,0.0223511712873415,5.6324951644100585
4653,0.1510256043422133,0.13088866546993122,1.1538478431267079,-0.35032703452325487,0.0988863597909259,3.2937054275519,0.4307907926404254,G_overall,D_D_macro,5,20,0.005,0.0223511712873415,5.6324951644100585
4653,0.14257686159559818,0.131033112891316,1.0880979505833541,-0.3581004534349985,0.0904506490432296,3.003051145438715,0.43068311817770133,G_overall,D_D_macro,5,20,0.008,0.0223511712873415,5.6324951644100585
4653,0.13694436643118812,0.13118181564530007,1.04392796941818,-0.3632374066395897,0.08482684187809869,2.8097421773181765,0.43061133520255185,G_overall,D_D_macro,5,20,0.01,0.0223511712873415,5.6324951644100585
4672,0.2888131433306879,0.12212033081454383,2.364988216165985,-0.13618656938230322,0.24392154984498352,9.27404026731982,0.37349141657195906,G_overall,D_D_macro,10,1,0.0,0.15496575342465754,39.051369863013704
4672,0.23023608853616742,0.12221504988949437,1.8838603653506225,-0.18661602257699683,0.1853193467939906,6.769899751230522,0.3737006463453941,G_overall,D_D_macro,10,1,0.003,0.15496575342465754,39.051369863013704
4672,0.1911847186731537,0.1226151061572732,1.5592264661739899,-0.22010400935608987,0.14625121142666203,5.1926823776464035,0.3738401328610177,G_overall,D_D_macro,10,1,0.005,0.15496575342465754,39.051369863013704
4672,0.13260766387863315,0.12371401922225606,1.071888737527793,-0.2678265404952892,0.08764900837566918,2.9759218511296086,0.3740493626344531,G_overall,D_D_macro,10,1,0.008,0.15496575342465754,39.051369863013704
4672,0.09355629401561945,0.12477234645229197,0.7498159381926162,-0.3102874858172441,0.04858087300834061,1.59951153492108,0.37418884915007633,G_overall,D_D_macro,10,1,0.01,0.15496575342465754,39.051369863013704
4668,0.16267489167187094,0.13011487708090846,1.250240520695538,-0.26842968434516257,0.11051173619782363,4.0795548459094935,0.4270249915867108,G_overall,D_D_macro,10,5,0.0,0.06812339331619537,17.16709511568123
4668,0.13692424899834904,0.13014903283894363,1.0520573684768721,-0.2964286698835369,0.0847889516038132,3.068539028254204,0.4267969360547771,G_overall,D_D_macro,10,5,0.003,0.06812339331619537,17.16709511568123
4668,0.11975715388266783,0.13032536090517233,0.9189090523202605,-0.314519105095858,0.06764042854113952,2.414444348594149,0.4266448990334879,G_overall,D_D_macro,10,5,0.005,0.06812339331619537,17.16709511568123
4668,0.09400651120914597,0.13081894748997128,0.7186001188119375,-0.34081866400093674,0.04191764394712903,1.4646146706957843,0.42641684350155407,G_overall,D_D_macro,10,5,0.008,0.06812339331619537,17.16709511568123
4668,0.07683941609346473,0.13129939519787137,0.5852229248860277,-0.3578097449805262,0.024769120884455407,0.8528374214163905,0.4262648064802648,G_overall,D_D_macro,10,5,0.01,0.06812339331619537,17.16709511568123
4663,0.1655664645625144,0.13628498482883947,1.2148547748708314,-0.3341321554402542,0.10857956015556912,3.694953917456553,0.4671887145187218,G_overall,D_D_macro,10,10,0.0,0.03774394166845379,9.511473300450355
4663,0.15129925461183885,0.13637120973793213,1.1094662495301928,-0.3518865856529324,0.094256702950734,3.162089553933299,0.46764492054373497,G_overall,D_D_macro,10,10,0.003,0.03774394166845379,9.511473300450355
4663,0.14178778131138856,0.13651251263461694,1.0386431146490662,-0.3635085728288877,0.08470813148084395,2.814176391356723,0.46794905789374364,G_overall,D_D_macro,10,10,0.005,0.03774394166845379,9.511473300450355
4663,0.12752057136071301,0.13684967713339521,0.9318295375765587,-0.38057311913386005,0.0703852742760089,2.3036441438515194,0.46840526391875686,G_overall,D_D_macro,10,10,0.008,0.03774394166845379,9.511473300450355
4663,0.11800909806026263,0.13715744810988528,0.8603914675178141,-0.3917084321318205,0.060836702806118845,1.9710007558367806,0.46870940126876554,G_overall,D_D_macro,10,10,0.01,0.03774394166845379,9.511473300450355
4653,0.16073128298770983,0.14143403351257583,1.13643992889037,-0.35855334191323385,0.09964602901454986,3.128524511875374,0.5047055285170899,G_overall,D_D_macro,10,20,0.0,0.02149151085321298,5.415860735009671
4653,0.15260749188519535,0.14140535130744183,1.0792200611517027,-0.37186310327111405,0.09153596072758786,2.854570900111347,0.5045921463106541,G_overall,D_D_macro,10,20,0.003,0.02149151085321298,5.415860735009671
4653,0.1471916311501857,0.14143308165262264,1.0407157182059201,-0.38059331202490065,0.08612924853627986,2.6735163265100033,0.5045165581730301,G_overall,D_D_macro,10,20,0.005,0.02149151085321298,5.415860735009671
4653,0.13906784004767117,0.1415448998203112,0.9824998302603299,-0.39347757981506293,0.07801918024931785,2.4044580511274485,0.5044031759665942,G_overall,D_D_macro,10,20,0.008,0.02149151085321298,5.415860735009671
4653,0.1336519793126615,0.1416661741452239,0.9434290162706948,-0.4019283526759371,0.0726124680580099,2.226850443447189,0.5043275878289702,G_overall,D_D_macro,10,20,0.01,0.02149151085321298,5.415860735009671
4672,0.2540602648794683,0.12602010274552963,2.0160296599066267,-0.14945483225373535,0.20631263776661937,7.473342985799944,0.39725319383030055,G_overall,D_D_macro,20,1,0.0,0.1035958904109589,26.106164383561644
4672,0.21490101830412583,0.12597648121950333,1.7058820521401852,-0.19656479127297088,0.1672529795406566,5.8856898718318105,0.39642463349648815,G_overall,D_D_macro,20,1,0.003,0.1035958904109589,26.106164383561644
4672,0.18879485392056417,0.12617948411288984,1.4962404962097786,-0.2265494756621491,0.14121320739001472,4.863753922912106,0.39587225994061315,G_overall,D_D_macro,20,1,0.005,0.1035958904109589,26.106164383561644
4672,0.14963560734522172,0.12682988550882807,1.1798134701840934,-0.2731872795553365,0.10215354916405199,3.3977957304466604,0.3950436996068008,G_overall,D_D_macro,20,1,0.008,0.1035958904109589,26.106164383561644
4672,0.12352944296166007,0.12749133956424324,0.9689241903322636,-0.3073791347207362,0.07611377701341018,2.469883768205562,0.39449132605092574,G_overall,D_D_macro,20,1,0.01,0.1035958904109589,26.106164383561644
4668,0.17813260094268285,0.12963234256725994,1.3741370202444538,-0.25971178320127686,0.12647943089925204,4.316102908016266,0.42285008072790137,G_overall,D_D_macro,20,5,0.0,0.04755784061696658,11.984575835475578
4668,0.16015573718946943,0.12968524015100621,1.23495732438775,-0.2751294306850738,0.10854750908765444,3.624302369161051,0.42248217100185137,G_overall,D_D_macro,20,5,0.003,0.04755784061696658,11.984575835475578
4668,0.14817116135399389,0.12983046258414252,1.1412665287082748,-0.2879686946184583,0.09659289454658938,3.17763404442139,0.4222368978511512,G_overall,D_D_macro,20,5,0.005,0.04755784061696658,11.984575835475578
4668,0.13019429760078052,0.13021249650716535,0.9998602368676356,-0.3153016829488431,0.07866097273499172,2.529785348459086,0.4218689881251011,G_overall,D_D_macro,20,5,0.008,0.04755784061696658,11.984575835475578
4668,0.11820972176530492,0.13057590533451577,0.9052950577862696,-0.3329601105912785,0.06670635819392665,2.112731616440999,0.421623714974401,G_overall,D_D_macro,20,5,0.01,0.04755784061696658,11.984575835475578
4663,0.17955744601393614,0.13519852011896252,1.3281021556740542,-0.2817411274294094,0.12318826555226377,4.331956225723442,0.46212450443532,G_overall,D_D_macro,20,10,0.0,0.03131031524769462,7.8901994424190445
4663,0.16772214685030754,0.1353107571094131,1.23953298638841,-0.2882138290727012,0.11128543369882841,3.855405170153206,0.4626781493624691,G_overall,D_D_macro,20,10,0.003,0.03131031524769462,7.8901994424190445
4663,0.1598319474078885,0.13545609524850272,1.179953896608837,-0.2925019005811852,0.1033502124632048,3.5441747857692314,0.46304724598056857,G_overall,D_D_macro,20,10,0.005,0.03131031524769462,7.8901994424190445
4663,0.14799664824425995,0.1357794198107833,1.0899784993226669,-0.3052070911462116,0.09144738060976945,3.087386976841813,0.46360089090771767,G_overall,D_D_macro,20,10,0.008,0.03131031524769462,7.8901994424190445
4663,0.14010644880184092,0.13606479179400546,1.0297039149845193,-0.31493964658235296,0.08351215937414583,2.78972625454445,0.46396998752581703,G_overall,D_D_macro,20,10,0.01,0.03131031524769462,7.8901994424190445
4653,0.17516486017750751,0.13849677401784175,1.2647576914314411,-0.3125919785028368,0.11589553584123276,3.7005619418742333,0.48970174826700363,G_overall,D_D_macro,20,20,0.0,0.017623038899634645,4.441005802707931
4653,0.16850335147344564,0.13845872849136695,1.216993347472146,-0.32482911972256645,0.10924938729260884,3.4607360017346727,0.4895748378448611,G_overall,D_D_macro,20,20,0.003,0.017623038899634645,4.441005802707931
4653,0.16406234567073774,0.1384727557410631,1.1847987338211559,-0.3328759255757291,0.10481862159352624,3.3024519500439276,0.48949023089676613,G_overall,D_D_macro,20,20,0.005,0.017623038899634645,4.441005802707931
4653,0.1574008369666758,0.13855285908872952,1.1360345647279355,-0.34478141101944026,0.09817247304490227,3.067531199561533,0.48936332047462366,G_overall,D_D_macro,20,20,0.008,0.017623038899634645,4.441005802707931
4653,0.15295983116396789,0.1386455832212705,1.103243447141426,-0.3526098599864339,0.09374170734581963,2.912643546411388,0.48927871352652863,G_overall,D_D_macro,20,20,0.01,0.017623038899634645,4.441005802707931
4672,0.2795441405864979,0.13000126296428058,2.1503186523911393,-0.27220980521041305,0.22787271236552664,9.87385998969772,0.42989863856564875,G_overall,E_0.7GA+0.3D,1,1,0.0,0.4383561643835616,110.46575342465752
4672,0.11384551044951159,0.13106557476641564,0.8686148948906411,-0.3540518387239978,0.06201219306991209,2.5112217193665054,0.43124553241567287,G_overall,E_0.7GA+0.3D,1,1,0.003,0.4383561643835616,110.46575342465752
4672,0.003379757024854067,0.1323577039554597,0.025535023076491303,-0.571904591025316,-0.04856148646049758,-1.8769296431182696,0.4321434616490225,G_overall,E_0.7GA+0.3D,1,1,0.005,0.4383561643835616,110.46575342465752
4672,-0.16231887311213225,0.13513636077070043,-1.2011487669669836,-0.9705867056525169,-0.21442200575611198,-7.721997394105705,0.4334903554990468,G_overall,E_0.7GA+0.3D,1,1,0.008,0.4383561643835616,110.46575342465752
4672,-0.2727846265367898,0.13752269401625705,-1.983560811458093,-0.995990909809884,-0.32499568528652206,-11.16726377578169,0.43438828473239627,G_overall,E_0.7GA+0.3D,1,1,0.01,0.4383561643835616,110.46575342465752
4668,0.15376371957860535,0.12895440642586845,1.1923882544254039,-0.4804849166536639,0.10216980526712316,3.6290749164811937,0.42236499353931295,G_overall,E_0.7GA+0.3D,1,5,0.0,0.09961439588688946,25.102827763496144
4668,0.11610947793336111,0.1288315031850036,0.9012506651158646,-0.5165564471452215,0.06461960540351536,2.257728761118367,0.42151327280799966,G_overall,E_0.7GA+0.3D,1,5,0.003,0.09961439588688946,25.102827763496144
4668,0.09100665016986498,0.12896880268655064,0.7056485620871433,-0.5392293757075155,0.0395861388277768,1.3667072978804564,0.42094545898712393,G_overall,E_0.7GA+0.3D,1,5,0.005,0.09961439588688946,25.102827763496144
4668,0.05335240852462075,0.12950220982912772,0.41198068044566055,-0.5712993922616613,0.002035938964169051,0.06896026599236668,0.4200937382558106,G_overall,E_0.7GA+0.3D,1,5,0.008,0.09961439588688946,25.102827763496144
4668,0.028249580761124608,0.13007403100836812,0.2171807896020937,-0.5914541704573014,-0.022997527611569465,-0.7685313557876738,0.41952592443493486,G_overall,E_0.7GA+0.3D,1,5,0.01,0.09961439588688946,25.102827763496144
4663,0.13645224225316716,0.13194729554223383,1.0341420162680892,-0.39858484196822586,0.08288744060273918,3.35230530773301,0.4391337112788289,G_overall,E_0.7GA+0.3D,1,10,0.0,0.04632211022946601,11.673171777825434
4663,0.11894248458642898,0.13189819704401362,0.9017749086194,-0.41108522141366843,0.06533292362090871,2.6116661582004217,0.4395006560549724,G_overall,E_0.7GA+0.3D,1,10,0.003,0.04632211022946601,11.673171777825434
4663,0.10726931280860354,0.13197096343329742,0.8128251095387439,-0.4192843076560542,0.05362991229968841,2.125765991147835,0.43974528590573486,G_overall,E_0.7GA+0.3D,1,10,0.005,0.04632211022946601,11.673171777825434
4663,0.08975955514186539,0.1322380127842019,0.6787727163470253,-0.4313843937528583,0.036075395317857945,1.4105513234973233,0.4401122306818784,G_overall,E_0.7GA+0.3D,1,10,0.008,0.04632211022946601,11.673171777825434
4663,0.07808638336403995,0.13252081723210946,0.5892386192221566,-0.43932060067849543,0.02437238399663763,0.9437663425794379,0.4403568605326407,G_overall,E_0.7GA+0.3D,1,10,0.01,0.04632211022946601,11.673171777825434
4653,0.1114225781846333,0.1471590682351727,0.7571574047110068,-0.5522935407203853,0.043508307852435285,1.3489118873653325,0.5611290036859838,G_overall,E_0.7GA+0.3D,1,20,0.0,0.0223511712873415,5.6324951644100585
4653,0.1029738354380182,0.14711396812863184,0.6999596078326236,-0.5563277791967371,0.035088399725335465,1.0863446069019709,0.5608907630151925,G_overall,E_0.7GA+0.3D,1,20,0.003,0.0223511712873415,5.6324951644100585
4653,0.09734134027360816,0.14713069446371135,0.6615977762384359,-0.5590004059181614,0.029475127640602217,0.9115086235076727,0.5607319359013313,G_overall,E_0.7GA+0.3D,1,20,0.005,0.0223511712873415,5.6324951644100585
4653,0.08889259752699306,0.14722594167853606,0.6037835215283438,-0.5629841831014466,0.021055219513502373,0.649795359541538,0.56049369523054,G_overall,E_0.7GA+0.3D,1,20,0.008,0.0223511712873415,5.6324951644100585
4653,0.08326010236258301,0.1473361410787821,0.565103047717688,-0.5656233380319589,0.015441947428769162,0.47581093241642225,0.560334868116679,G_overall,E_0.7GA+0.3D,1,20,0.01,0.0223511712873415,5.6324951644100585
4672,0.29124690236937584,0.12651349057228653,2.3021015470517345,-0.1459886768611952,0.24242054446894656,10.755894751724428,0.40622807439633535,G_overall,E_0.7GA+0.3D,3,1,0.0,0.2778253424657534,70.01198630136986
4672,0.186228922917321,0.12719675215540782,1.4641012428508255,-0.1727497031231371,0.1371903070571509,5.7929832306959455,0.40799402922009315,G_overall,E_0.7GA+0.3D,3,1,0.003,0.2778253424657534,70.01198630136986
4672,0.11621693661595112,0.128144488762696,0.9069210680700216,-0.24885773239129205,0.06703681544928719,2.73296635834937,0.409171332435932,G_overall,E_0.7GA+0.3D,3,1,0.005,0.2778253424657534,70.01198630136986
4672,0.011198957163896312,0.13028295461133013,0.0859587288091975,-0.45766250557746135,-0.03819342196250837,-1.4741322967460613,0.4109372872596899,G_overall,E_0.7GA+0.3D,3,1,0.008,0.2778253424657534,70.01198630136986
4672,-0.058813029137473556,0.13216846460822781,-0.44498533982222194,-0.8157828966101855,-0.10834691357037209,-4.02871272704131,0.41211459047552823,G_overall,E_0.7GA+0.3D,3,1,0.01,0.2778253424657534,70.01198630136986
4668,0.13846336702945872,0.1299590413920746,1.0654385069810368,-0.35610426345024915,0.08616692859194446,3.164399259116035,0.4281160903869247,G_overall,E_0.7GA+0.3D,3,5,0.0,0.0979005998286204,24.67095115681234
4668,0.1014569402942402,0.12990417762361323,0.7810136837031018,-0.3944885471758517,0.04913613928992378,1.7605183761205971,0.4283155304857681,G_overall,E_0.7GA+0.3D,3,5,0.003,0.0979005998286204,24.67095115681234
4668,0.07678598913742786,0.13008167316920372,0.5902906017940629,-0.41882805318396876,0.024448946421909992,0.8613735599940577,0.42844849055166356,G_overall,E_0.7GA+0.3D,3,5,0.005,0.0979005998286204,24.67095115681234
4668,0.03977956240220936,0.1306672788469864,0.30443400025795214,-0.4535573567716641,-0.012581842880110725,-0.4320293823712614,0.428647930650507,G_overall,E_0.7GA+0.3D,3,5,0.008,0.0979005998286204,24.67095115681234
4668,0.015108611245397007,0.13126837466254354,0.11509711523615093,-0.5105992766407453,-0.03726903574812453,-1.2576773977712863,0.42878089071640235,G_overall,E_0.7GA+0.3D,3,5,0.01,0.0979005998286204,24.67095115681234
4663,0.13075087947608252,0.13389684676711822,0.9765045453496949,-0.4495734866233275,0.07575743491949574,2.4164570948753825,0.45084597833001683,G_overall,E_0.7GA+0.3D,3,10,0.0,0.04331975123311173,10.916577310744156
4663,0.11437601350996626,0.13384914815070004,0.8545143177242409,-0.46746927867008536,0.05936163574807406,1.8680134534570794,0.4510175924469646,G_overall,E_0.7GA+0.3D,3,10,0.003,0.04331975123311173,10.916577310744156
4663,0.10345943619922211,0.13391488031643223,0.7725761017353274,-0.4790897713816886,0.04843110296712629,1.5100158462395143,0.451132001858263,G_overall,E_0.7GA+0.3D,3,10,0.005,0.04331975123311173,10.916577310744156
4663,0.08708457023310587,0.13415948871459818,0.6491122697878172,-0.49629027657252145,0.03203530379570469,0.9847554669124126,0.45130361597521074,G_overall,E_0.7GA+0.3D,3,10,0.008,0.04331975123311173,10.916577310744156
4663,0.0761679929223617,0.13441948776868926,0.5666439754139858,-0.5082936177634554,0.021104771014756926,0.6425320235921125,0.4514180253865093,G_overall,E_0.7GA+0.3D,3,10,0.01,0.04331975123311173,10.916577310744156
4653,0.13053653455819597,0.1369499257747662,0.9531698087436867,-0.43013548898402076,0.07252739606860584,2.2914595361322023,0.47928969752788086,G_overall,E_0.7GA+0.3D,3,20,0.0,0.02321083172147002,5.849129593810445
4653,0.1217628401674803,0.13694455790434465,0.8891396783545884,-0.4486179500157462,0.06374935411050771,2.007754720414968,0.4793256184932667,G_overall,E_0.7GA+0.3D,3,20,0.003,0.02321083172147002,5.849129593810445
4653,0.11591371057366982,0.13699313220989418,0.8461278949084288,-0.4606201796573999,0.05789732613844227,1.819255881393557,0.47934956580352384,G_overall,E_0.7GA+0.3D,3,20,0.005,0.02321083172147002,5.849129593810445
4653,0.10714001618295418,0.13714411216657654,0.7812221355359458,-0.4781570194346334,0.049119284180344114,1.5376805033879606,0.47938548676890963,G_overall,E_0.7GA+0.3D,3,20,0.008,0.02321083172147002,5.849129593810445
4653,0.10129088658914373,0.1372967108416611,0.7377517346789069,-0.4895444268523559,0.04326725620827866,1.3508678291262912,0.4794094340791667,G_overall,E_0.7GA+0.3D,3,20,0.01,0.02321083172147002,5.849129593810445
4672,0.2774052601267914,0.1226622341656997,2.261537644521095,-0.17779566831254323,0.2321643734048145,9.870831041110122,0.37639748462356315,G_overall,E_0.7GA+0.3D,5,1,0.0,0.2110445205479452,53.18321917808219
4672,0.1976304313596681,0.12291921843540587,1.607807419175245,-0.22308003528577547,0.15233008128537004,6.134211943121017,0.3768922109179108,G_overall,E_0.7GA+0.3D,5,1,0.003,0.2110445205479452,53.18321917808219
4672,0.14444721218158588,0.12351570107488427,1.1694643751729297,-0.25441897970421057,0.09910721987240707,3.843723118930427,0.3772220284474759,G_overall,E_0.7GA+0.3D,5,1,0.005,0.2110445205479452,53.18321917808219
4672,0.0646723834144626,0.1250359959992223,0.5172301215952634,-0.2991275854777907,0.01927292775296263,0.7057215890056723,0.3777167547418235,G_overall,E_0.7GA+0.3D,5,1,0.008,0.2110445205479452,53.18321917808219
4672,0.011489164236380398,0.12645487464809282,0.0908558429902621,-0.5560122669509578,-0.0339499336600003,-1.1961016113745975,0.37804657227138827,G_overall,E_0.7GA+0.3D,5,1,0.01,0.2110445205479452,53.18321917808219
4668,0.1474416087747195,0.12745636186256853,1.1568007011976407,-0.271095187375198,0.09743300513825852,3.516250447994242,0.4093871115168182,G_overall,E_0.7GA+0.3D,5,5,0.0,0.08547557840616966,21.539845758354755
4668,0.11513184013718739,0.12753726926857858,0.902730949137175,-0.315523775492782,0.065094002134837,2.286103546451018,0.4096264337881511,G_overall,E_0.7GA+0.3D,5,5,0.003,0.08547557840616966,21.539845758354755
4668,0.09359199437883264,0.12778406124227545,0.7324230695828685,-0.3463730030843828,0.043534666799222674,1.5010659868444505,0.40978598196903954,G_overall,E_0.7GA+0.3D,5,5,0.005,0.08547557840616966,21.539845758354755
4668,0.06128222574130049,0.12844130643829796,0.47712241054430515,-0.3901125424641899,0.011195663795801147,0.37541362672407685,0.4100253042403725,G_overall,E_0.7GA+0.3D,5,5,0.008,0.08547557840616966,21.539845758354755
4668,0.03974237998294573,0.12906856756714993,0.30791679749811396,-0.41766755275968115,-0.01036367153981315,-0.34107501767569187,0.410184852421261,G_overall,E_0.7GA+0.3D,5,5,0.01,0.08547557840616966,21.539845758354755
4663,0.1505213622596479,0.13375509845410133,1.125350465136101,-0.3736380685095363,0.09576873043318733,3.398468508292939,0.44887175300582655,G_overall,E_0.7GA+0.3D,5,10,0.0,0.04074630066480806,10.268067767531631
4663,0.13511926060835044,0.13377895141297916,1.0100188346613195,-0.3940298450838997,0.08034252313134393,2.810494079947848,0.4490693753895723,G_overall,E_0.7GA+0.3D,5,10,0.003,0.04074630066480806,10.268067767531631
4663,0.12485119284081884,0.13388686136868566,0.9325126570635995,-0.4072706125384502,0.07005838493011497,2.4267453789094393,0.4492011236454027,G_overall,E_0.7GA+0.3D,5,10,0.005,0.04074630066480806,10.268067767531631
4663,0.1094490911895214,0.13418629433169402,0.8156502997167139,-0.42686837826701574,0.054632177628271605,1.8639476462260967,0.4493987460291485,G_overall,E_0.7GA+0.3D,5,10,0.008,0.04074630066480806,10.268067767531631
4663,0.09918102342198977,0.13447715183711717,0.7375306664891361,-0.44054285643278057,0.0443480394270427,1.4975147226580579,0.44953049428497893,G_overall,E_0.7GA+0.3D,5,10,0.01,0.04074630066480806,10.268067767531631
4653,0.1488414789409173,0.13696696756157378,1.0866961690891295,-0.39654974044012714,0.09103886647298587,3.066941984868756,0.47758331475734195,G_overall,E_0.7GA+0.3D,5,20,0.0,0.02278100150440576,5.740812379110252
4653,0.1402302603722519,0.1369624959727816,1.0238588262886192,-0.4055367998791439,0.08245147847803033,2.761432713324593,0.47738641908257945,G_overall,E_0.7GA+0.3D,5,20,0.003,0.02278100150440576,5.740812379110252
4653,0.13448944799314164,0.137010717811806,0.9815980102948771,-0.4114610626569881,0.07672655314805997,2.5591953039641337,0.47725515529940443,G_overall,E_0.7GA+0.3D,5,20,0.005,0.02278100150440576,5.740812379110252
4653,0.12587822942447627,0.13715974690798202,0.9177490645920025,-0.4202478612682017,0.06813916515310443,2.2582225196570933,0.47705825962464204,G_overall,E_0.7GA+0.3D,5,20,0.008,0.02278100150440576,5.740812379110252
4653,0.12013741704536603,0.13731010104282215,0.8749350275978562,-0.42603994852454574,0.06241423982313406,2.059289301650851,0.47692699584146714,G_overall,E_0.7GA+0.3D,5,20,0.01,0.02278100150440576,5.740812379110252
4672,0.26470890401715236,0.12173967802272008,2.1743847882343683,-0.16750251756702095,0.22013083600357938,9.380545966669134,0.37088293102655184,G_overall,E_0.7GA+0.3D,10,1,0.0,0.1365582191780822,34.41267123287671
4672,0.21308989716783738,0.1218926989561991,1.7481760514992706,-0.20535265696931448,0.16840301384808345,6.8250313875903,0.3717882582759203,G_overall,E_0.7GA+0.3D,10,1,0.003,0.1365582191780822,34.41267123287671
4672,0.17867722593496063,0.12229874574070744,1.4609898478745191,-0.22965506176235384,0.13391779907775292,5.241750194875352,0.3723918097754993,G_overall,E_0.7GA+0.3D,10,1,0.005,0.1365582191780822,34.41267123287671
4672,0.12705821908564557,0.1233578607498122,1.029996939905907,-0.26935743092699094,0.08218997692225703,3.0498064784522536,0.3732971370248677,G_overall,E_0.7GA+0.3D,10,1,0.008,0.1365582191780822,34.41267123287671
4672,0.09264554785276885,0.12435800519684917,0.7449906236926048,-0.31893822587002496,0.047704762151926476,1.707634072637727,0.3739006885244466,G_overall,E_0.7GA+0.3D,10,1,0.01,0.1365582191780822,34.41267123287671
4668,0.1504630451523087,0.13005397074621122,1.1569277299954495,-0.3517707769182521,0.09809930701560114,3.4583844271083346,0.4286670281747305,G_overall,E_0.7GA+0.3D,10,5,0.0,0.0664095972579263,16.73521850899743
4668,0.12536021738881256,0.13011785676952664,0.9634359226409553,-0.3812746261273662,0.07295124779960004,2.5154007370145517,0.42903730793349587,G_overall,E_0.7GA+0.3D,10,5,0.003,0.0664095972579263,16.73521850899743
4668,0.10862499887981514,0.1303104198201605,0.8335864394399689,-0.4002173554840224,0.056185874988932696,1.9083103331979154,0.4292841611060061,G_overall,E_0.7GA+0.3D,10,5,0.005,0.0664095972579263,16.73521850899743
4668,0.08352217111631899,0.13082289845627965,0.6384369411004274,-0.42758314970701194,0.031037815772931576,1.0302067047475785,0.42965444086477145,G_overall,E_0.7GA+0.3D,10,5,0.008,0.0664095972579263,16.73521850899743
4668,0.06678695260732156,0.1313122825918609,0.5086116187234813,-0.4451514930110706,0.014272442962264204,0.46642890279463045,0.42990129403728167,G_overall,E_0.7GA+0.3D,10,5,0.01,0.0664095972579263,16.73521850899743
4663,0.1755809256426478,0.13220822777736588,1.3280635297397685,-0.3520466303163853,0.12185582172331635,4.06469930086932,0.440447897612038,G_overall,E_0.7GA+0.3D,10,10,0.0,0.03688612481235256,9.295303452712846
4663,0.16163797046357853,0.13225385006212678,1.2221796975108736,-0.3712589312340514,0.10787204194145472,3.540552104922229,0.44078258492130223,G_overall,E_0.7GA+0.3D,10,10,0.003,0.03688612481235256,9.295303452712846
4663,0.15234266701086568,0.13236884196243665,1.1508952163689485,-0.38376512847451827,0.09854952208688034,3.1993979783871698,0.44100570979414505,G_overall,E_0.7GA+0.3D,10,10,0.005,0.03688612481235256,9.295303452712846
4663,0.13839971183179642,0.13266775552829696,1.04320534617228,-0.40208221036830283,0.08456574230501879,2.700208063260267,0.4413403971034093,G_overall,E_0.7GA+0.3D,10,10,0.008,0.03688612481235256,9.295303452712846
4663,0.1291044083790836,0.13295087289401622,0.9710685275605608,-0.41400495070355114,0.07524322245044444,2.3758092049944626,0.4415635219762521,G_overall,E_0.7GA+0.3D,10,10,0.01,0.03688612481235256,9.295303452712846
4653,0.1563625939370137,0.13928277210429493,1.1226269521684236,-0.414482001399208,0.09650526184400085,3.051658675753931,0.494560052789516,G_overall,E_0.7GA+0.3D,10,20,0.0,0.02192134107027724,5.524177949709864
4653,0.14807632701244888,0.13924456874093433,1.0634262316395702,-0.42663665130978046,0.0882506877486626,2.7726727635842785,0.49429819669357483,G_overall,E_0.7GA+0.3D,10,20,0.003,0.02192134107027724,5.524177949709864
4653,0.142552149062739,0.13926760837112007,1.0235843835478695,-0.43460913512582966,0.08274763835177047,2.5882573165652665,0.49412362596294723,G_overall,E_0.7GA+0.3D,10,20,0.005,0.02192134107027724,5.524177949709864
4653,0.13426588213817423,0.13937488251226796,0.9633434641737257,-0.44637504699565755,0.07449306425643219,2.3141396664011866,0.49386176986700603,G_overall,E_0.7GA+0.3D,10,20,0.008,0.02192134107027724,5.524177949709864
4653,0.12874170418846434,0.1394947880852234,0.9229140812760006,-0.4540922352311234,0.06899001485954007,2.13314238546307,0.49368719913637843,G_overall,E_0.7GA+0.3D,10,20,0.01,0.02192134107027724,5.524177949709864
4672,0.2376186608925713,0.12243758617777396,1.9407329751466966,-0.16621342376451698,0.19257450277223254,7.514770922821556,0.3747607317618174,G_overall,E_0.7GA+0.3D,20,1,0.0,0.09118150684931507,22.977739726027398
4672,0.20315205130353026,0.122552748967497,1.6576702931193288,-0.20424901163228115,0.15803074676799367,5.815190965601117,0.37540257852327963,G_overall,E_0.7GA+0.3D,20,1,0.003,0.09118150684931507,22.977739726027398
4672,0.18017431157750285,0.12284218788144889,1.4667136322204175,-0.2293905474929686,0.13500157609850102,4.776338956510185,0.3758304763642544,G_overall,E_0.7GA+0.3D,20,1,0.005,0.09118150684931507,22.977739726027398
4672,0.14570770198846178,0.12359235366754379,1.1789378360768743,-0.2656657491336072,0.10045782009426218,3.3518925777192914,0.37647232312571666,G_overall,E_0.7GA+0.3D,20,1,0.008,0.09118150684931507,22.977739726027398
4672,0.12272996226243438,0.12430016917331647,0.9873676204841468,-0.3000562879489398,0.07742864942476957,2.4857017598423194,0.3769002209666915,G_overall,E_0.7GA+0.3D,20,1,0.01,0.09118150684931507,22.977739726027398
4668,0.17193018220365733,0.12857988092072817,1.3371468457779598,-0.2819101193369269,0.12102839253236576,4.354111966063786,0.4166990303519174,G_overall,E_0.7GA+0.3D,20,5,0.0,0.04755784061696658,11.984575835475578
4668,0.153953318450444,0.12864211136267834,1.1967567759861018,-0.2968554258777635,0.10302374851711446,3.618848613857818,0.4169264488440544,G_overall,E_0.7GA+0.3D,20,5,0.003,0.04755784061696658,11.984575835475578
4668,0.14196874261496845,0.1287944363217718,1.1022894052681191,-0.3066579410567014,0.09102065250694692,3.146300439705854,0.41707806117214574,G_overall,E_0.7GA+0.3D,20,5,0.005,0.04755784061696658,11.984575835475578
4668,0.12399187886175503,0.12918839663053883,0.9597756617132952,-0.32112402441231436,0.07301600849169562,2.4635740581121053,0.41730547966428266,G_overall,E_0.7GA+0.3D,20,5,0.008,0.04755784061696658,11.984575835475578
4668,0.11200730302627947,0.12956056939160238,0.8645169093671748,-0.33061183218222,0.06101291248152814,2.0255316510773635,0.4174570919923741,G_overall,E_0.7GA+0.3D,20,5,0.01,0.04755784061696658,11.984575835475578
4663,0.17243567718830588,0.1317742494731544,1.3085688431368012,-0.2937817291340421,0.11875798490797859,4.171747892130431,0.44005920861567777,G_overall,E_0.7GA+0.3D,20,10,0.0,0.03131031524769462,7.8901994424190445
4663,0.1606003780246773,0.13185069216990528,1.2180472880470332,-0.30850155149642877,0.1069028038887885,3.6994962715032473,0.4402222035816032,G_overall,E_0.7GA+0.3D,20,10,0.003,0.03131031524769462,7.8901994424190445
4663,0.15271017858225824,0.13197405734588621,1.1571227077002375,-0.3181559393779665,0.09899934987599518,3.3913112451082745,0.44033086689222006,G_overall,E_0.7GA+0.3D,20,10,0.005,0.03131031524769462,7.8901994424190445
4663,0.1408748794186297,0.13226730499568545,1.0650771135257127,-0.3324030781992484,0.08714416885680518,2.939239697837431,0.4404938618581454,G_overall,E_0.7GA+0.3D,20,10,0.008,0.03131031524769462,7.8901994424190445
4663,0.13298467997621066,0.1325345642797308,1.00339621365133,-0.34174706023818713,0.07924071484401182,2.6447601302887063,0.4406025251687622,G_overall,E_0.7GA+0.3D,20,10,0.01,0.03131031524769462,7.8901994424190445
4653,0.15916444760990056,0.13657409434007248,1.165407307871855,-0.3278979509443374,0.1012942460568612,3.240692370850771,0.4781417569787071,G_overall,E_0.7GA+0.3D,20,20,0.0,0.018912529550827423,4.76595744680851
4653,0.1520155114396878,0.13655646232304247,1.113206280051946,-0.3438246273478872,0.09416284237324996,2.9843584606835107,0.47799689807511125,G_overall,E_0.7GA+0.3D,20,20,0.003,0.018912529550827423,4.76595744680851
4653,0.1472495539928793,0.13658751372682085,1.0780601386989361,-0.3542450935406175,0.08940857325084244,2.815714206068381,0.4779003254727139,G_overall,E_0.7GA+0.3D,20,20,0.005,0.018912529550827423,4.76595744680851
4653,0.14010061782266653,0.13669824161404137,1.0248896852545593,-0.36958529207038593,0.08227716956723118,2.566187769815241,0.47775546656911805,G_overall,E_0.7GA+0.3D,20,20,0.008,0.018912529550827423,4.76595744680851
4653,0.135334660375858,0.1368147466304078,0.9891818222011689,-0.37962156689356685,0.07752290044482368,2.402166153867381,0.4776588939667208,G_overall,E_0.7GA+0.3D,20,20,0.01,0.018912529550827423,4.76595744680851
4672,0.2911592444216243,0.12960954296550203,2.2464336943084633,-0.2151561158222418,0.23966002034628064,10.444508829703967,0.42846592554977964,G_overall,F_0.5GA+0.5D,1,1,0.0,0.4490582191780822,113.16267123287672
4672,0.12141523757230915,0.13075959535017664,0.9285378808886405,-0.33545113905132906,0.06974229250078016,2.8558572580785664,0.42991125853788603,G_overall,F_0.5GA+0.5D,1,1,0.003,0.4490582191780822,113.16267123287672
4672,0.008252566339432428,0.13211205730791206,0.062466413040546835,-0.5111951955502135,-0.04353619272955343,-1.7069191323262953,0.43087481386329035,G_overall,F_0.5GA+0.5D,1,1,0.005,0.4490582191780822,113.16267123287672
4672,-0.16149144050988265,0.13498418154611583,-1.1963730761645646,-0.9711122990455616,-0.2134539205750538,-7.829883756031788,0.43232014685139714,G_overall,F_0.5GA+0.5D,1,1,0.008,0.4490582191780822,113.16267123287672
4672,-0.27465411174275933,0.13743380273092182,-1.9984465705318346,-0.9962553967612303,-0.32673240580538765,-11.462206383597751,0.43328370217680146,G_overall,F_0.5GA+0.5D,1,1,0.01,0.4490582191780822,113.16267123287672
4668,0.15806451596239343,0.12701468616056513,1.244458579873014,-0.498565065768535,0.10802408022394289,3.8645718820606425,0.40964769972243403,G_overall,F_0.5GA+0.5D,1,5,0.0,0.10218508997429306,25.75064267352185
4668,0.11943855195211062,0.12695466476014358,0.9407968756230172,-0.5334060990560339,0.06947131905016272,2.4441013243276317,0.4090484368834134,G_overall,F_0.5GA+0.5D,1,5,0.003,0.10218508997429306,25.75064267352185
4668,0.09368790927858879,0.12714218485126913,0.73687509293776,-0.5553046357102429,0.043769478267642645,1.521283145894243,0.4086489283240662,G_overall,F_0.5GA+0.5D,1,5,0.005,0.10218508997429306,25.75064267352185
4668,0.055061945268306,0.12776276279903404,0.4309702143410624,-0.5862779568255843,0.00521671709386242,0.17780552656338972,0.40804966548504573,G_overall,F_0.5GA+0.5D,1,5,0.008,0.10218508997429306,25.75064267352185
4668,0.029311302594784157,0.12840012907326973,0.22828094337863225,-0.6057426488662269,-0.020485123688657708,-0.6886198310985164,0.4076501569256985,G_overall,F_0.5GA+0.5D,1,5,0.01,0.10218508997429306,25.75064267352185
4663,0.12027139183108167,0.13361932834823448,0.900104747702624,-0.4680749483543003,0.06526841562296387,2.5180033064367433,0.4509241204939465,G_overall,F_0.5GA+0.5D,1,10,0.0,0.04803774394166845,12.10551147330045
4663,0.10211312462113098,0.13356578903132618,0.764515564664404,-0.4822604393602028,0.047054448090856085,1.794284831742787,0.45138076157978296,G_overall,F_0.5GA+0.5D,1,10,0.003,0.04803774394166845,12.10551147330045
4663,0.09000761314783054,0.13363794202455012,0.6735184019168418,-0.49151811939541945,0.03491180306945092,1.3200914229662766,0.4516851889703409,G_overall,F_0.5GA+0.5D,1,10,0.005,0.04803774394166845,12.10551147330045
4663,0.07184934593787987,0.13390759166013852,0.5365591677597762,-0.5051119936786108,0.016697835537343157,0.622884840600599,0.45214183005617736,G_overall,F_0.5GA+0.5D,1,10,0.008,0.04803774394166845,12.10551147330045
4663,0.059743834464579405,0.13419446696034318,0.4452034112720516,-0.5139831002820937,0.00455519051593797,0.16830054764124847,0.4524462574467351,G_overall,F_0.5GA+0.5D,1,10,0.01,0.04803774394166845,12.10551147330045
4653,0.10599660290265274,0.14598099590224783,0.7260986421385319,-0.5522935407203853,0.039075520826281046,1.206601426706874,0.5529229707898279,G_overall,F_0.5GA+0.5D,1,20,0.0,0.02364066193853428,5.957446808510638
4653,0.09706043268988676,0.1459517582995684,0.6650172209002692,-0.5563277791967371,0.030146406753014922,0.9311326210318033,0.5528646707520294,G_overall,F_0.5GA+0.5D,1,20,0.003,0.02364066193853428,5.957446808510638
4653,0.09110298588137612,0.14598208836271256,0.6240696163697715,-0.5590004059181614,0.02419366403750421,0.7472505591094816,0.5528258040601637,G_overall,F_0.5GA+0.5D,1,20,0.005,0.02364066193853428,5.957446808510638
4653,0.08216681566861017,0.1461022540983705,0.562392525534119,-0.5629841831014466,0.015264549964238093,0.4713001254630715,0.5527675040223653,G_overall,F_0.5GA+0.5D,1,20,0.008,0.02364066193853428,5.957446808510638
4653,0.07620936886009953,0.14623204956667207,0.5211536669692449,-0.5656233380319589,0.009311807248727337,0.28738073682941667,0.5527286373304995,G_overall,F_0.5GA+0.5D,1,20,0.01,0.02364066193853428,5.957446808510638
4672,0.2957953654547871,0.126303410685501,2.341942817295138,-0.1459886768611952,0.24732246752408144,11.234695326148929,0.4032873397388418,G_overall,F_0.5GA+0.5D,3,1,0.0,0.2863869863013699,72.16952054794521
4672,0.18754108463286928,0.1269563402024008,1.4772092857582455,-0.20726057398768116,0.13891451976878094,6.007438619092708,0.4045658258912128,G_overall,F_0.5GA+0.5D,3,1,0.003,0.2863869863013699,72.16952054794521
4672,0.1153715640849241,0.1278942264752751,0.9020857881120076,-0.27248349306282993,0.06664255459858069,2.7837166778343163,0.4054181499927936,G_overall,F_0.5GA+0.5D,3,1,0.005,0.2863869863013699,72.16952054794521
4672,0.007117283263006284,0.13003320707909663,0.054734351500513104,-0.4942476083897267,-0.04176539315671978,-1.6531031419620172,0.4066966361451646,G_overall,F_0.5GA+0.5D,3,1,0.008,0.2863869863013699,72.16952054794521
4672,-0.06505223728493895,0.13192883106145661,-0.4930858309101182,-0.8305631059547874,-0.11403735832691998,-4.351430567680018,0.40754896024674503,G_overall,F_0.5GA+0.5D,3,1,0.01,0.2863869863013699,72.16952054794521
4668,0.14126587779622982,0.13111513497048893,1.0774185438471735,-0.3726757623595395,0.08808522532593806,3.176477681181396,0.4353545614202875,G_overall,F_0.5GA+0.5D,3,5,0.0,0.09532990574121679,24.02313624678663
4668,0.10523117342604985,0.13111807260229494,0.8025680315270896,-0.4118534495843217,0.05199586274812133,1.826335450973261,0.43580201174119115,G_overall,F_0.5GA+0.5D,3,5,0.003,0.09532990574121679,24.02313624678663
4668,0.0812080371792632,0.13132709811840304,0.6183646661106221,-0.4366332910627707,0.02793628769624358,0.9638050256532793,0.4361003119551269,G_overall,F_0.5GA+0.5D,3,5,0.005,0.09532990574121679,24.02313624678663
4668,0.04517333280908326,0.13194926891563072,0.3423537938506307,-0.4719020572558239,-0.008153074881573134,-0.27368854296669115,0.43654776227603054,G_overall,F_0.5GA+0.5D,3,5,0.008,0.09532990574121679,24.02313624678663
4668,0.021150196562296636,0.13256755128236,0.1595427867355575,-0.49420656272263497,-0.03221264993345089,-1.061539398834024,0.43684606248996616,G_overall,F_0.5GA+0.5D,3,5,0.01,0.09532990574121679,24.02313624678663
4663,0.1334729769767768,0.13542399266450927,0.985593278935692,-0.4271834332319623,0.07736455041523801,2.5383685006457166,0.45998679787489355,G_overall,F_0.5GA+0.5D,3,10,0.0,0.04289084280506112,10.808492386875402
4663,0.1172602383964637,0.13536518567542455,0.8662510808179849,-0.4457778361892091,0.06113364638322723,1.98195404810114,0.4601357214585767,G_overall,F_0.5GA+0.5D,3,10,0.003,0.04289084280506112,10.808492386875402
4663,0.10645174600958829,0.1354215090393628,0.7860770919237512,-0.45785247625353975,0.05031304369522001,1.6178033419911775,0.4602350038476988,G_overall,F_0.5GA+0.5D,3,10,0.005,0.04289084280506112,10.808492386875402
4663,0.09023900742927518,0.13564904813311918,0.665238781039725,-0.47572633683569876,0.03408213966320921,1.0821288888856657,0.46038392743138185,G_overall,F_0.5GA+0.5D,3,10,0.008,0.04289084280506112,10.808492386875402
4663,0.07943051504239979,0.13589573763402585,0.5844959998400409,-0.488201509366901,0.023261536975202033,0.7322199284204656,0.46048320982050406,G_overall,F_0.5GA+0.5D,3,10,0.01,0.04289084280506112,10.808492386875402
4653,0.14969677510611237,0.13809832851845735,1.083986871615936,-0.4229853944693118,0.09095380204062284,2.9878256267731755,0.4853528689707984,G_overall,F_0.5GA+0.5D,3,20,0.0,0.02493015258972706,6.282398452611219
4653,0.14027317742719556,0.1380705410076134,1.0159529788433344,-0.4332755685775912,0.08154353609555456,2.66861883760222,0.4852427180040687,G_overall,F_0.5GA+0.5D,3,20,0.003,0.02493015258972706,6.282398452611219
4653,0.13399077897458433,0.13810747988105027,0.970192049626772,-0.4400419361188541,0.07527002546550904,2.4566483533782986,0.4851692840262489,G_overall,F_0.5GA+0.5D,3,20,0.005,0.02493015258972706,6.282398452611219
4653,0.12456718129566752,0.13824599509363872,0.9010545384066565,-0.4500527288792371,0.06585975952044071,2.1401934677628893,0.4850591330595192,G_overall,F_0.5GA+0.5D,3,20,0.008,0.02493015258972706,6.282398452611219
4653,0.11828478284305627,0.13839361377938758,0.8546982740953157,-0.4600548636286975,0.059586248890395196,1.9303646172469184,0.48498569908169936,G_overall,F_0.5GA+0.5D,3,20,0.01,0.02493015258972706,6.282398452611219
4672,0.29458472799741975,0.12256447647893051,2.4035082306092215,-0.1747413550511011,0.2493491064679316,10.39839848632543,0.37635367900098526,G_overall,F_0.5GA+0.5D,5,1,0.0,0.2148972602739726,54.1541095890411
4672,0.2133535636138581,0.12286974412128723,1.7364206716606527,-0.21713034889072358,0.16800533692603953,6.659430903160925,0.3772905372595707,G_overall,F_0.5GA+0.5D,5,1,0.003,0.2148972602739726,54.1541095890411
4672,0.159199454024817,0.12350399538523764,1.2890227035023196,-0.247644487289147,0.11377615723144477,4.352014161411106,0.37791510943196094,G_overall,F_0.5GA+0.5D,5,1,0.005,0.2148972602739726,54.1541095890411
4672,0.07796828964125535,0.12508837802649422,0.6233056249617478,-0.30249767356285473,0.032432387689552734,1.174077035068933,0.37885196769054647,G_overall,F_0.5GA+0.5D,5,1,0.008,0.2148972602739726,54.1541095890411
4672,0.023814180052214255,0.12655431001427553,0.18817359953626217,-0.5631563446169283,-0.021796792005041955,-0.7601641460786959,0.3794765398629363,G_overall,F_0.5GA+0.5D,5,1,0.01,0.2148972602739726,54.1541095890411
4668,0.14274444300751246,0.12960058988185244,1.1014181581861808,-0.35898728304205907,0.09090732277541023,3.281025647228637,0.4243559583354951,G_overall,F_0.5GA+0.5D,5,5,0.0,0.08033419023136247,20.24421593830334
4668,0.11237811910005746,0.12962787393100453,0.8669286604196844,-0.3936034922843096,0.06053521014472605,2.1331275400923566,0.42440334675488356,G_overall,F_0.5GA+0.5D,5,5,0.003,0.08033419023136247,20.24421593830334
4668,0.09213390316175413,0.129825481541893,0.7096750350355814,-0.41566316442082263,0.04028713505760331,1.396447700906318,0.4244349390344757,G_overall,F_0.5GA+0.5D,5,5,0.005,0.08033419023136247,20.24421593830334
4668,0.06176757925429911,0.13038938886493828,0.4737163030826079,-0.4472956837565111,0.00991502242691911,0.3350893328907472,0.42448232745386405,G_overall,F_0.5GA+0.5D,5,5,0.008,0.08033419023136247,20.24421593830334
4668,0.041523363315995765,0.1309418657223261,0.31711296526085675,-0.4674516725376414,-0.010333052660203665,-0.3432590729554633,0.4245139197334562,G_overall,F_0.5GA+0.5D,5,5,0.01,0.08033419023136247,20.24421593830334
4663,0.1316550722453871,0.1364474684967167,0.9648773531372266,-0.3668204773438858,0.07449774420980602,2.6107800898146047,0.4685858775479223,G_overall,F_0.5GA+0.5D,5,10,0.0,0.04074630066480806,10.268067767531631
4663,0.11625297059408965,0.13645757610955803,0.8519348936753307,-0.3855901903803508,0.05909054455560949,2.0446187228696964,0.46862767187673887,G_overall,F_0.5GA+0.5D,5,10,0.003,0.04074630066480806,10.268067767531631
4663,0.10598490282655804,0.13655452577728622,0.7761361421254851,-0.3978083577200415,0.04881907811947849,1.6742952885791487,0.4686555347626166,G_overall,F_0.5GA+0.5D,5,10,0.005,0.04074630066480806,10.268067767531631
4663,0.09058280117526057,0.13683488367158908,0.661986174466038,-0.41596172174436674,0.03341187846528201,1.1301609929730865,0.46869732909143313,G_overall,F_0.5GA+0.5D,5,10,0.008,0.04074630066480806,10.268067767531631
4663,0.08031473340772895,0.13711131534534507,0.5857629853921144,-0.42874855275441415,0.023140412029151007,0.7752996445113163,0.4687251919773109,G_overall,F_0.5GA+0.5D,5,10,0.01,0.04074630066480806,10.268067767531631
4653,0.14423357083732602,0.13731350461185593,1.0503961081252065,-0.39654974044012714,0.08621622500465714,2.8975835186144887,0.47935750917073866,G_overall,F_0.5GA+0.5D,5,20,0.0,0.0223511712873415,5.6324951644100585
4653,0.135784828090711,0.1372928065053667,0.9890163333896393,-0.4055367998791439,0.07779563885195863,2.6018946496217645,0.4791248705601148,G_overall,F_0.5GA+0.5D,5,20,0.003,0.0223511712873415,5.6324951644100585
4653,0.1301523329263009,0.13732914826317796,0.9477400433364416,-0.4114610626569881,0.07218191475015966,2.405872837352203,0.4789697781530323,G_overall,F_0.5GA+0.5D,5,20,0.005,0.0223511712873415,5.6324951644100585
4653,0.12170359017968581,0.1374587921053783,0.885382363074933,-0.4202478612682017,0.06376132859746118,2.1137181194779715,0.4787371395424086,G_overall,F_0.5GA+0.5D,5,20,0.008,0.0223511712873415,5.6324951644100585
4653,0.11607109501527578,0.13759519868684625,0.8435693695929223,-0.42603994852454574,0.05814760449566219,1.9203236013934244,0.4785820471353261,G_overall,F_0.5GA+0.5D,5,20,0.01,0.0223511712873415,5.6324951644100585
4672,0.2661609536260633,0.12208993966005662,2.1800400128557156,-0.1522849769539737,0.22132341904073685,9.029353367384836,0.37304165451824794,G_overall,F_0.5GA+0.5D,10,1,0.0,0.1502568493150685,37.86472602739726
4672,0.20936386458496745,0.1222391785524754,1.712739459346831,-0.20738796541840054,0.16443899682939983,6.358155895439944,0.37376825357464905,G_overall,F_0.5GA+0.5D,10,1,0.003,0.1502568493150685,37.86472602739726
4672,0.17149913855757018,0.12266695219550479,1.398087549156984,-0.2671427587512072,0.1265160486885086,4.71552196332946,0.3742526529455831,G_overall,F_0.5GA+0.5D,10,1,0.005,0.1502568493150685,37.86472602739726
4672,0.11470204951647431,0.12379422812553673,0.9265540991148453,-0.3541294065652224,0.06963162647717164,2.454751667741424,0.3749792520019841,G_overall,F_0.5GA+0.5D,10,1,0.008,0.1502568493150685,37.86472602739726
4672,0.07683732348907704,0.12486266937906106,0.6153746661927633,-0.4063683895784551,0.031708678336280396,1.0770409798961975,0.37546365137291815,G_overall,F_0.5GA+0.5D,10,1,0.01,0.1502568493150685,37.86472602739726
4668,0.1487204925361422,0.1311754159095831,1.1337527806174645,-0.35785564333237674,0.09561951286208775,3.2863599873029625,0.43470233333259356,G_overall,F_0.5GA+0.5D,10,5,0.0,0.06812339331619537,17.16709511568123
4668,0.12296984986262034,0.1312311546846687,0.9370476862609401,-0.3907458845341696,0.06983605225508274,2.347371988341439,0.4349709918836751,G_overall,F_0.5GA+0.5D,10,5,0.003,0.06812339331619537,17.16709511568123
4668,0.1058027547469391,0.13142058202255455,0.8050698993920231,-0.41175724187119467,0.05264707851707952,1.743037283958676,0.43515009758439605,G_overall,F_0.5GA+0.5D,10,5,0.005,0.06812339331619537,17.16709511568123
4668,0.08005211207341724,0.13193181351044284,0.6067688296203165,-0.4419603410167542,0.026863617910074578,0.8691392718291777,0.43541875613547754,G_overall,F_0.5GA+0.5D,10,5,0.008,0.06812339331619537,17.16709511568123
4668,0.06288501695773602,0.13242266439783548,0.47488107299224463,-0.46125299463790415,0.009674644172071301,0.3081806887604977,0.4355978618361985,G_overall,F_0.5GA+0.5D,10,5,0.01,0.06812339331619537,17.16709511568123
4663,0.1722299243838732,0.13429833673355687,1.282442720981506,-0.349208407245876,0.11688401270942461,4.00400074068291,0.45373556605929716,G_overall,F_0.5GA+0.5D,10,10,0.0,0.03688612481235256,9.295303452712846
4663,0.15828696920480392,0.1343447523776375,1.1782147527420042,-0.3703989796798577,0.10288796606610677,3.4737549156976666,0.4541708192668947,G_overall,F_0.5GA+0.5D,10,10,0.003,0.03688612481235256,9.295303452712846
4663,0.14899166575209108,0.13445895734195842,1.108082858125791,-0.38415836003376225,0.09355726830389491,3.1275853983858304,0.4544609880719596,G_overall,F_0.5GA+0.5D,10,10,0.005,0.03688612481235256,9.295303452712846
4663,0.1350487105730218,0.13475473320707992,1.002181573581465,-0.4042605037125824,0.07956122166057716,2.619655419424993,0.45489624127955713,G_overall,F_0.5GA+0.5D,10,10,0.008,0.03688612481235256,9.295303452712846
4663,0.125753407120309,0.1350344719689495,0.9312689218292746,-0.41731228308798474,0.07023052389836532,2.2887323907495913,0.45518641008462213,G_overall,F_0.5GA+0.5D,10,10,0.01,0.03688612481235256,9.295303452712846
4653,0.16316989491109757,0.1390086809616148,1.1738108280888913,-0.414482001399208,0.10383123121398362,3.255701845443134,0.49027465181545654,G_overall,F_0.5GA+0.5D,10,20,0.0,0.02106168063614872,5.307543520309477
4653,0.1552085796306334,0.13896328643551412,1.1169034902082422,-0.42663665130978046,0.09589322768492767,2.987720569587045,0.49008204281328516,G_overall,F_0.5GA+0.5D,10,20,0.003,0.02106168063614872,5.307543520309477
4653,0.14990103611032388,0.1389797643292866,1.0785817405414602,-0.43460913512582966,0.09060122533222371,2.8104959559652563,0.48995363681183746,G_overall,F_0.5GA+0.5D,10,20,0.005,0.02106168063614872,5.307543520309477
4653,0.14193972082985964,0.13907455930884424,1.0206016221460945,-0.44637504699565755,0.08266322180316772,2.5469465213366593,0.489761027809666,G_overall,F_0.5GA+0.5D,10,20,0.008,0.02106168063614872,5.307543520309477
4653,0.13663217730955016,0.13918440047691233,0.981663008508015,-0.4540922352311234,0.07737121945046375,2.3728498276919807,0.48963262180821826,G_overall,F_0.5GA+0.5D,10,20,0.01,0.02106168063614872,5.307543520309477
4672,0.2454657208495189,0.12336147058243142,1.9898086468213438,-0.1766188464948133,0.19966349157502603,8.136720547885544,0.3810677716158938,G_overall,F_0.5GA+0.5D,20,1,0.0,0.09503424657534247,23.948630136986303
4672,0.20954277564403942,0.12337893236455794,1.6983675545585537,-0.2269581275329513,0.16369804757664308,6.307602779646256,0.38142135528561094,G_overall,F_0.5GA+0.5D,20,1,0.003,0.09503424657534247,23.948630136986303
4672,0.18559414550705314,0.1236099778648311,1.5014495489191206,-0.2588350747676371,0.13972108491105445,5.181612756666393,0.3816570777320889,G_overall,F_0.5GA+0.5D,20,1,0.005,0.09503424657534247,23.948630136986303
4672,0.1496712003015737,0.12428320533991548,1.2042753475195773,-0.30425804871752593,0.10375564091267155,3.631257684171609,0.38201066140180606,G_overall,F_0.5GA+0.5D,20,1,0.008,0.09503424657534247,23.948630136986303
4672,0.12572257016458738,0.12494705861149273,1.0062067211642494,-0.33631120701083317,0.07977867824708292,2.686398929642222,0.3822463838482842,G_overall,F_0.5GA+0.5D,20,1,0.01,0.09503424657534247,23.948630136986303
4668,0.1727314131476562,0.12867233889468965,1.342412943072607,-0.246209385632413,0.12180445927217642,4.297246564295366,0.41690503292181735,G_overall,F_0.5GA+0.5D,20,5,0.0,0.04798628963153385,12.09254498714653
4668,0.15459259566693642,0.12871221876175817,1.201071639927845,-0.26038746491906406,0.10367245337429136,3.5681828086551524,0.4168492710324859,G_overall,F_0.5GA+0.5D,20,5,0.003,0.04798628963153385,12.09254498714653
4668,0.14250005067978988,0.12885055324523592,1.1059327809681614,-0.2721452215155683,0.09158444944236804,3.1000615100330715,0.41681209643959827,G_overall,F_0.5GA+0.5D,20,5,0.005,0.04798628963153385,12.09254498714653
4668,0.1243612331990701,0.1292249590781309,0.9623623337646396,-0.2894537362108417,0.07345244354448305,2.4245166147992907,0.4167563345502669,G_overall,F_0.5GA+0.5D,20,5,0.008,0.04798628963153385,12.09254498714653
4668,0.11226868821192355,0.12958508223777493,0.8663704669795431,-0.30077755283831886,0.06136443961255972,1.9916587498767064,0.41671915995737924,G_overall,F_0.5GA+0.5D,20,5,0.01,0.04798628963153385,12.09254498714653
4663,0.18286090373571637,0.13214165313738765,1.3838248530582247,-0.2937817291340421,0.12900312556256893,4.5216231941663265,0.4415355845944253,G_overall,F_0.5GA+0.5D,20,10,0.0,0.030023589963542784,7.565944670812781
4663,0.17151198672949716,0.13221093508735066,1.297260219937032,-0.30850155149642877,0.11761567529879945,4.060845669253945,0.4418514870504105,G_overall,F_0.5GA+0.5D,20,10,0.003,0.030023589963542784,7.565944670812781
4663,0.1639460420586844,0.1323264605823531,1.2389513128151188,-0.3181559393779665,0.11002404178961975,3.7598483030136167,0.4420620886877339,G_overall,F_0.5GA+0.5D,20,10,0.005,0.030023589963542784,7.565944670812781
4663,0.15259712505246523,0.13260339267231155,1.1507784376947432,-0.3324030781992484,0.0986365915258503,3.3179907001134965,0.442377991143719,G_overall,F_0.5GA+0.5D,20,10,0.008,0.030023589963542784,7.565944670812781
4663,0.14503118038165244,0.13285677390294454,1.0916355720604933,-0.34174706023818713,0.09104495801667062,3.0300071075261545,0.44258859278104246,G_overall,F_0.5GA+0.5D,20,10,0.01,0.030023589963542784,7.565944670812781
4653,0.17080852692730328,0.13621923353065402,1.2539237117999604,-0.3278979509443374,0.11346936793406007,3.6133145048609894,0.47375411678120904,G_overall,F_0.5GA+0.5D,20,20,0.0,0.017623038899634645,4.441005802707931
4653,0.16414701822324138,0.1361860381957593,1.2053145858262642,-0.3438246273478872,0.10681311906806124,3.3716234463469665,0.4737106583493152,G_overall,F_0.5GA+0.5D,20,20,0.003,0.017623038899634645,4.441005802707931
4653,0.15970601242053342,0.13620395665687865,1.1725504628537373,-0.3542450935406175,0.10237561982406199,3.2123151835243857,0.47368168606138583,G_overall,F_0.5GA+0.5D,20,20,0.005,0.017623038899634645,4.441005802707931
4653,0.15304450371647152,0.13629087578340346,1.12292552848287,-0.36958529207038593,0.09571937095806309,2.9761854763389324,0.47363822762949204,G_overall,F_0.5GA+0.5D,20,20,0.008,0.017623038899634645,4.441005802707931
4653,0.14860349791376362,0.13638878996957934,1.0895580050743812,-0.37962156689356685,0.09128187171406388,2.820708358070639,0.4736092553415626,G_overall,F_0.5GA+0.5D,20,20,0.01,0.017623038899634645,4.441005802707931
4672,0.29589359992286135,0.1287529360878948,2.2981503095266578,-0.14311190756371206,0.24511645778116534,10.880108502814148,0.42245831068609896,G_overall,G_0.3GA+0.7D,1,1,0.0,0.4509845890410959,113.64811643835617
4672,0.1254214252653271,0.1297806134370877,0.9664110990361922,-0.21529497835035116,0.07463484319850526,3.148325365204747,0.4225368494666092,G_overall,G_0.3GA+0.7D,1,1,0.003,0.4509845890410959,113.64811643835617
4672,0.01177330882697092,0.13105782496938193,0.08983293313254233,-0.5439867328021227,-0.039019566523268025,-1.5857689048219052,0.42258920865361593,G_overall,G_0.3GA+0.7D,1,1,0.005,0.4509845890410959,113.64811643835617
4672,-0.15869886583056336,0.13382788198894507,-1.185843065525559,-0.968636784033026,-0.209501181105928,-8.025445018068444,0.4226677474341267,G_overall,G_0.3GA+0.7D,1,1,0.008,0.4509845890410959,113.64811643835617
4672,-0.2723469822689195,0.1362170601844881,-1.999360299657483,-0.9959782367615503,-0.3231555908277013,-11.885075265610226,0.4227201066211334,G_overall,G_0.3GA+0.7D,1,1,0.01,0.4509845890410959,113.64811643835617
4668,0.16389115240691357,0.12646362842363582,1.2959548484399064,-0.43767207444751466,0.11433461705268853,4.299892320333088,0.4056863297549771,G_overall,G_0.3GA+0.7D,1,5,0.0,0.0991859468723222,24.994858611825194
4668,0.12639886448917576,0.12641318480176872,0.9998867182041541,-0.4767441147765208,0.07688834007403994,2.8402201637019178,0.40530966885900716,G_overall,G_0.3GA+0.7D,1,5,0.003,0.0991859468723222,24.994858611825194
4668,0.10140400587735057,0.1266020957081447,0.8009662502832244,-0.5013019543859014,0.051924155421607575,1.8933418461465494,0.40505856159502696,G_overall,G_0.3GA+0.7D,1,5,0.005,0.0991859468723222,24.994858611825194
4668,0.0639117179596128,0.12721728930433884,0.5023823279768078,-0.536036597350009,0.014477878442958983,0.517048076746123,0.404681900699057,G_overall,G_0.3GA+0.7D,1,5,0.008,0.0991859468723222,24.994858611825194
4668,0.038916859347787595,0.1278461527213154,0.30440383632521395,-0.5578650324061112,-0.010486306209473387,-0.36904403830310656,0.4044307934350769,G_overall,G_0.3GA+0.7D,1,5,0.01,0.0991859468723222,24.994858611825194
4663,0.1283982301839858,0.13378977416156748,0.959701374702444,-0.4680749483543003,0.07332897665113337,2.9883350285612043,0.45146747371635315,G_overall,G_0.3GA+0.7D,1,10,0.0,0.04932446922582029,12.429766244906713
4663,0.10975358081662571,0.133742556877901,0.8206331879599419,-0.4822604393602028,0.054639485363087666,2.202362282441708,0.451835095707751,G_overall,G_0.3GA+0.7D,1,10,0.003,0.04932446922582029,12.429766244906713
4663,0.09732381457171901,0.13382151587163632,0.7272658207300053,-0.49151811939541945,0.042179824504390534,1.6864256886140443,0.45208017703534964,G_overall,G_0.3GA+0.7D,1,10,0.005,0.04932446922582029,12.429766244906713
4663,0.07867916520435894,0.13410521999526842,0.5866972606072677,-0.5051119936786108,0.02349033321634483,0.9268256693311816,0.4524477990267473,G_overall,G_0.3GA+0.7D,1,10,0.008,0.04932446922582029,12.429766244906713
4663,0.06624939895945223,0.13440399051527807,0.4929124403633051,-0.5139831002820937,0.011030672357647698,0.4311017473101014,0.45269288035434596,G_overall,G_0.3GA+0.7D,1,10,0.01,0.04932446922582029,12.429766244906713
4653,0.10837127431029664,0.143170153120592,0.7569404093534473,-0.5522935407203853,0.044167671731036556,1.3582113805948381,0.5304703028116168,G_overall,G_0.3GA+0.7D,1,20,0.0,0.02493015258972706,6.282398452611219
4653,0.09894767663137981,0.14315199289286365,0.6912071193129196,-0.5563277791967371,0.034764977377570956,1.068919124554849,0.5302975929801365,G_overall,G_0.3GA+0.7D,1,20,0.003,0.02493015258972706,6.282398452611219
4653,0.09266527817876859,0.14319338097207013,0.64713380988499,-0.5590004059181614,0.028496514475260568,0.8759291274696915,0.5301824530924829,G_overall,G_0.3GA+0.7D,1,20,0.005,0.02493015258972706,6.282398452611219
4653,0.08324168049985176,0.14333561275771467,0.5807466748724768,-0.5629841831014466,0.01909382012179501,0.586480125613503,0.5300097432610026,G_overall,G_0.3GA+0.7D,1,20,0.008,0.02493015258972706,6.282398452611219
4653,0.07695928204724055,0.14348374347002432,0.5363623793612436,-0.5656233380319589,0.012825357219484627,0.39367113060570424,0.5298946033733489,G_overall,G_0.3GA+0.7D,1,20,0.01,0.02493015258972706,6.282398452611219
4672,0.302625313432929,0.1251202914627512,2.4186749398919183,-0.145988676861195,0.254934870733343,10.661129996184807,0.3967774279717733,G_overall,G_0.3GA+0.7D,3,1,0.0,0.2928082191780822,73.78767123287672
4672,0.19194380658361385,0.12580587360979384,1.5257141902528093,-0.19246328662386158,0.14406840816435734,5.744326849104075,0.39831623219721923,G_overall,G_0.3GA+0.7D,3,1,0.003,0.2928082191780822,73.78767123287672
4672,0.11815613535073716,0.12677652720176077,0.9320032498026662,-0.24656373554914024,0.07015743311836706,2.704681759310173,0.3993421016808498,G_overall,G_0.3GA+0.7D,3,1,0.005,0.2928082191780822,73.78767123287672
4672,0.007474628501422077,0.12897971698753752,0.057951968542032876,-0.5271874088275044,-0.04070902945061846,-1.489325275309165,0.40088090590629577,G_overall,G_0.3GA+0.7D,3,1,0.008,0.2928082191780822,73.78767123287672
4672,-0.06631304273145464,0.13092709207557165,-0.506488318652785,-0.845019542816067,-0.11462000449660881,-4.046442379526915,0.4019067753899262,G_overall,G_0.3GA+0.7D,3,1,0.01,0.2928082191780822,73.78767123287672
4668,0.13241747965392744,0.13134847261710875,1.0081387093090528,-0.3951987362722361,0.07902831276036443,2.9219190703893236,0.4370615300465891,G_overall,G_0.3GA+0.7D,3,5,0.0,0.09447300771208227,23.80719794344473
4668,0.09670668273876032,0.13132415080845158,0.7363967872125513,-0.43634822197569845,0.043286394257183315,1.558449329915329,0.4373163017477846,G_overall,G_0.3GA+0.7D,3,5,0.003,0.09447300771208227,23.80719794344473
4668,0.0728994847953156,0.13151304182112133,0.5543137303026608,-0.46224537626388773,0.019458448588395943,0.687836668348238,0.43748614954858145,G_overall,G_0.3GA+0.7D,3,5,0.005,0.09447300771208227,23.80719794344473
4668,0.03718868788014852,0.13210227701587765,0.28151435932992086,-0.4989216077025308,-0.016283469914785163,-0.5595713244794115,0.4377409212497769,G_overall,G_0.3GA+0.7D,3,5,0.008,0.09447300771208227,23.80719794344473
4668,0.013381489936703787,0.1326969199879088,0.10084250589933132,-0.5220002095058549,-0.0401114155835726,-1.35214994756262,0.4379107690505737,G_overall,G_0.3GA+0.7D,3,5,0.01,0.09447300771208227,23.80719794344473
4663,0.12801766485896166,0.13525420578885664,0.9464967400629904,-0.42718343323196195,0.07203295735713844,2.378196332707351,0.4589725271565327,G_overall,G_0.3GA+0.7D,3,10,0.0,0.0420330259489599,10.592322539137895
4663,0.1121291810502548,0.135192928006216,0.8294012320311551,-0.4457778361892092,0.05612426051903377,1.8319407187672285,0.45913823714410223,G_overall,G_0.3GA+0.7D,3,10,0.003,0.0420330259489599,10.592322539137895
4663,0.10153685851111689,0.13524589714696075,0.7507574030196645,-0.4578524762535394,0.04551846262696398,1.4740314921005275,0.45924871046914856,G_overall,G_0.3GA+0.7D,3,10,0.005,0.0420330259489599,10.592322539137895
4663,0.08564837470241005,0.1354658622396946,0.6322506149251313,-0.47572633683569854,0.0296097657888593,0.9471086184883764,0.45941442045671804,G_overall,G_0.3GA+0.7D,3,10,0.008,0.0420330259489599,10.592322539137895
4663,0.07505605216327214,0.13570582560509958,0.5530790725350532,-0.488201509366901,0.019003967896789497,0.6027262186056994,0.4595248937817643,G_overall,G_0.3GA+0.7D,3,10,0.01,0.0420330259489599,10.592322539137895
4653,0.15115934804250988,0.1362924040214702,1.1090812369755965,-0.4229853944693107,0.09418295224263167,3.0426968744764333,0.4707568534921957,G_overall,G_0.3GA+0.7D,3,20,0.0,0.02364066193853428,5.957446808510638
4653,0.14222317782974395,0.13625408085926738,1.0438085738998297,-0.4332755685775912,0.08525832002293735,2.745235304281216,0.47066152297439506,G_overall,G_0.3GA+0.7D,3,20,0.003,0.02364066193853428,5.957446808510638
4653,0.13626573102123332,0.13628189890795966,0.9998813643862033,-0.4400419361188538,0.07930856520980777,2.5474950728627554,0.4705979692958614,G_overall,G_0.3GA+0.7D,3,20,0.005,0.02364066193853428,5.957446808510638
4653,0.12732956080846733,0.13640361091471848,0.9334764670421783,-0.45005272887923764,0.07038393299011346,2.251978830071778,0.4705026387780609,G_overall,G_0.3GA+0.7D,3,20,0.008,0.02364066193853428,5.957446808510638
4653,0.12137211399995669,0.13653796463098136,0.8889257601575274,-0.4600548636286962,0.06443417817698388,2.05583483845283,0.4704390850995272,G_overall,G_0.3GA+0.7D,3,20,0.01,0.02364066193853428,5.957446808510638
4672,0.29666685298234347,0.1222728876610736,2.4262684774785885,-0.1420997062615652,0.2516577603269836,10.433371012236801,0.3744689922807518,G_overall,G_0.3GA+0.7D,5,1,0.0,0.2230308219178082,56.20376712328767
4672,0.21236120229741196,0.12256189635256488,1.7326853501558752,-0.16089919561113486,0.16725759260683853,6.578569164218342,0.3752553600309483,G_overall,G_0.3GA+0.7D,5,1,0.003,0.2230308219178082,56.20376712328767
4672,0.15615743517412425,0.12319815833430425,1.267530596929732,-0.20906352513438453,0.11099081412674182,4.207515900652953,0.3757796051977459,G_overall,G_0.3GA+0.7D,5,1,0.005,0.2230308219178082,56.20376712328767
4672,0.07185178448919276,0.12480436761062214,0.5757153043983488,-0.3260468266931613,0.026590646406596783,0.9523440485894877,0.3765659729479426,G_overall,G_0.3GA+0.7D,5,1,0.008,0.2230308219178082,56.20376712328767
4672,0.015648017365905098,0.12629682368224412,0.12389874036163134,-0.6004189128753341,-0.02967613207349992,-1.0228319127266179,0.3770902181147399,G_overall,G_0.3GA+0.7D,5,1,0.01,0.2230308219178082,56.20376712328767
4668,0.14004103290976191,0.13139394437828136,1.0658104037624878,-0.33238876136561146,0.08664122949247449,3.1834811609444733,0.4371486041779888,G_overall,G_0.3GA+0.7D,5,5,0.0,0.0837617823479006,21.107969151670954
4668,0.10837907918225545,0.13144061803196758,0.824547851379523,-0.37032066716527,0.05497625803553867,1.977085980710534,0.43717330831776813,G_overall,G_0.3GA+0.7D,5,5,0.003,0.0837617823479006,21.107969151670954
4668,0.0872711100305845,0.13165551468969158,0.6628747017265484,-0.3944331277875588,0.03386627706424816,1.199886100360396,0.43718977774428747,G_overall,G_0.3GA+0.7D,5,5,0.005,0.0837617823479006,21.107969151670954
4668,0.05560915630307808,0.13225173926119416,0.4204795839641192,-0.42892357442752527,0.0022013056073124345,0.07620861766855665,0.43721448188406675,G_overall,G_0.3GA+0.7D,5,5,0.008,0.0837617823479006,21.107969151670954
4668,0.034501187151407126,0.13282989639848883,0.25973962253123944,-0.4508457554766775,-0.01890867536397804,-0.6443112151432718,0.43723095131058615,G_overall,G_0.3GA+0.7D,5,5,0.01,0.0837617823479006,21.107969151670954
4663,0.1451681625886036,0.1366870951657734,1.0620473162630637,-0.3690035090239916,0.08788609166722508,2.974167530769835,0.4696085417734585,G_overall,G_0.3GA+0.7D,5,10,0.0,0.0420330259489599,10.592322539137895
4663,0.12927967877989674,0.13670483600003308,0.9456847509027806,-0.3895501542606541,0.07201001852406902,2.4075821924953504,0.4695067969437413,G_overall,G_0.3GA+0.7D,5,10,0.003,0.0420330259489599,10.592322539137895
4663,0.11868735624075885,0.13680942523233236,0.86753786180449,-0.40289141138653917,0.06142596976196499,2.036471121398212,0.4694389670572631,G_overall,G_0.3GA+0.7D,5,10,0.005,0.0420330259489599,10.592322539137895
4663,0.10279887243205202,0.13710502752006576,0.7497819320812804,-0.42263775861597463,0.04554989661880897,1.4903995235054348,0.46933722222754587,G_overall,G_0.3GA+0.7D,5,10,0.008,0.0420330259489599,10.592322539137895
4663,0.0922065498929141,0.13739411041419716,0.6711099159559482,-0.43641564827654844,0.03496584785670494,1.1337493957031997,0.46926939234106774,G_overall,G_0.3GA+0.7D,5,10,0.01,0.0420330259489599,10.592322539137895
4653,0.1546752037025112,0.13446621657333357,1.150290442046879,-0.3965497404401265,0.0995259979848527,3.252305151192621,0.4556600359107692,G_overall,G_0.3GA+0.7D,5,20,0.0,0.02321083172147002,5.849129593810445
4653,0.14590150931179555,0.1344634952132418,1.085064084348057,-0.40553679987914437,0.0907720313895795,2.9552322023431836,0.45549703867694175,G_overall,G_0.3GA+0.7D,5,20,0.003,0.02321083172147002,5.849129593810445
4653,0.1400523797179851,0.1345147952024767,1.0411671036421908,-0.41146106265698834,0.08493605365939738,2.7578792604601694,0.45538837385439,G_overall,G_0.3GA+0.7D,5,20,0.005,0.02321083172147002,5.849129593810445
4653,0.1312786853272694,0.13467129513432938,0.974808218754591,-0.420247861268201,0.0761820870641242,2.463114870152062,0.4552253766205626,G_overall,G_0.3GA+0.7D,5,20,0.008,0.02321083172147002,5.849129593810445
4653,0.12542955573345899,0.13482851808678836,0.9302895078378053,-0.4260399485245445,0.07034610933394209,2.2675734600285464,0.455116711798011,G_overall,G_0.3GA+0.7D,5,20,0.01,0.02321083172147002,5.849129593810445
4672,0.2855894874806715,0.12138137263852881,2.3528279609355796,-0.14075895165091012,0.24125995173086442,9.371355801255802,0.36881517935969815,G_overall,G_0.3GA+0.7D,10,1,0.0,0.14897260273972604,37.541095890410965
4672,0.22927784364505505,0.12141540194725015,1.8883752799720301,-0.1957153610346093,0.1849077939966092,6.839056732416627,0.36915224900277605,G_overall,G_0.3GA+0.7D,10,1,0.003,0.14897260273972604,37.541095890410965
4672,0.19173674775464405,0.12176656486826276,1.5746255793787147,-0.23498818904816543,0.1473396888404391,5.268933033191321,0.3693769620981614,G_overall,G_0.3GA+0.7D,10,1,0.005,0.14897260273972604,37.541095890410965
4672,0.13542510391902768,0.12278038761476319,1.1029864504414066,-0.29039802344488563,0.09098753110618399,3.0906706856467405,0.3697140317412395,G_overall,G_0.3GA+0.7D,10,1,0.008,0.14897260273972604,37.541095890410965
4672,0.09788400802861667,0.12377478247626413,0.790823510818026,-0.3354097021773569,0.053419425950013893,1.7529755949463441,0.36993874483662464,G_overall,G_0.3GA+0.7D,10,1,0.01,0.14897260273972604,37.541095890410965
4668,0.14462014121372108,0.1301642999317976,1.1110584183950434,-0.29372325018035494,0.09241790250523221,3.206783054310385,0.42734493998145295,G_overall,G_0.3GA+0.7D,10,5,0.0,0.0689802913453299,17.383033419023135
4668,0.11854559108518636,0.13017675016112876,0.9106510259201762,-0.32527256708588315,0.06633428344112668,2.2536813348925957,0.42741918131330126,G_overall,G_0.3GA+0.7D,10,5,0.003,0.0689802913453299,17.383033419023135
4668,0.10116255766616325,0.1303403839535433,0.7761413201162597,-0.34721149066020673,0.0489452040650564,1.6391567221641175,0.42746867553453344,G_overall,G_0.3GA+0.7D,10,5,0.005,0.0689802913453299,17.383033419023135
4668,0.07508800753762854,0.13081766930851332,0.5739897976667436,-0.38374385400771394,0.022861585000950896,0.7489933623981871,0.42754291686638174,G_overall,G_0.3GA+0.7D,10,5,0.008,0.0689802913453299,17.383033419023135
4668,0.057704974118605395,0.13128910496384188,0.4395259921567584,-0.4080210603020923,0.005472505624880605,0.17664545278630206,0.4275924110876139,G_overall,G_0.3GA+0.7D,10,5,0.01,0.0689802913453299,17.383033419023135
4663,0.16345751510638382,0.13416610446872773,1.218321987909275,-0.36174457593862785,0.10819183055445476,3.675990321002064,0.45307784992908234,G_overall,G_0.3GA+0.7D,10,10,0.0,0.037315033240403174,9.4033883765816
4663,0.1493524325415114,0.13421245763171363,1.1128060328896048,-0.37880998607530325,0.09403794361866147,3.151414927888002,0.45347795678785413,G_overall,G_0.3GA+0.7D,10,10,0.003,0.037315033240403174,9.4033883765816
4663,0.13994904416492981,0.13432763436094225,1.0418484984919982,-0.38994651956041537,0.08460201899479934,2.8086253372569607,0.4537446946937021,G_overall,G_0.3GA+0.7D,10,10,0.005,0.037315033240403174,9.4033883765816
4663,0.12584396160005742,0.13462637879020375,0.9347645144356703,-0.40629835917189006,0.07044813205900612,2.305189834629304,0.4541448015524739,G_overall,G_0.3GA+0.7D,10,10,0.008,0.037315033240403174,9.4033883765816
4663,0.1164405732234758,0.13490909401362167,0.863103959557529,-0.41696865721267706,0.061012207435143975,1.9768961795296975,0.45441153945832174,G_overall,G_0.3GA+0.7D,10,10,0.01,0.037315033240403174,9.4033883765816
4653,0.15703143222079738,0.13662399093654135,1.1493693834030572,-0.3806548295947454,0.09989018879313638,3.11563417757572,0.4721188762995572,G_overall,G_0.3GA+0.7D,10,20,0.0,0.02149151085321298,5.415860735009671
4653,0.1489076411182829,0.13657674405228143,1.090285481262324,-0.39350599393136754,0.09180034452381808,2.845628283698368,0.4718383969158208,G_overall,G_0.3GA+0.7D,10,20,0.003,0.02149151085321298,5.415860735009671
4653,0.14349178038327323,0.1365937526846129,1.0505003161790822,-0.4019353973121793,0.0864071150109392,2.6670427130197467,0.4716514106599965,G_overall,G_0.3GA+0.7D,10,20,0.005,0.02149151085321298,5.415860735009671
4653,0.1353679892807587,0.13669198925174564,0.9903139900279854,-0.4143757287558658,0.07831727074162087,2.4014357167320237,0.4713709312762602,G_overall,G_0.3GA+0.7D,10,20,0.008,0.02149151085321298,5.415860735009671
4653,0.12995212854574903,0.136805881476524,0.9499016207724149,-0.42253532440047614,0.07292404122874205,2.2259570765053205,0.47118394502043587,G_overall,G_0.3GA+0.7D,10,20,0.01,0.02149151085321298,5.415860735009671
4672,0.2441152637237531,0.1246076092250282,1.9590718836672865,-0.17463014751562278,0.19737931032863973,7.799603316436762,0.3888362181650023,G_overall,G_0.3GA+0.7D,20,1,0.0,0.09888698630136987,24.919520547945208
4672,0.20673598290183534,0.12459182894254035,1.6593061090481183,-0.21802077250734875,0.15998971094816505,6.033444960742003,0.38892206704567495,G_overall,G_0.3GA+0.7D,20,1,0.003,0.09888698630136987,24.919520547945208
4672,0.18181646235389012,0.12480646014268111,1.4567872700342124,-0.25183605148316845,0.13506331136118202,4.932805396296468,0.38897929963278993,G_overall,G_0.3GA+0.7D,20,1,0.005,0.09888698630136987,24.919520547945208
4672,0.14443718153197235,0.12546382304543013,1.1512257320556223,-0.312274094599034,0.09767371198070741,3.397330392080641,0.3890651485134625,G_overall,G_0.3GA+0.7D,20,1,0.008,0.09888698630136987,24.919520547945208
4672,0.11951766098402712,0.12612295629865883,0.9476281280705919,-0.3498745278822485,0.07274731239372438,2.448799790224544,0.3891223811005776,G_overall,G_0.3GA+0.7D,20,1,0.01,0.09888698630136987,24.919520547945208
4668,0.170035106631553,0.12955074579154954,1.3124980917141447,-0.25696019746380605,0.11840435600686165,4.098885713363213,0.422666547887306,G_overall,G_0.3GA+0.7D,20,5,0.0,0.049271636675235646,12.416452442159382
4668,0.15141042796831397,0.12960511044448708,1.1682442725371283,-0.2789443012123116,0.09979754774351954,3.3659881054541336,0.42252025483244143,G_overall,G_0.3GA+0.7D,20,5,0.003,0.049271636675235646,12.416452442159382
4668,0.13899397552615456,0.1297551358239839,1.071202111912575,-0.29748762885570257,0.08739300890129154,2.8965624313247176,0.4224227261291983,G_overall,G_0.3GA+0.7D,20,5,0.005,0.049271636675235646,12.416452442159382
4668,0.12036929686291549,0.1301500603635586,0.9248501040005536,-0.3244454356041444,0.06878620063794946,2.2206735010020022,0.4222764330743336,G_overall,G_0.3GA+0.7D,20,5,0.008,0.049271636675235646,12.416452442159382
4668,0.1079528444207561,0.13052580145900294,0.8270613412372969,-0.34186168042390674,0.05638166179572141,1.788518803658118,0.42217890437109057,G_overall,G_0.3GA+0.7D,20,5,0.01,0.049271636675235646,12.416452442159382
4663,0.17204579306329137,0.13535351846129287,1.2710847491747428,-0.30403247158944446,0.11543095566482434,3.974612442115887,0.4641384434219714,G_overall,G_0.3GA+0.7D,20,10,0.0,0.03131031524769462,7.8901994424190445
4663,0.16021049389966283,0.13544509173424873,1.1828445892598698,-0.318538636058442,0.10354567856034973,3.5096696958284848,0.46454817141441374,G_overall,G_0.3GA+0.7D,20,10,0.003,0.03131031524769462,7.8901994424190445
4663,0.15232029445724374,0.13557660861644313,1.1234998132175575,-0.328052890715139,0.09562216049070002,3.206475748344133,0.4648213234093752,G_overall,G_0.3GA+0.7D,20,10,0.005,0.03131031524769462,7.8901994424190445
4663,0.1404849952936152,0.13587917675641153,1.0338964265691752,-0.3420932326340901,0.0837368833862254,2.76215532133284,0.4652310514018176,G_overall,G_0.3GA+0.7D,20,10,0.008,0.03131031524769462,7.8901994424190445
4663,0.13259479585119616,0.13615072007294543,0.9738824427822041,-0.3513015869820737,0.07581336531657565,2.4730597106752414,0.4655042033967791,G_overall,G_0.3GA+0.7D,20,10,0.01,0.03131031524769462,7.8901994424190445
4653,0.17425711821062026,0.1383661467355685,1.2593912768536006,-0.3125919785028368,0.11504673861118879,3.6752978261300733,0.4892147283624148,G_overall,G_0.3GA+0.7D,20,20,0.0,0.017193208682570384,4.332688588007737
4653,0.16775808532860867,0.13832839879714318,1.2127523110754992,-0.32482911972256645,0.10855979791753272,3.4415185364135445,0.4891148189093481,G_overall,G_0.3GA+0.7D,20,20,0.003,0.017193208682570384,4.332688588007737
4653,0.1634253967406009,0.1383417167468317,1.1813168188426697,-0.3328759255757291,0.10423517078842869,3.2871205851311283,0.4890482126073036,G_overall,G_0.3GA+0.7D,20,20,0.005,0.017193208682570384,4.332688588007737
4653,0.15692636385858932,0.13841939631845449,1.1337021258029243,-0.34478141101944026,0.09774823009477257,3.0578220053798324,0.488948303154237,G_overall,G_0.3GA+0.7D,20,20,0.008,0.017193208682570384,4.332688588007737
4653,0.15259367527058157,0.1385096007915189,1.101683019794864,-0.3526098599864339,0.09342360296566851,2.9065505865312535,0.4888816968521924,G_overall,G_0.3GA+0.7D,20,20,0.01,0.017193208682570384,4.332688588007737
4672,0.25294780791137067,0.13238919051614373,1.910637922365164,-0.26235866766544436,0.19882430889778746,8.321779796167856,0.45029950480264175,G_overall,H_GA-0.3Q,1,1,0.0,0.4490582191780822,113.16267123287672
4672,0.08320380106205558,0.13346489917883214,0.6234133586731988,-0.4184638214966975,0.028895756434669826,1.130075311217343,0.4518348970079378,G_overall,H_GA-0.3Q,1,1,0.003,0.4490582191780822,113.16267123287672
4672,-0.029958870170821123,0.13475693731823188,-0.22231783214301248,-0.6771581685152501,-0.08438994520740861,-3.1514024328377994,0.4528584918114683,G_overall,H_GA-0.3Q,1,1,0.005,0.4490582191780822,113.16267123287672
4672,-0.1997028770201362,0.1375249400502178,-1.452121171237842,-0.9847448120922784,-0.2543184976705262,-8.859933323509765,0.4543938840167646,G_overall,H_GA-0.3Q,1,1,0.008,0.4490582191780822,113.16267123287672
4672,-0.3128655482530129,0.13989803048581528,-2.2363827937144216,-0.9980175062507237,-0.36760419931260485,-12.232243645940104,0.4554174788202949,G_overall,H_GA-0.3Q,1,1,0.01,0.4490582191780822,113.16267123287672
4668,0.12242311377331967,0.13288833234255892,0.9212480254303888,-0.46013352877272884,0.06713300664050384,2.3640316877210634,0.45262326097135375,G_overall,H_GA-0.3Q,1,5,0.0,0.10154241645244216,25.588688946015424
4668,0.08404008035429655,0.1327508300086478,0.6330663269587237,-0.4961218179152663,0.0288380693237456,0.9979147110840823,0.45190207689062456,G_overall,H_GA-0.3Q,1,5,0.003,0.10154241645244216,25.588688946015424
4668,0.05845139140828112,0.1328755823791145,0.43989565548251225,-0.5187988130352388,0.003308111112573415,0.11305599683469386,0.4514212875034715,G_overall,H_GA-0.3Q,1,5,0.005,0.10154241645244216,25.588688946015424
4668,0.020068357989257987,0.1333861273566414,0.15045311223108063,-0.5509540328834679,-0.034986826204184814,-1.1722631869365594,0.45070010342274214,G_overall,H_GA-0.3Q,1,5,0.008,0.10154241645244216,25.588688946015424
4668,-0.00552033095675744,0.13394018398057136,-0.04121489752140545,-0.5712128589727166,-0.06051678441535703,-1.9997983392756598,0.45021931403558924,G_overall,H_GA-0.3Q,1,5,0.01,0.10154241645244216,25.588688946015424
4663,0.13056345317735626,0.1317143619648823,0.9912620858473059,-0.3249853479863326,0.0771236292393265,3.0433905393151055,0.43810912190331447,G_overall,H_GA-0.3Q,1,10,0.0,0.04524983915933948,11.402959468153549
4663,0.11345901397512595,0.13173330381015544,0.8612781331183718,-0.33305118128580136,0.06000209299206087,2.3519037126354676,0.43824928650034345,G_overall,H_GA-0.3Q,1,10,0.003,0.04524983915933948,11.402959468153549
4663,0.10205605450697237,0.1318492070673932,0.7740361643191954,-0.3383814366777249,0.048587735493883774,1.8948655025729448,0.43834272956502934,G_overall,H_GA-0.3Q,1,10,0.005,0.04524983915933948,11.402959468153549
4663,0.08495161530474206,0.1321774316366546,0.642708927332371,-0.3463069325543595,0.03146619924661812,1.2168154859620206,0.43848289416205827,G_overall,H_GA-0.3Q,1,10,0.008,0.04524983915933948,11.402959468153549
4663,0.07354865583658853,0.1324985662897921,0.5550902013213318,-0.3515443313611757,0.020051841748441036,0.7706390652628358,0.4385763372267442,G_overall,H_GA-0.3Q,1,10,0.01,0.04524983915933948,11.402959468153549
4653,0.08910127511331893,0.14683079479468317,0.6068296179824627,-0.5423337520992246,0.021408017604842202,0.6694584683642284,0.5593029264128286,G_overall,H_GA-0.3Q,1,20,0.0,0.02385557704706641,6.0116054158607355
4653,0.08008386698952782,0.14680425602953304,0.5455146135096869,-0.5533483149472012,0.01241918775668704,0.3884844937356589,0.5590668037355738,G_overall,H_GA-0.3Q,1,20,0.003,0.02385557704706641,6.0116054158607355
4653,0.07407226157366709,0.14683653526496288,0.5044538911246137,-0.5657001421036756,0.006426634524583613,0.2010323075916572,0.5589093886174036,G_overall,H_GA-0.3Q,1,20,0.005,0.02385557704706641,6.0116054158607355
4653,0.065054853449876,0.14695984587966307,0.4426709422595997,-0.5836123427758924,-0.0025621953235715656,-0.0801247067894371,0.5586732659401488,G_overall,H_GA-0.3Q,1,20,0.008,0.02385557704706641,6.0116054158607355
4653,0.05904324803401527,0.1470918831339146,0.40140384891436487,-0.5951557443630189,-0.008554748555675009,-0.26741706260700615,0.5585158508219786,G_overall,H_GA-0.3Q,1,20,0.01,0.02385557704706641,6.0116054158607355
4672,0.2528044672834919,0.12856214571592134,1.9663989417390704,-0.20515336008082496,0.20205308747822182,9.377747614267106,0.4222439718582968,G_overall,H_GA-0.3Q,3,1,0.0,0.2833904109589041,71.41438356164383
4672,0.14568289194102618,0.12912836474329448,1.1282020974294986,-0.29572977715568893,0.09473442726544182,4.147329594742179,0.4238836888227204,G_overall,H_GA-0.3Q,3,1,0.003,0.2833904109589041,71.41438356164383
4672,0.07426850837938231,0.1299975976647964,0.5713067757673985,-0.3674029183489198,0.023188653790255184,0.9740595241576274,0.42497683346566967,G_overall,H_GA-0.3Q,3,1,0.005,0.2833904109589041,71.41438356164383
4672,-0.03285306696308343,0.13201965225088924,-0.2488498219996042,-0.6456879650199173,-0.0841300064225246,-3.3149458648598165,0.4266165504300935,G_overall,H_GA-0.3Q,3,1,0.008,0.2833904109589041,71.41438356164383
4672,-0.10426745052472729,0.13382961308647157,-0.7791059700468295,-0.9041900942587165,-0.1556757798977112,-5.874463433957575,0.4277096950730422,G_overall,H_GA-0.3Q,3,1,0.01,0.2833904109589041,71.41438356164383
4668,0.1278780666419074,0.1298851194567297,0.9845474768532593,-0.3570445650242725,0.07535674925165131,2.7257097393126855,0.42995702451044415,G_overall,H_GA-0.3Q,3,5,0.0,0.09768637532133675,24.61696658097686
4668,0.09095261677044209,0.1297994358676209,0.7007165798717517,-0.3943923056639991,0.038411764494621047,1.3606109797781276,0.4301169436002349,G_overall,H_GA-0.3Q,3,5,0.003,0.09768637532133675,24.61696658097686
4668,0.06633565018946525,0.12995615494393398,0.5104463903082077,-0.41873371106015933,0.013781774656600906,0.48119642681793884,0.4302235563267619,G_overall,H_GA-0.3Q,3,5,0.005,0.09768637532133675,24.61696658097686
4668,0.029410200317999936,0.13051045506519973,0.22534746586629661,-0.4536868686316874,-0.023163210100429425,-0.7910249741554792,0.43038347541655275,G_overall,H_GA-0.3Q,3,5,0.008,0.09768637532133675,24.61696658097686
4668,0.0047932337370230746,0.13109070316547258,0.03656425376689523,-0.5114766073333277,-0.0477931999384496,-1.6076798225945605,0.43049008814307965,G_overall,H_GA-0.3Q,3,5,0.01,0.09768637532133675,24.61696658097686
4663,0.11377823019955535,0.13433394050248756,0.8469805156757718,-0.45550005689394235,0.05827167837215011,2.0132164862606365,0.4550525224256924,G_overall,H_GA-0.3Q,3,10,0.0,0.04739438129959254,11.94338408749732
4663,0.09586315406830935,0.13429603127777867,0.7138197097576582,-0.474784226017425,0.040345949222363287,1.3748711247742473,0.4551398577545657,G_overall,H_GA-0.3Q,3,10,0.003,0.04739438129959254,11.94338408749732
4663,0.08391976998081205,0.13437665131658205,0.6245115439221872,-0.4872748489793123,0.028395463122505384,0.9584721663240188,0.4551980813071479,G_overall,H_GA-0.3Q,3,10,0.005,0.04739438129959254,11.94338408749732
4663,0.06600469384956606,0.13465604026299938,0.49017254421451123,-0.5138333124543968,0.010469733972718567,0.34822725378195507,0.4552854166360212,G_overall,H_GA-0.3Q,3,10,0.008,0.04739438129959254,11.94338408749732
4663,0.05406130976206875,0.13494742849550959,0.40061015141068557,-0.5385670133430555,-0.001480752127139352,-0.04875447940162123,0.4553436401886034,G_overall,H_GA-0.3Q,3,10,0.01,0.04739438129959254,11.94338408749732
4653,0.10454649475318192,0.141501103197567,0.7388387255695934,-0.538319267144038,0.04239437174982413,1.303675024561495,0.5135203350820445,G_overall,H_GA-0.3Q,3,20,0.0,0.02321083172147002,5.849129593810445
4653,0.09577280036246626,0.141516519182352,0.6767605712450969,-0.5533061867929931,0.03361159787474614,1.031245531575544,0.5135953526297455,G_overall,H_GA-0.3Q,3,20,0.003,0.02321083172147002,5.849129593810445
4653,0.08992367076865582,0.14157725930219933,0.635156177000941,-0.5630382354971231,0.027756415291360786,0.8501371328195,0.5136453643282128,G_overall,H_GA-0.3Q,3,20,0.005,0.02321083172147002,5.849129593810445
4653,0.08114997637794014,0.14174393393109008,0.5725111059595103,-0.5772577067180225,0.018973641416282792,0.5794612789389815,0.5137203818759138,G_overall,H_GA-0.3Q,3,20,0.008,0.02321083172147002,5.849129593810445
4653,0.0753008467841297,0.1419052885878939,0.5306415816736073,-0.5864907885028884,0.013118458832897441,0.3997936340569326,0.513770393574381,G_overall,H_GA-0.3Q,3,20,0.01,0.02321083172147002,5.849129593810445
4672,0.24640249733246514,0.12330196685968833,1.998366316515123,-0.20351415191924516,0.20026942030107456,9.60219539840464,0.38382037600791097,G_overall,H_GA-0.3Q,5,1,0.0,0.22131849315068494,55.772260273972606
4672,0.16274410692150623,0.12361734756118085,1.316515118082118,-0.27453198015529634,0.11644262844186833,5.261363770593972,0.38522145114414347,G_overall,H_GA-0.3Q,5,1,0.003,0.22131849315068494,55.772260273972606
4672,0.10697184664753359,0.1242648769986676,0.8608373438351415,-0.33373765116354326,0.06055810053573075,2.6246982070388434,0.38615550123496517,G_overall,H_GA-0.3Q,5,1,0.005,0.22131849315068494,55.772260273972606
4672,0.023313456236574697,0.1258785890499115,0.18520589095045223,-0.4224614648645374,-0.023268691323475494,-0.9459256426083106,0.3875565763711976,G_overall,H_GA-0.3Q,5,1,0.008,0.22131849315068494,55.772260273972606
4672,-0.03245880403739792,0.12737001548520346,-0.2548386597406722,-0.6752454348240768,-0.079153219229613,-3.081965233707995,0.388490626462019,G_overall,H_GA-0.3Q,5,1,0.01,0.22131849315068494,55.772260273972606
4668,0.13683392152719098,0.12562748315327713,1.0892037163575186,-0.27344674582559436,0.08809885587005528,3.034396708641697,0.3989615047841633,G_overall,H_GA-0.3Q,5,5,0.0,0.0856898029134533,21.59383033419023
4668,0.10444317602590561,0.1256375284503117,0.8313055606407584,-0.3094875968824916,0.055698071828689376,1.8715481322783591,0.3990436836219743,G_overall,H_GA-0.3Q,5,5,0.003,0.0856898029134533,21.59383033419023
4668,0.08284934569171538,0.12584053586645433,0.6583677121308316,-0.33326362195372206,0.0340975491344455,1.1266664016070282,0.3990984695138482,G_overall,H_GA-0.3Q,5,5,0.005,0.0856898029134533,21.59383033419023
4668,0.05045860019043004,0.12643762166238684,0.3990790045479056,-0.3676989616957138,0.0016967650930796358,0.05465280264310661,0.3991806483516591,G_overall,H_GA-0.3Q,5,5,0.008,0.0856898029134533,21.59383033419023
4668,0.0288647698562398,0.12702858942865333,0.227230499732912,-0.39074135752075323,-0.019903757601164234,-0.6301762391718734,0.399235434243533,G_overall,H_GA-0.3Q,5,5,0.01,0.0856898029134533,21.59383033419023
4663,0.14405168320220937,0.13129884938787192,1.0971282983346193,-0.3746598174765623,0.09131429713021333,3.327136975036955,0.43235041212469466,G_overall,H_GA-0.3Q,5,10,0.0,0.044606476517263564,11.240832082350419
4663,0.12719043507868372,0.13129281078249605,0.9687539959015088,-0.39681240565564946,0.0744331358546627,2.67480940026904,0.43251366366455984,G_overall,H_GA-0.3Q,5,10,0.003,0.044606476517263564,11.240832082350419
4663,0.11594960299633333,0.13139101697860336,0.8824773996171701,-0.41116084118243057,0.06317902833762892,2.248658127333836,0.43262249802447,G_overall,H_GA-0.3Q,5,10,0.005,0.044606476517263564,11.240832082350419
4663,0.0990883548728077,0.1316912167480899,0.7524294886146606,-0.4323226344923524,0.04629786706207829,1.6233478900002798,0.43278574956433513,G_overall,H_GA-0.3Q,5,10,0.008,0.044606476517263564,11.240832082350419
4663,0.08784752279045727,0.13199273600082467,0.6655481616041993,-0.4469671234499961,0.03504375954504454,1.2161408493604058,0.43289458392424524,G_overall,H_GA-0.3Q,5,10,0.01,0.044606476517263564,11.240832082350419
4653,0.13516584980098628,0.13994794560556129,0.9658294676361083,-0.3995545745471948,0.07457061518470587,2.542462389792915,0.5006568348895547,G_overall,H_GA-0.3Q,5,20,0.0,0.02149151085321298,5.415860735009671
4653,0.12704205869847182,0.13995390482404704,0.9077421516619474,-0.4067173481476417,0.06645157055585593,2.2538989019586553,0.5006176180353444,G_overall,H_GA-0.3Q,5,20,0.003,0.02149151085321298,5.415860735009671
4653,0.12162619796346215,0.1400052105645806,0.8687262243526237,-0.4114508911618685,0.06103887413662264,2.062668786133434,0.5005914734658709,G_overall,H_GA-0.3Q,5,20,0.005,0.02149151085321298,5.415860735009671
4653,0.11350240686094765,0.14015306460493013,0.8098460578146716,-0.4184892449307174,0.05291982950777269,1.7778089322149584,0.5005522566116607,G_overall,H_GA-0.3Q,5,20,0.008,0.02149151085321298,5.415860735009671
4653,0.10808654612593797,0.14029878136432422,0.7704026013259634,-0.4231404624840043,0.04750713308853937,1.5893737306580864,0.5005261120421872,G_overall,H_GA-0.3Q,5,20,0.01,0.02149151085321298,5.415860735009671
4672,0.22582267676232248,0.12240054922023105,1.8449482310410847,-0.21209055403860655,0.18056797602998464,7.456193339403316,0.37651241514613165,G_overall,H_GA-0.3Q,10,1,0.0,0.1485445205479452,37.43321917808219
4672,0.16967284799519916,0.12266483420145452,1.3832232285623327,-0.2379958507970028,0.12426931431230276,4.814015875631905,0.3777506832765417,G_overall,H_GA-0.3Q,10,1,0.003,0.1485445205479452,37.43321917808219
4672,0.13223962881711696,0.12316468030362995,1.0736814197959605,-0.26133749839557896,0.08673687316718165,3.2189154818713868,0.3785761953634817,G_overall,H_GA-0.3Q,10,1,0.005,0.1485445205479452,37.43321917808219
4672,0.07608980004999369,0.12439213057068517,0.6116930363754488,-0.31559435786084356,0.03043821144949988,1.059495032102181,0.37981446349389186,G_overall,H_GA-0.3Q,10,1,0.008,0.1485445205479452,37.43321917808219
4672,0.0386565808719115,0.12552161880773643,0.30796751379634796,-0.35820565381836544,-0.007094229695621271,-0.23673873988340816,0.38063997558083174,G_overall,H_GA-0.3Q,10,1,0.01,0.1485445205479452,37.43321917808219
4668,0.14318952974382732,0.1278062785164604,1.120363814719679,-0.28713924140912195,0.09244155807200549,3.068492083290459,0.4154398248967924,G_overall,H_GA-0.3Q,10,5,0.0,0.06812339331619537,17.16709511568123
4668,0.11743888707030546,0.1278251134988428,0.9187465894279737,-0.31649132098387145,0.06664892241025634,2.1603947738384357,0.41578359350667593,G_overall,H_GA-0.3Q,10,5,0.003,0.06812339331619537,17.16709511568123
4668,0.10027179195462421,0.12799403158571374,0.7834099036678536,-0.33540817078234075,0.0494538319690902,1.5775163006759785,0.4160127725799316,G_overall,H_GA-0.3Q,10,5,0.005,0.06812339331619537,17.16709511568123
4668,0.07452114928110236,0.12848071742684822,0.5800181597174823,-0.36284000019030294,0.023661196307341068,0.7366526416341282,0.41635654118981513,G_overall,H_GA-0.3Q,10,5,0.008,0.06812339331619537,17.16709511568123
4668,0.05735405416542114,0.12895934414334706,0.44474523770583246,-0.38964615197465124,0.006466105866174977,0.198056157342917,0.4165857202630708,G_overall,H_GA-0.3Q,10,5,0.01,0.06812339331619537,17.16709511568123
4663,0.18267685591155192,0.1290896592224806,1.4151161062151076,-0.3492084072458761,0.13125858580924119,4.38632000462514,0.42153606625713363,G_overall,H_GA-0.3Q,10,10,0.0,0.03945957538065623,9.94381299592537
4663,0.16776113641766388,0.12916053191772559,1.2988575838672347,-0.37039897967985747,0.11632400331484459,3.8270713766420448,0.4216907084692559,G_overall,H_GA-0.3Q,10,10,0.003,0.03945957538065623,9.94381299592537
4663,0.15781732342173854,0.1293001494115699,1.2205502015268122,-0.3841583600337629,0.10636761498524698,3.462531028768593,0.4217938032773374,G_overall,H_GA-0.3Q,10,10,0.005,0.03945957538065623,9.94381299592537
4663,0.14290160392785045,0.12964753236569576,1.1022315760300707,-0.40426050371258315,0.09143303249085054,2.9284685020035375,0.4219484454894596,G_overall,H_GA-0.3Q,10,10,0.008,0.03945957538065623,9.94381299592537
4663,0.13295779093192506,0.12997051856790223,1.0229842305542711,-0.41731228308798407,0.08147664416125289,2.5810537844683976,0.42205154029754105,G_overall,H_GA-0.3Q,10,10,0.01,0.03945957538065623,9.94381299592537
4653,0.17147603075093562,0.13622785291937367,1.2587442808220988,-0.39654974044012703,0.11367305072498128,3.461566034843627,0.4775863516370169,G_overall,H_GA-0.3Q,10,20,0.0,0.02192134107027724,5.524177949709864
4653,0.16318976382637085,0.1362198743267794,1.1979879194051601,-0.4055367998791447,0.10543741007013273,3.1868528935267246,0.47716806151702795,G_overall,H_GA-0.3Q,10,20,0.003,0.02192134107027724,5.524177949709864
4653,0.15766558587666096,0.136264139084204,1.1570585403928764,-0.4114610626569889,0.09994698296690036,3.005534013200634,0.4768892014370352,G_overall,H_GA-0.3Q,10,20,0.005,0.02192134107027724,5.524177949709864
4653,0.14937931895209616,0.13640481540636815,1.0951176357453016,-0.42024786126820113,0.09171134231205183,2.7364052163293238,0.4764709113170463,G_overall,H_GA-0.3Q,10,20,0.008,0.02192134107027724,5.524177949709864
4653,0.1438551410023863,0.1365480000398068,1.0535133503269865,-0.4260399485245451,0.08622091520881948,2.5589467418521448,0.4761920512370535,G_overall,H_GA-0.3Q,10,20,0.01,0.02192134107027724,5.524177949709864
4672,0.21093380358913252,0.1207313571954817,1.7471335408546755,-0.1725176055240929,0.16677812005483444,6.75755237759236,0.36736875464623064,G_overall,H_GA-0.3Q,20,1,0.0,0.10787671232876712,27.184931506849317
4672,0.17015640632885853,0.1209416078225344,1.4069302483438146,-0.19625388022593038,0.12592027519295437,4.804738656377238,0.36803806679023465,G_overall,H_GA-0.3Q,20,1,0.003,0.10787671232876712,27.184931506849317
4672,0.1429714748220092,0.12133173885711493,1.1783518160106325,-0.23713071390900975,0.09868171195170108,3.615947717832986,0.3684842748862373,G_overall,H_GA-0.3Q,20,1,0.005,0.10787671232876712,27.184931506849317
4672,0.10219407756173522,0.12228709668574468,0.8356897851974947,-0.29482829423858803,0.057823867089821,1.9940375725199868,0.3691535870302414,G_overall,H_GA-0.3Q,20,1,0.008,0.10787671232876712,27.184931506849317
4672,0.07500914605488591,0.12316630984196653,0.6090070097182372,-0.3321177209286723,0.03058530384856764,1.0132671472694943,0.3695997951262441,G_overall,H_GA-0.3Q,20,1,0.01,0.10787671232876712,27.184931506849317
4668,0.15256962032218194,0.12712914182847226,1.200115238157078,-0.2983322163337182,0.10239181461478727,3.5449507212182634,0.41077225611285095,G_overall,H_GA-0.3Q,20,5,0.0,0.048414738646101116,12.200514138817482
4668,0.13426884911395573,0.12718961956045285,1.0556588625547243,-0.3251534114825386,0.08403495319421356,2.8368712683737307,0.41123142930201306,G_overall,H_GA-0.3Q,20,5,0.003,0.048414738646101116,12.200514138817482
4668,0.12206833497513825,0.12734395888519615,0.9585718556557992,-0.34248354876288933,0.07179704558049775,2.3830734434764476,0.4115375447614545,G_overall,H_GA-0.3Q,20,5,0.005,0.048414738646101116,12.200514138817482
4668,0.103767563766912,0.12774567258631905,0.8122980737120095,-0.3676787938842927,0.053440184159924076,1.7291977256339375,0.41199671795061654,G_overall,H_GA-0.3Q,20,5,0.008,0.048414738646101116,12.200514138817482
4668,0.09156704962809453,0.12812612142160765,0.71466340050041,-0.3839570689648516,0.041202276546208234,1.3107559915769624,0.4123028334100579,G_overall,H_GA-0.3Q,20,5,0.01,0.048414738646101116,12.200514138817482
4663,0.17571714148277137,0.13093647098219052,1.3420030352480765,-0.3479154588718164,0.12227508528184301,4.234484694383412,0.4381274223891004,G_overall,H_GA-0.3Q,20,10,0.0,0.030881406819644006,7.78211451855029
4663,0.16404396970494592,0.13102385785660597,1.2520160250851227,-0.3672128002869609,0.1106251600149384,3.779602999525551,0.43793684338385014,G_overall,H_GA-0.3Q,20,10,0.003,0.030881406819644006,7.78211451855029
4663,0.15626185518639563,0.13115399770692798,1.1914379883072477,-0.3797749446232228,0.10285854317033538,3.482185579298064,0.43780979071368326,G_overall,H_GA-0.3Q,20,10,0.005,0.030881406819644006,7.78211451855029
4663,0.14458868340857017,0.1314566034126591,1.0998966933192986,-0.39817483294099887,0.0912086179034308,3.0449901836493654,0.4376192117084329,G_overall,H_GA-0.3Q,20,10,0.008,0.030881406819644006,7.78211451855029
4663,0.13680656889001994,0.13172955407054532,1.03854119795134,-0.41015203822245383,0.08344200105882778,2.759555983720153,0.43749215903826605,G_overall,H_GA-0.3Q,20,10,0.01,0.030881406819644006,7.78211451855029
4653,0.16596313786107147,0.1301204316699023,1.2754579410103497,-0.3381949853718774,0.11314058408068466,3.6651866317432855,0.436436507820144,G_overall,H_GA-0.3Q,20,20,0.0,0.020631850419084462,5.199226305609284
4653,0.15816429840265753,0.1301504684034197,1.2152418684534045,-0.35193021709621797,0.10535311337149081,3.3801680458080114,0.4363425756481304,G_overall,H_GA-0.3Q,20,20,0.003,0.020631850419084462,5.199226305609284
4653,0.15296507209704824,0.1302193873640085,1.1746720299755185,-0.3609394696140221,0.10016146623202823,3.192646878561664,0.4362799542001213,G_overall,H_GA-0.3Q,20,20,0.005,0.020631850419084462,5.199226305609284
4653,0.14516623263863432,0.13039595245740676,1.1132725357104334,-0.37423550868507194,0.0923739955228344,2.9152080748501543,0.43618602202810763,G_overall,H_GA-0.3Q,20,20,0.008,0.020631850419084462,5.199226305609284
4653,0.139967006333025,0.13056229966265756,1.0720323301187786,-0.3829563296444256,0.08718234838337184,2.7328643834977555,0.4361234005800986,G_overall,H_GA-0.3Q,20,20,0.01,0.020631850419084462,5.199226305609284
4672,0.28822511641280096,0.1290875566499311,2.232787759663238,-0.23928551405749499,0.23690458932135924,10.11669025911456,0.4269791930800158,G_overall,I_3factor,1,1,0.0,0.4511986301369863,113.70205479452055
4672,0.11767203422102007,0.1301426737824661,0.904177168034132,-0.3854576896964157,0.06626050525922574,2.670405436183609,0.42773631517860033,G_overall,I_3factor,1,1,0.003,0.4511986301369863,113.70205479452055
4672,0.003969979426499551,0.13143627372315136,0.030204595078993587,-0.5253709330003269,-0.04750221744886327,-1.8378287666822692,0.4282410632443233,G_overall,I_3factor,1,1,0.005,0.4511986301369863,113.70205479452055
4672,-0.16658310276528127,0.134227833647721,-1.241047391128104,-0.9731300771525137,-0.21814630151099668,-7.923959514997977,0.42899818534290834,G_overall,I_3factor,1,1,0.008,0.4511986301369863,113.70205479452055
4672,-0.2802851575598018,0.13662926424754918,-2.0514284337502726,-0.9965651190140432,-0.3319090242190858,-11.553516797821114,0.4295029334086312,G_overall,I_3factor,1,1,0.01,0.4511986301369863,113.70205479452055
4668,0.15146958514938383,0.1292087340597087,1.17228596233586,-0.4688299703510005,0.09954365847885745,3.7097264659821314,0.4250829574649816,G_overall,I_3factor,1,5,0.0,0.10004284490145672,25.210796915167094
4668,0.11365338977663313,0.12917329620192033,0.8798520523852944,-0.5072053449009933,0.06173631012176319,2.262226132409159,0.4250105328435818,G_overall,I_3factor,1,5,0.003,0.10004284490145672,25.210796915167094
4668,0.08844259286146608,0.1293691225177249,0.6836453022192258,-0.5312653040154331,0.03653141121703366,1.3221075165867129,0.4249622497626484,G_overall,I_3factor,1,5,0.005,0.10004284490145672,25.210796915167094
4668,0.05062639748871543,0.12999005575297215,0.38946361854728173,-0.5652116445147206,-0.0012759371400607,-0.04525401611897525,0.4248898251412486,G_overall,I_3factor,1,5,0.008,0.10004284490145672,25.210796915167094
4668,0.02541560057354833,0.13061972093395138,0.19457705461183675,-0.5864914773921088,-0.02648083604479017,-0.9257730966673652,0.4248415420603153,G_overall,I_3factor,1,5,0.01,0.10004284490145672,25.210796915167094
4663,0.12662376005311435,0.1319572406223536,0.959581751300006,-0.4438219333331135,0.0729874805567915,2.8531894913012525,0.4397196992928775,G_overall,I_3factor,1,10,0.0,0.045464293373364786,11.457001930087927
4663,0.10943825715798249,0.13190383850163018,0.8296821260181141,-0.45703026138257263,0.05579552934159116,2.159059503205828,0.4397725637605116,G_overall,I_3factor,1,10,0.003,0.045464293373364786,11.457001930087927
4663,0.09798125522789454,0.13197187178364236,0.7424404451012652,-0.4656718176138547,0.04433422853145761,1.702927743861583,0.4398078067389345,G_overall,I_3factor,1,10,0.005,0.045464293373364786,11.457001930087927
4663,0.08079575233276265,0.13222905382374084,0.6110287413873662,-0.4783927196378005,0.027142277316257273,1.0301970574379598,0.4398606712065685,G_overall,I_3factor,1,10,0.008,0.045464293373364786,11.457001930087927
4663,0.0693387504026747,0.13250346154685633,0.5232976527043779,-0.48671498386812406,0.015680976506123698,0.5901455944485567,0.4398959141849913,G_overall,I_3factor,1,10,0.01,0.045464293373364786,11.457001930087927
4653,0.1082451389999859,0.14031218423805253,0.7714592969085142,-0.5522935407203851,0.04698710206494383,1.487956915030972,0.5061331155438014,G_overall,I_3factor,1,20,0.0,0.023425746830002148,5.903288201160541
4653,0.09939020669824508,0.14026394307827375,0.7085941298739961,-0.5563277791967376,0.03816957181006332,1.2084047034947893,0.5058240881009997,G_overall,I_3factor,1,20,0.003,0.023425746830002148,5.903288201160541
4653,0.09348691849708453,0.14028316284917597,0.6664158163984089,-0.5590004059181612,0.03229121830680961,1.0218911478481159,0.5056180698057983,G_overall,I_3factor,1,20,0.005,0.023425746830002148,5.903288201160541
4653,0.08463198619534372,0.14038902111656026,0.6028390647804052,-0.5658256855297668,0.023473688051929044,0.7421536758434204,0.5053090423629966,G_overall,I_3factor,1,20,0.008,0.023425746830002148,5.903288201160541
4653,0.0787286979941832,0.1405108554303174,0.5603033143103066,-0.5770064963937351,0.01759533454867533,0.5558297518436344,0.5051030240677953,G_overall,I_3factor,1,20,0.01,0.023425746830002148,5.903288201160541
4672,0.31137326569093854,0.12690316225117834,2.453628894405642,-0.15845486186996727,0.262132359059103,12.136523107340699,0.40967705851360364,G_overall,I_3factor,3,1,0.0,0.276541095890411,69.68835616438356
4672,0.20684073144436324,0.12772439749110737,1.6194300815454172,-0.22965111735853472,0.15724799835278583,6.933144498781589,0.4126042026097094,G_overall,I_3factor,3,1,0.003,0.276541095890411,69.68835616438356
4672,0.13715237527997967,0.12875945183246654,1.065182969701001,-0.309335560176181,0.08732509121524107,3.7166896881325315,0.41455563200711343,G_overall,I_3factor,3,1,0.005,0.276541095890411,69.68835616438356
4672,0.032619841033404325,0.1310202712417907,0.2489678942368102,-0.41406028062360367,-0.01755926949107609,-0.7069131359207856,0.4174827761032195,G_overall,I_3factor,3,1,0.008,0.276541095890411,69.68835616438356
4672,-0.03706851513097924,0.13298091394873815,-0.2787506419550441,-0.7251622274409022,-0.08748217662862086,-3.389905638423103,0.4194342055006231,G_overall,I_3factor,3,1,0.01,0.276541095890411,69.68835616438356
4668,0.14562297704619676,0.13088607606196262,1.112593343979978,-0.36774886686673525,0.09250073080648939,3.325552398356077,0.43487642853324776,G_overall,I_3factor,3,5,0.0,0.09618680377035133,24.239074550128535
4668,0.10926436522100397,0.13088793366750692,0.8347932629035688,-0.40802771424144113,0.056051271806800355,1.9603672260073957,0.43562013380898074,G_overall,I_3factor,3,5,0.003,0.09618680377035133,24.239074550128535
4668,0.08502529067087546,0.13109826881248854,0.6485615061209403,-0.4340859688385821,0.031751632473674324,1.089892347265907,0.4361159373261359,G_overall,I_3factor,3,5,0.005,0.09618680377035133,24.239074550128535
4668,0.04866667884568265,0.13172541338111313,0.36945550290192153,-0.4710831962209573,-0.004697826526014692,-0.156724566871302,0.4368596426018687,G_overall,I_3factor,3,5,0.008,0.09618680377035133,24.239074550128535
4668,0.024427604295554108,0.1323489738693435,0.18456965385821075,-0.4944228649702448,-0.028997465859140748,-0.9489911441889939,0.4373554461190239,G_overall,I_3factor,3,5,0.01,0.09618680377035133,24.239074550128535
4663,0.1368457781293793,0.1351274259535693,1.0127165315529687,-0.4402006087381076,0.08089666761922472,2.630914628529784,0.4586806967272182,G_overall,I_3factor,3,10,0.0,0.04374865966116234,11.02466223461291
4663,0.12030878477745992,0.13502252864297828,0.8910274899056001,-0.4599937846392751,0.06438797048048966,2.0673296452437415,0.4584487193702991,G_overall,I_3factor,3,10,0.003,0.04374865966116234,11.02466223461291
4663,0.10928412254284703,0.1350501860869431,0.8092111955513464,-0.4728147227159373,0.05338217238799961,1.698906372422458,0.45829406779901977,G_overall,I_3factor,3,10,0.005,0.04374865966116234,11.02466223461291
4663,0.09274712919092766,0.13523793598222947,0.6858070445789325,-0.49172518333474147,0.036873475249264556,1.1576517259165282,0.4580620904421005,G_overall,I_3factor,3,10,0.008,0.04374865966116234,11.02466223461291
4663,0.08172246695631474,0.13546029638451407,0.6032946120562108,-0.5048140679945674,0.025867677156774533,0.8046044068698229,0.4579074388708212,G_overall,I_3factor,3,10,0.01,0.04374865966116234,11.02466223461291
4653,0.14497919639988505,0.13884526099314382,1.044178212226085,-0.40257682258729255,0.08546351691715706,2.8088319238835266,0.4917372117595217,G_overall,I_3factor,3,20,0.0,0.02278100150440576,5.740812379110252
4653,0.13636797783121968,0.13882790707258733,0.9822807294783934,-0.413051865159192,0.0768627274220058,2.516868246959737,0.4916510434829327,G_overall,I_3factor,3,20,0.003,0.02278100150440576,5.740812379110252
4653,0.13062716545210942,0.1388668549207485,0.9406648226220615,-0.4218712356788571,0.07112886775857159,2.322895965664327,0.49159359796520663,G_overall,I_3factor,3,20,0.005,0.02278100150440576,5.740812379110252
4653,0.12201594688344405,0.1390009674569039,0.8778064578670943,-0.4473731813915909,0.06252807826342031,2.033198730974765,0.4915074296886177,G_overall,I_3factor,3,20,0.008,0.02278100150440576,5.740812379110252
4653,0.1162751345043338,0.1391407228373374,0.8356657356183594,-0.4637666485527472,0.056794218599986096,1.8410522482479934,0.4914499841708917,G_overall,I_3factor,3,20,0.01,0.02278100150440576,5.740812379110252
4672,0.28822413707133476,0.12342837052753351,2.3351530595394174,-0.22378015852500288,0.24198028347570985,10.807231526522505,0.3847420206341373,G_overall,I_3factor,5,1,0.0,0.2170376712328767,54.69349315068493
4672,0.20618389734530734,0.12375054622933421,1.6661251495666765,-0.2662585360761266,0.15979772928428096,6.792133321681532,0.3859260559323816,G_overall,I_3factor,5,1,0.003,0.2170376712328767,54.69349315068493
4672,0.15149040419462242,0.12439601280134027,1.217807554945927,-0.3356811032504453,0.10500935982332825,4.3086738060997725,0.3867154127978781,G_overall,I_3factor,5,1,0.005,0.2170376712328767,54.69349315068493
4672,0.06945016446859502,0.12599699951321303,0.5512049075526749,-0.42780304661435964,0.02282680563189932,0.8863960707093308,0.3878994480961226,G_overall,I_3factor,5,1,0.008,0.2170376712328767,54.69349315068493
4672,0.014756671317910077,0.12747381989308695,0.11576236854192168,-0.5207670475513746,-0.03196156382905329,-1.195292997982568,0.38868880496161845,G_overall,I_3factor,5,1,0.01,0.2170376712328767,54.69349315068493
4668,0.14762142274196008,0.12929345503787432,1.1417547987925367,-0.36229696487340046,0.09599184113603619,3.348044798007272,0.42265697790970724,G_overall,I_3factor,5,5,0.0,0.08526135389888603,21.48586118251928
4668,0.11539263096818114,0.12932091175928995,0.8922967631326786,-0.3985496951684996,0.06373834174415537,2.1655556588015785,0.42285924271359443,G_overall,I_3factor,5,5,0.003,0.08526135389888603,21.48586118251928
4668,0.09390676978566187,0.1295290601257972,0.7249861127260606,-0.4215941125892907,0.04223600881623481,1.4097389549802763,0.4229940859161857,G_overall,I_3factor,5,5,0.005,0.08526135389888603,21.48586118251928
4668,0.061677978011882954,0.13012422645650634,0.47399304258303243,-0.45455593453190835,0.009982509424353978,0.32433379776363297,0.4231963507200729,G_overall,I_3factor,5,5,0.008,0.08526135389888603,21.48586118251928
4668,0.04019211682936368,0.1307076290958622,0.30749633443267804,-0.4755059446248995,-0.011519823503566586,-0.367562301317498,0.4233311939226643,G_overall,I_3factor,5,5,0.01,0.08526135389888603,21.48586118251928
4663,0.13796885566113942,0.13420906908574598,1.0280144002264955,-0.38887058472598124,0.08281871459826952,2.8917108320167033,0.45213060398396027,G_overall,I_3factor,5,10,0.0,0.042461934377010506,10.700407463006648
4663,0.12191824446662947,0.13418893075412697,0.9085566430961364,-0.4122843306468096,0.06676445927734771,2.302375133303137,0.4521604791763683,G_overall,I_3factor,5,10,0.003,0.042461934377010506,10.700407463006648
4663,0.11121783700362284,0.13427094383407,0.8283090431021634,-0.4274116884795943,0.05606162239673315,1.9166284391272848,0.45218039597130694,G_overall,I_3factor,5,10,0.005,0.042461934377010506,10.700407463006648
4663,0.09516722580911287,0.1345367723319055,0.7073696221456318,-0.4496459975942131,0.04000736707581133,1.3494329608189162,0.452210271163715,G_overall,I_3factor,5,10,0.008,0.042461934377010506,10.700407463006648
4663,0.08446681834610621,0.13480875919930982,0.6265677308195169,-0.46491811637564806,0.02930453019519678,0.9792664859809919,0.4522301879586537,G_overall,I_3factor,5,10,0.01,0.042461934377010506,10.700407463006648
4653,0.1387474661966051,0.13751475011546282,1.0089642462361836,-0.38407415219390584,0.08048625434450184,2.6687125427269547,0.48137240671507975,G_overall,I_3factor,5,20,0.0,0.02192134107027724,5.524177949709864
4653,0.1304611992720403,0.13751021508780786,0.9487382387463625,-0.3895945623157048,0.07221694104837845,2.3830128720163697,0.48123233051916897,G_overall,I_3factor,5,20,0.003,0.02192134107027724,5.524177949709864
4653,0.12493702132233044,0.13755630978372033,0.908260926152852,-0.3932518798131964,0.0667040655176295,2.193591133144435,0.4811389463885618,G_overall,I_3factor,5,20,0.005,0.02192134107027724,5.524177949709864
4653,0.11665075439776565,0.13769903024566596,0.8471428897476727,-0.3987036056313672,0.058434752221506146,1.9112581839939475,0.4809988701926512,G_overall,I_3factor,5,20,0.008,0.02192134107027724,5.524177949709864
4653,0.11112657644805576,0.13784311099393576,0.8061815759000438,-0.4023153625010396,0.05292187669075721,1.7243653223119562,0.48090548606204403,G_overall,I_3factor,5,20,0.01,0.02192134107027724,5.524177949709864
4672,0.275325322537451,0.12116020557156672,2.272407192102545,-0.12452938293883509,0.23113947848902608,9.753090053137392,0.3676196856618424,G_overall,I_3factor,10,1,0.0,0.144263698630137,36.35445205479452
4672,0.2207936444552592,0.12123266276542942,1.8212389253749897,-0.15584606661780354,0.17657111722348712,7.072425160147955,0.3679248843204077,G_overall,I_3factor,10,1,0.003,0.144263698630137,36.35445205479452
4672,0.18443919240046472,0.12160122725777239,1.5167543663805905,-0.17754429504317437,0.1401922097131278,5.418131576489912,0.3681283500927845,G_overall,I_3factor,10,1,0.005,0.144263698630137,36.35445205479452
4672,0.1299075143182729,0.12262868837162277,1.0593566321495005,-0.22539052920862512,0.08562384844758893,3.1340629394427513,0.36843354875134987,G_overall,I_3factor,10,1,0.008,0.144263698630137,36.35445205479452
4672,0.09355306226347837,0.12362393612838653,0.7567552465432035,-0.2668777799293154,0.049244940937229593,1.7380783375906077,0.3686370145237266,G_overall,I_3factor,10,1,0.01,0.144263698630137,36.35445205479452
4668,0.15383449737061541,0.12968088102591097,1.18625425855858,-0.3142376621827566,0.10163533835955087,3.5322120818849987,0.4273197285509948,G_overall,I_3factor,10,5,0.0,0.06683804627249357,16.843187660668377
4668,0.1285697158796128,0.12974657059961503,0.99092958900907,-0.34542364019916516,0.07633446826572658,2.5971460467460625,0.4276151618923304,G_overall,I_3factor,10,5,0.003,0.06683804627249357,16.843187660668377
4668,0.11172652821894447,0.12994166258634793,0.8598206764108528,-0.36544701498989074,0.05946722153651036,1.9940756012534335,0.4278121174532207,G_overall,I_3factor,10,5,0.005,0.06683804627249357,16.843187660668377
4668,0.08646174672794187,0.1304598914495566,0.6627458122742117,-0.3943749065326827,0.03416635144268614,1.1204508470610934,0.42810755079455615,G_overall,I_3factor,10,5,0.008,0.06683804627249357,16.843187660668377
4668,0.0696185590672735,0.1309543825871733,0.5316245068845256,-0.4129466911653591,0.01729910471346995,0.5588016612799112,0.4283045063554464,G_overall,I_3factor,10,5,0.01,0.06683804627249357,16.843187660668377
4663,0.17498251475267818,0.1337940516227155,1.3078497334553383,-0.3492084072458759,0.11989575282121477,4.085213271825054,0.4516110106627002,G_overall,I_3factor,10,10,0.0,0.03774394166845379,9.511473300450355
4663,0.16071530480200263,0.1338422265557119,1.200781763258435,-0.3703989796798578,0.10559949597035213,3.544915983850375,0.4518491422843485,G_overall,I_3factor,10,10,0.003,0.03774394166845379,9.511473300450355
4663,0.1512038315015523,0.13395978229530536,1.1287255690535059,-0.3841583600337617,0.09606865806977707,3.19237451144904,0.4520078966987807,G_overall,I_3factor,10,10,0.005,0.03774394166845379,9.511473300450355
4663,0.1369366215508768,0.1342638257405257,1.0199070434319104,-0.4042605037125825,0.08177240121891449,2.6753825271709437,0.45224602832042915,G_overall,I_3factor,10,10,0.008,0.03774394166845379,9.511473300450355
4663,0.12742514825042642,0.13455121235339848,0.9470382765169335,-0.41731228308798407,0.07224156331833942,2.338747380238846,0.4524047827348614,G_overall,I_3factor,10,10,0.01,0.03774394166845379,9.511473300450355
4653,0.17093378138987847,0.1370423404402093,1.2473063495617678,-0.39654974044012625,0.11339397423347833,3.4731198199987623,0.47541193484113875,G_overall,I_3factor,10,20,0.0,0.02149151085321298,5.415860735009671
4653,0.16280999028736395,0.13701916420078203,1.1882278748160306,-0.40553679987914404,0.1053154448361219,3.2061725710748568,0.4750379684361957,G_overall,I_3factor,10,20,0.003,0.02149151085321298,5.415860735009671
4653,0.1573941295523543,0.13705206453678323,1.1484258196644057,-0.41146106265698923,0.09992975857121761,3.0295132423150988,0.47478865749956695,G_overall,I_3factor,10,20,0.005,0.02149151085321298,5.415860735009671
4653,0.1492703384498398,0.13717387220380245,1.0881834568908675,-0.420247861268202,0.09185122917386114,2.7666282115429923,0.4744146910946239,G_overall,I_3factor,10,20,0.008,0.02149151085321298,5.415860735009671
4653,0.14385447771483012,0.13730328209961132,1.0477133213062308,-0.4260399485245442,0.08646554290895683,2.592853947346721,0.47416538015799514,G_overall,I_3factor,10,20,0.01,0.02149151085321298,5.415860735009671
4672,0.24087637699275352,0.1227436164012695,1.9624350663197685,-0.1655790306589967,0.1954369925375979,7.5412308492374205,0.37804895639800173,G_overall,I_3factor,20,1,0.0,0.1014554794520548,25.56678082191781
4672,0.20252620575987684,0.12280038804687185,1.6492309917015437,-0.20711419046767476,0.15706019578663505,5.744447132846073,0.3782704767695191,G_overall,I_3factor,20,1,0.003,0.1014554794520548,25.56678082191781
4672,0.17695942493795905,0.1230718209764392,1.4378549332737676,-0.23368190669129896,0.1314756646193265,4.636887380027563,0.37841815701719705,G_overall,I_3factor,20,1,0.005,0.1014554794520548,25.56678082191781
4672,0.13860925370508229,0.12382627598066397,1.1193848204457573,-0.27413260365345304,0.0930988678683637,3.1079214512326274,0.3786396773887143,G_overall,I_3factor,20,1,0.008,0.1014554794520548,25.56678082191781
4672,0.1130424728831645,0.12455751074218281,0.9075524407126853,-0.3151918308897027,0.06751433670105515,2.172941082691819,0.37878735763639226,G_overall,I_3factor,20,1,0.01,0.1014554794520548,25.56678082191781
4668,0.15678390241750823,0.12654791283948436,1.2389291842084806,-0.3134440920976267,0.10746692797845703,3.8638043221326472,0.4037252041892986,G_overall,I_3factor,20,5,0.0,0.05012853470437018,12.632390745501286
4668,0.1378353162992563,0.12658810330884063,1.0888488941411465,-0.33177200471455026,0.08851218683959401,3.1022729221150724,0.4037755912412463,G_overall,I_3factor,20,5,0.003,0.05012853470437018,12.632390745501286
4668,0.12520292555375503,0.12673332092477113,0.9879242857375723,-0.3437328312605451,0.07587569274701879,2.614202539055457,0.40380918260921156,G_overall,I_3factor,20,5,0.005,0.05012853470437018,12.632390745501286
4668,0.1062543394355031,0.12712797165531664,0.8358061412604896,-0.36129558735331846,0.05692095160815587,1.9111017221008229,0.40385956966115943,G_overall,I_3factor,20,5,0.008,0.05012853470437018,12.632390745501286
4668,0.09362194869000182,0.12750810367712173,0.7342431264374614,-0.37275645677211844,0.044284457515580564,1.461348770893301,0.40389316102912454,G_overall,I_3factor,20,5,0.01,0.05012853470437018,12.632390745501286
4663,0.17929574582852129,0.12861034228901197,1.394100525956222,-0.2980035910893831,0.12831384284228695,4.624352998882367,0.4179586515135252,G_overall,I_3factor,20,10,0.0,0.03259704053184645,8.214454214025306
4663,0.16697406450748334,0.1286786816173205,1.2976047190477913,-0.3187989797488062,0.11600962087174142,4.115829560698544,0.4178155166723223,G_overall,I_3factor,20,10,0.003,0.03259704053184645,8.214454214025306
4663,0.158759610293458,0.12880138219443274,1.2325924426323445,-0.3323359886718853,0.10780680622471114,3.7840878640480606,0.4177200934448538,G_overall,I_3factor,20,10,0.005,0.03259704053184645,8.214454214025306
4663,0.14643792897242008,0.129100704697516,1.1342922512741145,-0.35216328528508756,0.09550258425416568,3.297746846366521,0.4175769586036508,G_overall,I_3factor,20,10,0.008,0.03259704053184645,8.214454214025306
4663,0.13822347475839478,0.1293766859416171,1.0683800852710812,-0.3650693289913257,0.0872997696071354,2.9811916587574996,0.4174815353761822,G_overall,I_3factor,20,10,0.01,0.03259704053184645,8.214454214025306
4653,0.16216568794907643,0.1313622842202931,1.2344919922154092,-0.3092424056666284,0.10887230997995366,3.5379853814953024,0.44032660494766107,G_overall,I_3factor,20,20,0.0,0.018482699333763165,4.657640232108317
4653,0.155179227600914,0.13134372600951555,1.1814742303691887,-0.32153917551235445,0.10190471653652579,3.2841315112401928,0.44017072066289165,G_overall,I_3factor,20,20,0.003,0.018482699333763165,4.657640232108317
4653,0.15052158736880566,0.13137486620098854,1.1457411278236802,-0.3296251915019467,0.09725965424090718,3.116717593928535,0.4400667978063788,G_overall,I_3factor,20,20,0.005,0.018482699333763165,4.657640232108317
4653,0.14353512702064317,0.1314867831556955,1.0916315965436696,-0.3415886894933703,0.09029206079747933,2.8684440591034885,0.4399109135216095,G_overall,I_3factor,20,20,0.008,0.018482699333763165,4.657640232108317
4653,0.13887748678853487,0.1316047793120559,1.0552617276856964,-0.3494552845965576,0.08564699850186078,2.7048867609928977,0.43980699066509654,G_overall,I_3factor,20,20,0.01,0.018482699333763165,4.657640232108317
4672,0.28082550332734085,0.12633313529030687,2.222896650843175,-0.1947608169065287,0.23158367602428287,9.655882964450244,0.409684718361971,G_overall,J_D-0.3Q,1,1,0.0,0.4766695205479452,120.1207191780822
4672,0.10064442456021756,0.12734987993484856,0.7902985429723739,-0.2521827304887636,0.05145411559549549,2.05101331839142,0.4092560934086006,G_overall,J_D-0.3Q,1,1,0.003,0.4766695205479452,120.1207191780822
4672,-0.01947629461786464,0.12863567369392326,-0.1514066359554869,-0.6984946420275028,-0.06863225802369603,-2.6423513222856077,0.40897034343968697,G_overall,J_D-0.3Q,1,1,0.005,0.4766695205479452,120.1207191780822
4672,-0.19965737338498796,0.13144063139438886,-1.5189928050932298,-0.9852637589207581,-0.24876181845248335,-9.045380833577154,0.40854171848631693,G_overall,J_D-0.3Q,1,1,0.008,0.4766695205479452,120.1207191780822
4672,-0.31977809256307016,0.13386622302498336,-2.388788488515062,-0.9983331685299348,-0.368848192071675,-12.880945221293981,0.4082559685174032,G_overall,J_D-0.3Q,1,1,0.01,0.4766695205479452,120.1207191780822
4668,0.14390835835554705,0.1270891529468811,1.1323417854212612,-0.36455013133549385,0.09402358077334322,3.505334749129306,0.4083734301300832,G_overall,J_D-0.3Q,1,5,0.0,0.09640102827763496,24.29305912596401
4668,0.10746876966660104,0.12705925626254405,0.8458161398689212,-0.39861137464775287,0.057631021688570545,2.122417095252225,0.40798843010192265,G_overall,J_D-0.3Q,1,5,0.003,0.09640102827763496,24.29305912596401
4668,0.08317571054063702,0.12725517221571903,0.6536135945786167,-0.4256690814912675,0.033369315632055446,1.2174127776294514,0.407731763416482,G_overall,J_D-0.3Q,1,5,0.005,0.09640102827763496,24.29305912596401
4668,0.04673612185169101,0.12787083252799142,0.3654947803789445,-0.464036634500671,-0.003023243452717232,-0.10856560914674533,0.4073467633883214,G_overall,J_D-0.3Q,1,5,0.008,0.09640102827763496,24.29305912596401
4668,0.022443062725727,0.12849339865821607,0.1746631574858103,-0.4882098321808567,-0.027284949509232312,-0.9685064064880088,0.4070900967028808,G_overall,J_D-0.3Q,1,5,0.01,0.09640102827763496,24.29305912596401
4663,0.12016932769844475,0.13272809920920112,0.9053797079474356,-0.44193829802478035,0.06601372666162289,2.4393511856238703,0.44397718906974015,G_overall,J_D-0.3Q,1,10,0.0,0.04675101865751662,11.78125670169419
4663,0.10249744264590346,0.13273537602196012,0.7721938620865172,-0.4551814590495168,0.04834173683967716,1.77196836116928,0.44397804798783586,G_overall,J_D-0.3Q,1,10,0.003,0.04675101865751662,11.78125670169419
4663,0.09071618594420927,0.1328459636800488,0.682867461164974,-0.46384592758093157,0.03656041029171327,1.332155497397627,0.44397862059989984,G_overall,J_D-0.3Q,1,10,0.005,0.04675101865751662,11.78125670169419
4663,0.07304430089166798,0.13316992300533315,0.5485044914289148,-0.47660073874380593,0.018888420469767502,0.6815454467608468,0.4439794795179956,G_overall,J_D-0.3Q,1,10,0.008,0.04675101865751662,11.78125670169419
4663,0.061263044189973775,0.13349068436065983,0.45893123166898836,-0.4849453058834221,0.007107093921803607,0.2546436715784683,0.4439800521300597,G_overall,J_D-0.3Q,1,10,0.01,0.04675101865751662,11.78125670169419
4653,0.119848719194497,0.13364250722147605,0.8967859230288189,-0.5346174981785479,0.06457321006564372,2.0176152820426334,0.456703594310782,G_overall,J_D-0.3Q,1,20,0.0,0.023425746830002148,5.903288201160541
4653,0.11099378689275623,0.13360887246817554,0.8307366482655856,-0.5388110137201599,0.05574475885771493,1.738943510532976,0.45648479920756485,G_overall,J_D-0.3Q,1,20,0.003,0.023425746830002148,5.903288201160541
4653,0.10509049869159565,0.13364038976183681,0.7863677955360615,-0.5415891592757375,0.04985912471909572,1.553374025191959,0.45633893580542007,G_overall,J_D-0.3Q,1,20,0.005,0.023425746830002148,5.903288201160541
4653,0.09623556638985484,0.13376850014243305,0.7194187442289168,-0.5457302212457611,0.04103067351116694,1.2755446737415392,0.45612014070220297,G_overall,J_D-0.3Q,1,20,0.008,0.023425746830002148,5.903288201160541
4653,0.0903322781886943,0.13390767639095577,0.6745862569145097,-0.548473573499897,0.03514503937254774,1.0907940717078888,0.45597427730005813,G_overall,J_D-0.3Q,1,20,0.01,0.023425746830002148,5.903288201160541
4672,0.3013051721213552,0.12227942817683374,2.4640708303413423,-0.15259973945672445,0.2555934037279585,9.987542148111647,0.38031515046789,G_overall,J_D-0.3Q,3,1,0.0,0.3080051369863014,77.61729452054794
4672,0.1848792303405333,0.12321102461762577,1.5005088295815185,-0.24192359255792784,0.1388564375041541,5.191758170808744,0.38290282782077906,G_overall,J_D-0.3Q,3,1,0.003,0.3080051369863014,77.61729452054794
4672,0.10726193581998537,0.1243693194147797,0.8624469147592575,-0.3102038131637035,0.06103179335495111,2.2102724310881934,0.3846279460560383,G_overall,J_D-0.3Q,3,1,0.005,0.3080051369863014,77.61729452054794
4672,-0.009164005960836547,0.12688318506695326,-0.07222395903760548,-0.6754186940552764,-0.05570517286885337,-1.9180447984665863,0.38721562340892735,G_overall,J_D-0.3Q,3,1,0.008,0.3080051369863014,77.61729452054794
4672,-0.0867813004813845,0.12905318677358052,-0.6724460096722709,-0.8982003831099982,-0.1335298170180563,-4.440273823978254,0.38894074164418646,G_overall,J_D-0.3Q,3,1,0.01,0.3080051369863014,77.61729452054794
4668,0.1364336350286284,0.1283906232827288,1.0626448531851747,-0.3461005259389611,0.08544731948496893,3.24776389258248,0.4173909873397323,G_overall,J_D-0.3Q,3,5,0.0,0.09554413024850043,24.07712082262211
4668,0.10031795379469526,0.12843135353106902,0.7811017406308592,-0.38968072218021077,0.0492883173886163,1.82873935302996,0.41774562637071266,G_overall,J_D-0.3Q,3,5,0.003,0.09554413024850043,24.07712082262211
4668,0.07624083297207314,0.1286702746693072,0.5925287186027862,-0.41714189927958956,0.025182315991047925,0.9186356954311627,0.41798205239136604,G_overall,J_D-0.3Q,3,5,0.005,0.09554413024850043,24.07712082262211
4668,0.04012515173813998,0.1293439608236027,0.31022052736472205,-0.4560814341615096,-0.010976686105304721,-0.3899486916552448,0.41833669142234636,G_overall,J_D-0.3Q,3,5,0.008,0.09554413024850043,24.07712082262211
4668,0.016048030915517868,0.13000074619773827,0.12344568308175657,-0.4806149190406631,-0.03508268750287311,-1.2237433137984106,0.41857311744299985,G_overall,J_D-0.3Q,3,5,0.01,0.09554413024850043,24.07712082262211
4663,0.137014473893664,0.13247056488930514,1.0343012729518883,-0.3903272593661752,0.08325454961190275,2.7422236622628766,0.440733361097587,G_overall,J_D-0.3Q,3,10,0.0,0.044606476517263564,11.240832082350419
4663,0.12015322577013837,0.1324637673497936,0.9070648387407925,-0.41190025589030566,0.06640769657668952,2.162424658972117,0.4406153476193319,G_overall,J_D-0.3Q,3,10,0.003,0.044606476517263564,11.240832082350419
4663,0.10891239368778799,0.1325605648897257,0.8216047795088223,-0.4258737520483368,0.05517646121988068,1.7825646773794468,0.44053667196716206,G_overall,J_D-0.3Q,3,10,0.005,0.044606476517263564,11.240832082350419
4663,0.09205114556426235,0.13285731208941173,0.692857202336841,-0.446483543867488,0.038329608184667435,1.2232565896709644,0.44041865848890716,G_overall,J_D-0.3Q,3,10,0.008,0.044606476517263564,11.240832082350419
4663,0.08081031348191194,0.13315565210645006,0.6068860931063511,-0.46074758427275253,0.0270983728278586,0.8576046444340666,0.4403399828367372,G_overall,J_D-0.3Q,3,10,0.01,0.044606476517263564,11.240832082350419
4653,0.15357299856224793,0.13122976199141254,1.1702604365943872,-0.3684820017557012,0.10090904426559495,3.4367586897014997,0.4351261091387276,G_overall,J_D-0.3Q,3,20,0.0,0.02321083172147002,5.849129593810445
4653,0.14479930417153225,0.13123483059197674,1.1033603161475396,-0.3760305637898961,0.09212552311459973,3.123985297694921,0.4352073009144495,G_overall,J_D-0.3Q,3,20,0.003,0.02321083172147002,5.849129593810445
4653,0.13895017457772182,0.1312926278677484,1.058324270252911,-0.3810189682057298,0.08626984234726957,2.9163442656062672,0.4352614287649307,G_overall,J_D-0.3Q,3,20,0.005,0.02321083172147002,5.849129593810445
4653,0.13017648018700614,0.13146080754346393,0.9902303402781613,-0.3915753908053522,0.07748632119627435,2.6064565400404898,0.4353426205406526,G_overall,J_D-0.3Q,3,20,0.008,0.02321083172147002,5.849129593810445
4653,0.12432735059319568,0.1316270878839645,0.9445422867882342,-0.40005506907212884,0.07163064042894422,2.4010606820422566,0.4353967483911338,G_overall,J_D-0.3Q,3,20,0.01,0.02321083172147002,5.849129593810445
4672,0.29808450118709906,0.12089894243239324,2.4655674829727157,-0.19840761933768136,0.2536517089457239,10.167133718337562,0.36967425809385507,G_overall,J_D-0.3Q,5,1,0.0,0.2457191780821918,61.92123287671233
4672,0.20520265187203057,0.12126142924970885,1.6922334920650235,-0.2606992046992629,0.16069925972973573,6.227199113832328,0.3702616388250103,G_overall,J_D-0.3Q,5,1,0.003,0.2457191780821918,61.92123287671233
4672,0.14328141899531824,0.12198214696921349,1.1746097486829803,-0.3164174751894775,0.09873096025241027,3.7303869571491477,0.3706532259791137,G_overall,J_D-0.3Q,5,1,0.005,0.2457191780821918,61.92123287671233
4672,0.050399569680249744,0.12376507626716739,0.4072196390155648,-0.47593205489055446,0.005778511036422004,0.20953286227923404,0.3712406067102691,G_overall,J_D-0.3Q,5,1,0.008,0.2457191780821918,61.92123287671233
4672,-0.01152166319646259,0.12540607659444997,-0.09187483979522329,-0.7051002918807592,-0.05618978844090349,-1.9790762629049994,0.3716321938643722,G_overall,J_D-0.3Q,5,1,0.01,0.2457191780821918,61.92123287671233
4668,0.1348627868961638,0.1307852494594924,1.0311773495369163,-0.343434195643993,0.08193036580573498,3.0803839117779233,0.4333224565383221,G_overall,J_D-0.3Q,5,5,0.0,0.09040274207369323,22.781491002570693
4668,0.10069055039230775,0.1308454684242795,0.7695379259586476,-0.3853491990296082,0.04772610973383872,1.7612775816025525,0.433584579403565,G_overall,J_D-0.3Q,5,5,0.003,0.09040274207369323,22.781491002570693
4668,0.07790905938973704,0.13108339361820298,0.5943472871678701,-0.41182754151322154,0.024923272352574567,0.9076510435577925,0.4337593279803934,G_overall,J_D-0.3Q,5,5,0.005,0.09040274207369323,22.781491002570693
4668,0.043736822885881,0.13173480700773094,0.33200658109526276,-0.4494673320093905,-0.009280983719321671,-0.33096875937726467,0.43402145084563637,G_overall,J_D-0.3Q,5,5,0.008,0.09040274207369323,22.781491002570693
4668,0.02095533188331031,0.13236317827074995,0.15831692890031707,-0.4732417422073817,-0.03208382110058583,-1.1274896728743,0.4341961994224648,G_overall,J_D-0.3Q,5,5,0.01,0.09040274207369323,22.781491002570693
4663,0.1392569602709572,0.13402684660897776,1.0390228808205735,-0.3658731619354578,0.08408545497630403,2.763515785829664,0.4523057517321557,G_overall,J_D-0.3Q,5,10,0.0,0.04503538494531418,11.348917006219173
4663,0.1222335847616284,0.13402592231680005,0.9120145017372249,-0.37904745557116626,0.06710243813513594,2.1758527147973497,0.45197488423735316,G_overall,J_D-0.3Q,5,10,0.003,0.04503538494531418,11.348917006219173
4663,0.11088466775540927,0.1341263696196037,0.8267178785938195,-0.38768863168531,0.05578042690769056,1.7920481461999394,0.45175430590748483,G_overall,J_D-0.3Q,5,10,0.005,0.04503538494531418,11.348917006219173
4663,0.0938612922460805,0.1344281827215148,0.698226297089251,-0.4004412429964308,0.0387974100665225,1.2287596327136339,0.4514234384126823,G_overall,J_D-0.3Q,5,10,0.008,0.04503538494531418,11.348917006219173
4663,0.08251237523986132,0.13472962620983764,0.6124293339265309,-0.4088054913699749,0.02747539883907711,0.8617264095004432,0.4512028600828139,G_overall,J_D-0.3Q,5,10,0.01,0.04503538494531418,11.348917006219173
4653,0.16569535686698952,0.13165436729112476,1.2585633145050978,-0.33755452909019423,0.11275564049231285,3.720821281479024,0.4374045419237506,G_overall,J_D-0.3Q,5,20,0.0,0.02364066193853428,5.957446808510638
4653,0.15675918665422356,0.13165409686071505,1.1906897726097254,-0.34509910979520453,0.10382174697030666,3.4158333214152323,0.43738573119057966,G_overall,J_D-0.3Q,5,20,0.003,0.02364066193853428,5.957446808510638
4653,0.15080173984571293,0.13170914317940932,1.1449602981646945,-0.350327034523254,0.09786581795563588,3.212802881836369,0.4373731907017989,G_overall,J_D-0.3Q,5,20,0.005,0.02364066193853428,5.957446808510638
4653,0.141865569632947,0.13187441425159305,1.075762652202516,-0.3581004534349992,0.08893192443362967,2.908972210079276,0.4373543799686279,G_overall,J_D-0.3Q,5,20,0.008,0.02364066193853428,5.957446808510638
4653,0.13590812282443634,0.13203956833800243,1.0292984484509293,-0.3632374066395897,0.08297599541895889,2.70705031426654,0.43734183947984717,G_overall,J_D-0.3Q,5,20,0.01,0.02364066193853428,5.957446808510638
4672,0.2757590796736495,0.12086502542638777,2.2815457052263572,-0.17055843537562698,0.23176713905387117,9.192411720455857,0.3660064378214326,G_overall,J_D-0.3Q,10,1,0.0,0.1678082191780822,42.28767123287671
4672,0.21232757282433445,0.1209489988223512,1.755513273294633,-0.2060041645633558,0.16840361952650618,6.465943987304663,0.3654407933608025,G_overall,J_D-0.3Q,10,1,0.003,0.1678082191780822,42.28767123287671
4672,0.17003990159145774,0.12136801505675598,1.4010272929975913,-0.237960999883008,0.12616127317492942,4.7264824596638,0.3650636970537159,G_overall,J_D-0.3Q,10,1,0.005,0.1678082191780822,42.28767123287671
4672,0.1066083947421427,0.12253364200117743,0.8700336740265853,-0.31983112772280564,0.06279775364756439,2.2596665537246348,0.3644980525930858,G_overall,J_D-0.3Q,10,1,0.008,0.1678082191780822,42.28767123287671
4672,0.06432072350926597,0.12366091992646355,0.520137837786708,-0.40711048363072144,0.020555407295987725,0.7187249916462819,0.36412095628599883,G_overall,J_D-0.3Q,10,1,0.01,0.1678082191780822,42.28767123287671
4668,0.1593892207415283,0.12911852209394012,1.2344411797523889,-0.30734727175736976,0.10782607245443909,4.0311801706192325,0.4221131326005303,G_overall,J_D-0.3Q,10,5,0.0,0.06983718937446444,17.59897172236504
4668,0.13299076315798075,0.12914536704344287,1.0297757186538818,-0.339836946052686,0.08147745770488621,2.9873271926006666,0.42170510253459953,G_overall,J_D-0.3Q,10,5,0.003,0.06983718937446444,17.59897172236504
4668,0.1153917914356157,0.12932162009617085,0.8922853839118615,-0.3606712513949034,0.0639117145385176,2.311721221280221,0.4214330824906456,G_overall,J_D-0.3Q,10,5,0.005,0.06983718937446444,17.59897172236504
4668,0.08899333385206816,0.12982224435655984,0.6855014276878921,-0.39073314479514576,0.03756309978896471,1.3303227966069162,0.42102505242471466,G_overall,J_D-0.3Q,10,5,0.008,0.06983718937446444,17.59897172236504
4668,0.07139436212970311,0.1303120785201033,0.5478721768580268,-0.410008730367708,0.019997356622596107,0.6980281725761532,0.4207530323807607,G_overall,J_D-0.3Q,10,5,0.01,0.06983718937446444,17.59897172236504
4663,0.16080986223189894,0.13523771907871077,1.1890903168686597,-0.348776255009805,0.10445483705467318,3.5463712614993472,0.4620084569115417,G_overall,J_D-0.3Q,10,10,0.0,0.041604117520909284,10.484237615269139
4663,0.1450835058089952,0.13527226089231079,1.0725296143641387,-0.3718862746791334,0.0887401767861055,2.964105657336064,0.4619125697710494,G_overall,J_D-0.3Q,10,10,0.003,0.041604117520909284,10.484237615269139
4663,0.13459926819372608,0.13538810638603596,0.9941735045022299,-0.3868540736250746,0.07826373660706043,2.5853451789821773,0.4618486450107213,G_overall,J_D-0.3Q,10,10,0.005,0.041604117520909284,10.484237615269139
4663,0.11887291177082236,0.1357006256327844,0.8759938372907798,-0.4089277187730854,0.06254907633849283,2.0315729642973825,0.4617527578702291,G_overall,J_D-0.3Q,10,10,0.008,0.041604117520909284,10.484237615269139
4663,0.10838867415555324,0.1360009764978175,0.7969698229136807,-0.4242006740763655,0.05207263615944775,1.6720567277805634,0.4616888331099009,G_overall,J_D-0.3Q,10,10,0.01,0.041604117520909284,10.484237615269139
4653,0.1742564803887429,0.13742727351852657,1.2679905227491206,-0.33755452909019457,0.1165053425559835,3.7481740363890057,0.4771580151758568,G_overall,J_D-0.3Q,10,20,0.0,0.02106168063614872,5.307543520309477
4653,0.1662951651082787,0.13741350130900776,1.2101806847518097,-0.345099109795203,0.10857123513541046,3.4704930778418457,0.47693321530333344,G_overall,J_D-0.3Q,10,20,0.003,0.02106168063614872,5.307543520309477
4653,0.1609876215879692,0.13745158815159372,1.1712314404866526,-0.350327034523254,0.10328183018836182,3.2867239318001333,0.4767833487216513,G_overall,J_D-0.3Q,10,20,0.005,0.02106168063614872,5.307543520309477
4653,0.153026306307505,0.13757954237572734,1.1122751512691678,-0.35810045343499897,0.09534772276778888,3.0132834898200875,0.47655854884912796,G_overall,J_D-0.3Q,10,20,0.008,0.02106168063614872,5.307543520309477
4653,0.14771876278719553,0.13771195880101408,1.0726647422148772,-0.36323740663959003,0.09005831782074024,2.832567086491482,0.4764086822674457,G_overall,J_D-0.3Q,10,20,0.01,0.02106168063614872,5.307543520309477
4672,0.2357668904682893,0.12669729788399164,1.8608675512887851,-0.19074633751376224,0.18724166097182676,6.730674517569486,0.40372273062404496,G_overall,J_D-0.3Q,20,1,0.0,0.11301369863013698,28.479452054794518
4672,0.19304771238609747,0.1267225018966137,1.5233893704497337,-0.21705765290201007,0.1446208155891322,4.9955439645307615,0.40290461711149456,G_overall,J_D-0.3Q,20,1,0.003,0.11301369863013698,28.479452054794518
4672,0.16456826033130298,0.12698825279198842,1.2959329442926666,-0.2341426955250655,0.11620691866733586,3.901736714237688,0.40235920810312775,G_overall,J_D-0.3Q,20,1,0.005,0.11301369863013698,28.479452054794518
4672,0.12184908224911117,0.1277571944432239,0.9537551507775297,-0.2720841629021741,0.0735860732846413,2.363067864694287,0.4015410945905777,G_overall,J_D-0.3Q,20,1,0.008,0.11301369863013698,28.479452054794518
4672,0.09336963019431666,0.12851325243556805,0.7265369790646988,-0.3784856685853297,0.045172176362844964,1.4068586513999275,0.40099568558221077,G_overall,J_D-0.3Q,20,1,0.01,0.11301369863013698,28.479452054794518
4668,0.1610338553375289,0.12805140284588903,1.2575719731187525,-0.24668545460336277,0.11043518569794435,3.9573158258899532,0.41421758865589337,G_overall,J_D-0.3Q,20,5,0.0,0.05098543273350471,12.848329048843187
4668,0.1417613617642641,0.12807417581722833,1.1068692096568198,-0.2591706397924226,0.09124155299025694,3.203296375027246,0.4135720073034304,G_overall,J_D-0.3Q,20,5,0.003,0.05098543273350471,12.848329048843187
4668,0.12891303271542093,0.12820831745685285,1.0054966422814593,-0.28112331916274025,0.07844579785179862,2.7156427830787444,0.4131416197351217,G_overall,J_D-0.3Q,20,5,0.005,0.05098543273350471,12.848329048843187
4668,0.10964053914215614,0.12858722481731813,0.8526549919552331,-0.312877583179471,0.059252165144111114,2.0073858257664043,0.4124960383826586,G_overall,J_D-0.3Q,20,5,0.008,0.05098543273350471,12.848329048843187
4668,0.09679221009331293,0.12895748082411176,0.750574603929571,-0.33328918990929857,0.046456410005652794,1.5509346248243534,0.4120656508143499,G_overall,J_D-0.3Q,20,5,0.01,0.05098543273350471,12.848329048843187
4663,0.1584378350289591,0.13565046295338845,1.1679859513889073,-0.30780820259248487,0.10168477637943937,3.648217866168966,0.46527160566811415,G_overall,J_D-0.3Q,20,10,0.0,0.03345485738794767,8.430624061762813
4663,0.14579189893631492,0.13575543882389493,1.0739304458029082,-0.32221006602455626,0.0890388864454288,3.142776123627097,0.465271227251477,G_overall,J_D-0.3Q,20,10,0.003,0.03345485738794767,8.430624061762813
4663,0.1373612748745521,0.13590036436296993,1.0107498645675466,-0.33165618983977585,0.08060829315608843,2.8136643733589257,0.46527097497371883,G_overall,J_D-0.3Q,20,10,0.005,0.03345485738794767,8.430624061762813
4663,0.12471533878190788,0.13622968675860428,0.91547842287049,-0.34559640006510306,0.06796240322207792,2.3321110292058616,0.4652705965570817,G_overall,J_D-0.3Q,20,10,0.008,0.03345485738794767,8.430624061762813
4663,0.11628471472014507,0.13652343773545628,0.851756421087725,-0.3547393532515787,0.05953180993273754,2.0192925127779504,0.46527034427932346,G_overall,J_D-0.3Q,20,10,0.01,0.03345485738794767,8.430624061762813
4653,0.166633907636537,0.13674014092650436,1.2186173460659226,-0.30730724611047555,0.10971991858709053,3.732624121541166,0.4702412293454328,G_overall,J_D-0.3Q,20,20,0.0,0.018052869116698903,4.549323017408123
4653,0.15980992311042477,0.13672052614555047,1.168880252408433,-0.31352038385399394,0.10291316228002476,3.473263667446338,0.47009888439581443,G_overall,J_D-0.3Q,20,20,0.003,0.018052869116698903,4.549323017408123
4653,0.15526060009301668,0.1367482970382304,1.1353750171353931,-0.3176366197385666,0.09837532474198098,3.302045635161436,0.47000398776273533,G_overall,J_D-0.3Q,20,20,0.005,0.018052869116698903,4.549323017408123
4653,0.14843661556690446,0.13685117476280598,1.0846572258088298,-0.3237723964256155,0.09156856843491523,3.0478957904014976,0.46986164281311693,G_overall,J_D-0.3Q,20,20,0.008,0.018052869116698903,4.549323017408123
4653,0.14388729254949634,0.13696050263521992,1.0505750912197311,-0.3278373162907776,0.08703073089687141,2.8803240392580385,0.469766746180038,G_overall,J_D-0.3Q,20,20,0.01,0.018052869116698903,4.549323017408123
